text_id	word_id	word	context_limited_surprisal_context_1	context_limited_surprisal_context_2	context_limited_surprisal_context_3	context_limited_surprisal_context_4
0	0	If	4.654428482055664	4.654428482055664	4.654428482055664	4.654428482055664
0	1	you	0.563559889793396	0.563559889793396	0.563559889793396	0.563559889793396
0	2	were	4.726069450378418	4.062624454498291	4.062623977661133	4.062624454498291
0	3	to	4.896989822387695	3.0253591537475586	1.2189010381698608	1.2189010381698608
0	4	journey	12.266911506652832	10.492526054382324	9.655238151550293	10.045479774475098
0	5	to	0.8682733774185181	1.303487777709961	1.2917680740356445	1.468010663986206
0	6	the	2.496473789215088	1.6406625509262085	1.2276402711868286	1.3341317176818848
0	7	North	6.987751007080078	7.120140075683594	4.956123352050781	4.86362361907959
0	8	of	6.953338623046875	4.549567699432373	3.5665712356567383	4.787530899047852
0	9	England,	9.677129745483398	6.585206985473633	3.092972755432129	4.190204620361328
0	10	you	5.773480415344238	6.368521213531494	6.024365425109863	6.002495765686035
0	11	would	4.453758239746094	3.2888123989105225	3.2328269481658936	3.3578357696533203
0	12	come	4.547993183135986	6.444547653198242	6.106756210327148	6.133653163909912
0	13	to	1.6303846836090088	1.5810801982879639	1.5497947931289673	1.45389986038208
0	14	a	4.360486030578613	3.0375711917877197	2.7404472827911377	3.1863632202148438
0	15	valley	11.294169425964355	10.631561279296875	9.685300827026367	9.797863006591797
0	16	that	4.250979423522949	3.062640428543091	3.017150402069092	3.072929859161377
0	17	is	2.642530679702759	2.331407308578491	2.435715913772583	2.305699348449707
0	18	surrounded	9.441235542297363	8.821657180786133	5.505680084228516	4.341956615447998
0	19	by	0.2578466236591339	0.07499013096094131	0.11237938702106476	0.08620522916316986
0	20	moors	17.580121994018555	12.79848575592041	12.446375846862793	12.61754035949707
0	21	as	5.2564311027526855	4.7684431076049805	4.539675712585449	4.494655609130859
0	22	high	7.207898139953613	6.468523025512695	6.70483922958374	6.19832181930542
0	23	as	5.3808698654174805	0.0836789533495903	0.10262391716241837	0.12360700219869614
0	24	mountains.	15.84262466430664	13.125205039978027	13.829500198364258	9.623578071594238
0	25	It	3.3811802864074707	3.192943572998047	3.1512508392333984	3.091498851776123
0	26	is	1.2172108888626099	1.410494089126587	1.174562931060791	1.1538029909133911
0	27	in	4.742395401000977	5.025702953338623	4.554163932800293	4.529452800750732
0	28	this	3.924107313156128	4.36897087097168	1.7714985609054565	1.6603052616119385
0	29	valley	12.708532333374023	9.775452613830566	8.707801818847656	10.139006614685059
0	30	where	5.585785865783691	4.559916019439697	4.371908187866211	3.318089008331299
0	31	you	1.9200860261917114	3.864657402038574	3.430398464202881	3.5581178665161133
0	32	would	4.453758239746094	3.926081895828247	3.6471047401428223	3.954817533493042
0	33	find	5.055698871612549	4.475200653076172	3.2096006870269775	2.619786024093628
0	34	the	2.083200693130493	2.6537864208221436	3.029285192489624	1.8248088359832764
0	35	city	5.616471290588379	7.605469226837158	6.585541725158691	7.09837532043457
0	36	of	1.178138256072998	1.4374451637268066	1.9997103214263916	2.453134536743164
0	37	Bradford,	13.59199047088623	8.56486988067627	8.763815879821777	9.892608642578125
0	38	where	6.102715969085693	4.133017063140869	3.219400405883789	3.1607446670532227
0	39	once	9.571234703063965	7.943262577056885	8.12232780456543	8.516100883483887
0	40	a	3.33064341545105	3.2364342212677	2.348710060119629	2.3710625171661377
0	41	thousand	7.816890716552734	8.56657600402832	5.90250825881958	5.066998481750488
0	42	spinning	14.546926498413086	11.219982147216797	12.371546745300293	11.308599472045898
0	43	jennies	17.66423797607422	11.34357738494873	12.381000518798828	12.08927059173584
0	44	that	3.812959909439087	3.5765490531921387	3.0696418285369873	3.605828046798706
0	45	hummed	15.25080680847168	13.779433250427246	13.022470474243164	12.118467330932617
0	46	and	1.8739033937454224	1.9711843729019165	1.9123650789260864	1.9943734407424927
0	47	clattered	16.198911666870117	6.844936370849609	6.349599838256836	7.4602484703063965
0	48	spun	14.885198593139648	14.382328987121582	14.679975509643555	14.156999588012695
0	49	wool	13.410909652709961	7.413787364959717	6.782924652099609	6.116573333740234
0	50	into	5.163129806518555	4.757863998413086	3.30566668510437	3.627542018890381
0	51	money	9.474754333496094	8.918327331542969	8.86052131652832	9.989235877990723
0	52	for	2.485522747039795	2.8156139850616455	2.6355233192443848	2.6245832443237305
0	53	the	1.2972720861434937	1.9349262714385986	1.8171616792678833	1.5817654132843018
0	54	long-bearded	17.727996826171875	17.645206451416016	20.44158363342285	21.590574264526367
0	55	mill	11.674745559692383	11.626867294311523	11.35899543762207	11.259868621826172
0	56	owners.	10.091754913330078	8.84063720703125	9.014843940734863	8.272310256958008
0	57	That	4.619230270385742	4.577336311340332	5.31517219543457	5.288830757141113
0	58	all	6.839692115783691	6.667583465576172	6.846813201904297	5.983994960784912
0	59	mill	14.664410591125488	15.375040054321289	16.03360366821289	13.900298118591309
0	60	owners	7.631490707397461	5.0529608726501465	4.198602676391602	2.9794321060180664
0	61	were	3.232330560684204	3.7311415672302246	3.721759080886841	4.244640350341797
0	62	generally	7.091120719909668	6.643580913543701	6.938963890075684	7.143625259399414
0	63	busy	9.735578536987305	8.746051788330078	7.379551887512207	7.883355617523193
0	64	as	4.367105484008789	4.428667068481445	4.341397762298584	4.511695861816406
0	65	beavers	17.808517456054688	14.142126083374023	11.398207664489746	10.503215789794922
0	66	and	1.9598394632339478	1.9380817413330078	2.149092674255371	1.7233234643936157
0	67	quite	9.127058029174805	9.52166748046875	10.0061616897583	9.317777633666992
0	68	pleased	7.767186641693115	7.425158977508545	7.678156852722168	7.84702730178833
0	69	with	1.5450520515441895	0.5442543625831604	0.5929832458496094	0.5260271430015564
0	70	themselves	10.474536895751953	7.2015790939331055	6.342464447021484	5.738987445831299
0	71	for	3.7241101264953613	3.4966049194335938	1.9599401950836182	1.6901475191116333
0	72	being	6.907464981079102	5.070384979248047	4.344871520996094	2.9349639415740967
0	73	so	6.148963451385498	2.8304479122161865	2.9240026473999023	2.2043328285217285
0	74	successful	8.760913848876953	5.544746398925781	5.93675422668457	6.806735038757324
0	75	and	2.8077850341796875	3.0802676677703857	2.9690518379211426	2.314415693283081
0	76	well	7.9801740646362305	5.370815753936768	5.183340549468994	5.470983505249023
0	77	off	8.066967010498047	7.103490352630615	8.549155235290527	8.029520988464355
0	78	was	7.8878679275512695	6.875401496887207	6.617302894592285	6.755932807922363
0	79	known	5.628084659576416	7.856407165527344	7.238641738891602	6.795251846313477
0	80	to	2.217758893966675	1.3576321601867676	1.4162386655807495	1.4411094188690186
0	81	the	2.496473789215088	2.9520046710968018	3.3324692249298096	2.1304142475128174
0	82	residents	9.639957427978516	8.593631744384766	7.155004501342773	6.499022960662842
0	83	of	1.611789345741272	0.6735891699790955	0.43496742844581604	0.37995660305023193
0	84	Bradford,	13.591989517211914	10.211493492126465	10.06679916381836	9.557562828063965
0	85	and	3.561655282974243	2.936035633087158	3.4521312713623047	3.3627970218658447
0	86	if	6.894906997680664	6.943564414978027	6.041604995727539	5.85316276550293
0	87	you	0.9275921583175659	1.5497958660125732	1.9754986763000488	2.128934860229492
0	88	were	4.726069450378418	3.7524003982543945	4.1281208992004395	3.6487603187561035
0	89	to	4.896989822387695	3.0253591537475586	1.5420547723770142	1.357335090637207
0	90	go	4.874555587768555	3.818739414215088	3.648172378540039	3.9149112701416016
0	91	into	2.2776215076446533	3.2182016372680664	2.8316187858581543	2.5084195137023926
0	92	the	0.7223832607269287	1.6290125846862793	1.5887467861175537	1.6345901489257812
0	93	city	5.616471290588379	5.711668491363525	5.774677276611328	5.52288293838501
0	94	to	2.8799827098846436	3.2515718936920166	2.6684417724609375	2.5250885486602783
0	95	visit	7.300182342529297	7.153239727020264	7.299630165100098	4.709044456481934
0	96	the	1.2394744157791138	1.5426830053329468	1.8130937814712524	1.6816500425338745
0	97	stately	13.040225982666016	12.637712478637695	13.359804153442383	11.978325843811035
0	98	City	9.28102970123291	8.615596771240234	7.4972243309021	7.657889366149902
0	99	Hall,	7.217301368713379	2.183382272720337	2.21724009513855	2.4194276332855225
0	100	you	5.8999104499816895	6.261726379394531	5.775365829467773	5.488921642303467
0	101	would	4.453758239746094	3.9448914527893066	3.756787061691284	2.924119234085083
0	102	see	4.807624340057373	4.421659469604492	2.832805871963501	2.5537590980529785
0	103	there	6.441995620727539	6.880860328674316	5.832716941833496	6.00159215927124
0	104	the	8.149019241333008	6.143651962280273	6.635006427764893	5.284948348999023
0	105	Crest	14.15827465057373	14.149686813354492	14.340083122253418	14.693263053894043
0	106	of	1.162514567375183	1.0116887092590332	1.1651674509048462	0.9460910558700562
0	107	the	0.8314511775970459	2.0338685512542725	1.6272093057632446	1.782099962234497
0	108	City	7.176911354064941	7.3276848793029785	6.4248433113098145	6.851476192474365
0	109	of	1.3161356449127197	0.4836404621601105	0.45577460527420044	0.935230553150177
0	110	Bradford,	13.591989517211914	9.577022552490234	9.802664756774902	9.731365203857422
0	111	which	4.807157039642334	3.9936559200286865	3.610006093978882	3.3929696083068848
0	112	those	8.554474830627441	9.640010833740234	9.54726505279541	9.976980209350586
0	113	same	6.4719438552856445	5.210082054138184	5.23715877532959	5.218723297119141
0	114	mill	13.749025344848633	12.215850830078125	12.116957664489746	11.402358055114746
0	115	owners	7.631490707397461	7.675125598907471	3.7525758743286133	2.413198709487915
0	116	created	8.68018913269043	8.473226547241211	8.526926040649414	8.0999174118042
0	117	to	3.1407406330108643	5.4264631271362305	5.116391181945801	4.532445907592773
0	118	celebrate	7.5914716720581055	5.650533676147461	6.246140480041504	6.830431938171387
0	119	their	3.4490740299224854	3.1541073322296143	3.903876781463623	2.1851203441619873
0	120	achievements.	10.849485397338867	7.454486846923828	6.423399925231934	6.140275955200195
0	121	It	3.9176933765411377	3.5362954139709473	3.5796990394592285	3.616436719894409
0	122	shows	6.599912166595459	5.580861568450928	5.119296073913574	5.495600700378418
0	123	a	3.128743886947632	2.6373443603515625	3.066845655441284	3.175987720489502
0	124	sinister	10.535737991333008	9.667802810668945	9.434747695922852	9.879107475280762
0	125	looking	8.964956283569336	5.918082237243652	5.478094100952148	4.489133834838867
0	126	boar's	23.134489059448242	12.402777671813965	12.987536430358887	13.17283821105957
0	127	head	2.616777181625366	2.2114861011505127	1.194148063659668	0.830450713634491
0	128	sitting	11.239891052246094	7.8207902908325195	7.961084365844727	5.725119113922119
0	129	on	0.7753162384033203	0.867912232875824	0.6607757210731506	0.7346893548965454
0	130	top	6.77224063873291	3.2718281745910645	2.9601359367370605	2.5693907737731934
0	131	of	0.36658501625061035	0.0710737556219101	0.06552957743406296	0.08341532945632935
0	132	a	3.074387788772583	3.248443126678467	2.7960879802703857	2.0726242065429688
0	133	well	7.913275241851807	8.079936981201172	7.364218711853027	7.434405326843262
0	134	which	10.467400550842285	6.9442548751831055	7.0581841468811035	5.685394287109375
0	135	seems	5.8460693359375	5.627113342285156	6.17353630065918	6.362597942352295
0	136	puzzling	12.695566177368164	9.589241981506348	9.650261878967285	12.252335548400879
0	137	at	3.567479133605957	3.983358144760132	2.888596773147583	2.611985206604004
0	138	first,	7.3000383377075195	3.53212833404541	1.7328975200653076	1.6483432054519653
0	139	but	3.204699993133545	1.2755825519561768	0.7813060283660889	0.8907152414321899
0	140	the	2.6426098346710205	2.779813528060913	3.1379683017730713	3.2218871116638184
0	141	reason	6.954505443572998	6.315028190612793	5.830871105194092	6.761166095733643
0	142	for	1.6987920999526978	1.6652941703796387	2.05055832862854	2.2739593982696533
0	143	this	4.0374555587768555	2.31213641166687	2.2679226398468018	1.5639872550964355
0	144	symbol	9.34646987915039	9.60185718536377	10.677364349365234	10.543756484985352
0	145	is	3.2323052883148193	1.8510010242462158	1.7312333583831787	0.8465102910995483
0	146	a	1.9627187252044678	2.192218780517578	2.873621702194214	2.894771099090576
0	147	matter	7.515419960021973	5.998000144958496	7.528447151184082	7.264200687408447
0	148	of	0.6587250828742981	0.05306864529848099	0.13516227900981903	0.055469490587711334
0	149	legend.	13.639266967773438	11.110882759094238	11.477707862854004	10.39760684967041
0	150	There	4.725176811218262	4.622065544128418	4.212549686431885	4.362752914428711
0	151	was	2.6127610206604004	2.006321430206299	1.9801652431488037	1.8878129720687866
0	152	once,	11.771785736083984	10.123102188110352	9.591602325439453	8.988777160644531
0	153	legend	12.389095306396484	11.350111961364746	10.421634674072266	8.997940063476562
0	154	has	3.92459774017334	0.5466787815093994	0.5171994566917419	0.5777398943901062
0	155	it,	9.869916915893555	5.257501602172852	0.7875269055366516	0.2623862624168396
0	156	a	5.215492248535156	4.4429473876953125	2.98429274559021	3.088202714920044
0	157	fearsome	11.074224472045898	10.203990936279297	10.594940185546875	9.30609130859375
0	158	boar,	14.802916526794434	10.459145545959473	10.325603485107422	10.267274856567383
0	159	which	3.4326372146606445	3.2818799018859863	3.1327083110809326	3.266688823699951
0	160	lived	9.260568618774414	6.098907947540283	5.3480377197265625	6.028618335723877
0	161	in	0.6389291882514954	1.0681374073028564	0.9587318897247314	1.0042047500610352
0	162	a	2.58301043510437	2.249769687652588	2.2953617572784424	2.063490390777588
0	163	wood	10.398543357849121	9.510671615600586	7.989303112030029	6.729216575622559
0	164	located	10.914587020874023	8.83854866027832	8.095340728759766	7.143019676208496
0	165	just	9.946015357971191	4.892287254333496	4.464313983917236	4.353035926818848
0	166	outside	7.941455364227295	1.640028476715088	1.5734953880310059	1.231399416923523
0	167	the	1.185901165008545	1.283701777458191	1.4046642780303955	1.012589693069458
0	168	manor	13.848191261291504	9.987995147705078	10.020614624023438	10.771553039550781
0	169	of	2.628972053527832	2.4554667472839355	3.0739927291870117	2.3869881629943848
0	170	Bradford.	14.798514366149902	11.344428062438965	11.572347640991211	11.437371253967285
0	171	A	4.352054595947266	4.016870498657227	4.090334892272949	4.0593647956848145
0	172	source	6.733685493469238	6.1558027267456055	6.410630226135254	7.389568328857422
0	173	of	0.3897148668766022	3.4322149753570557	5.565508842468262	4.50222110748291
0	174	great	7.752995491027832	6.319567680358887	4.126564979553223	3.829667091369629
0	175	trouble	8.087684631347656	8.19381332397461	7.833056449890137	6.544663429260254
0	176	to	1.9932456016540527	1.6042976379394531	1.30264151096344	1.0405523777008057
0	177	the	2.496473789215088	4.467267990112305	2.640500545501709	2.09847354888916
0	178	local	6.903984069824219	6.28417444229126	5.880191802978516	6.285776138305664
0	179	folk	10.678143501281738	9.599379539489746	10.279754638671875	9.870976448059082
0	180	the	6.914855480194092	6.5183916091918945	6.628634452819824	6.499027729034424
0	181	boar	14.771283149719238	11.440248489379883	12.504179000854492	11.841205596923828
0	182	was,	10.258270263671875	8.495416641235352	6.874411582946777	7.8426032066345215
0	183	bringing	9.17962646484375	9.403409957885742	9.131429672241211	8.636348724365234
0	184	terror	10.800553321838379	8.762877464294434	8.096253395080566	8.089956283569336
0	185	to	4.807817459106445	0.6166583299636841	0.5200697183609009	0.5123417973518372
0	186	the	2.496473789215088	2.852341890335083	2.075270891189575	1.5001696348190308
0	187	peaceful	11.544571876525879	10.284784317016602	8.020247459411621	7.017951965332031
0	188	flocks	13.543628692626953	12.514754295349121	12.916332244873047	10.71630859375
0	189	and	2.628363609313965	2.5192928314208984	2.7316246032714844	2.479750633239746
0	190	ravaging	14.308147430419922	10.653740882873535	10.913591384887695	12.524239540100098
0	191	the	1.6173728704452515	1.9592876434326172	1.5791107416152954	3.3901658058166504
0	192	countryside	11.031379699707031	4.914534568786621	4.522465705871582	2.380033493041992
0	193	around.	10.667098999023438	9.763471603393555	10.587311744689941	9.300519943237305
0	194	Even	5.5002760887146	5.541339874267578	5.435112953186035	5.180107116699219
0	195	worse,	5.4786529541015625	5.192289352416992	5.8265461921691895	5.623199462890625
0	196	however,	5.942529678344727	6.276366233825684	6.046786785125732	5.845839977264404
0	197	the	2.8123996257781982	2.9097628593444824	2.588528633117676	2.959968328475952
0	198	boar	14.771283149719238	13.722593307495117	13.892541885375977	14.474682807922363
0	199	most	9.572479248046875	9.061556816101074	8.72360610961914	8.806971549987793
0	200	liked	10.264628410339355	8.065781593322754	8.135588645935059	7.938662528991699
0	201	to	1.9427168369293213	4.357391357421875	1.8433233499526978	1.3724796772003174
0	202	go	4.874555587768555	4.34556245803833	4.622570991516113	4.501513957977295
0	203	to	1.343213677406311	1.7103185653686523	1.6763933897018433	1.8196102380752563
0	204	the	2.496473789215088	1.6662577390670776	1.5593972206115723	1.3859694004058838
0	205	well	10.0409574508667	9.010818481445312	8.427712440490723	8.50394344329834
0	206	that	5.993645668029785	3.809000015258789	3.6851630210876465	4.210301399230957
0	207	was	3.443213701248169	4.965285778045654	3.1220264434814453	3.0377767086029053
0	208	in	4.512002944946289	4.4459547996521	4.334135055541992	4.517242431640625
0	209	the	0.8811151385307312	1.5396602153778076	1.4704504013061523	1.4551427364349365
0	210	wood	9.733165740966797	9.439212799072266	9.265029907226562	9.116191864013672
0	211	and	1.3936315774917603	2.3402881622314453	2.403395175933838	2.3131966590881348
0	212	drink	9.448634147644043	9.341556549072266	8.247299194335938	8.587862014770508
0	213	its	7.387855529785156	6.130494117736816	5.089084625244141	4.148046493530273
0	214	fresh	10.526972770690918	6.725244522094727	7.389630317687988	6.971035957336426
0	215	water,	4.692099094390869	6.395362854003906	5.144969940185547	4.333652973175049
0	216	so	4.127350330352783	4.175711631774902	4.464034557342529	4.374794006347656
0	217	that	2.5957741737365723	2.5104141235351562	2.0223731994628906	1.9383611679077148
0	218	the	2.4105913639068604	1.981296181678772	1.789708137512207	1.457634449005127
0	219	people	6.711822986602783	5.843356132507324	6.000726699829102	6.3090314865112305
0	220	of	3.9872522354125977	1.7213867902755737	1.4128841161727905	1.5691606998443604
0	221	Bradford	12.470582962036133	10.09112548828125	9.236993789672852	8.76087760925293
0	222	had	4.212069034576416	4.727113246917725	4.77675199508667	4.589829921722412
0	223	second	9.897331237792969	9.406249046325684	9.919966697692871	9.986974716186523
0	224	thoughts	11.314068794250488	0.6249591112136841	1.2622010707855225	0.8534326553344727
0	225	about	2.652475118637085	1.8970338106155396	0.8940436840057373	0.7320277094841003
0	226	visiting	10.135680198669434	9.186054229736328	9.091268539428711	6.886397361755371
0	227	the	1.1783720254898071	1.4586836099624634	1.734342336654663	1.878227949142456
0	228	well.	12.121957778930664	10.929349899291992	10.649650573730469	10.576091766357422
0	229	That	4.872668266296387	5.135960578918457	5.294537544250488	5.336513042449951
0	230	the	5.4107818603515625	5.15608024597168	5.011283874511719	5.3329081535339355
0	231	people	6.711822986602783	5.494100570678711	5.453968048095703	5.632871150970459
0	232	of	3.9872522354125977	1.7213867902755737	1.2532187700271606	1.6678566932678223
0	233	Bradford	12.470582962036133	10.09112548828125	9.236993789672852	9.011853218078613
0	234	bore	12.617162704467773	9.903301239013672	8.787203788757324	9.005120277404785
0	235	the	1.1913405656814575	1.953621745109558	1.7282154560089111	2.257356643676758
0	236	brunt	10.835741996765137	3.593400001525879	1.7532085180282593	2.5742244720458984
0	237	of	0.004128621891140938	0.028100401163101196	0.012747346423566341	0.025163481011986732
0	238	the	0.8314511775970459	1.0763680934906006	1.129690170288086	0.9408461451530457
0	239	beast's	13.312056541442871	11.987614631652832	10.847879409790039	9.955575942993164
0	240	ferocity	9.725753784179688	9.914493560791016	10.120070457458496	9.802226066589355
0	241	was	4.52224063873291	3.198601007461548	3.2354509830474854	3.1232292652130127
0	242	unfair	11.064230918884277	11.004385948181152	10.89387321472168	10.96764087677002
0	243	in	5.688042640686035	4.122740745544434	3.4959821701049805	3.9143881797790527
0	244	the	0.8811151385307312	1.9521411657333374	2.3730852603912354	1.7475662231445312
0	245	eyes	8.415994644165039	6.4423089027404785	2.717578172683716	4.119865894317627
0	246	of	1.6619161367416382	0.6420333385467529	0.05281908065080643	0.002445068210363388
0	247	the	0.8314511775970459	1.1656341552734375	1.1462985277175903	0.937630295753479
0	248	people	6.711822986602783	5.686506271362305	3.9771227836608887	3.836993455886841
0	249	of	3.9872522354125977	1.7213867902755737	2.499155044555664	1.6123318672180176
0	250	the	0.8314511775970459	1.7888593673706055	1.8753005266189575	1.5603837966918945
0	251	region.	8.927228927612305	9.168943405151367	6.493503570556641	7.093075275421143
0	252	Eventually,	8.738335609436035	8.482159614562988	8.53950309753418	8.762234687805176
0	253	the	1.9150137901306152	1.7810802459716797	1.6554839611053467	1.6182411909103394
0	254	issue	6.767518997192383	6.962198734283447	7.1206512451171875	6.9640212059021
0	255	reached	11.275350570678711	9.138131141662598	5.475329399108887	4.62631368637085
0	256	the	1.0506155490875244	1.5583795309066772	1.0888125896453857	0.7787849307060242
0	257	ears	10.638168334960938	9.222362518310547	5.313715934753418	7.122532844543457
0	258	of	1.3140006065368652	0.720276951789856	0.05600357800722122	0.032110296189785004
0	259	the	0.8314511775970459	1.395991325378418	1.3121346235275269	1.5789315700531006
0	260	kindly	15.175626754760742	13.72831916809082	11.099040985107422	11.229057312011719
0	261	Lord	13.363408088684082	6.456825256347656	6.4320173263549805	6.530571460723877
0	262	of	0.8256976008415222	2.017080307006836	1.7276047468185425	1.988093376159668
0	263	the	0.8314511775970459	0.7125571370124817	0.8701132535934448	1.0055418014526367
0	264	Manor	13.608880043029785	12.202245712280273	7.286388874053955	5.5983381271362305
0	265	who	7.262235641479492	6.259389877319336	6.0312395095825195	4.057448387145996
0	266	the	7.848516941070557	6.408061504364014	6.529189109802246	6.505230903625488
0	267	people	6.711822986602783	4.80953311920166	5.296429634094238	5.461726188659668
0	268	had	4.882491111755371	5.771651268005371	4.393072605133057	3.481471300125122
0	269	often	7.888535976409912	8.365226745605469	7.883512496948242	7.700599670410156
0	270	asked	6.145532608032227	4.403183937072754	3.8789138793945312	4.326986312866211
0	271	for	2.1075479984283447	2.8582961559295654	2.5837440490722656	2.9300923347473145
0	272	help.	9.859947204589844	5.257933616638184	4.966383934020996	5.170068740844727
0	273	The	2.950709342956543	2.778120279312134	2.5758309364318848	2.8761308193206787
0	274	Lord	7.322102069854736	7.872128009796143	8.006771087646484	8.042881965637207
0	275	saw	9.072016716003418	5.9876556396484375	5.784145832061768	5.341907501220703
0	276	the	1.3758612871170044	1.5310261249542236	2.347412109375	2.949744462966919
0	277	severity	10.617466926574707	8.8888521194458	10.92318344116211	10.367887496948242
0	278	of	0.13277806341648102	0.11310482770204544	0.08997315913438797	0.09917694330215454
0	279	the	0.8314511775970459	1.3907662630081177	0.9084293246269226	0.5645942687988281
0	280	problem	6.8104166984558105	7.075004577636719	4.8276448249816895	4.1013994216918945
0	281	the	6.431469917297363	5.697742462158203	5.656228065490723	6.544468879699707
0	282	people	6.711822986602783	5.509253025054932	5.703106880187988	5.690959930419922
0	283	faced	9.655410766601562	10.23250961303711	8.552963256835938	6.675484657287598
0	284	and	5.379823684692383	5.0793585777282715	5.13164758682251	3.337094783782959
0	285	suggested	9.413901329040527	8.562414169311523	9.885333061218262	9.920429229736328
0	286	a	4.703492164611816	3.089686393737793	3.6104917526245117	3.3083338737487793
0	287	contest	9.31103801727295	9.282047271728516	8.292259216308594	8.175987243652344
0	288	could	6.713132381439209	7.204155921936035	4.778814792633057	6.4175190925598145
0	289	solve	8.135268211364746	8.874019622802734	8.077138900756836	7.791513919830322
0	290	the	0.7790108919143677	1.169140100479126	1.3121188879013062	1.5067516565322876
0	291	problem.	8.459494590759277	3.1584181785583496	2.705967664718628	3.2626137733459473
0	292	He	4.204211235046387	3.9302637577056885	4.276447296142578	3.8114840984344482
0	293	said	2.2598280906677246	2.8233189582824707	2.429568290710449	2.8874948024749756
0	294	that	1.3828471899032593	1.958579421043396	1.8188562393188477	1.857427954673767
0	295	whoever	11.921557426452637	8.675806045532227	8.04924201965332	8.240904808044434
0	296	could	4.3632965087890625	5.638186454772949	5.485015869140625	5.111450672149658
0	297	kill	6.2177228927612305	6.436915397644043	5.3553948402404785	5.1070637702941895
0	298	the	1.1793138980865479	2.533264636993408	2.760359764099121	2.0447535514831543
0	299	boar	14.771283149719238	9.56873893737793	10.402740478515625	10.199850082397461
0	300	and	2.9679198265075684	2.9495902061462402	1.8761361837387085	2.271101713180542
0	301	bring	8.005651473999023	8.102218627929688	6.837407112121582	3.84309458732605
0	302	as	7.2176737785339355	6.807915210723877	6.9894328117370605	7.481291770935059
0	303	proof	10.015453338623047	8.137228965759277	10.116894721984863	9.36295223236084
0	304	its	10.128057479858398	7.665874004364014	6.370774745941162	6.136940956115723
0	305	head	6.0168657302856445	8.97862434387207	8.111324310302734	9.087167739868164
0	306	to	2.5230393409729004	3.0364012718200684	4.706592559814453	5.666492938995361
0	307	the	2.496473789215088	1.7793842554092407	2.0319809913635254	1.3340553045272827
0	308	Manor	13.608880043029785	11.88569450378418	11.64648151397705	12.92663860321045
0	309	House	4.218549728393555	3.0611047744750977	2.5668649673461914	3.3248958587646484
0	310	would	6.233929634094238	6.799111366271973	5.779038429260254	6.540999412536621
0	311	be	1.0127809047698975	2.1545052528381348	1.1794190406799316	1.2261075973510742
0	312	rewarded	7.873997211456299	8.149969100952148	9.369836807250977	9.578275680541992
0	313	with	2.9464614391326904	1.1361027956008911	0.828403651714325	0.8774064779281616
0	314	land	9.725174903869629	8.483819961547852	8.513050079345703	7.85589599609375
0	315	and	2.302462100982666	2.202543258666992	1.628978967666626	1.3968068361282349
0	316	fame.	12.137982368469238	12.374198913574219	13.561761856079102	9.005891799926758
0	317	It	3.783891201019287	3.443302631378174	3.4636571407318115	3.5150880813598633
0	318	was	1.4277337789535522	1.4420260190963745	1.4651024341583252	1.3531429767608643
0	319	the	3.51254940032959	2.932802677154541	2.7051360607147217	2.6532537937164307
0	320	people	6.711822986602783	7.9544677734375	7.264576435089111	7.225061893463135
0	321	of	3.9872522354125977	1.7213867902755737	1.8199453353881836	1.5186996459960938
0	322	Bradford	12.470582962036133	10.09112548828125	9.236993789672852	8.698213577270508
0	323	and	2.328805446624756	2.3897368907928467	1.953359603881836	2.024840831756592
0	324	the	2.305114269256592	3.033463954925537	2.4424877166748047	2.3900701999664307
0	325	people	6.711822986602783	5.745357990264893	6.416193962097168	5.544569969177246
0	326	who	1.4281078577041626	1.5492477416992188	1.482011318206787	1.568507432937622
0	327	knew	5.142343521118164	5.296749591827393	5.162801265716553	4.985239028930664
0	328	them	6.786208152770996	4.165443420410156	3.507981777191162	3.003337860107422
0	329	who	5.627964973449707	6.4813690185546875	6.933889389038086	6.451225280761719
0	330	rejoiced	13.238262176513672	10.802888870239258	11.110357284545898	9.858664512634277
0	331	at	2.0303995609283447	1.576096773147583	1.501039981842041	1.380954623222351
0	332	this	3.8111014366149902	3.715545177459717	3.8086655139923096	3.6626391410827637
0	333	proclamation	12.707930564880371	13.921112060546875	8.619819641113281	7.257985591888428
0	334	but	8.982270240783691	6.387294769287109	5.36860466003418	4.913999557495117
0	335	one	5.518174171447754	5.525557994842529	5.300254821777344	5.446773529052734
0	336	question	8.041914939880371	5.78485107421875	7.036204814910889	7.438578128814697
0	337	remained:	12.674592971801758	7.5598859786987305	4.506101608276367	3.9893949031829834
0	338	who	7.52687931060791	4.122464179992676	3.774320125579834	3.4356026649475098
0	339	would	3.794152021408081	2.275542736053467	1.224947214126587	1.5181713104248047
0	340	kill	6.354892253875732	6.019448280334473	6.318772792816162	6.070528984069824
0	341	the	1.1793138980865479	2.4184627532958984	3.0471322536468506	1.8358079195022583
0	342	boar?	19.66295623779297	12.54814624786377	14.548270225524902	14.252941131591797
0	343	By	6.236810207366943	5.9848785400390625	5.801396369934082	6.1916351318359375
0	344	the	1.2918905019760132	1.7435369491577148	1.8088676929473877	2.1313531398773193
0	345	handsome	13.49152660369873	12.564926147460938	10.451642990112305	10.476714134216309
0	346	reward	8.650914192199707	9.34407901763916	10.619705200195312	9.993141174316406
0	347	many	9.643231391906738	9.215104103088379	8.765989303588867	8.98507308959961
0	348	felt	10.905046463012695	10.724366188049316	6.085051536560059	5.649296283721924
0	349	tempted,	17.531862258911133	14.753299713134766	15.594247817993164	15.28307819366455
0	350	but	2.31303071975708	1.305245041847229	2.243590831756592	2.2093236446380615
0	351	the	2.6426098346710205	3.0780954360961914	3.5605225563049316	2.950251340866089
0	352	thought	9.656359672546387	7.97205114364624	6.558779716491699	4.209936618804932
0	353	of	2.0912351608276367	0.7668936252593994	0.4577583074569702	0.545506477355957
0	354	the	0.8314511775970459	2.3504433631896973	2.9652159214019775	3.1853766441345215
0	355	boar	14.771283149719238	13.644308090209961	12.407096862792969	12.149105072021484
0	356	with	4.43881893157959	4.529404640197754	4.648350238800049	4.594270706176758
0	357	its	4.9904022216796875	3.729085683822632	3.1572256088256836	3.143681287765503
0	358	deadly	9.501649856567383	8.25784683227539	7.085196495056152	6.465105056762695
0	359	tusks	15.351837158203125	12.842374801635742	12.199481964111328	6.483071327209473
0	360	and	1.5900652408599854	1.707919716835022	1.7118192911148071	0.6081259846687317
0	361	face	8.556329727172852	6.893730163574219	7.200892448425293	6.923730373382568
0	362	like	6.763375282287598	7.766911029815674	4.9872145652771	5.547406196594238
0	363	thunder	12.21013069152832	9.44001293182373	9.891092300415039	8.719161033630371
0	364	soon	8.780832290649414	8.81142807006836	9.082650184631348	9.200523376464844
0	365	put	6.07480525970459	6.737560749053955	7.530629634857178	7.16956901550293
0	366	an	4.520592212677002	3.3887152671813965	2.607588052749634	2.332958698272705
0	367	end	5.576251029968262	0.4215163588523865	0.047284163534641266	0.02776430919766426
0	368	to	5.177645206451416	0.34484612941741943	0.01829725131392479	0.01821773126721382
0	369	their	5.723495960235596	4.397157669067383	3.912222385406494	4.1077775955200195
0	370	ambitions.	10.877386093139648	10.951470375061035	9.02145767211914	9.77889633178711
0	371	However,	4.941921234130859	4.804534912109375	4.761616230010986	4.798926830291748
0	372	there	3.463609218597412	3.5438239574432373	3.7196598052978516	3.6382431983947754
0	373	was	2.1792402267456055	2.393735885620117	2.5514211654663086	2.2523365020751953
0	374	one	5.074342250823975	4.248076438903809	3.3391823768615723	2.297032356262207
0	375	huntsman,	19.636520385742188	18.844776153564453	18.713972091674805	19.729978561401367
0	376	who	3.066371440887451	3.267369508743286	2.7518210411071777	2.198977470397949
0	377	was	3.069365978240967	2.514216899871826	2.557436227798462	1.909187912940979
0	378	still	4.630741119384766	5.184402942657471	5.5713653564453125	5.945212364196777
0	379	wet	11.406355857849121	7.713255882263184	8.830589294433594	8.395548820495605
0	380	behind	8.785453796386719	4.581427097320557	4.504594802856445	3.176050901412964
0	381	the	0.5902894139289856	0.8974026441574097	0.6257542371749878	0.9504843950271606
0	382	ears,	12.233885765075684	8.301219940185547	3.383422613143921	1.8832616806030273
0	383	who	6.7366437911987305	7.038335800170898	7.004528999328613	6.483320236206055
0	384	decided	5.782474040985107	6.86080265045166	7.34606409072876	6.945564270019531
0	385	the	5.486296653747559	3.6035871505737305	4.210085391998291	3.7164297103881836
0	386	prize	9.7244234085083	8.544173240661621	8.36484432220459	8.391528129577637
0	387	was	3.7924327850341797	3.447641372680664	1.1608537435531616	1.1942627429962158
0	388	worth	6.9157915115356445	4.199604511260986	4.526912689208984	2.7491748332977295
0	389	a	2.167605400085449	2.9257965087890625	3.232027530670166	3.4338810443878174
0	390	shot,	10.809900283813477	4.713924407958984	3.778823137283325	7.9578657150268555
0	391	in	4.617729187011719	5.489216327667236	5.477888107299805	5.1475019454956055
0	392	spite	8.993040084838867	5.081263542175293	4.57828426361084	4.218602180480957
0	393	of	0.030258800834417343	0.008239652961492538	0.006338415667414665	0.006843479350209236
0	394	the	0.8314511775970459	1.3909457921981812	1.4676371812820435	1.2084698677062988
0	395	boar's	16.74618148803711	15.471301078796387	15.925949096679688	16.42091178894043
0	396	reputation.	9.922236442565918	10.237046241760254	10.512345314025879	7.082659721374512
0	397	The	2.5664966106414795	2.332470655441284	2.187007427215576	2.183084011077881
0	398	huntsman	14.023283004760742	13.063308715820312	8.678975105285645	8.599954605102539
0	399	discovered	8.946577072143555	8.279021263122559	8.275346755981445	7.523377895355225
0	400	the	2.0603137016296387	1.566605567932129	1.604514718055725	2.001567840576172
0	401	boar	14.771283149719238	12.900253295898438	8.671634674072266	9.17840576171875
0	402	preferred	10.847290992736816	10.733419418334961	12.361143112182617	13.40158748626709
0	403	to	0.4720050096511841	1.221651554107666	1.1202977895736694	1.2215797901153564
0	404	come	6.2268781661987305	6.1178107261657715	5.4021830558776855	5.159762859344482
0	405	out	2.1005959510803223	2.277963399887085	2.347022533416748	1.8675498962402344
0	406	in	3.5043840408325195	2.6624093055725098	2.8155393600463867	2.634580612182617
0	407	the	0.8811151385307312	1.3332957029342651	1.8227540254592896	1.8834805488586426
0	408	middle	6.49527645111084	4.859087944030762	3.459685802459717	3.2586562633514404
0	409	of	0.18279075622558594	0.35501888394355774	0.16585226356983185	0.05908115953207016
0	410	the	0.8314511775970459	0.7062575221061707	0.8226450085639954	0.9467180967330933
0	411	day.	8.342071533203125	7.718591690063477	5.295649528503418	5.530284404754639
0	412	So	4.5037360191345215	4.378298759460449	4.42866849899292	4.298590660095215
0	413	he	3.867854356765747	3.9566571712493896	3.906078577041626	4.003592491149902
0	414	went	4.834249973297119	3.938045024871826	3.404829978942871	3.344730854034424
0	415	to	1.3518561124801636	1.3454663753509521	1.176579236984253	1.2075880765914917
0	416	the	2.496473789215088	1.7228872776031494	1.620771884918213	1.5410350561141968
0	417	wood	9.733165740966797	9.85833740234375	9.596938133239746	9.291311264038086
0	418	by	5.832583427429199	5.067896842956543	4.727790832519531	5.682333946228027
0	419	the	1.1369578838348389	2.042905330657959	2.151233673095703	1.9712090492248535
0	420	well	10.040956497192383	9.689287185668945	7.990023612976074	7.994743824005127
0	421	with	3.818340539932251	4.5960917472839355	6.468383312225342	4.270975112915039
0	422	his	4.029426097869873	3.8516738414764404	3.008699417114258	3.1785218715667725
0	423	good	8.254776000976562	6.987835884094238	6.596780776977539	7.150224208831787
0	424	bow,	14.84277057647705	11.230117797851562	9.819981575012207	9.968401908874512
0	425	to	4.969115257263184	5.157188892364502	4.920404434204102	5.118195056915283
0	426	bide	13.84349536895752	12.320258140563965	11.261565208435059	10.180325508117676
0	427	his	1.5123839378356934	0.9017249941825867	1.0058830976486206	0.9303090572357178
0	428	time.	9.248307228088379	2.056647300720215	1.8749239444732666	2.129455089569092
0	429	Around	8.811999320983887	8.608138084411621	8.68353271484375	8.436426162719727
0	430	noontime,	15.074053764343262	10.717028617858887	11.1945161819458	10.13392448425293
0	431	the	2.938847541809082	2.0748555660247803	1.991072654724121	2.375415325164795
0	432	boar,	16.654226303100586	15.165493965148926	15.25792407989502	15.351485252380371
0	433	feared	10.975770950317383	10.667767524719238	10.581669807434082	9.357020378112793
0	434	by	3.7801551818847656	1.5016430616378784	2.380033493041992	0.8396404385566711
0	435	the	1.1369578838348389	1.5268033742904663	1.8643873929977417	1.819789171218872
0	436	locals,	12.423748016357422	10.333579063415527	8.366418838500977	4.47622537612915
0	437	came	8.598565101623535	8.468767166137695	8.080778121948242	8.021631240844727
0	438	out,	4.85045051574707	6.29124641418457	6.326146125793457	6.679147720336914
0	439	as	4.316394805908203	4.594748497009277	4.15778112411499	4.480764389038086
0	440	slow	10.413806915283203	10.355417251586914	10.78096866607666	11.65178394317627
0	441	as	5.500690937042236	0.6042267084121704	0.37481552362442017	0.32391461730003357
0	442	a	1.4127646684646606	2.6680846214294434	2.578573703765869	2.3596532344818115
0	443	snail,	13.171998977661133	12.541947364807129	6.828536033630371	3.8743412494659424
0	444	from	6.263028144836426	6.39548921585083	6.262213706970215	6.414730072021484
0	445	among	10.749662399291992	7.787173748016357	7.424348831176758	7.688972473144531
0	446	the	0.7318108081817627	1.0221047401428223	0.8189003467559814	0.8965996503829956
0	447	trees,	11.632918357849121	10.156853675842285	8.371883392333984	6.095077037811279
0	448	just	6.39736270904541	5.919826507568359	5.8365702629089355	6.141613483428955
0	449	as	3.382755994796753	1.972298264503479	2.0704784393310547	1.770194411277771
0	450	the	2.2121758460998535	2.820587635040283	2.2647321224212646	2.3203341960906982
0	451	huntsman	15.143549919128418	13.675187110900879	12.460041999816895	11.850595474243164
0	452	had	5.5810546875	4.387529373168945	4.315888404846191	3.3317649364471436
0	453	predicted.	11.284125328063965	10.2351655960083	9.84662914276123	6.203615665435791
0	454	The	2.2396163940429688	2.362853765487671	2.2909605503082275	2.178846836090088
0	455	huntsman	14.023283004760742	14.184537887573242	13.772890090942383	7.362882614135742
0	456	leaped	11.731563568115234	9.04753303527832	9.734140396118164	8.691032409667969
0	457	from	2.406860589981079	1.9843087196350098	2.4093828201293945	2.1913719177246094
0	458	his	4.058855056762695	2.007776975631714	1.430403232574463	1.2155344486236572
0	459	hiding	12.653645515441895	8.335953712463379	5.296097755432129	3.4747092723846436
0	460	place	9.752840042114258	1.1470744609832764	0.8981156349182129	0.7590708136558533
0	461	and	3.7434489727020264	2.9625954627990723	2.5252163410186768	1.946286916732788
0	462	through	8.876975059509277	8.231436729431152	8.806380271911621	8.128191947937012
0	463	the	0.5835897326469421	1.4917999505996704	1.6707334518432617	1.6073942184448242
0	464	heart	7.317145347595215	6.495899200439453	6.440640926361084	6.3833699226379395
0	465	with	5.503796577453613	5.519488334655762	4.398591995239258	4.538703918457031
0	466	his	4.029425621032715	3.251542329788208	3.3196558952331543	2.8450539112091064
0	467	fine	10.149280548095703	8.51298713684082	8.118795394897461	7.883183002471924
0	468	arrows	13.996437072753906	10.807636260986328	10.908297538757324	10.569109916687012
0	469	shot	8.238415718078613	6.444704055786133	6.664531707763672	6.756576061248779
0	470	the	3.713176727294922	4.658701419830322	5.69443941116333	4.351181983947754
0	471	boar.	17.157176971435547	14.260920524597168	11.45535945892334	11.04321002960205
0	472	Now	5.629300117492676	5.586910247802734	5.62745475769043	5.993816375732422
0	473	the	3.3737406730651855	2.7120914459228516	2.3002912998199463	2.3743157386779785
0	474	problem	6.8104166984558105	5.416706562042236	6.1504974365234375	7.084909439086914
0	475	was	3.7152297496795654	3.302574634552002	2.7963991165161133	2.8643248081207275
0	476	no	4.208745956420898	5.928488731384277	5.6847944259643555	5.295925617218018
0	477	longer	1.3664039373397827	3.079718828201294	0.48620641231536865	0.308407187461853
0	478	to	3.302936315536499	5.319185256958008	5.348848342895508	5.090086936950684
0	479	kill	5.559921741485596	6.515503406524658	6.730132102966309	6.440029144287109
0	480	the	1.1793138980865479	2.2778468132019043	2.218231201171875	2.4000816345214844
0	481	boar.	17.157176971435547	10.744645118713379	10.815031051635742	10.744939804077148
0	482	It	3.468618392944336	3.3005332946777344	3.6926636695861816	3.5526018142700195
0	483	was	1.4277337789535522	1.5713025331497192	1.5221303701400757	1.8243200778961182
0	484	to	4.869032859802246	5.656929016113281	5.952903747558594	6.0726728439331055
0	485	find	4.6265459060668945	4.7959136962890625	5.556854724884033	5.590595722198486
0	486	a	1.999805212020874	1.9760409593582153	1.740578532218933	2.2514166831970215
0	487	way	5.581975936889648	2.175734043121338	2.1189920902252197	1.430842638015747
0	488	to	0.5186328887939453	0.5605971217155457	0.18749891221523285	0.19260770082473755
0	489	carry	6.070411682128906	6.8179121017456055	6.4465742111206055	6.800821304321289
0	490	the	2.3964059352874756	2.568439483642578	2.8418149948120117	2.5730807781219482
0	491	boar	14.771283149719238	13.157525062561035	12.71548843383789	13.210259437561035
0	492	back.	10.633329391479492	10.068608283996582	7.303228378295898	7.014169692993164
0	493	The	2.6653828620910645	2.435598134994507	2.0650100708007812	2.1535234451293945
0	494	head	7.576467514038086	7.054687023162842	6.327701091766357	6.0560102462768555
0	495	was	5.150592803955078	4.607144832611084	3.3497698307037354	2.300771474838257
0	496	too	6.003739356994629	4.830898284912109	5.361484050750732	5.053937911987305
0	497	heavy	7.348371505737305	4.845376491546631	3.852787494659424	3.2312681674957275
0	498	for	5.908736228942871	1.7174935340881348	1.0453990697860718	1.0059921741485596
0	499	the	1.2972720861434937	2.1601290702819824	2.2415988445281982	2.0449743270874023
0	500	little	7.613574981689453	7.631997108459473	7.253216743469238	5.919114112854004
0	501	huntsman	17.610170364379883	12.648250579833984	13.398835182189941	13.005006790161133
0	502	to	3.4577901363372803	3.2054123878479004	3.6375958919525146	2.1577019691467285
0	503	carry	6.070411205291748	5.884676456451416	5.006338119506836	5.665237903594971
0	504	back	4.644255638122559	6.409970283508301	5.674755096435547	5.790443420410156
0	505	to	0.6483286619186401	0.9344130158424377	1.5949167013168335	2.19246768951416
0	506	the	2.496473789215088	1.4931988716125488	1.511000633239746	1.4381709098815918
0	507	Manor	13.608880043029785	11.88569450378418	11.570484161376953	10.734166145324707
0	508	House,	5.6015777587890625	4.503711700439453	3.8543660640716553	4.8465776443481445
0	509	but	3.46220064163208	4.16423225402832	3.156397819519043	2.9784281253814697
0	510	the	2.6426098346710205	2.573740005493164	2.6259288787841797	2.8003039360046387
0	511	huntsman,	17.084081649780273	16.969093322753906	18.038938522338867	16.166309356689453
0	512	who	3.066371440887451	2.8471107482910156	2.1717848777770996	2.223282814025879
0	513	was	3.069365978240967	2.5142171382904053	2.2307872772216797	1.895918607711792
0	514	as	6.39547061920166	7.261066913604736	6.738124370574951	6.096055030822754
0	515	quick-witted	16.628297805786133	12.266889572143555	9.858926773071289	8.572345733642578
0	516	and	2.0412397384643555	1.4733248949050903	1.1760709285736084	1.1468632221221924
0	517	cunning	13.121917724609375	4.890936851501465	5.103148460388184	4.678684711456299
0	518	as	4.869564056396484	3.991955280303955	4.7973480224609375	0.4524712562561035
0	519	ever,	10.225900650024414	4.3808135986328125	4.643482208251953	3.3170673847198486
0	520	asked	9.221744537353516	8.781289100646973	9.040507316589355	9.746260643005371
0	521	himself,	8.275064468383789	7.035162448883057	7.3497724533081055	6.564842700958252
0	522	'What	10.171121597290039	4.410951137542725	4.0710835456848145	3.880969524383545
0	523	else	5.809892177581787	5.262054443359375	4.372203826904297	4.552082061767578
0	524	can	4.023201942443848	1.287067174911499	1.3475756645202637	1.2579538822174072
0	525	I	8.62868595123291	4.047032356262207	0.8326123952865601	0.5371258854866028
0	526	do	4.000383377075195	3.3963100910186768	2.563276529312134	1.6862882375717163
0	527	to	4.8347086906433105	4.834726810455322	2.9848031997680664	1.009767770767212
0	528	prove	6.42505407333374	6.159016132354736	5.314387321472168	5.2494611740112305
0	529	I	7.501182556152344	5.853372097015381	5.103110313415527	3.2399942874908447
0	530	killed	8.390088081359863	8.285674095153809	8.106119155883789	7.674136161804199
0	531	the	2.857100009918213	2.4990408420562744	2.7909533977508545	2.7104392051696777
0	532	boar?'	23.491844177246094	18.204730987548828	15.613161087036133	14.922774314880371
0	533	The	3.312544584274292	3.150919198989868	3.166717767715454	3.515324354171753
0	534	next	5.54100227355957	4.507360935211182	4.727510452270508	4.539567947387695
0	535	instance	10.643011093139648	8.737616539001465	8.864092826843262	8.865903854370117
0	536	he	6.952208042144775	8.012502670288086	7.432042598724365	4.816283702850342
0	537	opened	7.01763916015625	6.72208833694458	6.1893157958984375	5.976245880126953
0	538	the	2.0272328853607178	1.3335906267166138	1.5654568672180176	1.8180806636810303
0	539	boar's	16.74618148803711	17.56454086303711	15.851985931396484	14.319190979003906
0	540	mouth	5.855597019195557	4.5701422691345215	1.7009638547897339	1.3010566234588623
0	541	and	1.8873015642166138	2.0446012020111084	1.831606388092041	1.0182868242263794
0	542	cut	8.091317176818848	7.0279717445373535	6.14857816696167	6.105568885803223
0	543	out	2.3546106815338135	3.456674575805664	3.1754589080810547	3.600877285003662
0	544	its	7.102258682250977	5.733551979064941	5.496149063110352	4.366885185241699
0	545	tongue,	11.347986221313477	10.0411376953125	7.857275485992432	7.376892566680908
0	546	taking	6.942711353302002	7.275886058807373	6.922833442687988	6.700103282928467
0	547	that	6.075510025024414	5.321569442749023	5.483193397521973	5.64584493637085
0	548	as	7.223134517669678	3.827960729598999	2.8433289527893066	2.588548183441162
0	549	proof	10.015453338623047	8.033334732055664	4.510677814483643	3.7431511878967285
0	550	for	3.816450595855713	4.4090256690979	4.397220611572266	4.103253364562988
0	551	the	1.2972720861434937	1.5200068950653076	1.5938827991485596	1.7064650058746338
0	552	Lord.	11.104959487915039	10.414856910705566	11.842784881591797	10.45116901397705
0	553	He	3.3629424571990967	2.9782307147979736	3.0025415420532227	3.09243106842041
0	554	set	8.413249015808105	7.189117431640625	7.119040012359619	7.127660274505615
0	555	out	2.9781012535095215	1.5251259803771973	2.5952630043029785	2.9588382244110107
0	556	for	4.139686584472656	3.8003087043762207	3.5687255859375	2.427332878112793
0	557	the	1.2972720861434937	2.2386510372161865	1.5183656215667725	1.6084096431732178
0	558	Manor	13.608880043029785	12.012856483459473	12.291738510131836	10.375984191894531
0	559	House	4.218549728393555	3.0611047744750977	3.191906213760376	3.838249683380127
0	560	as	6.41102409362793	5.252540588378906	4.517568588256836	4.619845867156982
0	561	quickly	8.727606773376465	6.4485368728637695	8.056159019470215	6.891202449798584
0	562	as	3.2880218029022217	0.08469955623149872	0.026297854259610176	0.02756701223552227
0	563	he	3.7666685581207275	3.3353662490844727	4.112987518310547	3.56015682220459
0	564	could	4.373392105102539	5.521617412567139	2.803941488265991	1.8053405284881592
0	565	and	9.639334678649902	6.698403358459473	3.6271748542785645	2.602182388305664
0	566	he	4.92115592956543	5.632803916931152	2.341217517852783	3.293661594390869
0	567	had	2.5938496589660645	3.374356508255005	3.5786566734313965	3.428558349609375
0	568	only	5.387628555297852	5.506437301635742	5.1116743087768555	5.661399841308594
0	569	been	5.337822437286377	2.1946239471435547	2.123656988143921	2.216397523880005
0	570	gone	6.488495826721191	7.442454814910889	6.518333911895752	6.02517032623291
0	571	a	6.172152519226074	3.5414388179779053	2.5933265686035156	2.2269840240478516
0	572	few	3.445157289505005	3.855593681335449	3.044273853302002	1.0267161130905151
0	573	minutes	3.708254337310791	3.907181739807129	4.2525224685668945	4.115984916687012
0	574	when	4.9947404861450195	4.960239410400391	4.82744026184082	5.3300628662109375
0	575	a	4.256592750549316	3.732290744781494	3.930708169937134	4.0849223136901855
0	576	second	5.226818561553955	6.432509899139404	5.516460418701172	5.41331672668457
0	577	huntsman,	20.517379760742188	17.761428833007812	16.73192024230957	17.09654426574707
0	578	not	5.662783622741699	6.035000324249268	5.857027530670166	5.755655288696289
0	579	so	5.690242767333984	4.832767009735107	4.5929999351501465	4.528936386108398
0	580	bold	10.994927406311035	7.771648406982422	7.0001540184021	7.495784282684326
0	581	as	5.121038913726807	0.8081326484680176	0.6291900277137756	0.42502015829086304
0	582	the	2.2121758460998535	2.251605272293091	3.8562347888946533	4.634500980377197
0	583	first	3.885279655456543	4.209865093231201	5.307130813598633	4.564666748046875
0	584	but	8.591940879821777	7.724274635314941	8.05363655090332	4.981348037719727
0	585	a	4.246377944946289	4.583127021789551	4.674753189086914	4.642557144165039
0	586	little	4.283854007720947	4.0388712882995605	3.2560477256774902	3.5756287574768066
0	587	more	2.4406371116638184	2.4388346672058105	2.7467432022094727	2.786815881729126
0	588	cunning,	14.708755493164062	11.523380279541016	10.677133560180664	10.554754257202148
0	589	came	10.150805473327637	9.435075759887695	8.649251937866211	8.857754707336426
0	590	on	3.796090602874756	4.198721885681152	4.293488502502441	4.224430084228516
0	591	the	0.8019846081733704	1.6906983852386475	1.7760319709777832	1.4374630451202393
0	592	scene.	8.889114379882812	7.590717315673828	5.420438289642334	3.563216209411621
0	593	Seeing	8.040828704833984	8.471503257751465	8.89478874206543	8.090710639953613
0	594	the	1.656498670578003	1.786745309829712	1.714747428894043	1.7686195373535156
0	595	slain	12.901244163513184	11.5011625289917	10.473711013793945	9.620351791381836
0	596	carcass	14.520879745483398	12.523358345031738	9.6605224609375	10.604300498962402
0	597	of	1.8450947999954224	0.9446296095848083	1.3577158451080322	0.9333832263946533
0	598	the	0.8314511775970459	1.9768257141113281	2.8337535858154297	1.914034366607666
0	599	boar,	16.654226303100586	15.340289115905762	10.744873046875	9.275701522827148
0	600	the	3.5256385803222656	2.802724838256836	2.8128936290740967	2.843094825744629
0	601	huntsman	15.143549919128418	8.40562915802002	7.872244834899902	7.954146862030029
0	602	rejoiced	15.032817840576172	13.558772087097168	11.375134468078613	10.165234565734863
0	603	in	1.360297679901123	1.6886550188064575	1.743277907371521	1.6679010391235352
0	604	his	4.20177698135376	2.5976595878601074	1.3619768619537354	1.2261604070663452
0	605	good	8.254776000976562	8.322103500366211	5.4785895347595215	6.0185017585754395
0	606	fortune.	10.773795127868652	4.808088779449463	6.169246673583984	1.760749101638794
0	607	The	2.56828236579895	2.6824302673339844	2.725231170654297	2.6587491035461426
0	608	second	5.061994552612305	5.798985958099365	5.428830146789551	5.43836784362793
0	609	huntsman	18.71957778930664	15.778449058532715	15.318930625915527	14.732450485229492
0	610	knew	8.558062553405762	7.927145481109619	7.513396739959717	6.647669315338135
0	611	a	4.432828903198242	4.295299053192139	4.0485992431640625	4.167344093322754
0	612	shortcut	10.123844146728516	10.8372163772583	8.443099975585938	7.904466152191162
0	613	to	0.9842132329940796	0.7649341225624084	0.8761764168739319	0.9157000184059143
0	614	the	2.496473789215088	1.994482398033142	1.998703122138977	2.7205183506011963
0	615	Manor	13.608880043029785	11.88569450378418	12.904248237609863	12.134385108947754
0	616	House	4.218549728393555	3.0611047744750977	2.5668649673461914	3.578198194503784
0	617	was	4.334993362426758	4.193883895874023	4.009012699127197	5.054996013641357
0	618	just	4.94588565826416	5.584805011749268	5.183793544769287	4.966894149780273
0	619	around	6.5093255043029785	6.517149448394775	6.911991596221924	5.102145195007324
0	620	the	0.7170541286468506	0.04474632814526558	0.01984570547938347	0.007432905025780201
0	621	nearby	10.025382041931152	9.861165046691895	13.842111587524414	14.81271743774414
0	622	pond,	13.829350471496582	9.6678466796875	8.417522430419922	8.2591552734375
0	623	and,	7.533658027648926	7.643450736999512	7.600697994232178	7.617338180541992
0	624	being	6.391140937805176	5.257927894592285	5.901078224182129	5.887571334838867
0	625	a	3.116842031478882	2.0369644165039062	2.8311355113983154	2.219815969467163
0	626	bigger	7.146299362182617	7.506207466125488	8.173678398132324	8.449004173278809
0	627	man	7.901690483093262	7.200484752655029	5.241464138031006	3.8967061042785645
0	628	than	7.623773574829102	2.3665177822113037	1.3270928859710693	1.1169946193695068
0	629	the	1.685984492301941	2.514967679977417	2.5718953609466553	2.870821237564087
0	630	first,	8.406742095947266	8.406031608581543	7.677673816680908	7.360482692718506
0	631	was	5.918942451477051	5.5604095458984375	5.7360053062438965	5.183422088623047
0	632	able	4.541611671447754	5.879467964172363	5.883646011352539	5.262307167053223
0	633	to	0.006088183727115393	0.0036474724765866995	0.0060368487611413	0.007503155618906021
0	634	pick	6.920416831970215	5.742450714111328	5.722212791442871	5.6353654861450195
0	635	up	0.28184980154037476	0.735365092754364	0.7381239533424377	0.405924916267395
0	636	the	2.7810134887695312	1.8739620447158813	1.7990518808364868	1.9962817430496216
0	637	boar's	16.74618148803711	15.678425788879395	17.10868263244629	16.944761276245117
0	638	head	2.616777181625366	2.380496025085449	2.288440704345703	2.1959266662597656
0	639	and	3.4589929580688477	2.2242071628570557	2.00154447555542	1.3799108266830444
0	640	carry	8.476896286010742	8.973328590393066	8.275123596191406	8.838428497314453
0	641	it	4.9767045974731445	2.7562637329101562	2.313507318496704	1.1015645265579224
0	642	through	7.307624816894531	4.292729377746582	3.7501282691955566	3.7579455375671387
0	643	the	0.5835897326469421	1.325757622718811	1.1240826845169067	1.1737477779388428
0	644	wood	9.733165740966797	7.887759685516357	7.910606384277344	8.903778076171875
0	645	towards	7.219431400299072	7.7603230476379395	6.556280612945557	7.501028060913086
0	646	the	0.4712667465209961	0.6490980982780457	0.795846164226532	0.6207820773124695
0	647	prize	9.7244234085083	9.07059097290039	9.589212417602539	9.389453887939453
0	648	that	4.014497756958008	4.788037300109863	5.016170024871826	5.106375694274902
0	649	awaited	12.958702087402344	11.35594367980957	8.98408317565918	8.367252349853516
0	650	him.	6.518260955810547	3.060419797897339	3.1777732372283936	2.6715755462646484
0	651	The	2.916130304336548	2.7342214584350586	2.5979506969451904	2.6347861289978027
0	652	Lord	7.322101593017578	7.079934120178223	6.539172172546387	6.172640800476074
0	653	of	0.8256976008415222	1.3894500732421875	3.6012351512908936	2.9474310874938965
0	654	the	0.8314511775970459	0.712557315826416	0.14708212018013	0.6571722030639648
0	655	Manor	13.608880043029785	12.202245712280273	7.286388874053955	7.429684162139893
0	656	was	4.03836727142334	3.726074457168579	3.897815227508545	3.2464287281036377
0	657	seated	9.964229583740234	8.693073272705078	10.129585266113281	9.771997451782227
0	658	in	0.9448348879814148	1.6290171146392822	1.7440776824951172	1.731605052947998
0	659	his	4.20177698135376	3.349184036254883	2.278296947479248	2.432481527328491
0	660	hall	11.655557632446289	9.829822540283203	8.296662330627441	8.444547653198242
0	661	when	8.672430038452148	5.816774368286133	5.157837867736816	4.633937358856201
0	662	the	2.255457639694214	1.9314230680465698	2.0949044227600098	2.0765445232391357
0	663	second	5.2066755294799805	6.411923408508301	6.228601932525635	6.260395050048828
0	664	huntsman	18.71957778930664	17.413410186767578	14.691702842712402	14.504268646240234
0	665	burst	10.07440185546875	9.948229789733887	9.437417030334473	6.518474578857422
0	666	through	4.536661624908447	1.7381389141082764	1.99820077419281	1.8125978708267212
0	667	the	0.5835897326469421	0.5108934640884399	0.22357521951198578	0.29272088408470154
0	668	door	7.551383018493652	5.910893440246582	3.7471976280212402	2.218338966369629
0	669	and	2.278318405151367	2.004863739013672	1.56281316280365	1.1883987188339233
0	670	began	8.232589721679688	5.627577781677246	5.470319747924805	5.63001823425293
0	671	to	0.7364976406097412	1.2166578769683838	1.087558388710022	0.968471884727478
0	672	spin	9.613066673278809	7.066911697387695	7.054678916931152	7.002667427062988
0	673	a	4.801388740539551	2.6183032989501953	3.714653968811035	3.6539406776428223
0	674	line.	10.285514831542969	10.417654037475586	10.37371826171875	10.935432434082031
0	675	'The	10.111530303955078	9.397717475891113	10.167054176330566	10.354681015014648
0	676	woes	12.925031661987305	12.22640609741211	12.293752670288086	12.44761848449707
0	677	of	1.4570260047912598	0.2580764889717102	0.3016968071460724	0.2766784727573395
0	678	Bradford	12.470582962036133	12.199203491210938	10.673415184020996	10.013185501098633
0	679	are	7.596919536590576	4.707901954650879	4.759666442871094	2.1354987621307373
0	680	ended!'	22.658201217651367	22.294042587280273	22.380104064941406	21.360132217407227
0	681	he	3.524043321609497	3.66339111328125	3.449333667755127	3.34714937210083
0	682	announced.	11.56486701965332	6.802727222442627	6.55155611038208	6.4690141677856445
0	683	'With	12.152128219604492	11.173372268676758	6.54056978225708	6.45914363861084
0	684	my	4.206679344177246	4.67302131652832	3.8201699256896973	3.493084669113159
0	685	own	2.4179611206054688	3.3639378547668457	3.849581241607666	3.4616823196411133
0	686	hand	6.504499912261963	7.302098274230957	5.5919270515441895	6.126766204833984
0	687	I	7.551904678344727	5.423769950866699	3.741159439086914	0.9264929294586182
0	688	have	2.7034220695495605	3.227468967437744	3.0978100299835205	3.512070894241333
0	689	slain	11.023754119873047	11.108464241027832	10.835075378417969	9.328292846679688
0	690	the	3.9597537517547607	2.104426860809326	2.147859811782837	1.9804620742797852
0	691	boar!'	24.2701358795166	18.340625762939453	18.626869201660156	16.373870849609375
0	692	And,	7.918335914611816	7.450199127197266	7.472840309143066	7.357909679412842
0	693	with	4.3869404792785645	4.080629348754883	4.105141639709473	3.8575878143310547
0	694	that,	8.700508117675781	3.7555782794952393	2.8283400535583496	2.940556526184082
0	695	at	4.550020217895508	5.726779937744141	6.94902229309082	6.782352447509766
0	696	the	0.8910643458366394	1.5884634256362915	2.362914562225342	1.4366226196289062
0	697	feet	10.003199577331543	7.7556843757629395	9.23729133605957	8.904462814331055
0	698	of	1.2311450242996216	0.6820675134658813	0.028191369026899338	0.016721777617931366
0	699	his	4.106517791748047	5.372127532958984	3.403599262237549	3.6829915046691895
0	700	lord	10.956664085388184	11.03455924987793	11.523789405822754	8.64617919921875
0	701	he	5.688992500305176	6.671333312988281	6.256999969482422	6.3005266189575195
0	702	dropped	7.790462017059326	9.68465518951416	9.624916076660156	8.962068557739258
0	703	the	3.317568778991699	2.0670571327209473	2.1747939586639404	2.0092504024505615
0	704	boar's	16.74618148803711	16.61106300354004	16.192119598388672	11.924630165100098
0	705	enormous	8.552273750305176	7.312877655029297	9.04152774810791	8.91042423248291
0	706	head.	11.517333030700684	4.66847038269043	4.49076509475708	3.819162368774414
0	707	'Then	10.696800231933594	11.504207611083984	10.924449920654297	10.956398010253906
0	708	you	2.94380784034729	2.7182047367095947	2.8342549800872803	2.968766212463379
0	709	will	3.313790798187256	2.764491319656372	2.6918182373046875	2.7479538917541504
0	710	be	0.880425751209259	2.0318589210510254	2.204296827316284	2.0945518016815186
0	711	rewarded,	10.669286727905273	10.695143699645996	9.314261436462402	8.542840957641602
0	712	as	3.7518198490142822	3.7419369220733643	3.3291332721710205	3.18733549118042
0	713	I	3.938399076461792	3.6864209175109863	3.9895238876342773	3.9683120250701904
0	714	promised.'	16.916139602661133	14.778332710266113	13.761516571044922	13.354808807373047
0	715	'But	7.336071968078613	7.363128662109375	7.251123428344727	6.80872917175293
0	716	first,	7.301379203796387	8.858577728271484	8.683500289916992	8.324324607849121
0	717	let	5.808381080627441	2.9546725749969482	2.9056711196899414	3.3206989765167236
0	718	me	1.098078727722168	0.8754783868789673	0.2189328670501709	0.7141170501708984
0	719	examine	12.08222770690918	8.25390911102295	7.708823204040527	8.327141761779785
0	720	the	0.6556335091590881	1.1993763446807861	1.584583044052124	1.0024943351745605
0	721	head	6.9463725090026855	8.548389434814453	8.569000244140625	8.303882598876953
0	722	of	0.5239224433898926	0.6145055294036865	0.814290463924408	0.6279212236404419
0	723	this	4.200713157653809	5.822786331176758	4.740594863891602	3.8190736770629883
0	724	monster,'	18.60786247253418	16.614120483398438	16.55744743347168	15.044661521911621
0	725	said	2.5648317337036133	2.394855260848999	2.179260015487671	2.1649117469787598
0	726	the	2.5983190536499023	2.5169622898101807	2.181246757507324	2.1130247116088867
0	727	Lord	8.800902366638184	8.875869750976562	8.720332145690918	7.272935390472412
0	728	of	0.8256976008415222	2.358581781387329	4.574608325958252	1.9929754734039307
0	729	the	0.8314511775970459	0.7125571370124817	0.43715521693229675	0.45753180980682373
0	730	Manor.	16.20989227294922	14.669999122619629	9.04118537902832	8.254047393798828
0	731	To	5.3199462890625	5.382915496826172	5.30893611907959	5.324127674102783
0	732	not	8.202825546264648	6.859734535217285	6.743966102600098	6.755598545074463
0	733	examine	9.736061096191406	9.874251365661621	9.265668869018555	9.045677185058594
0	734	the	0.6556335091590881	1.0774145126342773	1.316361665725708	1.2374827861785889
0	735	head	6.9463725090026855	8.548389434814453	8.772452354431152	8.559083938598633
0	736	in	4.097652435302734	4.290677547454834	4.158621788024902	3.8063206672668457
0	737	advance	8.395915031433105	7.21940803527832	7.63236665725708	6.945117950439453
0	738	had	9.159140586853027	7.486576080322266	7.623299598693848	7.953276634216309
0	739	not	4.401581764221191	3.5862669944763184	4.083388328552246	4.207129001617432
0	740	been	4.76829719543457	1.673398733139038	1.0914794206619263	1.1449816226959229
0	741	very	5.573439121246338	5.466334342956543	6.020633220672607	6.186603546142578
0	742	clever	6.335633277893066	7.399776935577393	7.602087020874023	6.88350772857666
0	743	on	5.176083087921143	4.949351787567139	4.012715816497803	3.9188382625579834
0	744	the	0.8019847273826599	1.4069114923477173	1.4578416347503662	1.3292356729507446
0	745	part	7.955329895019531	6.271493911743164	4.900739669799805	2.8176581859588623
0	746	of	0.03234042227268219	0.4491758942604065	0.003791621420532465	0.0021852501668035984
0	747	the	0.8314511775970459	0.9228397011756897	1.000901460647583	0.9383563995361328
0	748	huntsman.	17.350961685180664	16.383010864257812	17.94166374206543	15.449227333068848
0	749	Right	8.22347640991211	7.972726821899414	8.038515090942383	8.135137557983398
0	750	away,	7.293984413146973	4.670550346374512	4.599018096923828	4.745171070098877
0	751	the	3.0327534675598145	2.2027039527893066	2.3895411491394043	2.055689811706543
0	752	Lord	8.800902366638184	7.786369323730469	8.014766693115234	7.49556827545166
0	753	noticed	12.069483757019043	10.505447387695312	9.1433687210083	6.8186211585998535
0	754	the	2.3553590774536133	1.800032377243042	1.8557108640670776	1.9165540933609009
0	755	tongue	11.220219612121582	9.145251274108887	9.583085060119629	8.699042320251465
0	756	of	2.699469566345215	2.0328125953674316	2.4477415084838867	1.1049063205718994
0	757	the	0.8314511775970459	1.3474977016448975	1.1391127109527588	0.9822651147842407
0	758	boar	14.771283149719238	13.644308090209961	9.845712661743164	9.821645736694336
0	759	was	4.5657548904418945	2.9509007930755615	3.6779017448425293	3.317889451980591
0	760	missing	7.395246505737305	7.3328728675842285	7.412958145141602	6.590044975280762
0	761	and	4.06512451171875	2.9148142337799072	2.4303791522979736	2.4443650245666504
0	762	exclaimed,	13.4915771484375	13.766340255737305	13.571393013000488	13.252215385437012
0	763	'What	8.168513298034668	5.888760089874268	6.309226036071777	6.459287643432617
0	764	is	2.161264419555664	1.9189332723617554	1.7709866762161255	1.8898284435272217
0	765	this?	9.744897842407227	4.998598098754883	3.6880664825439453	3.2568247318267822
0	766	A	4.906065940856934	4.338437080383301	3.019876003265381	3.168236255645752
0	767	boar	13.049721717834473	11.817717552185059	11.445314407348633	10.648038864135742
0	768	with	4.43881893157959	3.9790501594543457	3.5221524238586426	3.2161407470703125
0	769	no	5.699457168579102	4.473043918609619	4.179483413696289	3.4234254360198975
0	770	tongue?'	23.220264434814453	20.966106414794922	14.655068397521973	15.609471321105957
0	771	He	3.225358486175537	3.31794810295105	3.3432698249816895	3.4398460388183594
0	772	looked	5.155279159545898	3.615788221359253	4.10817289352417	4.038444519042969
0	773	at	0.9126573801040649	1.66836416721344	1.1704078912734985	1.0070281028747559
0	774	the	0.8910643458366394	1.3527828454971313	1.5591059923171997	2.2996933460235596
0	775	huntsman,	17.084081649780273	19.18372344970703	15.260958671569824	13.416314125061035
0	776	dubiously.	16.94841766357422	17.683414459228516	18.34650421142578	17.096969604492188
0	777	'How	12.41712474822998	12.06866455078125	11.292612075805664	10.179872512817383
0	778	come	4.823132514953613	4.019711017608643	4.0416364669799805	3.930527687072754
0	779	this	8.769692420959473	3.539478302001953	3.7229299545288086	3.9675137996673584
0	780	creature	9.10820198059082	10.946240425109863	7.169517993927002	7.381143569946289
0	781	has	3.140249490737915	2.76192569732666	3.778578042984009	2.6573245525360107
0	782	no	4.3007659912109375	3.4075815677642822	2.944272518157959	3.126586437225342
0	783	tongue?'	23.220264434814453	21.053760528564453	20.376367568969727	18.56940269470215
0	784	he	3.564683437347412	3.925220012664795	3.7254786491394043	4.329229831695557
0	785	demanded.	10.666036605834961	7.008990287780762	6.4537577629089355	6.476397514343262
0	786	All	5.827680587768555	6.238385200500488	6.743133544921875	6.482503890991211
0	787	eyes	8.351778984069824	5.875687599182129	4.730217933654785	3.5148704051971436
0	788	were	3.854201555252075	1.2141845226287842	0.6569987535476685	0.8357101678848267
0	789	on	5.358283519744873	3.899693012237549	0.3483925461769104	0.4240257143974304
0	790	the	0.8019846081733704	1.160499930381775	1.6858075857162476	1.519456148147583
0	791	huntsman.	17.350961685180664	17.490203857421875	20.355175018310547	15.132295608520508
0	792	The	2.62400484085083	2.3326048851013184	2.402127504348755	2.5289695262908936
0	793	huntsman	14.023283004760742	7.446704387664795	4.071051120758057	4.162972450256348
0	794	questioned	11.10713005065918	9.707274436950684	9.957268714904785	9.71370792388916
0	795	by	2.64445161819458	2.582719564437866	6.077552795410156	7.332944869995117
0	796	the	1.1369577646255493	1.3902307748794556	1.86763334274292	1.4355260133743286
0	797	Lord	8.800902366638184	7.947739601135254	8.336467742919922	7.252138137817383
0	798	replied,	10.686878204345703	8.521013259887695	11.428535461425781	11.902121543884277
0	799	'I	5.219706058502197	4.682754993438721	5.134795188903809	5.151314735412598
0	800	cannot	5.20548152923584	4.581486701965332	4.3138813972473145	5.2264404296875
0	801	say,	8.680501937866211	7.824333190917969	6.0948615074157715	5.935222625732422
0	802	my	6.088756561279297	7.049222946166992	4.518092155456543	3.243720531463623
0	803	Lord.'	15.10429859161377	12.031549453735352	8.548544883728027	4.445982456207275
0	804	He	2.7652082443237305	2.6619620323181152	2.707874298095703	2.7522525787353516
0	805	was	1.9967880249023438	2.78129243850708	2.808098793029785	2.919701337814331
0	806	suddenly	8.446832656860352	8.102602005004883	7.667020797729492	7.354615211486816
0	807	realizing	9.540217399597168	8.315513610839844	7.911197662353516	9.526806831359863
0	808	his	5.146141052246094	3.989112377166748	4.1376848220825195	3.7428877353668213
0	809	tricky	13.27446174621582	12.013442993164062	11.919916152954102	11.752105712890625
0	810	situation	8.41235637664795	5.282975196838379	4.892970085144043	3.4663186073303223
0	811	could	5.425551414489746	6.372470378875732	5.825244903564453	4.448777198791504
0	812	end	7.068896770477295	4.998593330383301	5.032149791717529	4.22217321395874
0	813	badly	15.10184097290039	7.0183844566345215	4.1125407218933105	3.205226421356201
0	814	for	3.8943042755126953	0.9447665810585022	0.5639419555664062	0.4127047061920166
0	815	him.	6.664163112640381	4.5177130699157715	4.0829620361328125	3.826063394546509
0	816	Through	7.812805652618408	7.91373348236084	8.04934024810791	8.106945037841797
0	817	the	0.6984376311302185	1.6905235052108765	1.7314598560333252	1.5996872186660767
0	818	door	7.551383018493652	5.634581565856934	5.856314659118652	6.590611457824707
0	819	at	4.344563007354736	3.8014655113220215	4.017921447753906	3.5963022708892822
0	820	this	3.8111014366149902	4.641781806945801	4.269698143005371	4.544163227081299
0	821	moment,	7.009594440460205	4.50078010559082	4.769349098205566	4.375715732574463
0	822	the	2.5685818195343018	2.87465763092041	3.0491530895233154	3.235177755355835
0	823	first	3.885279655456543	4.9284563064575195	5.037199020385742	5.289833068847656
0	824	huntsman	17.191280364990234	16.765724182128906	13.483830451965332	14.216784477233887
0	825	burst.	15.794210433959961	15.210184097290039	15.469603538513184	14.432979583740234
0	826	'The	10.335458755493164	9.574470520019531	9.809101104736328	9.42945384979248
0	827	woes	12.925031661987305	12.619335174560547	12.232622146606445	12.220488548278809
0	828	of	1.4570260047912598	0.2580764889717102	0.32561367750167847	0.36704713106155396
0	829	Bradford	12.470582962036133	12.199203491210938	10.673415184020996	10.939766883850098
0	830	are	7.596919536590576	4.707901954650879	4.759666442871094	2.1354987621307373
0	831	ended!'	22.658201217651367	22.294042587280273	22.380104064941406	21.360132217407227
0	832	he	3.524043321609497	3.66339111328125	3.449333667755127	3.34714937210083
0	833	cried.	9.912342071533203	4.517978191375732	4.499764442443848	4.300180912017822
0	834	'I	6.537421226501465	6.091176986694336	2.4660794734954834	2.5457305908203125
0	835	have	3.131714344024658	2.982872247695923	2.8658080101013184	2.419112205505371
0	836	slain	11.023754119873047	11.086884498596191	9.515571594238281	9.056323051452637
0	837	the	3.9597537517547607	2.104426860809326	1.6907572746276855	2.0650012493133545
0	838	boar	14.771283149719238	9.091102600097656	9.262689590454102	9.241225242614746
0	839	the	5.861092567443848	5.961602687835693	5.6006178855896	5.190544128417969
0	840	people	6.711822986602783	7.001214027404785	6.218396186828613	6.93598747253418
0	841	of	3.9872522354125977	1.7213867902755737	1.9513154029846191	2.214728832244873
0	842	Bradford	12.470582962036133	10.09112548828125	9.236993789672852	8.630511283874512
0	843	dreaded!'	29.43581199645996	28.230581283569336	26.434955596923828	25.949085235595703
0	844	All	6.951032638549805	6.745112419128418	6.950029373168945	7.048951148986816
0	845	eyes	8.351778984069824	4.225835800170898	4.411897659301758	4.281991481781006
0	846	turned	7.380183219909668	2.317349910736084	1.3950295448303223	1.2458412647247314
0	847	to	2.6919119358062744	1.8829296827316284	0.36255472898483276	0.4575226306915283
0	848	the	2.496473789215088	1.9251999855041504	1.8027012348175049	1.2984267473220825
0	849	man	7.028679370880127	7.145589828491211	6.235857963562012	4.870905876159668
0	850	who	1.8068571090698242	1.8734489679336548	1.3530946969985962	1.5084760189056396
0	851	now	8.260196685791016	7.03768253326416	6.605716228485107	6.494989395141602
0	852	stood	9.308785438537598	8.452898025512695	7.708616256713867	6.464152812957764
0	853	in	2.305939197540283	2.247553825378418	2.0731124877929688	2.1842074394226074
0	854	the	0.8811151385307312	1.2089382410049438	1.2080658674240112	1.1245026588439941
0	855	doorway.	12.741739273071289	11.750225067138672	5.309207916259766	6.131711483001709
0	856	'The	9.726268768310547	9.807426452636719	9.909696578979492	9.664678573608398
0	857	reward	10.971114158630371	9.464033126831055	9.44681167602539	9.43680191040039
0	858	is	3.022153377532959	1.2967902421951294	1.134303092956543	1.065680742263794
0	859	already	5.327119827270508	6.944032669067383	7.091986656188965	6.460422515869141
0	860	given,'	18.934295654296875	17.642295837402344	13.494365692138672	6.310403347015381
0	861	said	2.2908480167388916	2.2758469581604004	2.7566113471984863	2.6305954456329346
0	862	the	2.5983190536499023	2.159595012664795	1.985739827156067	1.8546563386917114
0	863	Lord	8.800902366638184	8.875869750976562	7.485939025878906	7.234955787658691
0	864	of	0.8256976008415222	2.358581781387329	4.574608325958252	2.5147299766540527
0	865	the	0.8314511775970459	0.712557315826416	0.43715521693229675	0.45753172039985657
0	866	Manor.	16.20989227294922	14.669999122619629	9.04118537902832	8.254047393798828
0	867	'The	9.055116653442383	9.46492862701416	9.431124687194824	9.246246337890625
0	868	man	6.906898498535156	4.810335159301758	4.851290702819824	4.915409564971924
0	869	here	7.928200721740723	7.3933329582214355	6.435839653015137	6.911701202392578
0	870	has	4.563838005065918	3.9022374153137207	2.5019588470458984	2.4587740898132324
0	871	brought	6.854280471801758	6.493531703948975	6.12773323059082	6.4752960205078125
0	872	to	1.9492788314819336	2.834743022918701	3.0730767250061035	3.364114284515381
0	873	me	6.283012390136719	4.537109851837158	5.270842552185059	4.495253562927246
0	874	the	4.248244762420654	4.145130157470703	4.399238109588623	2.1010019779205322
0	875	boar's	16.74618148803711	15.297172546386719	16.324745178222656	15.17075252532959
0	876	head.'	9.86680793762207	9.99647045135498	8.617399215698242	10.449019432067871
0	877	'Then	8.344232559204102	8.059774398803711	7.743790626525879	7.878687858581543
0	878	where	6.271753311157227	5.385650157928467	5.484550476074219	5.543553352355957
0	879	is	4.84849214553833	1.5616894960403442	1.3759347200393677	1.1869292259216309
0	880	its	7.036205291748047	6.703097820281982	8.27563190460205	8.572243690490723
0	881	tongue?'	19.536638259887695	20.144790649414062	14.282917976379395	10.017955780029297
0	882	the	4.93467903137207	4.990038871765137	4.729569435119629	4.770524978637695
0	883	first	3.885279655456543	5.6879425048828125	5.722023963928223	5.756624698638916
0	884	huntsman	17.191280364990234	16.765724182128906	12.186003684997559	11.006848335266113
0	885	replied.	12.07625675201416	12.961834907531738	13.40898609161377	4.13926362991333
0	886	And,	8.962307929992676	9.21509838104248	9.395118713378906	9.26451301574707
0	887	so	5.570537567138672	5.4229230880737305	5.3845133781433105	5.092898368835449
0	888	saying,	11.47596549987793	8.934627532958984	7.369936943054199	6.19927978515625
0	889	he	5.139892578125	3.662076711654663	2.6856894493103027	0.8467013835906982
0	890	drew	6.93733549118042	8.02495288848877	6.533061504364014	5.237001419067383
0	891	out	2.2567148208618164	4.134832859039307	3.982863426208496	3.4373321533203125
0	892	the	2.9328787326812744	1.4196842908859253	1.346847653388977	1.249021291732788
0	893	boar's	16.74618148803711	15.782037734985352	14.397266387939453	13.055645942687988
0	894	tongue	5.569436550140381	5.520534515380859	5.33022403717041	5.131235122680664
0	895	he	8.043466567993164	6.435333251953125	6.54845666885376	6.8958845138549805
0	896	had	2.5938496589660645	3.0634963512420654	2.7831718921661377	2.7802391052246094
0	897	put	6.290199279785156	6.181478977203369	5.28194522857666	5.344265937805176
0	898	in	3.1770875453948975	2.863192558288574	2.4329771995544434	2.3679656982421875
0	899	his	4.20177698135376	4.262596607208252	3.3982372283935547	1.9463613033294678
0	900	hunting	11.64814281463623	9.95411205291748	10.711873054504395	10.948777198791504
0	901	pouch	13.289518356323242	11.990884780883789	10.122392654418945	8.672309875488281
0	902	and	2.0941450595855713	2.4349117279052734	1.5823076963424683	1.6822370290756226
0	903	related	9.186509132385254	9.792906761169434	8.38693904876709	9.205939292907715
0	904	how	10.777139663696289	10.260040283203125	10.826966285705566	11.260787963867188
0	905	he	3.366580009460449	3.6508562564849854	4.238123893737793	4.512262344360352
0	906	had	2.5938496589660645	3.5281074047088623	3.507359027862549	3.5362226963043213
0	907	ambushed	13.061188697814941	11.545838356018066	11.127201080322266	10.969291687011719
0	908	the	3.1541452407836914	1.7375047206878662	1.6985300779342651	1.6589155197143555
0	909	creature	9.69383716583252	8.250304222106934	8.886104583740234	8.551827430725098
0	910	in	3.108746290206909	4.01387357711792	2.2249460220336914	2.3319876194000244
0	911	the	0.8811151385307312	1.2347736358642578	1.7557265758514404	0.9876646995544434
0	912	wood	9.733165740966797	9.439212799072266	9.083457946777344	7.605578422546387
0	913	and	1.3936315774917603	2.3402886390686035	2.403395175933838	2.838966131210327
0	914	cut	8.091317176818848	6.5114264488220215	5.9815192222595215	5.979704856872559
0	915	out	2.3546106815338135	3.456674098968506	3.3243391513824463	2.810800075531006
0	916	its	7.10225772857666	5.733551979064941	5.496149063110352	5.498238563537598
0	917	tongue	9.99645709991455	8.815417289733887	6.453904628753662	6.1355414390563965
0	918	as	4.1278181076049805	3.688694477081299	3.333129405975342	4.219650745391846
0	919	proof	10.015453338623047	8.777593612670898	7.508976459503174	7.9316911697387695
0	920	of	0.3128192722797394	0.804002046585083	0.7083315849304199	0.5068612694740295
0	921	his	4.106517791748047	4.023983955383301	2.567899227142334	1.9858955144882202
0	922	victory.	10.09597396850586	9.693899154663086	7.791573524475098	7.889522552490234
0	923	Listening	10.802435874938965	10.36595630645752	10.317252159118652	10.406830787658691
0	924	to	1.372107744216919	0.10615416616201401	0.09649346023797989	0.10464739799499512
0	925	the	2.496473789215088	1.87553071975708	1.6630611419677734	1.6149362325668335
0	926	tale,	11.720345497131348	12.487933158874512	12.031185150146484	10.879508972167969
0	927	the	2.5872583389282227	2.7358431816101074	2.8905203342437744	2.6649718284606934
0	928	Lord	8.800902366638184	7.074485778808594	7.192612648010254	7.180802345275879
0	929	of	0.8256976008415222	2.358581781387329	1.0366158485412598	1.3701075315475464
0	930	the	0.8314511775970459	0.712557315826416	0.43715521693229675	0.44203075766563416
0	931	Manor	13.608880043029785	12.202245712280273	7.286388874053955	6.575675964355469
0	932	tried	10.722613334655762	9.335485458374023	9.490349769592285	7.661823272705078
0	933	to	0.028814809396862984	0.13914929330348969	0.156940758228302	0.1482105255126953
0	934	discern	10.509806632995605	8.526763916015625	9.017999649047852	9.212051391601562
0	935	which	5.481717109680176	3.331510066986084	3.881417751312256	3.8786163330078125
0	936	huntsman	22.43255615234375	13.108119010925293	13.23619556427002	13.310876846313477
0	937	was	4.279106140136719	4.769967079162598	3.094539165496826	2.7180373668670654
0	938	telling	7.477812767028809	7.7429986000061035	7.653900146484375	5.514958381652832
0	939	him	2.4726901054382324	3.2223644256591797	2.8636083602905273	2.891935348510742
0	940	the	4.548842430114746	3.319498300552368	3.5171866416931152	3.0056421756744385
0	941	truth	7.76505184173584	6.858263969421387	3.3588807582855225	2.8473644256591797
0	942	and	2.6589059829711914	2.7330384254455566	2.334918737411499	1.8060376644134521
0	943	what	5.95072078704834	4.589323043823242	4.635887145996094	4.903807163238525
0	944	the	3.814051628112793	3.237046480178833	2.9943466186523438	2.76501202583313
0	945	two	5.820158004760742	6.052878379821777	6.465090751647949	7.1528520584106445
0	946	huntsmen	14.716126441955566	12.471933364868164	11.843796730041504	11.764217376708984
0	947	were	3.967223644256592	3.0314502716064453	2.598681688308716	1.9158354997634888
0	948	thinking	8.39122486114502	8.218050003051758	8.646764755249023	7.867763996124268
0	949	as	5.985285758972168	5.3967790603637695	4.773192405700684	4.913937568664551
0	950	they	4.062800884246826	3.7192201614379883	1.7355915307998657	0.9557503461837769
0	951	waited	8.406696319580078	6.547037124633789	6.056941509246826	4.277705192565918
0	952	for	0.6553821563720703	1.3894307613372803	0.6950690746307373	0.5906194448471069
0	953	him	5.396734237670898	3.071998119354248	2.7592151165008545	3.2221808433532715
0	954	to	1.216689944267273	0.7572025060653687	0.354092001914978	0.4973236322402954
0	955	make	3.4973766803741455	4.39039421081543	4.0753936767578125	4.056303024291992
0	956	a	2.105494260787964	2.161684274673462	1.7411820888519287	1.7454500198364258
0	957	decision.	9.97964096069336	6.04739236831665	5.549952983856201	3.9049553871154785
0	958	Almost	8.603975296020508	8.478413581848145	8.585925102233887	8.504484176635742
0	959	instantly,	9.483845710754395	5.611418724060059	5.277042388916016	5.772480010986328
0	960	the	3.303690195083618	1.7141938209533691	1.6325335502624512	1.6942014694213867
0	961	Lord	8.800902366638184	8.227446556091309	7.8667144775390625	8.106026649475098
0	962	saw	9.072016716003418	6.361116886138916	5.5440521240234375	5.005613327026367
0	963	that	2.841064691543579	1.933727502822876	1.9994717836380005	1.9064083099365234
0	964	the	2.4105913639068604	2.2181928157806396	1.740837812423706	2.0920658111572266
0	965	second	5.2066755294799805	6.668160915374756	6.412009239196777	7.548296928405762
0	966	huntsman	18.71957778930664	17.413410186767578	15.13915729522705	14.560930252075195
0	967	had	5.5810546875	4.856115341186523	4.985145568847656	3.1995177268981934
0	968	fed	9.827754974365234	8.756555557250977	8.823714256286621	9.02513313293457
0	969	him	4.454341888427734	2.485020637512207	1.8930718898773193	1.7709741592407227
0	970	a	4.296932697296143	2.3748812675476074	2.6873557567596436	2.28948712348938
0	971	pack	9.27398681640625	8.882241249084473	7.3589677810668945	7.002682685852051
0	972	of	1.0720336437225342	0.3701108396053314	0.12114885449409485	0.06332032382488251
0	973	lies	11.172280311584473	9.320599555969238	7.323090553283691	8.274307250976562
0	974	and	3.328565835952759	1.1952710151672363	1.7450027465820312	1.5462753772735596
0	975	it	4.3671135902404785	4.790985107421875	6.789250373840332	5.904980182647705
0	976	was	1.676328420639038	2.0730209350585938	2.6977553367614746	2.173539400100708
0	977	the	3.51254940032959	3.2150051593780518	3.481389045715332	3.5220611095428467
0	978	first	3.885279655456543	2.4946389198303223	2.7349305152893066	2.1122562885284424
0	979	huntsman	17.191280364990234	16.765724182128906	14.949089050292969	16.364391326904297
0	980	who	3.10200572013855	3.2114977836608887	3.240812063217163	2.6895065307617188
0	981	was	3.069365978240967	2.7896909713745117	2.691423177719116	2.7984347343444824
0	982	the	3.51254940032959	3.783740282058716	4.030820369720459	4.089208602905273
0	983	true	8.09640884399414	7.240450859069824	8.238504409790039	6.359246253967285
0	984	savior	13.432180404663086	9.88484001159668	8.196847915649414	6.447959899902344
0	985	of	0.33370986580848694	1.009382724761963	0.2798639237880707	0.2473374754190445
0	986	Bradford.	14.798514366149902	13.477635383605957	14.198005676269531	13.530364990234375
0	987	The	2.4914026260375977	2.3077802658081055	2.5514540672302246	2.6455698013305664
0	988	Lord	7.322101593017578	8.660563468933105	7.091434478759766	8.868660926818848
0	989	believed	10.791765213012695	8.769460678100586	8.561047554016113	8.62887954711914
0	990	the	3.8722891807556152	2.74360990524292	2.893867254257202	2.948359489440918
0	991	second	5.2066755294799805	7.279402732849121	6.90499210357666	6.98895263671875
0	992	huntsman	18.71957778930664	17.413410186767578	15.195812225341797	16.593318939208984
0	993	had	5.5810546875	4.856115341186523	4.985145568847656	2.3927111625671387
0	994	tried	6.598124980926514	6.171086311340332	6.064537525177002	6.1384596824646
0	995	to	0.028814809396862984	0.3075835108757019	0.23844541609287262	0.2599489390850067
0	996	steal	7.964405059814453	5.8328142166137695	5.805820941925049	4.276185989379883
0	997	the	1.603189468383789	2.0087924003601074	1.6109529733657837	1.6886532306671143
0	998	first	3.885279655456543	6.567559719085693	6.386407852172852	6.803556442260742
0	999	huntsman's	20.826053619384766	20.564516067504883	16.746971130371094	16.417387008666992
0	1000	prize	8.142788887023926	7.466893196105957	7.145211219787598	6.325177192687988
0	1001	and	3.49165940284729	2.667186975479126	2.856184482574463	3.0483851432800293
0	1002	so	5.379825115203857	6.342377662658691	6.183698654174805	5.635362148284912
0	1003	proclaimed	15.50717830657959	13.179006576538086	12.409655570983887	10.295125961303711
0	1004	the	2.4530105590820312	2.2254371643066406	1.9758042097091675	2.1507318019866943
0	1005	first	3.885279655456543	4.800167560577393	5.285943984985352	5.135646820068359
0	1006	huntsman	17.191280364990234	16.765724182128906	14.893331527709961	13.436976432800293
0	1007	the	6.0250372886657715	5.890592098236084	6.009991645812988	5.862850189208984
0	1008	true	8.09640884399414	6.930830001831055	7.590627193450928	8.093099594116211
0	1009	victor.	14.500246047973633	10.448376655578613	8.578187942504883	8.76812744140625
0	1010	The	2.400479793548584	2.4851081371307373	2.3985698223114014	2.479705810546875
0	1011	Lord	7.322102069854736	7.453235626220703	7.510345935821533	7.63611364364624
0	1012	wondered	12.3529634475708	12.162322044372559	11.612665176391602	11.621405601501465
0	1013	for	5.088079452514648	4.306550025939941	4.499819278717041	4.443365097045898
0	1014	a	2.124596357345581	1.5995674133300781	0.39607271552085876	0.369997501373291
0	1015	moment	7.135542869567871	5.558642387390137	3.4498977661132812	1.0167243480682373
0	1016	why	9.100336074829102	9.295039176940918	7.389571189880371	5.026218414306641
0	1017	he	2.8291237354278564	3.0488812923431396	2.921243667602539	2.914118528366089
0	1018	always	7.443911552429199	6.668103218078613	6.393689155578613	6.608280658721924
0	1019	encountered	8.657231330871582	10.178627014160156	9.710235595703125	9.739608764648438
0	1020	so	6.604615688323975	5.117763042449951	5.787969589233398	4.292936325073242
0	1021	much	2.0013132095336914	2.687715530395508	3.8117425441741943	1.6591418981552124
0	1022	chicanery	17.069185256958008	14.767306327819824	13.048261642456055	11.429458618164062
0	1023	in	2.721769332885742	1.9647189378738403	2.267678737640381	1.9734477996826172
0	1024	his	4.20177698135376	4.09073543548584	3.298542022705078	3.7781543731689453
0	1025	everyday	11.669857025146484	8.983383178710938	8.133955955505371	8.057915687561035
0	1026	interactions.	10.539097785949707	8.938009262084961	8.27121353149414	6.402249336242676
0	1027	The	2.268995761871338	2.6875767707824707	2.983671188354492	3.0595993995666504
0	1028	huntsman	14.023283004760742	13.652353286743164	14.336334228515625	13.097183227539062
0	1029	who	3.10200572013855	4.545577049255371	4.843495845794678	4.700659275054932
0	1030	had	2.561211347579956	3.3422024250030518	3.029561996459961	3.588308572769165
0	1031	earned	7.439195156097412	7.233850955963135	6.6280517578125	7.857876777648926
0	1032	his	4.311906814575195	2.972993850708008	2.1619668006896973	1.111505150794983
0	1033	prize	10.409404754638672	7.944196701049805	7.850407600402832	8.308772087097168
0	1034	fair	11.242485046386719	10.505379676818848	9.681891441345215	9.106180191040039
0	1035	and	2.87158203125	2.495842456817627	1.962378978729248	0.36184927821159363
0	1036	square	12.353838920593262	4.972786903381348	10.978821754455566	1.4488333463668823
0	1037	received	12.724077224731445	9.408742904663086	11.257584571838379	8.904844284057617
0	1038	as	5.3053131103515625	4.162663459777832	4.5103349685668945	4.344015121459961
0	1039	his	6.044803619384766	4.435198783874512	6.235293865203857	5.4940080642700195
0	1040	reward	10.374733924865723	8.616312980651855	4.435036659240723	4.030396461486816
0	1041	a	5.278285026550293	6.2250189781188965	7.436095237731934	4.762517929077148
0	1042	piece	5.8114166259765625	7.631365776062012	5.236056804656982	5.281929016113281
0	1043	of	0.12908436357975006	0.12419501692056656	0.11053378880023956	0.027088340371847153
0	1044	land	8.798185348510742	4.85020637512207	4.671879768371582	3.188664436340332
0	1045	just	9.06040096282959	6.9070281982421875	5.20848274230957	5.338212966918945
0	1046	outside	7.941455364227295	2.412850856781006	2.2390449047088623	2.0718417167663574
0	1047	the	1.185901165008545	1.283701777458191	1.5938688516616821	1.424728274345398
0	1048	town,	9.725789070129395	7.864529609680176	6.850926399230957	5.257696628570557
0	1049	known	6.866452217102051	7.022322654724121	7.454050540924072	7.822082042694092
0	1050	thereafter	15.585967063903809	10.890018463134766	10.519107818603516	10.941554069519043
0	1051	as	2.961284875869751	0.9265323281288147	0.06201751157641411	0.07337649911642075
0	1052	Hunt	15.512916564941406	15.082435607910156	12.338044166564941	10.848555564880371
0	1053	Yard.	11.634486198425293	13.454275131225586	13.703673362731934	10.054193496704102
0	1054	His	5.359431266784668	5.062429428100586	5.364129066467285	5.0586628913879395
0	1055	fame	8.177417755126953	7.978593826293945	7.722469329833984	7.706155300140381
0	1056	was	3.6356358528137207	2.525200128555298	2.1958043575286865	2.2680253982543945
0	1057	indeed	8.542006492614746	7.825514793395996	7.631434440612793	8.051694869995117
0	1058	assured,	15.296753883361816	14.135294914245605	9.783624649047852	8.751203536987305
0	1059	but	3.0678083896636963	3.512699842453003	2.41666579246521	1.9177160263061523
0	1060	it	2.505795478820801	2.9252359867095947	3.0011649131774902	2.6829354763031006
0	1061	was	1.6763286590576172	2.136904716491699	1.9545884132385254	1.6204829216003418
0	1062	not	3.1249823570251465	3.5133681297302246	2.9802732467651367	2.6176328659057617
0	1063	nearly	7.849534034729004	7.218871593475342	6.9991936683654785	5.964225769042969
0	1064	as	5.485925197601318	0.6012846827507019	0.5221686363220215	0.5939157605171204
0	1065	lasting	11.76971435546875	10.633740425109863	9.136399269104004	9.46589469909668
0	1066	as	4.787556171417236	1.3668270111083984	0.37586843967437744	0.22234472632408142
0	1067	that	5.635648727416992	6.256850242614746	4.293996810913086	4.161172866821289
0	1068	of	6.011889934539795	1.7450026273727417	1.4077552556991577	0.6227055191993713
0	1069	the	0.8314559459686279	1.4761714935302734	1.535431146621704	1.6378488540649414
0	1070	fearsome	13.14808177947998	12.319129943847656	11.710744857788086	11.43958854675293
0	1071	Bradford	17.218650817871094	12.787175178527832	12.690851211547852	13.024979591369629
0	1072	Boar.	19.543306350708008	19.629819869995117	12.85577392578125	12.152144432067871
1	0	A	3.2247250080108643	3.2247250080108643	3.2247250080108643	3.2247250080108643
1	1	clear	8.100872039794922	8.100872039794922	8.100872039794922	8.100872039794922
1	2	and	3.103440046310425	3.150391101837158	3.150391101837158	3.150391101837158
1	3	joyous	11.037574768066406	11.512962341308594	11.731727600097656	11.731727600097656
1	4	day	3.589507579803467	5.548849105834961	5.6200337409973145	5.214001655578613
1	5	it	5.925723075866699	6.229547500610352	5.944432258605957	6.911997318267822
1	6	was	1.6763286590576172	1.5879861116409302	1.7721035480499268	1.8374338150024414
1	7	and	8.323444366455078	6.744141101837158	6.429183006286621	2.968951463699341
1	8	out	7.67486047744751	9.337505340576172	8.631855010986328	7.9984235763549805
1	9	on	4.056872367858887	4.435479640960693	4.545009136199951	4.879337310791016
1	10	the	0.8019846081733704	1.467551350593567	0.6166704297065735	0.6650503277778625
1	11	wide	9.354541778564453	8.870567321777344	8.176909446716309	7.426440238952637
1	12	open	6.335460662841797	2.012314796447754	2.4846465587615967	1.6893398761749268
1	13	sea,	10.342307090759277	7.776702880859375	5.960092544555664	5.243869304656982
1	14	thousands	7.948144912719727	8.080065727233887	7.4291486740112305	7.900332927703857
1	15	upon	11.940144538879395	3.742253303527832	3.771829128265381	2.988525390625
1	16	thousands	9.684183120727539	0.5732443332672119	0.05285479873418808	0.0379357784986496
1	17	of	0.015384894795715809	0.09614633023738861	0.0991474837064743	0.19243529438972473
1	18	sparkling	13.652154922485352	12.910554885864258	12.360960006713867	12.000675201416016
1	19	water	2.7238407135009766	2.3254027366638184	4.012488842010498	4.529147624969482
1	20	drops,	9.53079605102539	8.608068466186523	10.098557472229004	6.3656158447265625
1	21	excited	11.750633239746094	11.255453109741211	10.313841819763184	10.33973503112793
1	22	by	4.072503089904785	2.421919345855713	1.85038161277771	2.3935444355010986
1	23	getting	6.137582778930664	7.301458358764648	7.2685370445251465	7.88677978515625
1	24	to	2.860074043273926	3.4564995765686035	1.6175527572631836	1.97530996799469
1	25	play	5.108669281005859	4.008482456207275	5.4633378982543945	2.3449158668518066
1	26	in	2.2599284648895264	2.6323344707489014	2.1043689250946045	2.179630756378174
1	27	the	0.8811151385307312	1.3199752569198608	1.1041851043701172	1.2201405763626099
1	28	ocean,	10.352960586547852	9.087661743164062	10.079632759094238	10.646732330322266
1	29	danced	13.329187393188477	12.670684814453125	13.007729530334473	11.549215316772461
1	30	all	6.778598785400391	5.489460468292236	5.411142826080322	5.408943176269531
1	31	around.	8.523574829101562	5.767943382263184	5.340838432312012	5.070835113525391
1	32	One	5.29163932800293	5.162027359008789	5.285764217376709	4.963210105895996
1	33	of	0.4369952082633972	1.435760498046875	1.2031556367874146	1.2493096590042114
1	34	these	5.6566162109375	2.939929962158203	3.095116376876831	3.221430778503418
1	35	was	8.623632431030273	6.601738929748535	3.6538894176483154	3.9772398471832275
1	36	a	2.4355335235595703	2.5047266483306885	3.108044385910034	2.1671934127807617
1	37	merry	10.942837715148926	10.57288932800293	10.489723205566406	11.004013061523438
1	38	little	6.7013750076293945	4.070521354675293	4.251064777374268	4.026517391204834
1	39	fellow	10.124282836914062	6.5656609535217285	7.369721412658691	5.5539231300354
1	40	named	8.85052490234375	5.597254753112793	5.033134460449219	5.071188449859619
1	41	Aqua,	14.995738983154297	13.994864463806152	12.504693984985352	12.313166618347168
1	42	who	5.955939292907715	2.88437819480896	1.4683294296264648	1.3414027690887451
1	43	danced	10.454483032226562	9.415761947631836	9.26708698272705	10.021588325500488
1	44	on	2.7272610664367676	3.148749351501465	3.315462112426758	3.0886073112487793
1	45	the	0.8019847273826599	0.9896667003631592	1.0204839706420898	1.1179935932159424
1	46	silver	9.480090141296387	8.938411712646484	7.95604944229126	8.014579772949219
1	47	backs	9.775711059570312	8.526385307312012	8.280277252197266	8.052867889404297
1	48	of	2.2130961418151855	2.5987300872802734	1.446102261543274	0.6879890561103821
1	49	the	0.8314511775970459	1.4576971530914307	1.7855308055877686	1.3053929805755615
1	50	fishes	13.62453842163086	12.219462394714355	12.397562026977539	11.875761032104492
1	51	as	3.9934659004211426	4.780488967895508	4.695608139038086	3.8653717041015625
1	52	they	4.062800884246826	2.6513800621032715	2.022528886795044	2.3129653930664062
1	53	plunged	12.530033111572266	10.028814315795898	9.444314956665039	7.982663154602051
1	54	up	6.461459159851074	6.314870834350586	6.07511568069458	5.582099914550781
1	55	and	3.2627270221710205	2.6130177974700928	3.0620555877685547	2.38481068611145
1	56	down	9.104645729064941	2.651642084121704	1.0294761657714844	0.8501768708229065
1	57	in	2.6682372093200684	3.568148374557495	3.5322623252868652	2.380037307739258
1	58	the	0.8811151385307312	1.2091059684753418	1.1179840564727783	1.3713064193725586
1	59	waves,	12.912129402160645	12.984231948852539	11.245214462280273	10.504253387451172
1	60	and,	7.969921588897705	7.409917831420898	7.395018577575684	7.401799201965332
1	61	no	6.677994251251221	6.448403358459473	6.558986186981201	6.445906639099121
1	62	matter	3.0571537017822266	1.631113052368164	1.5161917209625244	1.3654234409332275
1	63	how	4.977685928344727	0.7816709876060486	0.677771270275116	0.5370677709579468
1	64	high	7.044929504394531	5.455464839935303	5.223320960998535	5.779854774475098
1	65	he	10.467464447021484	3.1875405311584473	3.5636277198791504	3.763254165649414
1	66	sprung,	16.363018035888672	16.023662567138672	14.558356285095215	13.653387069702148
1	67	he	4.27741813659668	3.256770372390747	3.4799461364746094	3.1590099334716797
1	68	always	7.443911552429199	6.8695573806762695	6.684826850891113	7.411476135253906
1	69	came	8.095928192138672	5.379937648773193	4.038494110107422	3.5417640209198
1	70	down	3.4208786487579346	3.263416051864624	4.200875282287598	4.0790863037109375
1	71	again	7.2062225341796875	6.933196067810059	7.082817077636719	6.869232654571533
1	72	into	4.944759845733643	4.438218593597412	4.633212566375732	4.860872745513916
1	73	his	4.014923572540283	3.7153031826019287	3.5169694423675537	3.4626197814941406
1	74	mother's	6.468059539794922	6.0093889236450195	5.646629810333252	5.582666397094727
1	75	lap.	9.614965438842773	8.68277359008789	6.198701858520508	4.656930923461914
1	76	His	4.983158111572266	4.737429618835449	4.243532657623291	3.314096689224243
1	77	mother,	5.965017318725586	6.866981506347656	5.22026252746582	4.207855224609375
1	78	you	6.617520332336426	8.282937049865723	8.427780151367188	7.4327497482299805
1	79	know,	4.157418251037598	2.8928427696228027	1.8253408670425415	1.957716464996338
1	80	was	5.871749401092529	6.15722131729126	4.760383129119873	2.5207409858703613
1	81	the	3.51254940032959	2.8282554149627686	2.878056526184082	3.568514585494995
1	82	ocean,	10.352960586547852	12.00317096710205	11.769946098327637	11.890175819396973
1	83	and	2.190732955932617	2.1365816593170166	1.7516121864318848	1.4673479795455933
1	84	very	7.135286808013916	7.698941707611084	7.66718053817749	7.6282243728637695
1	85	beautiful	5.812631607055664	6.166497230529785	6.928220272064209	6.828273773193359
1	86	she	8.510390281677246	8.226678848266602	7.7016987800598145	9.024394035339355
1	87	looked	5.086349010467529	5.333860397338867	4.553200721740723	4.459433555603027
1	88	that	8.067502975463867	7.073246479034424	5.316948890686035	5.245969295501709
1	89	summer	10.897684097290039	7.427660942077637	8.791316032409668	4.86387825012207
1	90	day	5.292452335357666	6.171523571014404	3.8876352310180664	3.288158655166626
1	91	in	2.9568657875061035	1.9914345741271973	0.9972013235092163	1.1223455667495728
1	92	her	5.417912483215332	5.268536567687988	5.69591760635376	6.2986040115356445
1	93	dark	8.983335494995117	8.28717041015625	8.585549354553223	7.850824356079102
1	94	blue	4.152045249938965	3.02010178565979	2.604494571685791	3.973433494567871
1	95	dress	6.9780192375183105	6.820960521697998	3.7485721111297607	2.640939712524414
1	96	and	2.0663318634033203	1.7107901573181152	1.8314995765686035	1.3307955265045166
1	97	white	7.565277576446533	6.341825008392334	3.5576441287994385	2.9986517429351807
1	98	ruffles.	15.141365051269531	12.53314208984375	10.012336730957031	9.967912673950195
1	99	By	5.998767375946045	6.046431064605713	6.078124523162842	6.136619567871094
1	100	and	8.690299034118652	5.519607067108154	6.046021461486816	6.109147071838379
1	101	by,	13.922740936279297	5.920513153076172	2.918360710144043	2.332996129989624
1	102	the	3.334799289703369	3.251751661300659	1.8616379499435425	1.9233145713806152
1	103	happy	11.330514907836914	10.2206392288208	10.012605667114258	9.086136817932129
1	104	water	10.987732887268066	9.061668395996094	9.449810981750488	9.750417709350586
1	105	drop	8.881765365600586	7.146594047546387	6.6592254638671875	6.009095191955566
1	106	tired	13.546683311462402	13.742547988891602	13.554184913635254	13.045210838317871
1	107	of	0.47599145770072937	2.2188661098480225	2.0098328590393066	2.0892372131347656
1	108	his	4.106517791748047	4.417760372161865	3.785895347595215	3.779696464538574
1	109	play,	11.005897521972656	9.402958869934082	8.725130081176758	8.13315200805664
1	110	and	2.218512535095215	2.0555343627929688	2.091496706008911	2.046325206756592
1	111	looking	8.14221477508545	7.9940996170043945	7.895660877227783	8.056395530700684
1	112	up	4.1184468269348145	4.316589832305908	4.151327133178711	4.296258449554443
1	113	to	0.8646060824394226	2.1140778064727783	2.137070894241333	1.8912245035171509
1	114	the	2.496473789215088	2.442763566970825	2.236062526702881	2.04944109916687
1	115	clear	9.302687644958496	9.792424201965332	10.682842254638672	9.515985488891602
1	116	sky	11.992094993591309	6.991899013519287	5.427665710449219	4.015359878540039
1	117	above	6.970372200012207	4.168551445007324	3.2814531326293945	3.603280544281006
1	118	him,	8.208532333374023	5.431637763977051	5.311878681182861	5.163518905639648
1	119	thought	8.406695365905762	8.667327880859375	9.03980827331543	9.163578987121582
1	120	he	2.738032341003418	2.0955400466918945	1.9817216396331787	2.0773327350616455
1	121	would	3.8460867404937744	2.0886106491088867	2.134133815765381	2.6400020122528076
1	122	like	5.4032487869262695	3.742095470428467	4.781800270080566	4.881169319152832
1	123	to	2.710651159286499	0.2217155247926712	0.28466561436653137	0.4880119562149048
1	124	have	4.363181114196777	3.594942092895508	4.130261421203613	3.5123777389526367
1	125	a	2.500119686126709	2.0519564151763916	1.6970772743225098	1.6308561563491821
1	126	sail	13.500450134277344	12.2820405960083	11.973188400268555	11.769569396972656
1	127	on	2.7958078384399414	2.6380081176757812	2.3512346744537354	2.168821096420288
1	128	one	6.1028900146484375	5.261775016784668	4.895934104919434	5.272139072418213
1	129	of	0.42252814769744873	1.3303776979446411	0.5294274687767029	0.7372913360595703
1	130	the	0.8314511775970459	0.6822420954704285	0.7951806783676147	0.6913259029388428
1	131	white,	11.142833709716797	11.727479934692383	13.116406440734863	12.366997718811035
1	132	marshmallow-like	15.599802017211914	12.561656951904297	13.016788482666016	13.181526184082031
1	133	clouds,	9.443822860717773	8.43075180053711	8.494969367980957	7.97413444519043
1	134	instead	7.207127571105957	7.413048267364502	7.335106372833252	6.848948955535889
1	135	of	0.11084569990634918	0.35647085309028625	0.21088549494743347	0.10092206299304962
1	136	spending	8.929203033447266	5.474749565124512	7.278850555419922	8.665645599365234
1	137	his	5.88690185546875	6.008613586425781	3.926391363143921	3.611858367919922
1	138	whole	7.607810020446777	4.012511730194092	4.58429479598999	4.442704200744629
1	139	life	6.491082668304443	2.079880475997925	0.6026148200035095	0.8056650161743164
1	140	in	1.860546588897705	3.312554359436035	3.5087103843688965	2.4182426929473877
1	141	the	0.8811151385307312	1.5734589099884033	1.7318874597549438	1.6831507682800293
1	142	ocean.	10.675470352172852	9.248506546020508	9.47008228302002	8.744611740112305
1	143	Of	6.151593208312988	6.3087053298950195	6.307992458343506	6.2747039794921875
1	144	the	1.09697425365448	2.100348711013794	2.4916555881500244	2.2542471885681152
1	145	sky,	9.5137357711792	12.110793113708496	10.830368995666504	10.150703430175781
1	146	little	8.628446578979492	8.439661979675293	7.869998455047607	7.122135162353516
1	147	Aqua	18.203096389770508	12.87389087677002	12.946985244750977	12.320987701416016
1	148	had	10.91223430633545	7.687309265136719	3.820763111114502	4.005875587463379
1	149	always	5.962987422943115	5.680049419403076	5.501965522766113	4.980658054351807
1	150	been	2.8940629959106445	1.1745587587356567	0.8458806872367859	1.6139192581176758
1	151	afraid,	11.676251411437988	10.972349166870117	9.029723167419434	9.281978607177734
1	152	but	2.337355613708496	2.1225435733795166	1.870200276374817	1.7629544734954834
1	153	he	3.0170810222625732	3.399031400680542	3.2764477729797363	3.546952247619629
1	154	decided	5.605752468109131	6.080432891845703	5.684797763824463	5.441407680511475
1	155	to	0.10698029398918152	0.31766483187675476	0.45572197437286377	0.48008447885513306
1	156	finally	10.663002014160156	7.275513648986816	6.840908050537109	7.399188041687012
1	157	face	8.54037094116211	5.6960296630859375	6.298183441162109	5.813024044036865
1	158	his	6.1366286277771	4.119433403015137	3.1247520446777344	3.0768954753875732
1	159	demons	11.735652923583984	7.4182844161987305	4.291667461395264	3.2073988914489746
1	160	and	2.0481133460998535	1.9358556270599365	1.3518953323364258	1.7853307723999023
1	161	suggested	9.413901329040527	10.394527435302734	9.533431053161621	11.33619213104248
1	162	a	4.703492164611816	3.089686393737793	3.823819398880005	3.5175528526306152
1	163	solution	7.966320037841797	5.01895809173584	4.822999000549316	5.52546501159668
1	164	involving	10.43587589263916	6.6997785568237305	4.845223426818848	4.587334632873535
1	165	the	1.1765083074569702	1.9080848693847656	2.1550698280334473	2.250288248062134
1	166	sun	7.889943599700928	9.275607109069824	8.751959800720215	8.089249610900879
1	167	carrying	10.156609535217285	10.215533256530762	9.41617202758789	8.739683151245117
1	168	him	5.154160976409912	4.911956787109375	4.862258434295654	7.639718532562256
1	169	up	5.732264995574951	4.202822685241699	4.02325963973999	3.712001323699951
1	170	to	0.8646060824394226	2.2161569595336914	1.290388822555542	1.2554808855056763
1	171	the	2.496473789215088	2.442763566970825	1.9891955852508545	0.9817678928375244
1	172	sky	8.421879768371582	8.043146133422852	7.309561252593994	6.34084415435791
1	173	would	5.488505840301514	5.925092697143555	6.7673797607421875	6.773083686828613
1	174	be	1.0127809047698975	1.4284509420394897	1.4136621952056885	1.3285808563232422
1	175	ideal.	12.133312225341797	9.230583190917969	9.367365837097168	10.469110488891602
1	176	The	2.6187589168548584	2.5749449729919434	2.6139767169952393	2.4632599353790283
1	177	sun	7.866347312927246	7.915679454803467	7.5421295166015625	7.502499103546143
1	178	understood	12.99381160736084	11.496132850646973	11.020126342773438	11.842119216918945
1	179	Aqua's	20.972408294677734	16.23674201965332	14.934553146362305	14.896753311157227
1	180	request	8.644208908081055	7.432381629943848	7.948155403137207	6.419755935668945
1	181	came	10.056778907775879	5.709711074829102	6.406026840209961	7.831509113311768
1	182	from	2.607189416885376	1.4522863626480103	1.8729119300842285	0.9673709273338318
1	183	his	4.058855056762695	4.495413303375244	4.377218246459961	3.802489757537842
1	184	heart,	7.426877975463867	7.536005020141602	6.574543476104736	8.836488723754883
1	185	so	4.376499176025391	4.269051551818848	4.413530349731445	4.051050186157227
1	186	he	4.247372627258301	3.133660316467285	1.790247917175293	1.6102126836776733
1	187	acquiesced	14.177971839904785	11.2852144241333	10.711751937866211	9.916014671325684
1	188	and	3.3191254138946533	2.8296570777893066	2.2393181324005127	1.843472957611084
1	189	also	5.241918563842773	6.387208938598633	6.299360275268555	6.489138126373291
1	190	took	6.342584609985352	6.661202430725098	4.535279750823975	4.508211135864258
1	191	ever	8.928936958312988	10.8775634765625	11.07518482208252	10.847738265991211
1	192	so	7.195425510406494	2.1233768463134766	1.952231764793396	1.81266450881958
1	193	many	2.9892163276672363	6.372468948364258	6.127717971801758	4.788183212280273
1	194	other	3.149432420730591	3.534381151199341	4.653202056884766	6.417780876159668
1	195	drops,	12.927057266235352	12.755973815917969	12.900888442993164	12.138542175292969
1	196	so	4.2119245529174805	3.5106682777404785	3.5422918796539307	3.2783076763153076
1	197	that	2.5957741737365723	3.165029764175415	2.719170570373535	3.1898019313812256
1	198	Aqua	15.084418296813965	14.325855255126953	14.059057235717773	13.095331192016602
1	199	might	11.335734367370605	6.763060092926025	5.423683166503906	5.408428192138672
1	200	not	2.716907501220703	1.971794843673706	2.5085301399230957	2.5008695125579834
1	201	be	2.3817813396453857	1.0149604082107544	0.8181381225585938	0.8648899793624878
1	202	lonesome	15.993889808654785	15.931922912597656	15.230219841003418	15.83385944366455
1	203	on	4.31583309173584	3.6795990467071533	4.210784435272217	4.249049186706543
1	204	the	0.8019846081733704	1.2476897239685059	1.2501018047332764	1.3600677251815796
1	205	way.	7.809144020080566	7.396208763122559	8.134227752685547	8.16404914855957
1	206	It	3.3675484657287598	3.398231029510498	3.45944881439209	3.6142849922180176
1	207	was	1.4277337789535522	1.9029024839401245	1.748469352722168	1.6410871744155884
1	208	only	4.851860523223877	4.184452056884766	4.148512840270996	4.302798271179199
1	209	the	3.372938871383667	3.2911038398742676	3.2492835521698	3.3883018493652344
1	210	sun	7.889943599700928	8.311299324035645	9.246184349060059	7.796968460083008
1	211	that	4.3735456466674805	4.511573791503906	4.296137809753418	1.3611162900924683
1	212	knew	9.531676292419434	9.195308685302734	9.143562316894531	8.763114929199219
1	213	this,	6.8230366706848145	6.838847637176514	8.858781814575195	8.324959754943848
1	214	however,	4.541770935058594	6.128268718719482	6.293269157409668	6.921645164489746
1	215	for	5.259552001953125	5.769732475280762	4.845145225524902	5.686240196228027
1	216	all	4.109513759613037	4.055429935455322	3.9705042839050293	4.275544166564941
1	217	the	1.5743985176086426	2.165125608444214	1.5260589122772217	1.796866536140442
1	218	other	5.131262302398682	3.6798207759857178	4.087033271789551	4.9165263175964355
1	219	drops	10.477559089660645	10.917503356933594	10.02586555480957	10.483092308044434
1	220	had	8.010995864868164	7.054035186767578	6.222729682922363	6.0163373947143555
1	221	been	1.1064952611923218	1.6125774383544922	1.6684250831604004	1.8792763948440552
1	222	changed	6.64414644241333	7.305594444274902	7.006143569946289	6.489173889160156
1	223	into	3.34233021736145	4.066581726074219	3.6321797370910645	4.570959568023682
1	224	fine	11.017755508422852	8.898721694946289	9.692190170288086	9.250397682189941
1	225	mist	13.04686164855957	7.471184253692627	6.448698997497559	8.63999080657959
1	226	or	5.531098365783691	3.9255447387695312	2.964416980743408	3.2638790607452393
1	227	vapor	11.405314445495605	9.343957901000977	6.708764553070068	6.032487869262695
1	228	and	2.6615636348724365	4.184938430786133	3.7065210342407227	3.5993411540985107
1	229	Aqua	13.215644836425781	12.375362396240234	13.899747848510742	14.231245040893555
1	230	could	11.231449127197266	7.237336158752441	6.773316383361816	6.918018341064453
1	231	not	3.5284476280212402	2.888261318206787	2.3171491622924805	3.4283056259155273
1	232	see	5.269402027130127	4.049053192138672	4.107455253601074	3.6708767414093018
1	233	them.	7.321285247802734	5.937067985534668	5.63850736618042	5.455495357513428
1	234	Do	6.49793815612793	6.211569309234619	6.441230297088623	7.613652229309082
1	235	you	0.617211103439331	0.9943207502365112	0.9691576957702637	0.8244580626487732
1	236	know	3.2610116004943848	2.2620902061462402	2.029489040374756	1.9269092082977295
1	237	what	1.6367398500442505	1.8951255083084106	1.3742035627365112	1.203402042388916
1	238	vapor	17.58538055419922	14.013431549072266	14.433472633361816	13.542174339294434
1	239	is?	10.885598182678223	7.160711288452148	4.051590442657471	2.640139102935791
1	240	If	3.8850154876708984	3.990656852722168	4.286089897155762	4.2860331535339355
1	241	you	0.563559889793396	1.4349911212921143	1.522416114807129	1.2474616765975952
1	242	breathe	11.200693130493164	10.370231628417969	9.782936096191406	5.1379523277282715
1	243	into	3.593569755554199	3.1903531551361084	3.335383892059326	3.4863178730010986
1	244	the	0.7223832607269287	1.6448320150375366	1.7663360834121704	1.7000762224197388
1	245	air,	8.434732437133789	6.399435043334961	5.291593074798584	4.6607255935668945
1	246	when	5.815561771392822	5.7407073974609375	6.084197998046875	6.3105692863464355
1	247	it	2.5325117111206055	2.7349681854248047	2.8548712730407715	2.8329763412475586
1	248	is	1.4371814727783203	3.1141767501831055	2.3605356216430664	2.473287343978882
1	249	cold	10.423442840576172	8.934253692626953	7.548772811889648	5.662997722625732
1	250	enough,	9.278606414794922	6.065619945526123	5.217321395874023	4.169707298278809
1	251	you	3.706235885620117	3.468125820159912	3.0657565593719482	2.9890968799591064
1	252	will	3.313790798187256	2.65508770942688	3.0599441528320312	3.281162738800049
1	253	see	4.835774898529053	2.926044464111328	3.642059564590454	3.043407678604126
1	254	it	2.859945774078369	3.8332231044769287	3.7479171752929688	3.877582311630249
1	255	coming	10.153193473815918	5.584963321685791	4.7306976318359375	5.502235412597656
1	256	out	2.2589120864868164	3.1342623233795166	4.665750026702881	4.457587242126465
1	257	of	0.4698842167854309	0.7869894504547119	0.9827790260314941	0.5217871069908142
1	258	your	4.806861877441406	4.283438682556152	4.559973239898682	2.9534671306610107
1	259	mouth	6.297554016113281	7.936959743499756	4.662662506103516	2.782850503921509
1	260	thick	11.018472671508789	9.609102249145508	10.471704483032227	10.416441917419434
1	261	and	2.057380437850952	1.804069995880127	1.047753930091858	1.0838401317596436
1	262	fast	8.906085968017578	7.048708915710449	6.555776596069336	6.185051918029785
1	263	like	6.444235324859619	6.875572204589844	3.5802013874053955	3.0140929222106934
1	264	steam.	13.401039123535156	9.652778625488281	9.714469909667969	8.580068588256836
1	265	When	4.367599010467529	4.184380531311035	3.873002052307129	3.8989439010620117
1	266	the	2.388214349746704	1.7775627374649048	2.322876214981079	2.2160120010375977
1	267	vapor	12.261942863464355	10.916247367858887	7.980312347412109	7.589870452880859
1	268	is	2.1642568111419678	3.580967426300049	2.004689931869507	1.8657760620117188
1	269	quite	5.976577281951904	6.260073661804199	5.769077777862549	6.6915507316589355
1	270	near	8.220046997070312	7.896267890930176	7.34819221496582	7.568812370300293
1	271	the	0.448859840631485	1.1644858121871948	1.1811447143554688	1.1526070833206177
1	272	earth,	10.086299896240234	9.844019889831543	8.694042205810547	8.34330940246582
1	273	we	4.449404716491699	4.806713581085205	4.890016555786133	4.863204002380371
1	274	call	6.434476375579834	5.585779190063477	5.519286632537842	5.241399765014648
1	275	it	2.8062872886657715	2.0929956436157227	1.4562615156173706	1.441195011138916
1	276	'fog'.	22.58416175842285	15.818034172058105	14.876509666442871	15.471933364868164
1	277	Into	9.94060230255127	10.33287239074707	10.763482093811035	10.771707534790039
1	278	vapor	14.798826217651367	11.48423957824707	11.659553527832031	11.587657928466797
1	279	the	8.688716888427734	6.280163288116455	4.671079158782959	4.400537490844727
1	280	water	6.971478462219238	5.243943214416504	5.075533866882324	4.486355781555176
1	281	drops	7.73561429977417	7.46530818939209	6.34237813949585	5.091490745544434
1	282	that	4.839268684387207	3.453838348388672	3.5486578941345215	5.431941986083984
1	283	danced	14.353507041931152	12.234365463256836	9.867374420166016	9.516243934631348
1	284	in	1.7653679847717285	2.2537100315093994	2.0711584091186523	1.9814491271972656
1	285	the	0.8811151385307312	1.2210071086883545	0.7520024180412292	0.9748824834823608
1	286	ocean	9.015630722045898	8.118183135986328	6.867566108703613	8.174617767333984
1	287	had	6.939896106719971	6.048584461212158	5.890307426452637	6.403922080993652
1	288	been	1.1064952611923218	2.0452322959899902	1.797499179840088	1.7165008783340454
1	289	changed,	8.806254386901855	9.661764144897461	7.915971279144287	8.404021263122559
1	290	because	4.998860836029053	4.789663791656494	4.863492965698242	5.2644572257995605
1	291	in	6.305597305297852	4.34210205078125	4.317289352416992	4.25843620300293
1	292	their	4.354757308959961	4.810901641845703	4.7371110916137695	4.853748321533203
1	293	own	1.7204675674438477	2.8689866065979004	2.9927000999450684	3.4192452430725098
1	294	shape	10.282700538635254	9.887765884399414	10.111717224121094	9.964624404907227
1	295	they	7.4825053215026855	6.07230806350708	6.316071510314941	6.35129451751709
1	296	were	2.3084557056427	3.0842370986938477	2.991616725921631	3.484037160873413
1	297	too	5.891396999359131	5.352104187011719	6.8250603675842285	5.042668342590332
1	298	heavy	7.348371505737305	5.326678276062012	5.473446846008301	4.835272789001465
1	299	for	5.908736228942871	1.7174935340881348	1.1696637868881226	1.2947219610214233
1	300	the	1.2972720861434937	2.1601290702819824	2.2415988445281982	1.8089699745178223
1	301	sunbeams	13.832991600036621	14.808980941772461	15.276569366455078	15.36674976348877
1	302	that	3.1347689628601074	3.1821110248565674	2.821295976638794	2.759859085083008
1	303	the	2.4105913639068604	4.73631477355957	4.486482620239258	4.489593982696533
1	304	sun	7.889943599700928	7.689647674560547	3.10854434967041	2.636735200881958
1	305	let	10.543526649475098	10.04799747467041	10.849509239196777	10.701226234436035
1	306	out	5.300201416015625	1.7396240234375	1.6457388401031494	2.0363969802856445
1	307	to	2.9900057315826416	6.5381669998168945	6.453008651733398	5.661525249481201
1	308	carry.	11.200264930725098	13.091440200805664	13.487669944763184	13.700485229492188
1	309	Higher	9.699928283691406	9.428106307983398	9.747428894042969	10.041475296020508
1	310	and	4.612488746643066	5.145386219024658	4.841846466064453	4.646790981292725
1	311	higher	8.757781982421875	2.2277474403381348	0.685330331325531	0.6269292831420898
1	312	they	10.919787406921387	7.831784248352051	5.276572227478027	5.481756210327148
1	313	sailed,	15.457332611083984	12.300727844238281	11.6324462890625	10.787591934204102
1	314	and	2.0036914348602295	1.6236696243286133	1.6222937107086182	1.509221076965332
1	315	though	9.001693725585938	6.815908432006836	6.560911655426025	6.24522590637207
1	316	it	2.002842664718628	2.3773083686828613	2.7892301082611084	3.069298267364502
1	317	was	1.6763286590576172	2.05566143989563	2.0434350967407227	1.0926135778427124
1	318	grand,	13.954054832458496	12.87621021270752	12.656731605529785	10.764002799987793
1	319	Aqua	13.764180183410645	14.206842422485352	14.28950309753418	13.163276672363281
1	320	and	6.352481365203857	3.6232528686523438	3.760632276535034	3.479210376739502
1	321	his	5.2032270431518555	5.589689254760742	4.348740577697754	3.678921699523926
1	322	friends	5.815455913543701	4.149340629577637	2.891972303390503	1.8220036029815674
1	323	were	3.5262186527252197	3.1875646114349365	2.3878862857818604	2.7156574726104736
1	324	like	6.6964287757873535	6.519342422485352	6.8212480545043945	7.437826156616211
1	325	fish	10.356812477111816	7.634803771972656	9.399635314941406	7.473893642425537
1	326	out	6.153238773345947	4.620154857635498	1.3537875413894653	0.8598183393478394
1	327	of	0.4698842167854309	0.34634488821029663	0.011160476133227348	0.001935289241373539
1	328	water,	8.384649276733398	9.137964248657227	5.940954208374023	1.5694204568862915
1	329	so	4.127350330352783	4.094796180725098	3.742767572402954	3.7804949283599854
1	330	they	3.675117015838623	3.043114185333252	3.2423086166381836	2.6160888671875
1	331	grew	7.7063307762146	8.264890670776367	8.142058372497559	8.02509880065918
1	332	quite	9.199789047241211	6.8555827140808105	5.905917644500732	5.821226596832275
1	333	dizzy.	13.387907028198242	10.12237548828125	10.06322193145752	10.166282653808594
1	334	They	4.162439346313477	4.018962860107422	4.229568958282471	2.2535016536712646
1	335	enjoyed	8.949374198913574	8.421442031860352	8.353686332702637	8.33751106262207
1	336	looking	8.827492713928223	7.34658670425415	6.12398624420166	5.8789873123168945
1	337	down	4.603687763214111	4.360640525817871	3.5357532501220703	3.0049495697021484
1	338	on	2.3640475273132324	1.6551131010055542	1.3017306327819824	1.1678627729415894
1	339	the	0.8019846081733704	1.5590845346450806	1.8695976734161377	1.9107342958450317
1	340	world	5.029668807983398	6.587774753570557	6.680691242218018	4.214972019195557
1	341	below,	12.003622055053711	9.827133178710938	9.411552429199219	9.342320442199707
1	342	while	5.42732572555542	4.977773666381836	5.112209320068359	4.991220951080322
1	343	the	2.066648483276367	1.817693829536438	1.6795575618743896	1.8787944316864014
1	344	wind	8.475168228149414	7.780425071716309	8.824905395507812	6.405331134796143
1	345	scattered	12.58481216430664	9.652451515197754	9.24304485321045	9.051061630249023
1	346	them	7.26977014541626	6.462055206298828	4.086153507232666	3.452335834503174
1	347	across	6.8964457511901855	3.3783469200134277	2.714813470840454	2.9809396266937256
1	348	the	0.2932813763618469	0.3715517222881317	0.47392648458480835	0.2528766393661499
1	349	four	7.666913986206055	7.202763080596924	7.748325824737549	7.177718162536621
1	350	corners	8.667770385742188	4.454834461212158	2.2451179027557373	2.173513174057007
1	351	of	0.22862067818641663	0.7832348942756653	0.3030198812484741	0.21022599935531616
1	352	the	0.8314511775970459	0.6293001770973206	0.41932377219200134	0.44122758507728577
1	353	earth,	10.086299896240234	9.125287055969238	5.860976219177246	4.874489784240723
1	354	but	3.0432047843933105	3.061525821685791	3.2639520168304443	3.320155620574951
1	355	after	6.155478477478027	6.025354862213135	5.848186492919922	5.9109954833984375
1	356	a	2.412926197052002	2.2826573848724365	2.4033799171447754	2.7916040420532227
1	357	while	10.808393478393555	5.971254348754883	3.060020923614502	2.011381149291992
1	358	it	3.142012596130371	5.330168724060059	2.8501617908477783	2.279162883758545
1	359	grew	8.63456916809082	8.103048324584961	6.719871520996094	5.544278621673584
1	360	nearly	7.591861724853516	7.326625823974609	7.418683052062988	7.989834785461426
1	361	time	9.153726577758789	10.364974975585938	9.799474716186523	10.284225463867188
1	362	for	3.0165486335754395	2.010488510131836	3.443136692047119	2.4220199584960938
1	363	the	1.2972720861434937	2.0900824069976807	2.0047988891601562	1.924819827079773
1	364	sun	7.889943599700928	8.976587295532227	6.999763488769531	6.92234992980957
1	365	to	4.3346405029296875	3.4511396884918213	1.4040963649749756	0.17135320603847504
1	366	go	4.874555587768555	4.772494316101074	4.414727210998535	3.9849720001220703
1	367	to	1.3432135581970215	1.710318684577942	2.98392391204834	3.23380184173584
1	368	bed.	11.7220458984375	6.646730422973633	6.094015598297119	5.064996719360352
1	369	He	2.907688617706299	3.039487361907959	3.6342389583587646	3.1683363914489746
1	370	became	5.98228645324707	6.425714492797852	6.813718795776367	6.684608459472656
1	371	very	4.02924919128418	4.373084545135498	3.274643898010254	2.94423508644104
1	372	red	10.549728393554688	8.806938171386719	8.829523086547852	8.036247253417969
1	373	in	4.682918548583984	3.437934398651123	1.8695943355560303	1.4523062705993652
1	374	the	0.8811151385307312	1.4630801677703857	1.2965242862701416	1.1223623752593994
1	375	face,	9.824007034301758	8.220321655273438	4.484246253967285	2.3468408584594727
1	376	and	2.354689836502075	2.217359781265259	2.065725088119507	2.0371716022491455
1	377	began	8.232589721679688	6.879318714141846	7.218148231506348	7.0518107414245605
1	378	to	0.7364976406097412	1.2166578769683838	0.8408030867576599	0.7943721413612366
1	379	sink	8.970519065856934	6.30459451675415	7.070868968963623	6.970682144165039
1	380	lower	10.095754623413086	5.702737331390381	5.42918586730957	5.1471266746521
1	381	and	3.5176234245300293	1.6644880771636963	1.5312246084213257	0.8812257051467896
1	382	lower,	12.157608032226562	3.86740779876709	2.4448082447052	2.6806578636169434
1	383	until	7.3463215827941895	6.624874114990234	3.4075403213500977	2.8131394386291504
1	384	suddenly	10.277053833007812	6.929142951965332	7.753783226013184	6.040124416351318
1	385	he	6.470195770263672	2.6019392013549805	1.9904224872589111	2.1978530883789062
1	386	went	4.834250450134277	5.157358169555664	5.392829895019531	5.224404335021973
1	387	clear	9.07254409790039	8.497239112854004	7.932914733886719	8.039457321166992
1	388	out	5.929465293884277	3.1087186336517334	3.5134944915771484	3.1021251678466797
1	389	of	0.4698842167854309	1.8375718593597412	0.7003534436225891	0.7706372141838074
1	390	sight!	16.780174255371094	9.853598594665527	9.790666580200195	9.61113452911377
1	391	Poor	9.017905235290527	8.870857238769531	8.785444259643555	9.054121017456055
1	392	little	8.340117454528809	3.1075711250305176	2.860246419906616	2.9131979942321777
1	393	Aqua,	22.099044799804688	15.425466537475586	14.031658172607422	14.329559326171875
1	394	frightened	13.869020462036133	11.613057136535645	10.076251029968262	9.584176063537598
1	395	by	1.5526282787322998	1.5046494007110596	1.8986704349517822	1.7023324966430664
1	396	the	1.1369578838348389	0.9466272592544556	0.8550107479095459	1.0245959758758545
1	397	impending	11.066046714782715	10.780964851379395	6.951345443725586	6.669259071350098
1	398	cold	9.144379615783691	7.268056869506836	6.80513858795166	6.970732688903809
1	399	and	1.973436713218689	3.309683322906494	3.7714085578918457	2.982790231704712
1	400	darkness,	12.178043365478516	9.299152374267578	6.92225456237793	5.033282279968262
1	401	wished	11.6078519821167	11.232942581176758	11.2098388671875	10.928363800048828
1	402	he	5.226343631744385	2.6071512699127197	3.195591926574707	2.815915822982788
1	403	could	4.373392105102539	1.3249154090881348	0.8614975214004517	0.9528372287750244
1	404	sleep	9.122044563293457	7.142586708068848	6.243405342102051	5.719422340393066
1	405	not	8.346288681030273	7.759151458740234	7.8701276779174805	7.66080379486084
1	406	in	5.264008522033691	3.4085206985473633	3.6882739067077637	3.2571020126342773
1	407	the	0.8811151385307312	1.4871922731399536	1.8841626644134521	1.5118435621261597
1	408	sky,	9.5137357711792	8.332511901855469	9.418947219848633	8.60396957397461
1	409	but	2.901315689086914	2.8887386322021484	2.8583528995513916	1.6240220069885254
1	410	somewhere	10.662108421325684	9.216643333435059	9.39138412475586	9.477564811706543
1	411	closer	8.445524215698242	7.6544270515441895	6.792117595672607	6.833654880523682
1	412	to	0.07302244752645493	0.09565239399671555	0.10810504853725433	0.21374201774597168
1	413	earth.	12.534626007080078	8.890151977539062	8.12993049621582	9.062705993652344
1	414	Then	5.873404026031494	5.8754072189331055	5.927980422973633	5.684963703155518
1	415	Aqua	15.049633026123047	12.480232238769531	12.652031898498535	12.08204460144043
1	416	heard	15.029510498046875	8.39476490020752	7.672165870666504	7.856834411621094
1	417	the	2.3331868648529053	1.8061027526855469	1.7487369775772095	1.6489216089248657
1	418	wind	8.475168228149414	7.6352643966674805	5.69416618347168	6.069925308227539
1	419	blow	7.36163854598999	7.48443078994751	3.266376495361328	3.290767192840576
1	420	and	5.404698848724365	3.747600793838501	2.7253470420837402	2.671780586242676
1	421	conjectured	17.612459182739258	15.253907203674316	17.073570251464844	17.31694793701172
1	422	that	1.01703941822052	0.6876550912857056	0.5446423888206482	0.5141882300376892
1	423	maybe	8.841662406921387	6.608646869659424	6.310922622680664	5.745894432067871
1	424	the	2.8978354930877686	2.758837938308716	1.9418240785598755	1.9115500450134277
1	425	wind	8.475168228149414	8.121179580688477	8.117262840270996	7.692804336547852
1	426	could	7.064443588256836	5.107454776763916	3.4411115646362305	2.9903221130371094
1	427	take	4.491621017456055	5.528512954711914	4.723649024963379	4.131328582763672
1	428	him	4.336325168609619	4.343718528747559	4.794796943664551	2.954603672027588
1	429	back	4.936373710632324	3.122629165649414	3.500800609588623	4.372452735900879
1	430	down	5.090259075164795	4.5278143882751465	5.126138210296631	5.316431999206543
1	431	to	1.5280635356903076	1.0550014972686768	1.0630548000335693	0.6028828620910645
1	432	the	2.496473789215088	1.667730450630188	1.4532661437988281	1.4967265129089355
1	433	ocean.	10.675470352172852	9.772988319396973	9.169637680053711	8.018431663513184
1	434	Indeed,	7.0402069091796875	7.190393447875977	7.233675956726074	7.608013153076172
1	435	the	1.9152265787124634	1.9184715747833252	1.8584825992584229	1.8364938497543335
1	436	wind	8.475168228149414	9.36300277709961	7.178647041320801	7.2556352615356445
1	437	took	8.86345100402832	7.736311435699463	7.314507484436035	7.5716023445129395
1	438	pity	10.341243743896484	11.193085670471191	8.205586433410645	7.272535800933838
1	439	on	3.854360818862915	0.0804821252822876	0.05902441591024399	0.08302246034145355
1	440	him	6.3870649337768555	4.151679992675781	2.18819522857666	2.677738904953003
1	441	and	3.0173850059509277	1.9989124536514282	1.9863566160202026	0.2105109691619873
1	442	fanned	13.217387199401855	12.095453262329102	11.238777160644531	12.333390235900879
1	443	him,	8.8950834274292	8.452164649963379	5.898495674133301	5.346853256225586
1	444	together	9.18447494506836	8.940230369567871	8.750895500183105	8.837004661560059
1	445	with	0.772743284702301	0.16767244040966034	0.3101762533187866	0.26534801721572876
1	446	all	4.42686128616333	5.044505596160889	3.250936985015869	3.8204779624938965
1	447	of	1.2961466312408447	1.8946417570114136	1.935690999031067	3.251667022705078
1	448	his	4.106517791748047	3.573651075363159	3.1653692722320557	3.440901756286621
1	449	brothers	7.260469913482666	7.318134307861328	6.988445281982422	6.869611740112305
1	450	and	1.6458711624145508	1.9142892360687256	1.6847528219223022	1.7402740716934204
1	451	sisters,	13.869362831115723	2.66986083984375	2.7834815979003906	2.425204277038574
1	452	into	8.601519584655762	7.976675987243652	7.933408737182617	8.319071769714355
1	453	a	1.5619430541992188	2.0379509925842285	2.271975040435791	2.2260944843292236
1	454	heavy	7.524715423583984	8.253725051879883	8.777162551879883	8.739127159118652
1	455	gray	10.377111434936523	8.806282997131348	6.582638263702393	6.010674476623535
1	456	cloud,	11.16494083404541	7.179107666015625	5.800485610961914	4.523127555847168
1	457	after	6.689345836639404	6.708523750305176	6.860701084136963	7.075797080993652
1	458	which	7.661059379577637	2.194122314453125	1.914236307144165	1.4736764430999756
1	459	he	3.8678364753723145	2.226940870285034	2.924187183380127	2.7643606662750244
1	460	blew	8.655295372009277	9.353103637695312	8.568634033203125	8.173564910888672
1	461	them	5.850435256958008	5.1223273277282715	6.018260955810547	5.9593305587768555
1	462	apart	9.839310646057129	4.543819427490234	6.093392848968506	5.613011837005615
1	463	and	3.463719129562378	1.9600768089294434	1.4734196662902832	1.8782830238342285
1	464	told	7.270203113555908	5.953158855438232	6.276707649230957	6.714211463928223
1	465	them	3.6885793209075928	2.404923915863037	2.1539082527160645	1.441460371017456
1	466	to	1.2660491466522217	1.6441295146942139	1.4557809829711914	1.315628170967102
1	467	hurry	10.862916946411133	9.713522911071777	6.058193683624268	5.839160919189453
1	468	down,	7.59598445892334	7.941592216491699	7.565717697143555	7.519413471221924
1	469	fast	9.567340850830078	9.118558883666992	8.232268333435059	8.504323959350586
1	470	and	1.8317463397979736	1.764317274093628	1.701493501663208	1.950989007949829
1	471	furious	12.765181541442871	3.5399062633514404	2.5625643730163574	2.964683771133423
1	472	to	2.6746225357055664	3.7860281467437744	4.163161277770996	3.4770755767822266
1	473	the	2.496473789215088	3.5303592681884766	2.679602861404419	3.10659122467041
1	474	earth,	10.086299896240234	9.418581008911133	9.029098510742188	9.710968017578125
1	475	so	4.52239465713501	4.314062118530273	4.187857151031494	4.444675445556641
1	476	they	3.675117015838623	3.4810433387756348	3.586372137069702	3.393465280532837
1	477	could	4.126204490661621	2.595139980316162	3.1580028533935547	3.27715802192688
1	478	have	2.8648571968078613	2.6587064266204834	3.624325752258301	3.524379014968872
1	479	a	2.500119686126709	3.7180557250976562	3.713881015777588	2.386976480484009
1	480	fighting	10.225502967834473	8.821403503417969	8.635431289672852	7.551002025604248
1	481	chance	11.716711044311523	2.481812000274658	0.4806285798549652	0.3568621873855591
1	482	of	1.9903101921081543	2.8667190074920654	1.6140832901000977	1.1677647829055786
1	483	reaching	10.495153427124023	5.359880447387695	5.97637939453125	4.837170124053955
1	484	the	0.9435893297195435	1.796292781829834	1.2542822360992432	1.1968715190887451
1	485	ocean.	10.675470352172852	9.256959915161133	9.488014221191406	9.57398509979248
1	486	Down	9.38681697845459	9.331890106201172	9.260683059692383	9.383149147033691
1	487	they	11.156584739685059	5.355314254760742	5.040793418884277	4.682576656341553
1	488	went,	10.135309219360352	3.7024950981140137	1.7878178358078003	1.682600498199463
1	489	rolling	9.021194458007812	8.990387916564941	6.677033424377441	7.535740852355957
1	490	over	5.474175453186035	2.8839290142059326	3.108738899230957	3.276175022125244
1	491	each	6.660651683807373	5.690961837768555	6.196732997894287	3.201166868209839
1	492	other	2.005338430404663	1.5142245292663574	0.6128565073013306	0.6805039644241333
1	493	until	11.549356460571289	5.682132720947266	4.870820045471191	5.3005876541137695
1	494	with	7.762810707092285	8.489019393920898	9.004054069519043	8.154129028320312
1	495	a	1.7183030843734741	2.3839476108551025	2.4334003925323486	2.075728416442871
1	496	patter	13.350414276123047	12.396777153015137	11.551450729370117	11.63969612121582
1	497	and	2.571420192718506	3.5464718341827393	3.7349472045898438	3.2262814044952393
1	498	clatter	13.932302474975586	6.399868011474609	8.98281478881836	7.970139026641846
1	499	and	2.482572555541992	3.539004325866699	3.249047040939331	3.516232490539551
1	500	spatter	14.716960906982422	10.412834167480469	9.790031433105469	10.59863567352295
1	501	they	6.6012067794799805	6.993856906890869	7.749724388122559	7.398826599121094
1	502	touched	9.306205749511719	9.298063278198242	9.13664436340332	9.109562873840332
1	503	the	1.7419131994247437	2.084628105163574	2.9137649536132812	2.4654321670532227
1	504	ground,	8.735394477844238	5.1058669090271	4.0713791847229	3.9001822471618652
1	505	and	2.162586212158203	2.093351125717163	2.084228754043579	2.0319488048553467
1	506	all	5.188599586486816	4.991588592529297	5.18377685546875	4.9305949211120605
1	507	the	1.5743985176086426	1.9947930574417114	1.5919760465621948	1.5958973169326782
1	508	people	6.711822986602783	4.555050849914551	4.148039817810059	3.837100028991699
1	509	that	4.118973731994629	3.4262895584106445	2.6376631259918213	2.5920214653015137
1	510	the	2.4105913639068604	4.209916591644287	4.707776069641113	5.266976833343506
1	511	raindrops	13.619012832641602	14.355670928955078	14.38568115234375	14.422616958618164
1	512	fell	4.748509883880615	4.46148157119751	3.641517162322998	4.263781547546387
1	513	on	2.771057605743408	1.3641103506088257	1.5719664096832275	1.679478406906128
1	514	cried,	22.013463973999023	18.5416316986084	18.585552215576172	18.312788009643555
1	515	'It's	7.148008823394775	9.524978637695312	9.915213584899902	11.537542343139648
1	516	raining',	11.963233947753906	11.74470329284668	10.730499267578125	10.414429664611816
1	517	and	2.3903396129608154	2.504652976989746	1.1809369325637817	1.4139243364334106
1	518	took	7.778708457946777	7.547398567199707	7.566509246826172	6.127432346343994
1	519	out	3.4900121688842773	3.808828592300415	3.440324068069458	3.609835147857666
1	520	their	5.610125541687012	3.42374324798584	3.368351936340332	3.4098432064056396
1	521	umbrellas.	16.153980255126953	13.571568489074707	10.727478981018066	9.441099166870117
1	522	Some	5.200775623321533	5.101428508758545	4.784821510314941	5.106150150299072
1	523	of	0.7504683136940002	1.6990841627120972	1.8289549350738525	1.8401970863342285
1	524	the	0.8314511775970459	0.9495090842247009	1.0094854831695557	0.9313027858734131
1	525	drops	12.461186408996582	11.295530319213867	9.954763412475586	9.808475494384766
1	526	that	4.839268684387207	3.666240692138672	3.2133748531341553	3.630711793899536
1	527	were	5.011057376861572	3.5523996353149414	3.1761252880096436	3.1201272010803223
1	528	the	4.5749311447143555	4.573287010192871	5.021729469299316	5.391209602355957
1	529	most	4.993878364562988	3.2173120975494385	2.617041826248169	3.3267767429351807
1	530	fortunate,	10.983048439025879	11.861160278320312	10.444260597229004	11.118254661560059
1	531	including	7.062560558319092	6.138959884643555	6.0483622550964355	6.718308448791504
1	532	Aqua,	15.953652381896973	15.217519760131836	14.882427215576172	14.988253593444824
1	533	fell	10.718981742858887	11.117513656616211	9.777299880981445	8.462230682373047
1	534	on	2.7710580825805664	3.4756250381469727	3.5046966075897217	3.9158928394317627
1	535	a	2.7540946006774902	2.817711114883423	3.146486520767212	3.083674192428589
1	536	mountainside,	14.505091667175293	13.195087432861328	11.019868850708008	10.779273986816406
1	537	and	2.4833459854125977	2.406719207763672	2.592543840408325	1.971944808959961
1	538	down	9.104645729064941	6.6476521492004395	7.0606489181518555	7.191612243652344
1	539	the	1.8869752883911133	1.2281173467636108	1.3074156045913696	1.8064091205596924
1	540	rocky	11.579322814941406	8.714559555053711	8.637151718139648	4.975456714630127
1	541	cliff	7.803584098815918	5.171184062957764	4.426562309265137	5.072470188140869
1	542	they	10.2438325881958	6.930385589599609	6.846141338348389	6.406772136688232
1	543	ran.	11.73740005493164	11.281254768371582	10.540950775146484	11.088321685791016
1	544	Together	8.984569549560547	8.973628044128418	8.506448745727539	8.29223918914795
1	545	they	7.717679977416992	1.213627576828003	0.6514191031455994	0.607569694519043
1	546	plunged	12.530033111572266	9.064412117004395	8.544827461242676	8.19193172454834
1	547	into	0.276103138923645	0.9337306618690491	1.199450969696045	1.4018851518630981
1	548	a	1.5619430541992188	1.4317128658294678	2.006434917449951	2.047542095184326
1	549	mountain	8.255176544189453	7.742371559143066	7.58186149597168	6.391537189483643
1	550	brook,	13.255147933959961	10.69172477722168	10.169553756713867	10.583719253540039
1	551	which	3.4686779975891113	3.2702908515930176	3.6271872520446777	3.6231603622436523
1	552	came	5.9705963134765625	6.2334184646606445	6.537381172180176	6.325534820556641
1	553	foaming	16.030292510986328	16.851276397705078	12.590736389160156	11.132972717285156
1	554	and	3.1049420833587646	3.0464749336242676	3.6018762588500977	2.649878740310669
1	555	dashing	12.375455856323242	12.838669776916504	10.726312637329102	9.753641128540039
1	556	along,	9.600424766540527	8.445023536682129	9.210650444030762	6.865779876708984
1	557	leaping	10.857242584228516	7.139727592468262	7.262594223022461	7.681512355804443
1	558	over	4.658863544464111	2.603243112564087	2.3654348850250244	2.2905020713806152
1	559	rocks	13.591267585754395	5.922367095947266	5.307138442993164	4.813657760620117
1	560	and	1.2347229719161987	1.1969459056854248	1.0888926982879639	0.4342549443244934
1	561	rushing	11.200505256652832	9.795598983764648	9.975027084350586	6.830306053161621
1	562	down	4.407401084899902	4.180838584899902	3.2733826637268066	2.8534903526306152
1	563	the	1.8869746923446655	0.7230048179626465	0.5281878113746643	1.1531126499176025
1	564	hillside,	13.474215507507324	9.018056869506836	9.678084373474121	9.111730575561523
1	565	until	7.595484256744385	7.038915634155273	6.642035484313965	6.6677961349487305
1	566	in	6.446219444274902	6.275739669799805	6.5199809074401855	6.553929328918457
1	567	the	0.8811151385307312	1.6525694131851196	1.1406748294830322	1.0480384826660156
1	568	valley	10.214630126953125	8.55340576171875	8.267742156982422	6.2350687980651855
1	569	below	8.13426399230957	4.471531867980957	4.304542541503906	4.807884216308594
1	570	they	7.872452259063721	6.803385257720947	6.417300224304199	6.528275966644287
1	571	heard	6.9420976638793945	10.206113815307617	5.867875099182129	5.235759735107422
1	572	the	2.3331868648529053	1.930015206336975	1.67100191116333	1.3953520059585571
1	573	strangest	10.88965892791748	9.01081657409668	9.506339073181152	8.567521095275879
1	574	clattering	15.713552474975586	14.367183685302734	9.571296691894531	8.5914888381958
1	575	noise.	5.743588447570801	4.427396774291992	4.139562129974365	3.580754280090332
1	576	The	2.3128859996795654	2.2122952938079834	2.352287769317627	2.2618181705474854
1	577	little	7.809042930603027	7.353283882141113	6.268181800842285	6.038729190826416
1	578	water	6.857782363891602	7.847039222717285	7.759142875671387	8.221607208251953
1	579	drops	7.735614776611328	6.828529357910156	4.926640510559082	4.815352439880371
1	580	were	6.35578727722168	3.648552894592285	4.1079325675964355	2.7324059009552
1	581	then	6.703861713409424	6.151015281677246	5.186704635620117	5.644096851348877
1	582	able	8.606904983520508	3.662066698074341	7.097108364105225	7.600443363189697
1	583	to	0.006088183727115393	0.0037822979502379894	0.002989945700392127	0.0026106853038072586
1	584	make	3.4973766803741455	3.9191277027130127	4.046047210693359	4.218908309936523
1	585	out	6.104520797729492	6.533107757568359	5.127330780029297	5.533506393432617
1	586	a	4.223969459533691	3.4192514419555664	2.739419937133789	2.5363974571228027
1	587	flour	12.981294631958008	12.211965560913086	12.80057430267334	12.502077102661133
1	588	mill	8.629293441772461	5.117527484893799	5.393048286437988	6.10266637802124
1	589	that	6.199522018432617	4.347577095031738	3.1861939430236816	3.081598997116089
1	590	was	3.443213701248169	2.660731077194214	2.7870988845825195	2.7161507606506348
1	591	standing	6.89080286026001	8.07970142364502	6.835124492645264	6.503890037536621
1	592	on	2.1506476402282715	2.1822171211242676	2.3623170852661133	1.952681303024292
1	593	the	0.8019847273826599	0.8141590356826782	0.7013126611709595	0.8717477321624756
1	594	bank.	10.466404914855957	9.679655075073242	8.625532150268555	8.560857772827148
1	595	Inside	9.121088027954102	9.362540245056152	8.42113971710205	7.8490729331970215
1	596	the	1.0728750228881836	0.7463615536689758	0.6265367269515991	0.7518000602722168
1	597	mill,	13.271347999572754	11.350461959838867	10.985294342041016	10.797871589660645
1	598	the	3.331174373626709	2.8072588443756104	2.0859973430633545	2.0847346782684326
1	599	water	6.971478462219238	6.222003936767578	5.709925651550293	5.490544319152832
1	600	drops	7.73561429977417	7.46530818939209	6.143462181091309	6.421456336975098
1	601	saw	10.66512393951416	9.749963760375977	9.217157363891602	8.923423767089844
1	602	two	6.526616096496582	5.93812370300293	6.346748352050781	6.121246337890625
1	603	great	7.571188449859619	6.42335844039917	6.967465877532959	6.969572067260742
1	604	stones,	12.129621505737305	9.794157028198242	10.377327919006348	9.432354927062988
1	605	which	3.250997304916382	2.8657655715942383	2.6933135986328125	2.7725727558135986
1	606	the	4.184360027313232	3.9382739067077637	3.385395050048828	3.287936210632324
1	607	big	7.167887210845947	8.315342903137207	9.013886451721191	9.624449729919434
1	608	wheel	8.584348678588867	8.170018196105957	8.153468132019043	7.3209028244018555
1	609	kept	11.597368240356445	9.250635147094727	8.459178924560547	7.26806640625
1	610	whizzing	13.51633358001709	10.425312042236328	8.368536949157715	8.145816802978516
1	611	round	5.799336910247803	6.1654510498046875	5.4967122077941895	4.825371742248535
1	612	and	3.4192919731140137	2.535041332244873	2.4420952796936035	1.4522100687026978
1	613	round.	14.417642593383789	7.026116371154785	3.2091832160949707	2.8707401752471924
1	614	The	2.360822916030884	2.1234843730926514	2.474260091781616	2.3710503578186035
1	615	stones,	13.974091529846191	13.602316856384277	12.079691886901855	12.58515739440918
1	616	smoothed	11.42664909362793	10.895858764648438	10.67149829864502	9.997343063354492
1	617	by	4.499380111694336	3.450021743774414	1.878751277923584	1.9732182025909424
1	618	the	1.1369578838348389	1.714784026145935	1.635869026184082	1.3194048404693604
1	619	spinning,	16.721202850341797	16.45885467529297	12.610877990722656	12.168610572814941
1	620	were	7.613391876220703	8.528095245361328	9.021522521972656	8.453761100769043
1	621	busy	8.729782104492188	8.111726760864258	7.870173931121826	8.371053695678711
1	622	grinding	11.52519416809082	7.318825721740723	6.375375747680664	6.113880157470703
1	623	the	2.9776549339294434	3.068387746810913	2.851196050643921	2.7929999828338623
1	624	wheat	11.813814163208008	7.971899032592773	8.715155601501465	7.071399211883545
1	625	into	5.885711669921875	5.052362442016602	1.2878979444503784	2.063535451889038
1	626	flour	14.041454315185547	4.680118083953857	3.595235586166382	1.8596141338348389
1	627	and	0.9026683568954468	1.2099772691726685	1.7558066844940186	1.382405161857605
1	628	the	2.305114269256592	3.655795097351074	4.61630392074585	3.866065740585327
1	629	corn	11.161090850830078	10.976542472839355	6.444851398468018	7.356387615203857
1	630	into	6.225910663604736	5.711813926696777	6.89404821395874	5.164557933807373
1	631	golden	12.421283721923828	7.093573570251465	7.355778694152832	7.853951930999756
1	632	meal.	10.97741413116455	12.652680397033691	8.965798377990723	8.582162857055664
1	633	But	3.88928484916687	3.735639810562134	4.123127460479736	4.56220817565918
1	634	what	4.563630104064941	3.8698410987854004	3.7662508487701416	3.9051811695098877
1	635	giant	13.008504867553711	12.513433456420898	12.45021915435791	12.128406524658203
1	636	do	10.713789939880371	9.696290969848633	5.435097694396973	5.881532669067383
1	637	you	2.204986810684204	3.082695722579956	0.8728980422019958	0.32246777415275574
1	638	suppose	9.564362525939941	6.0230607986450195	5.162003517150879	5.206300735473633
1	639	it	2.5917205810546875	2.915830612182617	2.7973790168762207	2.3757994174957275
1	640	was	1.676328420639038	1.6794451475143433	2.3440120220184326	2.63667631149292
1	641	who	8.417937278747559	8.800750732421875	8.615997314453125	7.2345452308654785
1	642	could	4.29067325592041	5.446956634521484	5.44585657119751	6.067564010620117
1	643	turn	6.647738933563232	6.259695053100586	5.498682975769043	5.436110496520996
1	644	and	5.166902542114258	5.314539909362793	5.4750494956970215	5.599193096160889
1	645	swing	10.833276748657227	7.731614112854004	7.168015480041504	7.467970371246338
1	646	that	4.559747695922852	4.978402614593506	5.068479537963867	5.309329032897949
1	647	tremendous	12.525557518005371	10.344512939453125	9.746466636657715	9.756380081176758
1	648	wheel?	18.792545318603516	16.846086502075195	12.914519309997559	12.046082496643066
1	649	No	4.873960494995117	4.940617561340332	5.047210693359375	5.149682998657227
1	650	giant	9.845947265625	9.75257682800293	9.334783554077148	8.885398864746094
1	651	at	6.292374610900879	8.161380767822266	8.462646484375	7.397787094116211
1	652	all.	4.934582710266113	5.892216682434082	2.383004665374756	2.0313239097595215
1	653	It	3.4860095977783203	3.3044822216033936	2.9624128341674805	3.1338837146759033
1	654	was	1.4277337789535522	1.7906078100204468	1.7497285604476929	1.7610291242599487
1	655	just	4.94588565826416	4.017190933227539	3.5595650672912598	3.005147933959961
1	656	our	7.6271209716796875	7.040234088897705	6.423694133758545	6.1641740798950195
1	657	tiny	10.254408836364746	8.206572532653809	8.093111038208008	8.119592666625977
1	658	little	3.261044502258301	1.8002833127975464	1.2191832065582275	1.0757015943527222
1	659	water	6.857782363891602	7.503840446472168	9.337198257446289	9.200165748596191
1	660	drops,	9.53079605102539	8.692092895507812	7.575230598449707	8.623268127441406
1	661	who	6.685468673706055	7.206838607788086	7.905796051025391	7.136996269226074
1	662	sprang	11.778995513916016	10.554287910461426	10.967947959899902	10.808318138122559
1	663	on	3.3865537643432617	4.19755220413208	4.170275688171387	4.2806806564331055
1	664	it	6.370186805725098	5.920694351196289	5.124730110168457	5.264340400695801
1	665	by	6.9167070388793945	4.355836868286133	4.193118572235107	4.273913383483887
1	666	hundreds	8.914584159851074	8.570874214172363	8.189929962158203	8.036386489868164
1	667	and	7.405246734619141	4.160975933074951	3.4483261108398438	3.8615636825561523
1	668	thousands,	13.84756088256836	5.293485164642334	4.07804536819458	3.510514974594116
1	669	and	2.0935091972351074	2.2493503093719482	1.9940836429595947	2.127232551574707
1	670	whirled	12.862375259399414	12.883868217468262	12.138686180114746	12.1375093460083
1	671	it	5.843593120574951	4.311123371124268	4.7016472816467285	5.083887577056885
1	672	over	6.872000217437744	4.014791965484619	4.1299543380737305	4.341836929321289
1	673	and	5.37653112411499	2.077343463897705	1.9253543615341187	2.131699562072754
1	674	over.	10.394372940063477	3.6884377002716064	3.1304738521575928	2.77876353263855
1	675	It	3.464184284210205	3.245393753051758	3.195730447769165	2.9493486881256104
1	676	was	1.4277337789535522	1.6989284753799438	1.9423587322235107	1.4756510257720947
1	677	lucky	8.149434089660645	8.18166446685791	8.274327278137207	8.632664680480957
1	678	for	2.3113560676574707	4.833401203155518	1.9229871034622192	1.9215645790100098
1	679	the	1.2972720861434937	2.62738299369812	2.5379889011383057	2.355862617492676
1	680	water	6.971478462219238	9.047784805297852	8.890567779541016	9.100553512573242
1	681	drops	7.73561429977417	7.46530818939209	8.225617408752441	8.115431785583496
1	682	that	4.839268684387207	3.453838348388672	3.5486578941345215	2.8697311878204346
1	683	the	2.4105913639068604	3.2771334648132324	4.0529279708862305	4.061248302459717
1	684	brook	14.073600769042969	14.610207557678223	13.711318969726562	11.411017417907715
1	685	where	6.639566421508789	4.1753950119018555	5.791556358337402	6.282339572906494
1	686	they	2.1304783821105957	2.6719396114349365	2.6957015991210938	2.8195548057556152
1	687	were	2.3084557056427	2.564049005508423	2.705761194229126	2.0704877376556396
1	688	swimming	10.013726234436035	9.729235649108887	9.510526657104492	6.559840679168701
1	689	next	8.344611167907715	6.516079425811768	6.407560348510742	6.183243751525879
1	690	emptied	19.42601776123047	17.150644302368164	19.067787170410156	18.840261459350586
1	691	into	3.6407532691955566	5.500253677368164	2.180605888366699	2.159848213195801
1	692	a	1.5619430541992188	1.6503974199295044	1.8407905101776123	1.9919886589050293
1	693	beautiful	7.361414909362793	6.66806697845459	7.42246675491333	7.809215068817139
1	694	pond	12.122440338134766	9.728778839111328	7.992145538330078	6.101851463317871
1	695	where	4.089513778686523	4.054689884185791	3.8804848194122314	3.692507028579712
1	696	ducks	14.424761772155762	10.797744750976562	7.503879547119141	6.759220600128174
1	697	and	1.738037347793579	1.8208389282226562	1.61894690990448	1.1768659353256226
1	698	geese	14.321784973144531	6.013360500335693	0.1674983650445938	0.23355156183242798
1	699	were	4.090860366821289	3.746887445449829	3.8444595336914062	3.403942108154297
1	700	living	6.845243453979492	6.803034782409668	6.672779083251953	6.457956314086914
1	701	peacefully.	15.655147552490234	9.773773193359375	9.528335571289062	8.896347045898438
1	702	Aqua	13.361810684204102	13.590600967407227	13.70453929901123	12.344942092895508
1	703	liked	16.48666763305664	9.4417724609375	9.566001892089844	8.176213264465332
1	704	to	1.9427168369293213	1.1220698356628418	1.238023281097412	1.238761305809021
1	705	play	5.108670234680176	3.547731876373291	3.3081698417663574	3.3384878635406494
1	706	hide-and-seek	14.893491744995117	10.455438613891602	8.99263858795166	6.992466926574707
1	707	in	4.375277519226074	2.6280057430267334	2.8057167530059814	2.8960072994232178
1	708	this	3.924107074737549	4.832115173339844	4.430974006652832	4.063036918640137
1	709	pond,	14.56218147277832	12.32835578918457	10.542835235595703	9.238945007324219
1	710	and	2.471437931060791	2.1579391956329346	2.1128454208374023	2.1320841312408447
1	711	it	4.3671135902404785	3.897275924682617	3.5207815170288086	3.449216842651367
1	712	was	1.676328420639038	2.0730209350585938	1.6503698825836182	1.7134816646575928
1	713	his	6.693774223327637	5.397491455078125	5.6643171310424805	6.0325212478637695
1	714	brother	5.459163665771484	6.414170265197754	5.840462684631348	5.783513069152832
1	715	water	12.251883506774902	12.434406280517578	12.454259872436523	12.700363159179688
1	716	drop	8.881765365600586	8.21769905090332	9.256834030151367	8.636743545532227
1	717	who	9.786893844604492	8.545082092285156	7.861551284790039	7.783458709716797
1	718	he	6.283141136169434	4.932260990142822	6.358514785766602	6.056162357330322
1	719	fooled	12.183396339416504	11.026683807373047	10.836895942687988	10.320871353149414
1	720	by	1.73739755153656	3.3993730545043945	2.4962477684020996	2.8645894527435303
1	721	swimming	10.171149253845215	12.4197416305542	8.662046432495117	8.961259841918945
1	722	to	3.277780532836914	3.23673152923584	4.1126708984375	3.727013111114502
1	723	a	4.360486030578613	3.3375487327575684	2.7962262630462646	2.7755868434906006
1	724	big	4.680770397186279	6.3943047523498535	6.4121317863464355	6.965312957763672
1	725	pool	7.698947906494141	8.998993873596191	7.069126129150391	3.8116378784179688
1	726	of	0.5751662254333496	0.4800538718700409	0.4546322226524353	0.5493281483650208
1	727	water	6.703387260437012	4.955818176269531	5.858098983764648	4.966805458068848
1	728	and	1.586226463317871	2.3328843116760254	2.6388542652130127	2.895988702774048
1	729	pretending	12.26509952545166	11.059776306152344	11.118387222290039	10.619817733764648
1	730	to	0.19417673349380493	0.8733140826225281	1.150713562965393	1.1642292737960815
1	731	hide	7.509002208709717	7.655481338500977	7.1100053787231445	7.249662399291992
1	732	there,	8.241741180419922	8.776583671569824	8.242351531982422	8.51606559753418
1	733	but	2.799582004547119	2.52905535697937	2.205933094024658	1.911673665046692
1	734	then	4.41710090637207	4.444109916687012	4.296105861663818	3.8527798652648926
1	735	sneaking	13.264209747314453	12.13073444366455	12.28235149383545	11.280265808105469
1	736	under	8.193351745605469	5.405886173248291	5.828237533569336	5.954485893249512
1	737	a	2.5756304264068604	3.5982916355133057	2.8286468982696533	2.739185333251953
1	738	rock	8.954895973205566	6.836528778076172	4.286746025085449	4.48199987411499
1	739	into	5.603237628936768	6.011470794677734	5.991102695465088	5.277761936187744
1	740	an	3.493607759475708	4.221457481384277	3.662569761276245	3.3729054927825928
1	741	obscured	12.955622673034668	10.67287540435791	10.788461685180664	12.445657730102539
1	742	little	10.713743209838867	7.5644378662109375	7.478642463684082	7.396050453186035
1	743	puddle.	14.960147857666016	15.103156089782715	9.747462272644043	8.59263801574707
1	744	His	5.439477443695068	5.387226581573486	4.706037521362305	4.657565593719482
1	745	brother	4.837217330932617	5.822846412658691	5.898193359375	6.058773040771484
1	746	had	3.3993682861328125	3.252406120300293	3.1924173831939697	2.9906113147735596
1	747	blatantly	13.49518871307373	12.616205215454102	12.606554985046387	12.376648902893066
1	748	peeked	10.291740417480469	11.277778625488281	10.456937789916992	10.76310920715332
1	749	and	4.5411787033081055	5.314338684082031	4.337225914001465	4.639777660369873
1	750	even	6.102553367614746	7.190439224243164	8.514389991760254	8.851776123046875
1	751	followed	9.85261058807373	8.836119651794434	7.121273517608643	6.560530662536621
1	752	Aqua	15.987998008728027	14.173944473266602	13.049784660339355	13.220443725585938
1	753	as	10.923334121704102	3.6607651710510254	2.9977526664733887	3.2921395301818848
1	754	he	3.7666685581207275	3.4942643642425537	2.642603635787964	2.1270501613616943
1	755	entered	7.469435214996338	5.674619197845459	5.872951507568359	4.64722204208374
1	756	the	1.1495985984802246	0.7662445306777954	0.6197890043258667	0.5629541873931885
1	757	big	7.167886734008789	7.842216491699219	7.984398365020752	7.839202404022217
1	758	pool	7.698947906494141	8.956026077270508	8.741186141967773	8.51785659790039
1	759	of	0.5751664042472839	0.4800538718700409	1.1589794158935547	1.4054301977157593
1	760	water,	8.384648323059082	6.732728958129883	7.7692389488220215	7.435451507568359
1	761	so	4.127350330352783	4.094796180725098	4.143245220184326	3.540923833847046
1	762	when	6.562135219573975	4.4236273765563965	4.393879413604736	4.312789440155029
1	763	he	2.1486077308654785	2.669140338897705	2.856053113937378	2.914595365524292
1	764	searched	9.847360610961914	9.131640434265137	8.791232109069824	8.251788139343262
1	765	there	9.413366317749023	7.3419270515441895	7.541102886199951	5.996294975280762
1	766	and	5.6006622314453125	2.67128324508667	2.2417397499084473	2.611752986907959
1	767	could	7.208798885345459	6.399835586547852	5.413337707519531	5.626984119415283
1	768	not	3.528447151184082	2.177917957305908	2.4406282901763916	1.0367801189422607
1	769	find	5.812046527862549	3.308079719543457	3.2999916076660156	2.374100685119629
1	770	him,	6.655102729797363	7.417452335357666	6.0696210861206055	6.375338554382324
1	771	he	3.307033061981201	2.7230072021484375	2.6294193267822266	2.6671128273010254
1	772	was	1.9666982889175415	2.6573846340179443	2.987365245819092	2.5488038063049316
1	773	extremely	6.881608963012695	7.208441734313965	6.045407772064209	6.342763900756836
1	774	surprised	9.674066543579102	5.828010559082031	4.945939064025879	5.574187278747559
1	775	and	4.4225921630859375	2.04264235496521	2.2424747943878174	2.5153799057006836
1	776	gave	8.289643287658691	6.865253925323486	7.718349933624268	6.702632904052734
1	777	up.	6.602116584777832	6.010799407958984	4.82166862487793	5.526307582855225
1	778	Aqua	12.6829833984375	13.387178421020508	13.34190845489502	12.626495361328125
1	779	liked	16.48666763305664	10.564591407775879	9.178988456726074	9.174494743347168
1	780	this	3.2479848861694336	3.8185224533081055	3.182406425476074	3.3898894786834717
1	781	pond	13.401045799255371	11.333523750305176	11.137812614440918	10.132165908813477
1	782	where	4.089513778686523	5.226109504699707	5.967838287353516	6.001099109649658
1	783	he	2.7972872257232666	2.5231237411499023	2.665459156036377	3.469625949859619
1	784	could	4.373392105102539	4.159573078155518	3.4900755882263184	4.014450550079346
1	785	play	6.088386535644531	5.45186710357666	5.193288326263428	5.39068078994751
1	786	all	6.145417213439941	5.256699562072754	4.933767318725586	4.698801040649414
1	787	day,	9.578447341918945	4.60202693939209	4.62825345993042	4.921764373779297
1	788	so	4.292473793029785	3.8267126083374023	3.6800217628479004	3.6264431476593018
1	789	he	4.247372627258301	3.643325090408325	4.132209300994873	3.809297800064087
1	790	stayed	7.864663124084473	6.432044982910156	5.654974937438965	5.54219388961792
1	791	a	4.441827774047852	4.801252841949463	4.8220391273498535	4.873812198638916
1	792	good	4.325542449951172	4.345573902130127	4.118597030639648	4.358015060424805
1	793	while,	9.791474342346191	9.564075469970703	4.191177845001221	5.132404327392578
1	794	sailing	12.703646659851074	12.09501838684082	12.463791847229004	10.282427787780762
1	795	up	4.076662063598633	3.7977590560913086	3.731855869293213	3.557252883911133
1	796	and	3.2627270221710205	2.2634685039520264	1.2931337356567383	1.0069106817245483
1	797	down,	11.137823104858398	4.994214057922363	3.902419090270996	2.977179765701294
1	798	taking	6.631070137023926	6.637456893920898	6.015591621398926	5.419792652130127
1	799	the	2.0620293617248535	2.3154022693634033	2.6199724674224854	2.9326536655426025
1	800	ducks'	17.23175048828125	16.538089752197266	15.166206359863281	15.471846580505371
1	801	backs	6.4644975662231445	5.63054084777832	5.843802452087402	6.611954212188721
1	802	for	3.7109203338623047	3.936669111251831	4.067357063293457	2.815664529800415
1	803	ships	12.10876178741455	10.789794921875	11.180252075195312	11.378334045410156
1	804	and	2.1620934009552	2.079930067062378	1.9577209949493408	2.002257823944092
1	805	the	2.305114269256592	3.071361541748047	4.107682704925537	4.234673500061035
1	806	frogs	14.20116901397705	11.922279357910156	12.661434173583984	13.013899803161621
1	807	for	4.413360595703125	4.881519794464111	5.793962478637695	5.26749324798584
1	808	horses,	12.777896881103516	10.992033004760742	11.375686645507812	11.547747611999512
1	809	but	3.4582059383392334	3.1351819038391113	3.356851816177368	2.8167972564697266
1	810	after	6.155478477478027	5.602809906005859	6.1583404541015625	5.779460906982422
1	811	a	2.412926197052002	2.2826573848724365	2.0131053924560547	2.248812437057495
1	812	time	6.753931045532227	6.698986053466797	5.9093475341796875	4.221203804016113
1	813	he	4.39036750793457	5.14268159866333	3.6932425498962402	2.4465765953063965
1	814	tired	12.657613754272461	10.587395668029785	10.4569091796875	9.384368896484375
1	815	of	0.47599145770072937	0.4199712872505188	0.5772212743759155	0.5456165075302124
1	816	the	0.8314511775970459	2.2940115928649902	2.217046022415161	2.378031015396118
1	817	dull	12.004528045654297	11.817577362060547	7.422842979431152	7.12911319732666
1	818	life,	8.384072303771973	8.900564193725586	8.463170051574707	7.532536029815674
1	819	and	2.068118095397949	2.0311405658721924	1.992014765739441	1.780274748802185
1	820	he	4.92115592956543	4.071873664855957	3.499760389328003	3.746591329574585
1	821	and	7.564177513122559	5.085390567779541	4.8695220947265625	5.035800933837891
1	822	his	5.2032270431518555	0.9419096112251282	1.0496470928192139	0.8084400296211243
1	823	brothers	7.260469913482666	6.059289455413818	5.714949131011963	5.376766204833984
1	824	floated	12.07270336151123	11.71525764465332	10.874418258666992	9.80717658996582
1	825	under	5.6955084800720215	7.442332744598389	7.761082172393799	7.607323169708252
1	826	a	2.5756304264068604	2.6947858333587646	2.6701104640960693	2.6641178131103516
1	827	bridge	8.100072860717773	5.373321533203125	3.4023542404174805	2.5642518997192383
1	828	for	3.2544732093811035	3.3013765811920166	4.468260288238525	4.245468616485596
1	829	a	2.124595880508423	3.1646666526794434	3.402289390563965	1.98734712600708
1	830	long	5.439249038696289	3.5575315952301025	3.9823858737945557	3.803070068359375
1	831	distance,	9.52315902709961	8.400382995605469	10.747650146484375	6.944976806640625
1	832	until	7.24685001373291	7.405872344970703	7.224786758422852	7.212749481201172
1	833	they	3.5716049671173096	2.4926681518554688	2.4904961585998535	2.477140188217163
1	834	saw	5.535344123840332	5.353905200958252	5.1342244148254395	5.44734001159668
1	835	another	5.773342132568359	6.550615310668945	6.213144302368164	5.375986099243164
1	836	brook	14.915643692016602	12.373261451721191	12.58315372467041	11.713541030883789
1	837	tumbling	13.480215072631836	11.602348327636719	11.034307479858398	9.397445678710938
1	838	down	2.5652027130126953	1.45068359375	1.3048510551452637	1.7689160108566284
1	839	a	3.2580714225769043	3.039435386657715	3.00856876373291	2.8587639331817627
1	840	hillside.	14.433525085449219	9.84475040435791	7.658718585968018	8.132366180419922
1	841	'Come,	15.31734848022461	15.74241828918457	15.639656066894531	15.983221054077148
1	842	let's	2.239198684692383	3.445488452911377	3.205282211303711	3.050835132598877
1	843	join	7.281004428863525	5.781749248504639	5.917893409729004	5.900014877319336
1	844	hands!'	22.836517333984375	11.455878257751465	6.188982963562012	5.3784027099609375
1	845	cried	6.263740062713623	6.864791393280029	6.668868064880371	6.859872817993164
1	846	Aqua	15.870627403259277	11.604816436767578	11.279898643493652	11.27004623413086
1	847	and	6.352481365203857	2.357516050338745	3.0479278564453125	2.815908670425415
1	848	because	8.164732933044434	9.195093154907227	9.678009986877441	9.911785125732422
1	849	the	2.534219980239868	2.646235227584839	2.5600852966308594	3.7152106761932373
1	850	water	6.971478462219238	7.231448650360107	7.373082637786865	4.574325084686279
1	851	drops	7.735614776611328	7.46530818939209	6.969758033752441	7.076383113861084
1	852	were	6.35578727722168	3.648552894592285	3.3445708751678467	2.2170162200927734
1	853	all	5.041759490966797	5.003044128417969	5.133892059326172	4.678963661193848
1	854	together,	8.77979564666748	8.044014930725098	9.197816848754883	9.714876174926758
1	855	overcoming	10.766687393188477	12.162493705749512	11.934486389160156	12.280173301696777
1	856	the	0.4175875186920166	1.6507015228271484	1.5893443822860718	1.655405879020691
1	857	brook	14.073600769042969	15.50317668914795	16.149694442749023	16.36838150024414
1	858	was	4.288338661193848	3.106004476547241	4.429001808166504	6.121465682983398
1	859	child's	14.331075668334961	12.917455673217773	12.864944458007812	11.068577766418457
1	860	play.	8.632739067077637	1.9476224184036255	1.7454744577407837	1.591740608215332
1	861	It	3.593350410461426	3.3989357948303223	3.2250752449035645	2.909696578979492
1	862	was	1.4277337789535522	1.7640234231948853	1.978738784790039	1.0296401977539062
1	863	by	7.0270185470581055	6.726230621337891	6.965365409851074	6.865448951721191
1	864	the	1.1369578838348389	2.535947561264038	2.6730337142944336	3.4818129539489746
1	865	help	9.43723201751709	8.512157440185547	6.879707336425781	5.893402576446533
1	866	of	5.311956882476807	0.18324902653694153	0.038475535809993744	0.0445566400885582
1	867	Aqua	13.31445598602295	12.036064147949219	12.151228904724121	11.831857681274414
1	868	and	6.352481365203857	3.239515542984009	2.4923932552337646	2.4673585891723633
1	869	his	5.2032270431518555	5.589689254760742	5.209916114807129	3.763046979904175
1	870	brothers	7.260469436645508	6.059289455413818	5.76349401473999	5.880046367645264
1	871	that	4.392403602600098	5.064731597900391	5.613838195800781	5.649069309234619
1	872	the	2.4105913639068604	3.7759480476379395	2.7662806510925293	2.810670852661133
1	873	bewitching	15.66159439086914	14.829462051391602	14.852046012878418	14.712578773498535
1	874	river	9.046539306640625	8.532005310058594	8.063684463500977	7.936300277709961
1	875	was	3.457641124725342	5.634954929351807	4.829913139343262	2.8770861625671387
1	876	able	4.541611671447754	6.203712463378906	6.517822265625	6.9244794845581055
1	877	to	0.006088183727115393	0.0036474724765866995	0.0029689576476812363	0.009281326085329056
1	878	float	9.707115173339844	8.892877578735352	9.406982421875	6.801267623901367
1	879	heavy	11.629531860351562	9.952960968017578	9.885091781616211	10.368785858154297
1	880	ships,	8.675825119018555	8.603507995605469	6.971406936645508	6.556766510009766
1	881	though	6.208074569702148	5.995181083679199	6.16869592666626	5.895403861999512
1	882	not	5.597454071044922	3.213789224624634	3.1414763927459717	3.487642288208008
1	883	so	5.690242767333984	5.020664215087891	4.7764201164245605	3.949916362762451
1	884	long	4.376901149749756	3.7038979530334473	4.157878875732422	3.807766914367676
1	885	ago	3.0682826042175293	3.5708909034729004	1.0830596685409546	1.0544519424438477
1	886	it	4.9304656982421875	4.163539886474609	3.8881077766418457	4.473432540893555
1	887	was	1.6763286590576172	0.9055135250091553	0.5517246723175049	1.620237946510315
1	888	only	4.851860523223877	4.6217360496521	5.009703636169434	5.047822952270508
1	889	a	3.158973217010498	2.520918130874634	2.0706450939178467	2.4912264347076416
1	890	little	4.283854007720947	4.044289588928223	3.984896183013916	4.622598648071289
1	891	stream.	14.332108497619629	12.856096267700195	12.256071090698242	12.304644584655762
1	892	As	4.883432865142822	4.308932304382324	4.497113227844238	4.39763069152832
1	893	the	2.663316011428833	2.535987615585327	1.7038427591323853	1.790494441986084
1	894	river	8.831194877624512	8.195972442626953	7.791257858276367	3.2972702980041504
1	895	grew	9.344058990478516	10.493095397949219	5.1381940841674805	5.386648178100586
1	896	wider	11.679977416992188	6.993971347808838	5.152126312255859	3.8627517223358154
1	897	and	4.042518615722656	1.3178589344024658	0.794005274772644	0.6096307039260864
1	898	he	4.92115592956543	6.483580589294434	6.056643486022949	5.326210975646973
1	899	could	4.373392105102539	4.223658561706543	3.324359655380249	2.860384225845337
1	900	almost	8.806459426879883	7.305059432983398	6.024876117706299	6.162788391113281
1	901	see	7.854307651519775	2.8642373085021973	2.2074217796325684	1.9263662099838257
1	902	the	1.5734381675720215	1.818859338760376	1.2910715341567993	1.1212730407714844
1	903	ocean,	10.352960586547852	10.493027687072754	10.118279457092285	10.342984199523926
1	904	Aqua	11.73744010925293	11.687788963317871	12.096595764160156	12.414847373962402
1	905	realized	16.477773666381836	10.497922897338867	10.444976806640625	9.621109962463379
1	906	his	5.800328254699707	3.4227633476257324	4.8873443603515625	4.669950485229492
1	907	journey	7.371330738067627	7.6791791915893555	7.740347385406494	6.659755706787109
1	908	was	4.473870277404785	4.049877643585205	1.7405962944030762	1.6985244750976562
1	909	almost	6.503614902496338	5.427709102630615	5.638561725616455	5.313934326171875
1	910	over	6.57939338684082	6.755215644836426	2.4299888610839844	4.129309177398682
1	911	and	5.37653112411499	2.5724198818206787	2.1952710151672363	1.845900535583496
1	912	he	4.92115592956543	5.933499336242676	3.52683162689209	2.6874184608459473
1	913	had	2.5938496589660645	3.374356508255005	3.868429183959961	3.4074490070343018
1	914	come	6.095191955566406	4.964962959289551	5.352539539337158	5.658100128173828
1	915	full	11.593046188354492	6.701567649841309	7.148295879364014	6.81899881362915
1	916	circle.	10.025279998779297	1.6670905351638794	1.4587550163269043	1.6900962591171265
1	917	Back	7.720434665679932	7.287702560424805	6.0206379890441895	5.932443618774414
1	918	in	3.232363700866699	1.4344202280044556	1.0512394905090332	0.5918471217155457
1	919	the	0.8811151385307312	1.5131155252456665	1.274446964263916	1.6552586555480957
1	920	ocean,	10.352960586547852	9.087661743164062	10.385425567626953	8.835204124450684
1	921	he	5.247313499450684	4.649118423461914	4.730645656585693	3.3113558292388916
1	922	felt	5.336525917053223	5.532641410827637	5.505502700805664	5.7191009521484375
1	923	right	7.1907806396484375	6.896467685699463	7.209856986999512	7.3030829429626465
1	924	at	4.0823750495910645	2.5294294357299805	1.3771740198135376	0.22214139997959137
1	925	home.	6.496383190155029	4.246204376220703	2.3168163299560547	1.5965360403060913
1	926	For	4.962957859039307	4.708585739135742	4.574681758880615	4.986636161804199
1	927	him,	6.827510356903076	5.458929061889648	5.401355266571045	5.39063835144043
1	928	this	5.416692733764648	3.371413230895996	3.1055855751037598	3.1872711181640625
1	929	was	4.252081871032715	2.8814475536346436	1.4765881299972534	1.4157640933990479
1	930	the	3.51254940032959	2.2654521465301514	2.11702299118042	2.0131304264068604
1	931	safest,	13.628583908081055	11.825377464294434	11.24824047088623	11.344511985778809
1	932	sweetest	8.918944358825684	6.87924337387085	6.876674652099609	6.225008964538574
1	933	place	5.092227935791016	5.144643783569336	4.39985466003418	2.5832366943359375
1	934	in	1.5131419897079468	1.4634393453598022	1.6293389797210693	1.6789697408676147
1	935	the	0.8811151385307312	1.182736873626709	0.8173843622207642	0.5156247615814209
1	936	whole	6.342653274536133	7.256989002227783	6.587820053100586	3.608400583267212
1	937	wide	8.348443984985352	8.139190673828125	6.025663375854492	6.204713344573975
1	938	world.	8.538793563842773	3.425262451171875	2.1952576637268066	1.7404541969299316
1	939	During	6.597513198852539	6.683037281036377	6.9800519943237305	6.707902908325195
1	940	the	0.37362223863601685	0.8423585891723633	0.894455075263977	0.8587250709533691
1	941	warm	10.060264587402344	8.339239120483398	8.21225643157959	7.990083694458008
1	942	summer	6.387605667114258	4.3109822273254395	2.216035842895508	2.6897881031036377
1	943	evenings,	12.544878959655762	6.3541998863220215	6.029549598693848	6.515715599060059
1	944	if	5.658875465393066	5.740847587585449	6.068181037902832	6.168581008911133
1	945	you	0.9275921583175659	1.3892184495925903	1.3259385824203491	1.2512876987457275
1	946	take	5.930975914001465	5.091705322265625	5.402755260467529	5.5994462966918945
1	947	a	1.7962137460708618	1.901099443435669	1.8630965948104858	1.886429786682129
1	948	walk	8.94565486907959	5.575640678405762	4.837737083435059	4.903239727020264
1	949	on	3.624413251876831	2.495241165161133	2.689821243286133	2.9934141635894775
1	950	the	0.8019846081733704	1.2008830308914185	0.4834173917770386	0.1960201859474182
1	951	sea	8.699925422668457	8.353229522705078	6.441545486450195	6.0038042068481445
1	952	beach,	8.591513633728027	10.159931182861328	9.232955932617188	8.207046508789062
1	953	you	4.9285125732421875	4.500694751739502	4.54005241394043	4.884025573730469
1	954	will	3.313790798187256	2.7017393112182617	2.3064208030700684	2.3137145042419434
1	955	hear	7.739717960357666	4.803285121917725	4.598386764526367	4.852649688720703
1	956	the	1.9124317169189453	2.533259391784668	2.4758028984069824	1.9077943563461304
1	957	gentle	11.797930717468262	8.654787063598633	9.192444801330566	7.5519304275512695
1	958	rippling	12.082563400268555	8.66468620300293	8.289843559265137	8.019919395446777
1	959	swash	18.279420852661133	18.756031036376953	18.400068283081055	19.255767822265625
1	960	of	2.6020586490631104	1.212576150894165	0.8361659049987793	0.30804944038391113
1	961	the	0.8314511775970459	4.051438331604004	3.8735134601593018	3.3686575889587402
1	962	waves	11.345096588134766	10.613018989562988	7.483694553375244	5.658223628997803
1	963	and	2.8887205123901367	2.2516205310821533	2.5505175590515137	1.7462470531463623
1	964	some	5.5249104499816895	6.118618011474609	6.731704235076904	6.3590087890625
1	965	say	8.322941780090332	5.896859169006348	7.3135600090026855	7.001636028289795
1	966	that	0.948434591293335	1.9228390455245972	2.2404866218566895	2.4415132999420166
1	967	it	3.236483097076416	3.2747750282287598	2.817951202392578	2.4134459495544434
1	968	must	6.002013206481934	5.179145336151123	5.285860538482666	5.229292869567871
1	969	be	0.4372040331363678	0.7094523310661316	0.8263422846794128	0.6541922092437744
1	970	the	4.06752872467041	4.3380584716796875	3.683899164199829	3.771639108657837
1	971	gurgling	13.770513534545898	14.838251113891602	15.207817077636719	13.677078247070312
1	972	voices	6.618617057800293	7.350333213806152	7.343911170959473	7.903589725494385
1	973	of	1.129384160041809	2.533863067626953	0.9585026502609253	0.7758142352104187
1	974	Aqua	13.31445598602295	13.399580955505371	12.347227096557617	11.415558815002441
1	975	and	6.352481365203857	3.239515542984009	1.7237792015075684	1.3780829906463623
1	976	his	5.2032270431518555	5.589689254760742	5.209916114807129	4.251771926879883
1	977	brother	5.459163665771484	4.569052696228027	4.533351421356201	4.576733112335205
1	978	water	12.251883506774902	12.434406280517578	12.04747200012207	10.743894577026367
1	979	drops	7.73561429977417	7.518688678741455	7.83455753326416	8.225677490234375
1	980	telling	14.177806854248047	11.823993682861328	11.11524772644043	10.858885765075684
1	981	each	8.039819717407227	7.02810001373291	6.429459571838379	6.483832359313965
1	982	other	2.005338430404663	0.5419257879257202	0.1788218468427658	0.26260507106781006
1	983	about	8.61851978302002	5.5897698402404785	2.716075897216797	2.5154166221618652
1	984	their	4.130255222320557	3.7486586570739746	2.54728364944458	2.4516491889953613
1	985	wonderful	9.78171443939209	9.643186569213867	9.51406478881836	9.275411605834961
1	986	journey	7.387863636016846	6.893640041351318	6.136653423309326	5.918399810791016
1	987	around	5.96139669418335	6.016947269439697	4.988775253295898	5.392580986022949
1	988	the	0.7170537710189819	0.7176206707954407	0.4516560435295105	0.3337252736091614
1	989	world.	6.351324558258057	2.8867223262786865	3.430267810821533	2.4590959548950195
2	0	It	4.560967922210693	4.560968399047852	4.560967922210693	4.560968399047852
2	1	was	1.4277337789535522	1.4277337789535522	1.4277337789535522	1.4277337789535522
2	2	cold	9.777715682983398	7.875202655792236	7.875202655792236	7.875202655792236
2	3	and	1.973436713218689	0.8104376792907715	0.8300867080688477	0.8300867080688477
2	4	nearly	7.833164215087891	8.162471771240234	7.774442672729492	7.396890640258789
2	5	dark	12.022191047668457	10.87131404876709	5.527653694152832	5.9136810302734375
2	6	on	5.29860258102417	5.0325164794921875	4.998414039611816	4.082980155944824
2	7	the	0.8019847273826599	1.1730782985687256	1.0627388954162598	0.8668373227119446
2	8	last	4.893486022949219	6.501747131347656	6.522271156311035	6.727296829223633
2	9	evening	8.04745101928711	9.215927124023438	7.6105756759643555	7.321389198303223
2	10	of	2.2619218826293945	5.400463104248047	0.6090551614761353	0.4448634088039398
2	11	the	0.8314511775970459	1.4232474565505981	1.164721965789795	0.9724243879318237
2	12	old	6.506766319274902	6.543656349182129	8.52189826965332	7.443734169006348
2	13	year,	7.614835262298584	8.61786937713623	8.419702529907227	4.383454322814941
2	14	and	2.7036774158477783	2.477893590927124	2.3329098224639893	2.2427499294281006
2	15	the	2.305114269256592	2.5155887603759766	2.64274525642395	2.3871359825134277
2	16	snow	9.044547080993652	9.499496459960938	9.711017608642578	6.665949821472168
2	17	was	4.21769905090332	3.5307533740997314	2.6724069118499756	2.744828939437866
2	18	falling	8.3140869140625	3.9358973503112793	3.841405153274536	2.830291271209717
2	19	fast	9.116934776306152	5.023079872131348	5.632326126098633	5.370214939117432
2	20	and	1.8317463397979736	1.569349765777588	1.1826359033584595	1.0069084167480469
2	21	furious.	14.620369911193848	5.365728378295898	3.7960634231567383	5.749623775482178
2	22	A	4.6134796142578125	4.355808258056641	4.2652668952941895	3.8506014347076416
2	23	little	5.024609565734863	4.318657875061035	4.685571670532227	4.516883850097656
2	24	girl	4.96436071395874	5.460871696472168	3.9541406631469727	3.5924346446990967
2	25	no	8.411602973937988	7.758386135101318	8.577875137329102	8.321416854858398
2	26	one	3.124772787094116	2.749232769012451	2.058403730392456	2.7122750282287598
2	27	sheltered	16.620296478271484	13.497550964355469	14.622499465942383	13.918996810913086
2	28	from	2.863187074661255	2.6437480449676514	1.9315873384475708	1.7525166273117065
2	29	the	0.7917162775993347	1.3407750129699707	0.8738698363304138	1.1846051216125488
2	30	gelid	18.898624420166016	18.503541946411133	16.564334869384766	15.239239692687988
2	31	air	6.817703723907471	4.380974292755127	3.8843722343444824	2.8271751403808594
2	32	roamed	15.108077049255371	18.31426429748535	14.947105407714844	16.121784210205078
2	33	through	3.451517343521118	3.2653141021728516	2.4989726543426514	2.707939624786377
2	34	the	0.5835897326469421	0.6471359133720398	0.37085872888565063	0.4461096525192261
2	35	streets	8.047444343566895	5.726505279541016	2.7417519092559814	3.413010835647583
2	36	with	4.173557281494141	3.617443799972534	3.774418592453003	3.241239309310913
2	37	a	1.7183030843734741	2.5894150733947754	2.513484001159668	2.3654253482818604
2	38	bare	10.349756240844727	8.75542163848877	8.588154792785645	7.814773082733154
2	39	head	8.1770658493042	5.75614070892334	4.441944599151611	5.119266986846924
2	40	and	3.4589929580688477	2.0988986492156982	1.5045216083526611	1.0451010465621948
2	41	naked	11.605392456054688	9.770851135253906	6.98949670791626	5.948592662811279
2	42	feet,	8.341450691223145	8.49426555633545	5.437626838684082	4.147159576416016
2	43	looking	7.688891410827637	6.538873672485352	6.508279323577881	5.7991838455200195
2	44	as	5.471160411834717	4.3310227394104	3.8222649097442627	3.6328468322753906
2	45	poor	8.854681015014648	7.285323143005371	8.485846519470215	8.146181106567383
2	46	as	5.0668745040893555	1.3956571817398071	0.19566066563129425	0.1804361194372177
2	47	a	1.4127646684646606	2.9878978729248047	3.8008785247802734	3.204010486602783
2	48	church	8.75789737701416	8.592708587646484	7.497194290161133	7.630383491516113
2	49	mouse.	16.773569107055664	11.037784576416016	10.315935134887695	5.679354667663574
2	50	It's	4.732934951782227	4.5634002685546875	4.310576915740967	4.460540771484375
2	51	true	5.583060264587402	6.467826843261719	6.3903632164001465	6.441802024841309
2	52	she	7.58639669418335	6.54979133605957	7.259172439575195	6.5470356941223145
2	53	had	2.4720723628997803	3.0483222007751465	3.3606042861938477	3.343949317932129
2	54	on	7.321377754211426	6.727872371673584	7.192862033843994	7.835953712463379
2	55	a	2.7540946006774902	3.786499261856079	2.7479655742645264	2.995203971862793
2	56	pair	6.394667625427246	6.902224063873291	6.302448749542236	4.232214450836182
2	57	of	0.0589892752468586	0.05235159024596214	0.022463282570242882	0.022833524271845818
2	58	slippers	15.41942024230957	7.746574401855469	7.435108184814453	7.3571929931640625
2	59	her	7.913055419921875	8.631369590759277	7.665949821472168	8.108973503112793
2	60	mother	3.9965617656707764	4.519638538360596	2.4601821899414062	2.118783473968506
2	61	had	3.1650710105895996	3.1598401069641113	1.6022950410842896	1.5762279033660889
2	62	once	7.073590278625488	5.86662483215332	5.732098579406738	5.82956075668335
2	63	given	8.635513305664062	5.910730361938477	4.717127323150635	4.756308555603027
2	64	her	4.222025394439697	6.161077499389648	3.0672552585601807	2.030996799468994
2	65	when	8.238931655883789	6.9289984703063965	7.122011184692383	6.517911911010742
2	66	she	3.2877237796783447	0.9940474629402161	0.49144190549850464	0.43702489137649536
2	67	left	6.583909034729004	5.033076286315918	5.067699432373047	4.908223628997803
2	68	home,	7.67264461517334	6.846618175506592	6.617142200469971	5.949254989624023
2	69	but	2.808086395263672	2.7521376609802246	3.001939296722412	3.25201153755188
2	70	they	3.3146800994873047	3.497558355331421	3.555366039276123	4.0120415687561035
2	71	were	2.3084557056427	2.5828068256378174	2.3908257484436035	2.217747926712036
2	72	as	6.673430442810059	6.496707916259766	6.517181396484375	6.705472946166992
2	73	much	4.075272083282471	3.5442585945129395	3.419940710067749	3.055295705795288
2	74	use	8.38290786743164	6.741582870483398	7.863742351531982	8.709453582763672
2	75	to	3.321491003036499	2.2589173316955566	3.682480812072754	1.4398860931396484
2	76	her	6.208436012268066	7.560184955596924	5.130495071411133	4.925595760345459
2	77	as	5.831205368041992	5.550077438354492	5.946755409240723	2.8011021614074707
2	78	a	1.4127646684646606	1.4938910007476807	2.149587869644165	1.8016343116760254
2	79	chocolate	10.710857391357422	10.30999755859375	10.257774353027344	10.395273208618164
2	80	teapot.	13.200447082519531	10.43130874633789	10.391378402709961	10.74589729309082
2	81	The	2.39353084564209	2.4101107120513916	2.536024808883667	2.4739396572113037
2	82	slippers	14.10294246673584	11.278918266296387	10.633724212646484	10.371143341064453
2	83	owned	10.524771690368652	9.765233039855957	9.961787223815918	9.958656311035156
2	84	by	0.5201442241668701	0.16219724714756012	0.11379764974117279	0.15472492575645447
2	85	her	5.267730712890625	5.81411075592041	4.136333465576172	4.684772491455078
2	86	mother	3.9965617656707764	4.273989200592041	3.8048081398010254	3.2516286373138428
2	87	were	5.3929901123046875	5.486591339111328	6.341549396514893	6.114422798156738
2	88	so	5.138463973999023	5.521446228027344	5.231838226318359	5.078244209289551
2	89	large	7.2256317138671875	6.088329315185547	8.360077857971191	7.8273844718933105
2	90	that	9.480273246765137	0.95177161693573	0.8211289048194885	0.9823459982872009
2	91	the	2.4105913639068604	2.111760377883911	2.278470039367676	2.2407169342041016
2	92	emaciated	14.146506309509277	13.560039520263672	12.834044456481934	13.3817138671875
2	93	little	5.766340255737305	5.726214408874512	5.279980659484863	5.431326389312744
2	94	creature	8.894899368286133	4.503214359283447	3.3148162364959717	3.2378363609313965
2	95	had	5.3641862869262695	5.028961658477783	4.070411205291748	3.3721470832824707
2	96	lost	5.584475994110107	4.995792388916016	6.1544671058654785	4.686142921447754
2	97	them	5.410301685333252	5.454463005065918	7.2399001121521	6.933795928955078
2	98	while	7.354901313781738	6.121224403381348	5.135951995849609	4.940483570098877
2	99	running	4.544126987457275	5.701225757598877	5.423242568969727	5.116571426391602
2	100	across	5.8984375	5.025681495666504	4.97002649307251	4.640478134155273
2	101	the	0.2932813763618469	0.5260733366012573	0.8819646835327148	0.7586362361907959
2	102	street	8.505245208740234	4.187230587005615	3.2732222080230713	2.9510960578918457
2	103	to	2.9484469890594482	2.628044366836548	2.6268162727355957	1.5625413656234741
2	104	avoid	5.5169572830200195	4.786351203918457	4.5385284423828125	5.060494422912598
2	105	two	7.583992958068848	7.803918838500977	7.800966262817383	8.115043640136719
2	106	carriages	10.410400390625	11.886869430541992	12.249794006347656	9.4700288772583
2	107	that	3.448315143585205	3.7861127853393555	3.8677000999450684	3.2041141986846924
2	108	were	5.011057376861572	2.1651251316070557	1.90133535861969	1.7316508293151855
2	109	rolling	9.226383209228516	9.298593521118164	7.012053489685059	6.709603309631348
2	110	along	8.143747329711914	4.5742340087890625	4.2852678298950195	2.849576473236084
2	111	at	6.455327033996582	2.448664665222168	2.4562907218933105	2.976907730102539
2	112	a	2.770880699157715	2.5774362087249756	1.8243204355239868	2.2665724754333496
2	113	terrible	7.550717353820801	8.20751953125	7.079825401306152	6.443420886993408
2	114	rate.	11.853764533996582	11.569940567016602	4.00008487701416	2.613306999206543
2	115	One	5.322273254394531	5.042948246002197	4.938419818878174	5.037448883056641
2	116	of	0.4369952082633972	1.6126048564910889	1.7096999883651733	1.7971116304397583
2	117	the	0.8314511775970459	0.59034663438797	0.42358073592185974	0.48378700017929077
2	118	slippers	14.063035011291504	14.27758502960205	13.8551607131958	14.300875663757324
2	119	she	6.058826923370361	4.241143703460693	4.06574821472168	3.546107292175293
2	120	could	4.305610656738281	4.37374210357666	5.495918273925781	5.450197696685791
2	121	not	3.5284476280212402	2.18640398979187	2.883665084838867	2.9260101318359375
2	122	find,	12.004642486572266	8.912398338317871	8.49386215209961	5.681883811950684
2	123	and	2.5365824699401855	2.7821333408355713	2.4315578937530518	2.161900520324707
2	124	a	3.659700870513916	4.715249061584473	5.017000198364258	4.69211483001709
2	125	boy	8.095224380493164	8.031414031982422	8.126173973083496	8.024129867553711
2	126	seized	10.295210838317871	11.132132530212402	9.744142532348633	8.870224952697754
2	127	upon	5.820129871368408	4.733824729919434	4.323607921600342	4.465432167053223
2	128	the	0.6412745714187622	1.357072114944458	1.0999977588653564	1.498606562614441
2	129	other,	8.189033508300781	7.505605220794678	10.047698974609375	10.591093063354492
2	130	saying	7.376888751983643	6.704165458679199	7.047333240509033	6.49143123626709
2	131	that	0.8522359132766724	1.4433737993240356	1.492933988571167	1.1256979703903198
2	132	he	3.0981459617614746	2.619947910308838	2.453728675842285	2.305881977081299
2	133	could	4.373392105102539	3.4854235649108887	3.9498143196105957	3.769437313079834
2	134	use	4.4403252601623535	4.296965599060059	4.329977512359619	4.7366533279418945
2	135	it	3.683403968811035	2.993893623352051	3.09873366355896	3.3041064739227295
2	136	as	5.7479376792907715	1.9496803283691406	1.9857444763183594	2.4318015575408936
2	137	a	1.4127646684646606	1.410130262374878	0.6668519973754883	0.550967812538147
2	138	home	7.632360458374023	7.868448257446289	7.639575958251953	7.0938215255737305
2	139	for	2.7427778244018555	2.5840823650360107	1.19088876247406	1.3436387777328491
2	140	his	4.407854080200195	4.101849555969238	4.265096187591553	4.473923206329346
2	141	little	7.537249565124512	7.60064697265625	6.10007381439209	5.970441818237305
2	142	pet	9.692736625671387	6.3575544357299805	6.427952289581299	6.381717205047607
2	143	mouse.	10.096733093261719	8.935001373291016	7.055267333984375	6.775933742523193
2	144	So	5.306792259216309	4.933520317077637	4.421690940856934	4.86733865737915
2	145	with	7.503931045532227	5.354981899261475	5.8092756271362305	5.915645122528076
2	146	her	4.410696029663086	5.216645240783691	6.479706287384033	4.857487678527832
2	147	naked	8.8988676071167	7.55187463760376	7.72853946685791	7.197783470153809
2	148	feet,	8.341450691223145	7.296323776245117	7.25079345703125	7.636514186859131
2	149	which	3.8724794387817383	3.7010135650634766	3.5951390266418457	3.6310553550720215
2	150	were	4.397396087646484	3.6911542415618896	2.6736464500427246	1.979211688041687
2	151	quite	6.55627965927124	6.318613052368164	5.849102020263672	5.648333549499512
2	152	red	11.244077682495117	9.793608665466309	9.47311782836914	8.462956428527832
2	153	and	3.082874298095703	1.6097794771194458	1.3938701152801514	1.2611953020095825
2	154	blue	9.517953872680664	2.7518556118011475	5.004158020019531	5.863353252410889
2	155	with	6.037607192993164	5.676456451416016	5.168654441833496	3.3411359786987305
2	156	the	1.2512949705123901	2.688309907913208	2.787400245666504	2.3482160568237305
2	157	cold,	11.166158676147461	10.865984916687012	10.3104829788208	11.56281852722168
2	158	the	3.641324281692505	3.033338785171509	2.9457404613494873	3.604584217071533
2	159	little	7.613574981689453	6.883090972900391	7.871775150299072	7.699740409851074
2	160	girl	4.964361190795898	2.9422149658203125	2.5699639320373535	3.7881569862365723
2	161	went	6.061271667480469	6.730009078979492	5.65555477142334	5.395646095275879
2	162	on,	6.236191749572754	6.332098007202148	7.203073024749756	6.246401786804199
2	163	wondering	9.044133186340332	7.220781326293945	6.819382667541504	6.6641411781311035
2	164	how	1.6377283334732056	2.044198751449585	2.0144612789154053	2.120537519454956
2	165	she	4.517830848693848	4.314713001251221	3.303309440612793	2.898813247680664
2	166	would	3.904798984527588	3.363645553588867	2.0414230823516846	2.0052998065948486
2	167	get	4.256406784057617	4.242064476013184	4.483757495880127	3.8458096981048584
2	168	through	5.604918003082275	5.230256080627441	5.08112907409668	3.4531681537628174
2	169	this	3.982215404510498	2.9730160236358643	3.1407692432403564	2.6426844596862793
2	170	dreadful	12.453756332397461	9.588149070739746	8.86191177368164	9.847129821777344
2	171	night.	6.861882209777832	7.343785285949707	6.895147323608398	6.980731964111328
2	172	She	4.135699272155762	3.6951210498809814	3.7592275142669678	3.8407883644104004
2	173	approached	9.410706520080566	7.587615013122559	7.548493385314941	7.746853351593018
2	174	an	4.933877944946289	5.114703178405762	5.2619123458862305	5.745395183563232
2	175	old	4.573732852935791	3.58630633354187	3.0556833744049072	2.689208507537842
2	176	hovel	12.385454177856445	10.88222885131836	10.831871032714844	13.894695281982422
2	177	she	6.09760856628418	6.221117973327637	6.219413757324219	6.654023170471191
2	178	had	2.4720723628997803	2.3552982807159424	2.1559383869171143	1.7408753633499146
2	179	used	5.419777870178223	5.484338760375977	5.2204484939575195	5.179625988006592
2	180	as	3.4932827949523926	5.096313953399658	4.506049156188965	1.837449550628662
2	181	a	1.4127646684646606	0.9469642639160156	1.0003188848495483	0.7954221963882446
2	182	shelter	10.396411895751953	9.23327922821045	7.333654403686523	6.778192043304443
2	183	a	5.881293773651123	6.9402618408203125	7.967855453491211	8.209537506103516
2	184	few	3.445157289505005	4.879486083984375	1.5797858238220215	2.2639856338500977
2	185	times	3.662010908126831	4.534997940063477	5.2716803550720215	4.630992889404297
2	186	before,	6.871649742126465	4.544149875640869	5.28536319732666	7.2672834396362305
2	187	and	2.3379251956939697	2.5112321376800537	2.0824849605560303	2.062187671661377
2	188	found	7.103829383850098	6.980206489562988	6.833934783935547	6.57565450668335
2	189	the	2.6700050830841064	2.68605375289917	2.7858760356903076	2.6108264923095703
2	190	entrance	8.53582763671875	7.642159461975098	7.366523742675781	7.279684543609619
2	191	was	4.6313323974609375	5.2436370849609375	4.605116844177246	4.573967933654785
2	192	locked.	11.758367538452148	7.140471458435059	5.618128776550293	4.585054397583008
2	193	Tough	10.612679481506348	11.143424034118652	11.677779197692871	11.533075332641602
2	194	luck	10.03189754486084	4.6721649169921875	3.120424270629883	2.6286211013793945
2	195	for	2.634721517562866	2.4451797008514404	1.8655047416687012	1.2882592678070068
2	196	the	1.2972720861434937	2.018612861633301	1.9419538974761963	1.859640121459961
2	197	girl!	15.449979782104492	15.242130279541016	10.882624626159668	9.965726852416992
2	198	This	4.162566661834717	4.25075101852417	4.242480754852295	4.329612731933594
2	199	day	7.556617259979248	6.8108954429626465	7.301548480987549	7.082286834716797
2	200	was	4.492734909057617	2.5759973526000977	2.741323709487915	2.3830809593200684
2	201	even	6.486025810241699	6.621167182922363	5.6086201667785645	5.628389358520508
2	202	worse	4.308272838592529	4.187049388885498	2.8829567432403564	3.4797210693359375
2	203	than	0.42499613761901855	1.610500693321228	0.82962566614151	0.7106844186782837
2	204	the	1.685984492301941	2.0929834842681885	1.9019432067871094	1.9449834823608398
2	205	others.	10.545195579528809	6.351333141326904	5.817784309387207	6.38912296295166
2	206	No	5.794771671295166	5.92679500579834	5.922187805175781	5.695334434509277
2	207	Good	8.169332504272461	10.360857963562012	10.568323135375977	10.24999713897705
2	208	Samaritan	10.615137100219727	5.581111907958984	4.119242191314697	4.435498237609863
2	209	had	5.441303253173828	5.955012321472168	5.843201637268066	5.300509452819824
2	210	given	6.0197906494140625	4.810006618499756	4.788685321807861	5.796474456787109
2	211	her	4.222025394439697	2.9272327423095703	2.9156551361083984	2.2221169471740723
2	212	even	9.287717819213867	7.313443660736084	7.227751731872559	7.746419429779053
2	213	a	3.390920400619507	4.281340599060059	1.7774184942245483	2.802669048309326
2	214	penny.	12.298608779907227	10.32412338256836	9.429864883422852	9.278762817382812
2	215	And	3.640110731124878	3.694715976715088	3.544311285018921	3.4354729652404785
2	216	she	5.204752445220947	4.7333855628967285	4.678780555725098	4.828743934631348
2	217	had	2.4720723628997803	3.3377747535705566	3.1436033248901367	3.2125766277313232
2	218	no	3.8713910579681396	3.704474925994873	2.970217704772949	2.7790496349334717
2	219	luck	8.994156837463379	7.215514183044434	7.380204200744629	7.5761566162109375
2	220	selling	11.407342910766602	6.8960981369018555	5.915642738342285	5.785383224487305
2	221	any	5.769872188568115	4.913954257965088	4.085783004760742	3.643156051635742
2	222	matches	10.691822052001953	10.071393966674805	10.669508934020996	8.953819274902344
2	223	that	2.4408881664276123	2.7084805965423584	2.6872951984405518	2.704090118408203
2	224	she	4.501560688018799	5.6460676193237305	6.9539313316345215	5.5278167724609375
2	225	carried	8.221433639526367	8.206367492675781	7.4935407638549805	8.204554557800293
2	226	in	3.884303569793701	3.5909554958343506	3.8668534755706787	2.6508736610412598
2	227	the	0.8811151385307312	1.6830452680587769	2.48142671585083	2.6913115978240967
2	228	old	6.506766319274902	7.046217918395996	7.90671443939209	7.1155290603637695
2	229	apron	17.810197830200195	12.757429122924805	14.186342239379883	13.22286605834961
2	230	her	7.295760154724121	6.510220050811768	6.958733558654785	7.520025730133057
2	231	grandmother	6.475151538848877	7.2593793869018555	5.844631195068359	4.695581912994385
2	232	had	3.4377493858337402	3.5823910236358643	1.916741967201233	1.3807127475738525
2	233	given	6.0197906494140625	4.423261642456055	3.9452524185180664	2.399125576019287
2	234	her.	8.131499290466309	6.37755012512207	4.621705532073975	3.557473659515381
2	235	Poor	9.454900741577148	9.389505386352539	9.474102020263672	9.442327499389648
2	236	little	8.340117454528809	3.046293258666992	3.325411319732666	3.092827320098877
2	237	child,	8.653573036193848	7.200782775878906	7.632552146911621	7.662708282470703
2	238	she	4.56116247177124	3.9587597846984863	3.7831883430480957	1.8876588344573975
2	239	looked	5.086349010467529	6.228139400482178	5.154254913330078	4.8381242752075195
2	240	the	7.629597187042236	5.785220146179199	5.551967620849609	5.6763596534729
2	241	picture	8.112791061401367	6.461472988128662	6.1416096687316895	5.545883655548096
2	242	of	0.22588008642196655	1.4375239610671997	0.9132453203201294	0.7437669038772583
2	243	misery.	13.797022819519043	14.130571365356445	10.74538803100586	10.23820686340332
2	244	On	5.566446781158447	5.557740211486816	5.538003444671631	5.378066539764404
2	245	her	5.74296236038208	5.273300647735596	5.515087127685547	5.026861190795898
2	246	long,	9.573040008544922	9.0031156539917	9.707877159118652	9.852662086486816
2	247	fair	9.79593563079834	8.032629013061523	8.340095520019531	9.359100341796875
2	248	hair,	10.244586944580078	6.518200874328613	1.7254263162612915	2.850627899169922
2	249	which	3.735764265060425	4.222198486328125	3.631877899169922	2.4646434783935547
2	250	hung	12.471939086914062	9.866527557373047	10.050058364868164	6.554119110107422
2	251	in	3.0998034477233887	2.017184019088745	2.4248688220977783	2.6422858238220215
2	252	curls	16.425758361816406	13.696157455444336	12.692554473876953	8.021013259887695
2	253	on	2.8270483016967773	3.803659439086914	3.019968032836914	2.6459097862243652
2	254	her	4.474122047424316	2.2248449325561523	2.9615306854248047	2.6545069217681885
2	255	shoulders,	9.076885223388672	6.011979103088379	5.108857154846191	5.077105522155762
2	256	the	3.493396759033203	3.706589937210083	3.576809883117676	3.540372371673584
2	257	snowflakes	12.818772315979004	11.027397155761719	9.824323654174805	10.064474105834961
2	258	kept	8.305633544921875	7.545832633972168	6.0539655685424805	6.477150917053223
2	259	landing,	14.59773063659668	10.270105361938477	9.450545310974121	9.29762077331543
2	260	but	2.977677345275879	2.59745454788208	2.8413538932800293	2.765998125076294
2	261	she	4.415902137756348	4.615657329559326	3.970205068588257	3.341742992401123
2	262	did	4.252788543701172	3.752020835876465	3.496504783630371	3.7671103477478027
2	263	not	0.35008683800697327	0.7265393137931824	0.887607216835022	0.7115040421485901
2	264	notice	7.051821231842041	5.983177661895752	5.499377727508545	5.252074241638184
2	265	them	7.323536396026611	4.679320335388184	4.965237140655518	4.981045722961426
2	266	as	3.7327234745025635	2.890454053878784	3.2792274951934814	3.413054943084717
2	267	she	5.501832962036133	5.719704627990723	6.03809928894043	4.396597862243652
2	268	shivered	12.077896118164062	8.930620193481445	9.122200012207031	9.704805374145508
2	269	along.	10.261388778686523	10.851795196533203	10.154373168945312	9.903608322143555
2	270	She	4.426716327667236	2.4247565269470215	1.8211206197738647	1.7901443243026733
2	271	was	1.9952536821365356	2.4662437438964844	2.4193975925445557	2.535705327987671
2	272	losing	7.960571765899658	8.612196922302246	8.122557640075684	7.599680423736572
2	273	strength	9.333271026611328	7.261775016784668	5.998753547668457	5.746798038482666
2	274	and	2.368155002593994	1.6285245418548584	1.212759017944336	1.0749423503875732
2	275	beginning	10.079483985900879	11.405713081359863	8.295815467834473	7.570870876312256
2	276	to	1.5388132333755493	1.1078572273254395	0.5861102342605591	0.1027689278125763
2	277	doubt	9.434099197387695	6.3390278816223145	5.970156192779541	7.131411552429199
2	278	she	6.049343109130859	7.893701553344727	7.267879962921143	6.671787738800049
2	279	could	4.305610656738281	2.9506611824035645	2.681126117706299	1.850232481956482
2	280	weather	12.434378623962402	9.03931713104248	8.726471900939941	8.353582382202148
2	281	this	7.806466102600098	3.73088002204895	4.101291656494141	3.511812448501587
2	282	storm.	11.744714736938477	10.165338516235352	2.0876288414001465	1.969077706336975
2	283	It	3.366255283355713	3.226384401321411	3.2835662364959717	3.364475727081299
2	284	was	1.4277337789535522	1.5330162048339844	1.6700694561004639	1.9950034618377686
2	285	New	11.681683540344238	9.412629127502441	9.3123779296875	9.892399787902832
2	286	Year's,	11.499110221862793	6.791265964508057	5.934903144836426	5.970495700836182
2	287	and	2.6600430011749268	2.480924367904663	1.5941036939620972	1.1001015901565552
2	288	the	2.305114269256592	2.751068115234375	2.8502426147460938	2.6537580490112305
2	289	girl	8.535560607910156	7.903083801269531	8.270479202270508	7.467923164367676
2	290	asked	7.033178329467773	5.85633659362793	5.592906951904297	5.0071797370910645
2	291	herself	7.187882423400879	6.827686309814453	6.717228412628174	6.929291725158691
2	292	why,	14.58247184753418	6.246828079223633	6.646636486053467	6.2262654304504395
2	293	as	3.706418752670288	3.535959243774414	3.5438625812530518	3.61759877204895
2	294	lights	13.413496017456055	11.881383895874023	12.559127807617188	12.37928581237793
2	295	shone	11.784494400024414	7.891033172607422	6.939523220062256	5.739110946655273
2	296	from	3.895193099975586	2.851109743118286	2.2210898399353027	2.3317461013793945
2	297	every	7.115685939788818	5.6459879875183105	4.248599052429199	5.262906551361084
2	298	window,	10.80508041381836	9.464896202087402	5.676133632659912	4.5914835929870605
2	299	and	2.315302610397339	2.414597272872925	2.29022216796875	1.5099953413009644
2	300	the	2.305114269256592	2.6051015853881836	2.8038954734802246	2.4716763496398926
2	301	savory	15.146995544433594	13.398687362670898	13.314046859741211	12.968816757202148
2	302	smell	7.416510105133057	5.08058500289917	4.791945934295654	3.674227714538574
2	303	of	0.3658149242401123	1.2575926780700684	0.2940737307071686	0.2559553384780884
2	304	roast	15.927255630493164	7.497220993041992	6.014767646789551	5.872084140777588
2	305	goose	10.140685081481934	7.350144386291504	8.133419036865234	7.451452255249023
2	306	crept	13.342584609985352	13.978862762451172	15.426613807678223	13.374794960021973
2	307	out	1.3953781127929688	3.475759506225586	2.5297040939331055	2.3858766555786133
2	308	on	4.05687141418457	4.348870277404785	4.623507499694824	4.510814666748047
2	309	the	0.8019847273826599	1.467551350593567	1.6935815811157227	1.3036288022994995
2	310	streets,	9.825553894042969	8.010149002075195	5.300589561462402	5.712695121765137
2	311	she	5.855576038360596	5.302342414855957	5.292720794677734	5.404553413391113
2	312	was	1.9840257167816162	2.6331067085266113	2.5522243976593018	2.5822970867156982
2	313	outside	8.874829292297363	8.54863452911377	7.767452239990234	8.049443244934082
2	314	all	6.835544586181641	5.9261393547058105	6.514583110809326	5.6842732429504395
2	315	alone.	12.504562377929688	10.242819786071777	6.129016876220703	3.985691547393799
2	316	Exhausted,	12.719527244567871	11.666275024414062	11.738471984863281	10.28281021118164
2	317	she	4.18936824798584	1.9039853811264038	1.9833095073699951	1.827544093132019
2	318	finally	7.853670120239258	4.836626052856445	4.888535499572754	4.956271171569824
2	319	sat	8.409994125366211	6.551471710205078	4.914961338043213	4.452034950256348
2	320	down	1.3111859560012817	0.8252333402633667	0.8240525722503662	1.0822880268096924
2	321	in	2.6682372093200684	2.6395530700683594	2.525346279144287	2.463104009628296
2	322	a	2.58301043510437	2.7235419750213623	1.769290566444397	1.9698673486709595
2	323	corner	9.06950569152832	7.16529655456543	4.239993572235107	3.4085946083068848
2	324	behind	7.897794723510742	6.616436004638672	5.035813331604004	4.855764865875244
2	325	the	0.5902894139289856	1.6062304973602295	1.5490137338638306	1.1780259609222412
2	326	little	7.613574981689453	9.048093795776367	7.749587059020996	7.674055099487305
2	327	bakery.	16.404808044433594	14.322104454040527	12.725850105285645	11.679960250854492
2	328	She	4.511324882507324	3.7986998558044434	3.082322359085083	2.926273822784424
2	329	put	6.832906246185303	6.361815929412842	6.003649711608887	5.7726240158081055
2	330	a	3.0821456909179688	2.7049434185028076	2.3663783073425293	2.368666172027588
2	331	rag	11.024518013000488	10.932312965393066	7.275040626525879	9.197876930236816
2	332	she	7.19561767578125	6.531223297119141	9.063077926635742	7.373204231262207
2	333	had	2.4720723628997803	2.0454258918762207	1.8213928937911987	1.2833937406539917
2	334	found	5.526535987854004	4.8040452003479	5.006041526794434	4.489119052886963
2	335	over	6.671419620513916	7.205616474151611	7.505990982055664	6.248767852783203
2	336	her	4.7983903884887695	5.696816444396973	5.663139343261719	2.7285714149475098
2	337	legs	6.0706634521484375	5.6753010749816895	6.645679473876953	6.972602367401123
2	338	to	1.6134363412857056	2.7148935794830322	2.5960118770599365	3.097745418548584
2	339	cover	6.856602668762207	6.0238800048828125	4.549903392791748	3.4306366443634033
2	340	herself,	13.104192733764648	9.905036926269531	7.524460792541504	4.520977020263672
2	341	but	2.625544786453247	2.643878936767578	2.360318660736084	2.275388717651367
2	342	she	4.415902137756348	2.111811399459839	1.9609503746032715	1.7124741077423096
2	343	could	4.305610656738281	4.085921287536621	4.023318290710449	4.117558479309082
2	344	not	3.528447151184082	2.18640398979187	1.3402541875839233	1.1513808965682983
2	345	keep	6.714483737945557	5.280378818511963	4.894752025604248	4.686511039733887
2	346	off	5.770051002502441	7.144800186157227	6.966057777404785	6.695521831512451
2	347	the	0.8954268097877502	1.2824337482452393	1.4617798328399658	1.3593165874481201
2	348	cold.	12.162120819091797	11.559532165527344	9.315910339355469	9.338525772094727
2	349	The	2.3885130882263184	2.444610357284546	2.5736043453216553	2.7094736099243164
2	350	girl,	10.845382690429688	9.720077514648438	9.874931335449219	9.68733024597168
2	351	who	2.9386281967163086	1.475483775138855	1.649381160736084	1.8009519577026367
2	352	the	7.848516941070557	6.284778118133545	6.258842468261719	6.801782608032227
2	353	night	7.616698741912842	8.736912727355957	7.038890838623047	8.283589363098145
2	354	air	9.346935272216797	6.3410749435424805	7.134668350219727	8.100976943969727
2	355	had	6.3705339431762695	5.40800666809082	4.517095565795898	3.106395721435547
2	356	completely	8.660425186157227	6.701957702636719	6.604509353637695	5.879915237426758
2	357	enveloped,	14.287074089050293	14.772236824035645	11.03415298461914	10.911639213562012
2	358	dared	12.839449882507324	13.713255882263184	12.010485649108887	14.179682731628418
2	359	not	6.651376247406006	1.0260014533996582	1.1168491840362549	0.988528311252594
2	360	go	5.685390472412109	4.021278381347656	4.335583686828613	4.855730056762695
2	361	home,	8.093681335449219	8.649486541748047	6.617790699005127	7.639449596405029
2	362	for	5.456265449523926	5.388031005859375	5.063418388366699	2.8922903537750244
2	363	she	10.470873832702637	5.788732051849365	5.2618727684021	4.356190204620361
2	364	had	2.4720723628997803	2.675319194793701	1.9007489681243896	1.8609685897827148
2	365	sold	6.792020797729492	7.021416187286377	7.108494758605957	6.92744255065918
2	366	no	7.602107048034668	6.425717353820801	7.009749412536621	5.863765716552734
2	367	matches.	12.593046188354492	10.285938262939453	10.57575798034668	10.011960983276367
2	368	Her	7.061883449554443	8.8961181640625	7.392421722412109	6.183035373687744
2	369	father	2.9939770698547363	4.938013076782227	4.8894147872924805	4.639200210571289
2	370	had	3.0201210975646973	2.3285632133483887	2.7474544048309326	2.6243317127227783
2	371	been	1.1064952611923218	1.9746978282928467	1.8255234956741333	1.8617208003997803
2	372	mean	13.036746978759766	10.642447471618652	9.703460693359375	9.995923042297363
2	373	and	4.968181133270264	1.8123005628585815	1.9067305326461792	2.433462619781494
2	374	moody	16.508995056152344	15.61324405670166	9.360132217407227	9.102506637573242
2	375	ever	9.184617042541504	8.973785400390625	8.920294761657715	7.6064581871032715
2	376	since	4.605409622192383	0.9753365516662598	0.944643497467041	0.7110366821289062
2	377	his	4.869426727294922	4.070380210876465	3.353940486907959	3.338366746902466
2	378	wife	4.31784200668335	5.252869606018066	5.366021156311035	3.8517680168151855
2	379	had	3.499647617340088	3.9869301319122314	3.764854669570923	4.260422229766846
2	380	gone	5.399815082550049	4.754387855529785	4.484780311584473	4.222557544708252
2	381	to	2.0454068183898926	1.6468384265899658	0.9595196843147278	0.9334259033203125
2	382	meet	5.717079162597656	5.686608791351318	5.272626876831055	4.515730381011963
2	383	her	4.6498847007751465	4.295155048370361	3.2650434970855713	2.9557087421417236
2	384	Maker.	16.954341888427734	13.282611846923828	11.729933738708496	12.215328216552734
2	385	He	3.876542806625366	3.531054735183716	3.617215633392334	3.38720703125
2	386	would	4.1331787109375	4.592192649841309	4.251327991485596	4.397405624389648
2	387	certainly	6.576145648956299	5.956839561462402	5.964828968048096	5.678386211395264
2	388	beat	9.656155586242676	7.0549421310424805	6.878329753875732	7.2354021072387695
2	389	her,	5.871438026428223	7.134328365325928	7.43076229095459	6.415117263793945
2	390	as	4.11030387878418	4.518425941467285	4.149531364440918	3.9655838012695312
2	391	he	3.7666685581207275	3.1698153018951416	2.9788644313812256	3.183504343032837
2	392	has	3.1948890686035156	3.955056667327881	4.14848518371582	4.178141117095947
2	393	done	5.1280012130737305	4.126829147338867	2.36366605758667	1.806162714958191
2	394	several	8.650416374206543	6.79622745513916	6.662172317504883	5.3504438400268555
2	395	times	3.561976432800293	1.6672563552856445	2.8863117694854736	1.348908543586731
2	396	in	2.210228681564331	2.2897591590881348	2.073190450668335	1.803908109664917
2	397	the	0.8811151385307312	1.2662923336029053	0.9938256740570068	0.7475718259811401
2	398	weeks	10.671052932739258	7.845914840698242	7.655442237854004	6.450464248657227
2	399	past,	9.83389663696289	7.384191989898682	8.169050216674805	8.246419906616211
2	400	because	5.4648003578186035	6.170314788818359	5.8433732986450195	5.730377674102783
2	401	she	3.522975444793701	4.368210792541504	3.8199405670166016	4.079055309295654
2	402	had	2.4720723628997803	2.644928455352783	2.752777099609375	2.457852840423584
2	403	not	4.401581764221191	3.8808352947235107	3.611104965209961	3.723149299621582
2	404	earned	10.677596092224121	7.077272415161133	7.406863689422607	6.535123825073242
2	405	any	5.9761857986450195	4.034846782684326	2.7517786026000977	3.0761098861694336
2	406	money	5.162273406982422	2.9075334072113037	2.52931547164917	2.1493453979492188
2	407	today.	10.65459156036377	9.335196495056152	8.544124603271484	7.279129981994629
2	408	Besides,	9.005880355834961	8.610502243041992	8.53512954711914	8.553075790405273
2	409	it	3.1790366172790527	3.126218557357788	3.2159976959228516	3.156019926071167
2	410	was	1.6763286590576172	2.3598713874816895	2.0380263328552246	2.578200340270996
2	411	almost	6.503615379333496	5.757659912109375	5.421473503112793	5.189208507537842
2	412	as	4.898658752441406	2.472529649734497	2.193603277206421	2.4542572498321533
2	413	cold	10.59528923034668	7.305569171905518	5.7777581214904785	7.447737216949463
2	414	at	6.631505966186523	5.926445007324219	5.218375205993652	4.98696231842041
2	415	home	5.559844017028809	5.171634674072266	4.836142539978027	4.309991359710693
2	416	as	4.722939968109131	3.8505873680114746	3.720012903213501	1.6558974981307983
2	417	outside,	14.663416862487793	13.72043228149414	12.946565628051758	13.123513221740723
2	418	for	5.609886169433594	5.699923992156982	5.623570442199707	5.435299873352051
2	419	they	9.362554550170898	4.244613170623779	4.746419906616211	5.140359878540039
2	420	had	3.6257309913635254	3.1617841720581055	2.7784433364868164	3.485720634460449
2	421	only	5.387628555297852	5.563563346862793	5.040657997131348	5.011037826538086
2	422	a	3.158973217010498	2.6593456268310547	2.7581591606140137	2.9121594429016113
2	423	patchy	13.412325859069824	13.20596694946289	11.826949119567871	12.515880584716797
2	424	roof	7.595790386199951	8.11686897277832	9.25989055633545	9.43343448638916
2	425	to	3.4440574645996094	3.716724157333374	3.6293342113494873	3.239035129547119
2	426	cover	6.856602668762207	5.527584075927734	4.759547710418701	3.9001879692077637
2	427	them.	6.831139087677002	6.509753227233887	5.427906036376953	5.379448890686035
2	428	The	2.6213858127593994	2.5793333053588867	2.471944808959961	2.2312378883361816
2	429	girl's	10.165777206420898	9.60135269165039	9.318212509155273	9.63983154296875
2	430	little	6.921558380126953	6.724609851837158	6.589303970336914	6.534785747528076
2	431	hands	8.790562629699707	5.351089000701904	3.390194892883301	2.878291130065918
2	432	were	4.861185073852539	4.475960731506348	2.3322253227233887	1.4107720851898193
2	433	almost	6.669422149658203	6.739677429199219	7.467368125915527	6.288459300994873
2	434	frozen	9.907516479492188	7.9990234375	5.132568359375	6.643652439117432
2	435	solid	8.966475486755371	5.994760513305664	3.1513259410858154	4.441949844360352
2	436	so	8.673504829406738	5.571862697601318	5.834677696228027	6.554198265075684
2	437	she	5.407418251037598	4.967928886413574	4.710057735443115	4.440897464752197
2	438	decided	5.5045881271362305	4.477328777313232	5.59080171585083	7.298542022705078
2	439	that	3.100050449371338	3.222747325897217	3.36542010307312	3.837226390838623
2	440	a	4.63108491897583	3.974405288696289	4.345357894897461	4.558541297912598
2	441	burning	10.208833694458008	9.983901023864746	10.018869400024414	9.705666542053223
2	442	match	10.258254051208496	6.245077133178711	5.4831647872924805	5.055718898773193
2	443	might	8.835726737976074	7.301238536834717	6.990435600280762	4.160368919372559
2	444	be	0.7667721509933472	1.2208398580551147	1.5189146995544434	1.6630785465240479
2	445	of	7.707597732543945	5.57521915435791	5.425963878631592	5.682379722595215
2	446	some	5.574951648712158	3.35288143157959	2.797874927520752	2.917714834213257
2	447	good.	10.007326126098633	10.271828651428223	9.244958877563477	9.457099914550781
2	448	'Scratch!'	25.126850128173828	24.467546463012695	24.1203670501709	23.54688835144043
2	449	sounded	7.909999370574951	8.480949401855469	8.283260345458984	8.311638832092285
2	450	the	5.747926235198975	3.621623992919922	2.76647686958313	2.734529733657837
2	451	match	8.92835521697998	8.725454330444336	8.515558242797852	10.140650749206543
2	452	as	5.185917377471924	4.012156009674072	4.27209997177124	5.514960289001465
2	453	she	5.501832962036133	5.486690998077393	4.983295440673828	3.55294132232666
2	454	drew	7.587535858154297	6.469147205352783	7.027545928955078	6.41502571105957
2	455	it	4.728083610534668	3.8061933517456055	4.338479995727539	4.969882965087891
2	456	out.	7.818912029266357	4.472001075744629	4.03878927230835	3.115571975708008
2	457	How	6.040622234344482	5.841238021850586	6.612888336181641	6.604568004608154
2	458	it	4.135159492492676	5.210053443908691	5.038989067077637	4.495999813079834
2	459	sputtered	15.300331115722656	16.858474731445312	14.512898445129395	14.23122501373291
2	460	as	3.507988452911377	3.068634510040283	4.988317012786865	4.680096626281738
2	461	it	3.633481502532959	3.04760479927063	1.7237825393676758	1.743896484375
2	462	burnt!	20.086891174316406	17.303573608398438	14.41874885559082	13.850366592407227
2	463	It	3.9463915824890137	3.281311511993408	3.255094528198242	3.0700714588165283
2	464	gave	7.273018836975098	6.759006500244141	6.3225417137146	6.045950889587402
2	465	a	2.8333263397216797	3.1507420539855957	2.984349489212036	3.0953080654144287
2	466	warm,	10.693158149719238	10.095043182373047	8.604615211486816	8.510160446166992
2	467	candle-like	16.096088409423828	15.833312034606934	17.577640533447266	14.150531768798828
2	468	bright	8.078472137451172	7.242371082305908	8.246840476989746	11.436147689819336
2	469	light	2.9616000652313232	2.8360161781311035	2.3735575675964355	1.7896010875701904
2	470	that	4.1870012283325195	3.496253252029419	2.6035125255584717	2.4178056716918945
2	471	the	2.4105913639068604	3.1412692070007324	4.360759258270264	5.552004814147949
2	472	girl	8.535560607910156	7.412158489227295	6.951137542724609	6.313600540161133
2	473	hid	10.885126113891602	8.751882553100586	8.27664566040039	7.118325233459473
2	474	from	4.1315083503723145	3.892925262451172	3.9662535190582275	3.0881834030151367
2	475	the	0.7917162775993347	1.6190638542175293	1.441812515258789	1.6209386587142944
2	476	world	5.029668807983398	6.011374473571777	3.5543808937072754	4.387152671813965
2	477	as	4.450368404388428	3.502464771270752	4.292059421539307	3.2332942485809326
2	478	she	5.501832962036133	5.665875434875488	5.75575065612793	5.424058437347412
2	479	held	6.8733110427856445	5.6188645362854	6.852710247039795	6.615386009216309
2	480	her	4.031431198120117	2.1166677474975586	1.3496640920639038	1.6011768579483032
2	481	hand	5.092783451080322	3.0629312992095947	2.84610652923584	2.7717392444610596
2	482	over	4.534268379211426	3.209743022918701	2.3033266067504883	2.2443108558654785
2	483	it.	6.689170837402344	6.712510108947754	4.531126976013184	4.30892276763916
2	484	Why	6.344331741333008	6.617424011230469	6.422737121582031	7.642923355102539
2	485	had	6.448754787445068	6.59182071685791	6.461431503295898	6.069719314575195
2	486	no	3.8713910579681396	4.285185813903809	4.560165882110596	4.651268005371094
2	487	one	3.124772787094116	5.521976947784424	0.2802695035934448	0.3282593786716461
2	488	wanted	9.8219575881958	5.201218605041504	8.264249801635742	6.166067123413086
2	489	to	0.07710829377174377	0.4540468156337738	0.37455976009368896	0.5173313021659851
2	490	buy	5.783427715301514	5.024100303649902	4.907943248748779	4.754910469055176
2	491	even	8.292245864868164	6.809762001037598	7.255862712860107	7.1029744148254395
2	492	one	4.907073974609375	4.432503700256348	3.5815255641937256	3.092130422592163
2	493	match?	14.624213218688965	11.885627746582031	10.90261173248291	11.183542251586914
2	494	A	5.292657375335693	4.494833469390869	4.597593307495117	4.823827743530273
2	495	wonderful	8.315322875976562	8.995059967041016	9.030874252319336	8.822492599487305
2	496	light,	9.575095176696777	9.899041175842285	11.966148376464844	11.757558822631836
2	497	it	4.02800178527832	4.023390293121338	3.7949435710906982	4.449227333068848
2	498	was	1.6763286590576172	2.1288909912109375	2.1594226360321045	2.747514009475708
2	499	really.	13.158867835998535	11.615795135498047	12.787172317504883	12.64849853515625
2	500	It	3.294167995452881	2.815894365310669	2.6857171058654785	2.4516797065734863
2	501	seemed	6.376910209655762	5.059589385986328	4.254587173461914	4.413421154022217
2	502	to	0.2936435341835022	1.6428478956222534	1.7850676774978638	1.696509838104248
2	503	the	2.496473789215088	6.018136501312256	4.792290210723877	5.957658290863037
2	504	girl	8.535560607910156	9.106447219848633	6.251615524291992	5.212691783905029
2	505	that	4.064067363739014	4.507830619812012	3.8854010105133057	2.4799933433532715
2	506	she	4.501560688018799	3.143206834793091	2.7708611488342285	2.1775379180908203
2	507	was	1.984025239944458	1.8434195518493652	2.097450017929077	1.9396709203720093
2	508	sitting	7.340240955352783	6.323550224304199	6.893739700317383	6.926640033721924
2	509	by	6.684535026550293	4.631049633026123	4.511238098144531	4.728661060333252
2	510	a	2.686467409133911	2.7689599990844727	2.6474735736846924	2.529811382293701
2	511	large	4.937533378601074	5.111946105957031	5.230557441711426	4.688667297363281
2	512	iron	8.754427909851074	8.023385047912598	8.088387489318848	7.034310340881348
2	513	stove,	11.19299030303955	9.670785903930664	9.197628021240234	9.630072593688965
2	514	with	4.307707786560059	4.131452560424805	3.4531912803649902	3.5030810832977295
2	515	polished	13.449247360229492	10.515369415283203	8.705245971679688	7.786348342895508
2	516	brass	10.666017532348633	4.397912979125977	3.1461026668548584	2.809814214706421
2	517	feet	9.327239036560059	9.072508811950684	8.21682071685791	6.4627838134765625
2	518	and	1.976533055305481	1.5356261730194092	1.202431321144104	0.6063858866691589
2	519	a	3.659700870513916	3.115267515182495	2.4515464305877686	2.1669931411743164
2	520	brass	11.850146293640137	10.5059814453125	11.999223709106445	5.061291694641113
2	521	ornament.	15.148235321044922	9.785441398620605	8.79565715789795	9.688115119934082
2	522	How	6.493704795837402	6.966972351074219	6.878856658935547	7.235198974609375
2	523	the	4.87187385559082	4.126985549926758	3.851449966430664	3.9481968879699707
2	524	fire	7.836156368255615	9.292489051818848	7.927263259887695	7.826361656188965
2	525	burned!	16.26882553100586	14.446037292480469	9.262643814086914	7.711113929748535
2	526	The	2.8044545650482178	2.355323553085327	2.3033087253570557	2.693359375
2	527	girl	7.954232692718506	6.192299842834473	6.645360946655273	6.08831787109375
2	528	was	2.6383461952209473	2.1632659435272217	2.006375789642334	2.261427640914917
2	529	pleased	7.8574538230896	8.592240333557129	7.902082443237305	8.93254280090332
2	530	and	4.8914971351623535	4.252799987792969	3.3238024711608887	2.760481595993042
2	531	the	2.305114269256592	4.102761745452881	4.91193151473999	4.679652214050293
2	532	fire	7.836156368255615	7.921753883361816	7.681197166442871	7.70851993560791
2	533	actually	10.554372787475586	8.734201431274414	7.964199542999268	7.530093193054199
2	534	seemed	7.687709331512451	6.371540069580078	6.74003267288208	5.64842414855957
2	535	so	5.602273941040039	4.306379318237305	4.588319301605225	4.811683654785156
2	536	warm	9.135655403137207	6.885659694671631	7.202685832977295	6.936858654022217
2	537	that	6.398810386657715	2.7808265686035156	3.1484062671661377	4.586394786834717
2	538	the	2.4105913639068604	2.722959041595459	2.2996318340301514	2.8217616081237793
2	539	child	8.025594711303711	7.090083122253418	7.191532611846924	7.603416442871094
2	540	stretched	13.306167602539062	13.23464584350586	13.168947219848633	11.046961784362793
2	541	out	2.337291717529297	1.3357677459716797	1.0499845743179321	1.300513505935669
2	542	her	6.692063331604004	5.63824987411499	4.8035078048706055	3.733680248260498
2	543	feet	6.312051773071289	7.495266437530518	5.716620445251465	6.265417098999023
2	544	as	4.421079635620117	3.515390634536743	3.283132791519165	3.381415367126465
2	545	if	6.5226149559021	3.3368752002716064	3.1151461601257324	2.6223556995391846
2	546	to	7.44582462310791	3.045156240463257	3.6092379093170166	2.4714243412017822
2	547	warm	10.368249893188477	10.142449378967285	8.951156616210938	8.359498977661133
2	548	them,	10.46328353881836	5.888257026672363	5.362780570983887	4.981015205383301
2	549	when	5.7694549560546875	5.835320949554443	5.776826858520508	4.931642532348633
2	550	suddenly	9.807544708251953	7.014002799987793	6.7290825843811035	6.0041046142578125
2	551	the	6.0051140785217285	2.00339674949646	2.016777515411377	1.7985981702804565
2	552	flame	11.062823295593262	8.49671745300293	7.1560540199279785	6.903932571411133
2	553	of	2.7633047103881836	1.7327650785446167	1.857409119606018	1.8598523139953613
2	554	the	0.8314511775970459	1.9091278314590454	1.876010775566101	1.9954400062561035
2	555	match	8.92835521697998	8.735368728637695	7.986451625823975	7.075291156768799
2	556	went	9.774245262145996	5.787452220916748	6.235537528991699	5.8564043045043945
2	557	out.	6.617465496063232	6.552710056304932	5.6414079666137695	7.529033660888672
2	558	It	3.516399383544922	3.325840473175049	3.08606219291687	3.1412105560302734
2	559	was	1.4277337789535522	1.5966789722442627	0.7399681806564331	0.738208532333374
2	560	a	2.4355335235595703	2.0869483947753906	2.0774288177490234	2.0214812755584717
2	561	short,	9.134157180786133	9.659883499145508	8.765434265136719	8.824564933776855
2	562	stubby	9.424505233764648	6.44814395904541	7.004615783691406	8.766315460205078
2	563	match	10.695085525512695	11.920140266418457	11.472272872924805	10.279135704040527
2	564	that	3.0611257553100586	3.588801860809326	3.4559786319732666	2.7667548656463623
2	565	the	2.4105913639068604	4.273830413818359	4.498796463012695	4.574925422668457
2	566	little	7.613574981689453	8.266592025756836	8.099428176879883	7.195888519287109
2	567	girl	4.96436071395874	2.9422149658203125	2.2855398654937744	2.2769627571105957
2	568	next	9.010884284973145	6.129915237426758	5.583498001098633	7.340662479400635
2	569	rubbed	19.456527709960938	14.45727252960205	17.52081298828125	16.00361442565918
2	570	on	3.6122653484344482	3.1292128562927246	4.9670729637146	4.672238349914551
2	571	the	0.8019846081733704	1.5496386289596558	1.9034688472747803	2.462841749191284
2	572	wall.	9.394305229187012	7.9357733726501465	7.04047155380249	7.7719573974609375
2	573	It	3.281993865966797	3.279881000518799	3.2321770191192627	3.1216065883636475
2	574	burst	13.519638061523438	9.23431396484375	8.983125686645508	9.77789306640625
2	575	into	2.491981029510498	1.024564504623413	1.1647217273712158	1.3508414030075073
2	576	a	1.5619430541992188	2.2114925384521484	3.01655650138855	2.9919655323028564
2	577	flame,	13.379591941833496	10.591995239257812	8.877182960510254	6.958627700805664
2	578	and	2.1815342903137207	2.140132427215576	1.9968384504318237	2.0015153884887695
2	579	lo	11.579435348510742	10.708734512329102	10.127516746520996	10.47569465637207
2	580	and	4.007574081420898	1.811710000038147	1.2297104597091675	0.912116527557373
2	581	behold,	12.696510314941406	0.7281795740127563	0.7117826342582703	0.5855263471603394
2	582	the	3.4705212116241455	2.074554443359375	2.2378861904144287	2.245638370513916
2	583	girl	8.535560607910156	7.95838737487793	6.376952648162842	6.0578484535217285
2	584	was	2.6383461952209473	2.520090103149414	2.7715256214141846	2.07084059715271
2	585	transported	8.760393142700195	7.860637187957764	7.587929725646973	8.884366989135742
2	586	from	2.6335926055908203	3.434471607208252	3.478550672531128	3.859527587890625
2	587	her	5.022420883178711	5.3935041427612305	4.3748555183410645	2.604180097579956
2	588	dank	14.995068550109863	12.587430953979492	13.173083305358887	14.233567237854004
2	589	city	8.202001571655273	8.535978317260742	8.704828262329102	7.5635480880737305
2	590	to	2.8799827098846436	3.7799525260925293	3.230323076248169	2.8964791297912598
2	591	a	4.360486030578613	4.420756816864014	2.7533979415893555	3.542193651199341
2	592	beautiful,	10.250515937805176	10.77903938293457	10.32252311706543	7.610817909240723
2	593	sunny	7.688152313232422	5.9417643547058105	5.204046726226807	4.4719953536987305
2	594	forest.	8.823141098022461	8.583013534545898	9.480417251586914	8.420286178588867
2	595	She	4.791977882385254	4.134079933166504	4.566245079040527	4.633344650268555
2	596	heard	5.784204959869385	5.814043045043945	5.649299621582031	6.18133544921875
2	597	the	2.3331868648529053	1.5667939186096191	1.489348292350769	1.5346081256866455
2	598	birds	10.47672176361084	8.277442932128906	7.198124408721924	4.762754440307617
2	599	chirping	12.445232391357422	8.124436378479004	3.193459987640381	2.490518093109131
2	600	and	2.447758197784424	1.397728681564331	1.2685563564300537	1.0794395208358765
2	601	she	6.152834892272949	7.538247585296631	7.717211723327637	7.042585372924805
2	602	was	1.984025239944458	2.1787099838256836	2.7052457332611084	2.7142531871795654
2	603	surrounded	8.032601356506348	7.167585372924805	7.086957931518555	6.616556644439697
2	604	by	0.2578466236591339	0.10128699243068695	0.06586004793643951	0.05168107897043228
2	605	wildflowers	14.75201416015625	10.159104347229004	11.131139755249023	12.073383331298828
2	606	and	1.6957454681396484	1.4421069622039795	0.820599377155304	0.82856285572052
2	607	birches	17.3211727142334	9.616888999938965	10.097190856933594	10.01453971862793
2	608	as	4.311796188354492	4.107245445251465	3.9316964149475098	3.747012138366699
2	609	white	8.271865844726562	7.088606834411621	7.60294246673584	7.308210372924805
2	610	as	8.063852310180664	1.0763871669769287	0.7515501976013184	1.0343433618545532
2	611	snow.	13.421781539916992	6.883827209472656	5.300232887268066	3.086193323135376
2	612	A	3.8275487422943115	4.013062477111816	3.8602359294891357	4.001101970672607
2	613	little	5.024609565734863	4.498055934906006	4.522202491760254	4.478741645812988
2	614	squirrel	11.675027847290039	11.192485809326172	10.398844718933105	10.43925952911377
2	615	hid	10.411747932434082	8.683085441589355	7.426018238067627	6.875943183898926
2	616	some	4.622292518615723	6.5685577392578125	7.346437454223633	7.043240070343018
2	617	food	8.062118530273438	7.083931922912598	3.937821865081787	3.383425235748291
2	618	in	3.5863161087036133	3.261265277862549	1.6683275699615479	1.297296404838562
2	619	the	0.8811151385307312	1.4142730236053467	1.4634475708007812	0.9946925640106201
2	620	ground	7.5007781982421875	7.827036380767822	7.622723579406738	7.132087707519531
2	621	and	2.115347385406494	2.0994253158569336	2.0678963661193848	2.1244874000549316
2	622	scurried	13.744057655334473	12.841652870178223	11.264418601989746	11.375415802001953
2	623	off	2.5036401748657227	2.124772787094116	2.7966132164001465	3.1695733070373535
2	624	into	5.036108016967773	2.4606330394744873	2.2364728450775146	2.003655433654785
2	625	the	0.7223832607269287	0.6867166757583618	0.21604283154010773	0.19350402057170868
2	626	underbrush.	17.01549530029297	13.738373756408691	10.777558326721191	9.849540710449219
2	627	The	2.1794424057006836	2.109097480773926	2.193486213684082	2.1880674362182617
2	628	girl	7.954232692718506	7.748872756958008	7.1281023025512695	6.577092170715332
2	629	was	2.6383461952209473	2.1632659435272217	2.1080682277679443	2.214953899383545
2	630	curious,	11.781075477600098	10.925843238830566	9.882502555847168	9.056737899780273
2	631	so	4.581614971160889	2.7411015033721924	2.0988266468048096	1.9727072715759277
2	632	she	5.407418251037598	4.4958600997924805	2.613293409347534	0.5997761487960815
2	633	dug	9.725870132446289	9.049110412597656	7.078629493713379	5.84247350692749
2	634	some	6.699175834655762	6.001061916351318	5.344283103942871	5.240983963012695
2	635	squirrel	14.842757225036621	11.565751075744629	10.732463836669922	11.200828552246094
2	636	food	6.578771114349365	6.249497413635254	4.291369915008545	4.133574485778809
2	637	up	8.366445541381836	8.030407905578613	7.24608850479126	5.020602226257324
2	638	to	0.8646060824394226	1.3122737407684326	1.6349352598190308	2.529104232788086
2	639	see	4.269195556640625	6.147795677185059	7.933505058288574	8.628795623779297
2	640	what	2.7315521240234375	2.575406551361084	2.1239049434661865	1.9729094505310059
2	641	it	3.192812919616699	3.401569366455078	3.5747323036193848	3.6961119174957275
2	642	was,	6.091418266296387	4.862520217895508	5.533085823059082	5.534100532531738
2	643	but	3.2831132411956787	2.581799030303955	2.417996406555176	2.324584484100342
2	644	then	4.41710090637207	4.2775163650512695	4.177371025085449	4.526009559631348
2	645	she	4.326254844665527	4.009326457977295	3.44854474067688	3.574052572250366
2	646	forgot	8.829452514648438	7.578401565551758	6.72516393661499	6.237886428833008
2	647	to	0.766311764717102	1.039930820465088	1.3476347923278809	1.518369197845459
2	648	put	6.3978047370910645	3.9784014225006104	3.2398157119750977	3.2529125213623047
2	649	it	2.7559759616851807	2.3887157440185547	2.4568843841552734	2.595829486846924
2	650	back.	8.886916160583496	7.366053104400635	7.35405969619751	6.220662593841553
2	651	The	2.6653828620910645	2.7088754177093506	2.8913185596466064	2.69998836517334
2	652	squirrel	12.197509765625	10.604851722717285	10.689844131469727	10.69826602935791
2	653	came	6.785364627838135	5.37066650390625	4.8750200271606445	5.0850677490234375
2	654	back	2.847878932952881	3.329671859741211	2.5177488327026367	2.1745872497558594
2	655	and	3.435290813446045	2.5771870613098145	2.15234375	1.8414472341537476
2	656	looked	8.62735366821289	6.411068439483643	5.649094581604004	5.997048854827881
2	657	in	4.810016632080078	4.4867048263549805	4.476036071777344	4.09778356552124
2	658	its	4.929821491241455	6.144162178039551	6.131106853485107	6.427727222442627
2	659	hiding	13.054662704467773	11.016526222229004	9.200129508972168	9.324602127075195
2	660	place,	11.47903060913086	2.8632984161376953	2.169527292251587	1.934791922569275
2	661	but	2.706723213195801	2.6373088359832764	2.7661173343658447	2.743764638900757
2	662	the	2.6426098346710205	2.8154382705688477	2.750706672668457	2.694241523742676
2	663	food	8.697027206420898	8.408038139343262	7.412431716918945	7.671397686004639
2	664	was	4.36472225189209	3.541783332824707	1.6765165328979492	1.5100011825561523
2	665	nowhere	8.469830513000488	10.397673606872559	9.469038009643555	8.016514778137207
2	666	to	1.2166399955749512	1.1051491498947144	0.5541788935661316	1.645011067390442
2	667	be	2.424424886703491	2.7146077156066895	0.012590235099196434	0.004434467758983374
2	668	found.	8.377950668334961	8.923683166503906	2.2387492656707764	1.4974331855773926
2	669	Then	5.6944074630737305	6.043931484222412	6.059439182281494	5.375527381896973
2	670	the	2.6080398559570312	2.345021963119507	2.463247299194336	2.587294101715088
2	671	match	8.92835521697998	8.187719345092773	8.351156234741211	8.436891555786133
2	672	went	9.774245262145996	5.787452220916748	4.523492813110352	4.188850402832031
2	673	out,	6.111898422241211	6.25719690322876	5.132944583892822	6.052515029907227
2	674	and	2.3333189487457275	1.789541244506836	1.9996209144592285	2.5555381774902344
2	675	it	4.3671135902404785	3.6434407234191895	3.652474880218506	2.944458484649658
2	676	wasn't	5.026189804077148	4.364315032958984	3.9957218170166016	3.4706132411956787
2	677	the	3.1353588104248047	3.2072560787200928	3.5836267471313477	3.4681661128997803
2	678	forest	8.853301048278809	10.678539276123047	10.031936645507812	10.169282913208008
2	679	that	3.6868112087249756	4.476041793823242	2.4621853828430176	1.8442189693450928
2	680	remained	9.28173828125	7.392629146575928	6.593789577484131	7.45274543762207
2	681	before	7.200855255126953	5.526212215423584	5.736947536468506	4.650234222412109
2	682	her	5.218530654907227	3.8743844032287598	3.7467799186706543	4.083313465118408
2	683	eyes.	5.849536895751953	5.066125869750977	3.696596622467041	2.9714889526367188
2	684	It	3.483536720275879	3.8047800064086914	3.4508347511291504	3.3340816497802734
2	685	was	1.4277337789535522	1.2162636518478394	0.8161269426345825	0.7449972033500671
2	686	only	4.851860523223877	4.184452056884766	4.08215856552124	4.064505577087402
2	687	the	3.372938871383667	3.2911038398742676	3.2492835521698	3.381500005722046
2	688	thick,	13.333088874816895	13.17120361328125	13.825904846191406	11.309226036071777
2	689	damp,	9.259196281433105	8.727231979370117	9.570855140686035	8.736794471740723
2	690	cold	6.163236618041992	4.504247188568115	3.796416759490967	4.159811019897461
2	691	wall.	9.710780143737793	9.51361083984375	8.797554969787598	7.411989212036133
2	692	The	2.3206520080566406	2.181964635848999	2.510215997695923	2.1831424236297607
2	693	girl	7.954232692718506	6.585320472717285	7.031467437744141	7.770285606384277
2	694	looked	6.826598167419434	3.95762300491333	3.687976360321045	3.645139455795288
2	695	despondently	21.006593704223633	13.642837524414062	12.789822578430176	13.46873950958252
2	696	into	6.103057861328125	4.036274433135986	3.3472354412078857	3.7143757343292236
2	697	the	0.7223832607269287	0.8454867601394653	0.865635871887207	1.0954418182373047
2	698	sky	8.421879768371582	6.392498016357422	7.309573650360107	6.849380970001221
2	699	that	4.71294641494751	4.70143985748291	5.247901916503906	5.117758750915527
2	700	was	3.443213701248169	3.0235230922698975	3.319098472595215	3.5611515045166016
2	701	now	5.972788333892822	6.904557704925537	5.241709232330322	5.02284049987793
2	702	fully	7.685352325439453	5.339463710784912	5.8403520584106445	6.051831245422363
2	703	darkened	13.052701950073242	12.206056594848633	11.28189468383789	10.488802909851074
2	704	and	2.7061195373535156	2.2730891704559326	1.7244927883148193	1.5402406454086304
2	705	suddenly	9.800013542175293	7.095521926879883	7.659713268280029	8.125384330749512
2	706	she	7.344120979309082	3.767268657684326	3.4995102882385254	3.8701868057250977
2	707	saw	5.103159427642822	4.363390922546387	4.783056735992432	3.5884439945220947
2	708	a	1.966143250465393	2.5432684421539307	2.3217453956604004	2.3358142375946045
2	709	star	7.874137878417969	7.48371696472168	7.467472553253174	7.584582328796387
2	710	fall,	13.482035636901855	11.863953590393066	8.037397384643555	7.717502117156982
2	711	leaving	6.130373954772949	5.937784194946289	5.381728172302246	5.918616771697998
2	712	behind	7.677717685699463	3.6144421100616455	3.0766348838806152	2.642216682434082
2	713	it	5.044406890869141	6.238040447235107	6.274075984954834	5.4449615478515625
2	714	a	6.87870979309082	4.515229225158691	1.4196908473968506	0.9976600408554077
2	715	bright	8.065483093261719	8.446985244750977	6.8930768966674805	7.644062042236328
2	716	streak	7.833275318145752	6.586645126342773	7.334167957305908	6.560376167297363
2	717	of	0.6802381277084351	0.7101115584373474	0.44837868213653564	0.5386748313903809
2	718	fire.	10.064327239990234	9.859231948852539	7.187229156494141	7.042752265930176
2	719	'Someone	14.280272483825684	14.980658531188965	14.866399765014648	14.733736991882324
2	720	is	2.95536208152771	2.9057228565216064	2.7571072578430176	2.8595244884490967
2	721	dying,'	16.51870346069336	7.915590286254883	6.506906032562256	6.802233695983887
2	722	thought	9.039875030517578	9.110190391540527	8.900599479675293	6.360202789306641
2	723	the	3.899235725402832	2.233868360519409	2.1795849800109863	2.392934799194336
2	724	little	7.613574981689453	7.236761093139648	4.696232795715332	4.996066570281982
2	725	girl.	6.891906261444092	5.325244903564453	9.307694435119629	3.7290759086608887
2	726	It	3.656294822692871	3.475057601928711	3.4348862171173096	3.2991771697998047
2	727	was	1.4277337789535522	1.1818212270736694	1.0633583068847656	0.9467030763626099
2	728	her	7.183251857757568	6.086554527282715	4.137596607208252	4.020837306976318
2	729	old	6.054496765136719	7.2556915283203125	7.560676574707031	6.992741584777832
2	730	grandmother,	9.331117630004883	9.262441635131836	9.167325973510742	8.648482322692871
2	731	the	4.08394718170166	3.6777703762054443	3.66286039352417	3.617218494415283
2	732	one	6.806218147277832	4.320280075073242	4.016081809997559	3.966202974319458
2	733	who	6.131033897399902	2.416919469833374	0.768235981464386	0.76463383436203
2	734	had	2.561211347579956	3.673656463623047	3.902242422103882	3.2278785705566406
2	735	loved	9.048250198364258	7.638822078704834	6.70730447769165	7.278916835784912
2	736	her	3.140803098678589	2.827035903930664	2.088501214981079	2.0850648880004883
2	737	the	7.013796806335449	5.6510138511657715	5.138039588928223	5.262851238250732
2	738	most,	10.30615234375	7.347953796386719	2.896144151687622	2.9481654167175293
2	739	and	2.894666910171509	2.344107151031494	1.8917720317840576	1.506799340248108
2	740	the	2.305114269256592	2.8141801357269287	2.4477899074554443	3.537630558013916
2	741	one	6.806218147277832	6.246779441833496	5.234158992767334	3.975954055786133
2	742	who	6.131033897399902	2.416919469833374	2.5064873695373535	2.6413652896881104
2	743	the	7.848516941070557	7.139168739318848	7.203107833862305	7.146631240844727
2	744	girl	8.535560607910156	6.914597988128662	7.353252410888672	5.646799087524414
2	745	used	6.816855430603027	7.408490180969238	6.151291847229004	6.221587181091309
2	746	to	0.5828109979629517	0.5439795255661011	0.9132972955703735	0.32571035623550415
2	747	visit	7.300182342529297	7.539658069610596	5.6319756507873535	5.80446720123291
2	748	every	6.042590141296387	5.50048828125	5.691143035888672	4.382256507873535
2	749	Sunday,	10.80261516571045	8.086344718933105	8.465545654296875	7.513394355773926
2	750	who	6.473004341125488	7.2235798835754395	7.804887294769287	7.792646884918213
2	751	had	2.561211347579956	3.2773163318634033	4.350283622741699	5.279344081878662
2	752	told	6.010880947113037	6.202717304229736	5.4539313316345215	6.05192756652832
2	753	her	2.988551139831543	2.5868449211120605	2.220889091491699	2.858083963394165
2	754	that	6.98585319519043	1.5609655380249023	1.6977037191390991	1.6580719947814941
2	755	when	7.106912612915039	5.273685455322266	4.879079341888428	4.704685211181641
2	756	a	4.256592750549316	3.65006422996521	4.735841751098633	4.581164360046387
2	757	star	7.874137878417969	7.628918647766113	7.30045223236084	7.411938190460205
2	758	falls,	12.623138427734375	10.5418062210083	5.806734085083008	4.771050453186035
2	759	a	4.470582962036133	4.0438032150268555	3.106163740158081	3.195517063140869
2	760	soul	9.055201530456543	8.332172393798828	7.677373886108398	7.506478309631348
2	761	leaves	9.740838050842285	9.780406951904297	5.56978702545166	4.707242012023926
2	762	this	4.089508056640625	4.594532012939453	3.0742297172546387	2.933598279953003
2	763	earth.	12.638093948364258	8.340948104858398	4.737696647644043	5.394155502319336
2	764	It	3.322763681411743	3.261197805404663	2.974958896636963	3.153026580810547
2	765	was	1.4277337789535522	1.9998209476470947	2.257889747619629	3.0139975547790527
2	766	her	7.183251857757568	6.086554527282715	6.644857406616211	6.406099319458008
2	767	last	6.10214376449585	4.307934761047363	4.3856635093688965	4.942298889160156
2	768	match	8.841124534606934	6.5696587562561035	6.625911712646484	6.257378101348877
2	769	that	3.0611257553100586	4.287598609924316	5.499660968780518	5.14617919921875
2	770	the	2.4105913639068604	4.273830413818359	3.1536734104156494	4.431570053100586
2	771	little	7.613574981689453	8.266592025756836	8.099428176879883	8.326493263244629
2	772	girl	4.964361190795898	2.9422152042388916	2.2855398654937744	2.276962995529175
2	773	now	7.597752571105957	7.672212600708008	6.932322025299072	6.589573860168457
2	774	rubbed	13.515339851379395	11.65703010559082	12.623167037963867	10.899048805236816
2	775	on	3.6122653484344482	3.6819841861724854	5.103175163269043	4.655261039733887
2	776	the	0.8019847273826599	1.5496386289596558	1.7999085187911987	2.269923210144043
2	777	wall	7.8020524978637695	6.467572212219238	5.421249866485596	5.8353271484375
2	778	and	2.060238838195801	2.422461748123169	2.3528153896331787	2.2312211990356445
2	779	the	2.305114269256592	2.807870388031006	3.021195650100708	3.19415283203125
2	780	light	7.1496782302856445	7.602305889129639	6.119877815246582	6.029890060424805
2	781	again	10.129108428955078	8.38280963897705	8.658677101135254	8.439555168151855
2	782	shone	14.724830627441406	11.4050931930542	8.719673156738281	4.187043190002441
2	783	round	10.358555793762207	8.756860733032227	6.399280071258545	6.912161350250244
2	784	her.	10.432372093200684	5.519241809844971	4.650603771209717	4.169597148895264
2	785	Her	4.463710308074951	4.147428035736084	3.4837732315063477	3.3254494667053223
2	786	old	6.544731140136719	6.959389686584473	7.5363078117370605	7.114980697631836
2	787	grandmother	8.097748756408691	7.356930732727051	7.346464157104492	7.426997661590576
2	788	in	3.4414122104644775	3.1384119987487793	4.89708137512207	5.743671417236328
2	789	the	0.8811151385307312	1.865917682647705	1.6644470691680908	1.8584223985671997
2	790	brightness	11.778629302978516	12.27955436706543	13.679550170898438	13.744256973266602
2	791	stood,	18.640819549560547	17.894433975219727	16.203243255615234	14.024188041687012
2	792	loving	10.738422393798828	12.74240493774414	11.974810600280762	11.646729469299316
2	793	in	5.430043697357178	5.839153289794922	5.279759407043457	5.424219608306885
2	794	her	5.417912483215332	3.7601585388183594	2.477224826812744	3.5660605430603027
2	795	appearance.	10.28154468536377	9.098312377929688	8.597821235656738	10.883167266845703
2	796	The	2.488337993621826	2.818164587020874	2.8137526512145996	3.0657267570495605
2	797	girl	7.954232692718506	6.400171279907227	4.6375932693481445	4.6221442222595215
2	798	understood	11.466165542602539	9.169215202331543	9.204046249389648	8.887748718261719
2	799	her	5.894315719604492	3.567011833190918	3.340419292449951	3.146658182144165
2	800	grandmother	6.475151538848877	8.382904052734375	7.762701988220215	7.9916276931762695
2	801	would	4.468125820159912	4.8035969734191895	3.274540901184082	2.697901725769043
2	802	soon	7.835887908935547	6.757662773132324	5.537150859832764	4.417995929718018
2	803	disappear,	12.026863098144531	7.494767665863037	8.048322677612305	7.627063274383545
2	804	but	2.433551788330078	2.4359383583068848	2.5699267387390137	2.7881052494049072
2	805	she	4.415902137756348	4.495000839233398	5.030022621154785	4.386927127838135
2	806	tried	5.5882134437561035	5.935973167419434	6.054443359375	6.386414051055908
2	807	to	0.028814809396862984	0.2117944359779358	0.3437073826789856	0.34834977984428406
2	808	play	5.108669281005859	5.395286560058594	5.7436981201171875	5.291774749755859
2	809	for	3.5070080757141113	3.6691017150878906	4.52056360244751	4.94624137878418
2	810	time.	9.53280258178711	9.604032516479492	10.013851165771484	9.758052825927734
2	811	'Grandmother,'	21.6212100982666	21.771873474121094	22.543922424316406	22.6795597076416
2	812	cried	8.968621253967285	6.474898338317871	6.485133171081543	7.037003993988037
2	813	the	3.066835641860962	1.875176191329956	1.9398070573806763	1.8750742673873901
2	814	little	7.613574981689453	7.149219512939453	3.3358640670776367	3.335175037384033
2	815	one,	8.60229206085205	6.958334922790527	8.326000213623047	4.44550085067749
2	816	'O	13.959638595581055	12.97815227508545	12.36464786529541	8.411176681518555
2	817	take	8.979951858520508	8.325187683105469	7.833935737609863	7.582851409912109
2	818	me	4.7604827880859375	2.3364295959472656	2.552983283996582	2.634848117828369
2	819	with	3.6712870597839355	4.825192451477051	3.230926036834717	2.9613382816314697
2	820	you!	10.226493835449219	11.619007110595703	6.2375593185424805	3.8791344165802
2	821	I	3.0791070461273193	3.210090160369873	2.5050923824310303	2.5110952854156494
2	822	know	3.480149745941162	3.205724000930786	3.098484516143799	3.0881752967834473
2	823	you	3.6812334060668945	3.125408172607422	1.7377713918685913	1.7514026165008545
2	824	will	3.313790798187256	4.141079902648926	3.7176785469055176	3.7154479026794434
2	825	go	4.936347961425781	5.80478572845459	5.517204284667969	5.723370552062988
2	826	away	4.318004608154297	4.922357559204102	5.012138366699219	4.616998672485352
2	827	when	5.931170463562012	3.6140589714050293	2.980217218399048	5.0195536613464355
2	828	the	2.255457639694214	2.12208890914917	2.0924880504608154	1.588715672492981
2	829	match	8.92835521697998	7.51807975769043	7.020623207092285	7.722104072570801
2	830	burns	12.91082763671875	13.740445137023926	12.560067176818848	12.52192211151123
2	831	out!'	13.365211486816406	15.124532699584961	13.502476692199707	13.079919815063477
2	832	The	3.647311210632324	3.3751630783081055	3.5536086559295654	3.565997838973999
2	833	girl	7.954232692718506	5.034475326538086	5.326021194458008	5.456415176391602
2	834	decided	8.188141822814941	7.342117786407471	7.354030609130859	7.277437686920166
2	835	to	0.10698053240776062	0.4838593006134033	0.3590352535247803	0.4546268582344055
2	836	light	8.636358261108398	9.360583305358887	8.882004737854004	8.982752799987793
2	837	the	5.397292137145996	2.2347874641418457	1.8321788311004639	2.546696901321411
2	838	whole	6.342653274536133	5.300752639770508	5.521733283996582	5.082973480224609
2	839	bundle	10.573022842407227	9.181807518005371	8.686269760131836	8.672950744628906
2	840	of	0.7958472371101379	0.9602236747741699	1.4125289916992188	1.1545542478561401
2	841	matches,	13.413555145263672	9.677536010742188	10.599251747131348	11.201330184936523
2	842	in	4.672893047332764	4.98219108581543	5.031963348388672	5.178991317749023
2	843	order	4.606965065002441	3.404308795928955	2.9458303451538086	2.2896957397460938
2	844	to	0.17257098853588104	0.06698085367679596	0.6057028770446777	0.21424545347690582
2	845	keep	4.883142471313477	3.978731870651245	4.0334577560424805	3.62692928314209
2	846	her	4.088024139404297	4.037402153015137	4.115506172180176	4.243373870849609
2	847	grandmother	6.475151538848877	9.867053985595703	9.474848747253418	9.036141395568848
2	848	there.	11.119305610656738	8.78843879699707	5.674064636230469	5.703943252563477
2	849	The	2.7835333347320557	3.282410144805908	2.7476370334625244	2.899409055709839
2	850	girl	7.954232692718506	6.977064609527588	4.616847991943359	4.303972244262695
2	851	saw	6.854085922241211	6.449487209320068	6.255734443664551	6.20277214050293
2	852	the	1.3758612871170044	1.9185270071029663	1.6392567157745361	1.8211793899536133
2	853	matches	11.562675476074219	9.595285415649414	9.552776336669922	9.886819839477539
2	854	glowed	22.491168975830078	15.833520889282227	15.771995544433594	15.37094497680664
2	855	with	1.8777053356170654	3.1060848236083984	2.9423348903656006	2.095848560333252
2	856	a	1.7183030843734741	1.3665317296981812	1.4364441633224487	1.3676624298095703
2	857	light	7.310613632202148	6.865678310394287	3.667421579360962	3.648282289505005
2	858	that	4.187000751495361	4.263314247131348	4.770424842834473	1.6924018859863281
2	859	was	3.443213701248169	3.181588649749756	3.183675527572632	2.992079019546509
2	860	brighter	12.4042329788208	11.318970680236816	5.511469841003418	4.239515781402588
2	861	than	0.2641502022743225	0.6098744869232178	0.5766305923461914	0.32290923595428467
2	862	the	1.685984492301941	1.6599583625793457	1.3497854471206665	1.11825430393219
2	863	day,	8.106012344360352	12.023696899414062	9.496833801269531	8.267416000366211
2	864	and	2.690136432647705	2.4911019802093506	2.3265740871429443	1.5853639841079712
2	865	her	6.092442512512207	6.1856207847595215	5.976068496704102	6.250396728515625
2	866	grandmother	6.475151538848877	7.754844665527344	7.1366190910339355	7.344793319702148
2	867	had	3.4377496242523193	3.5823910236358643	3.2938456535339355	2.9520485401153564
2	868	never	4.586938381195068	4.311192512512207	4.482006072998047	4.349156379699707
2	869	appeared	6.981897830963135	7.012861251831055	7.184762001037598	7.079270362854004
2	870	so	6.779574394226074	6.134673118591309	6.050127983093262	5.678400993347168
2	871	large	7.2256317138671875	6.727147102355957	5.866593360900879	4.803264141082764
2	872	or	5.823348045349121	4.900078296661377	6.1347270011901855	2.3504183292388916
2	873	so	5.430694580078125	6.59675407409668	3.0007717609405518	2.0210700035095215
2	874	beautiful	9.612133026123047	10.11825180053711	8.161650657653809	8.120891571044922
2	875	as	5.131025314331055	3.550802230834961	4.387470722198486	4.599217891693115
2	876	she	5.501832962036133	4.073024749755859	4.170041084289551	5.0520782470703125
2	877	did	4.252788543701172	4.374488353729248	4.8262834548950195	4.643896102905273
2	878	in	6.042013168334961	4.27838659286499	2.3286643028259277	2.339993476867676
2	879	the	0.8811151385307312	1.533484935760498	1.6222600936889648	1.415335774421692
2	880	light	7.1496782302856445	7.311767101287842	7.971116065979004	8.074440956115723
2	881	of	1.0515685081481934	1.7676314115524292	0.38499775528907776	0.3546673059463501
2	882	the	0.8314511775970459	1.3549983501434326	1.4153586626052856	1.285865068435669
2	883	little	7.613574981689453	7.904514789581299	8.327199935913086	8.062843322753906
2	884	matches.	14.864115715026855	12.744367599487305	11.880034446716309	11.2789888381958
2	885	The	2.408450126647949	2.7239999771118164	2.5163421630859375	2.396054983139038
2	886	grandmother	11.54248046875	12.034832000732422	11.037184715270996	10.02773666381836
2	887	then	7.512300491333008	4.956234931945801	4.623112678527832	4.543306350708008
2	888	took	6.044562339782715	3.348719596862793	3.7139885425567627	3.901566505432129
2	889	the	2.2473325729370117	2.2487759590148926	2.5230836868286133	1.4098964929580688
2	890	little	7.613574981689453	8.13750171661377	7.886140823364258	6.273595333099365
2	891	girl	4.96436071395874	2.9422149658203125	3.0307464599609375	2.443272590637207
2	892	in	2.710765838623047	3.1574482917785645	3.209656238555908	3.4709081649780273
2	893	her	5.417912483215332	2.95335054397583	2.596642255783081	2.805644989013672
2	894	arms,	8.701066970825195	6.675985336303711	5.98106050491333	5.83873176574707
2	895	and	2.0655274391174316	2.1295621395111084	2.19385027885437	2.224133253097534
2	896	they	5.418523788452148	4.262290954589844	4.293431758880615	4.466699123382568
2	897	both	9.139045715332031	6.233914852142334	6.135992050170898	3.212925672531128
2	898	flew	12.51697063446045	7.4064531326293945	7.193382263183594	6.266084671020508
2	899	upwards	9.336578369140625	9.33668041229248	8.336141586303711	8.414018630981445
2	900	in	4.5020976066589355	2.719527244567871	2.697587490081787	2.6348214149475098
2	901	brightness	13.766894340515137	10.405583381652832	10.792577743530273	10.619394302368164
2	902	and	1.565577507019043	1.3977513313293457	1.384472370147705	1.0480563640594482
2	903	joy	10.205976486206055	10.758484840393066	11.563486099243164	10.858107566833496
2	904	far	12.21102523803711	10.041142463684082	9.350668907165527	8.896337509155273
2	905	above	6.40867805480957	4.379159927368164	3.5505623817443848	3.180879592895508
2	906	the	0.8814414143562317	1.109708309173584	1.4727332592010498	1.662174105644226
2	907	earth,	10.086299896240234	8.024847984313965	8.48544979095459	7.259676933288574
2	908	where	4.252956390380859	4.813523769378662	4.116124153137207	3.986173629760742
2	909	there	4.841379165649414	3.274749755859375	3.009718179702759	2.938014030456543
2	910	was	2.1792402267456055	2.1326956748962402	2.5400888919830322	2.4706413745880127
2	911	neither	8.691789627075195	7.414681434631348	6.424482345581055	3.828326463699341
2	912	cold	11.497841835021973	7.638075828552246	7.580999851226807	7.4747233390808105
2	913	nor	10.724435806274414	2.8375842571258545	0.08805277198553085	0.15299689769744873
2	914	hunger,	14.004375457763672	10.486076354980469	8.491087913513184	8.866416931152344
2	915	and	2.1481895446777344	1.9204497337341309	2.043649911880493	2.684475898742676
2	916	the	2.305114269256592	2.6234233379364014	2.6602590084075928	2.695319175720215
2	917	little	7.613574981689453	7.745120048522949	7.851650238037109	6.782719612121582
2	918	girl	4.964361190795898	2.9422149658203125	2.796912670135498	3.1258950233459473
2	919	felt	7.405032157897949	8.322154998779297	6.667881011962891	6.507363319396973
2	920	safe	7.444459915161133	5.327840805053711	5.383217811584473	5.763650417327881
2	921	and	1.71928870677948	2.3196635246276855	1.8868091106414795	2.0267107486724854
2	922	peaceful.	13.738691329956055	8.57564926147461	7.385746479034424	7.931759834289551
2	923	In	3.7371063232421875	3.661764621734619	3.741971015930176	3.945406913757324
2	924	the	1.4093769788742065	1.9064719676971436	1.8895909786224365	1.8865036964416504
2	925	dawn	10.476255416870117	9.775185585021973	8.929224014282227	8.85942554473877
2	926	of	0.41596364974975586	0.3466431200504303	0.49657827615737915	0.42712026834487915
2	927	the	0.8314511775970459	1.061394453048706	1.030414342880249	0.9340466260910034
2	928	morning	8.366000175476074	8.56826400756836	7.485956192016602	8.431053161621094
2	929	there	7.6064887046813965	6.943175315856934	6.692671775817871	5.817938804626465
2	930	lay	13.010638236999512	9.69866943359375	8.973182678222656	8.324856758117676
2	931	the	3.787837266921997	2.588841676712036	1.8651047945022583	1.644668698310852
2	932	poor	8.961524963378906	8.921821594238281	7.044924736022949	6.128676414489746
2	933	little	7.091362953186035	6.385588645935059	6.871764183044434	4.560543060302734
2	934	one,	8.60229206085205	8.536247253417969	7.986359596252441	8.638309478759766
2	935	not	5.36496639251709	4.936112403869629	5.234766960144043	5.2323713302612305
2	936	frowning,	18.82056999206543	15.499289512634277	14.154929161071777	15.010113716125488
2	937	but	3.0554912090301514	1.913077473640442	1.7992076873779297	1.7929162979125977
2	938	smiling	12.553054809570312	6.951941013336182	5.999913215637207	4.396202087402344
2	939	and	1.7059677839279175	2.4777793884277344	3.1272079944610596	2.454110622406006
2	940	with	6.731645107269287	5.888594150543213	5.361856937408447	5.968008041381836
2	941	a	1.7183030843734741	2.4175405502319336	1.291448712348938	1.1917507648468018
2	942	pale	10.901138305664062	9.246478080749512	9.236549377441406	8.553605079650879
2	943	face	6.103883743286133	4.3346662521362305	3.3782997131347656	3.1996941566467285
2	944	leaning	13.646242141723633	9.3456392288208	8.804449081420898	8.649764060974121
2	945	against	6.472202777862549	1.5366474390029907	1.329026222229004	0.938678503036499
2	946	the	0.7268486618995667	0.8100786209106445	0.62433260679245	0.5096719264984131
2	947	wall,	9.426106452941895	7.759228229522705	3.0800347328186035	3.0636487007141113
2	948	frozen	10.429132461547852	10.535840034484863	10.412881851196289	8.58913516998291
2	949	and	2.9676129817962646	2.7762296199798584	2.9618027210235596	2.9717140197753906
2	950	stone	10.741373062133789	10.664705276489258	8.126480102539062	7.764366626739502
2	951	dead.	10.926265716552734	10.64802360534668	7.0664238929748535	7.011795997619629
2	952	'She	11.478883743286133	11.41576099395752	12.254095077514648	12.187438011169434
2	953	tried	5.91971492767334	5.330019950866699	5.629907131195068	5.763006210327148
2	954	to	0.028814809396862984	0.15629582107067108	0.1578916758298874	0.19946756958961487
2	955	warm	10.368249893188477	8.452664375305176	9.099610328674316	8.802700996398926
2	956	herself,'	24.197500228881836	17.00261688232422	14.771430969238281	7.806453704833984
2	957	said	2.2208244800567627	2.274918794631958	2.3103277683258057	2.219686985015869
2	958	some.	12.555274963378906	9.719619750976562	9.398595809936523	9.601624488830566
2	959	Children	9.672334671020508	9.49654769897461	9.760293006896973	9.611419677734375
2	960	who	3.7725398540496826	2.8546018600463867	2.9494521617889404	3.6734116077423096
2	961	saw	5.32127046585083	7.209851264953613	6.434433460235596	5.815594673156738
2	962	her	3.6108522415161133	3.460249185562134	3.4623148441314697	3.8198232650756836
2	963	were	10.916991233825684	8.682278633117676	7.061408042907715	3.6826963424682617
2	964	asking	7.144627571105957	7.583992004394531	7.732491493225098	6.6965436935424805
2	965	their	5.051464080810547	4.895615577697754	5.230808734893799	5.761038780212402
2	966	parents	4.737809181213379	2.956433057785034	2.963595151901245	2.8149194717407227
2	967	why	10.27762222290039	9.370392799377441	4.844491958618164	4.462216377258301
2	968	no	6.495875835418701	5.8459601402282715	6.1698079109191895	6.504718780517578
2	969	one	3.124772787094116	0.7251684665679932	0.868126630783081	0.8971031904220581
2	970	helped	11.967134475708008	8.202276229858398	7.557150363922119	6.868258476257324
2	971	the	3.0943245887756348	2.880798816680908	3.288759708404541	3.30356764793396
2	972	girl	8.535560607910156	6.951567649841309	5.8644514083862305	4.19747257232666
2	973	who	2.196741819381714	2.9169070720672607	4.387953758239746	4.164369106292725
2	974	they	6.754877090454102	6.4615478515625	6.67073917388916	7.266757965087891
2	975	knew	5.490543365478516	5.351254940032959	3.8900506496429443	3.665515661239624
2	976	looked	13.778139114379883	10.509176254272461	7.278505325317383	6.2739033699035645
2	977	dirt	17.399784088134766	13.344230651855469	13.169354438781738	12.620765686035156
2	978	poor	12.624306678771973	3.1440277099609375	2.0069222450256348	2.256190776824951
2	979	and	2.1401255130767822	2.3161747455596924	1.837431788444519	1.6540569067001343
2	980	helpless.	13.851499557495117	7.749255180358887	8.115803718566895	8.347423553466797
2	981	Passersby	13.915589332580566	13.128232955932617	13.80780029296875	13.354020118713379
2	982	who	4.3541059494018555	4.500628471374512	4.638808727264404	4.258415699005127
2	983	saw	5.32127046585083	5.367400646209717	2.3832035064697266	2.781989574432373
2	984	her	3.610852003097534	3.460249423980713	3.469158411026001	2.3493032455444336
2	985	sitting	9.946640968322754	5.4420342445373535	6.447997570037842	5.92603874206543
2	986	motionless	13.22231388092041	8.789094924926758	7.695104598999023	6.983249664306641
2	987	wished	14.129545211791992	15.536734580993652	15.03138256072998	16.776798248291016
2	988	they	5.734866142272949	3.748551845550537	3.282626152038574	4.511795997619629
2	989	could	4.126204490661621	1.2563902139663696	0.983215868473053	0.8527994155883789
2	990	have	2.8648571968078613	2.6587064266204834	1.8475719690322876	3.044032096862793
2	991	helped	6.133950710296631	4.546603202819824	5.232571601867676	4.836074352264404
2	992	the	3.0943245887756348	2.854918956756592	2.630784749984741	2.614152669906616
2	993	girl,	10.578118324279785	9.634065628051758	10.467445373535156	8.39651107788086
2	994	but	3.1548123359680176	2.780029773712158	2.5450799465179443	1.923599123954773
2	995	their	6.797121524810791	6.331181526184082	6.51215124130249	6.4703264236450195
2	996	good	8.522698402404785	7.949427604675293	7.939232349395752	7.988709926605225
2	997	intentions	9.240091323852539	3.6730780601501465	2.6660099029541016	2.905543088912964
2	998	were	4.675680160522461	3.952218770980835	3.7321245670318604	1.994184970855713
2	999	a	3.898552894592285	4.907001495361328	4.650717735290527	4.411076545715332
2	1000	day	6.729010581970215	6.946918487548828	8.229192733764648	8.901556015014648
2	1001	late	8.908358573913574	7.524082183837891	3.669940948486328	4.1925201416015625
2	1002	and	5.047682762145996	2.4669225215911865	2.0316357612609863	1.8817311525344849
2	1003	a	3.659700870513916	4.366878986358643	3.5583927631378174	2.2095894813537598
2	1004	dollar	9.088912963867188	8.492378234863281	8.087453842163086	6.128836154937744
2	1005	short.	10.925580978393555	9.745786666870117	8.896674156188965	5.423951148986816
2	1006	Other	7.073986530303955	6.674330234527588	6.614232063293457	6.7207794189453125
2	1007	people	3.4868178367614746	4.01099157333374	3.991072654724121	3.8494954109191895
2	1008	suspected	9.5043363571167	8.071267127990723	8.811363220214844	9.459606170654297
2	1009	the	4.110532760620117	5.923794746398926	3.431837558746338	2.5842204093933105
2	1010	girl	8.535560607910156	6.119234561920166	5.960844039916992	5.918594837188721
2	1011	had	3.9409241676330566	3.3685479164123535	1.5003812313079834	1.506219506263733
2	1012	fallen	6.0651960372924805	5.147222518920898	4.55320405960083	4.414198875427246
2	1013	asleep	8.865957260131836	4.275237083435059	1.811693787574768	1.6780465841293335
2	1014	and	2.3773460388183594	2.531104326248169	2.383899450302124	2.6908082962036133
2	1015	frozen,	13.170870780944824	10.936057090759277	12.21472454071045	12.205723762512207
2	1016	but	2.9788949489593506	2.8524985313415527	2.8313586711883545	2.7517430782318115
2	1017	no	4.701629638671875	5.238851547241211	5.1908979415893555	5.268434047698975
2	1018	one	3.124772787094116	1.7808334827423096	2.0975260734558105	2.140092611312866
2	1019	imagined	12.367006301879883	8.440277099609375	8.18070125579834	8.279656410217285
2	1020	what	4.301081657409668	4.600261688232422	3.414299488067627	3.9570014476776123
2	1021	beautiful	11.855683326721191	10.128116607666016	10.275505065917969	11.380167961120605
2	1022	things	5.985697269439697	3.488013744354248	2.4183027744293213	2.73132061958313
2	1023	she	7.4085798263549805	5.996549606323242	3.7013425827026367	3.570909023284912
2	1024	had	2.4720723628997803	2.674130916595459	2.105207920074463	1.9161384105682373
2	1025	seen,	8.61686897277832	7.635672092437744	5.74481201171875	3.3306937217712402
2	1026	nor	6.929940223693848	6.908411979675293	7.092933654785156	7.8241705894470215
2	1027	into	8.380575180053711	8.685754776000977	9.199797630310059	9.072467803955078
2	1028	what	5.639402866363525	4.992618560791016	2.9858763217926025	2.628596067428589
2	1029	glory	15.288239479064941	11.91377067565918	9.707098007202148	7.883835315704346
2	1030	she	9.67231559753418	5.363373756408691	4.306127548217773	4.943843841552734
2	1031	had	2.4720723628997803	1.9051222801208496	1.7138822078704834	1.5568783283233643
2	1032	entered	6.924818515777588	7.0384063720703125	7.336008548736572	7.888984680175781
2	1033	with	4.460678577423096	4.942079544067383	4.705571174621582	3.8940351009368896
2	1034	her	4.4106903076171875	4.740479469299316	3.7145392894744873	1.5841593742370605
2	1035	grandmother,	7.372835159301758	8.475271224975586	9.529985427856445	8.52219009399414
2	1036	on	6.082954406738281	6.31522798538208	6.450321674346924	6.521912574768066
2	1037	New	7.02520751953125	6.507490634918213	6.658862590789795	6.3529744148254395
2	1038	Year's	6.79584264755249	0.7240843772888184	0.18322515487670898	0.21611762046813965
2	1039	day.	8.03545093536377	8.169821739196777	7.513495445251465	6.704606533050537
3	0	Once	7.385322093963623	7.385322093963623	7.385322093963623	7.385322093963623
3	1	upon	8.820049285888672	8.820048332214355	8.820049285888672	8.820048332214355
3	2	a	2.225069046020508	0.00646595936268568	0.006466279737651348	0.006466279737651348
3	3	time	6.753931045532227	5.846686363220215	1.1792594194412231	1.1792594194412231
3	4	the	4.3256988525390625	4.834385871887207	3.8126537799835205	2.5806477069854736
3	5	birds	10.47672176361084	8.707879066467285	8.60471248626709	8.605100631713867
3	6	took	7.694658279418945	6.340676784515381	5.344923496246338	5.314753532409668
3	7	it	4.153740882873535	4.27927303314209	4.210615158081055	5.342229843139648
3	8	into	6.171070098876953	3.5856850147247314	3.309647560119629	3.7131614685058594
3	9	their	3.8999598026275635	4.384851932525635	2.9938504695892334	1.2214374542236328
3	10	heads	7.185770034790039	5.438979148864746	4.386561393737793	2.7617204189300537
3	11	that	5.0635294914245605	4.404429912567139	1.5084583759307861	0.7420162558555603
3	12	they	3.2487854957580566	4.060853958129883	2.0635249614715576	1.8237947225570679
3	13	would	3.5566134452819824	3.142439603805542	3.120968818664551	3.347580909729004
3	14	like	5.4032487869262695	3.5808300971984863	3.691734790802002	3.267086982727051
3	15	a	1.8835465908050537	4.02702522277832	4.148599624633789	3.8743350505828857
3	16	master,	10.981907844543457	10.434589385986328	12.555126190185547	12.456907272338867
3	17	and	2.331125020980835	2.2796976566314697	2.263000011444092	2.7366764545440674
3	18	that	4.721836090087891	3.871445655822754	3.662367820739746	3.8037712574005127
3	19	one	5.694032192230225	5.328912258148193	5.1778411865234375	5.020818710327148
3	20	of	0.4225279688835144	1.592131495475769	1.7749125957489014	1.7518236637115479
3	21	their	4.1530914306640625	4.094492435455322	3.4996836185455322	3.4787111282348633
3	22	number	8.647913932800293	7.7784423828125	6.212124824523926	6.114357948303223
3	23	must	9.676609992980957	6.735138893127441	5.4354729652404785	5.697328090667725
3	24	be	0.4372040331363678	0.5138746500015259	0.4766044020652771	1.019567847251892
3	25	chosen	7.1292829513549805	7.012081146240234	5.765160083770752	6.5511698722839355
3	26	king.	14.634288787841797	14.113062858581543	15.670458793640137	17.02898406982422
3	27	A	4.417422294616699	4.448492050170898	4.444928169250488	4.435247898101807
3	28	meeting	8.237503051757812	7.8026933670043945	7.811923503875732	7.72307825088501
3	29	of	2.3628101348876953	1.6587308645248413	0.9112579226493835	0.9462713003158569
3	30	all	5.21090841293335	4.9045820236206055	3.8725218772888184	2.7818539142608643
3	31	the	1.5743985176086426	1.9520237445831299	1.446550965309143	1.360960841178894
3	32	birds	10.476722717285156	8.405705451965332	7.832272052764893	10.322935104370117
3	33	was	5.8514862060546875	5.432021141052246	6.528559684753418	5.122257232666016
3	34	called	5.450470447540283	5.794780731201172	6.0068254470825195	6.506662368774414
3	35	and	6.300983428955078	4.472568511962891	5.542736053466797	6.179107666015625
3	36	though	9.001693725585938	9.94810676574707	8.622312545776367	8.586348533630371
3	37	they	2.6174256801605225	2.7762725353240967	2.838550090789795	2.8820877075195312
3	38	understood	8.847616195678711	8.445860862731934	8.010263442993164	6.947651386260986
3	39	the	2.204190492630005	1.604803442955017	1.4137344360351562	1.549578309059143
3	40	birds	10.476722717285156	10.86007308959961	11.036946296691895	11.321442604064941
3	41	who	4.7723541259765625	5.079840660095215	4.630880355834961	4.830258846282959
3	42	were	3.5355567932128906	2.7881741523742676	2.622800588607788	2.036271572113037
3	43	from	6.973783016204834	6.618545055389404	6.998018741607666	7.110879898071289
3	44	the	0.7917162775993347	1.6173871755599976	1.6573467254638672	1.6826848983764648
3	45	most	4.993878364562988	6.271677017211914	6.114715576171875	6.264303684234619
3	46	distant	7.9976701736450195	7.695163726806641	5.612284183502197	5.045734405517578
3	47	lands	7.619943618774414	7.006062984466553	6.515012264251709	5.437251091003418
3	48	would	7.031597137451172	5.6896209716796875	6.03572416305542	6.42194938659668
3	49	be	1.0127809047698975	0.9124318361282349	1.3117773532867432	1.33622407913208
3	50	unable	6.48797607421875	5.8706207275390625	7.283740997314453	5.282449722290039
3	51	to	0.004330863710492849	0.012016164138913155	0.0173942930996418	0.012302623130381107
3	52	come,	9.708284378051758	10.407746315002441	11.3452730178833	11.080008506774902
3	53	many	6.505563259124756	6.650327682495117	6.549375057220459	7.078460693359375
3	54	birds	9.265552520751953	7.9268341064453125	8.721498489379883	8.795207023620605
3	55	came	7.424807548522949	7.541852951049805	5.640908241271973	5.666329383850098
3	56	from	2.607189416885376	2.7701454162597656	3.001944065093994	2.7798104286193848
3	57	faraway	11.959216117858887	10.619083404541016	8.446624755859375	7.807010173797607
3	58	meadows	10.4390869140625	9.812843322753906	10.317538261413574	10.099291801452637
3	59	and	1.0919690132141113	1.7169864177703857	1.1681307554244995	0.9569257497787476
3	60	woods.	14.170602798461914	5.32165002822876	5.737878799438477	5.420587539672852
3	61	The	2.394054412841797	2.224306106567383	2.1609859466552734	2.2267184257507324
3	62	eagle,	14.215659141540527	11.758652687072754	12.391735076904297	12.266236305236816
3	63	who	5.119521141052246	3.8396553993225098	3.873469829559326	4.261511325836182
3	64	already	7.532607555389404	7.738771438598633	7.317844867706299	7.479618549346924
3	65	thought	6.41640043258667	5.881662845611572	6.444869041442871	7.183734893798828
3	66	himself	10.040842056274414	8.456719398498535	7.659323692321777	4.2513747215271
3	67	the	5.108635902404785	3.5262486934661865	3.732027530670166	3.452854633331299
3	68	de	10.905744552612305	8.13938045501709	7.7006025314331055	6.636341094970703
3	69	facto	6.231036186218262	0.5126675367355347	0.09049245715141296	0.16782021522521973
3	70	king,	13.056827545166016	8.258627891540527	8.386627197265625	6.274984359741211
3	71	arrived	9.76101016998291	9.208970069885254	8.967944145202637	9.245126724243164
3	72	fashionably	20.06394386291504	14.589251518249512	15.07991886138916	15.106380462646484
3	73	late.	7.586269378662109	4.130587577819824	2.345729351043701	2.5123159885406494
3	74	It	3.4005556106567383	3.447758674621582	3.3733673095703125	3.611175060272217
3	75	was	1.4277337789535522	1.6551806926727295	1.448818564414978	0.7518213987350464
3	76	a	2.4355335235595703	2.0869483947753906	2.227487087249756	2.218712329864502
3	77	hawk	12.43115234375	11.937461853027344	13.323409080505371	13.218000411987305
3	78	who	5.039689064025879	4.498435974121094	3.134286880493164	3.0469143390655518
3	79	was	3.069365978240967	2.886784553527832	3.338146686553955	2.4911670684814453
3	80	most	7.078583717346191	6.749137878417969	6.83196496963501	7.242649078369141
3	81	excited	8.149263381958008	4.446352005004883	4.974149227142334	5.621339797973633
3	82	about	2.599583387374878	1.1237670183181763	1.0211279392242432	0.782661497592926
3	83	the	1.1256111860275269	1.2688251733779907	1.7649526596069336	2.0772218704223633
3	84	meeting,	10.10792064666748	9.817824363708496	9.063014030456543	9.588318824768066
3	85	because	6.199597358703613	6.0602922439575195	5.979551315307617	4.205933094024658
3	86	he	2.4929628372192383	2.675675630569458	2.2867918014526367	2.378525972366333
3	87	was	1.9666982889175415	1.8414418697357178	2.044358491897583	1.9975582361221313
3	88	the	3.51254940032959	3.749269723892212	3.48770809173584	3.8248369693756104
3	89	dark	8.173266410827637	8.547784805297852	8.875009536743164	8.8046236038208
3	90	horse	6.0484724044799805	6.5487165451049805	2.9156417846679688	1.5158368349075317
3	91	for	4.495264053344727	3.2445225715637207	3.017958164215088	2.562175989151001
3	92	king.	15.02674674987793	12.069572448730469	12.632872581481934	11.438953399658203
3	93	The	2.539944648742676	2.7173283100128174	2.595289707183838	2.5783421993255615
3	94	small	8.359256744384766	7.966402053833008	7.4702253341674805	7.477288246154785
3	95	fry	11.062859535217285	6.190820693969727	6.109886169433594	5.888990879058838
3	96	came	8.714096069335938	8.538862228393555	6.591403961181641	5.755320072174072
3	97	too,	12.802406311035156	12.389578819274902	10.25062370300293	9.6427583694458
3	98	and	2.3322577476501465	1.8586227893829346	1.9026836156845093	1.5415395498275757
3	99	the	2.305114269256592	2.9313931465148926	2.6408846378326416	2.6060707569122314
3	100	robin,	16.630340576171875	15.214970588684082	16.11002540588379	15.140409469604492
3	101	the	3.7698497772216797	2.6894848346710205	2.898576498031616	3.231843948364258
3	102	bluebird,	17.603504180908203	9.135462760925293	7.732446670532227	7.639096736907959
3	103	the	3.406749963760376	2.8921642303466797	1.2266186475753784	0.6566372513771057
3	104	owl,	14.385896682739258	6.813092231750488	6.279027938842773	5.249117851257324
3	105	the	3.6190695762634277	3.0385096073150635	1.1118965148925781	0.706722617149353
3	106	lark,	16.95069122314453	9.319218635559082	8.37088394165039	6.446987152099609
3	107	and	2.4378502368927	2.3453152179718018	1.522864818572998	1.2566041946411133
3	108	the	2.305114269256592	3.3837594985961914	2.7561850547790527	0.5660090446472168
3	109	sparrow,	16.920867919921875	15.38180923461914	12.54977798461914	9.768417358398438
3	110	who	5.690129280090332	4.096319198608398	3.8393845558166504	3.4175376892089844
3	111	had	2.561211347579956	2.9206790924072266	2.6031405925750732	2.922783374786377
3	112	only	5.387628555297852	5.838647842407227	5.2815470695495605	5.270223617553711
3	113	a	3.158973217010498	2.6593456268310547	2.8565874099731445	3.1213178634643555
3	114	chance	6.212615013122559	7.646569728851318	6.366679668426514	6.672581672668457
3	115	in	5.21010684967041	4.854414463043213	4.175210475921631	4.768160343170166
3	116	a	2.58301043510437	3.099663019180298	3.1660046577453613	2.3327016830444336
3	117	million	7.151322364807129	7.8048248291015625	4.8297319412231445	4.756637096405029
3	118	to	3.3804774284362793	4.317255973815918	5.794482231140137	4.021867752075195
3	119	be	2.424424886703491	3.8760557174682617	4.733264923095703	4.411862850189209
3	120	king,	13.865062713623047	11.052864074707031	13.263492584228516	9.651299476623535
3	121	were	6.6131086349487305	6.734655857086182	6.466117858886719	7.153627395629883
3	122	all	5.041760444641113	4.605259895324707	4.63623046875	4.557243347167969
3	123	present	9.404130935668945	6.86863899230957	6.272436618804932	7.853730201721191
3	124	at	3.40639328956604	2.4658195972442627	1.517235517501831	1.3643243312835693
3	125	the	0.8910643458366394	0.8862705826759338	0.4534055292606354	0.38848432898521423
3	126	meeting.	10.678401947021484	8.722010612487793	5.59423828125	4.692893981933594
3	127	The	2.3303346633911133	2.3708231449127197	2.4552290439605713	2.137368679046631
3	128	cuckoo,	17.427043914794922	18.203208923339844	18.705135345458984	19.37601661682129
3	129	who	4.154820442199707	2.9531593322753906	2.9052677154541016	2.7908315658569336
3	130	was	3.069365978240967	3.008197546005249	2.3011388778686523	1.8539423942565918
3	131	almost	6.503615379333496	6.874384880065918	6.4310302734375	6.538860321044922
3	132	not	4.99312162399292	6.566444396972656	6.912265777587891	6.9035139083862305
3	133	invited	10.496140480041504	9.871193885803223	8.815671920776367	6.424978733062744
3	134	because	8.927745819091797	5.748758316040039	5.521182060241699	4.29397439956665
3	135	his	6.269093036651611	4.4641804695129395	4.286752700805664	4.498376369476318
3	136	call	8.775740623474121	8.504522323608398	8.403640747070312	8.570881843566895
3	137	so	6.986284255981445	7.755796432495117	8.412947654724121	8.404060363769531
3	138	annoyed	12.185261726379395	11.468260765075684	9.154403686523438	5.444140911102295
3	139	the	4.989192962646484	4.652278900146484	3.8057141304016113	1.9028278589248657
3	140	other	5.131262302398682	4.6495161056518555	3.755728006362915	3.497666835784912
3	141	birds,	10.79004192352295	11.519962310791016	9.205571174621582	11.268633842468262
3	142	came	8.536710739135742	9.151586532592773	8.36026668548584	8.82558536529541
3	143	too.	12.338659286499023	9.530664443969727	9.550766944885254	9.442105293273926
3	144	It	3.476686954498291	3.313992977142334	3.7023792266845703	3.633972406387329
3	145	was	1.4277337789535522	1.814666986465454	1.0786433219909668	0.8803272247314453
3	146	the	3.51254940032959	2.932802438735962	3.1704699993133545	3.042325019836426
3	147	very	6.828289031982422	5.750425338745117	5.219949722290039	5.225317001342773
3	148	little	3.741560935974121	7.073938369750977	7.857595920562744	7.495199680328369
3	149	bird	9.3390531539917	10.478449821472168	9.948503494262695	7.7827959060668945
3	150	who	5.579953193664551	4.576201438903809	5.848694801330566	3.8268582820892334
3	151	had	2.561211347579956	3.3432440757751465	3.02718186378479	3.3633217811584473
3	152	no	3.8713910579681396	4.498709678649902	4.504153251647949	3.826963424682617
3	153	name	7.75255012512207	7.376399040222168	6.985499382019043	5.0606369972229
3	154	at	5.41984224319458	3.964984655380249	3.3338136672973633	3.4093315601348877
3	155	all,	5.753903388977051	4.239684104919434	1.9691277742385864	1.8831161260604858
3	156	however,	5.923447608947754	6.63614559173584	6.5246968269348145	6.85726261138916
3	157	that	2.9905638694763184	3.4941670894622803	4.081761360168457	4.290501594543457
3	158	would	3.789095640182495	5.197080135345459	5.255946159362793	4.199079990386963
3	159	end	6.68931245803833	6.294576168060303	6.777931213378906	6.8436713218688965
3	160	up	3.4644410610198975	0.49990537762641907	1.31879723072052	0.7664799690246582
3	161	overturning	16.4095458984375	11.88685417175293	11.26567268371582	10.233686447143555
3	162	the	1.1117475032806396	0.9729623794555664	1.0115242004394531	1.052786111831665
3	163	balance	8.409592628479004	8.501763343811035	8.391151428222656	7.103364944458008
3	164	of	0.44929808378219604	0.6241124272346497	0.38040971755981445	0.24036701023578644
3	165	power	7.495526313781738	1.5139858722686768	1.2835638523101807	0.7949905395507812
3	166	among	9.13475227355957	6.924851894378662	4.185426235198975	4.428831100463867
3	167	the	0.7318108081817627	1.4382224082946777	1.1375575065612793	0.9176881909370422
3	168	birds.	12.988983154296875	10.705412864685059	10.313697814941406	10.395644187927246
3	169	That	4.643527984619141	5.27353048324585	5.322692394256592	5.135437488555908
3	170	there	6.580168724060059	6.600781440734863	6.7718963623046875	6.225086688995361
3	171	would	4.274988174438477	3.998920202255249	3.9179370403289795	3.802480459213257
3	172	be	1.0127809047698975	0.2587251663208008	0.14081771671772003	0.22576938569545746
3	173	great	7.25356912612915	5.410712242126465	5.913308143615723	6.601878643035889
3	174	confusion	10.086555480957031	11.302605628967285	13.294808387756348	5.867897987365723
3	175	and	1.9213718175888062	2.1495509147644043	2.097977876663208	2.2478106021881104
3	176	noise	10.874054908752441	7.992237567901611	8.044769287109375	7.396252155303955
3	177	among	9.219179153442383	7.902207851409912	5.94164514541626	3.5678586959838867
3	178	the	0.7318108081817627	1.1960270404815674	1.4581321477890015	1.2020728588104248
3	179	birds	10.476722717285156	9.036632537841797	7.23970890045166	6.193808078765869
3	180	at	3.965223550796509	4.637834072113037	4.3365583419799805	3.8938870429992676
3	181	the	0.8910643458366394	1.4481066465377808	1.3675861358642578	1.1182746887207031
3	182	meeting	8.790340423583984	7.248790740966797	8.466769218444824	7.39595890045166
3	183	was	4.786443710327148	2.904918909072876	3.783644676208496	4.196008682250977
3	184	to	4.869032859802246	3.5724732875823975	3.343046188354492	3.5184519290924072
3	185	be	2.424424886703491	2.3046445846557617	2.952758550643921	3.048903465270996
3	186	expected,	8.650809288024902	9.245494842529297	7.241774559020996	7.7024030685424805
3	187	given	5.669923782348633	4.248696804046631	3.9877874851226807	3.301561117172241
3	188	the	1.842219352722168	0.8658740520477295	0.8890140652656555	1.005537748336792
3	189	sheer	9.173742294311523	6.114672660827637	5.4381208419799805	5.511813163757324
3	190	numbers	5.316741466522217	4.498892307281494	4.214444160461426	3.9379844665527344
3	191	of	0.555840015411377	0.9473398923873901	0.3729942739009857	0.5944961905479431
3	192	birds	11.131254196166992	7.117907524108887	7.062921524047852	6.905097961425781
3	193	that	3.406123399734497	3.109614133834839	2.451481342315674	2.3002519607543945
3	194	have	5.054987907409668	2.715625286102295	2.659632921218872	2.3603153228759766
3	195	gathered.	12.564159393310547	12.4341459274292	12.269281387329102	11.820735931396484
3	196	There	4.152155876159668	4.126720905303955	3.9991471767425537	4.1117448806762695
3	197	was	2.6127610206604004	1.3889856338500977	1.9082945585250854	2.7529871463775635
3	198	piping,	19.34544563293457	16.661100387573242	15.379983901977539	15.277335166931152
3	199	hissing,	13.219090461730957	12.10610580444336	8.847155570983887	7.506542682647705
3	200	and	2.420527696609497	1.3281288146972656	1.284720778465271	1.3788117170333862
3	201	clacking,	17.501916885375977	10.49111557006836	9.7332763671875	9.6781644821167
3	202	but	3.4203665256500244	2.8507845401763916	3.3470044136047363	2.819948196411133
3	203	finally	8.25885009765625	7.609832286834717	7.15402889251709	6.838881492614746
3	204	it	6.875856399536133	4.238512992858887	3.5496981143951416	3.4240448474884033
3	205	was	1.676328420639038	1.6448181867599487	1.628656029701233	2.7009828090667725
3	206	decided	7.420298099517822	6.132707595825195	5.1711249351501465	4.234171390533447
3	207	that	3.100050449371338	1.1312137842178345	0.9564450979232788	0.6770130395889282
3	208	the	2.4105913639068604	2.3092236518859863	1.5131239891052246	1.5960040092468262
3	209	bird	9.781123161315918	9.219430923461914	9.105052947998047	9.342460632324219
3	210	that	3.654839515686035	3.5598580837249756	4.534921646118164	3.8575220108032227
3	211	could	4.792462348937988	4.278238296508789	5.003084659576416	5.477268695831299
3	212	fly	8.344965934753418	8.196590423583984	3.754786968231201	2.963085889816284
3	213	the	3.6028246879577637	3.4679055213928223	3.724797487258911	4.800168514251709
3	214	highest	6.397067070007324	7.015880107879639	6.909999847412109	6.690268516540527
3	215	should	13.884343147277832	10.729153633117676	11.427961349487305	9.805335998535156
3	216	be	0.5443338751792908	1.0675565004348755	0.8749426603317261	1.508762001991272
3	217	king.	13.902337074279785	12.252116203308105	11.244756698608398	10.467340469360352
3	218	The	2.539944648742676	2.6937570571899414	2.776876926422119	2.458378553390503
3	219	little	7.809042930603027	7.7510600090026855	7.312893867492676	7.2722978591918945
3	220	bird	9.3390531539917	5.966074466705322	5.774820327758789	5.875659942626953
3	221	lay	10.675339698791504	9.309439659118652	8.52214527130127	7.549063682556152
3	222	low	10.600655555725098	6.619639873504639	5.839272499084473	5.682300567626953
3	223	near	8.112921714782715	6.787440776824951	4.755177021026611	4.622397422790527
3	224	the	0.448859840631485	0.8437491655349731	0.8028083443641663	0.7596130967140198
3	225	eagle	11.957901000976562	12.178491592407227	12.540980339050293	12.333198547363281
3	226	at	4.737756729125977	4.590177059173584	4.119673252105713	4.161266326904297
3	227	first,	7.3000383377075195	6.39709997177124	6.387681007385254	6.5709967613220215
3	228	but	3.204699993133545	1.2755825519561768	1.223333477973938	1.4287561178207397
3	229	the	2.6426098346710205	2.779813528060913	3.1379683017730713	2.9434762001037598
3	230	eagle	11.957901000976562	10.09936237335205	10.677964210510254	9.928044319152832
3	231	did	6.982666969299316	6.458004474639893	5.060423851013184	4.9417643547058105
3	232	not	0.35008683800697327	0.8364400267601013	0.6450668573379517	0.5636253356933594
3	233	notice	7.051821231842041	5.983177661895752	6.044604301452637	5.384486198425293
3	234	the	3.045145034790039	1.5333644151687622	1.54960298538208	1.371161699295044
3	235	bird	9.781123161315918	8.6445894241333	8.158025741577148	7.490423202514648
3	236	hopping	13.541873931884766	10.475761413574219	7.852849960327148	6.492088794708252
3	237	onto	4.892343044281006	6.920247554779053	6.836474418640137	5.48568868637085
3	238	his	3.8034605979919434	3.5117101669311523	3.5624539852142334	3.386828899383545
3	239	back	7.131325721740723	3.996438980102539	3.834343433380127	3.1836068630218506
3	240	right	8.367843627929688	6.550107002258301	6.530036926269531	6.245776176452637
3	241	as	4.564250946044922	5.0429301261901855	4.15306282043457	4.618255138397217
3	242	the	2.2121758460998535	2.039079427719116	2.058551788330078	2.423474073410034
3	243	competition	9.55647087097168	8.480525970458984	8.018758773803711	8.656713485717773
3	244	was	4.386960029602051	3.7573585510253906	3.3325862884521484	3.443598508834839
3	245	about	5.615823268890381	5.179163932800293	4.981917381286621	3.9832372665405273
3	246	to	5.025440216064453	1.515407919883728	1.4567267894744873	1.591233253479004
3	247	commence.	14.381620407104492	10.052058219909668	9.195192337036133	4.821264743804932
3	248	Into	10.329833030700684	10.573429107666016	10.214534759521484	10.411405563354492
3	249	the	1.9790822267532349	0.9969128370285034	1.0504692792892456	0.9139103889465332
3	250	air	7.220020294189453	7.017908096313477	5.373076438903809	5.520115852355957
3	251	in	2.8482298851013184	2.964742660522461	3.738405704498291	5.014481067657471
3	252	a	2.58301043510437	2.4585540294647217	2.4772427082061768	2.2020974159240723
3	253	great	4.344814777374268	6.425875663757324	6.579503059387207	6.405004501342773
3	254	flock	12.75759220123291	12.243353843688965	11.128134727478027	8.990415573120117
3	255	all	8.715093612670898	8.286286354064941	8.211260795593262	6.825757026672363
3	256	the	1.5743985176086426	2.702906370162964	2.6897449493408203	2.8142282962799072
3	257	birds	10.47672176361084	8.405705451965332	7.460963726043701	7.231472969055176
3	258	flew	9.848676681518555	6.124895095825195	7.012551307678223	8.596818923950195
3	259	when	6.843345642089844	7.2290730476379395	6.772458076477051	6.558426380157471
3	260	the	2.255457639694214	1.8839017152786255	1.7633957862854004	1.8997665643692017
3	261	signal	9.138253211975098	8.410172462463379	7.975727081298828	7.2335710525512695
3	262	was	4.653275966644287	3.64870285987854	2.2690718173980713	0.8655008673667908
3	263	given.	10.466958045959473	7.431305408477783	7.433065414428711	6.270738124847412
3	264	The	2.382859468460083	2.2229537963867188	1.7025437355041504	1.8654041290283203
3	265	air	8.003243446350098	8.518576622009277	8.13823127746582	7.6014862060546875
3	266	was	3.8751277923583984	2.0029499530792236	2.894111394882202	2.002795934677124
3	267	full	8.010974884033203	6.085568428039551	4.117505073547363	4.159518718719482
3	268	of	1.346884846687317	0.13398396968841553	0.21641865372657776	0.035227734595537186
3	269	dust,	12.342568397521973	8.675856590270996	8.747284889221191	6.743470191955566
3	270	and	2.2394726276397705	2.3080742359161377	2.0377109050750732	1.6116564273834229
3	271	it	4.36711311340332	4.013744354248047	3.591813802719116	3.3288156986236572
3	272	seemed	6.595551490783691	4.954842567443848	5.243016242980957	5.121771812438965
3	273	as	6.09576940536499	3.0697150230407715	2.9652769565582275	2.3173611164093018
3	274	if	6.522614479064941	0.6120678782463074	0.5727499127388	0.510210394859314
3	275	a	4.603058815002441	4.20888090133667	3.3633904457092285	3.6353697776794434
3	276	black	7.040767192840576	6.752151012420654	6.278707027435303	5.873013496398926
3	277	cloud	9.839041709899902	5.396914482116699	6.968259811401367	3.4801197052001953
3	278	were	7.399282455444336	6.538496971130371	7.112187385559082	5.053389549255371
3	279	floating	9.724044799804688	8.00780200958252	5.529876708984375	4.664364814758301
3	280	over	5.363531112670898	4.50977087020874	3.4483394622802734	2.5092639923095703
3	281	the	0.5911417603492737	1.0397562980651855	0.8509728908538818	0.9375842213630676
3	282	field.	9.059507369995117	8.333005905151367	7.028763771057129	7.194077014923096
3	283	You	4.304648399353027	4.618190765380859	4.82615852355957	4.777555465698242
3	284	could	4.145135402679443	3.5113437175750732	3.5901095867156982	3.544165849685669
3	285	hear	6.6559882164001465	5.521333694458008	5.768337726593018	5.515883922576904
3	286	the	1.9124317169189453	1.3889281749725342	1.1433484554290771	1.1412041187286377
3	287	birds	10.47672176361084	7.549834728240967	6.560703277587891	6.954774379730225
3	288	chirping	12.445232391357422	8.124435424804688	2.9912872314453125	2.249472141265869
3	289	and	2.447758197784424	1.3977285623550415	1.2685563564300537	1.1456878185272217
3	290	flapping	12.563370704650879	5.2661638259887695	5.110004901885986	3.8337581157684326
3	291	from	4.950616836547852	5.1612443923950195	4.346474647521973	4.6021528244018555
3	292	fields	12.247940063476562	11.134688377380371	11.192976951599121	10.436531066894531
3	293	that	3.134699821472168	2.9911701679229736	4.484475135803223	4.383703708648682
3	294	were	5.011057376861572	3.357231855392456	2.6986474990844727	2.1843535900115967
3	295	miles	10.958016395568848	10.847944259643555	10.812090873718262	8.711365699768066
3	296	away.	5.101090431213379	2.3655314445495605	2.5748884677886963	3.00581955909729
3	297	The	2.5773792266845703	2.275364398956299	2.416166067123413	2.427957534790039
3	298	little	7.809042930603027	7.019835948944092	7.181656837463379	6.697293758392334
3	299	birds	10.904666900634766	6.445596218109131	6.636553764343262	6.714328765869141
3	300	that	3.406123399734497	3.2808704376220703	3.0069997310638428	3.551405191421509
3	301	soon	9.303894996643066	9.029675483703613	8.89369010925293	9.248497009277344
3	302	grew	9.680569648742676	8.148185729980469	4.93543815612793	4.8802571296691895
3	303	tired	10.37187385559082	3.397878885269165	4.413822174072266	2.9819071292877197
3	304	fell	11.9351806640625	13.841981887817383	14.147212028503418	13.838628768920898
3	305	back	3.7203288078308105	4.975597858428955	3.9545400142669678	3.7253851890563965
3	306	quickly	11.214695930480957	6.87809944152832	7.4424357414245605	8.096860885620117
3	307	to	2.927936315536499	2.2255005836486816	1.4098771810531616	1.4924501180648804
3	308	earth.	12.534626007080078	13.033357620239258	8.710945129394531	6.846503734588623
3	309	The	2.4037654399871826	2.382127523422241	2.353036642074585	2.526822566986084
3	310	fact	5.7230658531188965	5.565128803253174	5.636228561401367	5.812413692474365
3	311	that	0.15770947933197021	0.33580854535102844	0.3006170392036438	0.27825409173965454
3	312	the	2.4105913639068604	1.9515957832336426	2.047604560852051	1.9322543144226074
3	313	larger	8.316908836364746	8.352734565734863	8.396008491516113	8.719225883483887
3	314	ones	6.884465217590332	6.079768180847168	6.684569358825684	7.1509881019592285
3	315	held	8.67063045501709	8.610884666442871	8.33441162109375	7.4155592918396
3	316	out	2.660278081893921	4.154369354248047	3.8341569900512695	3.9372146129608154
3	317	longer,	12.758584976196289	9.360060691833496	8.677416801452637	6.53432035446167
3	318	and	2.174168109893799	1.9674503803253174	1.9267534017562866	1.9035347700119019
3	319	flew	11.520272254943848	10.743684768676758	10.843682289123535	10.073443412780762
3	320	higher	10.51870059967041	7.990540981292725	5.718000411987305	3.9477832317352295
3	321	and	4.331811428070068	1.625381588935852	2.0992021560668945	2.1840126514434814
3	322	higher,	11.553425788879395	3.874502182006836	2.3336405754089355	2.310321569442749
3	323	but	2.4708640575408936	2.6696934700012207	2.8390676975250244	3.1687116622924805
3	324	the	2.6426098346710205	2.6283020973205566	2.653761863708496	2.5637285709381104
3	325	eagle	11.957901000976562	10.09936237335205	10.409106254577637	10.455795288085938
3	326	flew	8.5525541305542	6.733583927154541	5.640581130981445	6.048466682434082
3	327	highest	15.26950740814209	11.319543838500977	10.952498435974121	10.615357398986816
3	328	of	4.095996856689453	4.966668128967285	4.33798885345459	3.8346776962280273
3	329	any,	12.190354347229004	8.93640422821045	8.219025611877441	7.900201320648193
3	330	surprised	12.50953197479248	13.691628456115723	11.348658561706543	11.064078330993652
3	331	no	8.650155067443848	7.897681713104248	7.516785144805908	4.717886924743652
3	332	one.	8.093400955200195	5.780328750610352	2.398155689239502	2.0252084732055664
3	333	Could	8.080647468566895	8.022741317749023	7.661164283752441	7.679261207580566
3	334	anyone	6.269831657409668	4.7058305740356445	4.243377685546875	4.063725471496582
3	335	stop	12.408132553100586	4.953007698059082	5.789247989654541	5.605384826660156
3	336	the	1.7601683139801025	3.798198699951172	2.5476040840148926	2.3571858406066895
3	337	eagle	11.957901000976562	11.713810920715332	10.909303665161133	10.089316368103027
3	338	that	4.77260684967041	4.039918899536133	4.193852424621582	4.247986316680908
3	339	seemed	8.157425880432129	6.342586040496826	6.610598564147949	6.6552300453186035
3	340	to	0.2936435341835022	0.8821531534194946	0.39865079522132874	0.3102684020996094
3	341	be	2.424424886703491	1.5323941707611084	1.5628273487091064	1.1699931621551514
3	342	flying	9.595142364501953	8.928580284118652	7.119442939758301	6.678548336029053
3	343	straight	7.3445634841918945	6.015229225158691	6.024586200714111	4.786357879638672
3	344	into	3.118717908859253	1.5691378116607666	2.093132495880127	2.1116018295288086
3	345	the	0.7223832607269287	1.142803430557251	0.9348030090332031	1.002544641494751
3	346	sun?	13.152770042419434	11.529950141906738	11.562152862548828	10.603517532348633
3	347	The	3.1312918663024902	3.062939405441284	3.158801555633545	3.2435176372528076
3	348	other	5.422813415527344	6.054892539978027	5.882509231567383	6.030030250549316
3	349	birds	9.093459129333496	9.892995834350586	7.9948649406433105	8.5909423828125
3	350	gave	8.462515830993652	8.905067443847656	7.267631530761719	7.5574774742126465
3	351	out	4.6978325843811035	5.864546298980713	5.8804707527160645	5.4101691246032715
3	352	one	7.506100654602051	5.568653106689453	5.411929130554199	5.757513999938965
3	353	by	7.520612716674805	3.7098937034606934	5.339498043060303	4.3254289627075195
3	354	one	5.523086071014404	1.5892424583435059	0.8871301412582397	3.779536008834839
3	355	and	5.655845642089844	5.324204444885254	1.8746217489242554	1.872070550918579
3	356	when	7.169862747192383	7.019032955169678	7.385052680969238	5.505951881408691
3	357	the	2.255457639694214	2.3452086448669434	2.382716655731201	2.135784387588501
3	358	eagle	11.957901000976562	9.874439239501953	9.495771408081055	9.142390251159668
3	359	saw	6.579239845275879	7.8444719314575195	6.268974781036377	5.64350700378418
3	360	this	3.279618978500366	4.450193881988525	4.925544738769531	4.998565673828125
3	361	he	9.408428192138672	8.550888061523438	7.778802394866943	6.879471778869629
3	362	thought,	8.683900833129883	8.168242454528809	6.596253395080566	6.764149188995361
3	363	'What	5.58806037902832	6.870569705963135	6.386316299438477	5.537759304046631
3	364	is	2.161264419555664	2.501410484313965	2.5609798431396484	2.343430757522583
3	365	the	2.7464194297790527	1.7600440979003906	1.6413084268569946	1.728308081626892
3	366	use	6.669145584106445	6.811230182647705	5.398153781890869	4.77931022644043
3	367	of	1.1490517854690552	0.06875327974557877	0.05634606257081032	0.14330239593982697
3	368	flying	10.702491760253906	9.783681869506836	9.385815620422363	9.7473726272583
3	369	any	8.862325668334961	7.853634834289551	9.94609260559082	10.327930450439453
3	370	higher?	13.119730949401855	10.364654541015625	9.531362533569336	10.201070785522461
3	371	This	4.2665557861328125	4.149716377258301	4.213125228881836	4.270613670349121
3	372	victory	11.265048027038574	10.084345817565918	9.849067687988281	10.298723220825195
3	373	is	3.5029408931732178	2.1292917728424072	1.7846637964248657	1.7196049690246582
3	374	in	4.742395401000977	3.991128921508789	4.504277229309082	4.77217435836792
3	375	the	0.8811151385307312	1.6294947862625122	1.2094273567199707	2.079550266265869
3	376	bag	10.078703880310059	8.860332489013672	6.496883392333984	5.363226890563965
3	377	and	2.3414182662963867	2.3978946208953857	2.3151071071624756	2.0999205112457275
3	378	I	4.29294490814209	4.146058082580566	4.4553070068359375	3.8794093132019043
3	379	am	3.0884759426116943	3.3006863594055176	3.8880748748779297	4.082030296325684
3	380	king!'	22.37656593322754	19.13751983642578	18.999710083007812	19.40715789794922
3	381	Then	5.2142014503479	4.73521614074707	4.611040115356445	4.386589050292969
3	382	the	2.6080398559570312	2.601701021194458	2.405193567276001	2.4904510974884033
3	383	birds	10.476722717285156	8.448729515075684	7.868133544921875	7.481927871704102
3	384	below	9.181673049926758	8.209460258483887	8.457504272460938	7.749650001525879
3	385	called	10.093058586120605	8.933004379272461	8.361909866333008	7.201771259307861
3	386	with	5.362547397613525	7.551676273345947	7.930227279663086	7.186812400817871
3	387	one	5.15804386138916	5.2146406173706055	5.257006645202637	4.755481719970703
3	388	accord,	15.402149200439453	9.83133316040039	9.560897827148438	11.089570045471191
3	389	'Come	14.78343391418457	14.062337875366211	13.903440475463867	11.847411155700684
3	390	back,	5.402428150177002	6.143301486968994	6.156643867492676	6.119098663330078
3	391	come	8.136688232421875	4.434299468994141	3.7459397315979004	3.1681551933288574
3	392	back!	8.25035285949707	6.037030220031738	3.4763705730438232	3.9239423274993896
3	393	It	4.179811954498291	4.207331657409668	4.368199348449707	5.074185848236084
3	394	is	1.2172108888626099	2.01792049407959	2.0464134216308594	2.347353219985962
3	395	you	7.185572624206543	8.696297645568848	7.7206597328186035	7.666724681854248
3	396	who	7.590521335601807	5.112268447875977	0.6232659220695496	0.5929086804389954
3	397	must	5.982182502746582	6.696620941162109	4.808302879333496	2.8029141426086426
3	398	be	0.4372040331363678	1.7630281448364258	2.356449604034424	2.453157901763916
3	399	our	8.01761245727539	7.559894561767578	8.131596565246582	6.51129150390625
3	400	king	10.926263809204102	8.507755279541016	8.70439624786377	7.980510711669922
3	401	because	7.987651348114014	6.344297885894775	5.5438337326049805	4.930281639099121
3	402	no	6.851316452026367	5.841897964477539	6.182500839233398	5.868898391723633
3	403	one	3.124772787094116	0.9561032652854919	0.8685547113418579	0.7756777405738831
3	404	can	5.640303134918213	2.9728269577026367	3.081031084060669	2.9956607818603516
3	405	fly	8.321258544921875	8.397275924682617	8.78153133392334	8.587423324584961
3	406	as	4.084085464477539	4.18339729309082	4.449640274047852	4.198827743530273
3	407	high	7.207898139953613	4.19989538192749	2.888911485671997	2.2613935470581055
3	408	as	5.3808698654174805	0.0836789533495903	0.08864874392747879	0.09442265331745148
3	409	you.'	15.084322929382324	15.962589263916016	17.764616012573242	17.050729751586914
3	410	'Except	12.92431926727295	12.704301834106445	12.60776424407959	12.616098403930664
3	411	me!'	10.325148582458496	8.820782661437988	9.270730972290039	9.410778045654297
3	412	cried	6.171909332275391	7.553694248199463	3.4196135997772217	3.3484251499176025
3	413	a	3.9915122985839844	4.321523666381836	3.90248966217041	4.9062395095825195
3	414	shrill,	15.400369644165039	11.316083908081055	11.009833335876465	10.750289916992188
3	415	shrill	5.582707405090332	4.065332412719727	4.459403038024902	3.817044973373413
3	416	voice,	4.960822105407715	4.476640701293945	3.0967066287994385	5.580026626586914
3	417	and	2.262495994567871	2.506640672683716	1.9713777303695679	2.1505684852600098
3	418	out	7.674860954284668	7.836373329162598	7.78367805480957	8.119609832763672
3	419	of	0.4698842167854309	0.372575581073761	0.7037547826766968	0.7289259433746338
3	420	the	0.8314511775970459	1.433730125427246	1.7856327295303345	1.6514711380004883
3	421	blue	8.361632347106934	8.545001983642578	5.700465202331543	5.916589736938477
3	422	the	8.951507568359375	7.144354820251465	7.508246898651123	5.533666133880615
3	423	little	7.613574981689453	7.360074043273926	6.746430397033691	7.0061211585998535
3	424	bird	9.3390531539917	6.2839765548706055	5.311087131500244	4.707419395446777
3	425	without	8.002036094665527	6.708550930023193	7.351816177368164	7.67445182800293
3	426	a	1.693256139755249	1.4925549030303955	1.352876901626587	2.140305995941162
3	427	name	7.193378448486328	6.200465202331543	5.618241786956787	5.170414924621582
3	428	rose	11.781442642211914	12.40145492553711	12.245756149291992	11.046642303466797
3	429	from	2.781325101852417	3.3766257762908936	1.8165462017059326	2.414013624191284
3	430	the	0.7917162775993347	1.250657558441162	0.9249552488327026	0.6290926933288574
3	431	eagle's	14.056467056274414	12.682311058044434	11.249351501464844	12.20036792755127
3	432	back,	7.0055084228515625	6.244604110717773	6.315987586975098	5.499212265014648
3	433	where	5.577034950256348	5.994545936584473	5.742682456970215	5.56787633895874
3	434	he	2.7972872257232666	1.961822748184204	1.7976477146148682	2.1886653900146484
3	435	had	2.5938496589660645	3.1385931968688965	3.171560525894165	2.471759796142578
3	436	lain	10.738344192504883	9.96605110168457	8.40323257446289	7.48139762878418
3	437	hidden	9.476279258728027	5.571751117706299	6.911895751953125	6.420841693878174
3	438	in	1.9028804302215576	1.3217957019805908	1.4319120645523071	1.3872820138931274
3	439	the	0.8811151385307312	1.018296480178833	0.9144070744514465	0.9577839374542236
3	440	feathers.	15.745218276977539	14.630513191223145	12.384275436401367	13.165210723876953
3	441	His	5.225219249725342	5.31646728515625	5.600937843322754	5.0447998046875
3	442	guile	13.951432228088379	11.989195823669434	11.596508026123047	11.447463035583496
3	443	was	4.678135395050049	2.4224066734313965	1.7145910263061523	1.6333074569702148
3	444	the	3.51254940032959	3.467514753341675	4.540406227111816	4.645325183868408
3	445	ace	12.392389297485352	10.346981048583984	9.000560760498047	9.05773639678955
3	446	up	7.742610931396484	3.6428442001342773	2.504956007003784	2.6901023387908936
3	447	his	5.421579360961914	3.9233925342559814	1.1476147174835205	1.6974763870239258
3	448	sleeve,	12.307351112365723	6.553736209869385	3.444685697555542	1.5682907104492188
3	449	and	2.1437113285064697	2.282045841217041	2.347252130508423	2.107210636138916
3	450	he	4.92115592956543	4.600732803344727	2.617758274078369	2.800950527191162
3	451	laughed	8.178035736083984	7.274033546447754	6.958559989929199	6.028267860412598
3	452	to	3.1009907722473145	3.5643885135650635	4.026824474334717	3.7965621948242188
3	453	himself	11.19820499420166	2.3757081031799316	1.1200652122497559	1.0810641050338745
3	454	at	3.4101362228393555	3.81436824798584	3.455522298812866	2.775240659713745
3	455	how	7.484805107116699	8.380425453186035	7.3578972816467285	2.2107651233673096
3	456	easy	5.909885406494141	5.6139817237854	4.728302478790283	4.446232795715332
3	457	it	9.76021671295166	0.23394127190113068	0.30183330178260803	0.24344536662101746
3	458	had	4.600490570068359	6.00697660446167	6.6527323722839355	6.532128810882568
3	459	been	1.1064952611923218	1.5964077711105347	0.6819282174110413	0.4854695200920105
3	460	to	5.047688007354736	5.1825971603393555	5.307309627532959	0.9569839239120483
3	461	outwit	11.932647705078125	11.891499519348145	12.376806259155273	11.212859153747559
3	462	the	1.8379732370376587	1.441784143447876	1.605068325996399	1.520225167274475
3	463	other	5.131262302398682	3.600402593612671	4.096864700317383	4.666744232177734
3	464	birds.	11.265264511108398	11.555331230163574	11.10360050201416	9.971304893493652
3	465	Higher	9.835907936096191	9.268678665161133	9.94998836517334	10.068150520324707
3	466	and	4.612488746643066	5.058297634124756	4.80891752243042	4.35510778427124
3	467	higher	8.757781982421875	2.2277474403381348	1.1214312314987183	1.258409857749939
3	468	he	10.054779052734375	7.406955718994141	5.3824782371521	4.414006233215332
3	469	mounted,	15.192474365234375	11.431346893310547	11.785066604614258	9.543268203735352
3	470	until	7.604867935180664	7.021783828735352	3.997218132019043	4.0051093101501465
3	471	he	2.758129835128784	3.0601389408111572	1.1624561548233032	1.061774492263794
3	472	was	1.9666982889175415	2.1439058780670166	1.8730679750442505	1.716945767402649
3	473	lost	6.5197858810424805	8.35565185546875	7.762595176696777	7.815244197845459
3	474	to	1.4529273509979248	1.8980488777160645	2.3204188346862793	2.028960704803467
3	475	sight,	13.057939529418945	14.589522361755371	10.050849914550781	8.040693283081055
3	476	and	2.3244616985321045	2.133326530456543	1.8893135786056519	1.7113744020462036
3	477	then	4.470452308654785	3.6850948333740234	3.849743604660034	3.88875675201416
3	478	folding	13.189806938171387	10.301631927490234	11.02398681640625	11.26144027709961
3	479	his	5.7836079597473145	4.010887145996094	4.6997785568237305	2.351696014404297
3	480	wings	9.177023887634277	4.916804790496826	5.459889888763428	5.567218780517578
3	481	together,	10.605395317077637	7.361203193664551	5.8712897300720215	5.779879570007324
3	482	he	4.388433456420898	4.564324378967285	3.150047540664673	2.2563962936401367
3	483	sank	10.392572402954102	9.244492530822754	8.293004035949707	7.5617241859436035
3	484	to	2.5757229328155518	1.9159209728240967	1.9298686981201172	2.0695018768310547
3	485	earth	11.35667610168457	4.0421953201293945	5.2864484786987305	5.93837833404541
3	486	crying	13.470314979553223	11.862714767456055	11.36874771118164	8.686812400817871
3	487	shrilly,	15.107428550720215	13.303240776062012	12.38107681274414	12.083889961242676
3	488	'I	8.917106628417969	7.759600639343262	6.570989608764648	5.489892482757568
3	489	am	2.7498838901519775	2.579011917114258	2.4612107276916504	2.0664255619049072
3	490	king,	14.782000541687012	10.55718994140625	9.978395462036133	9.664167404174805
3	491	I	5.28745174407959	2.764569044113159	1.4251867532730103	1.5978403091430664
3	492	am	3.0884759426116943	2.5907602310180664	1.6113364696502686	0.8151425719261169
3	493	king!'	22.37656593322754	19.13751983642578	12.60897445678711	6.891117572784424
3	494	The	3.69193696975708	3.327230215072632	3.4405460357666016	3.3496429920196533
3	495	eagle	11.319052696228027	8.793375015258789	8.717991828918457	8.691606521606445
3	496	tricked	15.486991882324219	13.38851261138916	12.049395561218262	11.887520790100098
3	497	by	2.5346922874450684	3.3139572143554688	5.384953498840332	6.172833442687988
3	498	the	1.1369578838348389	1.4806562662124634	1.8465389013290405	1.1754095554351807
3	499	little	7.613574981689453	8.357142448425293	7.772768020629883	6.823785305023193
3	500	bird	9.3390531539917	6.2839765548706055	5.957941055297852	6.169888973236084
3	501	had	5.767158508300781	5.020061492919922	4.40402364730835	5.837927341461182
3	502	not	4.401581764221191	3.9974453449249268	5.663505554199219	4.61151123046875
3	503	sensed	13.79216194152832	8.859811782836914	7.9076361656188965	9.30292797088623
3	504	the	2.4425244331359863	2.7577967643737793	1.720362663269043	1.4965155124664307
3	505	bird	9.781123161315918	8.855712890625	8.812041282653809	8.582449913024902
3	506	in	2.103825092315674	3.302032947540283	3.391191005706787	3.006695508956909
3	507	his	4.20177698135376	3.8871607780456543	3.5248525142669678	2.2915658950805664
3	508	feathers	12.1085205078125	12.977446556091309	9.805442810058594	9.14952564239502
3	509	and	1.4559365510940552	1.759891152381897	1.5193986892700195	1.868125319480896
3	510	so	5.379825115203857	6.5991644859313965	6.835756301879883	6.440508842468262
3	511	had	8.755073547363281	6.504327774047852	6.229867458343506	5.422908306121826
3	512	not	4.401581764221191	3.825850486755371	3.788961410522461	3.697594165802002
3	513	at	6.320052146911621	7.05185604095459	6.481886863708496	6.43665885925293
3	514	all	4.712673187255859	0.6597083806991577	1.260446310043335	1.5317614078521729
3	515	expected	9.688858985900879	9.635875701904297	6.754176139831543	4.443816661834717
3	516	the	5.572901725769043	3.154691219329834	4.4282145500183105	4.45566463470459
3	517	bird	9.781123161315918	9.165166854858398	9.64508056640625	9.759598731994629
3	518	to	3.2675065994262695	3.5914244651794434	0.5286427736282349	0.28378602862358093
3	519	come	6.2268781661987305	5.492454528808594	4.99454402923584	3.9031543731689453
3	520	flying	11.546921730041504	8.807439804077148	5.2195658683776855	4.859705924987793
3	521	out	3.0421600341796875	1.8834303617477417	1.6464636325836182	1.908953309059143
3	522	like	6.955428123474121	5.735491752624512	5.085801124572754	5.179714202880859
3	523	that.	5.0952959060668945	4.6721978187561035	4.219480037689209	6.440564155578613
3	524	The	3.069192886352539	3.372284412384033	3.337555408477783	3.0892298221588135
3	525	birds	10.329930305480957	9.466915130615234	9.216840744018555	8.94299030303955
3	526	back	6.293193817138672	9.341498374938965	9.187524795532227	9.046958923339844
3	527	on	3.2606029510498047	3.4287526607513428	3.699632167816162	3.702382802963257
3	528	earth	9.963541984558105	6.15598726272583	5.563737869262695	4.442384243011475
3	529	were	6.1119794845581055	5.025895118713379	6.514858245849609	5.014348030090332
3	530	all	5.041759490966797	5.3553876876831055	4.759631156921387	4.686324119567871
3	531	up	6.473431587219238	6.343819618225098	7.154669284820557	7.464975833892822
3	532	in	2.6410202980041504	2.0929999351501465	2.0860133171081543	0.9473452568054199
3	533	arms.	13.519489288330078	8.589500427246094	10.980051040649414	2.501156806945801
3	534	'You,	15.098374366760254	14.216056823730469	14.125887870788574	15.153014183044434
3	535	and	4.895406723022461	5.298408508300781	5.516653060913086	5.396457195281982
3	536	not	5.566296100616455	3.969142436981201	4.376376628875732	4.012507438659668
3	537	the	4.296904563903809	3.336805582046509	3.0191802978515625	2.7603185176849365
3	538	eagle,	13.950611114501953	14.425227165222168	13.19935417175293	11.423356056213379
3	539	our	7.40599250793457	7.323843002319336	7.990317344665527	7.4340739250183105
3	540	king?'	19.33498764038086	16.3205509185791	15.749152183532715	14.321447372436523
3	541	the	5.450111389160156	4.944220066070557	4.352816581726074	4.5413970947265625
3	542	birds	10.476722717285156	8.662711143493652	8.67664623260498	7.112250804901123
3	543	cried,	15.044745445251465	11.778402328491211	4.497737407684326	4.803312301635742
3	544	fuming	12.339765548706055	15.172264099121094	16.159339904785156	15.87532901763916
3	545	with	2.7787327766418457	1.6975176334381104	2.1262764930725098	2.0055129528045654
3	546	anger.	12.762076377868652	3.283418655395508	2.5866823196411133	3.125576972961426
3	547	'You	9.079842567443848	9.076350212097168	8.388814926147461	7.069180965423584
3	548	have	2.772902488708496	3.000659227371216	2.998110771179199	3.010981321334839
3	549	done	4.826599597930908	4.226484298706055	3.7935590744018555	3.600754737854004
3	550	this	4.486238479614258	3.501784563064575	3.1705734729766846	2.9419338703155518
3	551	by	7.888978004455566	3.6928486824035645	4.436221122741699	5.698942184448242
3	552	breaking	7.5173492431640625	6.609537601470947	5.982203960418701	6.300041675567627
3	553	every	7.016683578491211	6.136183261871338	6.237102031707764	6.351197242736816
3	554	rule	9.902044296264648	2.4278206825256348	1.8182777166366577	2.056095600128174
3	555	in	3.0709104537963867	2.7222933769226074	1.8953485488891602	1.6241008043289185
3	556	the	0.8811151385307312	1.7693822383880615	0.9087998867034912	0.2343892753124237
3	557	book,	8.242854118347168	7.797421455383301	6.474984169006348	2.478848457336426
3	558	so	4.562117576599121	4.516796588897705	4.702446460723877	3.746143341064453
3	559	we	3.2581775188446045	3.299110174179077	3.2834815979003906	3.2058472633361816
3	560	will	3.560706853866577	3.492027521133423	3.102757692337036	3.017803192138672
3	561	not	3.5860226154327393	3.176037311553955	3.0335745811462402	2.8429465293884277
3	562	have	3.2373666763305664	3.6227328777313232	3.617431163787842	3.3280444145202637
3	563	you,	11.489485740661621	10.621691703796387	11.5216646194458	9.527946472167969
3	564	who	5.71350622177124	6.3427605628967285	5.7294511795043945	5.92866325378418
3	565	are	2.8070178031921387	1.8389359712600708	2.207035779953003	2.3568549156188965
3	566	simply	6.725437641143799	6.811914443969727	6.799162864685059	7.601475715637207
3	567	tricky	13.017395973205566	10.429984092712402	12.578720092773438	14.073431015014648
3	568	and	3.4397988319396973	2.7815277576446533	2.210714101791382	2.2843356132507324
3	569	cunning,	14.992287635803223	11.985233306884766	12.813752174377441	12.937496185302734
3	570	to	4.915882110595703	4.248438835144043	4.968626022338867	4.598724365234375
3	571	reign	12.036921501159668	9.25196647644043	8.29521369934082	10.274211883544922
3	572	over	5.655695915222168	3.7323150634765625	1.5209490060806274	1.4601259231567383
3	573	us.'	14.413578987121582	10.036004066467285	11.214780807495117	11.481637954711914
3	574	The	3.2319507598876953	3.345656156539917	2.9980599880218506	3.092193365097046
3	575	bird	9.424371719360352	9.244644165039062	8.933351516723633	9.02234935760498
3	576	without	8.002036094665527	8.735300064086914	8.758996963500977	8.749829292297363
3	577	a	1.693256139755249	1.4925549030303955	1.6956959962844849	1.817941665649414
3	578	name	7.193378448486328	6.200466156005859	5.618241786956787	3.4786245822906494
3	579	then	9.78392219543457	7.110867500305176	6.665893077850342	6.827523708343506
3	580	decided	7.043446063995361	6.96619987487793	7.820682525634766	8.828446388244629
3	581	to	0.10698029398918152	0.3830293118953705	0.49138957262039185	0.5754409432411194
3	582	clear	7.344961643218994	7.8704023361206055	7.897809028625488	7.793489456176758
3	583	the	2.648000717163086	1.2158626317977905	1.3889204263687134	1.3206467628479004
3	584	air	7.220020294189453	4.711429595947266	3.6403589248657227	3.6309266090393066
3	585	and	2.4732093811035156	2.243286371231079	2.9255664348602295	1.577866554260254
3	586	said,	7.297799587249756	6.971333980560303	6.488161087036133	8.20618724822998
3	587	'Then	10.206608772277832	8.835124969482422	8.862218856811523	8.833304405212402
3	588	let	4.372744083404541	3.6137197017669678	3.6536409854888916	3.552042007446289
3	589	everyone	6.343017101287842	5.717994689941406	6.143772602081299	6.32982063293457
3	590	start	10.50521469116211	7.863236427307129	6.695240497589111	6.539951801300049
3	591	with	2.5094847679138184	3.5223851203918457	3.4126930236816406	4.532997131347656
3	592	a	1.7183030843734741	1.9201685190200806	1.705003023147583	1.834748387336731
3	593	clean	8.40184211730957	6.995667457580566	5.100076675415039	3.87811541557312
3	594	slate	10.79562759399414	2.461890459060669	2.6569063663482666	1.1486388444900513
3	595	and	2.7852063179016113	2.3861424922943115	1.861744999885559	1.6159460544586182
3	596	perform	8.662102699279785	7.937784194946289	7.8557891845703125	9.04759407043457
3	597	a	1.0673203468322754	2.345198392868042	2.384495496749878	2.564203977584839
3	598	new	3.9195961952209473	5.686794281005859	5.783474922180176	5.847868919372559
3	599	challenging	12.881264686584473	11.076644897460938	10.905412673950195	11.077288627624512
3	600	task.	10.313676834106445	6.105704307556152	5.425870895385742	3.4950649738311768
3	601	Then	5.3378071784973145	6.4333600997924805	6.484225273132324	6.768504619598389
3	602	we	2.5292768478393555	2.9269442558288574	2.840095043182373	2.510838747024536
3	603	can	2.70499587059021	2.726652145385742	2.690542697906494	2.971252918243408
3	604	decide	6.305944442749023	6.629369735717773	5.2046918869018555	4.877989292144775
3	605	who	6.315035343170166	3.8935091495513916	3.6132609844207764	3.511281967163086
3	606	should	5.664512634277344	3.4652647972106934	3.271404266357422	3.104907274246216
3	607	be	0.5443338751792908	1.1563189029693604	1.1708208322525024	1.2024314403533936
3	608	the	4.06752872467041	3.992673873901367	3.314455509185791	2.733654260635376
3	609	real	7.034785747528076	6.092033386230469	6.576238632202148	5.9529924392700195
3	610	king.'	20.780895233154297	18.102489471435547	16.40894317626953	16.043800354003906
3	611	Then	4.3107733726501465	4.354363918304443	4.43699312210083	4.3249406814575195
3	612	the	2.6080398559570312	2.456434488296509	2.563687801361084	2.410478115081787
3	613	birds	10.476722717285156	8.448729515075684	8.316837310791016	8.55776596069336
3	614	gathered	9.631499290466309	7.563687324523926	6.400202751159668	5.197876453399658
3	615	together	5.302741050720215	3.6856141090393066	3.013134241104126	2.7852416038513184
3	616	again	7.876029014587402	6.372572898864746	6.635256767272949	6.125245094299316
3	617	and	2.18632173538208	2.045811653137207	1.761955976486206	1.5579798221588135
3	618	decided	8.50626277923584	6.382427215576172	6.483107089996338	4.068085670471191
3	619	the	5.486296653747559	4.4741106033325195	4.718329906463623	4.570353031158447
3	620	case	6.0167717933654785	5.67148494720459	5.943222999572754	6.010774612426758
3	621	would	6.059267520904541	5.416006565093994	2.6408519744873047	2.1068456172943115
3	622	be	1.0127809047698975	1.2184555530548096	1.036736011505127	0.7576879858970642
3	623	resolved	7.960444927215576	8.639555931091309	5.359005928039551	3.9404399394989014
3	624	by	2.1695961952209473	1.757226824760437	1.4882690906524658	1.4978642463684082
3	625	making	5.619431495666504	6.321658134460449	5.8654584884643555	5.748542785644531
3	626	a	1.774929165840149	2.2370307445526123	2.1022391319274902	2.19309401512146
3	627	new	3.9195961952209473	4.81882381439209	4.574086666107178	4.0674848556518555
3	628	condition,	10.641378402709961	10.292649269104004	11.57215690612793	10.527629852294922
3	629	which	3.6137757301330566	2.8399124145507812	3.0687427520751953	3.2516539096832275
3	630	was	2.636728048324585	3.2973086833953857	3.0544841289520264	3.34131121635437
3	631	that	5.272017478942871	6.405210494995117	5.689613342285156	5.0651021003723145
3	632	he	3.0981459617614746	2.800466537475586	2.99446439743042	2.1912176609039307
3	633	should	6.1741743087768555	4.606539249420166	5.377988815307617	4.675106525421143
3	634	be	0.5443338751792908	1.6054643392562866	1.5927784442901611	1.8019952774047852
3	635	king	12.573193550109863	10.940634727478027	9.246414184570312	8.320420265197754
3	636	who	5.65943717956543	6.033966064453125	5.854641914367676	5.658344268798828
3	637	could	4.29067325592041	4.76158332824707	3.8927927017211914	4.650357246398926
3	638	go	4.770816802978516	5.475471496582031	5.788315773010254	5.41446590423584
3	639	the	6.644965171813965	4.42440128326416	4.723163604736328	4.886452674865723
3	640	deepest	9.82342529296875	10.414219856262207	11.21055793762207	11.231921195983887
3	641	into	5.6530985832214355	6.574665546417236	2.4591073989868164	1.6391594409942627
3	642	the	0.7223832607269287	0.7965945601463318	0.7428891658782959	0.7234929800033569
3	643	earth.	10.57089614868164	8.825643539428711	7.179888725280762	5.90402889251709
3	644	So	4.881193161010742	4.529383659362793	4.574587821960449	4.720571994781494
3	645	the	4.302931785583496	2.8812992572784424	2.615849018096924	2.520615339279175
3	646	little	7.613574981689453	7.550276756286621	7.8129682540893555	7.740359306335449
3	647	bird	9.3390531539917	6.2839765548706055	5.737277030944824	4.8307905197143555
3	648	who	5.579953193664551	4.576201438903809	3.819758176803589	4.801544189453125
3	649	the	7.848516941070557	7.149878978729248	7.695355415344238	7.734715461730957
3	650	other	5.131262302398682	5.338849067687988	4.854184627532959	4.41192626953125
3	651	birds	9.093459129333496	9.652132987976074	8.916343688964844	3.2579152584075928
3	652	despised	17.011184692382812	13.279153823852539	12.533748626708984	11.208944320678711
3	653	was	9.539454460144043	8.27129077911377	7.317580223083496	8.436576843261719
3	654	now	5.972788333892822	5.980975151062012	6.181232452392578	6.531468391418457
3	655	back	5.767801284790039	5.679671287536621	6.786066055297852	6.779088973999023
3	656	to	0.6483286619186401	1.1087417602539062	1.5557234287261963	2.119969367980957
3	657	square	11.428556442260742	5.574049472808838	4.861325740814209	4.246706485748291
3	658	one.	8.7501220703125	5.9571452140808105	1.4386451244354248	1.4861844778060913
3	659	Confident,	15.591169357299805	15.70927906036377	14.944092750549316	15.01286506652832
3	660	he	5.205356597900391	4.06306266784668	2.808806896209717	2.895473003387451
3	661	remained,	12.082727432250977	11.651914596557617	10.555980682373047	11.150954246520996
3	662	however,	4.597112655639648	4.560392379760742	3.2223005294799805	4.516711235046387
3	663	that	2.9905638694763184	3.190410614013672	6.18773889541626	5.961061954498291
3	664	if	6.614524841308594	4.832801342010498	5.094844341278076	5.141524314880371
3	665	he	3.429701566696167	3.142141103744507	3.1998746395111084	2.697467565536499
3	666	played	5.501373767852783	6.660490989685059	6.312744140625	6.907392501831055
3	667	his	5.004322528839111	3.5012459754943848	3.760927200317383	3.8284597396850586
3	668	cards	10.176900863647461	5.087592124938965	4.457732200622559	0.89598548412323
3	669	right,	11.74210262298584	7.427556037902832	2.407275915145874	2.4047231674194336
3	670	he	4.535247802734375	5.105682849884033	2.8454887866973877	3.2121191024780273
3	671	could	4.373392105102539	3.9690582752227783	3.4067893028259277	3.0941529273986816
3	672	be	0.880750834941864	2.7877984046936035	2.354724645614624	2.6974122524261475
3	673	king.	13.902337074279785	11.825014114379883	9.685749053955078	9.253467559814453
3	674	How	6.163051605224609	5.787052631378174	5.700303077697754	5.991452217102051
3	675	the	4.87187385559082	4.452795505523682	4.5702033042907715	4.29587459564209
3	676	goose	12.550863265991211	10.612740516662598	9.436827659606934	9.002511024475098
3	677	wallowed	17.0661678314209	16.84066390991211	21.000810623168945	14.71624755859375
3	678	in	0.5024203062057495	0.37978366017341614	0.40721020102500916	1.0256540775299072
3	679	the	0.8811151385307312	2.1674699783325195	1.4063972234725952	1.6990300416946411
3	680	sand,	11.291755676269531	10.098658561706543	5.6185197830200195	5.093458652496338
3	681	and	2.1816859245300293	1.9867833852767944	2.04416823387146	2.6749320030212402
3	682	the	2.305114269256592	2.8381786346435547	2.2760093212127686	2.595937490463257
3	683	duck	11.867656707763672	11.466541290283203	10.203693389892578	9.897225379943848
3	684	strove	16.860618591308594	15.061931610107422	13.77176570892334	14.675689697265625
3	685	to	0.511350691318512	0.3260534405708313	0.3729564845561981	0.3702114224433899
3	686	dig	8.261734962463379	8.502562522888184	8.406146049499512	8.7578125
3	687	a	2.8202338218688965	2.6731693744659424	3.2592482566833496	2.6503543853759766
3	688	hole	8.22558879852295	1.4084404706954956	1.0649365186691284	1.7771387100219727
3	689	for	2.993506908416748	3.642076015472412	3.4789891242980957	2.863884449005127
3	690	the	1.2972720861434937	2.073021650314331	1.80985426902771	2.2314653396606445
3	691	new	5.18997049331665	5.378781318664551	5.2318572998046875	5.317326545715332
3	692	task!	13.86540699005127	15.509485244750977	14.737417221069336	14.327381134033203
3	693	All	5.4927520751953125	5.706891059875488	5.419803142547607	5.480193138122559
3	694	the	2.8855066299438477	2.375960111618042	2.50923752784729	2.2975404262542725
3	695	other	5.131262302398682	3.8456356525421143	4.274102687835693	4.583921909332275
3	696	birds	9.093459129333496	9.652132987976074	7.809635162353516	7.847115516662598
3	697	tried	10.854957580566406	9.53171157836914	8.039046287536621	7.30080509185791
3	698	to	0.028814809396862984	0.2611750364303589	0.16918471455574036	0.1337035596370697
3	699	hide	7.509002208709717	5.100359916687012	5.414903163909912	5.293489456176758
3	700	themselves	7.0866875648498535	5.674833297729492	6.955051422119141	3.794527053833008
3	701	in	2.0749948024749756	2.0487217903137207	1.9553773403167725	1.718612790107727
3	702	the	0.8811151385307312	1.5079560279846191	1.4814239740371704	1.4552831649780273
3	703	ground,	8.735393524169922	8.964237213134766	8.51663875579834	8.567649841308594
3	704	too,	7.920901298522949	8.12044906616211	8.299897193908691	8.5486421585083
3	705	until	6.714197158813477	6.216402053833008	5.814789772033691	5.851851463317871
3	706	they	3.5716049671173096	2.8078372478485107	2.7940776348114014	2.4462809562683105
3	707	were	2.3084557056427	2.8085615634918213	2.5728743076324463	2.245894193649292
3	708	practically	10.19314193725586	8.787324905395508	8.044893264770508	6.390181064605713
3	709	blue	10.115178108215332	8.977269172668457	9.068391799926758	8.013745307922363
3	710	in	5.465349197387695	2.9618821144104004	1.6938879489898682	1.503570556640625
3	711	the	0.8811151385307312	1.4135273694992065	0.9957724213600159	1.1942846775054932
3	712	face.	9.877042770385742	8.029346466064453	5.306769371032715	2.0841634273529053
3	713	The	2.6715357303619385	2.3850655555725098	2.524237632751465	2.774536609649658
3	714	nameless	12.135799407958984	10.280235290527344	10.579925537109375	10.534947395324707
3	715	little	6.622004508972168	7.176691055297852	6.640594482421875	6.842988967895508
3	716	bird	9.3390531539917	6.290040016174316	5.760628700256348	5.703092575073242
3	717	that	3.6548397541046143	3.23203706741333	2.38816237449646	2.8351829051971436
3	718	was	3.443213701248169	2.4228391647338867	2.798459053039551	3.0587198734283447
3	719	as	6.395469665527344	6.218377113342285	6.470328330993652	5.997485160827637
3	720	bold	11.894729614257812	7.520564556121826	7.169495582580566	6.0819525718688965
3	721	as	5.121039390563965	0.32011136412620544	0.2754398584365845	0.2792459726333618
3	722	brass	14.240411758422852	10.726787567138672	12.093801498413086	11.319805145263672
3	723	found	7.610103130340576	6.8233819007873535	7.192289352416992	7.258332252502441
3	724	a	2.5697154998779297	3.334573745727539	4.768442630767822	4.69253396987915
3	725	pitch	9.844959259033203	10.213541984558105	11.324407577514648	10.4903564453125
3	726	dark	11.640290260314941	7.741711139678955	8.691855430603027	7.63886833190918
3	727	mouse's	13.162678718566895	17.42657470703125	17.579517364501953	17.062408447265625
3	728	hole,	11.403621673583984	10.394857406616211	10.726065635681152	8.933683395385742
3	729	and	2.3158276081085205	2.0899646282196045	2.21256685256958	2.2858757972717285
3	730	creeping	13.512897491455078	11.425895690917969	11.75517749786377	10.516250610351562
3	731	in	3.884960889816284	4.06403923034668	3.83382248878479	3.57857084274292
3	732	cried,	22.047927856445312	19.20041275024414	17.464391708374023	15.59008502960205
3	733	'I	5.376216888427734	8.078290939331055	7.009695053100586	6.123912334442139
3	734	am	2.7498838901519775	2.401740789413452	2.5211167335510254	2.032116174697876
3	735	king,	14.782000541687012	10.55718994140625	9.377429008483887	9.39005184173584
3	736	I	5.28745174407959	2.764569044113159	1.4251868724822998	1.442113995552063
3	737	am	3.0884759426116943	2.5907602310180664	1.6113362312316895	0.8151425719261169
3	738	king!'	22.37656593322754	19.13751983642578	12.608973503112793	6.891117572784424
3	739	but	4.898577690124512	4.583409309387207	4.660057067871094	4.776165962219238
3	740	it	2.505795478820801	3.1314547061920166	3.200852870941162	3.230527877807617
3	741	was	1.676328420639038	2.136904716491699	1.0892629623413086	1.0653190612792969
3	742	of	7.867171764373779	6.513744354248047	6.609226703643799	5.617374897003174
3	743	no	7.971042156219482	2.6797292232513428	2.5500359535217285	1.7260386943817139
3	744	avail.	12.936057090759277	5.33426570892334	4.599246978759766	4.932164192199707
3	745	'You,	17.33809471130371	16.124874114990234	16.250858306884766	15.205422401428223
3	746	our	7.272737503051758	6.628798007965088	6.95532751083374	6.846584320068359
3	747	king?'	19.33498764038086	10.030418395996094	9.029086112976074	8.451447486877441
3	748	all	8.750656127929688	8.264690399169922	8.246244430541992	9.291050910949707
3	749	the	1.5743985176086426	2.035181760787964	2.113987445831299	2.2185912132263184
3	750	remaining	8.006306648254395	7.319513320922852	8.552705764770508	8.309775352478027
3	751	birds	10.150774002075195	9.370824813842773	8.420330047607422	6.8872480392456055
3	752	who	4.7723541259765625	5.4795708656311035	5.304506301879883	4.828460693359375
3	753	the	7.848516941070557	7.365185737609863	7.898228168487549	8.074079513549805
3	754	littlest	12.487841606140137	12.726151466369629	10.177406311035156	11.210128784179688
3	755	bird	7.639904499053955	7.142251491546631	7.235166549682617	4.244248390197754
3	756	had	5.767159461975098	5.443631172180176	4.781755447387695	3.7958199977874756
3	757	outwitted	13.38979434967041	10.971055030822754	11.413875579833984	11.569131851196289
3	758	cried	15.054101943969727	16.33209800720215	16.90920066833496	15.207789421081543
3	759	again,	6.916669845581055	7.428293228149414	7.335307598114014	8.357552528381348
3	760	even	5.174411773681641	6.065391540527344	6.424284934997559	6.0777997970581055
3	761	more	1.8977060317993164	4.474228858947754	3.5092310905456543	2.7355005741119385
3	762	angrily	15.568406105041504	11.099124908447266	10.214632034301758	5.386380195617676
3	763	than	8.183547019958496	1.0002760887145996	1.853875756263733	0.6429216265678406
3	764	before.	8.820281982421875	5.2264885902404785	4.289506435394287	3.028872013092041
3	765	'Do	12.00888442993164	13.040910720825195	10.849287033081055	10.208170890808105
3	766	you	0.7953897714614868	0.4239021837711334	0.5904567837715149	0.3258906900882721
3	767	think	4.160637378692627	2.082624912261963	2.0052058696746826	1.7917119264602661
3	768	we	3.2407450675964355	3.818955421447754	2.859382390975952	2.9176530838012695
3	769	would	4.236309051513672	3.9702601432800293	3.94872784614563	4.301688194274902
3	770	reward	10.457294464111328	8.879449844360352	9.026269912719727	8.310234069824219
3	771	your	6.641937732696533	4.644191741943359	4.6931304931640625	4.842525005340576
3	772	cunning	13.575815200805664	10.614925384521484	9.075362205505371	9.437261581420898
3	773	in	4.3724260330200195	3.7358803749084473	3.8052659034729004	3.069977283477783
3	774	this	3.924107313156128	4.199532508850098	3.344477653503418	2.956749439239502
3	775	way?	8.724297523498535	8.624053955078125	7.793473243713379	8.108294486999512
3	776	No,	5.7877984046936035	5.644807815551758	5.809752464294434	5.275579452514648
3	777	no!	5.764305114746094	6.441597938537598	6.459402084350586	6.690433502197266
3	778	You	3.516319751739502	3.2445316314697266	3.3072755336761475	3.163733959197998
3	779	shall	7.989442825317383	5.84593391418457	6.646036624908447	7.088866233825684
3	780	stay	7.440096855163574	6.820106029510498	5.872686386108398	4.77274227142334
3	781	in	1.3284324407577515	1.6366499662399292	2.012249708175659	2.4083895683288574
3	782	the	0.8811151385307312	1.3708977699279785	1.2963119745254517	1.3612602949142456
3	783	earth	9.085317611694336	9.679230690002441	9.611112594604492	9.947545051574707
3	784	till	10.375515937805176	7.527167320251465	6.596687316894531	4.273932456970215
3	785	you	2.2638354301452637	3.103530168533325	3.247547149658203	3.63274884223938
3	786	die	9.053583145141602	5.5921549797058105	4.985025405883789	4.956110000610352
3	787	of	2.0794191360473633	3.843201160430908	3.065267562866211	2.8891453742980957
3	788	hunger!'	22.869958877563477	16.115928649902344	14.524160385131836	11.895366668701172
3	789	So	5.029369354248047	4.634558200836182	4.591344833374023	4.510195732116699
3	790	they	3.0977230072021484	2.643983840942383	2.476905584335327	2.2954957485198975
3	791	shut	9.112298965454102	7.848353385925293	6.881795883178711	6.883249282836914
3	792	up	2.2717976570129395	4.1404829025268555	3.762087345123291	1.830591082572937
3	793	the	2.7810134887695312	4.751402378082275	4.904556751251221	4.041376113891602
3	794	little	7.613574981689453	7.803689002990723	6.305091857910156	6.156956672668457
3	795	bird	9.3390531539917	6.2839765548706055	6.621101379394531	6.5867838859558105
3	796	in	2.103825092315674	2.9328622817993164	3.449399709701538	2.876002788543701
3	797	the	0.8811151385307312	0.9785399436950684	0.749924898147583	0.6816146969795227
3	798	mouse's	12.411584854125977	12.858955383300781	11.646434783935547	12.45079517364502
3	799	hole	10.084200859069824	10.397242546081543	10.968550682067871	7.224339485168457
3	800	that	3.7148869037628174	4.576420783996582	5.082945823669434	4.70644474029541
3	801	the	2.4105913639068604	3.3517115116119385	3.177354574203491	2.908457040786743
3	802	mouse	8.779884338378906	9.738807678222656	8.363468170166016	3.371021270751953
3	803	gave	9.827414512634277	9.385092735290527	7.6772918701171875	7.633316993713379
3	804	up	3.139723539352417	3.095613479614258	3.4284896850585938	2.8972082138061523
3	805	most	10.048078536987305	6.763749599456787	7.552839756011963	7.18131685256958
3	806	unwillingly,	17.90921401977539	17.232288360595703	18.428043365478516	18.153732299804688
3	807	and	2.520658254623413	3.2635838985443115	2.1311686038970947	1.7296350002288818
3	808	bade	15.681519508361816	11.961688995361328	13.496386528015137	12.287588119506836
3	809	the	3.19311785697937	2.9560914039611816	2.6203324794769287	2.7097434997558594
3	810	owl	12.4071683883667	9.97227954864502	9.481932640075684	9.365018844604492
3	811	watch	11.24149227142334	9.196664810180664	5.820115566253662	5.796631336212158
3	812	him	4.396245956420898	8.151473999023438	7.906313896179199	2.2298974990844727
3	813	carefully	11.5783052444458	8.044137954711914	6.48262357711792	6.689329147338867
3	814	night	12.48048210144043	10.635810852050781	9.87186336517334	9.772440910339355
3	815	and	2.6011998653411865	2.559565782546997	1.294904112815857	0.560829758644104
3	816	day.	11.370505332946777	7.506207466125488	2.712028741836548	1.3013015985488892
3	817	Then	5.316767692565918	5.727304458618164	5.390363693237305	5.5590386390686035
3	818	all	5.8207316398620605	5.164792060852051	4.994028091430664	5.014739990234375
3	819	the	1.5743985176086426	1.913973093032837	1.7766550779342651	1.575242042541504
3	820	birds	10.476722717285156	8.405705451965332	6.642760276794434	6.317038536071777
3	821	went	7.8427886962890625	6.458722114562988	6.604833126068115	4.440525054931641
3	822	home	5.999561309814453	5.587229251861572	5.245209217071533	4.381426811218262
3	823	to	2.0268049240112305	1.4376896619796753	1.5105971097946167	1.5413686037063599
3	824	bed,	11.732040405273438	12.047277450561523	7.321797847747803	6.238135814666748
3	825	for	5.524421691894531	5.604395866394043	5.3458709716796875	5.824890613555908
3	826	they	9.362554550170898	4.055394172668457	3.541107177734375	3.3877837657928467
3	827	were	2.3084557056427	2.2001240253448486	1.6469298601150513	1.656738519668579
3	828	very	4.95263671875	5.528867721557617	5.127468585968018	4.608515739440918
3	829	tired,	10.033327102661133	7.890200614929199	7.700259208679199	7.5562591552734375
3	830	but	2.6577541828155518	2.0977745056152344	1.87599515914917	1.9632468223571777
3	831	the	2.6426098346710205	3.165160655975342	3.4229578971862793	3.1792378425598145
3	832	owl	12.4071683883667	11.518712043762207	10.695266723632812	10.344419479370117
3	833	assigned	11.475940704345703	10.982165336608887	11.218724250793457	11.017851829528809
3	834	by	3.610233783721924	4.133179664611816	3.417503833770752	3.7897348403930664
3	835	the	1.1369578838348389	1.0073473453521729	1.1912686824798584	1.074469804763794
3	836	birds	10.476722717285156	10.665276527404785	11.783108711242676	7.3003644943237305
3	837	to	2.9858317375183105	3.8300957679748535	3.369676113128662	1.5740526914596558
3	838	stand	6.8374457359313965	7.154775619506836	6.205606460571289	7.469723224639893
3	839	guard	9.557150840759277	6.35856294631958	4.298691272735596	4.136508941650391
3	840	found	8.593303680419922	11.625036239624023	13.916021347045898	12.689529418945312
3	841	his	5.300156593322754	3.3899455070495605	3.234494209289551	4.006237030029297
3	842	job	5.321777820587158	6.030485153198242	6.806306838989258	5.732107639312744
3	843	was	3.8614020347595215	3.4424524307250977	2.963073492050171	4.231646537780762
3	844	lonely	11.335816383361816	11.008183479309082	11.479286193847656	9.532951354980469
3	845	and	2.3583054542541504	0.7893677949905396	0.6315338611602783	0.5341926217079163
3	846	wearisome	15.25637149810791	12.864587783813477	13.2366304397583	11.460755348205566
3	847	because	6.444347381591797	5.996242523193359	4.867265701293945	3.564826488494873
3	848	he	2.4929628372192383	2.6613457202911377	3.211479902267456	2.763537645339966
3	849	was	1.9666982889175415	1.8414418697357178	2.130248546600342	2.2494897842407227
3	850	just	4.94588565826416	4.859419822692871	4.5289082527160645	5.314713954925537
3	851	sitting	7.650771141052246	5.176498889923096	5.018880844116211	5.296988487243652
3	852	alone	9.499341011047363	7.017993450164795	6.432831287384033	6.057149887084961
3	853	staring	12.25182819366455	7.4421563148498535	6.034793376922607	5.868527412414551
3	854	at	0.22882574796676636	0.5907050967216492	0.5036050081253052	0.436379998922348
3	855	the	0.8910643458366394	1.431369662284851	1.6188023090362549	0.830878496170044
3	856	mouse's	12.411584854125977	13.596120834350586	11.831794738769531	12.160902976989746
3	857	hole.	11.359241485595703	11.620071411132812	12.159538269042969	10.160243034362793
3	858	'I	9.400920867919922	9.979244232177734	10.46103572845459	10.481267929077148
3	859	can	4.279356479644775	3.9267265796661377	3.593334197998047	3.75114107131958
3	860	close	9.494505882263184	7.903320789337158	7.195059776306152	6.573311805725098
3	861	one	7.598370552062988	5.324782371520996	5.8015923500061035	5.129641056060791
3	862	eye	9.092761993408203	4.232213973999023	2.7418875694274902	2.5238118171691895
3	863	and	2.179656505584717	2.380242109298706	1.819109320640564	1.3728418350219727
3	864	watch	7.468415260314941	6.321855545043945	6.610572814941406	5.238715648651123
3	865	with	4.0099077224731445	5.429496765136719	5.00920295715332	4.595313549041748
3	866	the	1.2512949705123901	2.3291056156158447	2.9649152755737305	3.2237064838409424
3	867	other,'	14.63968276977539	15.48834228515625	16.045515060424805	14.72278881072998
3	868	he	1.7983767986297607	1.7612556219100952	1.7019503116607666	1.7254478931427002
3	869	thought.	8.970697402954102	7.920539379119873	7.490943431854248	7.8185296058654785
3	870	So	4.605328559875488	5.448444843292236	5.620246887207031	5.407726287841797
3	871	he	3.867854356765747	3.274860382080078	1.412527322769165	0.981232762336731
3	872	closed	9.963571548461914	7.739658355712891	7.084129333496094	6.345370769500732
3	873	one	6.475113391876221	5.470200538635254	5.319436073303223	5.1209306716918945
3	874	eye	9.092761993408203	4.962799072265625	1.47266685962677	1.2738025188446045
3	875	and	2.179656505584717	2.380242109298706	1.6870639324188232	0.9706085920333862
3	876	stared	11.890389442443848	7.236974716186523	7.972436904907227	5.084863662719727
3	877	steadfastly	18.30535125732422	9.95618724822998	9.875166893005371	9.716794967651367
3	878	with	5.105147361755371	3.840275287628174	5.546408176422119	5.818978309631348
3	879	the	1.2512949705123901	1.348209261894226	2.73883318901062	3.291987419128418
3	880	other,	8.189033508300781	8.911914825439453	9.961554527282715	8.451767921447754
3	881	but	3.143789529800415	2.9038150310516357	2.844787359237671	2.935948371887207
3	882	before	7.210426330566406	6.820432662963867	6.509096145629883	6.326611518859863
3	883	he	2.9565324783325195	2.8395700454711914	3.014092445373535	2.572401523590088
3	884	knew	5.224726676940918	5.267426490783691	3.7964365482330322	3.6161746978759766
3	885	it	2.627774715423584	3.121861696243286	3.1846566200256348	0.9256964325904846
3	886	he	8.562118530273438	7.006312847137451	7.514989852905273	1.792343258857727
3	887	forgot	8.95136547088623	8.01518726348877	8.745901107788086	7.494091987609863
3	888	to	0.766311764717102	1.0673456192016602	1.034134030342102	1.172109603881836
3	889	keep	4.883142471313477	5.580610275268555	5.348480224609375	5.061676025390625
3	890	that	5.006924629211426	4.738901615142822	3.8595948219299316	4.327516555786133
3	891	one	5.694032192230225	5.503778457641602	5.7249836921691895	4.27688455581665
3	892	open,	14.946136474609375	13.742712020874023	8.323774337768555	8.185518264770508
3	893	and	2.269005298614502	2.9975430965423584	3.115237236022949	2.3048577308654785
3	894	both	6.931400299072266	6.709962368011475	6.375229358673096	6.242170333862305
3	895	eyes	7.572120189666748	8.25501537322998	7.0630340576171875	5.792173385620117
3	896	were	3.854201555252075	2.98368239402771	1.9186259508132935	1.5858218669891357
3	897	fast	8.92844009399414	9.696425437927246	8.702203750610352	9.495550155639648
3	898	asleep.	12.159994125366211	4.3749494552612305	2.4880776405334473	1.9973890781402588
3	899	Then	4.789124011993408	4.752334117889404	4.622824668884277	4.969746112823486
3	900	the	2.6080398559570312	2.8793704509735107	2.8200387954711914	2.582965850830078
3	901	little	7.613574981689453	7.348300933837891	6.100282192230225	6.359277725219727
3	902	bird	9.3390531539917	6.2839765548706055	5.4433488845825195	5.35880184173584
3	903	guarded	14.550905227661133	12.47201156616211	11.545650482177734	11.605673789978027
3	904	by	0.47472652792930603	1.7733495235443115	2.494785785675049	2.184439182281494
3	905	the	1.1369578838348389	2.186631441116333	2.9559037685394287	2.9797816276550293
3	906	owl	12.4071683883667	12.151216506958008	11.635889053344727	8.859521865844727
3	907	peeped	11.909688949584961	9.85715103149414	11.566484451293945	12.460931777954102
3	908	out,	4.186976909637451	4.050911903381348	3.8900909423828125	4.256622791290283
3	909	and	2.3333189487457275	2.105731964111328	2.1893746852874756	2.084272861480713
3	910	when	7.169862747192383	4.586636543273926	4.414851188659668	5.080284595489502
3	911	he	2.1486077308654785	2.5193915367126465	2.1893603801727295	1.6739178895950317
3	912	saw	5.1291046142578125	4.390928268432617	3.967991352081299	3.229358673095703
3	913	the	1.3758612871170044	2.041841983795166	1.5762126445770264	1.6757973432540894
3	914	owl's	14.412080764770508	12.75334358215332	12.40774917602539	12.21342945098877
3	915	two	8.598085403442383	8.102503776550293	7.54332160949707	7.386751651763916
3	916	eyes	7.528572082519531	2.77154278755188	2.4859976768493652	2.652008056640625
3	917	tight	11.795085906982422	10.329129219055176	10.700895309448242	10.740015983581543
3	918	shut,	11.602396011352539	6.700123310089111	4.611860275268555	2.6097233295440674
3	919	he	4.31350040435791	4.13737154006958	3.7198333740234375	4.179116249084473
3	920	slipped	9.650959968566895	7.486459732055664	7.66054105758667	6.442098617553711
3	921	from	4.136216163635254	4.221419334411621	4.123363494873047	4.166499137878418
3	922	the	0.7917162775993347	1.473576307296753	1.4353981018066406	1.3126863241195679
3	923	hole	9.142730712890625	9.304121017456055	8.162687301635742	7.107522010803223
3	924	and	3.16668701171875	2.575432538986206	2.4914419651031494	1.7619582414627075
3	925	flew	11.520272254943848	8.723472595214844	8.680550575256348	7.069047927856445
3	926	away.	4.731908798217773	4.25698184967041	3.4493303298950195	3.5680980682373047
3	927	He	3.3857595920562744	2.9090158939361572	2.7718331813812256	2.7830445766448975
3	928	wanted	5.462546348571777	5.128847122192383	5.313048839569092	5.577188014984131
3	929	to	0.07710853219032288	0.5071167945861816	0.4565894901752472	0.3301781713962555
3	930	shout,	13.54773998260498	10.965402603149414	10.099502563476562	8.571004867553711
3	931	'I	6.677203178405762	5.936336517333984	6.13740348815918	6.44105339050293
3	932	am	2.7498838901519775	2.583743095397949	2.6005280017852783	2.6764614582061768
3	933	king'	21.02167510986328	11.199440002441406	11.290668487548828	10.87636661529541
3	934	so	6.341350078582764	5.278825283050537	5.671677589416504	5.157003879547119
3	935	that	2.5957741737365723	2.0171780586242676	2.375527858734131	2.2194037437438965
3	936	the	2.4105913639068604	1.981296181678772	2.2037789821624756	2.5678763389587402
3	937	owl	12.4071683883667	11.471800804138184	10.481101989746094	10.554266929626465
3	938	could	5.449987411499023	5.311030387878418	4.124757766723633	2.2910733222961426
3	939	hear	6.6559882164001465	5.933725833892822	3.4936330318450928	4.1197123527526855
3	940	him	4.409698009490967	2.904101610183716	3.309415817260742	2.591622829437256
3	941	as	3.4347352981567383	5.028822898864746	5.260976791381836	4.064348220825195
3	942	he	3.7666685581207275	3.2764956951141357	2.0650455951690674	0.5779774785041809
3	943	flew,	12.929794311523438	11.308056831359863	10.628308296203613	10.579023361206055
3	944	but	2.8318686485290527	2.7878427505493164	2.9112167358398438	2.4645438194274902
3	945	thought	8.994943618774414	8.224523544311523	7.740231513977051	8.048044204711914
3	946	better	10.051377296447754	4.98416805267334	4.033885955810547	3.3738338947296143
3	947	of	4.72053861618042	0.41175538301467896	0.1403832733631134	0.042142920196056366
3	948	it.	7.436517238616943	5.236458778381348	2.374854564666748	1.5930426120758057
3	949	From	6.382820129394531	6.3042755126953125	6.474235534667969	6.657360076904297
3	950	this	3.927635431289673	3.3931121826171875	3.4831161499023438	3.8337302207946777
3	951	time	4.023959159851074	4.841453552246094	4.966301441192627	5.258174419403076
3	952	on,	10.011857986450195	10.970752716064453	1.3465769290924072	1.3994477987289429
3	953	the	3.334646701812744	3.449525833129883	3.612581729888916	1.6416552066802979
3	954	owl	12.4071683883667	11.404239654541016	11.325233459472656	11.50340747833252
3	955	fooled	16.587238311767578	12.651704788208008	12.218889236450195	12.034399032592773
3	956	by	1.7373976707458496	3.905219554901123	4.292669773101807	5.764289855957031
3	957	the	1.1369578838348389	1.341578722000122	1.6643738746643066	1.7425057888031006
3	958	little	7.613574981689453	8.357142448425293	7.277679920196533	5.7470502853393555
3	959	bird	9.3390531539917	6.2839765548706055	5.957941055297852	6.367769241333008
3	960	has	4.069341659545898	4.44832706451416	4.1109724044799805	5.3864617347717285
3	961	not	4.70174503326416	3.982520580291748	5.364686012268066	4.744856834411621
3	962	dared	13.12780475616455	9.632051467895508	9.477741241455078	6.8446044921875
3	963	to	0.13632330298423767	0.6313122510910034	0.6277165412902832	0.5065368413925171
3	964	show	5.63924503326416	5.060671329498291	4.984829902648926	5.430971145629883
3	965	himself	7.851171970367432	7.836254596710205	5.328736782073975	5.212494850158691
3	966	by	4.7515459060668945	4.850808620452881	5.076092720031738	4.5430402755737305
3	967	day	9.318107604980469	8.439260482788086	9.249454498291016	8.042274475097656
3	968	for	3.2705321311950684	4.195655822753906	4.939220428466797	5.01563024520874
3	969	fear	8.022334098815918	6.959290027618408	6.088339328765869	6.4951066970825195
3	970	the	4.850979804992676	3.9440832138061523	3.4253106117248535	3.9625437259674072
3	971	birds	10.47672176361084	8.411803245544434	7.834733486175537	7.3714494705200195
3	972	should	6.678709030151367	6.422298908233643	6.588766098022461	6.423247337341309
3	973	beat	9.726926803588867	9.352073669433594	9.196307182312012	7.732942581176758
3	974	the	1.3733352422714233	1.5846822261810303	1.9480397701263428	1.6306639909744263
3	975	living	9.419861793518066	5.318011283874512	6.0439958572387695	4.413626194000244
3	976	daylights	11.862247467041016	5.971388816833496	1.3770530223846436	1.6802231073379517
3	977	out	1.0871535539627075	3.1296772956848145	0.21514546871185303	0.07732060551643372
3	978	of	0.4698842167854309	1.1591942310333252	1.2089251279830933	0.040374755859375
3	979	him.	8.42800235748291	7.815195083618164	5.883111476898193	4.315578460693359
3	980	He	2.3988959789276123	2.3107833862304688	2.170687675476074	1.9642378091812134
3	981	flies	10.38323974609375	9.232022285461426	9.061668395996094	8.746405601501465
3	982	about	6.092121124267578	5.548044204711914	5.670346260070801	5.185543060302734
3	983	only	8.334909439086914	6.832457542419434	7.7694807052612305	7.80845832824707
3	984	at	5.590371131896973	7.14430046081543	4.142270565032959	4.105373382568359
3	985	nighttime,	13.817270278930664	9.87972640991211	9.978219985961914	7.26156759262085
3	986	hating	13.240824699401855	13.545498847961426	14.640702247619629	13.616448402404785
3	987	and	4.570190906524658	4.561180591583252	4.746147155761719	5.144742965698242
3	988	pursuing	10.977849006652832	8.719362258911133	9.040373802185059	9.185559272766113
3	989	not	9.517951965332031	7.824789524078369	7.643823623657227	7.215735912322998
3	990	the	4.296904563903809	5.580307960510254	3.5977914333343506	3.3297829627990723
3	991	bird,	12.104015350341797	12.637035369873047	12.481498718261719	11.595663070678711
3	992	but	3.2239272594451904	2.8869192600250244	0.9792422652244568	0.2761170268058777
3	993	the	2.6426098346710205	2.777160167694092	2.5749895572662354	0.7846072316169739
3	994	mouse	8.779884338378906	9.669536590576172	7.5331010818481445	7.624350547790527
3	995	for	4.718183517456055	5.157608509063721	6.502505302429199	6.746683120727539
3	996	having	7.804769039154053	7.27803373336792	7.774291038513184	7.59887170791626
3	997	made	5.049859523773193	4.474183082580566	5.082913398742676	4.9222331047058105
3	998	the	2.304548740386963	2.173391342163086	1.9287861585617065	2.059251308441162
3	999	hole	9.142730712890625	9.287363052368164	10.181193351745605	10.16010570526123
3	1000	into	3.824500322341919	4.866093635559082	4.0700178146362305	3.968790292739868
3	1001	which	7.505258560180664	4.499774932861328	1.4902619123458862	4.0087690353393555
3	1002	the	4.184360027313232	1.7750099897384644	1.6083877086639404	1.3710825443267822
3	1003	little	7.613574981689453	8.197810173034668	8.116668701171875	7.463771820068359
3	1004	bird	9.3390531539917	6.2839765548706055	5.434116840362549	5.447093963623047
3	1005	crept.	19.730995178222656	17.502233505249023	16.654062271118164	12.587141990661621
3	1006	And	4.069965362548828	4.129301071166992	3.999720573425293	4.071029186248779
3	1007	the	2.6166906356811523	2.8845081329345703	2.5728402137756348	2.491529941558838
3	1008	little	7.613574981689453	7.2716779708862305	5.825870990753174	5.053050994873047
3	1009	bird	9.3390531539917	6.2839765548706055	5.964183807373047	4.924341201782227
3	1010	also	7.993020057678223	6.7420454025268555	6.151906967163086	5.171109676361084
3	1011	keeps	8.257386207580566	6.249334335327148	6.331521034240723	5.914413928985596
3	1012	out	3.82916259765625	5.445340156555176	5.260293960571289	5.713910102844238
3	1013	of	0.4698842167854309	2.091383218765259	2.4460127353668213	2.2106399536132812
3	1014	sight,	12.013879776000977	6.012144088745117	3.969984769821167	4.185140609741211
3	1015	for	5.286301612854004	5.18593692779541	5.230103969573975	5.447625160217285
3	1016	he	8.845423698425293	3.0954034328460693	3.135356903076172	3.1632986068725586
3	1017	fears	10.83993148803711	8.934638977050781	8.464694023132324	7.710603713989258
3	1018	that	1.2624790668487549	1.9238017797470093	1.675113320350647	1.2998359203338623
3	1019	the	2.4105913639068604	1.8725725412368774	1.8889644145965576	1.9021337032318115
3	1020	other	5.131262302398682	6.033682823181152	6.79325532913208	6.972516059875488
3	1021	birds	9.093459129333496	9.652132987976074	8.750982284545898	8.867259979248047
3	1022	should	6.678709030151367	6.416376113891602	6.392495155334473	5.497037887573242
3	1023	punish	10.424846649169922	11.501614570617676	11.905302047729492	10.89848518371582
3	1024	him	2.5918610095977783	3.551542282104492	3.7372841835021973	3.9378557205200195
3	1025	for	3.5632200241088867	1.3219488859176636	1.0002830028533936	1.3951319456100464
3	1026	his	4.407854080200195	2.6128432750701904	1.8265973329544067	1.826202630996704
3	1027	cunning.	15.673501014709473	12.84243392944336	10.502450942993164	12.230491638183594
3	1028	The	2.6887402534484863	2.816826343536377	2.839653491973877	2.9139914512634277
3	1029	rejection	10.853796005249023	10.767038345336914	11.286728858947754	11.335480690002441
3	1030	by	5.668583869934082	3.7493600845336914	3.522514820098877	3.2990057468414307
3	1031	the	1.1369578838348389	1.283896565437317	1.1004999876022339	1.1870307922363281
3	1032	other	5.131262302398682	6.350961685180664	5.37820291519165	5.527132511138916
3	1033	birds	9.093459129333496	9.652132987976074	9.465280532836914	9.236328125
3	1034	was	5.8514862060546875	5.932342529296875	5.401360511779785	4.675754547119141
3	1035	a	2.4355335235595703	3.398972749710083	2.9480807781219482	2.792912483215332
3	1036	bitter	9.16362476348877	8.138120651245117	9.24902057647705	8.729975700378418
3	1037	pill	7.303244590759277	3.234109401702881	1.9662010669708252	2.047417640686035
3	1038	to	4.234831809997559	0.8781739473342896	0.3496442437171936	0.2936761975288391
3	1039	swallow	9.91714096069336	6.177757263183594	1.0768741369247437	1.087074875831604
3	1040	for	6.503960609436035	5.317296028137207	3.401327610015869	1.7014175653457642
3	1041	the	1.2972720861434937	2.215054988861084	2.1420891284942627	1.9427241086959839
3	1042	nameless	12.038396835327148	12.487794876098633	12.082783699035645	12.611862182617188
3	1043	bird	8.272181510925293	8.100027084350586	8.136944770812988	7.363580703735352
3	1044	the	7.44522762298584	6.21950626373291	5.882794380187988	5.700758934020996
3	1045	owl	12.4071683883667	6.64023494720459	6.850772857666016	7.153932571411133
3	1046	had	4.870203971862793	4.623711585998535	4.969447135925293	3.915604829788208
3	1047	let	8.925854682922363	7.078925609588623	7.240029335021973	7.228996276855469
3	1048	slip	9.147546768188477	4.988026142120361	4.134818077087402	4.475358963012695
3	1049	away.	6.304744720458984	9.295053482055664	9.680118560791016	5.520028114318848
3	1050	He	3.3857595920562744	3.533289909362793	3.4904043674468994	2.893383264541626
3	1051	hides	11.198166847229004	9.457942008972168	8.821577072143555	8.772697448730469
3	1052	in	3.5744729042053223	2.511139392852783	2.064897060394287	2.4073166847229004
3	1053	the	0.8811151385307312	1.1753311157226562	1.0225486755371094	0.8586128950119019
3	1054	hedges,	15.616055488586426	15.045421600341797	12.575828552246094	11.06103801727295
3	1055	and	2.163145065307617	2.008199691772461	1.9012296199798584	2.055208206176758
3	1056	when	7.169862747192383	5.86551570892334	4.810555458068848	4.522316932678223
3	1057	he	2.1486077308654785	2.5193917751312256	2.751913070678711	2.1476712226867676
3	1058	thinks	5.453149795532227	6.132008075714111	5.8959150314331055	5.699681282043457
3	1059	himself	9.456324577331543	7.758406639099121	6.565013885498047	6.434810161590576
3	1060	quite	9.00513744354248	6.257855415344238	5.695882797241211	5.8978166580200195
3	1061	safe,	9.395967483520508	9.934221267700195	8.117018699645996	6.594641208648682
3	1062	he	5.616888523101807	4.614498138427734	3.4158029556274414	3.513749837875366
3	1063	sings	9.664132118225098	9.986054420471191	10.763198852539062	11.192098617553711
3	1064	out,	6.255778789520264	7.380928039550781	6.917905807495117	6.517447471618652
3	1065	'I	8.492340087890625	5.713596343994141	5.934401512145996	5.962625980377197
3	1066	am	2.7498838901519775	3.462428092956543	2.2215607166290283	2.273951768875122
3	1067	king,	14.782000541687012	10.55718994140625	10.606956481933594	8.631634712219238
3	1068	I	5.28745174407959	2.764569044113159	1.4251867532730103	1.1522091627120972
3	1069	am	3.0884759426116943	2.5907602310180664	1.6113364696502686	0.8151425719261169
3	1070	king!'	22.37656593322754	19.13751983642578	12.60897445678711	6.891117572784424
3	1071	And	3.488635301589966	3.1786282062530518	3.213066816329956	2.6130499839782715
3	1072	the	2.6166906356811523	2.934112787246704	2.7637505531311035	2.8362183570861816
3	1073	other	5.131262302398682	4.888377666473389	3.939007520675659	4.22975492477417
3	1074	birds	9.093459129333496	9.652132987976074	10.044327735900879	9.589638710021973
3	1075	in	2.4107959270477295	2.7359633445739746	2.603884220123291	3.61511492729187
3	1076	mockery	14.876520156860352	13.387693405151367	14.811822891235352	14.916532516479492
3	1077	call	12.237942695617676	11.463944435119629	9.946866035461426	10.62887954711914
3	1078	out,	6.333597183227539	8.993363380432129	7.546073913574219	4.712538242340088
3	1079	'Yes,	11.530523300170898	9.058206558227539	11.883499145507812	9.14365291595459
3	1080	yes,	4.642202377319336	4.123457431793213	3.9781222343444824	4.301877975463867
3	1081	the	3.4406702518463135	4.87947416305542	4.6393046379089355	4.543929576873779
3	1082	hedge-king,	31.67011070251465	31.261016845703125	33.55061340332031	33.53440856933594
3	1083	the	3.208824396133423	2.8249707221984863	1.6419901847839355	1.6681444644927979
3	1084	hedge-king!'	41.368736267089844	22.114404678344727	19.134239196777344	16.676246643066406
4	0	At	5.048815727233887	5.048815727233887	5.048815727233887	5.048815727233887
4	1	ten	9.885477066040039	9.885477066040039	9.885477066040039	9.885477066040039
4	2	years	1.0187551975250244	2.8296196460723877	2.829619884490967	2.8296196460723877
4	3	old,	7.8971638679504395	5.390942573547363	0.648987889289856	0.6489875316619873
4	4	I	3.8660783767700195	3.8701071739196777	3.2155916690826416	2.076004981994629
4	5	could	4.686297416687012	4.161865234375	4.56516170501709	4.293074607849121
4	6	not	3.5284476280212402	2.921067237854004	2.524524450302124	1.846382737159729
4	7	figure	9.4805908203125	6.361232757568359	5.371720790863037	6.2722578048706055
4	8	out	1.194082498550415	2.268326759338379	0.13790690898895264	0.17124909162521362
4	9	what	6.08711576461792	1.7641042470932007	2.148454189300537	1.8116639852523804
4	10	it	3.192812919616699	3.1781084537506104	2.9069736003875732	2.8409690856933594
4	11	was	1.676328420639038	2.491798162460327	2.2813379764556885	3.118262767791748
4	12	that	5.272017478942871	5.3054518699646	2.7084007263183594	2.335916519165039
4	13	this	4.662513732910156	4.148194313049316	4.352734565734863	5.790469646453857
4	14	Elvis	17.34393310546875	14.446525573730469	13.731316566467285	13.446446418762207
4	15	Presley	4.734371185302734	2.567946672439575	3.236510992050171	3.450862407684326
4	16	guy	9.85733413696289	11.249283790588379	8.146341323852539	5.432133674621582
4	17	had	4.675227165222168	4.225468635559082	5.049670696258545	5.124300003051758
4	18	that	6.471963405609131	5.7928056716918945	5.075400352478027	4.978446006774902
4	19	the	2.4105913639068604	6.201380252838135	6.669949531555176	6.899829864501953
4	20	rest	6.3515849113464355	6.975364685058594	5.713902950286865	4.3934173583984375
4	21	of	0.034644439816474915	0.08371125906705856	0.0910656601190567	0.0868854746222496
4	22	us	6.284049987792969	3.2976441383361816	2.835020065307617	2.0104928016662598
4	23	boys	12.644646644592285	9.121782302856445	10.340495109558105	10.372068405151367
4	24	did	5.640296936035156	5.927939414978027	5.410035133361816	5.52369499206543
4	25	not	0.35008683800697327	0.9498992562294006	1.4349949359893799	1.349229097366333
4	26	have.	9.134068489074707	9.96817398071289	8.372472763061523	6.786560535430908
4	27	He	3.806281566619873	3.857391119003296	3.0637035369873047	3.6733627319335938
4	28	seemed	6.693077564239502	5.92020845413208	5.9840617179870605	5.843344688415527
4	29	to	0.2936435341835022	0.7420771718025208	0.9394804239273071	0.9143368005752563
4	30	be	2.424424886703491	1.532394289970398	1.231951117515564	1.3050836324691772
4	31	no	5.698748588562012	6.723781108856201	6.271405220031738	6.928823471069336
4	32	different	6.7563323974609375	6.592014789581299	5.6846513748168945	3.698336124420166
4	33	from	5.266199111938477	1.1828550100326538	1.8332048654556274	1.3359954357147217
4	34	the	0.7917162775993347	1.5134060382843018	1.8905540704727173	1.782564401626587
4	35	rest	6.3515849113464355	6.615667819976807	4.138397216796875	3.8218750953674316
4	36	of	0.03464461863040924	0.08371125906705856	0.021998915821313858	0.045566290616989136
4	37	us.	9.112669944763184	4.894484996795654	3.954298734664917	4.506888389587402
4	38	He	3.9724693298339844	4.102992534637451	4.213068962097168	4.058841705322266
4	39	was	1.9967880249023438	2.359853506088257	2.3354437351226807	2.470827579498291
4	40	simply	6.950518608093262	7.0467023849487305	6.46197509765625	6.437650680541992
4	41	a	3.133317232131958	2.1138217449188232	2.48982310295105	2.3653335571289062
4	42	man	5.5686869621276855	6.308618068695068	5.792443752288818	2.9182682037353516
4	43	who	1.8068571090698242	1.710923194885254	1.4655004739761353	1.3950828313827515
4	44	had	2.561211347579956	2.894899845123291	2.8171372413635254	2.910159111022949
4	45	a	2.5255978107452393	3.874197006225586	3.415665626525879	3.3549551963806152
4	46	head,	10.763025283813477	12.063631057739258	12.340799331665039	11.893986701965332
4	47	two	6.784867286682129	6.538802146911621	5.315804958343506	5.381872177124023
4	48	arms	7.328965187072754	4.828469276428223	3.4834117889404297	2.387852191925049
4	49	and	1.2556536197662354	1.9735240936279297	0.36761295795440674	0.25328248739242554
4	50	two	6.19522762298584	6.072288990020752	2.753441333770752	2.145260810852051
4	51	legs.	9.063935279846191	9.21246337890625	4.877592086791992	1.50117826461792
4	52	It	3.5025296211242676	3.362687826156616	3.263054370880127	3.3954148292541504
4	53	must	5.706827640533447	5.111350059509277	5.137113094329834	5.252354621887207
4	54	have	3.2510123252868652	2.1758060455322266	0.986729621887207	1.2160348892211914
4	55	been	1.031057357788086	1.6689460277557373	0.561271071434021	0.5636272430419922
4	56	something	7.880080699920654	8.860742568969727	4.7162275314331055	3.9733877182006836
4	57	pretty	7.026588439941406	6.659308910369873	6.786586761474609	5.861157417297363
4	58	superlative	16.918256759643555	14.888428688049316	15.264971733093262	15.226847648620605
4	59	that	6.025094509124756	4.489903450012207	3.801992654800415	2.7311716079711914
4	60	he	3.0981459617614746	3.4717864990234375	3.5533993244171143	3.4894628524780273
4	61	had	2.5938496589660645	2.3259689807891846	2.775087594985962	3.4269442558288574
4	62	hidden	10.09262752532959	7.909543514251709	7.569427490234375	8.861180305480957
4	63	away,	7.548636436462402	7.07744026184082	6.596649169921875	7.09657096862793
4	64	because	5.120048522949219	5.425826072692871	5.4457502365112305	5.301287651062012
4	65	he	2.4929628372192383	2.902106761932373	2.8637337684631348	1.9981393814086914
4	66	had	2.5938496589660645	2.7791900634765625	2.7627179622650146	2.777970314025879
4	67	every	7.717432975769043	7.401442050933838	7.619933605194092	7.3965373039245605
4	68	young	8.09667682647705	10.082878112792969	11.420520782470703	10.985057830810547
4	69	girl	3.7673468589782715	3.408425807952881	2.85441255569458	2.5586767196655273
4	70	at	3.76779842376709	4.175300598144531	4.695233345031738	3.8460628986358643
4	71	the	0.8910643458366394	1.1296768188476562	1.2102395296096802	1.6157463788986206
4	72	orphanage	11.584049224853516	10.942159652709961	7.714517593383789	6.408209323883057
4	73	wrapped	10.936230659484863	11.010566711425781	10.910942077636719	9.770827293395996
4	74	around	4.689569473266602	2.1038155555725098	2.491482734680176	2.613978147506714
4	75	his	4.114914894104004	2.357002019882202	3.680447578430176	3.1740150451660156
4	76	little	7.537249565124512	7.562317848205566	7.191166877746582	6.301020622253418
4	77	finger.	11.085432052612305	6.969557762145996	3.82174015045166	2.3785898685455322
4	78	At	5.060641288757324	5.198331832885742	5.275904655456543	5.135960578918457
4	79	about	8.835339546203613	5.120062351226807	5.207635402679443	5.737593650817871
4	80	nine	8.22140121459961	6.278836727142334	6.015425205230713	5.928412437438965
4	81	o'clock	10.417110443115234	6.144739151000977	0.8717807531356812	1.1884596347808838
4	82	on	2.927177667617798	2.4050822257995605	2.1061642169952393	1.5950651168823242
4	83	Saturday	5.783663749694824	3.444905996322632	3.6080751419067383	3.507120132446289
4	84	morning,	3.3553128242492676	3.9521613121032715	2.8873541355133057	2.621765375137329
4	85	I	3.4693400859832764	4.462051868438721	5.209006309509277	2.8521173000335693
4	86	figured	7.145252704620361	6.430931091308594	6.755597114562988	6.444947719573975
4	87	a	5.2093825340271	4.990195274353027	4.714986801147461	4.668564319610596
4	88	good	4.325542449951172	3.9980311393737793	3.7313928604125977	3.368678331375122
4	89	solution	8.738532066345215	6.7078776359558105	4.987441062927246	4.959844589233398
4	90	was	3.8462624549865723	4.570513725280762	5.511037826538086	2.002289056777954
4	91	to	4.869032859802246	1.4303910732269287	0.9114773273468018	0.9575865268707275
4	92	ask	6.154082298278809	5.835935115814209	5.66283655166626	5.549495697021484
4	93	Eugene	13.054902076721191	11.686294555664062	10.752734184265137	11.235130310058594
4	94	Correthers,	28.833084106445312	28.593414306640625	29.08318519592285	28.52298927307129
4	95	who	2.5572025775909424	2.40869140625	2.4977126121520996	2.464712142944336
4	96	was	3.069365978240967	2.2157294750213623	1.957095980644226	2.304802656173706
4	97	one	5.074342250823975	5.082855701446533	4.459930896759033	4.370294570922852
4	98	of	0.4225279688835144	0.2522854208946228	0.04349644109606743	0.03634851053357124
4	99	the	0.8314511775970459	0.6822420954704285	0.5628545880317688	0.5244391560554504
4	100	older	8.388806343078613	8.095436096191406	7.725212097167969	7.910676956176758
4	101	and	2.8966357707977295	4.278179168701172	4.6538190841674805	4.545461654663086
4	102	smarter	13.041291236877441	6.688327789306641	6.16237211227417	6.930062770843506
4	103	boys,	12.894453048706055	12.03054428100586	9.937719345092773	8.549480438232422
4	104	what	6.460573196411133	6.11441707611084	6.237745761871338	6.538661003112793
4	105	it	3.19281268119812	5.111244201660156	5.150003910064697	5.154873847961426
4	106	was	1.6763286590576172	2.491798162460327	2.45202898979187	3.0792810916900635
4	107	that	5.272017478942871	5.3054518699646	2.7084007263183594	2.781949520111084
4	108	made	6.949698448181152	8.558401107788086	7.690203666687012	2.332289218902588
4	109	this	4.103915214538574	3.895627498626709	5.341559410095215	4.249789714813232
4	110	Elvis	17.34393310546875	13.989394187927246	13.83098030090332	13.507509231567383
4	111	guy	10.707687377929688	7.567792892456055	6.682580947875977	6.437319278717041
4	112	so	6.495035171508789	5.77394437789917	6.061343193054199	4.3578948974609375
4	113	special.	11.133843421936035	9.449124336242676	10.222981452941895	9.58278751373291
4	114	He	3.964696168899536	3.695899486541748	2.295132875442505	2.2260239124298096
4	115	told	4.019213676452637	4.756355285644531	4.809077739715576	5.244938373565674
4	116	me	1.8797370195388794	1.9652421474456787	1.3559303283691406	0.7440475821495056
4	117	that	3.099482297897339	1.3099600076675415	1.2982779741287231	1.2912297248840332
4	118	it	3.236483097076416	3.237071990966797	3.380967855453491	3.5686306953430176
4	119	was	1.676328420639038	1.8795950412750244	1.2765922546386719	0.8136361837387085
4	120	not	3.1249823570251465	3.5133681297302246	3.09732985496521	3.1069350242614746
4	121	anything	7.4125261306762695	7.926018714904785	7.659734725952148	7.98606014251709
4	122	about	3.092270612716675	4.100410461425781	4.533572196960449	4.774736404418945
4	123	Elvis's	16.09341812133789	13.732882499694824	14.210210800170898	13.892751693725586
4	124	personality,	9.149227142333984	8.254034996032715	6.660046577453613	6.7167158126831055
4	125	but	3.191404104232788	2.6288375854492188	2.723374605178833	2.5417959690093994
4	126	his	5.778672218322754	4.607637405395508	3.3175041675567627	3.613828659057617
4	127	wavy	14.10779094696045	12.602873802185059	12.742598533630371	11.902377128601074
4	128	hair,	3.912609100341797	2.4185571670532227	3.429020643234253	3.017446994781494
4	129	and	2.2162396907806396	2.4135265350341797	2.3714585304260254	3.766824722290039
4	130	the	2.305114269256592	3.0222601890563965	3.6098339557647705	3.1410036087036133
4	131	way	5.058628082275391	6.016007423400879	4.946757793426514	5.192081928253174
4	132	he	5.551019668579102	3.1420464515686035	2.3770864009857178	1.8704261779785156
4	133	moved	6.923308372497559	6.242757797241211	5.758015155792236	5.611481189727783
4	134	his	6.419982433319092	3.070267915725708	2.352510690689087	2.4633123874664307
4	135	body.	6.887476444244385	7.764516830444336	7.527822971343994	4.425612449645996
4	136	About	7.684875011444092	8.10243034362793	8.077574729919434	8.085901260375977
4	137	a	4.020915985107422	2.5159449577331543	2.3027639389038086	2.401088237762451
4	138	half	7.5710368156433105	4.46517276763916	3.4314804077148438	3.469296455383301
4	139	an	6.901182174682617	5.453099250793457	2.9907307624816895	2.652792453765869
4	140	hour	5.229310035705566	0.652033269405365	0.3595716059207916	0.08298882097005844
4	141	later,	5.363056182861328	4.196513652801514	2.9320406913757324	2.99185848236084
4	142	the	2.328991651535034	2.147395610809326	2.6923599243164062	2.3451929092407227
4	143	boys	9.341083526611328	7.545748233795166	6.7821455001831055	6.6559953689575195
4	144	in	3.072417974472046	3.124427556991577	5.241725444793701	5.40357780456543
4	145	the	0.8811151385307312	1.4310883283615112	1.1225457191467285	0.8520321249961853
4	146	orphanage	11.584049224853516	12.86182689666748	9.376684188842773	9.250473022460938
4	147	called	6.377073287963867	6.669750213623047	6.676016807556152	5.8871002197265625
4	148	down	7.1915178298950195	10.118861198425293	7.820996284484863	8.987187385559082
4	149	to	1.5280632972717285	1.3012455701828003	2.7415904998779297	3.1467156410217285
4	150	the	2.496473789215088	1.667730450630188	1.693657636642456	2.023728609085083
4	151	main	5.171630859375	6.252511024475098	6.427611351013184	5.960792064666748
4	152	dining	11.748675346374512	8.750760078430176	8.495640754699707	7.547880172729492
4	153	room	1.7537823915481567	1.2942451238632202	1.2716295719146729	1.2441396713256836
4	154	by	5.410860061645508	5.257218360900879	5.582867622375488	5.314741134643555
4	155	the	1.1369578838348389	1.590505599975586	1.292513132095337	1.1176044940948486
4	156	matron	15.20581340789795	13.492166519165039	13.503548622131348	12.437027931213379
4	157	were	5.708335876464844	6.45087194442749	5.968954563140869	6.622102737426758
4	158	told	5.826961517333984	5.608316898345947	5.698723793029785	5.648940086364746
4	159	that	4.256320953369141	1.5176746845245361	1.6618976593017578	1.6117446422576904
4	160	they	3.2487854957580566	3.0195720195770264	2.316091537475586	2.1349434852600098
4	161	were	2.3084557056427	2.3671882152557373	1.6560802459716797	1.5245591402053833
4	162	all	5.041760444641113	4.165387153625488	4.710255146026611	4.607884407043457
4	163	going	8.25632095336914	5.48988676071167	4.7357001304626465	4.09312105178833
4	164	to	0.12444180995225906	1.1013176441192627	0.6077353954315186	0.3143409788608551
4	165	downtown	12.003205299377441	11.813158988952637	11.363338470458984	12.013595581054688
4	166	Jacksonville,	11.182069778442383	8.301023483276367	8.825396537780762	9.083257675170898
4	167	Florida	2.83005952835083	2.765345811843872	2.907784938812256	2.5500869750976562
4	168	to	5.6516008377075195	3.8488473892211914	3.5458765029907227	2.3617491722106934
4	169	get	3.43892502784729	4.198308944702148	5.182496070861816	4.635593414306641
4	170	a	1.9034819602966309	2.5841500759124756	2.279151201248169	2.25758695602417
4	171	new	3.9195961952209473	3.977975845336914	4.336245059967041	4.301348686218262
4	172	pair	7.944703102111816	6.9861955642700195	5.24680233001709	5.017101764678955
4	173	of	0.0589892752468586	0.09580337256193161	0.05951165035367012	0.20313841104507446
4	174	Buster	14.758955955505371	11.644225120544434	11.630434036254883	11.87028694152832
4	175	Brown	6.573396682739258	5.778293609619141	3.703704833984375	3.2495808601379395
4	176	shoes	11.451790809631348	11.845495223999023	12.004507064819336	3.091468572616577
4	177	and	1.4879158735275269	1.6180880069732666	2.08538818359375	1.872280478477478
4	178	a	3.659700870513916	3.7329630851745605	1.952723503112793	2.32307505607605
4	179	haircut.	12.823040008544922	11.473347663879395	7.841071128845215	9.227659225463867
4	180	That	4.962549686431885	4.830535888671875	4.963225364685059	5.215846061706543
4	181	is	1.1657819747924805	2.4603445529937744	2.300906181335449	2.4597721099853516
4	182	when	8.458595275878906	4.772970199584961	4.718961238861084	4.382515907287598
4	183	I	2.6262240409851074	2.595736026763916	2.0075135231018066	1.6426430940628052
4	184	got	4.151237964630127	3.5643649101257324	3.615541934967041	3.7842278480529785
4	185	this	5.218358039855957	3.7685983180999756	4.7371978759765625	4.248884201049805
4	186	big	7.976497173309326	5.960916042327881	6.328193664550781	6.583017826080322
4	187	idea,	7.807449817657471	7.382803916931152	7.016234874725342	7.781407356262207
4	188	which	3.800161361694336	3.9418554306030273	3.7221691608428955	4.046688079833984
4	189	hit	8.308897972106934	8.842336654663086	9.210695266723633	8.385677337646484
4	190	me	4.75236701965332	4.15714168548584	2.093907594680786	1.369601845741272
4	191	like	3.6608052253723145	3.9495110511779785	2.742649555206299	2.556135654449463
4	192	a	1.8835465908050537	2.190567970275879	0.8221668004989624	0.24010999500751495
4	193	ton	7.543101787567139	7.215777397155762	7.890218734741211	2.3216049671173096
4	194	of	0.05825871229171753	0.1185508519411087	0.06014680862426758	0.08479595184326172
4	195	bricks.	14.699975967407227	10.146535873413086	10.91907024383545	7.677695274353027
4	196	If	4.526026248931885	4.401646137237549	4.166194915771484	3.8512113094329834
4	197	the	3.312347173690796	2.467463254928589	2.3380110263824463	2.582258939743042
4	198	Elvis	14.603699684143066	12.715850830078125	13.520807266235352	13.938138961791992
4	199	haircut	14.361600875854492	8.072284698486328	7.604023456573486	7.133680820465088
4	200	was	3.4372990131378174	4.022401809692383	3.6929283142089844	2.466416835784912
4	201	the	3.51254940032959	3.726313829421997	2.997256278991699	2.9619815349578857
4	202	big	7.167886734008789	6.398825168609619	6.763111591339111	5.977961540222168
4	203	secret,	10.118269920349121	9.788551330566406	7.694101810455322	7.149997711181641
4	204	then	5.678600311279297	5.644131660461426	5.416629791259766	4.682623863220215
4	205	Elvis's	18.005020141601562	16.01817512512207	16.156753540039062	15.944479942321777
4	206	haircut	11.34339714050293	9.839548110961914	10.310406684875488	9.609872817993164
4	207	I	7.349864959716797	6.682252883911133	7.754242897033691	8.7188720703125
4	208	was	3.2613022327423096	2.680778741836548	2.7248005867004395	2.635948896408081
4	209	going	4.374229907989502	3.869248390197754	3.4350409507751465	3.8906843662261963
4	210	to	0.12444180995225906	0.22499756515026093	0.27251002192497253	0.5164127349853516
4	211	get.	9.576376914978027	8.146652221679688	8.404385566711426	8.274518966674805
4	212	I	2.9083523750305176	2.8154702186584473	2.693023443222046	2.303877592086792
4	213	was	3.2613022327423096	3.0619125366210938	2.8922455310821533	3.23539137840271
4	214	going	4.374229431152344	3.869248390197754	3.741344928741455	3.6677074432373047
4	215	to	0.12444204837083817	0.22499756515026093	0.27251002192497253	0.23870287835597992
4	216	have	4.363181114196777	3.3329293727874756	3.699209451675415	3.717693567276001
4	217	my	7.141989707946777	6.058551788330078	5.805810928344727	5.1742143630981445
4	218	day	7.307517051696777	6.680490016937256	6.872071266174316	6.310766696929932
4	219	in	2.9568657875061035	3.5622520446777344	2.0868217945098877	1.286658763885498
4	220	the	0.8811151385307312	1.715169072151184	1.5958575010299683	4.123895168304443
4	221	sun,	9.468329429626465	9.049093246459961	6.369421005249023	3.521038293838501
4	222	and	2.257728338241577	2.1728029251098633	2.170362710952759	2.229205846786499
4	223	all	5.188599586486816	4.620174407958984	4.790851593017578	5.0944671630859375
4	224	the	1.5743985176086426	1.9947930574417114	1.4481884241104126	1.4267175197601318
4	225	way	5.058628082275391	2.9371800422668457	4.770498752593994	4.314328670501709
4	226	to	0.5186328887939453	2.0659306049346924	1.185201644897461	1.1712543964385986
4	227	town	11.089897155761719	10.321651458740234	8.778617858886719	8.261380195617676
4	228	that	4.132666110992432	4.50681209564209	4.133836269378662	4.400948524475098
4	229	was	3.443213701248169	2.723229169845581	4.064684867858887	3.3674280643463135
4	230	all	5.672097206115723	5.421501159667969	6.304300785064697	5.710301399230957
4	231	I	6.831411361694336	2.817704439163208	2.548990249633789	5.578362464904785
4	232	talked	6.642236709594727	7.266422748565674	5.801213264465332	6.129918098449707
4	233	about.	3.7588493824005127	6.032447814941406	3.970914602279663	1.441916584968567
4	234	The	2.9360530376434326	2.9917476177215576	3.0477750301361084	3.095325231552124
4	235	fact	5.7230658531188965	4.679104328155518	4.379324436187744	4.203556060791016
4	236	that	0.15770936012268066	0.33580854535102844	0.37182533740997314	0.37508878111839294
4	237	I	3.5807271003723145	3.5094573497772217	3.642282724380493	2.9993584156036377
4	238	was	3.2613022327423096	2.6549086570739746	2.267902374267578	2.0290095806121826
4	239	getting	5.643919944763184	5.183187007904053	4.9112701416015625	5.072110176086426
4	240	an	4.174831390380859	5.05270528793335	4.989678382873535	4.727104187011719
4	241	Elvis	12.956768035888672	11.159667015075684	11.166831016540527	11.195308685302734
4	242	haircut,	15.35267448425293	8.05272102355957	6.614442825317383	6.369668960571289
4	243	not	5.798900604248047	5.982999801635742	5.561410903930664	5.377551078796387
4	244	just	4.221586227416992	3.290562391281128	4.011017322540283	4.012829780578613
4	245	the	3.7279961109161377	2.7537291049957275	2.391580820083618	2.347606658935547
4	246	simple	9.019639015197754	6.841549873352051	7.269014358520508	7.153949737548828
4	247	fact	6.63490629196167	2.174766778945923	2.2304439544677734	2.892528772354126
4	248	that	0.15770936012268066	1.687442421913147	0.4134301543235779	0.3099100887775421
4	249	we	3.297473192214966	3.452484369277954	3.3400371074676514	3.2330217361450195
4	250	were	3.3986082077026367	3.4621100425720215	3.290541410446167	4.015653610229492
4	251	getting	5.755782127380371	4.908569812774658	4.896055221557617	5.092280387878418
4	252	out	2.820204257965088	4.413088798522949	4.511035442352295	4.404897212982178
4	253	of	0.4698842167854309	0.4255562126636505	0.4026188254356384	0.5199090838432312
4	254	the	0.8314511775970459	1.433730125427246	1.365578055381775	2.1885879039764404
4	255	orphanage,	13.00126838684082	13.874124526977539	11.967301368713379	12.030557632446289
4	256	made	6.9610137939453125	7.435199737548828	7.181087493896484	7.66609525680542
4	257	me	4.490229606628418	3.7538371086120605	3.487082004547119	3.5742077827453613
4	258	particularly	10.549659729003906	7.566061019897461	7.8193511962890625	7.945977210998535
4	259	loquacious.	17.657329559326172	16.006929397583008	13.81142520904541	13.949311256408691
4	260	I	3.380013942718506	3.669029474258423	2.058021068572998	1.6587353944778442
4	261	told	5.719839572906494	5.000102996826172	5.514339447021484	4.816268444061279
4	262	everybody,	10.706770896911621	8.762931823730469	9.84853458404541	10.530628204345703
4	263	including	3.281067371368408	3.3184561729431152	5.234742164611816	5.127731800079346
4	264	the	1.4685622453689575	1.7912096977233887	1.9228307008743286	1.9077763557434082
4	265	orphanage	11.584049224853516	12.652960777282715	12.380638122558594	12.638185501098633
4	266	matron	11.711047172546387	12.201197624206543	12.330497741699219	11.191438674926758
4	267	I	5.786496162414551	6.039234161376953	6.209951400756836	8.359302520751953
4	268	normally	9.558963775634766	8.678010940551758	8.513738632202148	8.466730117797852
4	269	feared,	11.847137451171875	15.064876556396484	13.23288631439209	11.771102905273438
4	270	that	3.60638427734375	4.770333290100098	4.092136383056641	4.795025825500488
4	271	I	3.5807271003723145	3.680959463119507	4.664548873901367	2.3442234992980957
4	272	was	3.2613022327423096	2.6549086570739746	2.319488286972046	2.4207820892333984
4	273	going	4.374229431152344	3.869248151779175	2.7028229236602783	2.3154990673065186
4	274	to	0.12444204837083817	0.22499744594097137	0.27251002192497253	0.09289564192295074
4	275	look	5.7901225090026855	5.306291580200195	5.9603681564331055	5.840331077575684
4	276	just	7.528270721435547	6.2578959465026855	5.963050365447998	6.157134532928467
4	277	like	2.9496383666992188	0.9039064049720764	0.6766529679298401	0.6534757018089294
4	278	Elvis	12.415353775024414	10.0643892288208	9.967520713806152	9.70173168182373
4	279	Presley	4.734371185302734	2.1040291786193848	2.5008833408355713	2.319857120513916
4	280	and	2.2045369148254395	1.7572050094604492	1.5099270343780518	2.381725311279297
4	281	that	4.721836090087891	5.883416652679443	6.091401100158691	5.848562240600586
4	282	I	3.5807271003723145	4.074794769287109	4.255804538726807	4.6780619621276855
4	283	would	3.9277777671813965	3.272455930709839	2.6769046783447266	2.7830066680908203
4	284	learn	7.668276786804199	7.457180023193359	6.6952338218688965	6.094475746154785
4	285	to	2.4826395511627197	2.1599252223968506	2.0160770416259766	1.94315767288208
4	286	move	5.979551315307617	5.890079498291016	5.988166332244873	6.179607391357422
4	287	around	4.5379180908203125	4.243875026702881	2.7354989051818848	2.9483675956726074
4	288	just	8.620582580566406	6.897735595703125	6.3846306800842285	6.501166343688965
4	289	like	2.9496383666992188	5.315116882324219	1.9204680919647217	1.6995606422424316
4	290	he	4.952571392059326	4.8037848472595215	4.037656784057617	3.9085636138916016
4	291	did	4.235721588134766	2.745861530303955	1.341132640838623	1.18384850025177
4	292	and	7.803846836090088	5.142000198364258	5.324460029602051	6.2284650802612305
4	293	that	4.721836090087891	3.507889986038208	3.256347894668579	3.2398629188537598
4	294	I	3.5807271003723145	4.074794769287109	2.8959481716156006	3.3738853931427
4	295	would	3.9277777671813965	3.272455930709839	2.6769046783447266	2.7767770290374756
4	296	be	1.0127809047698975	2.658860206604004	2.150538444519043	1.930152416229248
4	297	rich	10.006901741027832	8.983510971069336	9.030033111572266	8.997981071472168
4	298	and	1.2414301633834839	1.2448583841323853	1.8934534788131714	1.501300573348999
4	299	famous	10.261878967285156	3.662651538848877	2.519214153289795	2.5297396183013916
4	300	one	6.587468147277832	8.038769721984863	8.01530933380127	6.800737380981445
4	301	day,	6.702960968017578	7.754634857177734	6.010646343231201	3.8218610286712646
4	302	just	5.388910293579102	5.195570945739746	5.131929397583008	4.972945213317871
4	303	like	2.9496383666992188	2.3620872497558594	2.2653398513793945	2.158374786376953
4	304	him.	6.765380859375	7.365146636962891	7.288130760192871	6.785335540771484
4	305	The	2.916130542755127	3.279128313064575	3.192125082015991	3.2761857509613037
4	306	matron	13.702165603637695	12.507868766784668	13.039630889892578	13.174219131469727
4	307	understood	10.287712097167969	8.767335891723633	8.152512550354004	8.588143348693848
4	308	my	6.210282802581787	4.474722862243652	3.856311798095703	4.39263391494751
4	309	idea	6.397368431091309	6.956995010375977	7.136186122894287	7.795505046844482
4	310	was	4.809144496917725	3.0128965377807617	2.744133472442627	4.5794219970703125
4	311	something	6.708871841430664	5.676783561706543	5.277959823608398	5.204187870025635
4	312	that	1.862385869026184	1.861931324005127	1.9365060329437256	1.6740096807479858
4	313	I	3.5807271003723145	2.97770619392395	2.0916221141815186	2.4231204986572266
4	314	was	3.2613022327423096	2.6549086570739746	3.4198427200317383	2.349905490875244
4	315	really	5.806342601776123	4.477489471435547	4.657567024230957	3.319281578063965
4	316	excited	5.953930854797363	4.67852783203125	2.556046724319458	3.0157275199890137
4	317	about	2.599583387374878	0.9235008955001831	1.2924197912216187	1.4455524682998657
4	318	and	7.366976737976074	4.977665901184082	4.671282768249512	4.730701923370361
4	319	said	6.242499351501465	6.89865255355835	7.320568084716797	7.540351867675781
4	320	nothing.	10.921609878540039	5.901514530181885	5.702164649963379	7.508413314819336
4	321	When	4.691977500915527	4.050724506378174	4.033466339111328	4.0699920654296875
4	322	I	2.2170565128326416	1.8767887353897095	1.9053446054458618	2.1114604473114014
4	323	got	4.151237964630127	3.5455832481384277	3.533285617828369	3.705265998840332
4	324	my	4.945346832275391	3.1762259006500244	3.0386850833892822	3.5697240829467773
4	325	new	5.6287007331848145	5.039360046386719	4.858035087585449	4.5493645668029785
4	326	Buster	15.440580368041992	13.445021629333496	12.952706336975098	12.868289947509766
4	327	Brown	6.573396682739258	5.398896217346191	5.093072891235352	5.06758975982666
4	328	shoes,	12.524858474731445	13.048452377319336	9.776565551757812	7.004558563232422
4	329	I	4.69849967956543	4.630189418792725	4.6588134765625	4.444053649902344
4	330	was	3.2613022327423096	2.8673503398895264	2.72359299659729	2.785646677017212
4	331	smiling	10.023366928100586	8.897016525268555	8.113286972045898	7.88439416885376
4	332	from	4.794493198394775	4.467672824859619	4.2611589431762695	3.5858044624328613
4	333	ear	12.917610168457031	1.7480335235595703	0.08406311273574829	0.1522342413663864
4	334	to	2.0989677906036377	0.5698620676994324	0.004137428943067789	0.0017274016281589866
4	335	ear.	14.344893455505371	9.540157318115234	1.5766465663909912	1.0563400983810425
4	336	Those	6.677119255065918	6.340771675109863	6.3512420654296875	6.282127380371094
4	337	shoes,	13.315492630004883	10.615485191345215	11.29846477508545	11.439599990844727
4	338	they	5.057498455047607	3.313904285430908	3.3455047607421875	3.318253755569458
4	339	shined	13.447308540344238	11.151453971862793	10.630302429199219	10.63587760925293
4	340	really	8.873318672180176	8.298160552978516	7.662599563598633	5.985782623291016
4	341	brightly,	15.39293098449707	4.451089382171631	4.88163948059082	4.498189449310303
4	342	and	2.3028957843780518	1.8757832050323486	1.7133092880249023	1.5903962850570679
4	343	I	4.29294490814209	3.988095283508301	2.8839590549468994	2.28459095954895
4	344	liked	6.159973621368408	6.6775712966918945	6.289853096008301	5.56168794631958
4	345	looking	8.942896842956543	7.545653820037842	7.555636882781982	6.327152252197266
4	346	at	0.9190633296966553	0.5769021511077881	0.49098122119903564	0.36842402815818787
4	347	the	0.8910643458366394	1.523004412651062	2.2186102867126465	1.7485060691833496
4	348	bones	10.270480155944824	11.0186185836792	9.828490257263184	8.827759742736816
4	349	in	2.3863775730133057	3.100728988647461	3.4527530670166016	2.7561850547790527
4	350	my	4.9165143966674805	4.154475212097168	3.736215591430664	3.711862564086914
4	351	feet,	8.14432144165039	10.508403778076172	6.504286766052246	5.841724872589111
4	352	which	3.8724794387817383	4.15458345413208	3.9293136596679688	3.39579701423645
4	353	I	4.292214870452881	4.531786918640137	2.3617358207702637	2.3076882362365723
4	354	had	3.377563714981079	3.5447099208831787	3.433633327484131	2.8745906352996826
4	355	never	4.586938381195068	3.4265317916870117	2.672182083129883	2.1126091480255127
4	356	seen	3.464095115661621	2.1098833084106445	1.606652855873108	1.5713316202163696
4	357	before,	6.1454315185546875	4.343167781829834	3.8082265853881836	3.4829049110412598
4	358	through	7.606959342956543	7.950446128845215	8.015252113342285	7.9144721031188965
4	359	a	2.3013298511505127	2.73720645904541	2.476163864135742	1.7541511058807373
4	360	special	5.415872097015381	5.766749858856201	5.82484769821167	5.717832565307617
4	361	x-ray	13.080977439880371	11.580663681030273	10.754569053649902	11.333261489868164
4	362	machine	4.011978626251221	2.634286403656006	1.555359959602356	1.233161211013794
4	363	they	6.8054656982421875	6.505366802215576	6.15176248550415	6.288558483123779
4	364	had	3.6257309913635254	3.3302347660064697	2.506012201309204	2.2671520709991455
4	365	in	6.449545860290527	5.417613506317139	3.915313243865967	3.1731691360473633
4	366	the	0.8811151385307312	1.7352961301803589	1.8457207679748535	1.7480148077011108
4	367	shoe	10.175308227539062	10.473226547241211	11.007678031921387	11.21487045288086
4	368	store	8.074774742126465	4.313858985900879	3.7648367881774902	3.157097339630127
4	369	that	3.0196399688720703	3.447488784790039	3.626142740249634	3.8531689643859863
4	370	made	6.949698448181152	6.148595809936523	5.3559250831604	4.9093499183654785
4	371	the	2.304548740386963	2.2668867111206055	2.2381553649902344	2.5375077724456787
4	372	bones	10.270480155944824	8.609715461730957	8.970251083374023	8.302452087402344
4	373	in	2.3863775730133057	3.100728988647461	3.682495594024658	3.817013740539551
4	374	your	5.023890018463135	4.083288192749023	3.5351474285125732	4.5525970458984375
4	375	feet	6.660715103149414	8.602642059326172	5.192432403564453	4.570130825042725
4	376	look	10.249011039733887	7.67865514755249	8.546859741210938	8.077436447143555
4	377	green.	13.439915657043457	9.210878372192383	8.694158554077148	9.394750595092773
4	378	I	3.5943856239318848	3.2055447101593018	3.407930374145508	3.722419261932373
4	379	was	3.2613022327423096	3.068958282470703	3.2344298362731934	3.6592109203338623
4	380	now	5.972788333892822	7.002163410186768	6.7188720703125	6.695184230804443
4	381	almost	8.09675407409668	5.720050811767578	5.975406646728516	5.387663841247559
4	382	ready	7.939201354980469	6.277190208435059	4.494707107543945	3.546854019165039
4	383	to	0.12189455330371857	0.3296656012535095	0.2981417179107666	0.2767125368118286
4	384	go	4.874555587768555	3.0156054496765137	3.368260383605957	2.9244868755340576
4	385	back	2.130150318145752	2.845254421234131	2.9326229095458984	2.8404104709625244
4	386	to	0.6483286619186401	0.4705071449279785	0.6188154220581055	0.5387746691703796
4	387	the	2.496473789215088	1.4931983947753906	1.476974606513977	1.6373943090438843
4	388	orphanage	11.584049224853516	11.646397590637207	11.048318862915039	11.07252025604248
4	389	and	2.7229762077331543	2.4674105644226074	2.22623872756958	1.9034281969070435
4	390	practice	8.66701889038086	8.941347122192383	9.27273178100586	9.429159164428711
4	391	being	7.579656600952148	5.615752220153809	6.723890781402588	6.115250587463379
4	392	like	6.710838317871094	6.893917083740234	6.425230503082275	7.069572448730469
4	393	the	1.755958080291748	2.7293457984924316	2.800240993499756	2.957662582397461
4	394	man	7.028679370880127	6.206278324127197	5.434460639953613	6.754681587219238
4	395	who	1.8068571090698242	1.8734492063522339	1.4930936098098755	1.762690544128418
4	396	all	8.721338272094727	8.33381175994873	8.227965354919434	8.611952781677246
4	397	the	1.5743985176086426	5.721380710601807	2.2554893493652344	2.242640972137451
4	398	girls	9.49294662475586	6.555750846862793	4.275306701660156	3.1872987747192383
4	399	loved,	12.260823249816895	12.374109268188477	12.171184539794922	6.838833332061768
4	400	since	6.7143473625183105	6.703764915466309	6.4157867431640625	6.31194543838501
4	401	I	3.5824837684631348	2.266000747680664	3.184537887573242	3.6703314781188965
4	402	had	3.377563714981079	3.223480224609375	2.587998151779175	2.4606902599334717
4	403	my	7.1021552085876465	4.527411460876465	3.761586904525757	4.5544023513793945
4	404	new	5.6287007331848145	6.468831539154053	6.52185583114624	5.8954010009765625
4	405	Buster	15.440580368041992	13.445021629333496	12.986550331115723	12.898638725280762
4	406	Brown	6.573396682739258	5.398896217346191	5.093072891235352	4.774778366088867
4	407	shoes.	12.871837615966797	13.108709335327148	9.524279594421387	6.261167049407959
4	408	It	3.765282154083252	3.8156661987304688	3.894850730895996	3.8915724754333496
4	409	was	1.4277337789535522	1.581915259361267	1.2801014184951782	1.3027501106262207
4	410	the	3.51254940032959	2.932802438735962	3.061579704284668	2.8998804092407227
4	411	new	5.18997049331665	6.700737476348877	7.043748378753662	6.795930862426758
4	412	haircut,	14.17885684967041	12.764872550964355	11.810224533081055	11.248734474182129
4	413	though,	7.600343704223633	7.066895961761475	6.881871223449707	7.167781829833984
4	414	that	3.7262864112854004	4.099721431732178	4.120173454284668	4.539383411407471
4	415	I	3.5807271003723145	4.1899003982543945	3.5992186069488525	3.2525839805603027
4	416	needed	6.111466884613037	5.394773960113525	5.39321231842041	5.585011959075928
4	417	to	0.16622737050056458	0.5834940075874329	0.45890361070632935	0.4578193128108978
4	418	complete	7.302892684936523	6.1230363845825195	6.90924596786499	6.860358238220215
4	419	my	6.118398189544678	5.285682678222656	4.847060203552246	1.788818120956421
4	420	new	5.6287007331848145	5.525207996368408	5.874950885772705	6.156782150268555
4	421	look.	10.830803871154785	8.400065422058105	8.072381019592285	8.17350959777832
4	422	We	4.114400386810303	3.849492311477661	5.063002109527588	5.33034610748291
4	423	finally	7.787178039550781	6.839643478393555	6.545490264892578	5.3852996826171875
4	424	arrived	5.9463396072387695	4.188281059265137	4.284454822540283	5.748291015625
4	425	at	1.6074848175048828	1.0891625881195068	0.44028571248054504	0.40788698196411133
4	426	the	0.8910643458366394	0.8965694904327393	0.9271182417869568	0.7246803641319275
4	427	unassuming,	16.034399032592773	17.36280059814453	16.390361785888672	15.331205368041992
4	428	unembellished	14.508940696716309	13.481367111206055	12.44697380065918	11.47239875793457
4	429	barbershop,	17.41592025756836	16.820072174072266	17.40987777709961	14.257448196411133
4	430	where	3.2738070487976074	2.7494213581085205	2.6479055881500244	2.4877991676330566
4	431	they	2.1304783821105957	2.8652191162109375	3.3763294219970703	3.968311071395874
4	432	cut	8.253735542297363	8.098343849182129	4.776080131530762	4.723907947540283
4	433	our	6.226989269256592	5.58820915222168	5.684575080871582	5.098876953125
4	434	hair	8.820463180541992	5.291409492492676	5.112607955932617	4.432088851928711
4	435	for	4.864644527435303	4.458640098571777	4.059283256530762	3.6132922172546387
4	436	free	7.394878387451172	7.219666481018066	6.50830078125	6.666711807250977
4	437	because	8.758264541625977	4.389415264129639	3.7531728744506836	4.1824541091918945
4	438	we	2.945981025695801	3.5005664825439453	3.4695446491241455	4.280151844024658
4	439	were	3.3986082077026367	3.0203657150268555	3.212017297744751	3.513359785079956
4	440	orphans.	15.077001571655273	13.669690132141113	12.149669647216797	11.564784049987793
4	441	Even	5.893622398376465	5.498233318328857	5.391806602478027	5.478255271911621
4	442	though	2.4240493774414062	1.9309645891189575	1.989031434059143	1.7902272939682007
4	443	we	3.640577793121338	3.3264641761779785	3.297675609588623	3.17529296875
4	444	were	3.3986082077026367	3.11308217048645	3.05480694770813	2.999640464782715
4	445	supposed	4.83031702041626	4.97186279296875	5.631852149963379	4.899555206298828
4	446	to	0.022709032520651817	0.019497279077768326	0.04351458698511124	0.03941735252737999
4	447	slowly	11.885730743408203	10.387523651123047	10.114574432373047	10.416532516479492
4	448	wait	9.87933349609375	8.352134704589844	8.787099838256836	8.610640525817871
4	449	to	2.196019172668457	2.864896774291992	3.3828511238098145	3.287140369415283
4	450	be	2.424424886703491	2.5184144973754883	2.4374523162841797	2.576070547103882
4	451	called,	8.9453706741333	9.028264999389648	7.2123870849609375	5.810092449188232
4	452	I	4.258665561676025	4.241506576538086	4.198014259338379	3.8341970443725586
4	453	ran	7.425876617431641	6.5308027267456055	7.0353546142578125	6.7881951332092285
4	454	straight	7.870461463928223	7.14382791519165	5.4310688972473145	5.057059288024902
4	455	up	3.890246629714966	3.335789918899536	3.4022321701049805	3.1926803588867188
4	456	to	0.8646060824394226	4.144776344299316	1.9599363803863525	0.9224656224250793
4	457	one	6.847541809082031	5.607151031494141	6.200214385986328	5.913908004760742
4	458	of	0.4225279688835144	1.2727007865905762	3.1310389041900635	1.7707128524780273
4	459	the	0.8314511775970459	0.6822420954704285	0.8820791840553284	1.029094934463501
4	460	barber	11.748076438903809	12.500900268554688	14.121106147766113	12.21425724029541
4	461	chairs	6.131750583648682	6.9102606773376465	5.915719509124756	3.370189666748047
4	462	and	1.5812629461288452	1.3207167387008667	1.7663378715515137	1.9911408424377441
4	463	climbed	11.246712684631348	8.688018798828125	10.662930488586426	9.405553817749023
4	464	up	1.754554033279419	2.220061779022217	1.9605865478515625	2.220944404602051
4	465	onto	8.10719108581543	3.985422134399414	3.2131154537200928	2.2434890270233154
4	466	the	0.486381471157074	0.7056007385253906	0.6293597221374512	0.6077311635017395
4	467	board	7.320094108581543	5.907305717468262	6.376749038696289	6.926492214202881
4	468	the	6.004636764526367	5.668588638305664	5.362530708312988	5.631407737731934
4	469	barber	11.748076438903809	14.43628215789795	12.734018325805664	14.06291675567627
4	470	placed	10.180712699890137	9.621871948242188	11.098861694335938	7.280025482177734
4	471	across	6.576043128967285	6.910583972930908	7.45557975769043	6.501992702484131
4	472	the	0.2932813763618469	0.623795747756958	0.7065081000328064	0.6049120426177979
4	473	arms	9.356559753417969	10.02952766418457	7.079663276672363	7.796486854553223
4	474	to	3.3708605766296387	3.8473236560821533	4.032121658325195	3.0135304927825928
4	475	make	3.4973766803741455	4.639403343200684	4.006485462188721	3.64768123626709
4	476	me	3.8927626609802246	5.0515055656433105	4.945513725280762	5.592652320861816
4	477	sit	9.873295783996582	6.08989143371582	6.01350736618042	5.526119232177734
4	478	up	3.3361899852752686	3.5336642265319824	1.614253044128418	1.6362836360931396
4	479	higher.	13.020493507385254	9.246265411376953	9.590704917907715	9.69204044342041
4	480	I	3.8370282649993896	3.603973388671875	2.946377754211426	1.5919791460037231
4	481	looked	5.946584701538086	6.055706977844238	5.7356462478637695	5.237823486328125
4	482	at	0.9126574993133545	0.9078741073608398	0.8638245463371277	1.24317467212677
4	483	the	0.8910643458366394	1.3527828454971313	1.3830482959747314	1.2658048868179321
4	484	man	7.028679370880127	9.224596977233887	5.920783519744873	6.4423723220825195
4	485	and	2.7728850841522217	3.6469221115112305	3.1671829223632812	2.2749099731445312
4	486	said,	7.297799587249756	6.395593166351318	5.4143290519714355	4.715559959411621
4	487	with	4.670187950134277	6.194694519042969	7.272054195404053	7.1054840087890625
4	488	a	1.7183030843734741	1.4034894704818726	0.8962043523788452	1.0116209983825684
4	489	beaming	14.074594497680664	12.076759338378906	7.557640552520752	7.603199005126953
4	490	smile	5.6288957595825195	4.163172245025635	1.9728307723999023	1.9608676433563232
4	491	on	3.0821163654327393	2.1617724895477295	1.2579748630523682	0.9287012219429016
4	492	my	4.591984748840332	2.076918125152588	2.9278876781463623	3.2919180393218994
4	493	face,	7.493727684020996	5.789255619049072	2.03889799118042	1.94944167137146
4	494	'I	9.644882202148438	8.973522186279297	9.366186141967773	8.161572456359863
4	495	want	3.055774688720703	2.978869676589966	2.920275926589966	3.0616455078125
4	496	an	7.251028060913086	5.214033126831055	5.285855293273926	5.238690376281738
4	497	Elvis	12.956768035888672	11.205288887023926	9.533976554870605	9.429944038391113
4	498	haircut.	15.489189147949219	8.190305709838867	7.452429294586182	8.1508150100708
4	499	Can	7.0431718826293945	7.530250072479248	7.719985008239746	6.979252815246582
4	500	you	1.3678898811340332	0.7810734510421753	0.6855261921882629	0.6701995134353638
4	501	make	5.602169990539551	4.288341045379639	4.565343856811523	4.916668891906738
4	502	my	4.863665580749512	5.52142333984375	4.521277904510498	4.32697057723999
4	503	hair	6.532061576843262	5.625503063201904	5.070272445678711	4.473708152770996
4	504	like	4.858468055725098	4.913230895996094	5.274549961090088	5.2895002365112305
4	505	Elvis's?'	26.877973556518555	22.19479751586914	23.101993560791016	20.568424224853516
4	506	I	2.6630048751831055	2.472687244415283	2.4974658489227295	2.2699599266052246
4	507	asked.	9.512528419494629	6.082729339599609	6.05756950378418	5.940085411071777
4	508	The	3.4194562435150146	3.5610971450805664	4.530216217041016	4.444207191467285
4	509	barber,	14.535700798034668	13.241032600402832	13.210687637329102	13.155059814453125
4	510	who	2.8139445781707764	1.7218120098114014	1.3603638410568237	1.4960887432098389
4	511	was	3.069365978240967	2.463413953781128	1.9888460636138916	1.75813627243042
4	512	a	2.4355335235595703	3.4910027980804443	3.60732102394104	3.545808792114258
4	513	genial	13.060243606567383	11.800304412841797	11.10073184967041	9.668647766113281
4	514	young	6.575252056121826	4.00740909576416	3.4331116676330566	3.596128225326538
4	515	man,	5.059099197387695	2.8580265045166016	2.2893636226654053	1.949958086013794
4	516	grinned	12.661138534545898	11.036291122436523	10.020004272460938	9.615699768066406
4	517	back	5.680514812469482	4.810231685638428	4.835315704345703	4.856388568878174
4	518	at	4.204578876495361	0.7015585899353027	0.4709160327911377	0.4208050072193146
4	519	me	6.693138122558594	3.8173415660858154	3.3625853061676025	2.9707179069519043
4	520	and	3.51344633102417	1.9693822860717773	1.9418330192565918	1.8875014781951904
4	521	said	6.242499351501465	5.117180824279785	3.362431049346924	3.0888831615448
4	522	that	1.3828471899032593	1.9050768613815308	2.3581125736236572	2.273911476135254
4	523	he	3.0981459617614746	2.4034128189086914	2.1395723819732666	2.719092607498169
4	524	would	3.8460867404937744	2.9016454219818115	2.4173643589019775	2.1438393592834473
4	525	try	5.607875823974609	5.190633773803711	5.075526237487793	4.602055072784424
4	526	his	8.16024112701416	5.366049289703369	4.022063255310059	3.8493592739105225
4	527	best.	9.423320770263672	3.5359013080596924	3.5470197200775146	3.7051496505737305
4	528	I	2.8966660499572754	3.315056800842285	2.853747606277466	2.878549814224243
4	529	was	3.2613022327423096	3.2327592372894287	2.8419878482818604	3.5236082077026367
4	530	so	5.0015997886657715	4.54968786239624	3.524657964706421	3.462815284729004
4	531	happy	6.81802225112915	5.051300048828125	2.770266532897949	2.261028289794922
4	532	when	6.120309352874756	4.49340295791626	3.0856971740722656	2.5534048080444336
4	533	he	2.1486077308654785	2.6718509197235107	2.381338596343994	1.800594449043274
4	534	started	5.274698257446289	4.675686836242676	4.927953243255615	4.871148586273193
4	535	to	1.24895441532135	1.8297351598739624	2.425950527191162	1.9670830965042114
4	536	cut	7.656529903411865	7.155240535736084	7.0023932456970215	7.073876857757568
4	537	my	5.643650054931641	5.977893829345703	4.340541362762451	4.611752510070801
4	538	hair,	8.294870376586914	4.901538372039795	4.075918197631836	2.914447069168091
4	539	but	3.319477081298828	2.6687705516815186	2.6028339862823486	2.085674524307251
4	540	just	5.457298278808594	5.962778091430664	5.887442588806152	6.267454624176025
4	541	as	3.382755994796753	2.5210182666778564	2.3804194927215576	3.0297179222106934
4	542	he	3.7666685581207275	3.8688759803771973	3.656132459640503	3.1814732551574707
4	543	started	5.274698257446289	5.491924285888672	6.214905738830566	4.93837833404541
4	544	to	1.24895441532135	1.8297351598739624	1.1239475011825562	1.044968843460083
4	545	cut,	12.352060317993164	11.22976303100586	10.401501655578613	10.350912094116211
4	546	the	3.1161842346191406	4.049811840057373	3.388232946395874	3.4667232036590576
4	547	matron,	17.253765106201172	18.038204193115234	18.80965232849121	17.87632942199707
4	548	who	2.8721299171447754	2.6567182540893555	2.043172836303711	1.9710314273834229
4	549	had	2.561211347579956	2.7410786151885986	2.8271892070770264	2.2831902503967285
4	550	been	1.1064952611923218	1.6247278451919556	1.6812145709991455	1.806413173675537
4	551	watching	7.861907958984375	6.566516399383545	5.394156455993652	5.474057197570801
4	552	me	4.2197370529174805	4.9871721267700195	3.911318302154541	4.20853328704834
4	553	and	3.51344633102417	3.037456750869751	3.0236849784851074	3.258676528930664
4	554	had	6.127437591552734	5.329298496246338	6.155464172363281	5.246391296386719
4	555	a	2.5255978107452393	2.500082492828369	2.0315017700195312	1.969352126121521
4	556	look	8.244056701660156	6.515460968017578	6.5990424156188965	5.765946388244629
4	557	as	5.038703918457031	5.986874580383301	5.488276481628418	5.19354772567749
4	558	cold	10.59528923034668	7.08711051940918	9.240494728088379	9.252249717712402
4	559	as	5.350436687469482	0.6623152494430542	0.34659236669540405	0.4038941562175751
4	560	ice,	14.449941635131836	5.192874908447266	4.636610507965088	4.478647708892822
4	561	motioned	16.5539608001709	15.886962890625	15.302608489990234	14.961431503295898
4	562	for	1.299749732017517	1.4477319717407227	1.5415449142456055	1.479559063911438
4	563	him	5.396734237670898	3.8160693645477295	2.4242560863494873	2.3386616706848145
4	564	to	1.216689944267273	0.7572025060653687	0.13359077274799347	0.029765792191028595
4	565	come	6.226877689361572	4.3359527587890625	4.209505081176758	3.0289759635925293
4	566	over	5.533657073974609	4.816293716430664	3.8231711387634277	4.103984355926514
4	567	to	3.927732467651367	1.4678459167480469	1.5096732378005981	1.3315727710723877
4	568	where	9.56535530090332	4.979283332824707	5.369889259338379	5.513364791870117
4	569	she	3.978954315185547	3.5486502647399902	2.923792839050293	3.3621180057525635
4	570	was	1.9840257167816162	1.9059700965881348	1.6241945028305054	1.0961635112762451
4	571	standing.	11.232842445373535	9.800094604492188	7.47634744644165	4.485445976257324
4	572	She	3.575934648513794	2.8651065826416016	1.761919379234314	1.7345998287200928
4	573	whispered	10.134992599487305	7.856386184692383	7.352827548980713	7.4571709632873535
4	574	something	8.20671272277832	5.377615451812744	2.361849784851074	1.9771748781204224
4	575	into	6.824410438537598	3.6138620376586914	2.4415345191955566	2.0336532592773438
4	576	his	4.014923572540283	3.4908552169799805	1.7364392280578613	0.9967266321182251
4	577	ear	8.78242015838623	7.078258991241455	6.007003307342529	1.6054677963256836
4	578	that	4.551040172576904	3.7168526649475098	3.370274066925049	2.41823673248291
4	579	caused	8.570852279663086	6.218954563140869	6.691878318786621	6.337577819824219
4	580	the	2.3229410648345947	1.2773964405059814	1.8016979694366455	2.68822979927063
4	581	barber	11.748076438903809	12.391857147216797	12.711695671081543	11.954733848571777
4	582	to	4.523287296295166	3.6027820110321045	0.9697367548942566	0.8174887299537659
4	583	shake	8.596080780029297	8.030029296875	7.68958854675293	7.0365118980407715
4	584	his	3.1694607734680176	3.480823516845703	1.5441595315933228	1.3815257549285889
4	585	head,	6.152887344360352	2.974613666534424	2.4155113697052	3.5943546295166016
4	586	like	5.555627822875977	5.724156379699707	6.030132293701172	6.469634056091309
4	587	he	4.952571392059326	3.912924289703369	2.242668867111206	1.3631073236465454
4	588	was	1.9666982889175415	1.4412169456481934	1.0887150764465332	0.681659996509552
4	589	telling	7.477812767028809	6.659689903259277	5.674393177032471	5.523571968078613
4	590	her,	6.747152328491211	5.436379432678223	5.373887538909912	5.552667140960693
4	591	'No'.	14.638605117797852	12.781758308410645	12.8938570022583	13.97288990020752
4	592	In	4.37436580657959	4.91414213180542	4.881025314331055	5.0888671875
4	593	response,	6.089876651763916	5.886984825134277	4.688747406005859	4.689085960388184
4	594	the	2.900914192199707	1.6335192918777466	1.8662666082382202	3.0782361030578613
4	595	matron	15.20581340789795	14.355571746826172	14.299726486206055	12.296725273132324
4	596	walked	8.608268737792969	7.714505672454834	6.474670886993408	6.666254997253418
4	597	over	5.440182685852051	3.6450700759887695	2.945275068283081	1.9996719360351562
4	598	to	3.927732467651367	0.32349053025245667	0.48004448413848877	0.4733443856239319
4	599	a	4.360486030578613	3.6660947799682617	3.5756113529205322	3.826211452484131
4	600	little	4.283854007720947	6.195095062255859	6.049413681030273	5.504980087280273
4	601	man	6.667032718658447	8.1373291015625	6.7772216796875	6.2722673416137695
4	602	sitting	7.5975542068481445	5.73207950592041	5.176425933837891	4.365922927856445
4	603	in	1.5652331113815308	1.528981328010559	1.7319304943084717	1.6099143028259277
4	604	an	4.259646892547607	3.9509119987487793	3.721998929977417	3.7438442707061768
4	605	office	6.350312232971191	5.447919845581055	2.009049415588379	2.1379222869873047
4	606	chair	9.11263656616211	6.004243850708008	5.226070404052734	3.5559890270233154
4	607	that	4.80069637298584	5.2825517654418945	3.891505718231201	4.698678970336914
4	608	squeaked	14.198173522949219	11.88873291015625	12.509596824645996	10.681051254272461
4	609	as	4.973267555236816	4.757229804992676	2.711766242980957	5.933474540710449
4	610	it	3.633481502532959	2.9382388591766357	2.2239527702331543	2.353975772857666
4	611	rolled	11.135639190673828	7.902369022369385	4.3995256423950195	4.497054100036621
4	612	around	5.516450881958008	4.338153839111328	3.6330080032348633	3.8462629318237305
4	613	the	0.7170541286468506	1.285171627998352	2.2868266105651855	1.5457428693771362
4	614	floor	8.421366691589355	7.77423095703125	4.30722188949585	5.959476947784424
4	615	and	2.045071840286255	1.7943813800811768	1.7516694068908691	1.8749432563781738
4	616	spoke	9.583819389343262	7.33888578414917	7.555655479431152	8.130584716796875
4	617	to	1.2565999031066895	1.467279076576233	1.3225374221801758	1.5931307077407837
4	618	him.	8.13735294342041	5.200868606567383	4.606443881988525	4.2762041091918945
4	619	It	3.651397228240967	3.575138568878174	3.763774871826172	3.778280258178711
4	620	was	1.4277337789535522	1.1411079168319702	1.0480560064315796	0.7881304621696472
4	621	the	3.51254940032959	2.932802438735962	2.958778142929077	2.893005847930908
4	622	little	7.613574981689453	7.550259113311768	7.342238426208496	6.972848892211914
4	623	man	6.667032718658447	4.971819877624512	5.009302139282227	6.033000946044922
4	624	who	1.8068571090698242	2.5577292442321777	2.6133880615234375	1.3149571418762207
4	625	then	7.220168113708496	7.204877853393555	7.621082782745361	7.417898178100586
4	626	walked	8.122418403625488	6.21879243850708	5.560785293579102	5.428107738494873
4	627	over	5.440182685852051	3.417907953262329	3.6728408336639404	3.6409895420074463
4	628	and	5.376530647277832	2.187021017074585	1.9479020833969116	2.0309808254241943
4	629	said	6.242499351501465	5.7538042068481445	4.555149078369141	4.786473751068115
4	630	something	7.6655683517456055	4.4444475173950195	3.408137321472168	3.2422032356262207
4	631	to	2.375497579574585	2.184671401977539	1.9712111949920654	1.7692006826400757
4	632	the	2.496473789215088	3.998124122619629	0.8085644245147705	1.001307725906372
4	633	man	7.028679370880127	7.145589828491211	6.609270095825195	8.709219932556152
4	634	who	1.8068571090698242	1.8734489679336548	1.3530946969985962	1.3890260457992554
4	635	was	3.069365978240967	2.418545961380005	2.7868711948394775	2.863201141357422
4	636	cutting	9.54533576965332	8.809161186218262	8.66650390625	8.178093910217285
4	637	my	6.019618988037109	4.494900703430176	4.554035186767578	4.484120845794678
4	638	hair.	8.290580749511719	3.8141214847564697	2.930478096008301	2.622096061706543
4	639	The	2.737480401992798	3.3325016498565674	3.3360090255737305	3.5865633487701416
4	640	next	5.54100227355957	5.4508819580078125	4.7058258056640625	4.4571638107299805
4	641	thing	4.888118267059326	3.92873477935791	3.198293924331665	2.6040220260620117
4	642	I	3.209413528442383	1.825541615486145	1.1941428184509277	1.0691766738891602
4	643	knew,	7.83952522277832	8.336005210876465	2.652949094772339	1.9851938486099243
4	644	the	3.696561098098755	3.6977381706237793	3.8633933067321777	2.6379013061523438
4	645	man	7.028679370880127	5.356388568878174	5.2831926345825195	5.481507301330566
4	646	who	1.8068571090698242	1.8734492063522339	2.4417243003845215	2.110957145690918
4	647	was	3.069365978240967	2.418545961380005	2.7868711948394775	2.4198248386383057
4	648	cutting	9.54533576965332	8.809161186218262	8.66650390625	8.178092956542969
4	649	my	6.019618988037109	4.494900703430176	4.554035186767578	4.484120845794678
4	650	hair	6.532061576843262	2.0719170570373535	1.6039860248565674	1.1559021472930908
4	651	told	9.254654884338379	10.00551986694336	10.617260932922363	10.609136581420898
4	652	me	1.879737138748169	1.6337664127349854	0.43139737844467163	0.30142003297805786
4	653	that	3.0994820594787598	1.3099597692489624	1.5305640697479248	1.5754141807556152
4	654	he	3.0981459617614746	3.090458631515503	2.5127928256988525	3.0968852043151855
4	655	was	1.9666982889175415	1.963667631149292	1.7015893459320068	1.8031388521194458
4	656	no	4.208745956420898	5.878040790557861	5.550239086151123	5.363454341888428
4	657	longer	1.3664039373397827	3.079718828201294	0.5988808274269104	0.35452017188072205
4	658	allowed	7.8865509033203125	5.550454616546631	5.227570056915283	4.5850653648376465
4	659	to	0.3345828354358673	0.4995548129081726	0.427945613861084	0.3062036335468292
4	660	give	4.839328765869141	5.9048004150390625	5.663148880004883	5.61033821105957
4	661	me	1.9873690605163574	3.3613715171813965	4.212221145629883	5.57735538482666
4	662	an	6.277438163757324	3.299640417098999	3.316695213317871	3.6240487098693848
4	663	Elvis	12.956768035888672	11.353178977966309	11.93093204498291	12.421919822692871
4	664	cut.	13.531571388244629	8.328787803649902	8.33987808227539	8.978327751159668
4	665	'Why	11.528965950012207	11.545520782470703	11.57447338104248	10.062829971313477
4	666	not?'	5.062094688415527	4.24317741394043	4.841463565826416	4.258171558380127
4	667	I	2.7553937435150146	2.388427257537842	1.5225352048873901	1.8626675605773926
4	668	cried	9.588552474975586	7.483872890472412	7.965333938598633	7.301263332366943
4	669	desperately.	12.776397705078125	11.471939086914062	8.803433418273926	9.542579650878906
4	670	The	2.9735641479492188	3.0102388858795166	3.3008222579956055	3.8540077209472656
4	671	kindly	14.294302940368652	11.719196319580078	10.976422309875488	10.826265335083008
4	672	barber	15.872798919677734	8.661887168884277	8.993499755859375	9.06407356262207
4	673	stopped	9.088991165161133	9.432900428771973	6.388298034667969	6.29519510269165
4	674	by	2.6532645225524902	1.553400993347168	1.3383393287658691	1.5286844968795776
4	675	the	1.1369577646255493	1.409760594367981	2.0037624835968018	2.158688545227051
4	676	matron	15.20581340789795	13.492166519165039	12.56117057800293	13.310986518859863
4	677	did	7.040717124938965	6.352245330810547	7.109660625457764	8.865398406982422
4	678	not	0.35008683800697327	0.594217836856842	0.551224410533905	0.420626699924469
4	679	answer,	10.515619277954102	8.757366180419922	7.352790832519531	6.906676292419434
4	680	but	3.0489931106567383	1.9130167961120605	1.7965377569198608	1.7632839679718018
4	681	from	7.070581436157227	6.192978858947754	6.488944053649902	6.6593122482299805
4	682	his	4.058855056762695	4.317686080932617	3.8379576206207275	2.8477416038513184
4	683	expression,	11.161558151245117	10.359392166137695	8.655618667602539	7.5638017654418945
4	684	I	4.728211879730225	3.7747373580932617	3.95451283454895	2.403625965118408
4	685	could	4.686297416687012	4.024783134460449	2.6479151248931885	2.5695042610168457
4	686	tell	5.339210033416748	3.548403024673462	3.0245718955993652	1.5385421514511108
4	687	that	4.626988887786865	1.8481990098953247	1.7585612535476685	1.315936803817749
4	688	he	3.0981459617614746	4.339860916137695	2.305264472961426	2.231029510498047
4	689	wished	7.966038703918457	6.303879737854004	7.329987525939941	7.318538665771484
4	690	he	5.226343631744385	2.333874225616455	1.7562947273254395	1.3400318622589111
4	691	could	4.373392105102539	1.3249154090881348	1.0732990503311157	1.1370790004730225
4	692	cut	7.628878593444824	7.001299858093262	6.678570747375488	6.962808609008789
4	693	it	3.9870009422302246	3.665642023086548	2.764113426208496	2.5788767337799072
4	694	as	5.7479376792907715	4.878091335296631	4.953434944152832	4.834097862243652
4	695	I	3.938399076461792	4.805850505828857	4.0094451904296875	4.619645118713379
4	696	had	3.377563714981079	3.689394235610962	3.8686041831970215	3.384547233581543
4	697	asked.	10.764183044433594	9.363748550415039	7.363840103149414	6.95721435546875
4	698	Within	8.829763412475586	8.3605375289917	8.12891674041748	7.909156799316406
4	699	a	2.647864818572998	1.8345539569854736	1.6694221496582031	1.5121030807495117
4	700	few	3.445157289505005	1.264512062072754	0.7684211730957031	0.7947288751602173
4	701	minutes,	5.432224273681641	5.67498779296875	3.388460159301758	1.6630557775497437
4	702	it	4.174055099487305	4.021630764007568	4.034071445465088	3.620224952697754
4	703	wasn't	5.026189804077148	5.258343696594238	5.46354341506958	5.512155532836914
4	704	an	4.498842239379883	4.302273750305176	4.368122100830078	4.703320503234863
4	705	Elvis	12.956768035888672	11.607988357543945	11.952339172363281	12.42471694946289
4	706	haircut,	15.35267448425293	8.05272102355957	8.397262573242188	7.676232814788818
4	707	but	3.26286244392395	3.3830647468566895	3.3040952682495117	1.2283010482788086
4	708	a	4.246377944946289	4.327300071716309	4.422296524047852	4.201683044433594
4	709	short	6.1090521812438965	6.335099220275879	5.4934892654418945	5.805378437042236
4	710	buzz	12.351655960083008	9.4409761428833	9.449790954589844	6.789400577545166
4	711	cut	8.721729278564453	5.233192443847656	3.547718048095703	3.9661660194396973
4	712	that	6.047863960266113	3.8360908031463623	3.1353886127471924	2.351088762283325
4	713	the	2.4105913639068604	5.045607089996338	4.432751655578613	4.766303062438965
4	714	barber	11.748076438903809	12.736282348632812	13.644429206848145	9.374544143676758
4	715	had	5.776764869689941	4.8902740478515625	2.392770290374756	2.4377245903015137
4	716	given	6.0197906494140625	4.897449016571045	4.846676826477051	4.729875564575195
4	717	me.	8.143603324890137	6.046058177947998	6.176482677459717	5.614019870758057
4	718	When	4.511631488800049	4.477777481079102	4.43748664855957	4.238068580627441
4	719	he	2.7461869716644287	3.168210506439209	3.27925968170166	2.827303886413574
4	720	finished	8.218253135681152	5.077578067779541	5.213468551635742	5.072426795959473
4	721	shaving	11.783541679382324	9.800008773803711	7.516281604766846	7.524058818817139
4	722	off	3.5293235778808594	4.600214004516602	2.673631191253662	2.443371295928955
4	723	all	5.684175968170166	4.224154472351074	3.580484390258789	3.769636392593384
4	724	my	5.399080276489258	4.697879791259766	3.881260395050049	2.814067840576172
4	725	hair	6.532061576843262	7.214925289154053	6.680805206298828	2.695300817489624
4	726	and	1.0134422779083252	2.1080527305603027	2.1041300296783447	1.425202488899231
4	727	made	6.906609535217285	6.530738830566406	5.351081848144531	5.749659538269043
4	728	me	4.490229606628418	3.538778305053711	2.9032158851623535	1.2856810092926025
4	729	smell	11.433416366577148	8.966998100280762	8.262090682983398	6.2814788818359375
4	730	real	10.384196281433105	7.344956874847412	7.309508323669434	7.514746189117432
4	731	good	5.69895601272583	2.4350719451904297	3.239945888519287	2.669160842895508
4	732	with	5.539090156555176	5.121401786804199	3.290969133377075	3.915370225906372
4	733	his	4.029426097869873	3.825183868408203	3.459995985031128	4.868495464324951
4	734	powder,	14.022652626037598	13.923212051391602	13.063567161560059	13.284220695495605
4	735	the	3.8286802768707275	3.3911259174346924	3.8022727966308594	4.431989669799805
4	736	barber	11.748076438903809	11.290786743164062	9.892838478088379	9.521265029907227
4	737	handed	11.361647605895996	11.339868545532227	9.137303352355957	7.701874732971191
4	738	me	6.002683639526367	1.0021039247512817	1.2946178913116455	1.3556514978408813
4	739	a	3.6053695678710938	1.0650177001953125	0.8531152009963989	0.8319828510284424
4	740	nickel	11.551040649414062	9.474533081054688	9.545455932617188	10.319961547851562
4	741	and	2.080035924911499	2.192244052886963	2.5635321140289307	1.8498399257659912
4	742	told	7.270203113555908	8.798267364501953	8.300151824951172	5.1044416427612305
4	743	me	1.8797370195388794	1.9620089530944824	1.8872790336608887	2.0358433723449707
4	744	to	1.4214941263198853	2.9748125076293945	1.8836926221847534	1.498674750328064
4	745	go	4.874555587768555	3.720964193344116	2.9134480953216553	2.2850611209869385
4	746	outside	7.378982067108154	5.765813827514648	5.004090309143066	5.106322288513184
4	747	to	5.193722248077393	2.500387668609619	2.5472259521484375	2.484379768371582
4	748	the	2.496473789215088	2.9807400703430176	3.1783220767974854	3.1499242782592773
4	749	snack	12.882577896118164	12.140212059020996	10.54586410522461	9.115134239196777
4	750	machine	7.910676002502441	5.164508819580078	5.150236129760742	5.485480785369873
4	751	and	2.0630996227264404	2.2827847003936768	2.3747384548187256	2.0457699298858643
4	752	buy	8.002514839172363	7.750568866729736	6.12043571472168	6.273218631744385
4	753	myself	8.471029281616211	7.100540637969971	6.4966206550598145	6.582983016967773
4	754	a	3.6941299438476562	1.0002206563949585	0.8996608853340149	0.7365800142288208
4	755	candy	11.577995300292969	10.622276306152344	7.719845771789551	7.5342841148376465
4	756	bar.	8.648350715637207	2.855666160583496	2.4723119735717773	2.0799641609191895
4	757	I	3.1615843772888184	2.8403918743133545	3.0284531116485596	1.8538708686828613
4	758	handed	11.241065979003906	8.099089622497559	8.137590408325195	8.06005573272705
4	759	him	4.597537994384766	1.9205867052078247	1.5274819135665894	2.1564369201660156
4	760	the	4.548842430114746	1.5830488204956055	1.524103045463562	1.3740752935409546
4	761	nickel	12.782144546508789	10.938923835754395	10.075730323791504	9.599475860595703
4	762	back	6.293869972229004	4.8597493171691895	1.9706133604049683	2.201852798461914
4	763	and	3.435290813446045	2.7004265785217285	2.7831521034240723	3.906414031982422
4	764	told	7.270203113555908	5.773431301116943	8.03586483001709	7.913118839263916
4	765	him	2.23098087310791	1.7772331237792969	1.8191081285476685	1.6018279790878296
4	766	that	3.541144609451294	1.4275258779525757	1.658139705657959	1.755610704421997
4	767	I	3.5807271003723145	3.7143306732177734	3.627249240875244	3.364938259124756
4	768	was	3.2613022327423096	2.6549086570739746	1.5370092391967773	1.2440253496170044
4	769	not	3.1249823570251465	4.200658798217773	3.468747138977051	3.1483726501464844
4	770	hungry.	13.816461563110352	11.937390327453613	9.392132759094238	9.661646842956543
4	771	'I'm	10.550508499145508	10.678359031677246	10.860328674316406	11.365538597106934
4	772	so	3.3322017192840576	3.345086097717285	3.986513137817383	3.9854907989501953
4	773	sorry,	9.74563217163086	2.9036643505096436	3.7921252250671387	4.487314224243164
4	774	baby,'	13.180235862731934	13.582902908325195	8.869476318359375	6.403312683105469
4	775	he	1.9339544773101807	2.06274676322937	2.0165274143218994	3.2074246406555176
4	776	said,	3.8791491985321045	2.6513612270355225	2.2840561866760254	2.338789224624634
4	777	as	4.394487380981445	4.256865501403809	3.595585346221924	3.462313652038574
4	778	I	3.938399076461792	3.55142879486084	4.084714889526367	3.4335789680480957
4	779	climbed	10.69519329071045	7.743450164794922	6.212314128875732	6.127488136291504
4	780	out	2.4847800731658936	2.562709093093872	2.7935738563537598	2.4175119400024414
4	781	of	0.4698842167854309	0.2628330588340759	0.31936395168304443	0.2813299298286438
4	782	his	4.106517791748047	3.552615165710449	2.022641658782959	4.9666314125061035
4	783	barber	11.607337951660156	11.671857833862305	10.258026123046875	10.381485939025879
4	784	chair.	6.295705795288086	6.012369632720947	5.899948596954346	3.97189998626709
4	785	'I	8.025217056274414	8.53659725189209	7.98945426940918	8.007240295410156
4	786	am	2.7498838901519775	3.038100242614746	3.472777843475342	3.3519654273986816
4	787	not	1.617912769317627	2.2897837162017822	2.318194627761841	2.339614152908325
4	788	a	3.2414004802703857	2.6783416271209717	2.1224563121795654	2.484292507171631
4	789	baby,'	16.098037719726562	15.607931137084961	15.61688232421875	10.759905815124512
4	790	I	3.9494457244873047	4.070815563201904	4.116429805755615	3.5415029525756836
4	791	said,	6.275148868560791	2.467914342880249	2.188378095626831	2.3181662559509277
4	792	as	4.394487380981445	5.355292320251465	4.714646339416504	5.576706886291504
4	793	I	3.938399076461792	3.55142879486084	1.332602858543396	1.4254441261291504
4	794	wiped	11.422293663024902	10.167963027954102	7.315795421600342	7.361431121826172
4	795	the	3.8410122394561768	1.5840681791305542	1.5525931119918823	1.5748472213745117
4	796	tears	12.22815990447998	5.693270683288574	4.714789390563965	2.958509683609009
4	797	from	2.5930614471435547	3.064763069152832	0.45026421546936035	0.8460299968719482
4	798	my	4.835951805114746	2.2905895709991455	2.1618571281433105	1.2038483619689941
4	799	eyes.	6.291691780090332	6.534795761108398	2.0061745643615723	1.4713181257247925
4	800	I	3.048654079437256	1.6784433126449585	1.7988553047180176	1.4338319301605225
4	801	then	7.979889869689941	5.925960063934326	6.098352432250977	5.961973667144775
4	802	sat	8.787602424621582	6.156957149505615	5.135495185852051	5.016851425170898
4	803	down	1.3111861944198608	0.9024579524993896	0.6206138134002686	1.0248911380767822
4	804	on	2.3640475273132324	2.8410720825195312	1.870542049407959	2.8455917835235596
4	805	the	0.8019846081733704	1.5590845346450806	0.7219682931900024	0.5368939638137817
4	806	floor	8.421366691589355	5.640459060668945	3.9723329544067383	2.3678972721099854
4	807	and	2.045071840286255	1.7943813800811768	1.9560682773590088	1.4852337837219238
4	808	brushed	12.387104034423828	9.001933097839355	8.602937698364258	8.828328132629395
4	809	away	4.62632942199707	4.617097854614258	4.847559452056885	3.706127643585205
4	810	the	4.81139612197876	1.437131643295288	0.9739172458648682	0.8175588846206665
4	811	hair	9.385879516601562	8.425874710083008	4.202310085296631	4.543005466461182
4	812	that	4.203885078430176	3.742563009262085	2.9524893760681152	2.4124858379364014
4	813	had	5.105801105499268	3.7928366661071777	3.4793946743011475	2.214634895324707
4	814	accumulated	9.83918571472168	7.515456199645996	7.59269905090332	6.347357273101807
4	815	on	3.744446039199829	4.089881896972656	3.427187442779541	2.0168724060058594
4	816	my	4.591984748840332	4.671601295471191	4.045287132263184	3.5613744258880615
4	817	shiny	10.93685531616211	10.24902629852295	9.815674781799316	10.94965648651123
4	818	new	4.938077449798584	0.766411542892456	0.9991059303283691	1.0168066024780273
4	819	Buster	15.440580368041992	13.958028793334961	13.200399398803711	13.882102966308594
4	820	Brown	6.573396682739258	5.398896217346191	4.547502517700195	5.371886253356934
4	821	shoes.	12.871837615966797	13.108709335327148	9.524279594421387	6.638289928436279
4	822	My	5.091560363769531	5.234561920166016	5.4952006340026855	5.6003031730651855
4	823	head	5.647003173828125	5.751342296600342	5.718777656555176	6.096927642822266
4	824	was	5.150592803955078	1.6588267087936401	1.588390588760376	1.3166923522949219
4	825	no	4.208745956420898	6.51190185546875	8.142007827758789	7.6109089851379395
4	826	longer	1.3664039373397827	3.079718828201294	0.7818480134010315	0.36211082339286804
4	827	in	4.105779647827148	4.366909027099609	3.197411060333252	3.378474712371826
4	828	the	0.8811151385307312	1.329371690750122	1.670989990234375	1.4419230222702026
4	829	clouds,	12.407611846923828	10.985089302062988	10.366155624389648	10.288997650146484
4	830	and	2.1930434703826904	2.02679705619812	2.1928958892822266	1.8340625762939453
4	831	I	4.29294490814209	4.929710865020752	3.898869514465332	3.6032896041870117
4	832	got	4.151237487792969	4.77381706237793	4.884553909301758	4.676303863525391
4	833	up	4.224085807800293	4.504201889038086	4.444550037384033	3.9310531616210938
4	834	off	7.35853385925293	4.475836753845215	4.0909342765808105	3.613140106201172
4	835	the	0.8954268097877502	0.5885467529296875	0.29806482791900635	0.32922258973121643
4	836	floor,	9.659520149230957	6.136666297912598	4.258078575134277	2.9617209434509277
4	837	brushed	10.267062187194824	10.208855628967285	10.27607536315918	9.435275077819824
4	838	off	2.4966070652008057	3.5055148601531982	2.3204617500305176	1.749640703201294
4	839	my	4.626021385192871	5.0677642822265625	4.495511054992676	4.287319183349609
4	840	short	9.149885177612305	9.079632759094238	9.436983108520508	8.12820053100586
4	841	pants,	11.98331069946289	9.51252269744873	5.540197372436523	6.5095415115356445
4	842	and	2.094931125640869	2.3402702808380127	2.093031406402588	1.8673895597457886
4	843	walked	9.819995880126953	7.416942596435547	6.680814743041992	5.685812950134277
4	844	sullenly	15.608513832092285	12.958830833435059	12.564139366149902	12.409761428833008
4	845	towards	7.947902679443359	3.936023473739624	3.304173469543457	3.228085994720459
4	846	the	0.4712667465209961	1.438612937927246	0.9364950060844421	0.7097105979919434
4	847	door.	8.959251403808594	6.510297775268555	5.284910678863525	3.259573459625244
4	848	The	2.4736900329589844	2.6441473960876465	2.619537353515625	2.768543243408203
4	849	matron	13.702165603637695	11.742223739624023	11.134136199951172	10.975452423095703
4	850	was	3.4317758083343506	2.572451591491699	2.357147693634033	2.612837791442871
4	851	smiling	10.023366928100586	8.374839782714844	6.269792556762695	5.399614334106445
4	852	at	1.604341745376587	2.042579174041748	1.7426323890686035	2.0326693058013916
4	853	me	6.693138122558594	2.9561564922332764	1.7960751056671143	1.8716541528701782
4	854	sort	10.435824394226074	11.111223220825195	11.398632049560547	11.429741859436035
4	855	of	0.02007364295423031	0.3460305631160736	0.15724095702171326	0.15534062683582306
4	856	funny	12.390117645263672	7.137189865112305	8.5047025680542	5.828145980834961
4	857	like.	9.755331039428711	11.0435791015625	9.646570205688477	8.26008129119873
4	858	The	3.0607237815856934	3.6962084770202637	3.3847060203552246	3.6100714206695557
4	859	barber	11.940359115600586	11.40044116973877	10.877596855163574	11.217854499816895
4	860	upset	12.535116195678711	11.991575241088867	11.801098823547363	11.611137390136719
4	861	by	3.7596330642700195	2.774606227874756	3.2613468170166016	3.163484573364258
4	862	the	1.1369578838348389	1.2008402347564697	3.321031332015991	2.645038604736328
4	863	matron	15.205812454223633	13.492166519165039	15.786502838134766	13.775015830993652
4	864	said	6.269847869873047	5.659656524658203	7.383128643035889	7.704006671905518
4	865	to	3.5366134643554688	2.9561514854431152	2.476867914199829	2.625217914581299
4	866	her,	9.036238670349121	6.046794414520264	3.9931654930114746	3.817744016647339
4	867	'You	8.421256065368652	8.693387985229492	4.916358947753906	4.902993679046631
4	868	are	2.4173836708068848	2.5134897232055664	2.4799649715423584	1.6999037265777588
4	869	just	4.842331409454346	4.944571495056152	4.58186674118042	4.554795742034912
4	870	a	2.5408732891082764	2.480753183364868	1.6625702381134033	1.8688246011734009
4	871	damn	9.253636360168457	8.580279350280762	8.96480655670166	6.778901100158691
4	872	bitch,	9.369895935058594	9.644010543823242	8.886330604553223	10.729830741882324
4	873	lady.'	16.322999954223633	16.092666625976562	15.67452621459961	15.286079406738281
4	874	She	2.7238049507141113	3.0799083709716797	2.832808494567871	2.923459529876709
4	875	yelled	9.699539184570312	7.687792778015137	7.030519485473633	6.441226959228516
4	876	back	4.780106544494629	3.3939049243927	3.1194629669189453	3.423034906387329
4	877	at	4.204579830169678	1.3669767379760742	1.1981468200683594	1.0888252258300781
4	878	him	6.8898725509643555	3.2173075675964355	2.4957377910614014	2.128572463989258
4	879	at	3.6750845909118652	4.180459022521973	4.378924369812012	4.588970184326172
4	880	the	0.8910643458366394	1.4400017261505127	1.3863751888275146	1.2660276889801025
4	881	top	5.622998237609863	3.92647385597229	3.7291369438171387	4.079978942871094
4	882	of	0.36658501625061035	1.237341046333313	0.2714354693889618	0.19908097386360168
4	883	her	5.052027225494385	3.7217330932617188	4.130640983581543	4.357985019683838
4	884	lungs,	9.345926284790039	10.366796493530273	6.322066307067871	5.346935272216797
4	885	before	6.932762145996094	6.349981784820557	6.265378952026367	5.918692588806152
4	886	walking	7.552426338195801	5.820049285888672	6.026485443115234	6.381219387054443
4	887	toward	6.484212875366211	5.337267875671387	5.086239337921143	4.521980285644531
4	888	the	0.6219257712364197	0.8237698674201965	0.6662876605987549	0.673166036605835
4	889	office,	9.6426362991333	9.206338882446289	8.043441772460938	7.618343353271484
4	890	as	4.254545211791992	4.4180498123168945	4.4490742683410645	4.704164505004883
4	891	fast	7.702457904815674	9.191278457641602	8.344278335571289	7.828884124755859
4	892	as	3.295882225036621	0.1670776903629303	0.05838935449719429	0.0375121645629406
4	893	she	5.501832962036133	4.218865871429443	4.358916759490967	3.387220859527588
4	894	could.	8.610361099243164	6.948636054992676	2.501176118850708	1.959489345550537
4	895	To	5.273405075073242	5.727928638458252	5.867076396942139	5.977214336395264
4	896	show	5.774084091186523	5.5553388595581055	5.615420341491699	5.685125827789307
4	897	his	5.061573028564453	4.042684555053711	3.900796413421631	4.194165229797363
4	898	anger,	10.562891960144043	7.49522590637207	6.038501262664795	5.784192085266113
4	899	the	3.564927816390991	3.480504035949707	3.9796864986419678	3.130397319793701
4	900	man	7.028679370880127	5.7101898193359375	4.395098686218262	4.354701519012451
4	901	hit	8.803464889526367	7.523801803588867	7.164947509765625	6.312609672546387
4	902	the	1.0053517818450928	2.364271879196167	1.994316816329956	1.7529019117355347
4	903	wall	7.8020524978637695	5.570496082305908	4.342485427856445	3.972775936126709
4	904	with	2.831092119216919	3.2505085468292236	2.627272129058838	2.2843527793884277
4	905	his	4.029426097869873	3.1182262897491455	2.4402549266815186	2.7381904125213623
4	906	hand	5.145938873291016	5.140542984008789	3.3702354431152344	3.7806882858276367
4	907	and	2.10019588470459	2.255006790161133	3.865833282470703	3.5344738960266113
4	908	then	4.470452308654785	4.463529586791992	3.989427328109741	3.8422112464904785
4	909	walked	8.122418403625488	6.5857110023498535	5.6234869956970215	5.070605754852295
4	910	outside	6.4874114990234375	5.3289713859558105	5.359339714050293	5.832050800323486
4	911	where	7.102232456207275	5.375478267669678	4.150845527648926	3.8101601600646973
4	912	he	2.7972869873046875	2.4419093132019043	2.010889768600464	1.5188593864440918
4	913	stood	6.654452800750732	6.206369400024414	5.625056266784668	5.494377136230469
4	914	against	4.886118412017822	5.52004861831665	5.221895694732666	5.966044902801514
4	915	the	0.7268486618995667	1.04395592212677	1.4051340818405151	1.3448213338851929
4	916	brick	10.88456916809082	9.834745407104492	7.60352087020874	7.987364768981934
4	917	wall,	4.320385932922363	3.9314677715301514	2.9006288051605225	2.2363150119781494
4	918	smoking	9.481657981872559	9.04414176940918	9.447665214538574	9.971534729003906
4	919	a	4.4848527908325195	1.3891938924789429	3.1962172985076904	1.7177671194076538
4	920	cigarette.	11.237144470214844	4.338772773742676	2.488039970397949	2.9232282638549805
4	921	I	3.26358962059021	2.9384899139404297	3.9573731422424316	3.336758613586426
4	922	understood	8.10766887664795	7.757676601409912	7.8353986740112305	7.582282066345215
4	923	right	9.16555404663086	6.4164323806762695	6.510861396789551	6.360961437225342
4	924	there	7.782162189483643	3.714811325073242	4.434739112854004	4.117148399353027
4	925	my	11.309284210205078	8.406766891479492	8.171402931213379	6.567630767822266
4	926	haircut	12.246841430664062	11.319218635559082	11.354260444641113	10.741724967956543
4	927	was	3.4372990131378174	3.4568932056427	2.026437759399414	2.4945178031921387
4	928	something	6.708872318267822	5.834597587585449	5.271099090576172	6.073774814605713
4	929	that	1.8623853921890259	1.861931324005127	1.658392310142517	1.8925745487213135
4	930	had	5.105801105499268	4.891757965087891	3.1020336151123047	3.1371264457702637
4	931	been	1.1064952611923218	1.2696173191070557	1.4455678462982178	1.5708261728286743
4	932	out	6.933784008026123	6.366363525390625	7.1292595863342285	5.9297027587890625
4	933	of	0.4698842167854309	0.9258081912994385	0.874373197555542	0.9826271533966064
4	934	the	0.8314511775970459	1.433730125427246	1.4124127626419067	1.4283987283706665
4	935	power	6.402166843414307	7.522749900817871	8.079126358032227	7.802672386169434
4	936	of	1.1885660886764526	0.7142272591590881	1.1913875341415405	1.8288856744766235
4	937	the	0.8314511775970459	1.5530987977981567	1.5303901433944702	1.4489827156066895
4	938	barber	11.748076438903809	12.500900268554688	13.239494323730469	12.658987045288086
4	939	and	2.9220032691955566	2.5278711318969727	2.571683168411255	2.0628857612609863
4	940	then	4.470452308654785	5.699481964111328	4.571246147155762	5.1757659912109375
4	941	I	3.389974594116211	4.152177810668945	4.025403022766113	3.7847466468811035
4	942	slowly	11.202512741088867	8.341541290283203	7.842050552368164	8.404220581054688
4	943	walked	7.704667568206787	4.310300827026367	4.070829391479492	4.230957984924316
4	944	outside	6.4874114990234375	6.296878814697266	5.871610641479492	5.694951057434082
4	945	to	5.193722248077393	1.5850721597671509	1.6492851972579956	1.798620581626892
4	946	join	6.0910749435424805	5.942283630371094	5.271750450134277	4.47791051864624
4	947	the	0.7454726099967957	1.0374486446380615	1.3710427284240723	1.1563717126846313
4	948	man.	10.325081825256348	11.24973201751709	11.360017776489258	10.364730834960938
4	949	He	2.6776528358459473	2.273944616317749	2.533240556716919	2.356090784072876
4	950	looked	5.155279159545898	5.350496292114258	4.822076320648193	5.268863201141357
4	951	down,	6.034772872924805	5.862713813781738	6.034972667694092	5.6123270988464355
4	952	smiled	10.645096778869629	5.83551025390625	5.873344898223877	5.396897315979004
4	953	at	1.237927794456482	1.9460837841033936	2.027801036834717	1.7201944589614868
4	954	me,	7.7812957763671875	3.6922495365142822	2.7601804733276367	2.485868453979492
4	955	then	5.186588287353516	4.6109619140625	3.5097877979278564	2.926473379135132
4	956	he	3.456143617630005	3.9219064712524414	3.313521385192871	3.7623791694641113
4	957	patted	12.651384353637695	9.646735191345215	9.067893981933594	7.304850101470947
4	958	me	3.0774171352386475	2.681030035018921	2.269911050796509	0.7817867398262024
4	959	on	3.594970941543579	0.22041469812393188	0.21096524596214294	0.163309708237648
4	960	the	0.8019847273826599	2.0145812034606934	0.05466542765498161	0.03872714191675186
4	961	top	5.622998237609863	5.541064262390137	6.682709217071533	7.29579496383667
4	962	of	0.36658501625061035	1.2373411655426025	0.8245108127593994	0.7743942737579346
4	963	my	4.943398475646973	3.2056241035461426	3.451125144958496	3.260547161102295
4	964	bald	12.698997497558594	11.457703590393066	11.54085922241211	11.393939018249512
4	965	as	5.779423236846924	7.687405586242676	7.757049560546875	8.961544036865234
4	966	a	1.4127646684646606	1.495522379875183	1.5646270513534546	1.9046458005905151
4	967	coot	16.151702880859375	15.322675704956055	11.788800239562988	11.307817459106445
4	968	head.	12.700663566589355	12.443873405456543	12.588052749633789	11.442145347595215
4	969	It	3.4996044635772705	3.4583184719085693	3.3653759956359863	3.4244751930236816
4	970	was	1.4277337789535522	1.4624431133270264	1.6924649477005005	1.591611623764038
4	971	a	2.4355335235595703	2.0869483947753906	2.14336895942688	2.1799631118774414
4	972	fact	8.199386596679688	7.370299816131592	7.475348472595215	7.462234973907471
4	973	of	3.669194221496582	1.8992130756378174	2.0306434631347656	2.038189649581909
4	974	my	4.943398475646973	4.641321182250977	6.194303512573242	5.8816914558410645
4	975	life	4.954126358032227	4.189427375793457	3.2954235076904297	1.9139211177825928
4	976	that	4.108377933502197	3.696108818054199	3.2716946601867676	2.873302459716797
4	977	I	3.5807271003723145	2.3553266525268555	1.4626872539520264	1.3774058818817139
4	978	was	3.2613022327423096	2.6549086570739746	2.8438987731933594	2.4510154724121094
4	979	not	3.1249823570251465	4.200658798217773	3.468747138977051	4.694724082946777
4	980	gonna	8.796269416809082	9.234050750732422	7.645112991333008	6.95725154876709
4	981	have	3.519900321960449	4.023376941680908	3.9243688583374023	3.8905818462371826
4	982	hair	13.034482955932617	10.616576194763184	9.485595703125	9.362214088439941
4	983	that	4.203885078430176	2.9577598571777344	3.2695438861846924	3.5481646060943604
4	984	was	3.443213701248169	2.5886123180389404	3.6251118183135986	4.4193267822265625
4	985	anything	8.868825912475586	8.25102424621582	8.512713432312012	7.979811668395996
4	986	like	3.2064223289489746	2.8622288703918457	2.3747382164001465	3.5327980518341064
4	987	Elvis's	16.336265563964844	14.612606048583984	13.572202682495117	13.397560119628906
4	988	anytime	13.14575481414795	11.520105361938477	9.197976112365723	9.310192108154297
4	989	soon.	7.203712463378906	2.8500280380249023	2.151355743408203	1.2058608531951904
4	990	I	2.9734230041503906	3.2958388328552246	3.9500646591186523	3.67742657661438
4	991	then	7.979889869689941	6.314105033874512	7.385565280914307	7.764826774597168
4	992	looked	7.055889129638672	4.600996494293213	4.611038684844971	4.227177143096924
4	993	up	3.4988441467285156	2.388679265975952	2.235485315322876	2.1970605850219727
4	994	at	4.221683025360107	1.2327443361282349	1.1033716201782227	2.360586404800415
4	995	the	0.8910643458366394	1.3603789806365967	1.3956173658370972	1.2247262001037598
4	996	barber	11.748076438903809	10.836282730102539	10.615066528320312	10.764396667480469
4	997	with	4.897072792053223	4.709281921386719	5.475964546203613	4.662376880645752
4	998	my	4.9336323738098145	5.778087615966797	4.931488037109375	4.145177364349365
4	999	wet	10.827709197998047	9.551992416381836	9.159954071044922	8.380858421325684
4	1000	red	7.597782135009766	6.7454986572265625	6.940332412719727	7.637924671173096
4	1001	eyes	5.664928436279297	4.352128982543945	4.579773902893066	4.944216728210449
4	1002	and	1.8893758058547974	1.0563514232635498	1.1624877452850342	2.1807403564453125
4	1003	asked,	10.83190631866455	8.287399291992188	9.232595443725586	8.745978355407715
4	1004	'Do	6.465207099914551	5.5616679191589355	6.289593696594238	6.816911697387695
4	1005	you	0.7953896522521973	0.18919838964939117	0.14129522442817688	0.11417526751756668
4	1006	know	3.261000156402588	2.0071656703948975	2.0612809658050537	1.9396121501922607
4	1007	if	4.557516098022461	4.7436323165893555	3.878032684326172	3.0463671684265137
4	1008	Elvis	13.535198211669922	11.509271621704102	12.03520679473877	8.989952087402344
4	1009	Presley	4.734370708465576	2.27862548828125	3.481656789779663	3.299346923828125
4	1010	has	3.675044059753418	4.189557075500488	4.717167854309082	4.167760848999023
4	1011	green	12.591753959655762	11.52509593963623	11.374856948852539	10.923276901245117
4	1012	bones?'	19.25065803527832	19.040836334228516	18.77920150756836	18.68907928466797
5	0	This	3.5502068996429443	3.5502066612243652	3.5502068996429443	3.5502066612243652
5	1	is	0.6686623692512512	0.6686623692512512	0.6686623692512512	0.6686623692512512
5	2	a	1.9627187252044678	2.023198366165161	2.023198127746582	2.023198366165161
5	3	story	6.12904167175293	6.363245964050293	5.446133613586426	5.446133613586426
5	4	of	1.249690055847168	2.2908692359924316	1.1584737300872803	1.5139349699020386
5	5	how	6.531007766723633	2.478304862976074	3.224383592605591	3.369886875152588
5	6	Mr.	9.54255199432373	8.590084075927734	6.97194242477417	7.3410234451293945
5	7	Sticky	13.174789428710938	13.854839324951172	13.897189140319824	13.426783561706543
5	8	got	10.02320671081543	6.568023681640625	4.87941837310791	3.851635694503784
5	9	in	4.912785053253174	3.9449121952056885	3.710679531097412	4.165351390838623
5	10	Abby's	17.091739654541016	14.578276634216309	14.014403343200684	14.279191970825195
5	11	fish	10.562858581542969	10.849231719970703	10.474117279052734	10.291911125183105
5	12	tank.	9.522200584411621	3.883859634399414	2.249330759048462	2.329989194869995
5	13	'He's	12.91596508026123	13.123483657836914	12.388320922851562	12.441001892089844
5	14	very	4.473992347717285	4.269658088684082	3.840569496154785	3.86607027053833
5	15	small,'	13.803102493286133	8.79690933227539	7.331646919250488	6.8600358963012695
5	16	Abby's	16.64177131652832	17.21583366394043	17.606761932373047	16.5428524017334
5	17	mom	5.711251258850098	4.525692462921143	4.309085845947266	3.282548189163208
5	18	said	3.589052677154541	3.4905924797058105	2.514047622680664	2.789933443069458
5	19	as	5.688969135284424	4.444599628448486	4.822342872619629	1.8735835552215576
5	20	she	5.501832962036133	1.8078489303588867	0.36775121092796326	0.5304290056228638
5	21	peered	12.325846672058105	8.00048542022705	7.305580139160156	6.856463432312012
5	22	at	1.929453730583191	1.8525317907333374	2.0118086338043213	1.7149295806884766
5	23	the	0.8910643458366394	1.5493615865707397	1.2369860410690308	1.0244100093841553
5	24	tiny	9.125244140625	9.238656997680664	6.357542991638184	6.140825271606445
5	25	water	4.519144535064697	7.3298468589782715	7.404603004455566	7.056154251098633
5	26	snail.	16.581798553466797	13.770063400268555	11.438448905944824	13.032032012939453
5	27	Abby	13.040918350219727	12.714409828186035	12.6840181350708	12.785889625549316
5	28	said	3.376964807510376	4.610879898071289	4.380651473999023	4.374540328979492
5	29	that	1.3828471899032593	2.199650287628174	1.8058350086212158	1.8760024309158325
5	30	he	3.0981459617614746	2.4034128189086914	3.479841947555542	3.2308034896850586
5	31	would	3.8460867404937744	2.9016454219818115	2.4173643589019775	3.158487319946289
5	32	grow	7.084650993347168	7.101766586303711	7.555768966674805	8.380955696105957
5	33	and	4.220326900482178	2.931340217590332	4.6343464851379395	4.663698196411133
5	34	then	4.470452308654785	5.023148059844971	4.505712509155273	5.207974433898926
5	35	pulled	8.03626823425293	7.144792079925537	8.400308609008789	9.865631103515625
5	36	her	4.083941459655762	3.3520450592041016	3.3593063354492188	5.423122882843018
5	37	pajama	13.273307800292969	10.122420310974121	10.117795944213867	10.106581687927246
5	38	bottoms	2.7955617904663086	2.539041757583618	1.2777011394500732	1.1141881942749023
5	39	up	3.127986431121826	6.475530624389648	5.434191703796387	2.190202236175537
5	40	again	7.6487016677856445	6.059036731719971	7.467599868774414	6.4741129875183105
5	41	before	4.44646692276001	4.741739273071289	4.284915447235107	4.066826343536377
5	42	she	4.131157875061035	3.9390037059783936	3.7891812324523926	3.1778223514556885
5	43	got	4.4713945388793945	3.758362293243408	3.998920440673828	3.941606044769287
5	44	into	3.613119125366211	3.312460422515869	3.482434034347534	3.780256986618042
5	45	bed,	11.857513427734375	6.957657814025879	5.840144157409668	4.853728771209717
5	46	for	5.524421691894531	6.126115798950195	6.316807746887207	6.711523532867432
5	47	they	9.362554550170898	4.055394172668457	3.928201198577881	5.204763889312744
5	48	were	2.3084557056427	2.2001240253448486	1.6469298601150513	1.6320921182632446
5	49	always	5.863387107849121	6.200423240661621	5.1946563720703125	5.100806713104248
5	50	falling	8.956658363342285	7.82499885559082	7.587963581085205	7.180023670196533
5	51	down.	4.766518592834473	4.46508264541626	4.42950439453125	4.317930221557617
5	52	Usually,	9.606602668762207	9.437105178833008	9.372562408447266	9.219277381896973
5	53	Abby's	15.735130310058594	15.650856018066406	15.746917724609375	15.255353927612305
5	54	mom	5.711251258850098	5.568591117858887	5.195335388183594	5.5896100997924805
5	55	got	4.733356475830078	5.413066387176514	5.241091251373291	5.366089820861816
5	56	up	4.224085807800293	4.362041473388672	3.715921401977539	3.8272626399993896
5	57	at	4.221682548522949	3.792677164077759	3.4156808853149414	4.1444878578186035
5	58	the	0.8910643458366394	1.3603789806365967	2.6160807609558105	3.4420318603515625
5	59	crack	10.53177261352539	9.471590042114258	7.8252973556518555	1.9589303731918335
5	60	of	5.655256748199463	1.3031328916549683	0.1161881536245346	0.1869371235370636
5	61	dawn,	13.621175765991211	4.939321517944336	1.8352341651916504	1.4334051609039307
5	62	but	3.657259225845337	3.4937257766723633	3.503643035888672	3.7334461212158203
5	63	it	2.505795478820801	2.6464385986328125	2.7890796661376953	2.5800342559814453
5	64	was	1.6763286590576172	2.136904716491699	1.5137585401535034	1.2806795835494995
5	65	Abby	16.021862030029297	14.723413467407227	14.756567001342773	15.25875186920166
5	66	who	6.943724632263184	4.347082138061523	1.2702363729476929	0.5316332578659058
5	67	jumped	7.717210292816162	7.471009731292725	6.79050874710083	6.533446311950684
5	68	out	2.1548352241516113	2.5193867683410645	2.5093727111816406	2.231238842010498
5	69	of	0.4698842167854309	0.549909234046936	0.5704612135887146	0.3607708215713501
5	70	bed	10.833683013916016	5.112043380737305	3.0954904556274414	3.8278610706329346
5	71	first	9.118769645690918	8.393417358398438	7.296823024749756	7.093806266784668
5	72	the	7.0150651931762695	5.987022876739502	6.018499374389648	6.891618251800537
5	73	next	5.294618606567383	5.974664211273193	1.6123576164245605	2.9717116355895996
5	74	morning	6.843759059906006	5.659477233886719	3.320328950881958	1.745331048965454
5	75	and	2.3473026752471924	2.1470179557800293	2.0421361923217773	1.9450629949569702
5	76	switched	10.398762702941895	9.11396312713623	8.909920692443848	8.92176342010498
5	77	on	2.889961004257202	3.2077765464782715	2.2052857875823975	2.1615896224975586
5	78	the	0.8019846081733704	1.5032330751419067	0.8857434988021851	0.729607105255127
5	79	light	7.1496782302856445	8.307202339172363	4.518228530883789	4.079322814941406
5	80	in	3.3332700729370117	3.7323241233825684	4.3778977394104	3.059331178665161
5	81	her	5.417912483215332	4.601171970367432	3.832521915435791	4.458369731903076
5	82	fish	10.671393394470215	10.753580093383789	11.469734191894531	11.723487854003906
5	83	tank,	9.39804458618164	5.021539688110352	3.109454870223999	3.335498571395874
5	84	which	2.953936815261841	3.3316516876220703	3.2919211387634277	3.438993453979492
5	85	contained	8.120723724365234	6.505187511444092	5.2359418869018555	4.14100456237793
5	86	three	6.81599760055542	5.458143711090088	4.279575347900391	4.560575485229492
5	87	fish.	13.213884353637695	10.945850372314453	10.925654411315918	12.260730743408203
5	88	At	5.516422271728516	5.104063034057617	4.888635158538818	4.6860032081604
5	89	first,	6.175837993621826	4.080744743347168	3.878718852996826	3.5986101627349854
5	90	she	4.94668436050415	3.1498289108276367	3.1660008430480957	3.141964912414551
5	91	could	4.305610656738281	4.877546787261963	4.7448272705078125	4.737427234649658
5	92	see	4.291533946990967	3.107942581176758	2.541213035583496	3.145991325378418
5	93	neither	11.46493911743164	9.22618579864502	8.203193664550781	8.83735179901123
5	94	hide	10.45887279510498	11.217095375061035	11.102604866027832	10.795656204223633
5	95	nor	11.41363525390625	2.3172152042388916	0.06891892850399017	0.025842176750302315
5	96	hair	10.863893508911133	10.643056869506836	6.0183234214782715	1.79183030128479
5	97	of	4.20364236831665	2.865137815475464	1.628528356552124	2.2108583450317383
5	98	the	0.8314511775970459	1.4527381658554077	1.4268485307693481	1.7583205699920654
5	99	snail,	15.072303771972656	14.377975463867188	11.286513328552246	12.218621253967285
5	100	but	3.3038551807403564	3.004786729812622	3.132087230682373	3.3827388286590576
5	101	then	4.41710090637207	4.427881717681885	4.315208435058594	4.697566032409668
5	102	she	4.326254844665527	4.009326457977295	3.7618327140808105	3.518479585647583
5	103	spotted	8.976289749145508	7.850337505340576	7.76530647277832	6.357911109924316
5	104	him.	7.9097676277160645	4.928804397583008	4.732212066650391	4.795741558074951
5	105	It	3.651397228240967	3.5234451293945312	3.8413467407226562	3.762666940689087
5	106	had	4.751404285430908	4.336549758911133	3.7261195182800293	3.7858734130859375
5	107	taken	4.606523513793945	4.281938076019287	3.3717403411865234	3.6556813716888428
5	108	Abby	18.21643829345703	13.673192977905273	12.169241905212402	11.418379783630371
5	109	a	8.55076789855957	3.2183892726898193	4.306751251220703	2.081508159637451
5	110	while	10.808393478393555	5.683438301086426	6.45465612411499	2.8007943630218506
5	111	to	6.251297950744629	3.0325727462768555	5.260458946228027	0.2586432993412018
5	112	find	4.6265459060668945	4.852499961853027	3.7630951404571533	4.059322834014893
5	113	Sticky	16.84433937072754	14.864053726196289	15.034309387207031	14.650490760803223
5	114	because	9.492602348327637	7.424548149108887	8.078218460083008	8.87732219696045
5	115	he	2.4929628372192383	2.7588229179382324	2.061628818511963	1.9076013565063477
5	116	was	1.9666982889175415	1.8414418697357178	2.1483891010284424	2.373889207839966
5	117	clinging	11.72393798828125	10.05085277557373	9.907134056091309	8.667301177978516
5	118	to	0.07313429564237595	0.3910715579986572	0.4894218146800995	0.2795158326625824
5	119	the	2.496473789215088	1.339085578918457	1.4645344018936157	1.7261134386062622
5	120	glass	9.93226432800293	9.704915046691895	7.837120056152344	6.799878120422363
5	121	near	7.802118301391602	8.814966201782227	8.403614044189453	9.095300674438477
5	122	the	0.448859840631485	0.634830892086029	0.5986150503158569	0.49213123321533203
5	123	bottom,	9.889098167419434	7.236845016479492	6.901302337646484	5.571289539337158
5	124	right	5.2577009201049805	5.790035247802734	6.01643705368042	5.5733489990234375
5	125	next	6.086118698120117	4.430538177490234	2.767958402633667	2.127016544342041
5	126	to	3.4193851947784424	0.16272979974746704	0.024685939773917198	0.013651476241648197
5	127	the	2.496473789215088	1.5112063884735107	1.5104475021362305	0.7733008861541748
5	128	gravel.	14.776220321655273	13.918478965759277	12.909883499145508	12.59831428527832
5	129	At	5.192127227783203	4.848872184753418	4.795637130737305	4.772354602813721
5	130	school	9.574752807617188	8.564590454101562	8.711556434631348	8.9425048828125
5	131	that	4.333521842956543	5.468851566314697	4.712507724761963	4.485879898071289
5	132	day,	8.997432708740234	6.541722297668457	1.5436508655548096	1.3325406312942505
5	133	Abby,	15.159122467041016	14.796661376953125	14.218738555908203	13.578466415405273
5	134	encouraged	9.945087432861328	10.404472351074219	9.914030075073242	9.532702445983887
5	135	by	2.460430145263672	2.0512661933898926	1.9832082986831665	1.9013185501098633
5	136	her	5.267730712890625	4.573520660400391	1.3313597440719604	1.3630180358886719
5	137	teacher,	10.153029441833496	8.1983060836792	9.15017032623291	6.781240940093994
5	138	wrote	7.3302788734436035	7.258349418640137	7.020421028137207	6.727202415466309
5	139	excitedly	13.089386940002441	10.763463020324707	10.605154037475586	10.40621280670166
5	140	about	5.233027458190918	1.8715461492538452	1.2717376947402954	1.5347763299942017
5	141	the	1.1256111860275269	1.5276914834976196	1.3521820306777954	1.4804534912109375
5	142	small	7.829408645629883	7.9511399269104	7.666494369506836	7.764285087585449
5	143	and	3.615997552871704	4.2211527824401855	4.700809001922607	5.126031398773193
5	144	mysterious	10.93579387664795	7.888388633728027	8.064023971557617	7.295981407165527
5	145	Mr.	10.555129051208496	9.071561813354492	9.529098510742188	8.423480033874512
5	146	Sticky,	15.306867599487305	14.29942798614502	13.681199073791504	13.637045860290527
5	147	who	5.780515670776367	2.04787540435791	2.128357172012329	1.7713536024093628
5	148	you	7.002412796020508	6.770651340484619	7.744246006011963	6.033702850341797
5	149	could	4.282804489135742	5.043146133422852	3.777406930923462	4.497401237487793
5	150	mistake	12.449004173278809	9.747506141662598	9.138446807861328	7.924398899078369
5	151	for	2.813220500946045	3.126014232635498	3.650211811065674	0.15800365805625916
5	152	a	2.124595880508423	2.377500295639038	1.2670296430587769	1.133797526359558
5	153	piece	5.8114166259765625	6.871303558349609	7.557483196258545	6.05903959274292
5	154	of	0.12908436357975006	0.12419501692056656	0.1398221105337143	0.11116931587457657
5	155	gravel.	15.539878845214844	10.741263389587402	11.00531005859375	10.767133712768555
5	156	He	3.6937317848205566	3.549623966217041	3.02014422416687	3.076892852783203
5	157	seemed	6.693077564239502	6.0769734382629395	5.898653984069824	6.020501136779785
5	158	an	8.272367477416992	6.010751724243164	6.22575044631958	6.08411979675293
5	159	ideal	5.4729485511779785	4.276303291320801	3.919797420501709	4.224420547485352
5	160	pet	12.00670337677002	8.509865760803223	8.619975090026855	8.748062133789062
5	161	for	5.288117408752441	3.608156681060791	0.7832697629928589	0.5582080483436584
5	162	her,	7.8085527420043945	6.9277777671813965	7.300040245056152	6.943658351898193
5	163	some	7.362757205963135	7.297079563140869	7.202387809753418	7.653637409210205
5	164	of	1.1597652435302734	1.6159005165100098	1.6933526992797852	2.207319974899292
5	165	the	0.8314511775970459	0.6733253002166748	1.5315834283828735	1.492367148399353
5	166	girls	9.49294662475586	8.615636825561523	7.653616905212402	4.154213905334473
5	167	in	2.652952194213867	3.1173529624938965	2.723944664001465	2.7008860111236572
5	168	her	5.417912483215332	4.4454803466796875	3.679501533508301	3.148202896118164
5	169	class	8.710972785949707	6.996166229248047	3.344642400741577	2.5753724575042725
5	170	teased,	20.348831176757812	14.774682998657227	15.524859428405762	12.821414947509766
5	171	because	5.098208427429199	5.417694091796875	5.626571178436279	5.992875576019287
5	172	Abby	15.488533973693848	12.275198936462402	12.009366035461426	11.424763679504395
5	173	was	3.0582327842712402	2.9397127628326416	2.347515106201172	2.14977765083313
5	174	also	4.459504127502441	4.408480644226074	4.8436689376831055	4.748900413513184
5	175	very	7.222954750061035	5.018139839172363	4.661591529846191	4.9520039558410645
5	176	small.	7.14057731628418	6.65330696105957	7.586070537567139	8.97194766998291
5	177	That	4.939570426940918	4.726194858551025	4.910569190979004	4.887054443359375
5	178	evening,	10.535540580749512	8.792414665222168	9.196887016296387	9.971595764160156
5	179	Abby	11.262129783630371	9.799957275390625	9.920381546020508	10.091272354125977
5	180	turned	9.791128158569336	6.407548904418945	5.506400108337402	5.326051235198975
5	181	on	3.90289044380188	3.6015748977661133	2.838075637817383	2.352670431137085
5	182	the	0.8019846081733704	1.4367320537567139	1.5506869554519653	0.7534511685371399
5	183	light	7.1496782302856445	8.307202339172363	4.0387773513793945	3.7515268325805664
5	184	and	2.5507147312164307	2.8119819164276123	3.309292793273926	1.9074203968048096
5	185	found	7.103829383850098	7.594812870025635	7.056677341461182	7.190885543823242
5	186	Mr.	11.064379692077637	8.210317611694336	8.54651165008545	8.101219177246094
5	187	Sticky	13.174789428710938	13.595115661621094	12.931211471557617	12.946429252624512
5	188	clinging	14.903631210327148	14.07808780670166	11.523932456970215	10.057554244995117
5	189	to	0.07313429564237595	0.29083898663520813	0.21992561221122742	0.20510591566562653
5	190	the	2.496473789215088	1.3390856981277466	1.27675461769104	1.7318304777145386
5	191	pond	12.17824935913086	10.759308815002441	12.294981956481934	11.00680923461914
5	192	weed	13.183271408081055	11.067794799804688	11.214289665222168	10.797607421875
5	193	and	1.8306819200515747	2.271780252456665	2.567498207092285	2.533438205718994
5	194	bobbing	13.325763702392578	13.74972915649414	12.944968223571777	12.941827774047852
5	195	about	4.100985050201416	4.3588151931762695	5.093603610992432	7.383026123046875
5	196	in	6.790862560272217	1.5243945121765137	1.6086567640304565	1.3840680122375488
5	197	the	0.8811151385307312	1.3614659309387207	1.160160779953003	1.1217947006225586
5	198	air	7.220020294189453	6.482753276824951	7.354883670806885	4.730014801025391
5	199	bubbles.	11.704147338867188	10.465822219848633	12.780740737915039	10.810407638549805
5	200	'That	12.324929237365723	12.272503852844238	12.124252319335938	12.158854484558105
5	201	looks	5.402956008911133	5.638145446777344	5.289114475250244	4.596874237060547
5	202	fun!'	17.51079559326172	7.4309401512146	7.758155345916748	7.505038738250732
5	203	Abby	11.748467445373535	11.974998474121094	12.531634330749512	11.433034896850586
5	204	exclaimed.	14.455361366271973	5.839521408081055	6.316636562347412	5.728660583496094
5	205	She	3.518623113632202	2.570967674255371	2.6817009449005127	2.6798996925354004
5	206	tried	5.601602554321289	5.532459259033203	5.326037406921387	5.517613410949707
5	207	to	0.028814809396862984	0.2888440787792206	0.30552420020103455	0.30971863865852356
5	208	imagine	8.415182113647461	7.427201271057129	6.6494035720825195	5.885241985321045
5	209	what	3.434192180633545	2.4755666255950928	1.5427601337432861	1.6775325536727905
5	210	it	3.192812919616699	1.5866928100585938	1.687962293624878	1.4977381229400635
5	211	must	6.002013206481934	6.1920366287231445	2.495821952819824	2.084714651107788
5	212	be	0.4372040331363678	0.7094523310661316	0.8567845225334167	0.5600696206092834
5	213	like	6.345396041870117	7.484889030456543	6.139339447021484	0.49391159415245056
5	214	to	2.710651159286499	2.7694895267486572	4.192992687225342	2.907841444015503
5	215	have	4.363180160522461	3.594942092895508	2.572178363800049	3.0647635459899902
5	216	to	2.7182681560516357	4.122267723083496	4.771791458129883	2.874656915664673
5	217	hang	8.813080787658691	8.247855186462402	8.023326873779297	7.978402614593506
5	218	on	2.9407706260681152	2.2497055530548096	1.709997296333313	1.850460171699524
5	219	to	5.85714864730835	1.0437812805175781	0.6857222318649292	0.6593279242515564
5	220	things	10.050004959106445	8.04945182800293	6.0594987869262695	5.908214569091797
5	221	all	6.463082313537598	6.826540946960449	6.735756874084473	6.632187843322754
5	222	day	8.172554016113281	3.538958787918091	3.898566722869873	3.740192174911499
5	223	and	2.6346096992492676	2.4637398719787598	2.7906179428100586	2.4862513542175293
5	224	decided	8.50626277923584	6.380976676940918	8.828573226928711	8.743364334106445
5	225	the	5.486296653747559	4.4741106033325195	4.717970848083496	4.51989221572876
5	226	answer	8.234094619750977	5.947808265686035	5.600971221923828	5.7512125968933105
5	227	was	4.776961803436279	2.903026580810547	1.0067939758300781	0.6214438676834106
5	228	that	5.272017478942871	2.3577747344970703	2.815483808517456	4.512590408325195
5	229	it	3.236483097076416	3.3620848655700684	2.8393895626068115	2.452432155609131
5	230	was	1.6763286590576172	1.8795950412750244	1.0257222652435303	0.9362534284591675
5	231	probably	6.732580661773682	5.665950775146484	5.6646833419799805	5.718232154846191
5	232	very	6.504361152648926	5.67360782623291	5.663730144500732	5.987013816833496
5	233	tiring.	14.755593299865723	11.384432792663574	11.211691856384277	10.86868667602539
5	234	Abby	12.392422676086426	12.700873374938965	12.96670150756836	12.057719230651855
5	235	told	5.163507461547852	5.187405586242676	5.272512912750244	5.292407512664795
5	236	her	2.988551139831543	2.846435070037842	2.5224695205688477	2.695516586303711
5	237	mom	6.145720958709717	7.641585350036621	4.598265647888184	4.272029876708984
5	238	that	4.479860305786133	5.205267906188965	1.3673924207687378	1.4046993255615234
5	239	she	4.501560688018799	2.4084081649780273	1.5057998895645142	0.8926111459732056
5	240	thought	6.136296272277832	5.271123886108398	5.390990257263184	5.549491882324219
5	241	Sticky	18.030176162719727	15.691507339477539	14.714760780334473	14.539361953735352
5	242	had	9.223199844360352	4.814360618591309	3.12396240234375	2.9897541999816895
5	243	grown	6.617493629455566	6.18032169342041	6.05885648727417	5.835144996643066
5	244	a	5.041794776916504	4.113298416137695	3.5822339057922363	3.158879041671753
5	245	bit	4.693593978881836	3.053474187850952	2.3031821250915527	2.379983425140381
5	246	the	6.877834320068359	7.009171485900879	7.188861846923828	7.106231212615967
5	247	next	5.294618606567383	6.116871356964111	5.777585029602051	5.9242143630981445
5	248	day	3.9411802291870117	3.7127654552459717	2.1550817489624023	1.7680060863494873
5	249	at	4.102881908416748	3.026675224304199	3.107079029083252	3.2378182411193848
5	250	breakfast.	13.941862106323242	8.876867294311523	7.466527938842773	7.586038589477539
5	251	'Just	11.966983795166016	10.892112731933594	11.336530685424805	11.291605949401855
5	252	as	4.4335174560546875	4.504619121551514	4.136264324188232	4.271432876586914
5	253	well	2.1790499687194824	5.190597057342529	4.256432056427002	4.098550319671631
5	254	if	7.417262077331543	7.238394737243652	4.392945289611816	4.458775520324707
5	255	he's	6.074877738952637	6.061429023742676	6.273698806762695	5.494980335235596
5	256	going	3.341414213180542	2.498826265335083	2.939401149749756	2.8059613704681396
5	257	to	0.12444180995225906	0.09890291094779968	0.054081227630376816	0.06026846542954445
5	258	be	2.424424886703491	1.6867440938949585	1.8806084394454956	1.8698294162750244
5	259	gobbled	13.692269325256348	12.521615982055664	11.605612754821777	12.305251121520996
5	260	up	0.7455103993415833	0.13997533917427063	0.16109848022460938	0.20829811692237854
5	261	like	7.207188129425049	5.414888381958008	4.157204627990723	4.33596134185791
5	262	that,'	10.530287742614746	9.966294288635254	11.624726295471191	12.63394546508789
5	263	her	7.163267135620117	7.008864402770996	7.022793769836426	7.203675270080566
5	264	mom	6.145720958709717	4.668208122253418	4.275423049926758	4.212919235229492
5	265	responded	9.8847017288208	8.640083312988281	8.206503868103027	8.24998664855957
5	266	who	11.046049118041992	6.633354663848877	8.012767791748047	8.200361251831055
5	267	was	3.069365978240967	2.973130941390991	1.9843039512634277	2.3017537593841553
5	268	busy	8.802674293518066	7.764773845672607	7.0319929122924805	6.619948387145996
5	269	preparing	9.507257461547852	4.331021785736084	3.9320225715637207	4.539462089538574
5	270	breakfast.	12.919734954833984	8.427440643310547	8.518043518066406	9.006080627441406
5	271	Abby	12.443352699279785	11.554254531860352	11.18568229675293	10.276496887207031
5	272	whined	14.692327499389648	10.954301834106445	11.020718574523926	10.937503814697266
5	273	that	2.572436809539795	2.346663236618042	2.5781586170196533	2.5532336235046387
5	274	she	4.501560688018799	2.163414716720581	1.5737297534942627	0.8773764967918396
5	275	didn't	4.109521865844727	4.033634185791016	2.335435628890991	2.27881121635437
5	276	want	2.974991798400879	2.365745782852173	1.9999792575836182	1.7765008211135864
5	277	him	6.847346305847168	3.941587448120117	3.320984363555908	3.2523038387298584
5	278	to	1.216689944267273	0.3929707109928131	0.40195950865745544	0.3861817419528961
5	279	get	3.438924789428711	4.0494890213012695	3.5121610164642334	2.7670705318450928
5	280	too	5.698417663574219	7.0867509841918945	7.154646873474121	6.214383602142334
5	281	big	4.153579235076904	4.701901912689209	5.434919834136963	4.371343612670898
5	282	or	7.467052936553955	4.2766947746276855	2.5551929473876953	2.643462657928467
5	283	he	6.908219337463379	9.180411338806152	6.8146820068359375	7.75975227355957
5	284	wouldn't	6.502575874328613	4.845373153686523	3.756979465484619	3.1825809478759766
5	285	be	1.6166889667510986	1.816750407218933	1.3559783697128296	1.083322286605835
5	286	cute	11.138362884521484	9.836092948913574	11.585076332092285	11.478921890258789
5	287	anymore.	11.779620170593262	8.762002944946289	4.816725254058838	3.2727389335632324
5	288	'Small	16.526226043701172	16.43434715270996	16.302759170532227	16.280330657958984
5	289	things,	9.227682113647461	6.779952526092529	6.536070823669434	6.871124267578125
5	290	not	4.625662803649902	5.737244129180908	5.0472917556762695	4.878302097320557
5	291	big	9.940511703491211	8.452494621276855	1.2830355167388916	1.2380447387695312
5	292	things,	8.668060302734375	7.101263999938965	4.58277702331543	3.693786382675171
5	293	are	6.128161907196045	5.989163398742676	6.878845691680908	4.531135559082031
5	294	cute,	11.576146125793457	10.929637908935547	11.032526016235352	9.199661254882812
5	295	right?'	11.824299812316895	11.155220031738281	12.418996810913086	12.811216354370117
5	296	she	4.956267356872559	3.9229302406311035	4.095967769622803	4.224759101867676
5	297	asked,	7.287677764892578	2.942537546157837	3.6306068897247314	3.6001060009002686
5	298	half	9.246968269348145	7.4051079750061035	7.108157157897949	7.224585056304932
5	299	to	5.4654645919799805	2.629240036010742	1.93294358253479	2.251251697540283
5	300	herself.	13.232853889465332	10.666132926940918	2.869342803955078	1.3676519393920898
5	301	The	2.9653358459472656	2.9249136447906494	2.8554584980010986	3.515383720397949
5	302	next	5.54100227355957	4.8435564041137695	4.5321431159973145	4.719730854034424
5	303	day	3.9411802291870117	2.4096932411193848	2.0107522010803223	2.0404725074768066
5	304	in	2.9568657875061035	3.443002939224243	4.182376861572266	4.527507781982422
5	305	art	10.63481616973877	9.53481674194336	10.010307312011719	9.880630493164062
5	306	class,	8.678507804870605	6.893928527832031	4.092751502990723	3.0499637126922607
5	307	Abby	13.327388763427734	11.757793426513672	11.484052658081055	11.371838569641113
5	308	needed	9.797268867492676	7.980659484863281	7.1165971755981445	7.34796667098999
5	309	two	8.450967788696289	5.432060718536377	6.042905807495117	5.9294257164001465
5	310	pieces	6.541958808898926	5.1469621658325195	4.828191757202148	4.931551456451416
5	311	of	0.31381869316101074	0.32508501410484314	0.22827231884002686	0.17981025576591492
5	312	paper	9.978981018066406	2.7044084072113037	4.088741779327393	3.4952456951141357
5	313	that	3.302507162094116	2.9619128704071045	2.2208244800567627	2.474658966064453
5	314	were	5.011057376861572	5.975680351257324	5.062633514404297	2.910597801208496
5	315	very	4.952635765075684	5.8485918045043945	6.164713382720947	5.580585479736328
5	316	expensive,	7.537501811981201	7.874758720397949	6.57672119140625	6.588907241821289
5	317	to	4.848474502563477	5.296792984008789	5.4607462882995605	5.077548980712891
5	318	draw	7.048744201660156	8.535053253173828	8.705426216125488	8.967952728271484
5	319	an	4.598607063293457	4.368903160095215	4.745461940765381	4.593998908996582
5	320	elephant,	9.411799430847168	10.788751602172852	10.81931209564209	9.974510192871094
5	321	but	3.627049446105957	2.984236717224121	3.2482967376708984	2.878046989440918
5	322	the	2.6426098346710205	2.708822250366211	2.800344228744507	2.6664912700653076
5	323	teacher	9.834504127502441	9.026206016540527	9.191431045532227	8.802777290344238
5	324	didn't	7.101771354675293	5.573125839233398	3.8729822635650635	3.985887050628662
5	325	mind	6.195339202880859	5.764795780181885	5.947251319885254	5.743675231933594
5	326	Abby	18.24700355529785	12.696269989013672	12.696642875671387	12.679082870483398
5	327	using	11.751415252685547	9.098896980285645	6.504030227661133	6.194560527801514
5	328	the	1.0829460620880127	2.028508186340332	1.6207220554351807	1.5989398956298828
5	329	expensive	11.152334213256836	10.153202056884766	10.57846450805664	11.042370796203613
5	330	paper	7.975708961486816	7.817990779876709	6.818572521209717	7.233635902404785
5	331	because	7.0352630615234375	5.962364196777344	7.0002288818359375	7.757421970367432
5	332	she	3.522975444793701	3.6712286472320557	5.105915546417236	4.839260101318359
5	333	was	1.984025239944458	1.6286627054214478	1.7939164638519287	2.1648104190826416
5	334	pleased	7.8574538230896	7.291426658630371	8.40024185180664	8.013258934020996
5	335	with	1.5450520515441895	1.5623645782470703	1.2404325008392334	1.0959035158157349
5	336	the	1.2512949705123901	0.9430980086326599	0.7179295420646667	0.9268425703048706
5	337	drawing	10.193455696105957	10.114494323730469	9.64321517944336	10.008378028869629
5	338	and	4.5122575759887695	3.7571651935577393	3.487635374069214	1.9608371257781982
5	339	wanted	8.447547912597656	9.883951187133789	7.625332832336426	8.031401634216309
5	340	it	5.929520606994629	4.077508926391602	3.345071792602539	3.1677372455596924
5	341	on	5.2973432540893555	5.404928207397461	4.495419502258301	4.32456636428833
5	342	the	0.8019846081733704	1.730939269065857	2.0792624950408936	1.6840336322784424
5	343	wall.	9.394305229187012	7.9357733726501465	6.852809906005859	7.830354690551758
5	344	The	2.3206520080566406	2.3363077640533447	2.504831314086914	2.9106884002685547
5	345	teacher,	12.177447319030762	11.369427680969238	11.254350662231445	10.85720443725586
5	346	who	2.971010684967041	1.6417794227600098	1.7263168096542358	1.7292909622192383
5	347	was	3.069365978240967	2.205373764038086	1.6191884279251099	1.4178743362426758
5	348	always	5.70231819152832	6.589669704437256	6.192070007324219	7.334080696105957
5	349	very	7.812749862670898	4.525012016296387	4.1802873611450195	3.8291988372802734
5	350	encouraging,	13.248022079467773	10.123382568359375	9.604028701782227	8.845722198486328
5	351	remarked	12.213966369628906	12.24341869354248	13.005372047424316	12.432421684265137
5	352	that	0.8549628853797913	1.1817398071289062	1.5942637920379639	1.9966237545013428
5	353	the	2.4105913639068604	1.9022914171218872	1.8065249919891357	1.7637089490890503
5	354	drawing	10.193455696105957	9.95447063446045	9.95348834991455	9.710786819458008
5	355	Abby	17.27676773071289	16.1674861907959	15.524491310119629	14.353495597839355
5	356	had	4.635284423828125	6.681832313537598	3.1517112255096436	2.7335848808288574
5	357	made	4.490960121154785	4.8663530349731445	4.574028968811035	2.556612491607666
5	358	was	8.553394317626953	7.347333908081055	7.0021467208862305	5.018126964569092
5	359	very	4.59213924407959	5.0653486251831055	4.784632682800293	4.790103912353516
5	360	creative	8.6580810546875	7.589437484741211	8.170421600341797	8.72301959991455
5	361	and	2.2125065326690674	1.761422872543335	1.1289302110671997	0.5374046564102173
5	362	beamed	12.934804916381836	15.69504165649414	14.999757766723633	13.492165565490723
5	363	at	2.70528507232666	4.309627532958984	4.328948974609375	3.404850721359253
5	364	Abby,	17.952783584594727	14.800992012023926	13.630242347717285	13.905720710754395
5	365	giving	7.294400215148926	7.345211029052734	5.8616228103637695	5.728054046630859
5	366	her	3.2427821159362793	1.287695050239563	0.9806349277496338	0.4059591293334961
5	367	the	7.013796806335449	2.454893112182617	2.1978368759155273	2.033823013305664
5	368	seal	10.374687194824219	9.637813568115234	7.805945873260498	7.5611958503723145
5	369	of	2.5565099716186523	1.314872145652771	0.5692331790924072	0.2548300623893738
5	370	approval.	12.047897338867188	5.970189094543457	4.214203357696533	2.896850347518921
5	371	Back	8.673124313354492	8.190384864807129	7.916284084320068	8.045610427856445
5	372	at	4.796004772186279	4.407330513000488	3.9328081607818604	4.019895553588867
5	373	home,	6.388678550720215	3.1988022327423096	3.2660341262817383	3.161679267883301
5	374	Mom,	11.870367050170898	12.721478462219238	11.812738418579102	11.21847915649414
5	375	convinced	11.403133392333984	12.699261665344238	12.893068313598633	13.405217170715332
5	376	by	5.216264247894287	3.4897055625915527	5.63920783996582	4.203941822052002
5	377	Abby	12.328908920288086	12.291653633117676	11.006783485412598	11.465302467346191
5	378	to	6.672031402587891	5.275449275970459	1.5494976043701172	1.1328414678573608
5	379	clean	8.050613403320312	7.7685346603393555	7.032118797302246	7.68523645401001
5	380	out	4.668846130371094	3.6110923290252686	3.3858563899993896	2.922280788421631
5	381	the	2.9328787326812744	1.2529116868972778	1.1616737842559814	1.3495173454284668
5	382	tank,	11.100509643554688	10.662372589111328	8.938973426818848	8.745525360107422
5	383	was	5.467917442321777	6.050447940826416	6.619458198547363	7.83988094329834
5	384	cleaning	11.857327461242676	10.093945503234863	9.198284149169922	9.03984546661377
5	385	with	4.762884140014648	5.411615371704102	5.597168922424316	5.238247871398926
5	386	a	1.7183030843734741	2.3629181385040283	1.5389666557312012	1.2770894765853882
5	387	special	5.415873050689697	6.158824920654297	5.109745025634766	6.716983795166016
5	388	vacuum,	15.64018440246582	14.364505767822266	14.194395065307617	9.027852058410645
5	389	or	3.8119616508483887	3.8784685134887695	3.931490182876587	4.196807384490967
5	390	'hoover'.	21.89152717590332	19.144895553588867	18.973398208618164	18.6225643157959
5	391	'Where's	12.599115371704102	13.347107887268066	14.507439613342285	14.72944164276123
5	392	Mr.	6.360984802246094	6.733246326446533	6.915640830993652	7.388689994812012
5	393	Sticky?'	22.2982177734375	11.36868953704834	11.603931427001953	11.284303665161133
5	394	Abby	11.874920845031738	10.88757610321045	11.9537353515625	11.036991119384766
5	395	asked	7.648911476135254	2.6965863704681396	2.5132994651794434	3.1944446563720703
5	396	first	8.749311447143555	9.976137161254883	10.492987632751465	10.697175025939941
5	397	thing	4.0536603927612305	7.373934745788574	4.947107315063477	4.33900260925293
5	398	when	5.751008033752441	5.883453369140625	4.59142541885376	3.923187255859375
5	399	she	3.2877237796783447	3.9117820262908936	4.210385322570801	2.9399142265319824
5	400	came	5.725788116455078	4.376160621643066	4.236026763916016	3.321092128753662
5	401	home	7.457516670227051	3.4734513759613037	2.752688407897949	2.629448890686035
5	402	from	3.7425146102905273	1.5387800931930542	1.408028244972229	1.0507968664169312
5	403	school.	11.045434951782227	4.698246955871582	4.805676460266113	4.236274242401123
5	404	'On	13.610788345336914	13.427871704101562	13.28408432006836	13.316230773925781
5	405	the	1.2505656480789185	1.2421783208847046	1.2293204069137573	1.3025859594345093
5	406	side,'	17.32499122619629	10.621828079223633	7.791684627532959	7.761160850524902
5	407	Mom	10.314831733703613	10.557002067565918	10.766883850097656	8.19787311553955
5	408	replied.	10.175517082214355	6.448852062225342	6.277815341949463	6.915103435516357
5	409	And	5.405104637145996	5.201778888702393	5.287875175476074	5.264834403991699
5	410	then	3.2323899269104004	2.25711727142334	1.964057445526123	1.9243890047073364
5	411	she	4.326254844665527	3.9226272106170654	2.2174458503723145	1.166790246963501
5	412	added,	8.070716857910156	6.320998668670654	6.28679895401001	4.572824954986572
5	413	'Don't	9.988344192504883	10.964801788330078	8.41203784942627	8.542790412902832
5	414	worry.	5.37117338180542	4.5583696365356445	4.584667205810547	3.9773290157318115
5	415	I	2.6820194721221924	1.9808458089828491	2.113651752471924	2.0732057094573975
5	416	went	5.499341011047363	5.527721881866455	6.030392169952393	6.06678581237793
5	417	extra	11.807432174682617	10.040021896362305	10.17708683013916	9.312751770019531
5	418	slowly	12.903543472290039	5.240553379058838	5.754020690917969	5.821221828460693
5	419	since	6.281741142272949	5.301416397094727	5.795150279998779	5.521287441253662
5	420	it's	4.862898826599121	5.218471527099609	3.172428607940674	4.4533867835998535
5	421	better	5.489898681640625	6.637342929840088	8.626206398010254	6.485525131225586
5	422	to	3.349929094314575	0.5724374055862427	1.1362758874893188	0.6742881536483765
5	423	be	2.424424886703491	2.567657232284546	2.4512157440185547	2.192671775817871
5	424	safe	7.1379475593566895	6.960838317871094	5.053187370300293	2.4171524047851562
5	425	than	5.998029708862305	5.478265762329102	4.7030792236328125	0.41695529222488403
5	426	sorry.'	18.700942993164062	16.379161834716797	15.796584129333496	15.683326721191406
5	427	Abby	11.59149169921875	12.133746147155762	11.980402946472168	12.073538780212402
5	428	looked	9.818868637084961	3.54671311378479	4.009165287017822	4.107836723327637
5	429	on	4.169808387756348	3.4769287109375	5.97567081451416	5.842778205871582
5	430	all	5.473021507263184	6.344139575958252	7.017261981964111	6.677975654602051
5	431	sides	7.165506839752197	4.190445899963379	3.244962692260742	5.004864692687988
5	432	of	0.4612390398979187	1.0525909662246704	1.6415557861328125	2.9633166790008545
5	433	the	0.8314511775970459	0.4564572870731354	0.40989604592323303	0.3851294219493866
5	434	tank,	11.100509643554688	10.937192916870117	9.559276580810547	11.504522323608398
5	435	but	2.9126696586608887	2.8279051780700684	2.941037893295288	2.975564956665039
5	436	there	3.9934322834014893	4.410504341125488	4.323024749755859	4.273801803588867
5	437	was	2.1792402267456055	2.036257266998291	1.7743849754333496	1.424232006072998
5	438	no	4.208745956420898	1.4176925420761108	1.387658953666687	1.05558180809021
5	439	sign	6.802248001098633	4.531450271606445	4.216274261474609	2.8504836559295654
5	440	of	1.0346256494522095	0.1945064663887024	0.19729852676391602	0.22480647265911102
5	441	the	0.8314511775970459	1.9249504804611206	2.158820152282715	2.020303249359131
5	442	water	6.971478462219238	7.73649263381958	8.784149169921875	7.079563617706299
5	443	snail	14.605916976928711	14.554450988769531	13.816109657287598	11.87793254852295
5	444	that	4.885533809661865	4.258549690246582	4.023667335510254	3.517878770828247
5	445	she	4.501560688018799	5.742165565490723	6.177448272705078	5.472912788391113
5	446	had	2.4720723628997803	2.3046441078186035	2.3367841243743896	2.292943239212036
5	447	discovered	7.289135932922363	6.265573024749756	6.297413349151611	5.430179119110107
5	448	a	2.654970407485962	2.155604362487793	2.4395415782928467	2.0202906131744385
5	449	couple	4.419825077056885	5.795245170593262	6.0835862159729	5.934724807739258
5	450	of	0.08830367028713226	0.47665175795555115	0.5470294952392578	0.4014011025428772
5	451	days	9.857439041137695	2.7194716930389404	3.07621431350708	4.653294563293457
5	452	ago.	4.974408149719238	5.897892475128174	3.5840115547180176	3.1158804893493652
5	453	She	4.668745040893555	4.756892681121826	4.918993949890137	4.626476287841797
5	454	was	1.9952536821365356	2.083515167236328	2.035963535308838	2.0645086765289307
5	455	very	4.59213924407959	4.6577558517456055	5.021429061889648	4.992510795593262
5	456	sad.	8.289359092712402	7.207414627075195	7.096678733825684	7.200963973999023
5	457	Her	5.759594917297363	6.000063896179199	5.40693473815918	3.8835601806640625
5	458	mom	6.187889099121094	5.415132522583008	4.929442882537842	4.837772846221924
5	459	said	3.589052677154541	3.1456480026245117	2.9832029342651367	2.802563428878784
5	460	to	3.536613941192627	2.4918923377990723	4.826948165893555	3.8307442665100098
5	461	wait	7.194262504577637	7.999598979949951	8.71676254272461	7.029857158660889
5	462	a	5.297212600708008	3.023507833480835	2.968291759490967	2.5546886920928955
5	463	few	3.445157289505005	1.7308800220489502	1.5568864345550537	1.5173534154891968
5	464	hours	3.3512797355651855	3.838575839996338	2.7798449993133545	2.8048033714294434
5	465	until	6.438116550445557	5.257889747619629	5.481161594390869	3.7337613105773926
5	466	the	1.3507856130599976	1.3804774284362793	1.3660866022109985	1.393627643585205
5	467	water	6.971478462219238	6.989397048950195	5.845117568969727	6.916261196136475
5	468	clears	11.455606460571289	11.13043212890625	6.542813301086426	6.514934062957764
5	469	to	4.773775100708008	4.377218723297119	3.3203282356262207	3.194242000579834
5	470	take	4.374844074249268	5.463504791259766	5.989990234375	6.0990095138549805
5	471	another	5.495901107788086	5.310236930847168	3.802558183670044	4.896398544311523
5	472	careful	11.675333976745605	9.096779823303223	9.489550590515137	9.533304214477539
5	473	look.	11.275729179382324	4.575624465942383	3.134073495864868	3.2546310424804688
5	474	That	4.850513458251953	5.0160017013549805	5.2474470138549805	5.025590896606445
5	475	evening,	10.535540580749512	7.9058661460876465	7.559627532958984	6.627978324890137
5	476	Abby	11.262129783630371	9.799957275390625	9.864850997924805	10.012369155883789
5	477	went	6.700662612915039	4.531120300292969	3.817647695541382	3.7094030380249023
5	478	up	3.5928292274475098	4.035470008850098	3.5297648906707764	3.907862424850464
5	479	to	0.8646060824394226	1.6068748235702515	0.7657878398895264	0.3376867473125458
5	480	her	6.208436012268066	5.50013542175293	3.4480485916137695	2.070183753967285
5	481	bedroom	8.698992729187012	7.3398237228393555	7.48576545715332	6.357586860656738
5	482	to	3.7731974124908447	2.880558490753174	2.9742085933685303	2.569509267807007
5	483	check	7.43010139465332	5.860836029052734	4.215057849884033	3.509655714035034
5	484	the	2.424208164215088	2.14583158493042	2.8278608322143555	2.698286771774292
5	485	tank	9.397110939025879	9.868033409118652	9.413640975952148	8.441794395446777
5	486	again.	9.989818572998047	8.533768653869629	6.521373748779297	6.405115127563477
5	487	The	2.7188878059387207	2.5578885078430176	2.337658643722534	2.7616512775421143
5	488	water	7.58244514465332	7.440274238586426	6.675026893615723	5.086901664733887
5	489	had	6.372580051422119	4.5849385261535645	4.2325286865234375	4.538450241088867
5	490	settled	8.311908721923828	6.032783508300781	6.040156364440918	5.783295631408691
5	491	and	4.310516834259033	4.138996124267578	2.833685874938965	2.108062744140625
5	492	looked	8.62735366821289	7.798430442810059	6.5764479637146	6.734036445617676
5	493	clear,	10.407705307006836	11.413077354431152	11.772082328796387	10.569388389587402
5	494	but	2.427117347717285	2.3296749591827393	2.378861904144287	2.4796173572540283
5	495	Abby	14.266883850097656	12.412760734558105	11.663043975830078	11.546473503112793
5	496	could	6.671626091003418	4.983943462371826	4.5319294929504395	3.7291953563690186
5	497	not	3.5284476280212402	1.8601363897323608	1.6195074319839478	1.9458742141723633
5	498	see	5.269402027130127	4.049053192138672	3.9043221473693848	2.7834060192108154
5	499	Mr.	8.539010047912598	7.814732551574707	7.450718879699707	7.078510761260986
5	500	Sticky.	15.386209487915039	15.331537246704102	15.586316108703613	15.641162872314453
5	501	Abby	12.279239654541016	10.907144546508789	11.884872436523438	11.840015411376953
5	502	kneeled	17.24106216430664	10.482847213745117	9.326642990112305	8.490163803100586
5	503	down	1.795663595199585	1.3805034160614014	1.0290229320526123	1.0206568241119385
5	504	to	1.5280635356903076	1.8046917915344238	1.205231785774231	1.570805549621582
5	505	have	4.363180160522461	7.095890522003174	6.200545787811279	6.095678329467773
5	506	another	6.370151519775391	6.11745023727417	5.205078125	5.812501907348633
5	507	look	8.277467727661133	3.7089145183563232	3.8803248405456543	3.411229133605957
5	508	in	4.7038092613220215	4.063657760620117	4.434664726257324	4.6565704345703125
5	509	the	0.8811151385307312	1.0055139064788818	0.8539634943008423	1.1237373352050781
5	510	tank	9.397110939025879	8.849625587463379	7.3076982498168945	7.719953536987305
5	511	that	4.902525424957275	4.225096225738525	4.166362762451172	4.528085708618164
5	512	her	6.468803405761719	7.961483955383301	7.0870361328125	7.048773765563965
5	513	mom	6.145720958709717	6.264216423034668	5.731556415557861	5.384459018707275
5	514	had	3.6058270931243896	3.499814033508301	2.131671190261841	1.9278671741485596
5	515	cleared	9.177875518798828	9.712310791015625	8.907259941101074	9.022926330566406
5	516	so	7.5291218757629395	6.66139554977417	6.98768949508667	7.132260322570801
5	517	thoroughly,	10.99881362915039	10.667393684387207	7.584073543548584	8.292171478271484
5	518	but	2.762030601501465	3.3696956634521484	3.5210490226745605	3.1810641288757324
5	519	Mr.	9.03618335723877	7.974349498748779	7.795492172241211	7.534368515014648
5	520	Sticky	13.174789428710938	13.435545921325684	13.036050796508789	13.019858360290527
5	521	was	6.484941482543945	3.2074525356292725	2.6228015422821045	2.837080478668213
5	522	still	4.630741119384766	5.346002578735352	5.217628479003906	4.378059387207031
5	523	nowhere	9.809659957885742	8.2421293258667	8.019930839538574	8.16806411743164
5	524	to	1.2166399955749512	1.9905779361724854	0.8827095031738281	0.3521168529987335
5	525	be	2.424424886703491	2.7146074771881104	0.1904900074005127	0.011735503561794758
5	526	found.	8.377950668334961	8.923683166503906	2.2387492656707764	1.514831781387329
5	527	Abby	12.776934623718262	13.046148300170898	12.764246940612793	11.918834686279297
5	528	was	3.0582327842712402	2.6303791999816895	3.0488028526306152	2.8409512042999268
5	529	a	2.4355335235595703	3.0366573333740234	3.5188047885894775	3.0419435501098633
5	530	bundle	9.547225952148438	9.549004554748535	8.948458671569824	8.234140396118164
5	531	of	0.7958477139472961	0.3371657729148865	0.10672295838594437	0.05242898687720299
5	532	nerves	12.254914283752441	9.944459915161133	6.356116771697998	5.063098430633545
5	533	as	4.874454021453857	4.381717205047607	4.757944107055664	4.078682899475098
5	534	she	5.501832962036133	2.8488802909851074	4.240597724914551	3.111992120742798
5	535	descended	11.520187377929688	8.031553268432617	8.241037368774414	7.867548942565918
5	536	the	5.6064300537109375	1.743653655052185	0.9900891184806824	1.3039319515228271
5	537	stairs.	12.749608993530273	4.087049961090088	2.9907901287078857	2.276768684387207
5	538	In	3.976822853088379	4.538515090942383	4.723033905029297	4.813257694244385
5	539	the	1.4093772172927856	1.4745787382125854	1.2159138917922974	1.0824004411697388
5	540	study,	8.541187286376953	6.668137550354004	8.035707473754883	8.463212966918945
5	541	surrounded	11.148041725158691	10.902742385864258	12.07956600189209	11.61712646484375
5	542	by	0.2578466236591339	0.1855563372373581	0.1809992641210556	0.044482000172138214
5	543	books	11.87144660949707	7.8717780113220215	7.664201736450195	7.300129413604736
5	544	and	1.8145527839660645	1.2525906562805176	0.7548904418945312	0.763515830039978
5	545	papers,	12.969240188598633	6.370027542114258	6.214343070983887	4.878255844116211
5	546	her	7.351405620574951	7.615963935852051	7.100105285644531	7.2081170082092285
5	547	mom	6.145720958709717	6.832415580749512	7.294917583465576	6.882628917694092
5	548	was	2.3098654747009277	2.8863282203674316	2.8236753940582275	2.750622034072876
5	549	working	5.8732991218566895	5.606967926025391	5.1128997802734375	5.133540630340576
5	550	and	4.68917179107666	4.732392311096191	2.961970567703247	2.892127752304077
5	551	she	6.152834892272949	7.088061332702637	4.591926574707031	2.1768243312835693
5	552	looked	5.086349010467529	5.0590009689331055	5.813831806182861	5.2875261306762695
5	553	impatient	15.296306610107422	10.87049674987793	9.88971996307373	10.143698692321777
5	554	when	4.74692440032959	3.094787120819092	3.169116973876953	3.239743709564209
5	555	she	3.2877237796783447	3.026886463165283	2.3246660232543945	1.1245005130767822
5	556	saw	5.103159427642822	4.176816940307617	3.0290746688842773	2.529071807861328
5	557	Abby	14.73843765258789	11.884969711303711	11.240203857421875	11.170251846313477
5	558	in	5.442452430725098	3.299537181854248	3.0450849533081055	3.054736852645874
5	559	the	0.8811151385307312	1.4839869737625122	1.2063872814178467	0.8817772269248962
5	560	doorway	11.39213752746582	10.903143882751465	8.9405517578125	5.58547306060791
5	561	and	3.073890209197998	1.980544924736023	1.9069669246673584	1.679360032081604
5	562	even	6.102553367614746	7.017881393432617	7.495853900909424	7.3122148513793945
5	563	more	1.8977060317993164	3.158510446548462	3.8970022201538086	4.546480655670166
5	564	worried	9.10697078704834	7.875460624694824	8.579048156738281	7.952674388885498
5	565	when	7.200541973114014	5.6746015548706055	3.804201364517212	4.334161758422852
5	566	she	3.2877237796783447	2.8418099880218506	3.2268574237823486	2.419684886932373
5	567	heard	5.713417053222656	4.547305583953857	3.2852511405944824	3.4328713417053223
5	568	the	2.3331868648529053	1.736216425895691	1.546528935432434	1.7397373914718628
5	569	bad	8.831276893615723	7.730499744415283	8.046353340148926	7.310655117034912
5	570	news.	6.960461616516113	3.94600772857666	2.457602024078369	1.7706351280212402
5	571	'He'll	14.267010688781738	15.127250671386719	14.857522010803223	14.184829711914062
5	572	turn	5.763335227966309	5.6695733070373535	5.550601482391357	5.494194507598877
5	573	up,'	12.036375045776367	7.244460105895996	5.986869812011719	5.795845985412598
5	574	Mom	10.177188873291016	10.769525527954102	9.94522476196289	9.059186935424805
5	575	said,	4.4156365394592285	2.266202211380005	2.4336445331573486	2.3727855682373047
5	576	and	3.590116500854492	2.9576265811920166	2.7262144088745117	2.8326563835144043
5	577	that	4.721836090087891	3.034353733062744	4.542320251464844	4.691341876983643
5	578	was	3.443213701248169	3.7447402477264404	3.1434082984924316	1.513873815536499
5	579	that.	10.583693504333496	8.863551139831543	4.872519016265869	4.230862617492676
5	580	Then,	6.939544677734375	6.784083366394043	6.723651885986328	6.463596343994141
5	581	to	4.175665855407715	4.510322570800781	4.745200157165527	4.901032447814941
5	582	add	5.912776470184326	3.698096752166748	3.316070079803467	3.2395124435424805
5	583	fuel	8.718290328979492	6.49871301651001	5.027628421783447	5.096200466156006
5	584	to	2.91616153717041	0.6558272242546082	0.07398775219917297	0.04557923972606659
5	585	the	2.496473789215088	2.100830316543579	0.7877820134162903	0.31759291887283325
5	586	flames,	12.904756546020508	11.675432205200195	9.809240341186523	5.911385536193848
5	587	she	5.252927780151367	4.2543463706970215	4.5080766677856445	5.151278495788574
5	588	raised	8.242197036743164	6.322711944580078	6.257999420166016	6.348044395446777
5	589	her	4.216940879821777	1.4240078926086426	0.41196408867836	0.40376386046409607
5	590	tone	9.635093688964844	8.449849128723145	8.467589378356934	8.320337295532227
5	591	of	0.45539653301239014	2.7650146484375	2.0122451782226562	2.5426249504089355
5	592	voice	10.639419555664062	5.098049163818359	0.4841558635234833	0.7529805302619934
5	593	and	2.4984259605407715	2.609086036682129	1.5365533828735352	2.329063653945923
5	594	said	6.242499351501465	6.720460891723633	8.356610298156738	6.957120418548584
5	595	dismissively,	15.993128776550293	11.517629623413086	10.129799842834473	10.378985404968262
5	596	'For	11.566898345947266	11.025192260742188	9.976868629455566	10.299848556518555
5	597	the	1.8946994543075562	2.213430643081665	2.0439305305480957	2.171487331390381
5	598	time	5.91762638092041	5.239638805389404	5.142601013183594	3.9967310428619385
5	599	being,	7.557538986206055	6.2944841384887695	1.0000678300857544	0.7445353865623474
5	600	go	8.894064903259277	8.341854095458984	8.29246997833252	6.635318279266357
5	601	to	1.343213677406311	1.6848851442337036	1.8773785829544067	1.6794602870941162
5	602	bed,	11.732040405273438	6.524147033691406	6.39926815032959	6.38094425201416
5	603	Abby.	16.5041561126709	16.688486099243164	16.28543472290039	16.198974609375
5	604	I've	6.869006156921387	5.405179500579834	5.222892761230469	5.277435779571533
5	605	got	3.5230984687805176	3.258845090866089	1.6979119777679443	1.4396440982818604
5	606	masses	15.58193588256836	13.308692932128906	13.390679359436035	14.29236125946045
5	607	of	0.494173526763916	0.1773156225681305	0.10100787878036499	0.08449920266866684
5	608	work	7.847898960113525	7.661696434020996	6.823006629943848	4.566781044006348
5	609	to	3.157259702682495	2.8180184364318848	2.7235260009765625	2.025644540786743
5	610	catch	6.766864776611328	7.201813220977783	6.983587265014648	7.374392509460449
5	611	up	1.5003886222839355	1.7205567359924316	2.1363329887390137	0.9902665019035339
5	612	on.'	13.632633209228516	13.786140441894531	12.466865539550781	14.488920211791992
5	613	Abby	12.298712730407715	12.330020904541016	12.135544776916504	11.835552215576172
5	614	had	4.635284423828125	3.496464490890503	3.167012929916382	3.2985942363739014
5	615	a	2.5255978107452393	2.5738375186920166	2.490976333618164	2.5316455364227295
5	616	quick	6.758047580718994	6.8487548828125	6.255786895751953	6.019556999206543
5	617	temper	12.01995849609375	8.870254516601562	6.542906761169434	5.664898872375488
5	618	and	1.3402695655822754	1.0579161643981934	1.001103162765503	0.5387622117996216
5	619	she	6.152834892272949	7.534125328063965	6.086383819580078	5.838479995727539
5	620	was	1.9840257167816162	2.1787099838256836	2.2348339557647705	2.2332968711853027
5	621	angry	8.211663246154785	6.691062927246094	6.450852394104004	6.334557056427002
5	622	as	4.055053234100342	4.9811248779296875	5.215478897094727	4.488594055175781
5	623	hell.	11.185081481933594	4.575276851654053	4.221468925476074	3.9654293060302734
5	624	'You've	12.892178535461426	13.879902839660645	13.096134185791016	11.929344177246094
5	625	hoovered	15.008098602294922	14.728093147277832	14.867918968200684	14.611767768859863
5	626	him	4.63737154006958	5.244243144989014	5.50309944152832	5.593136787414551
5	627	up,	7.266119003295898	2.7699456214904785	2.6454358100891113	2.3586549758911133
5	628	haven't	10.056976318359375	10.772136688232422	12.190095901489258	3.3461015224456787
5	629	you?'	13.67412281036377	6.127642631530762	5.514425277709961	5.821774482727051
5	630	she	4.276337623596191	3.045558452606201	3.2586803436279297	3.2724924087524414
5	631	said	3.7892906665802	2.9680209159851074	3.113633155822754	2.9562630653381348
5	632	accusingly.	19.753190994262695	12.589395523071289	8.433182716369629	8.382402420043945
5	633	Abby's	14.216646194458008	14.998190879821777	14.329425811767578	14.45028305053711
5	634	mom	5.7112507820129395	5.594897270202637	7.044744491577148	7.06284761428833
5	635	denied	10.968855857849121	8.338274002075195	8.108463287353516	7.909154415130615
5	636	Abby's	17.68779182434082	13.332656860351562	9.521527290344238	7.385898113250732
5	637	version	7.584515571594238	6.709926605224609	6.831803321838379	5.859736442565918
5	638	of	0.12464217096567154	0.2690402865409851	0.07538874447345734	0.09356620907783508
5	639	the	0.8314511775970459	1.2411426305770874	1.505340814590454	2.1646177768707275
5	640	story	6.14448356628418	7.024245262145996	5.825830459594727	2.519753932952881
5	641	was	3.0331647396087646	3.8401637077331543	3.764603614807129	3.672736883163452
5	642	true	7.793561935424805	7.175446510314941	6.645091533660889	8.056729316711426
5	643	and	3.363388776779175	2.990769624710083	1.6498572826385498	1.5234010219573975
5	644	said	6.242499351501465	7.602470874786377	6.293186187744141	6.34864616394043
5	645	that	1.3828471899032593	1.9050769805908203	1.6000118255615234	1.6255970001220703
5	646	she	4.501560688018799	3.490640163421631	2.911371946334839	3.0599775314331055
5	647	was	1.9840257167816162	1.8434195518493652	1.815255880355835	1.7597379684448242
5	648	careful,	12.227569580078125	11.417966842651367	12.1199951171875	12.251302719116211
5	649	but	2.23695969581604	2.376634359359741	2.3619120121002197	2.061629295349121
5	650	because	6.1001691818237305	6.296754360198975	6.633781909942627	6.570873260498047
5	651	Mr.	8.014961242675781	7.838837623596191	7.559774875640869	7.45523738861084
5	652	Sticky	13.174789428710938	13.774839401245117	13.63630485534668	13.214273452758789
5	653	was	6.484941482543945	3.2074525356292725	2.289285182952881	2.11629319190979
5	654	so	5.0015997886657715	5.129397869110107	4.811399459838867	4.561675548553467
5	655	small	7.141482353210449	5.476946830749512	5.516824245452881	6.916576385498047
5	656	he	10.251848220825195	5.552038192749023	3.5267510414123535	2.7662322521209717
5	657	was	1.9666982889175415	3.1494123935699463	2.567739486694336	2.3799593448638916
5	658	hard	6.69932222366333	8.852892875671387	8.545985221862793	6.506946563720703
5	659	to	0.09679936617612839	0.5592933893203735	1.2718714475631714	0.9270405769348145
5	660	see.	8.374649047851562	7.044878959655762	6.434749603271484	6.293560028076172
5	661	'What's	12.563600540161133	12.580010414123535	13.309337615966797	12.22763442993164
5	662	wrong	2.8660645484924316	3.0136308670043945	3.0958573818206787	2.8431239128112793
5	663	with	2.30794095993042	0.07916784286499023	0.10455131530761719	0.09437423944473267
5	664	being	8.063323020935059	4.521539688110352	4.470372676849365	4.463354110717773
5	665	small?'	21.13141632080078	18.936199188232422	14.91932487487793	7.783823013305664
5	666	'Nothing	10.935159683227539	10.212725639343262	10.763960838317871	10.950899124145508
5	667	at	5.379650115966797	2.9456846714019775	2.6246578693389893	2.789937973022461
5	668	all,	5.753903388977051	3.4635581970214844	2.765864372253418	2.561229944229126
5	669	but	3.2115235328674316	2.3013715744018555	3.178724765777588	3.392277717590332
5	670	it	2.505795478820801	3.018585443496704	2.8783299922943115	3.6981234550476074
5	671	makes	4.564233303070068	5.188985824584961	4.9426164627075195	4.762802600860596
5	672	things	6.521921157836914	5.419231414794922	4.693617820739746	4.712686061859131
5	673	hard	8.760196685791016	4.781136512756348	4.985062599182129	4.693516731262207
5	674	to	0.09679936617612839	0.931904673576355	1.9879740476608276	1.5043705701828003
5	675	find.'	15.641218185424805	12.821893692016602	11.960870742797852	11.986001968383789
5	676	'Or	10.819147109985352	10.817172050476074	10.291062355041504	9.923075675964355
5	677	notice,'	15.049066543579102	11.698817253112793	12.536258697509766	13.757115364074707
5	678	Abby	10.795537948608398	12.819025039672852	12.503796577453613	12.3082914352417
5	679	said,	4.215686798095703	2.2586910724639893	2.2938852310180664	2.149322032928467
5	680	suddenly	9.668069839477539	7.547905921936035	6.18963623046875	5.984011650085449
5	681	feeling	8.3773193359375	4.414087295532227	3.5787580013275146	3.6791043281555176
5	682	like	1.3496818542480469	2.5727663040161133	3.3497862815856934	3.0772130489349365
5	683	the	1.755958080291748	2.9963300228118896	3.052051544189453	3.0041518211364746
5	684	small,	11.154853820800781	10.88248062133789	11.856782913208008	11.413455963134766
5	685	overlooked	10.5507173538208	9.512733459472656	10.06163501739502	8.143111228942871
5	686	Mr.	9.912611961364746	11.808039665222168	11.410755157470703	10.821762084960938
5	687	Sticky	13.174789428710938	14.181777000427246	13.203827857971191	13.010295867919922
5	688	herself	12.54935359954834	10.392474174499512	10.231807708740234	10.483895301818848
5	689	and	2.4447245597839355	2.5152077674865723	2.952454090118408	1.979788064956665
5	690	storming	13.798998832702637	11.413446426391602	12.408536911010742	13.267572402954102
5	691	from	4.872109889984131	4.45037841796875	4.302276611328125	4.479509353637695
5	692	the	0.7917162775993347	1.4050750732421875	0.9779013395309448	0.441589891910553
5	693	room.	9.22749137878418	9.298988342285156	10.6850004196167	6.448027610778809
5	694	The	2.5530245304107666	2.547975540161133	2.5454885959625244	2.529942035675049
5	695	door	8.08173942565918	4.6393303871154785	4.334702968597412	4.039834976196289
5	696	to	1.1221195459365845	2.3620147705078125	2.4653236865997314	2.591909646987915
5	697	the	2.496473789215088	1.6644903421401978	0.6151438355445862	0.41529685258865356
5	698	bedroom	10.42406177520752	9.781189918518066	6.198546886444092	4.441370487213135
5	699	opened	11.558977127075195	9.805882453918457	9.861194610595703	8.44719123840332
5	700	a	2.3280222415924072	3.772401809692383	4.237095832824707	3.0387141704559326
5	701	few	3.445157289505005	5.046930313110352	2.5041635036468506	3.4614956378936768
5	702	minutes	3.708254337310791	3.907181739807129	3.6711628437042236	2.7014052867889404
5	703	later	5.1189680099487305	3.4891865253448486	3.642493724822998	1.3923580646514893
5	704	and	3.468971014022827	2.8641414642333984	3.2617015838623047	2.1414122581481934
5	705	Mom's	13.663158416748047	15.203435897827148	12.703310012817383	12.5867919921875
5	706	face	5.757704734802246	6.234474182128906	4.865054130554199	3.2464232444763184
5	707	appeared.	13.375261306762695	7.800446510314941	7.688150882720947	7.429994583129883
5	708	She	3.9595930576324463	2.9373114109039307	1.8555848598480225	1.9095559120178223
5	709	was	1.9952539205551147	2.137547016143799	2.0342252254486084	1.9434502124786377
5	710	there	6.32776403427124	5.666014194488525	5.822571277618408	6.398478984832764
5	711	to	5.528440475463867	1.9535574913024902	1.7852240800857544	1.5757116079330444
5	712	try	5.222093105316162	4.742063045501709	5.306864261627197	5.298875331878662
5	713	to	0.08362982422113419	0.9134484529495239	1.085856318473816	0.8974814414978027
5	714	make	3.4973766803741455	3.419433355331421	3.344703435897827	3.228100299835205
5	715	up	3.925447463989258	3.9409210681915283	3.9983670711517334	3.5544111728668213
5	716	for	3.4083213806152344	1.366946816444397	0.43472525477409363	0.24308466911315918
5	717	having	7.804769039154053	7.608409881591797	5.720617771148682	6.016843795776367
5	718	been	1.913584589958191	3.1241772174835205	3.213653802871704	2.8341288566589355
5	719	insensitive	13.304911613464355	11.490362167358398	10.062580108642578	9.575450897216797
5	720	earlier.	12.607162475585938	12.30581283569336	10.61020278930664	10.427699089050293
5	721	She	4.494780540466309	4.170058250427246	3.758288621902466	3.5648081302642822
5	722	had	2.634971857070923	3.1103744506835938	3.227518320083618	2.8808400630950928
5	723	put	6.290199279785156	5.958847999572754	6.26060676574707	6.020293235778809
5	724	her	4.1632232666015625	3.5929410457611084	1.8571789264678955	1.866349220275879
5	725	work	5.995100975036621	7.204992294311523	6.307269096374512	6.74742317199707
5	726	on	1.978775978088379	2.5824146270751953	1.7392197847366333	1.472199559211731
5	727	the	0.8019846081733704	1.802018165588379	1.3337440490722656	1.734466552734375
5	728	back	7.360852241516113	5.288976669311523	6.200923442840576	7.497405529022217
5	729	burner	14.58089828491211	7.312518119812012	5.535470008850098	5.069406509399414
5	730	and	1.9565956592559814	2.460034132003784	2.6684727668762207	2.408818244934082
5	731	occupied	11.1917724609375	11.133111953735352	11.047215461730957	10.2713623046875
5	732	herself	11.577333450317383	9.772747993469238	7.969905853271484	7.125090599060059
5	733	with	2.2907767295837402	0.1301649510860443	0.28640612959861755	0.3449423909187317
5	734	Sticky.	17.471572875976562	17.731687545776367	18.093109130859375	19.638797760009766
5	735	Abby,	15.189974784851074	15.36734390258789	13.292381286621094	12.981629371643066
5	736	who	2.646946430206299	2.6679999828338623	2.5645275115966797	2.4032692909240723
5	737	was	3.069365978240967	2.311434030532837	1.9789501428604126	2.1076552867889404
5	738	breathing	11.28156852722168	9.664732933044434	9.5905122756958	8.866448402404785
5	739	fire	7.394655227661133	6.099953651428223	5.8993096351623535	7.450383186340332
5	740	all	7.028042316436768	5.796587944030762	4.715914726257324	5.336564064025879
5	741	on	5.587414741516113	5.23274040222168	6.691595077514648	6.947614669799805
5	742	account	8.281210899353027	5.5952467918396	5.877682685852051	6.636201858520508
5	743	of	0.751140832901001	0.03516029566526413	0.053533948957920074	0.023584285750985146
5	744	the	0.8314511775970459	1.4824345111846924	1.458383321762085	1.3852912187576294
5	745	little	7.613574981689453	7.904514789581299	8.172454833984375	7.699733734130859
5	746	snail,	15.076570510864258	12.118818283081055	11.88552474975586	11.708137512207031
5	747	tried	9.892642974853516	9.843390464782715	9.07271957397461	9.436595916748047
5	748	to	0.028814809396862984	0.3353152275085449	0.23839448392391205	0.24887435138225555
5	749	ignore	7.60994815826416	6.801131725311279	7.073615550994873	7.042503356933594
5	750	her,	6.749850749969482	6.649450302124023	4.193984031677246	3.9441475868225098
5	751	but	2.7085728645324707	2.078310251235962	2.220026969909668	1.6598867177963257
5	752	it	2.505795478820801	3.057325601577759	3.5402238368988037	3.3515102863311768
5	753	was	1.676328420639038	2.136904716491699	1.4226913452148438	1.7596344947814941
5	754	hard	6.69932222366333	5.42049503326416	4.713650703430176	4.305675506591797
5	755	when	8.497516632080078	6.121865749359131	6.353785514831543	6.115795135498047
5	756	Mom	12.36781120300293	10.713608741760254	9.034686088562012	9.055649757385254
5	757	walked	8.505200386047363	6.3159003257751465	6.980345726013184	5.674672603607178
5	758	over	5.440182685852051	3.2627859115600586	4.1415557861328125	4.111934661865234
5	759	to	3.927732467651367	0.3234906494617462	0.47325703501701355	0.7009137272834778
5	760	the	2.496473789215088	1.459816336631775	1.244186282157898	1.630877137184143
5	761	bed	9.747116088867188	9.366277694702148	7.45380973815918	5.049553871154785
5	762	and	2.3638384342193604	1.7812292575836182	1.821915864944458	1.1311196088790894
5	763	sat	9.132983207702637	5.19847297668457	5.198026657104492	5.001601696014404
5	764	next	8.082785606384277	4.040661811828613	4.275942802429199	3.8437232971191406
5	765	to	3.4193849563598633	0.031236695125699043	0.012492875568568707	0.00742628937587142
5	766	her.	8.945375442504883	5.144398212432861	4.0959696769714355	3.624539852142334
5	767	Mom,	12.403740882873535	12.271181106567383	12.176310539245605	11.815240859985352
5	768	who	3.637864828109741	3.5753164291381836	3.833235502243042	3.086672306060791
5	769	Abby	16.382972717285156	14.685590744018555	15.4500150680542	15.482672691345215
5	770	still	10.406943321228027	7.966699600219727	6.25724983215332	5.673229217529297
5	771	strained	12.536078453063965	11.110084533691406	12.607868194580078	13.27157211303711
5	772	to	1.9284372329711914	1.3443613052368164	1.138364553451538	0.6046976447105408
5	773	remain	7.0751423835754395	6.782197952270508	5.8269572257995605	4.822325706481934
5	774	upset	10.45704174041748	9.860540390014648	9.014470100402832	9.388108253479004
5	775	with,	6.827355861663818	8.666540145874023	8.096511840820312	9.401172637939453
5	776	had	6.6524658203125	6.486164093017578	7.341671466827393	6.803749084472656
5	777	gone	5.399814605712891	5.249323844909668	5.298630237579346	5.736130714416504
5	778	out	3.6921608448028564	3.418848991394043	3.291949510574341	3.268090009689331
5	779	to	2.9900057315826416	2.2629213333129883	1.7274580001831055	1.8535027503967285
5	780	find	4.626545429229736	5.172531604766846	4.921401023864746	4.632993221282959
5	781	her	4.992405414581299	5.2787065505981445	4.519096374511719	3.7327356338500977
5	782	glasses	10.179692268371582	10.64172077178955	9.846096992492676	10.098661422729492
5	783	in	2.2700753211975098	3.33182430267334	2.2832725048065186	2.0629138946533203
5	784	order	4.606965065002441	4.595073223114014	3.4005696773529053	5.684916019439697
5	785	to	0.17257098853588104	0.06698085367679596	0.03301277756690979	0.043626587837934494
5	786	search	8.132051467895508	7.892489910125732	7.605216979980469	7.684997081756592
5	787	for	0.6224735379219055	0.8554000854492188	0.9660844802856445	0.49059608578681946
5	788	Sticky	14.604363441467285	14.778022766113281	14.631145477294922	14.90804672241211
5	789	more	8.340617179870605	9.114797592163086	8.813797950744629	8.88397216796875
5	790	effectively.	12.696185111999512	8.421232223510742	6.585921287536621	6.218096733093262
5	791	'This	11.71059513092041	11.911702156066895	12.276549339294434	12.291277885437012
5	792	is	1.029545783996582	0.9157349467277527	0.9287078976631165	1.0577555894851685
5	793	my	6.828835487365723	3.090252161026001	4.5184502601623535	4.488873481750488
5	794	new	5.6287007331848145	5.00321102142334	4.944830894470215	5.282571792602539
5	795	and	5.852630615234375	5.886411666870117	6.0964555740356445	5.931997299194336
5	796	extra	9.35826301574707	8.368727684020996	8.346147537231445	8.288238525390625
5	797	powerful	7.435348033905029	7.894237995147705	4.1650543212890625	3.7264227867126465
5	798	pair	8.680220603942871	8.835575103759766	9.37195110321045	9.549796104431152
5	799	I	9.186077117919922	8.04543399810791	9.348475456237793	8.956722259521484
5	800	have	2.7034220695495605	2.447808265686035	1.699110984802246	2.0695533752441406
5	801	for	7.619836330413818	5.892203330993652	3.521378517150879	4.569150447845459
5	802	important	9.42566967010498	9.87171745300293	10.560697555541992	10.798101425170898
5	803	occasions	11.921713829040527	8.378340721130371	7.405682563781738	6.488033294677734
5	804	like	5.8613505363464355	3.0804929733276367	1.984714388847351	1.9011452198028564
5	805	snail	14.7631254196167	14.010875701904297	13.266789436340332	13.887524604797363
5	806	hunting,'	17.549108505249023	13.215091705322266	12.94363784790039	13.50944709777832
5	807	she	3.1539292335510254	2.891141414642334	2.3296961784362793	2.332341194152832
5	808	said.	3.1174838542938232	1.569678544998169	1.6464824676513672	1.673359990119934
5	809	She	5.018431663513184	3.3941917419433594	3.7424206733703613	3.664456367492676
5	810	smiled	7.473758697509766	6.438855171203613	7.020931243896484	7.414104461669922
5	811	at	1.237927794456482	1.8293848037719727	2.0452990531921387	2.0064961910247803
5	812	Abby,	17.952783584594727	12.410147666931152	12.463436126708984	12.903496742248535
5	813	trying	7.367131233215332	6.898387432098389	5.546939849853516	5.516427516937256
5	814	to	0.00690434081479907	0.09706270694732666	0.09355494379997253	0.23205120861530304
5	815	butter	12.084919929504395	11.599079132080078	11.005189895629883	11.025084495544434
5	816	her	10.050100326538086	5.988598823547363	4.107428550720215	1.7327959537506104
5	817	up,	9.468050003051758	7.052905082702637	4.657442092895508	3.123511552810669
5	818	but	2.6727077960968018	2.7232370376586914	3.1082468032836914	2.3561620712280273
5	819	Abby	14.266883850097656	11.742630958557129	10.056001663208008	10.552347183227539
5	820	didn't	7.753140449523926	4.838399887084961	3.6671760082244873	3.2451460361480713
5	821	smile	9.299562454223633	8.055014610290527	7.590739727020264	7.578529357910156
5	822	back.	8.69832992553711	4.654572486877441	5.204776763916016	3.571235179901123
5	823	Abby	11.755311965942383	11.310461044311523	11.223264694213867	8.541900634765625
5	824	believed	9.94173526763916	8.169477462768555	9.004206657409668	8.320261001586914
5	825	her	7.026272296905518	3.2683451175689697	3.0532455444335938	2.7083511352539062
5	826	mom's	8.225837707519531	9.64126968383789	8.733007431030273	7.763405799865723
5	827	idea	7.503254413604736	7.531976222991943	6.462311744689941	6.323860168457031
5	828	would	6.0570478439331055	6.154926776885986	6.66701602935791	4.058449745178223
5	829	not	3.2526097297668457	3.795681953430176	4.166252136230469	4.163256645202637
5	830	succeed,	10.911234855651855	9.265501022338867	7.7890448570251465	8.3503999710083
5	831	but	2.4867236614227295	2.4770753383636475	2.114053726196289	1.9467267990112305
5	832	then	4.41710090637207	4.699769020080566	4.915090560913086	5.374650001525879
5	833	she	4.326254844665527	4.009325981140137	4.39984130859375	3.972597360610962
5	834	had	2.4720723628997803	3.793125867843628	3.879178047180176	3.4827170372009277
5	835	an	4.4972615242004395	4.84632682800293	4.350419998168945	4.150815963745117
5	836	idea	5.206686496734619	4.444805145263672	3.807175636291504	3.1009035110473633
5	837	of	0.7340940833091736	0.974745512008667	1.4319307804107666	1.590997576713562
5	838	her	5.052027225494385	6.056461811065674	5.639632225036621	5.200409412384033
5	839	own.	5.87075662612915	6.037212371826172	7.788492679595947	6.297562599182129
5	840	'I've	12.211687088012695	11.377568244934082	11.340553283691406	10.788350105285645
5	841	got	1.6287119388580322	2.068010091781616	2.182190418243408	2.186959743499756
5	842	a	1.712497591972351	1.65068519115448	1.6648287773132324	1.7488360404968262
5	843	magnifying	11.771458625793457	10.578241348266602	11.928839683532715	11.384052276611328
5	844	glass,'	8.9717435836792	9.354989051818848	9.489691734313965	3.813255786895752
5	845	Abby	11.993534088134766	12.578125953674316	12.039554595947266	11.648674011230469
5	846	suddenly	12.969534873962402	6.768646717071533	8.304041862487793	8.074982643127441
5	847	remembered	6.510752201080322	6.772651672363281	4.990628242492676	4.857411861419678
5	848	and	4.398731231689453	4.905739784240723	4.634055137634277	3.6216237545013428
5	849	rushed	11.069389343261719	9.553913116455078	6.578600883483887	4.955440998077393
5	850	off	4.360588073730469	3.5044898986816406	3.574894428253174	4.028310775756836
5	851	to	3.1718673706054688	1.1255066394805908	0.7908592224121094	0.6413070559501648
5	852	find	4.6265459060668945	4.876850128173828	4.039816856384277	3.368436098098755
5	853	it.	6.5541276931762695	6.008392333984375	6.126446723937988	6.533382415771484
5	854	On	5.700357437133789	5.615562438964844	5.437501430511475	5.303630828857422
5	855	the	1.2490975856781006	1.0974479913711548	1.0658015012741089	1.081390619277954
5	856	floor	8.421366691589355	6.6374101638793945	6.670182228088379	6.197218894958496
5	857	beside	10.667885780334473	7.994784355163574	5.186000347137451	4.996583461761475
5	858	each	6.8948564529418945	6.302482604980469	6.284768581390381	6.713144302368164
5	859	other	2.005338430404663	0.9272393584251404	1.9351874589920044	1.572650671005249
5	860	they	9.894197463989258	6.758187294006348	6.58506965637207	6.8625168800354
5	861	sat,	12.904539108276367	11.694975852966309	11.484840393066406	8.724347114562988
5	862	shuffling	8.450761795043945	8.741662979125977	9.472213745117188	9.043590545654297
5	863	around	2.507533550262451	2.961040496826172	3.03330135345459	3.3446571826934814
5	864	the	0.7170541286468506	1.9093126058578491	1.7773339748382568	1.9236503839492798
5	865	tank,	11.100509643554688	11.563091278076172	9.215535163879395	9.703516006469727
5	866	looking	7.802308559417725	7.187647819519043	5.908646583557129	4.401858329772949
5	867	all	8.700879096984863	6.346627712249756	6.337967872619629	6.176013946533203
5	868	over	4.723769664764404	1.2834690809249878	2.6199352741241455	2.3313205242156982
5	869	the	0.5911417603492737	0.467146098613739	0.6042947769165039	0.46394434571266174
5	870	place	7.066896438598633	7.524218559265137	2.7180047035217285	1.3993096351623535
5	871	and	3.7434489727020264	3.0771074295043945	1.8257566690444946	1.7447929382324219
5	872	peering	12.244425773620605	12.098764419555664	12.115641593933105	12.040433883666992
5	873	into	1.354060411453247	1.3023202419281006	1.4698299169540405	1.4773926734924316
5	874	the	0.7223832607269287	0.8868730664253235	0.7881308794021606	0.8409367203712463
5	875	corners	10.38978099822998	9.166163444519043	6.997316837310791	6.735433101654053
5	876	among	9.901996612548828	9.754720687866211	9.691046714782715	9.268438339233398
5	877	the	0.7318108081817627	1.2040208578109741	0.9765527844429016	0.6085436344146729
5	878	big	7.167887210845947	6.930759429931641	6.701397895812988	6.77167272567749
5	879	pebbles	11.425663948059082	13.894155502319336	14.467107772827148	12.950504302978516
5	880	and	2.107121706008911	2.405832052230835	2.2628841400146484	2.665512800216675
5	881	the	2.305114269256592	4.309295654296875	4.066573143005371	2.639115333557129
5	882	pond	12.17824935913086	11.049164772033691	7.574460029602051	7.703242301940918
5	883	weed.	15.063726425170898	13.232987403869629	11.513339042663574	9.87586784362793
5	884	Abby	14.041715621948242	13.622857093811035	12.988218307495117	13.256953239440918
5	885	tried	9.428389549255371	6.111720085144043	6.090190887451172	5.997818470001221
5	886	to	0.028814809396862984	0.17650459706783295	0.4604954719543457	0.493833065032959
5	887	imagine,	11.626840591430664	11.563986778259277	11.895705223083496	12.70562744140625
5	888	if	2.840101480484009	3.6998987197875977	4.148920059204102	4.007391929626465
5	889	she	4.60258150100708	4.568505764007568	4.520434379577637	3.5984091758728027
5	890	were	6.4079909324646	3.163487434387207	2.3811087608337402	2.067037582397461
5	891	Sticky,	21.095458984375	19.659969329833984	19.57855987548828	19.5802059173584
5	892	a	4.563725471496582	3.9902729988098145	4.296266078948975	4.858287334442139
5	893	little	4.283854007720947	5.378243446350098	5.183547019958496	5.033880233764648
5	894	water	6.85778284072876	7.695981979370117	7.136700630187988	7.78952693939209
5	895	snail,	16.11582374572754	16.842748641967773	17.179616928100586	14.116586685180664
5	896	where	6.254312038421631	6.275172233581543	6.331953525543213	6.36685848236084
5	897	would	6.908444404602051	7.242924690246582	7.770406723022461	6.178582191467285
5	898	she	8.699997901916504	4.556974411010742	4.049253940582275	3.9896631240844727
5	899	hide	13.688481330871582	8.357160568237305	6.0384979248046875	5.162596702575684
5	900	out?	9.305272102355957	7.6155900955200195	6.236567497253418	4.67216157913208
5	901	At	5.785300254821777	5.903469562530518	6.085702896118164	5.568195819854736
5	902	one	5.334925651550293	3.8893322944641113	4.050749778747559	4.130709171295166
5	903	point	5.91372537612915	0.864346981048584	0.8519377708435059	0.8819500803947449
5	904	she	8.542083740234375	4.745553016662598	2.9519636631011963	3.04569411277771
5	905	thought	6.136296272277832	5.503235816955566	4.966719627380371	5.4303154945373535
5	906	she	3.98458194732666	2.2865114212036133	1.659751296043396	1.171471118927002
5	907	saw	5.103159427642822	5.290107727050781	3.0966403484344482	2.675180673599243
5	908	him,	6.577691078186035	5.407108306884766	5.359506130218506	5.820037841796875
5	909	but	2.640334129333496	2.709951877593994	2.99666166305542	1.4557456970214844
5	910	it	2.505795478820801	3.0556435585021973	3.049058198928833	3.339754581451416
5	911	wasn't	5.026189804077148	3.773608446121216	3.073927402496338	2.331176280975342
5	912	the	3.1353588104248047	3.2072560787200928	3.12214732170105	3.129399061203003
5	913	water	6.971478462219238	9.063737869262695	7.878808975219727	8.665938377380371
5	914	snail.	16.581798553466797	16.56374168395996	16.938255310058594	17.932538986206055
5	915	It	3.0963103771209717	3.0519633293151855	2.9584686756134033	1.8244270086288452
5	916	was	1.4277337789535522	2.131591320037842	2.406585216522217	2.367581367492676
5	917	a	2.4355335235595703	2.0869483947753906	2.397641181945801	2.586771011352539
5	918	large	4.937533378601074	6.001873970031738	6.4890642166137695	5.224913597106934
5	919	speck	12.435288429260254	11.167838096618652	10.409341812133789	10.438654899597168
5	920	of	0.8766131401062012	0.5376630425453186	0.4468231201171875	0.88079833984375
5	921	dust	10.733339309692383	1.413019061088562	1.054314374923706	1.0079617500305176
5	922	that	3.8770949840545654	3.4360435009002686	2.585820198059082	2.419781446456909
5	923	was	3.443213701248169	3.1362414360046387	3.0111143589019775	3.142667293548584
5	924	deceptively	11.679648399353027	10.76700210571289	12.325776100158691	13.938555717468262
5	925	bobbing	15.579819679260254	15.510437965393066	14.553561210632324	13.268207550048828
5	926	around	2.0569710731506348	3.1586198806762695	2.119316577911377	2.1697261333465576
5	927	in	5.1675801277160645	1.3536841869354248	1.7222551107406616	1.6658029556274414
5	928	the	0.8811151385307312	1.4985744953155518	1.2056500911712646	1.3432797193527222
5	929	water	6.971478462219238	7.295173168182373	6.800018310546875	3.5917532444000244
5	930	like	7.256113052368164	6.504698276519775	6.007769584655762	4.84918212890625
5	931	a	1.8835465908050537	2.339899778366089	1.336742639541626	1.4934523105621338
5	932	live	8.600763320922852	7.8770294189453125	8.49686050415039	8.188867568969727
5	933	animal.	13.318002700805664	7.260293006896973	5.622186660766602	4.605405807495117
5	934	They	3.818232536315918	3.6668472290039062	3.7682840824127197	3.335232734680176
5	935	were	2.2700881958007812	2.6689889430999756	2.7183303833007812	2.8500773906707764
5	936	ready	5.809868335723877	6.456839561462402	7.046194553375244	7.271051406860352
5	937	to	0.12189455330371857	0.3314776122570038	0.32589322328567505	0.32324016094207764
5	938	call	6.170875549316406	6.667062759399414	5.79763650894165	5.953506946563721
5	939	it	2.8062872886657715	2.211327075958252	1.7011446952819824	1.012689232826233
5	940	quits,	16.737323760986328	7.808080673217773	6.315694808959961	3.1617162227630615
5	941	when	5.631155967712402	5.5044426918029785	5.543763160705566	5.600466728210449
5	942	suddenly	9.807544708251953	6.958620548248291	6.881479740142822	7.97901725769043
5	943	Mom	17.38599967956543	9.982233047485352	10.143744468688965	10.139392852783203
5	944	cried,	10.310042381286621	9.274651527404785	9.013240814208984	9.412642478942871
5	945	'Ah	9.995954513549805	13.136472702026367	11.659255027770996	11.900973320007324
5	946	ha!'	5.397981643676758	5.5464019775390625	5.669435977935791	5.816153049468994
5	947	Tucked	12.927132606506348	12.766361236572266	12.882256507873535	13.090662002563477
5	948	in	2.649747371673584	2.100135326385498	2.3384642601013184	1.9190559387207031
5	949	a	2.58301043510437	1.9587420225143433	2.44447660446167	2.5597708225250244
5	950	curve	11.139290809631348	11.178964614868164	8.854109764099121	8.622697830200195
5	951	of	2.4593706130981445	2.7592766284942627	2.9823529720306396	2.107543706893921
5	952	the	0.8314511775970459	1.0997958183288574	2.657663345336914	2.535956859588623
5	953	archway,	15.309405326843262	15.991022109985352	14.381659507751465	15.239957809448242
5	954	perfectly	9.995010375976562	10.548113822937012	10.479988098144531	9.678606033325195
5	955	hidden	8.008777618408203	6.399846076965332	6.028998851776123	6.078730583190918
5	956	against	6.242612361907959	6.666551113128662	5.492719650268555	5.195006847381592
5	957	a	3.2773630619049072	3.3157362937927246	2.615354061126709	3.1296682357788086
5	958	pitch	9.844959259033203	8.765156745910645	9.423724174499512	8.949084281921387
5	959	dark	11.640290260314941	7.741711139678955	8.580560684204102	4.662759780883789
5	960	stone,	7.7767534255981445	11.288339614868164	11.914640426635742	10.944647789001465
5	961	sat	9.82681941986084	8.150789260864258	8.259769439697266	7.597135543823242
5	962	Mr.	14.324328422546387	10.423238754272461	10.186508178710938	9.678288459777832
5	963	Sticky,	15.306867599487305	15.287248611450195	15.454392433166504	15.35788631439209
5	964	safe	9.734804153442383	11.867938041687012	11.716679573059082	11.541422843933105
5	965	and	1.7192885875701904	1.302916407585144	1.9095616340637207	1.3085052967071533
5	966	sound.	11.453907012939453	6.027996063232422	5.7845587730407715	1.8739029169082642
5	967	'You,	16.233551025390625	17.32138442993164	17.373170852661133	17.541202545166016
5	968	I	4.371114730834961	4.192400932312012	4.145681381225586	4.232812404632568
5	969	can	3.735729455947876	4.0575761795043945	3.713958263397217	3.6568689346313477
5	970	always	5.831795692443848	5.581668853759766	6.231127738952637	6.176717758178711
5	971	count	9.24437427520752	4.484033107757568	2.9122722148895264	2.400770664215088
5	972	on,'	13.398917198181152	11.222733497619629	11.161914825439453	10.539340019226074
5	973	Abby	11.325271606445312	11.162193298339844	11.258501052856445	11.021756172180176
5	974	said	3.376964807510376	2.197274684906006	2.0956718921661377	2.1645870208740234
5	975	to	3.5366134643554688	3.246184825897217	2.5175304412841797	2.7663261890411377
5	976	her	6.208436012268066	4.701444625854492	2.1424829959869385	2.261983871459961
5	977	mom,	7.457688331604004	8.053661346435547	7.285630702972412	4.516607284545898
5	978	with	5.809700965881348	6.041223526000977	5.866601943969727	6.647871017456055
5	979	relief.	12.407532691955566	11.932377815246582	11.223023414611816	10.934324264526367
5	980	Then	6.119268417358398	4.985159873962402	4.505954742431641	4.514423847198486
5	981	she	3.966998815536499	3.070103645324707	2.4516193866729736	1.2905882596969604
5	982	noticed	7.123989105224609	6.02373743057251	5.507856369018555	4.955253601074219
5	983	another	6.972384929656982	5.5965681076049805	4.783336162567139	4.619264602661133
5	984	water	8.630979537963867	8.32651138305664	8.852550506591797	8.668768882751465
5	985	snail	14.605916976928711	12.840606689453125	10.509894371032715	10.102953910827637
5	986	was	4.248779296875	4.449699401855469	3.6466786861419678	4.422891616821289
5	987	right	7.278310298919678	7.587003231048584	8.171913146972656	7.982344150543213
5	988	next	6.086118698120117	4.232507705688477	4.483362197875977	2.702010154724121
5	989	to	3.4193851947784424	0.16272979974746704	0.2745583951473236	0.2028374969959259
5	990	Sticky	16.684616088867188	13.505517959594727	13.401739120483398	14.020243644714355
5	991	and	4.023051738739014	3.521535634994507	3.090346097946167	3.1911065578460693
5	992	asked	7.575797080993652	8.829854965209961	7.171329498291016	5.86716365814209
5	993	where	6.896704196929932	5.345837593078613	4.746569633483887	4.610471248626709
5	994	this	4.9236602783203125	4.280940532684326	5.079897403717041	5.3282365798950195
5	995	new	5.58347225189209	4.932760238647461	3.7350666522979736	3.7184412479400635
5	996	addition	8.32982063293457	6.528557777404785	6.483393669128418	6.448917388916016
5	997	to	0.11604073643684387	0.18932372331619263	0.4947894215583801	1.4167909622192383
5	998	the	2.496473789215088	1.6747658252716064	0.588298499584198	0.6000292897224426
5	999	family	6.977022171020508	7.324341773986816	8.162894248962402	4.815661907196045
5	1000	could	6.4915900230407715	5.91820764541626	7.052768707275391	8.381114959716797
5	1001	have	2.8648574352264404	2.7145137786865234	2.8101682662963867	2.5063183307647705
5	1002	come	6.17153263092041	4.641166687011719	5.0124969482421875	5.136703968048096
5	1003	from.	5.340489387512207	6.377093315124512	6.716115951538086	4.668913841247559
5	1004	'I'm	11.032127380371094	11.509708404541016	11.263495445251465	11.12794303894043
5	1005	beginning	8.460583686828613	7.607809066772461	7.839535713195801	7.691532611846924
5	1006	to	1.5388132333755493	0.0645861029624939	0.018615910783410072	0.01765447109937668
5	1007	suspect	10.195005416870117	6.130880355834961	3.995818614959717	3.7469630241394043
5	1008	the	3.9075944423675537	2.6828505992889404	2.740445613861084	3.365351915359497
5	1009	pond	12.17824935913086	11.574686050415039	12.192533493041992	12.323970794677734
5	1010	weed	13.183271408081055	11.067794799804688	8.421751022338867	8.56128978729248
5	1011	is	2.3404998779296875	2.997584819793701	3.0435988903045654	2.3797080516815186
5	1012	guilty,	11.919681549072266	10.96609115600586	12.76500129699707	12.486961364746094
5	1013	don't	8.624982833862305	8.695372581481934	7.006768703460693	7.145168304443359
5	1014	you	5.919383525848389	2.8652830123901367	2.872231960296631	2.9868569374084473
5	1015	think?'	11.714263916015625	6.787613391876221	4.291522026062012	4.301860809326172
5	1016	replied	8.929269790649414	8.626367568969727	8.061101913452148	8.240816116333008
5	1017	Mom.	15.782608032226562	9.413180351257324	9.466594696044922	9.26378345489502
5	1018	They	4.16762638092041	5.195348739624023	6.132490158081055	6.050853729248047
5	1019	both	9.417784690856934	3.957934617996216	3.2320375442504883	3.0102100372314453
5	1020	laughed	13.246455192565918	5.872492790222168	5.069751262664795	3.4871015548706055
5	1021	and	3.0942955017089844	1.2942782640457153	1.4287095069885254	1.2233407497406006
5	1022	climbed	11.246712684631348	8.5906343460083	9.042440414428711	8.108491897583008
5	1023	into	1.5197402238845825	2.518137216567993	2.092988967895508	1.6201019287109375
5	1024	Abby's	15.954477310180664	12.838387489318848	13.092772483825684	12.907135009765625
5	1025	bed	7.259274482727051	5.2965240478515625	3.1617043018341064	2.535055160522461
5	1026	together	7.158394813537598	8.274178504943848	8.77574634552002	8.256587982177734
5	1027	and,	8.255765914916992	7.20619010925293	7.230259895324707	6.79207706451416
5	1028	though	5.090051651000977	5.23710298538208	4.980992794036865	5.146572113037109
5	1029	it	2.002842664718628	2.6307547092437744	2.7462592124938965	2.9804587364196777
5	1030	was	1.676328420639038	2.05566143989563	2.131870746612549	1.6848945617675781
5	1031	cozy,	15.597637176513672	14.291858673095703	14.416903495788574	13.225759506225586
5	1032	it	5.375631809234619	4.421162128448486	3.681157112121582	2.321460485458374
5	1033	was	1.6763286590576172	2.087869167327881	0.8177471160888672	0.5738438367843628
5	1034	a	2.4355335235595703	2.6376566886901855	2.2818853855133057	2.7541544437408447
5	1035	bit	4.693593978881836	4.467094898223877	4.665614128112793	3.021818161010742
5	1036	of	0.36448532342910767	1.3363364934921265	1.5105594396591187	1.5538004636764526
5	1037	a	3.074387788772583	1.9360495805740356	1.4307113885879517	0.3487163484096527
5	1038	squeeze.	14.109344482421875	13.818138122558594	10.089927673339844	9.899739265441895
5	1039	'Budge	21.458768844604492	21.207279205322266	21.34752082824707	22.484703063964844
5	1040	up,'	8.52721881866455	5.837736129760742	6.006148815155029	5.912345886230469
5	1041	Mom	10.177188873291016	10.416584014892578	8.184975624084473	8.196474075317383
5	1042	said,	4.4156365394592285	2.266202688217163	2.639249324798584	1.9822629690170288
5	1043	giving	6.498578071594238	5.617316722869873	5.49172306060791	6.026154041290283
5	1044	Abby	15.38148021697998	12.513675689697266	11.586079597473145	11.787930488586426
5	1045	a	8.55076789855957	1.6221296787261963	1.0441478490829468	0.5541526079177856
5	1046	push	8.712547302246094	9.119012832641602	7.902943134307861	7.443929195404053
5	1047	with	5.874586582183838	4.777420997619629	4.679081439971924	3.2632360458374023
5	1048	her	4.410696029663086	4.232712745666504	3.704475164413452	0.9824453592300415
5	1049	bottom.	11.277071952819824	11.67020320892334	10.373844146728516	10.170862197875977
5	1050	'I	9.407259941101074	8.182573318481445	8.448537826538086	9.007195472717285
5	1051	can't	3.531663417816162	4.012423515319824	3.363725185394287	3.424452781677246
5	1052	because	7.324800968170166	7.817654132843018	8.140499114990234	8.153482437133789
5	1053	I'm	4.228360652923584	3.391587972640991	1.5226993560791016	1.731643795967102
5	1054	already	6.018620491027832	5.397029876708984	5.069110870361328	5.90184211730957
5	1055	on	6.001513481140137	3.897925853729248	4.030776500701904	4.092391014099121
5	1056	the	0.8019847273826599	1.202800989151001	1.449151635169983	1.372211217880249
5	1057	edge.'	17.595067977905273	16.794696807861328	14.738112449645996	12.35802936553955
5	1058	'Good	10.034500122070312	10.356698989868164	10.269867897033691	10.496057510375977
5	1059	heavens,	7.731235504150391	4.3176469802856445	4.3308515548706055	4.244555473327637
5	1060	you've	9.278491020202637	6.116024494171143	6.444575786590576	6.433050155639648
5	1061	grown	6.579364776611328	5.959491729736328	4.227151393890381	4.324276447296143
5	1062	then.	13.179226875305176	14.790953636169434	12.251043319702148	13.041559219360352
5	1063	When	4.619828224182129	4.483310222625732	4.63559103012085	4.983524322509766
5	1064	did	8.393769264221191	6.15014123916626	5.812291145324707	5.206857681274414
5	1065	that	4.9907989501953125	3.4795072078704834	3.0466203689575195	2.590339422225952
5	1066	happen?	12.511659622192383	5.620452880859375	1.3164030313491821	1.1945172548294067
5	1067	You	4.093420028686523	3.9584555625915527	4.050624370574951	4.1669416427612305
5	1068	could've	10.210037231445312	9.45179557800293	9.342025756835938	7.579529762268066
5	1069	put	5.2298102378845215	4.323617935180664	4.658206939697266	4.51199197769165
5	1070	an	4.520592212677002	4.2246246337890625	4.403312683105469	4.359500408172607
5	1071	elephant	7.830411434173584	7.895272731781006	7.488420486450195	6.00773811340332
5	1072	in	2.256349563598633	2.2505617141723633	0.8803128004074097	0.9820821285247803
5	1073	here	10.727682113647461	11.561267852783203	9.422758102416992	7.775333404541016
5	1074	last	7.685056209564209	6.800693988800049	6.629218578338623	7.295783042907715
5	1075	time	3.777698516845703	5.308505058288574	4.449013710021973	4.627140045166016
5	1076	we	3.802550792694092	2.79691481590271	2.5420963764190674	2.777348279953003
5	1077	did	5.133063793182373	4.809168815612793	3.8361172676086426	3.2072253227233887
5	1078	this.	7.793300628662109	7.1263604164123535	6.318638324737549	4.743926048278809
5	1079	Before	7.059891700744629	6.844080924987793	7.041022300720215	6.592951774597168
5	1080	I	2.869813919067383	2.232137680053711	1.7841278314590454	2.229996681213379
5	1081	know	3.480149745941162	4.979857444763184	4.577457904815674	4.566654205322266
5	1082	it,	5.6438117027282715	6.903983116149902	1.1199290752410889	0.422392874956131
5	1083	you'll	5.7451066970825195	6.31208610534668	6.956024169921875	3.720726251602173
5	1084	be	2.0322976112365723	1.9953315258026123	1.927182674407959	2.122143030166626
5	1085	all	6.50395393371582	6.405783653259277	5.822874546051025	5.7829766273498535
5	1086	grown	10.498785972595215	6.8990044593811035	5.554208755493164	5.612895965576172
5	1087	up.'	11.894685745239258	8.661932945251465	8.926224708557129	7.697142601013184
5	1088	On	6.145397186279297	6.098940849304199	6.050747394561768	6.176202297210693
5	1089	her	5.74296236038208	5.038257598876953	4.546009063720703	4.64772367477417
5	1090	mom's	8.225837707519531	7.559099197387695	7.657471656799316	6.283788681030273
5	1091	chest	7.955777168273926	7.101747512817383	7.143656253814697	7.525265693664551
5	1092	Abby	18.625774383544922	14.890704154968262	14.352465629577637	12.03779411315918
5	1093	then	7.919315338134766	7.571946144104004	6.4716362953186035	6.434421539306641
5	1094	put	4.452358245849609	5.704422950744629	5.476888656616211	5.552905559539795
5	1095	her	4.163227081298828	4.275099754333496	1.5886287689208984	1.0065289735794067
5	1096	head	4.838196277618408	3.650303363800049	3.0135598182678223	3.0465028285980225
5	1097	and	3.4589903354644775	1.9472110271453857	5.084869384765625	5.360818862915039
5	1098	smiled.	12.87211799621582	9.492131233215332	6.611884593963623	8.288660049438477
6	0	The	2.1281988620758057	2.1281988620758057	2.1281988620758057	2.1281988620758057
6	1	text	7.642132759094238	7.642132759094238	7.642132759094238	7.642132759094238
6	2	message	5.603568077087402	5.63914680480957	5.63914680480957	5.63914680480957
6	3	said	8.833849906921387	6.5628461837768555	4.029438495635986	4.029438495635986
6	4	that	1.3828471899032593	2.073971748352051	2.131955146789551	1.7169593572616577
6	5	Lucy	12.927884101867676	11.699579238891602	11.356943130493164	10.59375
6	6	Josephs	12.917869567871094	13.835482597351074	13.86202335357666	13.817346572875977
6	7	was	3.4777894020080566	3.182577610015869	1.6185296773910522	1.4949193000793457
6	8	a	2.4355335235595703	2.622828960418701	2.6206653118133545	2.480306386947632
6	9	failure.	11.243196487426758	8.731391906738281	10.155693054199219	11.042850494384766
6	10	It	3.5347399711608887	3.2617201805114746	2.99710750579834	3.460374593734741
6	11	said	6.879354476928711	6.161243915557861	6.242579936981201	6.532455921173096
6	12	she	3.373635768890381	5.0571208000183105	6.06856107711792	5.82174825668335
6	13	was	1.984025239944458	1.6544251441955566	1.432801604270935	1.6320613622665405
6	14	ugly,	11.435120582580566	11.288738250732422	13.019148826599121	12.206281661987305
6	15	had	7.434093475341797	6.377984523773193	4.982800483703613	4.278951644897461
6	16	no	3.8713910579681396	3.172569513320923	2.263292074203491	2.9091694355010986
6	17	style	12.421249389648438	10.137969970703125	7.675362586975098	6.080469131469727
6	18	and	2.850217342376709	2.7512400150299072	2.5784332752227783	1.342891812324524
6	19	the	2.305114269256592	3.318692684173584	4.28889799118042	4.434142112731934
6	20	world	5.029668807983398	5.822262287139893	6.6357951164245605	6.075072765350342
6	21	hated	14.297554969787598	11.3538236618042	10.150154113769531	12.061124801635742
6	22	her.	5.214976787567139	5.130332946777344	4.916074752807617	4.174765110015869
6	23	At	5.100888729095459	5.024983882904053	4.977823257446289	4.878086090087891
6	24	least	0.7853289246559143	2.4988536834716797	2.2234840393066406	2.2557015419006348
6	25	that	3.910835027694702	3.992746591567993	3.5861313343048096	3.879239082336426
6	26	was	3.443213701248169	4.075016021728516	1.004915475845337	0.9098204374313354
6	27	what	6.795889377593994	5.377899646759033	4.357926368713379	1.7817909717559814
6	28	it	3.192812919616699	3.457308769226074	2.989629030227661	3.365837574005127
6	29	said	7.74976921081543	5.174223899841309	4.529715538024902	4.8246965408325195
6	30	to	3.5366134643554688	4.397341728210449	3.393270492553711	3.5350561141967773
6	31	Lucy.	16.492658615112305	15.189375877380371	14.705036163330078	13.80059814453125
6	32	It	3.4860293865203857	3.6343777179718018	4.209933757781982	3.3231770992279053
6	33	said	6.879354476928711	6.481082916259766	6.306954383850098	5.738076210021973
6	34	that	1.3828471899032593	1.6487489938735962	1.529198169708252	1.5034151077270508
6	35	and	6.5859375	7.058343887329102	7.509263038635254	7.503832817077637
6	36	a	3.659700870513916	4.080414772033691	4.55139684677124	4.331270694732666
6	37	whole	6.345529556274414	5.6788458824157715	4.746254920959473	5.21567440032959
6	38	lot	5.570251941680908	2.119699478149414	1.0764214992523193	0.7983461618423462
6	39	more	5.053092956542969	1.9799258708953857	1.6337370872497559	1.666271686553955
6	40	that	7.016515254974365	6.093026161193848	6.3105316162109375	5.749921798706055
6	41	she	4.501560688018799	4.843123435974121	4.621691703796387	4.567009925842285
6	42	was	1.9840257167816162	1.8434195518493652	2.30255389213562	2.9763972759246826
6	43	struggling	8.51999282836914	7.127614498138428	6.942211627960205	6.4965996742248535
6	44	to	0.5441147089004517	0.6800380945205688	0.7405063509941101	0.8843398094177246
6	45	understand.	9.647605895996094	7.861458778381348	7.392314910888672	6.4273529052734375
6	46	The	2.713172674179077	2.669583797454834	2.6841235160827637	2.9465835094451904
6	47	actual	7.233750343322754	6.908801078796387	6.9355549812316895	7.3665080070495605
6	48	text	6.948490619659424	5.887843132019043	5.862455368041992	5.4713640213012695
6	49	of	2.242227792739868	1.7128722667694092	0.8298651576042175	0.9656023979187012
6	50	the	0.8314511775970459	0.9482121467590332	0.6631333231925964	0.5501953363418579
6	51	note	9.882023811340332	10.145286560058594	6.634152889251709	6.359208106994629
6	52	said	9.975984573364258	6.320990562438965	7.389686584472656	5.951064586639404
6	53	that	1.3828471899032593	1.6869981288909912	2.056440591812134	1.90804123878479
6	54	Lucy	12.927884101867676	11.699579238891602	11.874451637268066	11.16756534576416
6	55	better	13.947652816772461	10.880733489990234	10.776119232177734	11.563438415527344
6	56	not	8.001986503601074	4.538271903991699	1.909271001815796	1.6517136096954346
6	57	show	6.989487171173096	7.652515888214111	5.277693271636963	5.379122734069824
6	58	up	3.4407260417938232	0.9341047406196594	1.5515061616897583	1.3601964712142944
6	59	at	4.221682548522949	1.7604005336761475	3.4509475231170654	1.8995814323425293
6	60	the	0.8910643458366394	1.3603789806365967	1.325490117073059	1.424472451210022
6	61	party	6.688199043273926	7.453669548034668	7.241744041442871	5.532828330993652
6	62	tonight,	12.921747207641602	11.281940460205078	8.508955001831055	8.171481132507324
6	63	because	5.843123435974121	4.784246921539307	4.772822380065918	5.033218860626221
6	64	it	2.201655387878418	2.9618911743164062	3.014615058898926	2.8713600635528564
6	65	was	1.676328420639038	2.0436973571777344	1.65913724899292	2.063714027404785
6	66	going	4.374229431152344	4.908843040466309	4.851831912994385	4.196357727050781
6	67	to	0.12444204837083817	0.22499756515026093	0.1134672462940216	0.156001478433609
6	68	be	2.424424886703491	1.6867440938949585	1.6289335489273071	0.8392494916915894
6	69	bad	7.885288715362549	7.884787559509277	6.799717426300049	6.958810329437256
6	70	enough	4.631645679473877	3.3474416732788086	3.8410487174987793	3.7315027713775635
6	71	already!	14.40737247467041	10.258255958557129	8.770310401916504	9.631217956542969
6	72	Lucy,	14.043102264404297	14.030708312988281	13.580879211425781	13.664512634277344
6	73	who	2.7365882396698	3.9924159049987793	4.074673652648926	4.058847427368164
6	74	had	2.561211347579956	2.630868911743164	2.603878974914551	2.5989561080932617
6	75	started	5.853182792663574	6.096736431121826	5.595309257507324	5.442463397979736
6	76	receiving	7.2421722412109375	6.184520721435547	6.942045211791992	7.049788951873779
6	77	these	7.139643669128418	5.157761573791504	5.409468173980713	5.566335678100586
6	78	messages	6.628406524658203	3.5121097564697266	2.1709108352661133	2.131242036819458
6	79	a	7.110342025756836	6.8425703048706055	6.4664459228515625	4.152514457702637
6	80	few	3.445157289505005	3.163938283920288	2.839369773864746	2.0789012908935547
6	81	weeks	2.776340961456299	3.3250937461853027	2.175687074661255	2.6529932022094727
6	82	ago,	2.7961959838867188	2.4283523559570312	2.2673840522766113	1.893826961517334
6	83	tapped	11.972811698913574	11.675293922424316	11.718097686767578	11.738174438476562
6	84	the	2.133330821990967	2.525282382965088	2.6195671558380127	2.5582568645477295
6	85	mobile	9.602909088134766	7.237022399902344	7.6524810791015625	7.615546703338623
6	86	screen	5.553472518920898	7.941922187805176	6.31843900680542	7.44474983215332
6	87	to	3.0375161170959473	2.688326120376587	2.6467084884643555	1.3661866188049316
6	88	make	3.4973766803741455	3.8657965660095215	4.229355812072754	4.057947158813477
6	89	the	2.2668020725250244	2.307900905609131	2.3541128635406494	2.4044973850250244
6	90	message	7.36838436126709	7.715757369995117	7.377227783203125	6.333606243133545
6	91	disappear	14.719409942626953	11.870503425598145	7.834643363952637	7.264403343200684
6	92	from	1.2338024377822876	1.4029674530029297	1.593326449394226	1.7195885181427002
6	93	view.	11.284050941467285	4.958155632019043	6.148487567901611	6.0884599685668945
6	94	She	5.0899834632873535	4.859494209289551	4.500661849975586	5.981012344360352
6	95	only	7.7903947830200195	6.4132585525512695	6.170350074768066	6.189684867858887
6	96	wished	11.085724830627441	5.953521728515625	5.668366432189941	5.523952960968018
6	97	it	4.170430660247803	4.229281425476074	3.6804566383361816	3.6697402000427246
6	98	was	1.676328420639038	1.8847899436950684	2.0832135677337646	1.0780752897262573
6	99	as	6.39547061920166	5.7773261070251465	4.46710729598999	4.361984729766846
6	100	easy	7.65607213973999	5.31028413772583	4.531908988952637	1.6326475143432617
6	101	to	0.06945938616991043	1.061435580253601	1.9268178939819336	1.6975363492965698
6	102	tap	9.653702735900879	8.559751510620117	8.341984748840332	8.584184646606445
6	103	her	5.582464218139648	5.31341552734375	6.481077194213867	6.9727864265441895
6	104	heart	6.000100612640381	6.917260646820068	6.313654899597168	6.250925064086914
6	105	and	3.00268292427063	2.6409239768981934	2.479428291320801	1.9232662916183472
6	106	erase	11.642680168151855	11.59931755065918	12.140408515930176	9.92700481414795
6	107	the	0.7650464773178101	1.350624680519104	1.290023922920227	1.4688949584960938
6	108	trace	12.202202796936035	7.954636096954346	5.897893905639648	6.033902168273926
6	109	the	2.0079214572906494	5.941841125488281	6.7356133460998535	6.860588550567627
6	110	message	7.36838436126709	8.040072441101074	7.403647422790527	7.724361896514893
6	111	had	6.631983280181885	5.86881160736084	7.316093444824219	4.28078031539917
6	112	left	6.287215232849121	5.580547332763672	6.227472305297852	5.699925422668457
6	113	there.	7.870227813720703	8.57764720916748	10.297012329101562	8.94434928894043
6	114	'Was	14.138446807861328	13.347976684570312	12.71953010559082	12.266864776611328
6	115	that	2.818667411804199	2.2181239128112793	2.1036102771759033	2.180054187774658
6	116	another	7.410939693450928	6.336752891540527	6.293137550354004	5.96458625793457
6	117	one	4.564019203186035	4.1714768409729	3.005575180053711	3.0352158546447754
6	118	of	0.4225279688835144	1.734879732131958	1.5812374353408813	0.19473236799240112
6	119	those	5.347250938415527	3.1250159740448	2.0222110748291016	2.847141742706299
6	120	messages?'	19.045448303222656	17.861875534057617	18.505943298339844	18.28000831604004
6	121	her	8.547103881835938	8.770425796508789	8.766453742980957	8.380136489868164
6	122	mom	6.145720958709717	4.7491936683654785	4.6492462158203125	4.578226089477539
6	123	asked,	8.592247009277344	8.006324768066406	4.229393482208252	4.578069686889648
6	124	who	5.760441780090332	5.829968452453613	5.645967960357666	6.83052921295166
6	125	was	3.069365978240967	2.2943713665008545	1.8562408685684204	1.984688639640808
6	126	driving	7.920127868652344	6.074921131134033	6.121442794799805	6.4588189125061035
6	127	the	2.654254913330078	2.9445581436157227	1.5449925661087036	0.7543323636054993
6	128	car.	9.207928657531738	5.275007724761963	4.00526762008667	4.038795471191406
6	129	Lucy	11.69614315032959	11.392000198364258	11.223531723022461	11.012876510620117
6	130	confirmed	10.849799156188965	8.523380279541016	8.2733736038208	8.384126663208008
6	131	her	5.907910346984863	2.8092150688171387	3.1259357929229736	3.1261038780212402
6	132	mother's	5.620114326477051	6.259284496307373	5.817152976989746	5.623893737792969
6	133	suspicion	10.12351131439209	9.98338508605957	6.484808444976807	5.519065856933594
6	134	was	5.52299165725708	3.075226306915283	3.79135799407959	3.0077295303344727
6	135	founded	7.538027286529541	7.506978511810303	7.797010898590088	8.436307907104492
6	136	as	4.447526931762695	3.4499528408050537	4.860018253326416	4.769377708435059
6	137	she	5.501832962036133	7.4796271324157715	9.012880325317383	6.694461822509766
6	138	answered	8.138630867004395	7.226016044616699	7.430008888244629	6.659204006195068
6	139	dejectedly,	14.526114463806152	10.218466758728027	12.23526382446289	13.850502014160156
6	140	'I'm	9.887955665588379	9.821131706237793	8.002317428588867	7.539120674133301
6	141	sorry	3.265523910522461	2.8776049613952637	2.7178964614868164	2.5287630558013916
6	142	to	1.2606046199798584	2.8128645420074463	2.1051268577575684	2.047400951385498
6	143	say	5.115943908691406	2.079178810119629	2.6857242584228516	2.3080945014953613
6	144	it	2.6357431411743164	3.7054247856140137	3.4591917991638184	3.042452812194824
6	145	was.'	12.135369300842285	12.431107521057129	13.340827941894531	13.553810119628906
6	146	'Haven't	12.987608909606934	13.1387939453125	13.094598770141602	12.794677734375
6	147	you	1.502284288406372	0.7175337672233582	0.6858406066894531	0.6987482309341431
6	148	reported	10.582788467407227	9.791498184204102	9.54330825805664	9.4794921875
6	149	it	5.72742223739624	3.4463672637939453	2.671513557434082	2.6046619415283203
6	150	yet?'	17.284364700317383	18.8682861328125	13.827757835388184	3.083932399749756
6	151	asked	5.5172600746154785	5.200303077697754	5.15346097946167	5.668657302856445
6	152	Jill,	14.176233291625977	10.477797508239746	10.11857795715332	10.47819709777832
6	153	Lucy's	12.15113353729248	12.527864456176758	11.469626426696777	11.350375175476074
6	154	older	7.201281547546387	4.947976112365723	4.398800849914551	4.490978717803955
6	155	sister	7.014867305755615	1.123279094696045	1.5999879837036133	2.055016040802002
6	156	who	4.3363518714904785	2.9752368927001953	3.480186939239502	1.968138337135315
6	157	was	3.069365978240967	2.021199941635132	1.9065579175949097	1.7466447353363037
6	158	sitting	7.340240478515625	5.496389389038086	5.761352062225342	6.436301231384277
6	159	in	1.5652331113815308	1.5184035301208496	1.6425437927246094	1.9297935962677002
6	160	the	0.8811151385307312	1.35468590259552	1.0937467813491821	0.7115220427513123
6	161	passenger	9.188521385192871	8.655863761901855	5.428045749664307	3.786033868789673
6	162	seat.	7.122221946716309	4.1893815994262695	2.3150696754455566	2.1303536891937256
6	163	'Yes,'	13.319799423217773	15.118831634521484	14.206748962402344	13.964001655578613
6	164	Lucy	10.741555213928223	9.079476356506348	9.246750831604004	9.179476737976074
6	165	replied,	11.065916061401367	4.434056282043457	4.053729057312012	3.7455368041992188
6	166	lying	9.807497024536133	8.708192825317383	8.6856689453125	8.191359519958496
6	167	through	5.773675441741943	6.049158573150635	6.652045249938965	6.6994099617004395
6	168	her	4.73525333404541	1.930817723274231	0.5273123383522034	0.09547252953052521
6	169	teeth.	8.070455551147461	7.197880744934082	1.6562069654464722	0.9186949729919434
6	170	That	4.981472969055176	5.507822036743164	5.461979866027832	5.217615127563477
6	171	Lucy	15.267250061035156	12.819103240966797	11.663410186767578	11.277688026428223
6	172	should	8.770483016967773	5.943670272827148	5.092075347900391	5.075517177581787
6	173	not	3.1124343872070312	2.806453227996826	2.9287109375	3.256962299346924
6	174	let	6.864839553833008	6.1655731201171875	5.767653465270996	6.453340530395508
6	175	the	3.5477545261383057	2.444265127182007	2.2079005241394043	2.574479579925537
6	176	messages	10.324068069458008	9.054125785827637	9.175963401794434	9.208152770996094
6	177	get	8.179243087768555	6.833245277404785	3.275402784347534	2.0762758255004883
6	178	to	2.625056743621826	3.479206085205078	3.0402069091796875	2.097108840942383
6	179	her	6.208436012268066	6.022272109985352	5.758333683013916	5.451910018920898
6	180	and	4.93126106262207	3.8540055751800537	3.3083229064941406	2.532003164291382
6	181	that	4.721836090087891	5.130606651306152	4.487858772277832	4.592729091644287
6	182	the	2.4105913639068604	2.5158138275146484	3.3306565284729004	3.2070298194885254
6	183	sender	11.251652717590332	9.710006713867188	9.77467155456543	10.153044700622559
6	184	was	4.456600189208984	4.833171844482422	2.888650417327881	2.535470485687256
6	185	only	4.851860523223877	6.298010349273682	5.658702373504639	5.535439491271973
6	186	jealous	14.797369003295898	10.651107788085938	11.961238861083984	9.964301109313965
6	187	were	7.987457275390625	8.486828804016113	10.655129432678223	10.988252639770508
6	188	Lucy's	16.509090423583984	11.128984451293945	11.829047203063965	11.80178451538086
6	189	mom's	9.393821716308594	9.108327865600586	9.726959228515625	9.520488739013672
6	190	arguments,	11.294294357299805	11.036317825317383	11.75921630859375	9.91128158569336
6	191	in	4.401218414306641	5.047009468078613	5.253669738769531	4.908227920532227
6	192	an	4.259646892547607	4.268165588378906	3.8228600025177	3.442255973815918
6	193	effort	5.4589033126831055	2.568599224090576	1.7510287761688232	1.693626880645752
6	194	to	0.2742829918861389	0.1479606032371521	0.015493080019950867	0.014643644914031029
6	195	comfort	11.222506523132324	9.861611366271973	9.462116241455078	9.084521293640137
6	196	her	7.363630771636963	2.4956846237182617	2.735847234725952	2.7641029357910156
6	197	daughter.	5.970129013061523	6.888008117675781	5.868317604064941	5.8598432540893555
6	198	Lucy's	11.787318229675293	11.95296573638916	11.915067672729492	11.613561630249023
6	199	mom	6.178943157196045	5.156576633453369	5.189849853515625	5.145994186401367
6	200	suddenly	10.694302558898926	8.084518432617188	8.428074836730957	8.067558288574219
6	201	felt	4.827715873718262	6.245004177093506	5.812906265258789	5.6142578125
6	202	guilty,	10.707374572753906	7.3581438064575195	6.709041595458984	6.705530643463135
6	203	for	4.944618225097656	4.982331275939941	4.069049835205078	4.903995513916016
6	204	she	10.470874786376953	5.025462627410889	3.8409276008605957	3.238781213760376
6	205	had	2.4720723628997803	2.675319194793701	1.6410763263702393	1.5558247566223145
6	206	been	1.1064952611923218	2.1565346717834473	2.1342618465423584	2.0197134017944336
6	207	the	4.773841857910156	4.224576473236084	4.599577903747559	3.921203136444092
6	208	one	6.806218147277832	4.8328142166137695	4.4801859855651855	2.1913609504699707
6	209	to	4.80869197845459	4.428175926208496	1.8596373796463013	1.5768020153045654
6	210	buy	5.7834272384643555	6.420490264892578	6.167374134063721	6.669454574584961
6	211	the	1.736741304397583	2.4059031009674072	2.5545883178710938	1.7364325523376465
6	212	phone	7.668227195739746	6.097158432006836	6.126105308532715	6.426033020019531
6	213	for	3.342362642288208	4.1796746253967285	2.9670796394348145	3.0189194679260254
6	214	Lucy	12.864977836608887	11.909470558166504	13.048649787902832	14.97303295135498
6	215	just	9.429168701171875	7.297081470489502	6.007574558258057	6.2431535720825195
6	216	a	2.5408730506896973	4.049060821533203	3.195331573486328	3.2448267936706543
6	217	couple	4.419825077056885	3.5332980155944824	3.04620361328125	3.144829511642456
6	218	of	0.08830367028713226	0.47665175795555115	0.5208677053451538	0.5319180488586426
6	219	months	9.840473175048828	2.978384494781494	3.4211690425872803	2.897491455078125
6	220	ago.	3.1430885791778564	3.998366355895996	2.5994620323181152	2.560880184173584
6	221	She	4.668745040893555	4.641201019287109	4.657966136932373	4.459322929382324
6	222	then	7.075289249420166	4.636725902557373	4.433069229125977	4.798667907714844
6	223	admitted	9.170743942260742	6.822328090667725	6.458934783935547	6.362913608551025
6	224	her	6.759624481201172	4.825754165649414	3.6882362365722656	3.7057337760925293
6	225	regret	12.002596855163574	8.529326438903809	8.294949531555176	7.860048294067383
6	226	about	3.308399200439453	2.875673770904541	2.690817356109619	2.8941211700439453
6	227	the	1.1256111860275269	1.7639777660369873	1.9106663465499878	1.5737687349319458
6	228	phone	7.668227195739746	8.024301528930664	7.829855918884277	6.594876766204834
6	229	was	4.669581413269043	3.7495334148406982	4.887364387512207	6.740200042724609
6	230	still	4.630741119384766	4.516958236694336	4.22818660736084	5.259927749633789
6	231	bugging	13.70958423614502	10.241812705993652	8.560951232910156	9.996294975280762
6	232	her	3.8468027114868164	5.105229377746582	4.011302947998047	3.258878707885742
6	233	out	6.686130046844482	3.8923850059509277	4.547904014587402	5.915318489074707
6	234	loud	11.456442832946777	6.90370512008667	6.835452079772949	9.124750137329102
6	235	as	4.5491743087768555	3.284972667694092	2.995241165161133	3.2446389198303223
6	236	she	5.501832962036133	3.5113308429718018	2.130995512008667	1.0321097373962402
6	237	sighed,	10.673946380615234	9.021276473999023	8.409236907958984	8.625714302062988
6	238	'I	7.778968811035156	7.9568376541137695	7.899675369262695	8.15048599243164
6	239	never	4.917243480682373	4.52567720413208	4.543663501739502	4.719084739685059
6	240	should	8.917564392089844	5.3250298500061035	4.660318851470947	4.754169464111328
6	241	have	2.9630141258239746	0.26128000020980835	0.060524970293045044	0.04575592279434204
6	242	given	6.220977783203125	5.486451148986816	5.287777423858643	4.231896877288818
6	243	you	5.029502868652344	3.3694396018981934	3.1488242149353027	3.0904159545898438
6	244	that	7.948269844055176	4.576387405395508	4.483946800231934	4.067702293395996
6	245	phone	11.137495040893555	9.63790512084961	7.353808403015137	7.490492820739746
6	246	Lucy.'	27.10889434814453	25.63774871826172	23.403968811035156	23.40092658996582
6	247	'No,	8.370121955871582	7.024208068847656	7.071295738220215	7.019771575927734
6	248	it's	3.3391919136047363	3.3807320594787598	3.052185535430908	2.910797119140625
6	249	fine.	8.534849166870117	4.660105228424072	4.700851917266846	5.057196617126465
6	250	I	2.894170045852661	2.667165994644165	1.83417546749115	1.8500066995620728
6	251	love	5.258581161499023	4.468113899230957	4.331168174743652	3.4770491123199463
6	252	it,'	9.780998229980469	9.486888885498047	10.269667625427246	9.224567413330078
6	253	said	2.688582181930542	2.794595718383789	2.848564624786377	2.127890110015869
6	254	Lucy	11.328226089477539	9.253144264221191	8.8427734375	8.772174835205078
6	255	knowing	14.87726879119873	12.785155296325684	11.068053245544434	10.618815422058105
6	256	that	1.256091594696045	1.3515682220458984	1.8209775686264038	1.706769347190857
6	257	affording	17.22586441040039	14.291772842407227	14.934622764587402	14.336673736572266
6	258	the	2.3614115715026855	2.6520848274230957	2.8415307998657227	2.710963010787964
6	259	phone	7.66822624206543	8.187347412109375	8.08228874206543	6.809301376342773
6	260	had	7.274971008300781	5.924068927764893	7.541230201721191	5.836483478546143
6	261	been	1.1064952611923218	1.0448179244995117	1.1197417974472046	1.295942783355713
6	262	no	5.917472839355469	7.094370365142822	8.061101913452148	8.2537260055542
6	263	small	8.231832504272461	7.2726359367370605	7.261883735656738	7.646300315856934
6	264	thing	6.456039905548096	5.127758979797363	5.163028240203857	4.12515926361084
6	265	for	3.757556200027466	3.557371139526367	1.9550796747207642	1.1934210062026978
6	266	her	4.964770317077637	4.933233261108398	4.550321578979492	5.075048446655273
6	267	mother.	6.012494087219238	7.128838539123535	7.502959728240967	8.577427864074707
6	268	It	3.711439609527588	3.684328079223633	3.7466893196105957	3.4568681716918945
6	269	had	4.751404285430908	4.354068756103516	4.034351348876953	4.1481547355651855
6	270	been	1.1064952611923218	1.2405855655670166	0.8942233324050903	0.7648090124130249
6	271	nothing	7.924531936645508	8.047480583190918	6.850404739379883	6.655611038208008
6	272	but	5.808232307434082	1.171935796737671	0.8571260571479797	0.9812113046646118
6	273	trouble	12.29710865020752	5.998868465423584	4.531911373138428	4.262295246124268
6	274	though.	9.954370498657227	10.759902000427246	8.212324142456055	8.98380184173584
6	275	Lucy	11.317317008972168	11.326149940490723	10.778684616088867	10.39986515045166
6	276	did	5.863529205322266	5.244479179382324	5.299262523651123	5.414999008178711
6	277	not	0.35008683800697327	0.6290678977966309	1.2276794910430908	1.2385437488555908
6	278	know	3.9858126640319824	3.5899899005889893	2.8066530227661133	2.89150333404541
6	279	who	5.2641682624816895	3.3657608032226562	3.595346212387085	3.5863208770751953
6	280	it	8.377730369567871	3.239048719406128	3.0117530822753906	3.2111408710479736
6	281	was	1.6763286590576172	1.9204659461975098	1.9314076900482178	1.5772684812545776
6	282	that	5.272017478942871	5.3054518699646	2.6818740367889404	1.479063868522644
6	283	was	3.443213701248169	6.391059875488281	5.679363250732422	3.1121420860290527
6	284	sending	8.402527809143066	8.60369873046875	8.568925857543945	7.266469955444336
6	285	her	3.655196189880371	3.651705026626587	3.8365025520324707	3.896385431289673
6	286	the	7.013796806335449	3.9032864570617676	3.9622321128845215	4.915851593017578
6	287	messages,	12.9786958694458	10.774028778076172	9.544031143188477	7.877011775970459
6	288	and	2.447470188140869	2.4094629287719727	2.1412405967712402	2.2315971851348877
6	289	she	6.152834892272949	6.676606178283691	5.362151622772217	2.0149667263031006
6	290	did	4.252788543701172	4.593316078186035	4.4664225578308105	4.310176372528076
6	291	not	0.35008683800697327	0.7265393137931824	0.8755660653114319	0.984359622001648
6	292	know	3.9858126640319824	3.5899899005889893	2.7987546920776367	3.087413787841797
6	293	how	2.0206544399261475	2.322709798812866	2.674663543701172	2.4499030113220215
6	294	they	3.051055669784546	3.8065600395202637	3.4441590309143066	4.0204644203186035
6	295	had	3.6257309913635254	4.77073860168457	5.208926200866699	4.2464447021484375
6	296	got	6.2226972579956055	6.72756290435791	5.14620304107666	3.4504482746124268
6	297	her	4.719311714172363	4.208197116851807	5.5391411781311035	5.719755172729492
6	298	number,	10.635554313659668	7.3453049659729	7.323622703552246	6.500485897064209
6	299	but	3.0151991844177246	2.791604995727539	2.672900676727295	2.5678601264953613
6	300	whoever	11.287405967712402	9.588168144226074	9.882575988769531	10.261303901672363
6	301	it	5.734982013702393	3.085827112197876	2.504694938659668	1.585989236831665
6	302	was,	6.091418266296387	3.2603490352630615	1.9884545803070068	2.144151210784912
6	303	he	4.06116247177124	3.779783010482788	4.090716361999512	2.11008882522583
6	304	or	9.740870475769043	7.398297309875488	7.179544925689697	6.249408721923828
6	305	she	7.470600128173828	0.05557398498058319	0.030869681388139725	0.03562910482287407
6	306	had	2.4720723628997803	3.9241318702697754	4.235564231872559	3.2276968955993652
6	307	slowly	10.559792518615723	9.761211395263672	10.948871612548828	11.773780822753906
6	308	taken	5.916900157928467	4.610629081726074	4.374187469482422	4.6802520751953125
6	309	over	3.3223843574523926	2.3083224296569824	1.7669771909713745	2.2147023677825928
6	310	Lucy's	15.391511917114258	13.382242202758789	13.999593734741211	11.408719062805176
6	311	life.	6.752181053161621	6.657454013824463	4.275051593780518	4.732555389404297
6	312	She	4.306403160095215	2.4745867252349854	2.609281301498413	2.2563657760620117
6	313	was	1.9952536821365356	2.36210560798645	2.2068405151367188	2.2833645343780518
6	314	getting	5.643919944763184	6.383873462677002	6.660984039306641	6.716207504272461
6	315	several	7.927922248840332	8.140167236328125	8.069336891174316	8.609055519104004
6	316	texts	8.832722663879395	6.688175678253174	4.71213960647583	3.944418430328369
6	317	a	6.546736717224121	6.546606063842773	3.8032515048980713	4.385640621185303
6	318	day	6.729010581970215	4.191495418548584	1.2478528022766113	0.5636825561523438
6	319	now,	7.680812835693359	7.252228736877441	7.018584251403809	7.024981498718262
6	320	all	5.697315692901611	5.482074737548828	5.453488349914551	5.57177209854126
6	321	of	1.2961466312408447	1.94367253780365	1.775837779045105	1.9180920124053955
6	322	which	7.2822089195251465	3.442084312438965	2.9369544982910156	3.385300636291504
6	323	were	4.397396087646484	2.7197208404541016	2.7397425174713135	3.5554542541503906
6	324	abusive	11.770345687866211	11.295387268066406	11.780191421508789	11.087310791015625
6	325	and	2.034748077392578	1.265607237815857	1.2208497524261475	1.1384681463241577
6	326	hurtful.	13.862354278564453	8.94947338104248	6.98092794418335	6.812402725219727
6	327	Lucy	11.269601821899414	11.717358589172363	11.852954864501953	11.642513275146484
6	328	wondered	11.97244644165039	7.395393371582031	7.926782131195068	8.871228218078613
6	329	what	2.434893846511841	2.19338321685791	2.0301332473754883	2.041637420654297
6	330	the	3.814051628112793	2.36128568649292	2.601064682006836	2.750593423843384
6	331	person	6.71334981918335	6.187397480010986	6.882883071899414	6.461816310882568
6	332	who	1.3247919082641602	1.692287802696228	3.3638553619384766	2.532000780105591
6	333	was	3.069365978240967	2.9235002994537354	3.3094687461853027	3.1256144046783447
6	334	messaging	14.559513092041016	12.420402526855469	12.194230079650879	10.738964080810547
6	335	her	10.012411117553711	2.855553150177002	2.203462839126587	2.4551734924316406
6	336	might	11.110495567321777	9.140756607055664	10.42948055267334	8.541061401367188
6	337	be	0.7667721509933472	1.303338646888733	2.0063343048095703	1.6395103931427002
6	338	thinking	8.971105575561523	7.3557939529418945	7.854479789733887	4.637668609619141
6	339	or	6.381253242492676	5.638927459716797	5.121572494506836	4.523928642272949
6	340	trying	8.193044662475586	4.941079616546631	4.652832508087158	4.7765374183654785
6	341	to	0.00690434081479907	0.06465262174606323	0.11019493639469147	0.22606433928012848
6	342	achieve	6.935593605041504	6.190447807312012	5.9328789710998535	4.9467267990112305
6	343	with	6.560213565826416	5.899369239807129	4.856414318084717	6.036314010620117
6	344	all	4.42686128616333	4.769370079040527	4.833412170410156	4.567191123962402
6	345	of	1.2961466312408447	1.8946417570114136	1.4805539846420288	1.6656664609909058
6	346	their	4.1530914306640625	3.829954147338867	3.229084014892578	2.929384708404541
6	347	hateful	12.342623710632324	10.887567520141602	10.563161849975586	10.576638221740723
6	348	messages.	9.241891860961914	5.383554935455322	5.288961410522461	4.858919143676758
6	349	As	4.823415756225586	4.60544490814209	4.472591876983643	4.442557334899902
6	350	the	2.663316011428833	2.6974380016326904	2.625594139099121	2.608384132385254
6	351	car	7.0966949462890625	7.023022651672363	7.813076972961426	8.581330299377441
6	352	pulled	8.747065544128418	7.966884613037109	4.3000593185424805	3.986330509185791
6	353	up	2.6503407955169678	0.9330177903175354	1.6053045988082886	1.662407398223877
6	354	outside	9.048165321350098	5.4374871253967285	2.824665069580078	3.391444683074951
6	355	the	1.185901165008545	1.1939657926559448	1.081705093383789	1.3889672756195068
6	356	school,	9.649018287658691	7.707526683807373	7.118623733520508	6.605024814605713
6	357	which	3.9044952392578125	3.226802110671997	3.659299850463867	3.954819679260254
6	358	looked	7.883500099182129	7.751128196716309	8.085412979125977	7.709676265716553
6	359	like	1.3255250453948975	1.1081275939941406	1.2856183052062988	1.4267946481704712
6	360	a	1.8835465908050537	1.3714755773544312	1.048689365386963	0.9866031408309937
6	361	large	4.937533378601074	6.341175079345703	5.700233459472656	4.940068244934082
6	362	shadow	9.134696960449219	8.680400848388672	8.24767017364502	8.19292163848877
6	363	in	4.469418048858643	3.507642984390259	3.4060258865356445	3.1782593727111816
6	364	the	0.8811151385307312	0.8756183981895447	0.5746208429336548	0.5204562544822693
6	365	darkness	10.02352237701416	9.039778709411621	4.6599321365356445	4.887531280517578
6	366	of	1.2420434951782227	1.323101282119751	1.0050344467163086	1.2766025066375732
6	367	a	3.074387788772583	3.2190701961517334	3.4040844440460205	2.885812759399414
6	368	November	10.885356903076172	9.997153282165527	8.895185470581055	9.684794425964355
6	369	evening,	10.891816139221191	9.30015754699707	9.277298927307129	4.017372131347656
6	370	Lucy	10.164968490600586	10.662487030029297	10.303831100463867	10.150184631347656
6	371	felt	9.14521598815918	6.206502914428711	6.591029167175293	6.012980937957764
6	372	a	3.9690465927124023	2.468379497528076	2.207515001296997	2.110084295272827
6	373	shiver	12.035856246948242	6.251735210418701	4.837221145629883	5.380634784698486
6	374	run	5.801566123962402	4.5150675773620605	0.9608100652694702	0.7241206765174866
6	375	down	4.606468677520752	1.4396947622299194	0.40827682614326477	0.27282634377479553
6	376	her	5.400186538696289	4.852569580078125	1.5389924049377441	1.4796664714813232
6	377	spine.	12.139930725097656	6.587680339813232	8.004847526550293	1.289731740951538
6	378	Hastened	15.665040969848633	15.402676582336426	15.389389038085938	15.180782318115234
6	379	by	2.781662702560425	0.8129134774208069	0.6737344264984131	0.979644775390625
6	380	Jill,	16.036409378051758	16.360309600830078	15.76066780090332	15.927552223205566
6	381	who	2.821631908416748	2.3321197032928467	2.999959707260132	3.1449790000915527
6	382	did	4.161162376403809	5.33676815032959	5.264670372009277	5.9082560539245605
6	383	not	0.35008683800697327	0.4312678873538971	0.5588747262954712	0.8875871300697327
6	384	want	5.055184841156006	3.5375218391418457	2.818976879119873	2.1845033168792725
6	385	to	0.07179614901542664	0.39157530665397644	0.3370678126811981	0.2846086025238037
6	386	be	2.424424886703491	2.906804323196411	2.253755807876587	2.253147602081299
6	387	late	10.215065002441406	9.4486722946167	8.873294830322266	6.999324798583984
6	388	to	5.21066951751709	1.6583242416381836	1.5749390125274658	1.553056001663208
6	389	her	6.208436012268066	6.247715950012207	5.2690019607543945	4.41666316986084
6	390	own	2.852881669998169	4.307811737060547	3.982976198196411	4.167320728302002
6	391	concert,	12.868824005126953	11.883956909179688	11.801143646240234	8.407466888427734
6	392	Lucy	11.511970520019531	11.039236068725586	10.316515922546387	10.057812690734863
6	393	hesitantly	17.60372543334961	13.614383697509766	13.697406768798828	12.727063179016113
6	394	stepped	5.106743812561035	4.545988082885742	4.359319686889648	4.438183784484863
6	395	out	1.4824596643447876	2.299281120300293	2.3810980319976807	1.9240756034851074
6	396	of	0.4698842167854309	0.5573184490203857	0.3886101543903351	0.39248621463775635
6	397	the	0.8314511775970459	1.433730125427246	0.9040645360946655	0.3525409698486328
6	398	car	7.0966949462890625	7.626317024230957	6.031820297241211	3.567380428314209
6	399	and	2.485387086868286	2.5588271617889404	2.5358524322509766	1.1629843711853027
6	400	walked	9.819995880126953	6.463977336883545	5.877109050750732	6.734922885894775
6	401	toward	7.53816556930542	4.439975261688232	4.622317790985107	4.358336448669434
6	402	the	0.6219257712364197	0.8053405284881592	0.7005189061164856	0.7119324207305908
6	403	school.	9.965869903564453	9.165189743041992	8.266107559204102	7.506549835205078
6	404	It	3.6814985275268555	3.435441255569458	3.499868631362915	3.3388333320617676
6	405	was	1.4277337789535522	1.4569014310836792	1.3202909231185913	1.1903682947158813
6	406	Jill	14.768795013427734	12.875536918640137	13.115646362304688	13.330206871032715
6	407	who	8.474127769470215	5.126926422119141	1.467286229133606	1.4798775911331177
6	408	in	8.263360023498535	6.550023555755615	7.334033966064453	7.534626007080078
6	409	her	5.417912483215332	4.7365264892578125	2.4239823818206787	2.357785224914551
6	410	final	7.130806922912598	5.817838668823242	5.9637250900268555	5.543334007263184
6	411	year	3.9429407119750977	2.80401611328125	2.139292001724243	2.6706557273864746
6	412	of	2.144723415374756	0.47237446904182434	1.182321310043335	1.0696439743041992
6	413	high	7.886985778808594	5.525296211242676	4.59173583984375	1.363155722618103
6	414	school	1.7271888256072998	2.1371140480041504	1.2642133235931396	1.0933966636657715
6	415	had	5.522602081298828	6.643543243408203	6.12726354598999	5.2084641456604
6	416	become	5.387003421783447	4.484857559204102	4.054696559906006	4.1950225830078125
6	417	involved	6.718858242034912	5.000694274902344	5.664841651916504	6.636374473571777
6	418	in	0.2625749409198761	0.3695504665374756	0.3934020698070526	0.40898776054382324
6	419	helping	9.411395072937012	6.112204074859619	6.134194850921631	7.30061149597168
6	420	organize	10.499988555908203	7.4810261726379395	5.861258506774902	7.42534065246582
6	421	this	4.229187965393066	3.817359447479248	3.1113505363464355	3.224668502807617
6	422	year's	4.614841461181641	5.917801856994629	3.0978965759277344	2.981980085372925
6	423	school	7.1063642501831055	7.521122455596924	7.617343902587891	7.971475601196289
6	424	talent	9.10615348815918	9.465797424316406	9.664321899414062	8.838116645812988
6	425	show,	10.942020416259766	6.7305378913879395	3.812087297439575	3.077996253967285
6	426	and	2.6445233821868896	2.5511856079101562	2.6597087383270264	2.685382127761841
6	427	she	6.152834892272949	5.152589797973633	4.201976776123047	3.6653759479522705
6	428	took	4.689502716064453	5.133852958679199	5.058058261871338	4.718647003173828
6	429	her	4.338092803955078	2.832740068435669	2.670445442199707	3.2367477416992188
6	430	position	6.60488748550415	6.6532440185546875	5.819586277008057	5.774211883544922
6	431	very	10.00757884979248	7.997618675231934	6.056996822357178	6.879621982574463
6	432	seriously.	10.22083568572998	6.869984149932861	4.68966817855835	1.4037097692489624
6	433	Lucy	11.545154571533203	12.194351196289062	12.356863975524902	10.505934715270996
6	434	hurried	16.21491813659668	8.79991626739502	10.029705047607422	10.341506958007812
6	435	behind	5.904573440551758	6.523801803588867	6.501601219177246	6.5490827560424805
6	436	Jill,	15.905324935913086	13.285480499267578	11.678764343261719	10.108487129211426
6	437	pulling	8.509510040283203	8.246091842651367	4.767513275146484	3.988023519515991
6	438	on	5.156461715698242	3.7805874347686768	4.193251132965088	4.1196608543396
6	439	the	0.8019846081733704	1.442283272743225	1.7712981700897217	2.143437623977661
6	440	worn,	16.90692138671875	14.259088516235352	12.53447151184082	10.983194351196289
6	441	oversized	10.06599235534668	8.706290245056152	8.785839080810547	8.044988632202148
6	442	coat	8.165736198425293	5.842953681945801	5.489195823669434	5.8713765144348145
6	443	that	4.674436569213867	3.623575210571289	3.0845415592193604	2.18359112739563
6	444	had	5.105801105499268	4.262569427490234	3.807755947113037	3.6675913333892822
6	445	originally	8.468498229980469	5.953016757965088	5.777807235717773	6.165595531463623
6	446	belonged	11.004833221435547	8.660717964172363	5.617439270019531	2.4694080352783203
6	447	to	0.05574747920036316	0.04201015830039978	0.030973590910434723	0.03056136704981327
6	448	Jill,	16.6921329498291	13.354591369628906	13.625036239624023	12.93732738494873
6	449	in	5.129299163818359	5.046175003051758	5.264163970947266	5.278561592102051
6	450	order	4.606965065002441	3.681818962097168	3.225468873977661	3.228461742401123
6	451	to	0.17257098853588104	0.06698085367679596	0.08885478228330612	0.11002934724092484
6	452	keep	4.883142471313477	3.978731870651245	4.0334577560424805	3.493431568145752
6	453	her	4.088024139404297	4.037402153015137	4.115506172180176	4.243373870849609
6	454	dry	10.628961563110352	6.872864246368408	7.676721096038818	8.400163650512695
6	455	as	4.4730024337768555	6.835328102111816	3.3972792625427246	3.4844436645507812
6	456	the	2.2121758460998535	2.6409871578216553	2.8379530906677246	2.748507022857666
6	457	raindrops	13.619012832641602	12.657246589660645	9.59487247467041	7.1159772872924805
6	458	fell	4.748509883880615	4.46148157119751	3.485912322998047	3.686889171600342
6	459	all	6.3969011306762695	4.68923282623291	5.178836822509766	5.663259506225586
6	460	around	6.585688591003418	4.210092067718506	1.5127748250961304	1.5838600397109985
6	461	them.	6.594056606292725	4.496180534362793	3.798046827316284	3.635880470275879
6	462	As	4.535916328430176	4.31644344329834	4.303127765655518	4.197147846221924
6	463	the	2.663316011428833	2.643282413482666	2.1114909648895264	1.9982558488845825
6	464	sisters	11.541217803955078	10.373930931091309	9.399892807006836	8.939189910888672
6	465	entered	8.50857162475586	7.815679550170898	5.496710777282715	5.736307621002197
6	466	the	1.1495985984802246	0.975101888179779	0.6801193356513977	0.45087099075317383
6	467	hall	10.176155090332031	6.489015102386475	6.003921031951904	5.247037410736084
6	468	where	7.269367218017578	4.388514995574951	4.404255390167236	4.114235877990723
6	469	the	1.9958964586257935	1.7929377555847168	1.7637475728988647	1.8669886589050293
6	470	show	8.347485542297363	7.547551155090332	7.133076190948486	6.089489936828613
6	471	was	5.342352867126465	3.2856364250183105	2.21539044380188	1.3945667743682861
6	472	to	4.869032859802246	4.292058944702148	5.088298797607422	5.081357955932617
6	473	take	4.374844551086426	4.32407283782959	4.3442888259887695	4.290480136871338
6	474	place,	6.252352714538574	7.007660388946533	7.457209587097168	6.013480186462402
6	475	Jill	12.111273765563965	11.749646186828613	11.899651527404785	11.694061279296875
6	476	filled	14.574620246887207	10.566006660461426	11.642385482788086	11.359506607055664
6	477	with	0.4341363310813904	4.109597206115723	5.0755791664123535	5.094421863555908
6	478	excitement	12.498237609863281	7.454885005950928	4.332149505615234	3.159238815307617
6	479	while	7.57752799987793	5.748403549194336	5.769949913024902	5.043287754058838
6	480	Lucy	11.948989868164062	11.619366645812988	10.713388442993164	9.888493537902832
6	481	regretted	14.524307250976562	11.545695304870605	11.810935974121094	11.215442657470703
6	482	that	1.1291409730911255	1.9789392948150635	1.9675966501235962	1.8907381296157837
6	483	she	4.501560688018799	3.2961134910583496	0.9395807981491089	0.8504926562309265
6	484	had	2.4720723628997803	2.3046441078186035	1.6435128450393677	1.4419608116149902
6	485	promised	7.899349689483643	7.15517520904541	7.027680397033691	7.202916622161865
6	486	her	5.343735218048096	3.971418857574463	2.3333277702331543	2.3912649154663086
6	487	mother	3.9965617656707764	4.210415840148926	5.191701412200928	3.448322296142578
6	488	she	6.0644049644470215	6.385130882263184	3.1433732509613037	2.478929281234741
6	489	would	3.904798984527588	3.800666093826294	2.7490830421447754	0.7556291222572327
6	490	participate	8.621286392211914	7.9833784103393555	9.611170768737793	8.603323936462402
6	491	in	0.19491977989673615	0.17894405126571655	0.16335400938987732	0.17823974788188934
6	492	the	0.8811151385307312	1.2720924615859985	1.1270334720611572	1.211907982826233
6	493	show.	9.956070899963379	9.09084701538086	8.242734909057617	7.58057165145874
6	494	'To	12.295040130615234	12.870416641235352	13.083749771118164	13.476715087890625
6	495	waste	8.456207275390625	8.534866333007812	8.614706039428711	8.578960418701172
6	496	your	5.883694171905518	3.3047380447387695	2.7802720069885254	2.604567527770996
6	497	talent	8.146167755126953	6.554867744445801	5.930360794067383	4.028804779052734
6	498	would	5.615258693695068	6.124990940093994	7.2330851554870605	3.507763385772705
6	499	be	1.0127809047698975	1.074083924293518	0.998141884803772	0.9745979905128479
6	500	a	2.7260401248931885	2.6667745113372803	2.8518731594085693	3.4749035835266113
6	501	real	5.945517539978027	5.151880264282227	5.1634392738342285	5.075540542602539
6	502	shame,	11.81889533996582	7.980047225952148	7.11060094833374	5.871707439422607
6	503	for	4.273112773895264	4.377554893493652	4.459355354309082	4.311494827270508
6	504	you	5.928743839263916	3.9045701026916504	4.110162734985352	4.26930570602417
6	505	have	2.527803897857666	5.750997543334961	2.127864360809326	2.8395228385925293
6	506	such	7.610905647277832	6.798051834106445	6.54171085357666	6.054937362670898
6	507	a	2.3027918338775635	1.131148099899292	0.8989772200584412	1.188152551651001
6	508	beautiful	7.361414909362793	5.815227031707764	5.24382209777832	4.392266273498535
6	509	voice,'	14.624082565307617	14.288084030151367	13.978084564208984	12.182283401489258
6	510	her	6.597624778747559	6.088602542877197	6.250498294830322	6.137068748474121
6	511	mother	3.9965617656707764	2.4672789573669434	2.125319242477417	2.067922592163086
6	512	had	3.1650710105895996	3.1598401069641113	4.836278915405273	5.035725116729736
6	513	argued	8.701497077941895	7.664556980133057	7.887589931488037	7.493443965911865
6	514	two	10.040764808654785	7.950619697570801	8.287036895751953	8.267624855041504
6	515	months	3.4866390228271484	3.4305922985076904	2.7172770500183105	2.4563612937927246
6	516	back,	7.196088790893555	6.412087440490723	7.793166160583496	8.057255744934082
6	517	when	5.548929691314697	3.30934739112854	3.6150660514831543	3.2879319190979004
6	518	the	2.255457639694214	2.1847903728485107	2.0426442623138428	1.9194790124893188
6	519	concert	10.852738380432129	9.606078147888184	9.600662231445312	9.71820068359375
6	520	was	5.185305595397949	2.8829762935638428	1.6273081302642822	1.6343061923980713
6	521	first	6.707694053649902	6.793177604675293	6.999529838562012	5.451858043670654
6	522	announced.	12.92393970489502	6.977809906005859	5.009734630584717	3.5589420795440674
6	523	Lucy	11.942686080932617	11.865753173828125	11.764704704284668	11.71811580657959
6	524	had	4.999476432800293	4.062164306640625	4.061245441436768	3.879641056060791
6	525	been	1.1064952611923218	2.135713815689087	1.9916340112686157	1.814994215965271
6	526	considering	8.236391067504883	7.831025123596191	8.156281471252441	7.038433074951172
6	527	it,	6.029836654663086	5.848491668701172	6.156123161315918	5.876166820526123
6	528	for	5.288559913635254	5.320294380187988	5.183168411254883	4.837650299072266
6	529	she	10.470874786376953	5.169150352478027	5.423588275909424	6.397589683532715
6	530	did	4.252788543701172	4.689963340759277	4.0287861824035645	3.821626901626587
6	531	love	8.911826133728027	7.353908538818359	7.8461012840271	7.080837249755859
6	532	to	1.5957183837890625	2.4878311157226562	2.9548585414886475	2.900963306427002
6	533	sing.	11.965959548950195	9.175443649291992	6.992693901062012	5.787029266357422
6	534	That	5.250761032104492	5.057103633880615	5.108824253082275	5.1923980712890625
6	535	very	8.92805004119873	7.173321723937988	7.0332746505737305	7.176928997039795
6	536	night,	13.065963745117188	3.29856014251709	3.602658748626709	2.728435516357422
6	537	the	2.8446125984191895	2.9937472343444824	2.339933395385742	2.6108202934265137
6	538	first	3.885279655456543	4.737320423126221	4.8558197021484375	5.191140174865723
6	539	text	8.578816413879395	9.588547706604004	9.238242149353027	8.77692985534668
6	540	message	5.603568077087402	1.8532360792160034	2.360008955001831	0.9957118034362793
6	541	had	6.631983280181885	6.574634552001953	6.529574871063232	7.29150390625
6	542	come	6.095191955566406	3.668564796447754	3.8975086212158203	2.9709360599517822
6	543	through.	6.824793815612793	7.606839179992676	5.392854690551758	4.226041316986084
6	544	'How	11.542224884033203	12.282157897949219	10.845779418945312	10.646790504455566
6	545	does	3.479010581970215	3.6179583072662354	3.8127048015594482	3.980424165725708
6	546	it	4.147129058837891	1.453310251235962	1.5014718770980835	1.481277346611023
6	547	feel	10.061594009399414	4.292159080505371	0.9346801042556763	1.0122225284576416
6	548	to	5.124879837036133	2.9021339416503906	1.8652399778366089	0.20708250999450684
6	549	be	2.424424886703491	2.0365538597106934	1.9882911443710327	1.1014912128448486
6	550	tall	10.87660026550293	10.387178421020508	10.310151100158691	9.86646842956543
6	551	and	1.2414724826812744	0.7994139194488525	0.7515026926994324	1.1624138355255127
6	552	lanky	15.152945518493652	5.509621620178223	5.644161224365234	5.886394500732422
6	553	like	7.370683193206787	5.559014797210693	4.5990824699401855	3.4350013732910156
6	554	a	1.8835465908050537	1.8477119207382202	1.6160399913787842	1.813999891281128
6	555	giraffe?'	21.318906784057617	19.603408813476562	15.958398818969727	16.4366512298584
6	556	it	6.0416154861450195	6.086919784545898	6.123552322387695	6.413558483123779
6	557	had	4.600490570068359	4.353994846343994	4.512909412384033	4.593587875366211
6	558	asked,	10.015877723693848	11.904461860656738	7.586156845092773	8.544921875
6	559	taking	7.436105251312256	7.814568042755127	7.470754146575928	5.828800678253174
6	560	Lucy	16.338842391967773	11.910764694213867	11.441831588745117	11.603141784667969
6	561	by	8.059359550476074	5.617609977722168	2.1956489086151123	2.5759451389312744
6	562	surprise.	12.230608940124512	10.026969909667969	3.8416478633880615	4.608845233917236
6	563	One	5.18068790435791	5.1960344314575195	6.0858635902404785	6.003065586090088
6	564	of	0.4369952082633972	1.4134812355041504	1.338928461074829	0.9268754124641418
6	565	the	0.8314511775970459	0.59034663438797	0.5639727115631104	0.6562344431877136
6	566	popular	8.476587295532227	8.376898765563965	8.044428825378418	8.294057846069336
6	567	girls,	11.317222595214844	11.879898071289062	10.969610214233398	9.813312530517578
6	568	Lucy	10.47504997253418	9.820926666259766	9.12458610534668	8.730325698852539
6	569	had	4.999476432800293	4.761044502258301	4.335343360900879	4.9682464599609375
6	570	always	5.962987422943115	4.623510360717773	4.2502875328063965	3.4893388748168945
6	571	known	5.2449188232421875	3.528654098510742	3.3664963245391846	3.970160484313965
6	572	she	10.69422721862793	6.696295738220215	3.742187023162842	2.5835797786712646
6	573	wasn't,	10.181214332580566	7.520964622497559	8.173310279846191	8.55394458770752
6	574	but	2.0825610160827637	1.8735758066177368	1.8093818426132202	1.435549020767212
6	575	before	7.210426330566406	7.320459365844727	7.241297245025635	7.130810737609863
6	576	the	1.1684832572937012	2.185335874557495	2.6839640140533447	3.4066896438598633
6	577	messages	10.324068069458008	10.772950172424316	10.583209037780762	10.498130798339844
6	578	began,	12.601162910461426	11.420364379882812	7.95109748840332	6.751204967498779
6	579	Lucy	11.00643253326416	11.270197868347168	10.849411010742188	10.722858428955078
6	580	had	4.999476432800293	3.2304584980010986	3.388312578201294	3.562270402908325
6	581	always	5.962987899780273	4.623510360717773	5.3802995681762695	5.82332706451416
6	582	been	2.8940627574920654	1.1745587587356567	1.0768922567367554	1.092178225517273
6	583	quite	6.53741979598999	5.463802337646484	5.170131683349609	4.82861328125
6	584	proud	6.713747501373291	6.693549633026123	6.001910209655762	5.075588703155518
6	585	of	0.43015265464782715	0.4113551676273346	0.36027827858924866	0.28156617283821106
6	586	being	7.387704849243164	4.215243339538574	4.8928046226501465	4.949691295623779
6	587	a	3.116842031478882	2.2289047241210938	1.936038613319397	1.8046609163284302
6	588	little	4.283854007720947	4.457415580749512	4.716279983520508	5.704770088195801
6	589	different.	7.408916473388672	7.028469085693359	6.450677871704102	6.275996685028076
6	590	But	3.493710517883301	3.3794775009155273	3.892122745513916	3.6125259399414062
6	591	text	13.03592300415039	11.956254959106445	12.039325714111328	11.847333908081055
6	592	by	5.402087211608887	6.53410530090332	6.571458339691162	6.641855716705322
6	593	text,	11.46195125579834	9.09878158569336	1.6750364303588867	1.0767985582351685
6	594	Lucy's	15.72589111328125	16.69196128845215	16.0792236328125	13.769210815429688
6	595	self-confidence	12.260398864746094	11.7365140914917	12.455951690673828	12.882625579833984
6	596	had	5.825321674346924	4.2458906173706055	3.706291675567627	3.826091766357422
6	597	deflated	14.098575592041016	9.23953914642334	9.280794143676758	8.655319213867188
6	598	and,	8.481928825378418	8.571535110473633	6.947254180908203	7.560573577880859
6	599	in	2.425579071044922	2.4341676235198975	2.5313541889190674	2.4050967693328857
6	600	the	0.8811151385307312	1.8796167373657227	1.7379324436187744	1.6348419189453125
6	601	end,	7.817610740661621	6.778746604919434	2.7344040870666504	2.650472402572632
6	602	it	3.4228954315185547	3.193202495574951	2.7750802040100098	3.184135913848877
6	603	had	4.600490570068359	4.883744239807129	4.709903717041016	4.802788734436035
6	604	taken	4.606523513793945	4.563805103302002	4.681405067443848	4.70306921005249
6	605	some	5.769913196563721	4.6723432540893555	4.488986968994141	4.434804439544678
6	606	doing	11.540254592895508	8.814979553222656	10.10782527923584	7.349987506866455
6	607	to	3.783370018005371	4.772666931152344	0.7875858545303345	1.2919294834136963
6	608	get	3.438924789428711	4.108713150024414	3.2060599327087402	1.4929852485656738
6	609	her	5.0819597244262695	4.9318647384643555	4.422858238220215	4.729636192321777
6	610	to	4.192890167236328	2.0647904872894287	2.185675621032715	1.9664103984832764
6	611	agree	7.393599987030029	7.4962921142578125	4.253882884979248	3.957122325897217
6	612	to	0.8928368091583252	1.1001508235931396	0.32045212388038635	0.23547568917274475
6	613	perform	6.169671058654785	6.384719371795654	6.862974166870117	6.010497093200684
6	614	in	3.230973958969116	3.4306931495666504	4.357075214385986	4.241715908050537
6	615	the	0.8811151385307312	1.7735817432403564	1.6035300493240356	1.956763505935669
6	616	show.	9.956070899963379	9.09084701538086	7.447037696838379	6.943796157836914
6	617	Now,	6.702603816986084	6.518250465393066	6.725124359130859	6.731024265289307
6	618	however,	4.50976037979126	4.792878150939941	4.653839111328125	5.157404899597168
6	619	Lucy	12.999736785888672	11.835352897644043	10.984745025634766	10.086690902709961
6	620	had	4.999476432800293	3.31381893157959	3.4266064167022705	4.035589218139648
6	621	no	3.8713910579681396	4.682120323181152	3.049955368041992	3.310668706893921
6	622	choice	6.8538594245910645	3.1902809143066406	2.7453103065490723	2.4031167030334473
6	623	but	7.473386287689209	0.19656793773174286	0.11565585434436798	0.06988885998725891
6	624	to	5.154799461364746	1.318272352218628	0.02055702917277813	0.014389554969966412
6	625	make	3.4973766803741455	3.832754373550415	4.122303485870361	4.329030990600586
6	626	her	4.75501823425293	4.9109272956848145	5.036077499389648	4.782325744628906
6	627	way	4.911358833312988	4.455186367034912	4.434937477111816	5.841035842895508
6	628	towards	6.810614585876465	5.521974563598633	4.361130714416504	4.580153465270996
6	629	the	0.4712667465209961	2.4303600788116455	1.0490403175354004	0.9840679168701172
6	630	stage	8.478202819824219	6.888771057128906	7.480152130126953	6.427041053771973
6	631	where	6.244085788726807	4.283836364746094	2.6699953079223633	2.1829566955566406
6	632	Jill	12.531671524047852	10.610254287719727	11.210851669311523	11.475727081298828
6	633	was	4.049136161804199	2.705368757247925	2.9540467262268066	3.379399538040161
6	634	beckoning	14.528522491455078	11.609325408935547	11.694936752319336	10.848219871520996
6	635	encouragingly	13.911697387695312	13.189638137817383	13.059234619140625	13.387553215026855
6	636	to	3.921175003051758	1.0974990129470825	1.5370981693267822	1.2463555335998535
6	637	her.	8.945375442504883	7.748857021331787	4.873705863952637	4.478198051452637
6	638	She	2.3423688411712646	2.068075656890869	2.1388492584228516	2.2284812927246094
6	639	was	1.9952539205551147	2.4369914531707764	2.464813709259033	2.6994833946228027
6	640	the	3.51254940032959	3.5232768058776855	4.158725261688232	4.239439964294434
6	641	first	3.885279655456543	2.4946389198303223	2.2535789012908936	2.7565534114837646
6	642	performer.	14.500524520874023	14.142751693725586	14.099405288696289	13.89218807220459
6	643	Lucy,	14.010489463806152	13.864018440246582	14.027685165405273	13.858865737915039
6	644	announced	10.110477447509766	10.955122947692871	10.005399703979492	10.094929695129395
6	645	by	3.1860198974609375	4.964245796203613	2.9134340286254883	3.0246052742004395
6	646	her	5.267730712890625	5.336155414581299	2.600834846496582	2.740814208984375
6	647	sister	5.215096473693848	5.314969539642334	5.814218521118164	4.325080871582031
6	648	to	3.086148977279663	3.0884759426116943	3.807307481765747	3.510760545730591
6	649	the	2.496473789215088	3.033474922180176	3.0862643718719482	3.1444554328918457
6	650	audience,	9.62630844116211	8.84493637084961	8.88942813873291	8.94547176361084
6	651	was	5.491264343261719	5.638607025146484	5.721871376037598	5.2687249183654785
6	652	all	5.672097206115723	5.991183280944824	5.727255821228027	5.765573501586914
6	653	nerves	13.026405334472656	11.924406051635742	10.583578109741211	10.680377960205078
6	654	as	4.874454021453857	4.322668075561523	4.178832054138184	3.9966607093811035
6	655	she	5.501832962036133	2.8488802909851074	2.8678407669067383	2.673037052154541
6	656	walked	6.520214080810547	4.466859817504883	4.679107189178467	4.436502456665039
6	657	out	1.3457257747650146	2.2897794246673584	2.771665334701538	3.2060182094573975
6	658	onto	8.75706958770752	4.7103729248046875	4.205988883972168	4.2909650802612305
6	659	the	0.486381471157074	0.3511362373828888	0.19598206877708435	0.18533353507518768
6	660	middle	6.49527645111084	8.038005828857422	8.025300025939941	8.089573860168457
6	661	of	0.18279075622558594	0.3550192415714264	0.5652709007263184	0.7371791005134583
6	662	the	0.8314511775970459	0.7062575221061707	0.8226450085639954	0.47981399297714233
6	663	stage,	10.022913932800293	10.048941612243652	7.829038619995117	7.388818740844727
6	664	where	4.051753997802734	4.463191032409668	4.282166004180908	3.7733049392700195
6	665	there	4.841378688812256	4.418952941894531	4.502697467803955	4.2753496170043945
6	666	was	2.1792402267456055	2.1326959133148193	1.6150801181793213	1.5253655910491943
6	667	nothing	6.461260795593262	3.0639243125915527	3.8877809047698975	4.240358352661133
6	668	but	5.808232307434082	2.632418632507324	4.291276931762695	2.4160852432250977
6	669	a	4.246377944946289	2.2716281414031982	1.8776006698608398	2.370558738708496
6	670	microphone	9.499740600585938	10.151838302612305	10.36137580871582	10.49516487121582
6	671	and	1.8262534141540527	1.5955376625061035	2.605283737182617	1.1695905923843384
6	672	her.	13.033888816833496	13.73939323425293	13.263482093811035	12.761407852172852
6	673	She	2.3423688411712646	2.496563196182251	2.417717456817627	2.333117961883545
6	674	heard	5.784204959869385	6.1641435623168945	6.602216720581055	5.864604949951172
6	675	the	2.3331868648529053	1.5667939186096191	1.6682230234146118	1.700793743133545
6	676	audience	7.730040550231934	7.59724760055542	7.9595794677734375	8.877105712890625
6	677	applaud	14.322196960449219	8.774641036987305	4.5692458152771	4.494814395904541
6	678	and	4.596038818359375	2.712343454360962	1.993739366531372	2.018547534942627
6	679	could	7.208798885345459	8.282561302185059	8.539188385009766	8.824605941772461
6	680	feel	6.317368030548096	6.297079086303711	5.201373100280762	3.8932762145996094
6	681	a	3.994886875152588	2.8875653743743896	3.0668416023254395	3.116452217102051
6	682	sense	6.755936145782471	2.7433037757873535	3.8345987796783447	4.314288139343262
6	683	of	0.2459731251001358	0.1644688844680786	0.04126361012458801	0.021863561123609543
6	684	anticipation	11.806032180786133	7.9070143699646	7.14296817779541	6.080283164978027
6	685	emanate	24.5548038482666	14.95477294921875	13.980195045471191	14.394433975219727
6	686	from	0.7708614468574524	0.12732383608818054	0.09694769978523254	0.1189117357134819
6	687	the	0.7917162775993347	1.0960395336151123	1.1018612384796143	1.099548578262329
6	688	other	5.131262302398682	5.564621925354004	6.655415058135986	5.909539222717285
6	689	side	5.304233551025391	2.6936192512512207	1.898639440536499	2.543872117996216
6	690	of	0.17481788992881775	0.4854223132133484	0.3984031677246094	0.32834672927856445
6	691	the	0.8314511775970459	0.547351598739624	0.35727474093437195	0.3947511315345764
6	692	heavy	9.34396743774414	9.109609603881836	10.57762622833252	10.84439754486084
6	693	curtain.	14.230807304382324	11.564851760864258	12.010639190673828	8.458622932434082
6	694	As	4.454061508178711	4.300278663635254	4.100521087646484	4.160761833190918
6	695	the	2.663315534591675	2.0838241577148438	1.9410221576690674	1.746008038520813
6	696	curtains	12.87936019897461	10.679171562194824	6.654444217681885	5.1579389572143555
6	697	began	7.440858840942383	7.9143171310424805	4.038825511932373	4.028618812561035
6	698	to	0.7364976406097412	0.43633660674095154	0.13728384673595428	0.05384957045316696
6	699	part,	13.843868255615234	12.372233390808105	10.93729305267334	9.586970329284668
6	700	she	5.265113353729248	4.7139482498168945	3.7495288848876953	4.211325645446777
6	701	cast	10.347113609313965	8.54448127746582	7.98826789855957	7.460531711578369
6	702	a	2.586007595062256	1.919508695602417	1.8043626546859741	1.5194977521896362
6	703	worried	11.57255744934082	10.059333801269531	7.687359809875488	7.480889320373535
6	704	look	15.766867637634277	2.772243022918701	1.2056798934936523	1.090804100036621
6	705	at	0.7904932498931885	3.0164856910705566	3.4101572036743164	1.7283668518066406
6	706	Jill	13.351764678955078	12.010700225830078	10.794320106506348	10.338709831237793
6	707	in	5.5558366775512695	5.281582832336426	4.775644302368164	3.5962233543395996
6	708	the	0.8811151385307312	1.6809663772583008	1.8845674991607666	1.3430256843566895
6	709	wings,	12.400632858276367	11.043634414672852	10.48442554473877	11.062054634094238
6	710	who	6.897210121154785	7.144256114959717	5.846537113189697	4.757412910461426
6	711	assured	11.094749450683594	9.276015281677246	9.105204582214355	9.191116333007812
6	712	her	4.5287017822265625	2.5923409461975098	2.626258373260498	2.648305654525757
6	713	with	5.217261791229248	5.032046318054199	6.396303176879883	5.895672798156738
6	714	a	1.7183030843734741	1.5205413103103638	1.638372778892517	1.0710686445236206
6	715	positive	7.210999488830566	6.7958807945251465	7.89333963394165	7.220318794250488
6	716	thumbs	12.332265853881836	12.137170791625977	10.76513671875	10.985544204711914
6	717	up.	5.663185119628906	2.7438015937805176	1.9063963890075684	1.756542444229126
6	718	Lucy	11.004260063171387	10.573123931884766	11.74716567993164	11.497159957885742
6	719	thought	10.425741195678711	6.164830207824707	5.9280619621276855	6.5780110359191895
6	720	to	2.399463176727295	2.024066925048828	3.0263891220092773	2.9608821868896484
6	721	herself	12.554101943969727	8.705789566040039	1.5124499797821045	1.1374115943908691
6	722	that	4.165388584136963	2.8436264991760254	2.4155077934265137	3.477066993713379
6	723	she	4.501560688018799	1.334099292755127	1.189379096031189	1.3334630727767944
6	724	could	4.305610656738281	3.591327667236328	3.218040943145752	3.229447603225708
6	725	not	3.528447151184082	2.18640398979187	1.8455820083618164	1.6214375495910645
6	726	go	5.685390472412109	5.302167892456055	4.916449546813965	4.5284528732299805
6	727	through	3.715712070465088	3.423938751220703	2.8462986946105957	3.0813188552856445
6	728	with	6.699711322784424	3.209775924682617	1.8539016246795654	1.0583393573760986
6	729	this	4.450535297393799	3.9067533016204834	2.7255799770355225	3.241886854171753
6	730	and	6.468682289123535	5.416383743286133	4.976676940917969	3.8070194721221924
6	731	that	4.721836090087891	3.447204828262329	3.506432056427002	3.8731393814086914
6	732	she,	10.072688102722168	9.787654876708984	11.45036792755127	11.616141319274902
6	733	unlike	7.397104740142822	5.439987659454346	4.840618133544922	5.587860107421875
6	734	her	5.004582405090332	2.1353390216827393	1.8121082782745361	2.0829761028289795
6	735	older	7.67319393157959	5.174165725708008	4.350213527679443	4.646925926208496
6	736	sister,	7.905244827270508	2.0806190967559814	1.7857277393341064	1.0541508197784424
6	737	was	4.838967323303223	4.9209747314453125	5.178489685058594	5.261954307556152
6	738	not	3.1249823570251465	4.023642063140869	4.2653303146362305	4.194596767425537
6	739	confident	9.154112815856934	7.9367289543151855	8.11337661743164	8.31765079498291
6	740	enough	5.8679680824279785	3.4221296310424805	2.684756278991699	2.9796974658966064
6	741	to	0.14747275412082672	0.339000403881073	0.6350424289703369	0.684648334980011
6	742	put	6.397805213928223	4.9712371826171875	4.5156755447387695	4.484553337097168
6	743	herself	8.225894927978516	7.581583023071289	7.288237571716309	5.739421844482422
6	744	before	5.317736625671387	5.880557537078857	5.112381458282471	6.916847229003906
6	745	the	1.1684832572937012	2.1667680740356445	1.288489580154419	1.6931583881378174
6	746	judging	13.116232872009277	11.351705551147461	9.668188095092773	9.453064918518066
6	747	audience.	15.095873832702637	8.525369644165039	10.378181457519531	6.049701690673828
6	748	The	2.60671067237854	2.5280890464782715	2.4043211936950684	2.231250047683716
6	749	crowd	7.412562370300293	5.588205337524414	6.509472846984863	5.795351982116699
6	750	looked	8.0493745803833	5.749951362609863	5.944787502288818	5.9070634841918945
6	751	up	3.4988441467285156	3.507357597351074	3.8692314624786377	4.203649997711182
6	752	at	4.221683025360107	1.2327443361282349	1.3563989400863647	1.1946803331375122
6	753	her	5.291302680969238	4.743948936462402	2.7068252563476562	3.237999439239502
6	754	and	4.93126106262207	4.267108917236328	3.4666593074798584	1.625988483428955
6	755	Lucy	11.570197105407715	9.613886833190918	9.52289867401123	10.102428436279297
6	756	was	3.650155544281006	3.8956964015960693	3.9453043937683105	3.4999074935913086
6	757	ready	5.726812362670898	5.740795612335205	5.87667179107666	5.396989345550537
6	758	to	0.12189455330371857	0.30497613549232483	0.4126385748386383	0.297244131565094
6	759	run	6.23539400100708	5.116909980773926	5.051637649536133	5.2890849113464355
6	760	when	6.784592628479004	5.841334819793701	5.165276527404785	4.938680648803711
6	761	the	2.255457639694214	1.9814999103546143	1.8037077188491821	1.8721061944961548
6	762	first	3.885279655456543	4.942193031311035	5.222400665283203	5.6388044357299805
6	763	notes	10.333147048950195	10.814531326293945	8.670252799987793	8.8654146194458
6	764	of	3.4503226280212402	1.117881417274475	0.5033280849456787	0.521730363368988
6	765	the	0.8314511775970459	2.372659683227539	1.7511975765228271	1.4779114723205566
6	766	music	8.066767692565918	8.437023162841797	7.021656036376953	4.647946357727051
6	767	sounded	10.697843551635742	8.600095748901367	9.521903038024902	7.655962944030762
6	768	out	4.259900093078613	5.316290855407715	5.271386623382568	5.282362461090088
6	769	and	4.444147109985352	3.1556055545806885	3.3946399688720703	4.632843017578125
6	770	a	3.659700870513916	5.502433776855469	4.266299247741699	4.974670886993408
6	771	sudden	8.47309684753418	8.143798828125	7.715213775634766	5.935856342315674
6	772	calm	8.795997619628906	8.4327392578125	7.572956085205078	7.384092330932617
6	773	settled	12.918424606323242	7.833346366882324	6.482881546020508	4.543833255767822
6	774	over	4.892580986022949	3.2050414085388184	1.1020610332489014	0.9249871373176575
6	775	her.	7.952282905578613	8.228704452514648	4.56563663482666	5.2670440673828125
6	776	She	2.3423688411712646	1.8975036144256592	2.0245590209960938	1.65827476978302
6	777	closed	9.609347343444824	6.642649173736572	6.189030170440674	6.155608654022217
6	778	her	6.112790584564209	0.2177295982837677	0.1845560520887375	0.13737142086029053
6	779	eyes	4.222280502319336	0.7025735974311829	0.4914056360721588	0.4412016272544861
6	780	and	1.8893711566925049	2.377624750137329	0.6016442179679871	0.5987950563430786
6	781	shut	9.151910781860352	7.984987258911133	7.284035682678223	6.160371780395508
6	782	everything	11.678647994995117	6.7169084548950195	7.672054767608643	8.524900436401367
6	783	out,	8.248828887939453	7.133174896240234	6.911590576171875	4.739912986755371
6	784	including	6.152746677398682	4.058643817901611	5.448507785797119	5.1543121337890625
6	785	the	1.4685622453689575	1.9682062864303589	1.6264936923980713	1.2632873058319092
6	786	audience,	9.626310348510742	10.467445373535156	10.39474868774414	10.237828254699707
6	787	the	3.1632869243621826	3.0873606204986572	2.407165050506592	2.906464099884033
6	788	nerves	12.603351593017578	10.65184211730957	10.170477867126465	10.478157043457031
6	789	that	2.952040910720825	2.779468536376953	3.478799343109131	3.888791084289551
6	790	threatened	10.919305801391602	8.789576530456543	9.783268928527832	6.874961853027344
6	791	to	0.455302894115448	0.85279381275177	0.29330432415008545	0.49394261837005615
6	792	take	4.374844551086426	3.467433214187622	4.275178909301758	4.54433012008667
6	793	over,	7.065496921539307	6.8279852867126465	6.702718734741211	5.837963104248047
6	794	the	3.2262415885925293	3.286001205444336	3.3909528255462646	3.2227938175201416
6	795	text	8.134320259094238	8.136268615722656	8.796282768249512	8.810503959655762
6	796	messages,	6.777235984802246	7.675782203674316	8.665517807006836	8.303937911987305
6	797	and	2.447470188140869	2.8185694217681885	2.5012471675872803	1.837548017501831
6	798	the	2.305114269256592	3.0602169036865234	3.1020278930664062	2.32995867729187
6	799	way	5.058628082275391	6.016007423400879	5.0935211181640625	5.34998083114624
6	800	they	5.136476516723633	3.1760473251342773	2.36574125289917	1.7128140926361084
6	801	made	6.190235137939453	6.009267807006836	5.901854038238525	5.7180585861206055
6	802	her	4.1768083572387695	5.222071647644043	5.03058385848999	4.624082088470459
6	803	feel.	14.686799049377441	9.791627883911133	5.690816879272461	3.5264892578125
6	804	It	3.184481620788574	3.3729190826416016	2.785447597503662	2.8998658657073975
6	805	was	1.4277337789535522	1.863318920135498	1.0783462524414062	0.8844214081764221
6	806	just	4.94588565826416	4.017190933227539	3.3982596397399902	3.8091259002685547
6	807	her	8.147843360900879	6.685855865478516	5.850411415100098	6.065335273742676
6	808	and	4.93126106262207	4.637404441833496	3.987175941467285	2.839162588119507
6	809	the	2.305114269256592	3.0474603176116943	2.963128089904785	2.9910049438476562
6	810	music,	10.157622337341309	10.854217529296875	10.890528678894043	10.078874588012695
6	811	and	2.2539327144622803	2.0422520637512207	2.0723962783813477	1.9074126482009888
6	812	it	4.3671135902404785	4.436919212341309	3.6421027183532715	3.4259326457977295
6	813	was	1.676328420639038	2.0730209350585938	2.10551118850708	1.8754550218582153
6	814	a	2.4355335235595703	2.6376566886901855	2.6879923343658447	2.450160026550293
6	815	love	8.832691192626953	7.838745594024658	7.454941272735596	7.763530731201172
6	816	story	10.126509666442871	2.293161392211914	1.9901854991912842	2.167060613632202
6	817	that	2.6396031379699707	2.699655532836914	2.2369461059570312	2.1942214965820312
6	818	had	5.105801105499268	4.655401229858398	4.69316291809082	4.685236930847168
6	819	been	1.1064952611923218	1.2696173191070557	1.4046058654785156	2.183426856994629
6	820	going	5.211197853088379	5.711233139038086	5.341506004333496	3.7237815856933594
6	821	on	4.30020809173584	0.7520895004272461	0.6200392246246338	0.24221603572368622
6	822	her	4.474122047424316	7.602749824523926	7.580371856689453	7.2377729415893555
6	823	whole	8.214214324951172	7.769428730010986	6.310421466827393	3.6474449634552
6	824	life.	7.736062526702881	2.4369301795959473	2.920980930328369	2.1001720428466797
6	825	She	4.306403160095215	4.5120439529418945	2.0445148944854736	1.9112625122070312
6	826	began	5.773534774780273	5.941648483276367	6.156966686248779	5.878068923950195
6	827	to	0.7364976406097412	1.0719856023788452	1.1201187372207642	0.9478265047073364
6	828	sing,	11.745996475219727	9.099644660949707	6.824595928192139	7.681768894195557
6	829	and	2.5388286113739014	2.1195895671844482	1.788145661354065	1.5770725011825562
6	830	all	5.188599586486816	5.256371974945068	5.394989490509033	4.672876358032227
6	831	the	1.5743985176086426	1.9947930574417114	1.8018107414245605	1.5633611679077148
6	832	pain	9.0390625	7.336794853210449	7.531097412109375	7.679105758666992
6	833	and	1.340872049331665	2.222416639328003	1.2171965837478638	1.31313157081604
6	834	confusion	11.127728462219238	6.2889814376831055	5.136013031005859	5.140720844268799
6	835	that	2.8986032009124756	3.4000399112701416	2.6017885208129883	1.7892413139343262
6	836	the	2.4105913639068604	2.8501803874969482	3.5684449672698975	4.007803916931152
6	837	messages	10.324068069458008	9.255212783813477	9.09360122680664	9.230567932128906
6	838	had	6.397863388061523	6.019218444824219	4.510143280029297	4.376784324645996
6	839	been	1.1064952611923218	0.9622663259506226	0.9764038324356079	0.7323083877563477
6	840	causing	8.12072467803955	7.835282325744629	8.612299919128418	8.598162651062012
6	841	inside	13.518017768859863	11.1492280960083	10.994998931884766	10.745274543762207
6	842	her	5.263747215270996	5.536337852478027	5.391712188720703	5.3626813888549805
6	843	just	8.270364761352539	8.015670776367188	6.641831398010254	6.711470127105713
6	844	flowed	15.049232482910156	11.936738014221191	11.042819023132324	9.352483749389648
6	845	out.	6.271194934844971	4.439620494842529	4.272760391235352	3.3558647632598877
6	846	The	2.6466293334960938	2.026127815246582	2.3438899517059326	2.765669345855713
6	847	words	8.137782096862793	7.204668998718262	6.581754684448242	6.300158500671387
6	848	were	4.512900352478027	2.996245861053467	2.6683270931243896	2.0587267875671387
6	849	not	3.3162364959716797	3.5266382694244385	3.4483935832977295	3.5512022972106934
6	850	important,	9.860356330871582	9.725424766540527	8.623807907104492	8.436338424682617
6	851	for	4.392177104949951	4.73624324798584	4.651315689086914	4.538707256317139
6	852	it	5.834114074707031	2.9524078369140625	2.8050429821014404	3.1141960620880127
6	853	was	1.676328420639038	3.312063217163086	3.2463691234588623	2.227511167526245
6	854	the	3.51254940032959	3.2150051593780518	3.1646728515625	2.389094829559326
6	855	feeling	9.922183990478516	7.773772716522217	7.670400619506836	6.9654059410095215
6	856	behind	8.259859085083008	7.875099182128906	6.651670932769775	6.935373306274414
6	857	them	4.851809978485107	5.095841407775879	4.498236656188965	4.847405433654785
6	858	that	3.7909884452819824	4.5878987312316895	2.5192017555236816	2.442542552947998
6	859	she	4.501560688018799	4.25556755065918	4.285152912139893	4.61320686340332
6	860	latched	13.165382385253906	11.792455673217773	12.135401725769043	11.1207275390625
6	861	onto.	5.095547676086426	4.017299175262451	3.475775957107544	3.96915602684021
6	862	Lucy	10.833414077758789	10.249972343444824	8.653435707092285	8.557345390319824
6	863	was	3.650155544281006	2.600268602371216	2.3550186157226562	2.513094663619995
6	864	in	4.512002944946289	4.098494529724121	4.117493629455566	4.130647659301758
6	865	the	0.8811151385307312	1.5396602153778076	1.5431897640228271	1.5698965787887573
6	866	heart	7.317145347595215	6.505650997161865	6.170236587524414	7.242310047149658
6	867	of	0.2476646900177002	0.36343690752983093	0.06518322974443436	0.0539165735244751
6	868	the	0.8314511775970459	0.8993434309959412	0.9469302892684937	1.214597225189209
6	869	song	8.417746543884277	8.481874465942383	8.491606712341309	8.547028541564941
6	870	with	3.149447202682495	4.351720809936523	4.298952102661133	4.164252281188965
6	871	the	1.2512949705123901	2.0231242179870605	1.87478768825531	1.7364765405654907
6	872	rest	6.3515849113464355	5.326040267944336	5.9614691734313965	5.472695827484131
6	873	of	0.03464461863040924	0.08371125906705856	0.016322467476129532	0.02698964625597
6	874	the	0.8314511775970459	0.6032832860946655	0.5412609577178955	0.49175581336021423
6	875	world	5.029668807983398	5.716771125793457	3.217270612716675	2.5094313621520996
6	876	slipping	14.805793762207031	12.422979354858398	12.3007230758667	11.780451774597168
6	877	away.	4.845358848571777	2.9113669395446777	3.2410175800323486	3.409769296646118
6	878	When	4.469276428222656	4.438892364501953	4.859476089477539	4.875161647796631
6	879	the	2.388214349746704	2.168182849884033	2.162355422973633	2.0425333976745605
6	880	song	8.417746543884277	7.004256725311279	7.124759674072266	7.025887489318848
6	881	finished	11.959577560424805	9.764107704162598	5.927057266235352	5.482771396636963
6	882	and	4.559858322143555	2.731834650039673	2.2093617916107178	2.258317470550537
6	883	the	2.305114269256592	2.688585042953491	2.3972558975219727	2.13734769821167
6	884	last	4.893486022949219	6.260002136230469	5.148067951202393	5.096752166748047
6	885	note	9.385186195373535	8.782268524169922	7.749751567840576	6.992489814758301
6	886	died	15.754453659057617	9.69840145111084	9.048845291137695	8.563941955566406
6	887	away,	8.594654083251953	6.705339431762695	3.878293514251709	3.611133098602295
6	888	she	4.4346466064453125	4.06301736831665	4.498066425323486	4.344927787780762
6	889	opened	7.068978309631348	6.190140247344971	7.043829917907715	6.257420063018799
6	890	her	4.867729187011719	1.2485902309417725	0.970402717590332	1.1284748315811157
6	891	eyes.	5.849536895751953	4.003966331481934	2.922217845916748	2.945941209793091
6	892	To	5.643727779388428	6.660156726837158	6.567386627197266	6.3216376304626465
6	893	see	3.5626869201660156	4.244202613830566	4.333189964294434	4.234084129333496
6	894	the	1.5734381675720215	1.697340726852417	2.0265817642211914	2.3551084995269775
6	895	whole	6.342653274536133	5.62172269821167	4.5503997802734375	5.116574287414551
6	896	audience	8.914405822753906	7.58315896987915	8.427099227905273	9.935319900512695
6	897	on	3.884594440460205	4.546006202697754	5.202104091644287	4.230093955993652
6	898	their	4.040874481201172	4.326428413391113	3.5938408374786377	3.1017985343933105
6	899	feet	6.7610015869140625	6.017716884613037	6.884143829345703	4.930825233459473
6	900	and	1.9765331745147705	1.766891360282898	1.3965822458267212	1.3312578201293945
6	901	the	2.305114269256592	3.8568673133850098	3.855928421020508	4.0416412353515625
6	902	hall	10.176155090332031	10.72959041595459	9.466742515563965	9.241035461425781
6	903	filled	9.04320240020752	6.410373687744141	5.777570724487305	5.870874404907227
6	904	with	0.4341363310813904	0.09294215589761734	0.1456657350063324	0.20125041902065277
6	905	cheers	14.038434982299805	10.504071235656738	8.580634117126465	6.932616233825684
6	906	and	2.247688055038452	1.1462715864181519	0.7876589298248291	0.6243433356285095
6	907	applause	11.951949119567871	2.5698041915893555	1.6096203327178955	2.1447243690490723
6	908	was	3.7145824432373047	3.6157426834106445	4.375168800354004	6.879483222961426
6	909	not	3.1249823570251465	3.2867319583892822	4.06654167175293	4.223876953125
6	910	what	6.674595832824707	6.017665386199951	5.405436038970947	5.254398345947266
6	911	Lucy	14.621715545654297	12.408161163330078	11.889602661132812	12.676970481872559
6	912	had	4.999476432800293	3.032212734222412	2.796053171157837	1.9290403127670288
6	913	expected.	10.666749954223633	11.240379333496094	7.771172523498535	3.402665615081787
6	914	Lucy	12.024995803833008	11.095139503479004	7.603325843811035	3.6416923999786377
6	915	allowed	12.66274356842041	9.677635192871094	8.890206336975098	8.194860458374023
6	916	herself	9.947620391845703	2.8346872329711914	1.4916670322418213	1.6213133335113525
6	917	to	1.8788440227508545	0.19052952527999878	0.407186895608902	0.6327505707740784
6	918	enjoy	7.300595760345459	7.009659767150879	5.530487060546875	6.139659404754639
6	919	the	1.2509855031967163	1.477251410484314	1.7002966403961182	1.3329927921295166
6	920	sense	8.032008171081543	7.1946868896484375	7.5859246253967285	8.022980690002441
6	921	of	0.2459731251001358	0.6787843704223633	0.09977558255195618	0.04189354553818703
6	922	achievement	12.653664588928223	6.960479259490967	7.220949172973633	4.195108890533447
6	923	and	2.593156576156616	1.8529349565505981	1.4273064136505127	1.7285847663879395
6	924	belonging	11.616164207458496	10.211145401000977	9.039864540100098	6.8463263511657715
6	925	that	8.627701759338379	5.2694478034973145	2.627580404281616	2.3712849617004395
6	926	she	4.501560688018799	5.7981767654418945	5.050688743591309	5.160153388977051
6	927	had	2.4720723628997803	2.3046441078186035	2.1132657527923584	2.1869285106658936
6	928	not	4.401581764221191	3.88083553314209	3.714754104614258	3.442279100418091
6	929	felt	8.760458946228027	6.392232894897461	5.333888053894043	5.425800323486328
6	930	in	4.630431652069092	3.9793496131896973	4.717843055725098	3.586271286010742
6	931	a	2.58301043510437	2.7956836223602295	3.0367445945739746	2.5907976627349854
6	932	very	4.7527570724487305	4.932381629943848	3.597303628921509	3.8567333221435547
6	933	long	4.480420112609863	3.6872739791870117	4.0226664543151855	6.069331645965576
6	934	time.	3.243488311767578	3.597503423690796	1.8904091119766235	1.6921306848526
6	935	Then	5.575067520141602	5.693037986755371	5.667689800262451	5.568521976470947
6	936	she	3.966998815536499	3.5675551891326904	3.590315580368042	3.730212926864624
6	937	saw	5.103159427642822	5.422263145446777	4.848787307739258	4.382474899291992
6	938	her	3.610852003097534	2.9867382049560547	3.1045427322387695	3.210653305053711
6	939	mother,	5.104955196380615	7.352311134338379	5.615383625030518	4.967336177825928
6	940	who	2.768998384475708	2.1171927452087402	1.8779900074005127	2.11826491355896
6	941	was	3.069365978240967	2.0046463012695312	1.9161486625671387	1.0978996753692627
6	942	cheering	11.354732513427734	10.117207527160645	10.22225570678711	9.604962348937988
6	943	the	2.901444435119629	3.250673294067383	3.152834177017212	3.728201150894165
6	944	loudest	10.951685905456543	7.851839542388916	8.167284965515137	8.027467727661133
6	945	of	2.8047935962677	3.5272326469421387	3.2136096954345703	3.36384916305542
6	946	all	5.21090841293335	2.4824447631835938	3.804826498031616	4.509603500366211
6	947	in	4.324475288391113	5.920666217803955	3.614706516265869	4.791383266448975
6	948	the	0.8811151385307312	1.8404737710952759	1.2081514596939087	1.4059474468231201
6	949	crowd,	9.167413711547852	9.822006225585938	10.703523635864258	10.008956909179688
6	950	and	2.274343967437744	2.327188014984131	2.282437801361084	2.1262729167938232
6	951	Jill,	15.4232177734375	16.183719635009766	15.882739067077637	15.558428764343262
6	952	who	2.821631908416748	2.526230573654175	1.8597471714019775	1.795261025428772
6	953	was	3.069365978240967	2.398486614227295	2.911646604537964	1.915248155593872
6	954	beaming	12.40617847442627	11.44749641418457	9.3720703125	9.406403541564941
6	955	at	2.7859268188476562	2.9076666831970215	3.192621946334839	3.0925092697143555
6	956	her	5.291302680969238	3.610853672027588	3.506978988647461	3.040271759033203
6	957	with	5.217261791229248	5.043208122253418	3.076362133026123	3.649632692337036
6	958	pride	11.038694381713867	8.206257820129395	7.4952592849731445	5.624225616455078
6	959	from	4.563375949859619	5.397233009338379	5.389929294586182	5.498876571655273
6	960	the	0.7917162775993347	1.5685975551605225	1.5930736064910889	1.397060751914978
6	961	wings.	12.619990348815918	11.600578308105469	12.825358390808105	11.397531509399414
6	962	She	3.827547550201416	4.30886173248291	3.9223313331604004	3.7896528244018555
6	963	knew	5.134087562561035	5.09762716293335	5.389370918273926	5.493724822998047
6	964	she	4.508725166320801	2.416792869567871	2.2071337699890137	2.2452585697174072
6	965	owed	11.791858673095703	8.583198547363281	6.753917694091797	7.085916042327881
6	966	them	6.193668365478516	4.24323034286499	3.622032880783081	4.253636360168457
6	967	big	10.014897346496582	6.828237533569336	6.663339138031006	6.327586650848389
6	968	time	5.819189071655273	4.095726013183594	2.6009879112243652	2.5520553588867188
6	969	for	3.0165486335754395	3.3199312686920166	2.8556628227233887	1.3067854642868042
6	970	reminding	11.915688514709473	10.483728408813477	11.793566703796387	9.108283042907715
6	971	her	3.1351423263549805	3.7352218627929688	3.8867907524108887	4.982442855834961
6	972	what	9.547935485839844	4.514530181884766	3.856870412826538	3.7648613452911377
6	973	she	4.0266265869140625	1.4964241981506348	1.6517711877822876	1.4916229248046875
6	974	was	1.984025239944458	2.50300931930542	1.9023455381393433	1.795932412147522
6	975	capable	7.440264701843262	7.6752705574035645	5.4275712966918945	5.289493083953857
6	976	of	0.06371522694826126	0.09858430922031403	0.24994388222694397	0.7907800674438477
6	977	and	8.84368896484375	7.453707218170166	6.264060020446777	5.1782546043396
6	978	who	6.893861770629883	5.966043949127197	5.363280773162842	5.510631084442139
6	979	she	7.525493621826172	6.349555015563965	6.301880836486816	7.373448848724365
6	980	really	7.06624698638916	5.293489933013916	4.200888156890869	4.1422505378723145
6	981	was.	8.24134349822998	4.646974563598633	2.650017499923706	2.7400007247924805
6	982	The	2.7995636463165283	2.9078218936920166	3.155456304550171	2.8821523189544678
6	983	next	5.54100227355957	4.934866905212402	5.348376750946045	4.753759384155273
6	984	time	3.406093120574951	2.831404209136963	2.8248116970062256	2.600447654724121
6	985	her	9.020170211791992	6.888553619384766	6.837340354919434	5.996983528137207
6	986	phone	7.226548194885254	5.858962059020996	4.89702033996582	4.678705215454102
6	987	bleeped	18.558971405029297	13.303020477294922	10.127876281738281	11.277756690979004
6	988	she	8.755617141723633	9.501119613647461	8.295428276062012	8.859630584716797
6	989	would	3.9047956466674805	3.7005434036254883	3.968369722366333	4.6174092292785645
6	990	tap	11.657567024230957	9.790799140930176	8.70386028289795	7.569548606872559
6	991	the	2.1533265113830566	2.0655956268310547	2.3131258487701416	2.4197452068328857
6	992	message	7.368391036987305	7.3304362297058105	8.444304466247559	7.297520637512207
6	993	straight	10.74460506439209	9.806754112243652	8.369246482849121	7.552340984344482
6	994	into	3.118720054626465	3.136442184448242	2.5380518436431885	1.422913908958435
6	995	oblivion	12.58885383605957	8.889967918395996	9.689347267150879	10.228260040283203
6	996	where	5.342588424682617	5.600485801696777	5.170045375823975	5.878053665161133
6	997	it	2.4638161659240723	3.255467653274536	1.9987634420394897	1.9844744205474854
6	998	belonged.	14.35238265991211	7.115516662597656	4.536440849304199	3.927182912826538
7	0	The	2.1281988620758057	2.1281988620758057	2.1281988620758057	2.1281988620758057
7	1	Roswell	11.655013084411621	11.655013084411621	11.655013084411621	11.655013084411621
7	2	UFO	2.8869566917419434	2.8143858909606934	2.8143858909606934	2.8143858909606934
7	3	Incident	9.640998840332031	3.925776720046997	2.546189069747925	2.5461888313293457
7	4	was	3.7341668605804443	4.541452407836914	4.548150062561035	3.240612030029297
7	5	the	3.51254940032959	3.41298508644104	2.7826409339904785	2.841602087020874
7	6	alleged	7.982922077178955	8.694820404052734	7.076663017272949	8.442802429199219
7	7	recovery	10.140352249145508	10.322792053222656	10.012144088745117	9.381587028503418
7	8	of	1.0315077304840088	0.5452795624732971	0.44410017132759094	0.2750629782676697
7	9	extra-terrestrial	13.83757209777832	13.43178939819336	10.612836837768555	9.693771362304688
7	10	debris,	8.926432609558105	8.933713912963867	8.909261703491211	7.3149919509887695
7	11	including	3.5576887130737305	3.0193421840667725	2.5590498447418213	2.8730971813201904
7	12	alien	10.885496139526367	8.568325996398926	4.8813276290893555	4.495448589324951
7	13	corpses,	11.396406173706055	8.319426536560059	4.264138221740723	5.981201171875
7	14	from	5.328629493713379	5.8297858238220215	5.9613752365112305	3.9312644004821777
7	15	an	4.421362400054932	4.855652809143066	4.6098785400390625	4.156026840209961
7	16	object	5.06525993347168	6.743234634399414	6.49205207824707	6.536715507507324
7	17	that	2.858227014541626	2.259892463684082	2.4823508262634277	1.6249886751174927
7	18	crashed	12.099983215332031	10.685979843139648	10.843491554260254	9.171478271484375
7	19	near	7.044844627380371	4.137389183044434	5.281363487243652	5.256120681762695
7	20	Roswell,	11.984892845153809	7.714456558227539	7.180023670196533	7.831155300140381
7	21	New	2.193040132522583	0.8635824918746948	0.4596720039844513	0.3561042249202728
7	22	Mexico,	8.29873275756836	1.1003276109695435	0.7654317617416382	0.7434146404266357
7	23	on	5.202131271362305	5.605101585388184	3.291236400604248	2.428126335144043
7	24	or	8.067873001098633	6.547633171081543	6.238773345947266	7.807477951049805
7	25	about	6.5600786209106445	3.080721378326416	0.9423508644104004	0.5449974536895752
7	26	July	9.752532958984375	9.421197891235352	4.054712295532227	2.8121225833892822
7	27	eighth,	14.704937934875488	11.722223281860352	11.747634887695312	12.941438674926758
7	28	nineteen	10.255504608154297	9.818235397338867	8.725897789001465	8.141631126403809
7	29	forty-seven.	13.642040252685547	10.828635215759277	8.648988723754883	7.729719161987305
7	30	Since	6.1768646240234375	6.052676200866699	6.424342155456543	6.225278854370117
7	31	the	1.0718718767166138	1.6734241247177124	1.6857845783233643	1.8168972730636597
7	32	late	7.656595230102539	4.999538421630859	5.110831260681152	5.223582744598389
7	33	nineteen	12.719605445861816	8.152894973754883	6.788674354553223	5.503232955932617
7	34	seventies,	12.792051315307617	3.3597207069396973	3.4832406044006348	3.1414451599121094
7	35	the	2.668102741241455	2.7334110736846924	2.4217262268066406	2.392582416534424
7	36	incident	8.629098892211914	8.913948059082031	8.848648071289062	8.681118965148926
7	37	has	3.8829216957092285	4.045650482177734	3.7309186458587646	3.445276975631714
7	38	been	0.6190189719200134	1.098634958267212	1.2603267431259155	1.2894819974899292
7	39	the	4.773841857910156	3.8188655376434326	5.249929904937744	5.281765937805176
7	40	subject	7.7354044914245605	3.459160089492798	2.5661606788635254	0.9855805039405823
7	41	of	1.8157529830932617	0.7100920677185059	0.035553544759750366	0.004099797457456589
7	42	intense	10.58328628540039	4.979964256286621	6.54006290435791	4.11213493347168
7	43	controversy	7.511368751525879	6.917814254760742	4.173659801483154	3.9140207767486572
7	44	and	2.6581554412841797	3.074056625366211	2.324476957321167	1.9900425672531128
7	45	the	2.305114269256592	2.7515511512756348	3.5337817668914795	3.9466512203216553
7	46	subject	7.7354044914245605	7.970490455627441	7.3443684577941895	6.169195175170898
7	47	of	1.8157529830932617	0.7100920677185059	0.8865230083465576	0.3660007417201996
7	48	conspiracy	10.284893035888672	7.268913745880127	7.571166038513184	7.703246116638184
7	49	theories	4.5084638595581055	1.943174958229065	1.9752057790756226	1.9417704343795776
7	50	as	5.066108703613281	4.438919544219971	4.72404146194458	4.386006832122803
7	51	to	5.620706558227539	2.343553304672241	3.2978200912475586	3.8011600971221924
7	52	the	2.496473789215088	2.2545676231384277	2.0507972240448	2.243100166320801
7	53	true	8.09640884399414	7.992547988891602	5.622136116027832	4.869941234588623
7	54	nature	7.723377227783203	2.7741284370422363	2.6843106746673584	1.4034287929534912
7	55	of	0.20014630258083344	0.13280203938484192	0.054037030786275864	0.05302431434392929
7	56	the	0.8314511775970459	1.194110631942749	1.2714492082595825	1.173823356628418
7	57	object	7.613006591796875	8.25766372680664	6.913359642028809	6.662567138671875
7	58	that	2.858227014541626	3.4706146717071533	3.1204886436462402	3.408356189727783
7	59	crashed.	15.4381103515625	13.189981460571289	11.455140113830566	11.371027946472168
7	60	The	2.089686393737793	2.0578558444976807	2.3486056327819824	2.040886878967285
7	61	United	4.685082912445068	7.492604732513428	7.162814140319824	9.15608024597168
7	62	States	0.5120108723640442	0.3242553472518921	0.30975961685180664	0.2896477282047272
7	63	military	9.068111419677734	5.923789978027344	5.335830211639404	3.798811435699463
7	64	maintains	12.139778137207031	9.76425838470459	8.511346817016602	5.870166778564453
7	65	the	0.9960958957672119	2.830979347229004	3.142871141433716	3.2907347679138184
7	66	debris	11.118328094482422	11.806041717529297	11.650121688842773	11.601207733154297
7	67	recovered	8.875089645385742	6.458517551422119	6.063769817352295	5.825326919555664
7	68	was	8.415205001831055	5.026760101318359	3.6161179542541504	4.614477157592773
7	69	from	7.393747329711914	5.087367057800293	3.251286506652832	3.0654101371765137
7	70	an	4.421362400054932	3.9166929721832275	3.1565613746643066	3.067255735397339
7	71	experimental	7.418808937072754	6.601479530334473	6.924127578735352	6.65954065322876
7	72	high-altitude	15.365934371948242	11.51794147491455	11.709053039550781	11.135893821716309
7	73	surveillance	7.198300361633301	7.483495235443115	6.992313385009766	7.113704681396484
7	74	balloon	12.822422981262207	6.113558769226074	4.976640224456787	5.081335067749023
7	75	that	4.888599395751953	3.255138635635376	3.081230640411377	3.283768653869629
7	76	belonged	10.432500839233398	8.424272537231445	9.314130783081055	9.061280250549316
7	77	to	0.05574747920036316	0.05485175549983978	0.025790492072701454	0.01266133226454258
7	78	a	4.360486030578613	2.080833673477173	3.0795233249664307	2.1260766983032227
7	79	classified	11.45663833618164	9.474458694458008	10.05760383605957	9.77141284942627
7	80	program	8.281174659729004	4.524042129516602	4.7638750076293945	3.1017260551452637
7	81	named	8.61400318145752	6.80466890335083	6.243069171905518	6.160284996032715
7	82	'Mogul'.	18.426246643066406	18.806930541992188	20.157611846923828	19.956979751586914
7	83	However,	5.280168533325195	4.964513778686523	5.063817977905273	4.996442794799805
7	84	many	4.749131679534912	5.364984035491943	5.482615947723389	5.6536407470703125
7	85	UFO	13.31626033782959	9.794304847717285	9.907941818237305	9.420650482177734
7	86	proponents	13.0551176071167	6.504721164703369	5.091526031494141	5.246649742126465
7	87	maintain	10.858603477478027	6.1725287437438965	5.3397979736328125	4.19071626663208
7	88	that,	7.577901840209961	4.698383331298828	4.755409240722656	4.673759460449219
7	89	in	3.1637015342712402	3.148404836654663	2.5798399448394775	2.4324822425842285
7	90	fact,	7.386685371398926	2.6680123805999756	2.4161720275878906	2.537053346633911
7	91	a	4.182849884033203	3.4284207820892334	4.541322708129883	4.242155075073242
7	92	crashed	13.087665557861328	11.537348747253418	11.600848197937012	11.366564750671387
7	93	alien	12.490632057189941	6.330827713012695	6.016545295715332	5.515800952911377
7	94	craft	7.679637432098389	4.7953572273254395	3.0624759197235107	2.833317995071411
7	95	and	1.8576719760894775	3.3720877170562744	3.3214588165283203	2.8183367252349854
7	96	bodies	9.993464469909668	11.76181697845459	9.27768325805664	9.10619831085205
7	97	were	3.117854356765747	3.473578691482544	3.8675501346588135	3.5387039184570312
7	98	recovered,	10.92666244506836	7.137002944946289	6.960545539855957	7.586427688598633
7	99	and	1.9908534288406372	1.881360650062561	1.848673701286316	2.0032949447631836
7	100	that	4.721836090087891	3.6552581787109375	4.043888092041016	3.7643284797668457
7	101	the	2.4105913639068604	2.5158138275146484	2.035094976425171	1.7823424339294434
7	102	military	7.3275909423828125	6.87100887298584	6.817874908447266	6.71987247467041
7	103	then	9.998405456542969	7.573079586029053	7.662472248077393	7.700209617614746
7	104	engaged	9.974264144897461	7.079104900360107	7.779295444488525	6.193821907043457
7	105	in	0.6868465542793274	0.5021578073501587	0.4863589406013489	0.3180905282497406
7	106	a	2.58301043510437	2.0842361450195312	1.6413626670837402	1.5319533348083496
7	107	cover-up.	13.510236740112305	12.783254623413086	9.691367149353027	10.542169570922852
7	108	The	2.290205955505371	2.281635284423828	2.303401470184326	2.2456746101379395
7	109	incident	8.480806350708008	7.2211174964904785	7.109833240509033	7.127275466918945
7	110	has	3.8829216957092285	3.270273208618164	2.997791290283203	3.198791980743408
7	111	turned	6.554579734802246	5.66490364074707	6.037014961242676	5.770915985107422
7	112	into	2.1547868251800537	1.6228699684143066	0.7979973554611206	0.832269012928009
7	113	a	1.5619430541992188	0.7909756898880005	0.5790331363677979	0.48021459579467773
7	114	widely	9.586008071899414	9.802474021911621	9.63149356842041	8.689329147338867
7	115	known	2.558927536010742	3.3612847328186035	3.17164945602417	3.35391902923584
7	116	pop	13.853311538696289	9.693620681762695	8.830137252807617	8.275411605834961
7	117	culture	5.931733131408691	0.8844717741012573	1.6757216453552246	1.0968555212020874
7	118	phenomenon,	13.59423828125	6.802889823913574	4.0765767097473145	3.683110475540161
7	119	making	6.6808600425720215	6.4607343673706055	6.10716438293457	6.398476600646973
7	120	the	1.89340341091156	2.3633642196655273	2.5796380043029785	2.7455224990844727
7	121	name	6.106077194213867	7.581884384155273	7.022607326507568	6.5516462326049805
7	122	Roswell	17.429439544677734	12.807341575622559	12.808134078979492	11.276237487792969
7	123	synonymous	14.243741035461426	15.001720428466797	12.99334716796875	5.630593299865723
7	124	with	0.19263023138046265	0.08440990746021271	0.07498586177825928	0.08862277120351791
7	125	UFOs.	15.197286605834961	11.922839164733887	4.962624549865723	3.898327350616455
7	126	It	3.4561400413513184	3.4543046951293945	3.010599136352539	3.264476776123047
7	127	ranks	11.424113273620605	9.620437622070312	9.108487129211426	8.763328552246094
7	128	as	4.819725036621094	2.2976608276367188	1.5343037843704224	1.7984848022460938
7	129	one	4.741718292236328	1.9190025329589844	1.4698832035064697	0.9660699367523193
7	130	of	0.42252814769744873	0.5462308526039124	0.030286917462944984	0.004026595503091812
7	131	the	0.8314511775970459	0.6822420954704285	0.5523459911346436	0.3112793564796448
7	132	most	4.993878364562988	4.772149085998535	2.092529296875	2.2565269470214844
7	133	publicized	10.33380126953125	8.764466285705566	8.06924057006836	8.071412086486816
7	134	and	3.7868707180023193	3.202598810195923	3.0990841388702393	2.961240768432617
7	135	controversial	10.69001293182373	6.855670928955078	3.5535781383514404	3.2370686531066895
7	136	alleged	7.880947589874268	9.54930591583252	9.410771369934082	8.524347305297852
7	137	UFO	10.944820404052734	8.982059478759766	8.11161994934082	7.285097599029541
7	138	incidents.	10.588799476623535	7.15226411819458	6.523646354675293	5.96534538269043
7	139	On	5.01000452041626	5.09269905090332	4.901381492614746	4.79734992980957
7	140	July	4.444470405578613	3.365429401397705	3.0750417709350586	2.8029699325561523
7	141	ninth,	15.432047843933105	17.22463035583496	17.63494873046875	17.503400802612305
7	142	nineteen	10.219213485717773	9.749845504760742	8.689764022827148	8.342214584350586
7	143	forty-seven,	13.237276077270508	9.485641479492188	8.414258003234863	7.716622352600098
7	144	a	3.997248649597168	4.167614936828613	5.110868453979492	3.9058940410614014
7	145	press	7.532378673553467	8.663774490356445	8.357709884643555	9.873678207397461
7	146	release	3.7804641723632812	1.2228496074676514	0.7285717725753784	1.5243924856185913
7	147	that	3.8099453449249268	3.0743911266326904	3.241133213043213	5.829537391662598
7	148	Roswell	13.529054641723633	13.822957992553711	13.511117935180664	14.034296035766602
7	149	Army	7.16954231262207	8.744375228881836	7.754863739013672	7.042612552642822
7	150	Air	6.361583232879639	2.1029324531555176	1.0041284561157227	1.072327971458435
7	151	Field	9.267632484436035	7.09410285949707	0.9660912752151489	0.2707281708717346
7	152	issued	9.820517539978027	10.55652141571045	12.192021369934082	10.14096736907959
7	153	stated	12.156034469604492	11.093406677246094	12.28126335144043	12.022954940795898
7	154	that	0.3253093659877777	0.6728226542472839	0.5735039710998535	0.7781782150268555
7	155	personnel	12.31494140625	11.215889930725098	9.980446815490723	9.403928756713867
7	156	from	3.640835762023926	3.3834028244018555	2.0130581855773926	1.933335542678833
7	157	the	0.7917162775993347	1.3129914999008179	1.2055189609527588	0.825033962726593
7	158	field's	12.327489852905273	12.303398132324219	12.459725379943848	12.551826477050781
7	159	Bomb	14.954385757446289	15.408442497253418	15.713082313537598	13.137654304504395
7	160	Group	6.675814151763916	6.727903366088867	6.846203327178955	6.934475421905518
7	161	had	5.222524642944336	5.27964448928833	4.674919605255127	4.661048889160156
7	162	recovered	8.666601181030273	7.911743640899658	6.934607028961182	6.54364013671875
7	163	a	4.424538612365723	3.6428139209747314	3.313822031021118	2.5994486808776855
7	164	crashed	13.087665557861328	8.996927261352539	8.924128532409668	8.489646911621094
7	165	'flying	16.80249786376953	13.600153923034668	12.808039665222168	12.673824310302734
7	166	disc'	6.813965797424316	8.025053977966309	5.657140731811523	4.740362167358398
7	167	from	5.628668785095215	5.133188724517822	4.537168025970459	4.405819416046143
7	168	a	2.6111865043640137	3.1275553703308105	2.3938393592834473	3.9959022998809814
7	169	ranch	12.906767845153809	10.613317489624023	10.919143676757812	11.457640647888184
7	170	near	6.635249137878418	3.674375057220459	2.4150452613830566	2.7072412967681885
7	171	Roswell,	11.984892845153809	7.857027053833008	7.057167053222656	7.1942667961120605
7	172	sparking	10.70472526550293	10.639121055603027	12.319941520690918	12.782958984375
7	173	intense	9.442384719848633	4.888528347015381	4.606541633605957	5.292362213134766
7	174	media	7.581498146057129	5.142484664916992	3.7135555744171143	3.210508346557617
7	175	interest.	10.178805351257324	6.715012550354004	3.729182004928589	2.9487876892089844
7	176	Later	8.617342948913574	8.431614875793457	7.887973785400391	7.585327625274658
7	177	the	3.5984482765197754	3.5175893306732178	3.5861783027648926	3.3832921981811523
7	178	same	3.4244346618652344	4.031445026397705	2.966381549835205	2.4003350734710693
7	179	day,	5.438436031341553	5.682900428771973	2.851247549057007	2.141531467437744
7	180	the	3.028810977935791	2.2382118701934814	2.3732261657714844	2.0314176082611084
7	181	Commanding	13.535923957824707	11.580194473266602	11.35101318359375	11.380328178405762
7	182	General	2.40946626663208	1.6658945083618164	1.3072766065597534	0.9506994485855103
7	183	of	4.275884628295898	1.1170389652252197	0.5437743067741394	0.9564104080200195
7	184	the	0.8314511775970459	0.8042593598365784	0.5507410764694214	0.339283287525177
7	185	Eighth	12.203435897827148	10.422734260559082	8.965280532836914	6.980047225952148
7	186	Air	8.10544204711914	6.67162561416626	5.953287124633789	3.907214403152466
7	187	Force	0.4618883728981018	0.5301508903503418	0.5296836495399475	0.6344566941261292
7	188	stated	9.897283554077148	9.121798515319824	8.509249687194824	8.092903137207031
7	189	that,	4.215818881988525	4.663643836975098	4.74590539932251	4.078136444091797
7	190	in	3.1637015342712402	2.582942008972168	2.5105981826782227	2.6349937915802
7	191	fact,	7.386685371398926	2.6680126190185547	3.303988456726074	3.5840415954589844
7	192	a	4.182849884033203	3.4284207820892334	4.541322708129883	4.452269077301025
7	193	weather	10.228477478027344	10.022170066833496	9.8933744430542	10.0649995803833
7	194	balloon	9.722796440124512	3.7177422046661377	3.6845524311065674	3.7167625427246094
7	195	had	5.674172401428223	5.846700191497803	6.169315814971924	4.31471586227417
7	196	been	1.1064952611923218	1.859096884727478	1.721327781677246	1.547576904296875
7	197	recovered	8.189676284790039	8.00586986541748	5.0591511726379395	5.97859001159668
7	198	by	1.8997853994369507	2.621772289276123	2.0680863857269287	2.1700501441955566
7	199	the	1.1369578838348389	1.3340600728988647	1.324277639389038	1.3132960796356201
7	200	Roswell	12.813752174377441	12.485936164855957	11.352991104125977	11.25251293182373
7	201	Army	7.16954231262207	8.025842666625977	6.119565963745117	4.763453483581543
7	202	Air	6.361583232879639	2.1029324531555176	1.2425782680511475	1.2270300388336182
7	203	Field	9.267633438110352	7.09410285949707	0.966091513633728	0.46284252405166626
7	204	personnel,	14.442227363586426	11.335928916931152	11.999983787536621	11.673425674438477
7	205	rather	6.935549259185791	7.227597236633301	7.818040370941162	7.812099456787109
7	206	than	0.11514159291982651	0.02076447382569313	0.022500980645418167	0.026946650817990303
7	207	a	2.257214307785034	3.082742691040039	3.4732940196990967	3.367004156112671
7	208	'flying	15.117773056030273	16.29024314880371	14.970191955566406	14.509214401245117
7	209	saucer'.	6.80211067199707	5.915178298950195	4.987455368041992	5.223341941833496
7	210	A	4.168719291687012	3.9914777278900146	3.6356563568115234	4.12961483001709
7	211	subsequent	8.781597137451172	8.193912506103516	8.375167846679688	8.664933204650879
7	212	press	8.607339859008789	6.537225723266602	5.938941955566406	5.289303779602051
7	213	conference	3.2754616737365723	1.190560221672058	1.6185435056686401	1.5413084030151367
7	214	was	3.2002758979797363	4.788487434387207	3.419764995574951	1.7798212766647339
7	215	called,	8.595367431640625	6.977229118347168	6.942914009094238	6.945749282836914
7	216	featuring	10.225698471069336	10.78718376159668	8.761148452758789	9.115816116333008
7	217	debris	12.40131950378418	12.361069679260254	12.393083572387695	13.72929859161377
7	218	from	2.0089664459228516	0.7822709679603577	0.6595149636268616	0.6762275099754333
7	219	the	0.7917162775993347	1.006249189376831	0.6920108795166016	0.8995424509048462
7	220	crashed	13.612068176269531	10.798294067382812	7.091289520263672	5.160281181335449
7	221	object	12.697160720825195	7.605286598205566	7.886557102203369	7.661221981048584
7	222	that	2.858227014541626	4.412605285644531	4.458529949188232	3.913670063018799
7	223	confirmed	11.325429916381836	11.656216621398926	10.65509033203125	9.211339950561523
7	224	the	2.495056629180908	1.6245150566101074	1.566626787185669	1.5966057777404785
7	225	weather	8.482584953308105	8.33724594116211	8.191350936889648	8.473589897155762
7	226	balloon	9.722795486450195	7.432127475738525	6.543612003326416	6.799086570739746
7	227	description.	15.19347095489502	12.767093658447266	12.66856575012207	12.118297576904297
7	228	The	2.3489673137664795	2.1838395595550537	2.3635659217834473	2.35304856300354
7	229	case	5.996679782867432	6.923679351806641	7.253658771514893	8.110774040222168
7	230	was	4.052892208099365	2.035473346710205	2.0326294898986816	2.717327356338501
7	231	quickly	8.180875778198242	5.590016841888428	5.414951801300049	5.732850074768066
7	232	forgotten	9.547185897827148	4.735340595245361	4.6258344650268555	5.467364311218262
7	233	and	3.316171646118164	2.6907665729522705	1.855163335800171	1.8275374174118042
7	234	almost	7.463973045349121	6.309803485870361	5.488803863525391	5.830811023712158
7	235	completely	5.410038471221924	4.6133575439453125	4.0918426513671875	3.049118757247925
7	236	ignored,	9.26633071899414	6.467514991760254	6.392236709594727	5.158359050750732
7	237	even	4.424297332763672	3.881368398666382	3.7261948585510254	4.36128568649292
7	238	by	5.503719329833984	2.059324264526367	1.7266803979873657	1.4323338270187378
7	239	UFO	12.046224594116211	10.645994186401367	10.658512115478516	10.50722599029541
7	240	researchers,	9.108075141906738	4.451674461364746	2.6935887336730957	3.0243043899536133
7	241	for	5.452638626098633	5.285110950469971	5.900022506713867	5.806271553039551
7	242	more	5.0866851806640625	5.349596977233887	5.3349080085754395	4.497520446777344
7	243	than	0.6190573573112488	1.289483904838562	2.2473084926605225	2.387047052383423
7	244	thirty	7.71079158782959	6.597531318664551	5.421681880950928	4.933246612548828
7	245	years.	2.6377358436584473	2.9970362186431885	2.513016700744629	1.526008129119873
7	246	Then,	6.946097373962402	7.003955841064453	7.104119300842285	7.490778923034668
7	247	in	3.2056713104248047	1.9261854887008667	1.7973370552062988	2.051023244857788
7	248	nineteen	12.949675559997559	10.238905906677246	10.384993553161621	9.561639785766602
7	249	seventy-eight,	14.911136627197266	10.613691329956055	6.0277628898620605	5.594975471496582
7	250	nuclear	11.777530670166016	11.902005195617676	12.260431289672852	9.998273849487305
7	251	physicist	13.244417190551758	6.7489519119262695	6.098289966583252	6.320901870727539
7	252	and	1.9952257871627808	2.1751551628112793	2.1047277450561523	2.2355399131774902
7	253	author	9.132164001464844	3.7125260829925537	3.988271474838257	3.1027259826660156
7	254	Stanton	13.64279842376709	10.409993171691895	8.659623146057129	9.105592727661133
7	255	Friedman	11.316939353942871	1.4374237060546875	1.7920243740081787	1.4106581211090088
7	256	interviewed	7.715059280395508	7.532905578613281	8.2693452835083	7.346865653991699
7	257	Jesse	11.589021682739258	7.656179428100586	7.184018135070801	7.766268730163574
7	258	Marcel,	12.767836570739746	11.603736877441406	10.31549072265625	10.076241493225098
7	259	the	3.7990078926086426	3.1032116413116455	2.292254686355591	2.0584490299224854
7	260	only	6.445528984069824	4.876884460449219	5.284307479858398	6.495238304138184
7	261	person	8.301520347595215	3.9029955863952637	2.948432207107544	2.7833292484283447
7	262	known	8.099066734313965	5.670065402984619	5.521895885467529	4.0595269203186035
7	263	to	2.217758893966675	1.5753368139266968	0.07746454328298569	0.063608318567276
7	264	have	4.363181114196777	2.170081615447998	2.5099756717681885	0.45460397005081177
7	265	accompanied	11.61904525756836	9.416337013244629	8.22634506225586	8.25181770324707
7	266	the	4.445478439331055	1.699206829071045	1.7096292972564697	1.4814642667770386
7	267	Roswell	12.813752174377441	11.97044849395752	12.591487884521484	11.450359344482422
7	268	debris	6.7246809005737305	5.937460899353027	6.4103169441223145	4.651124954223633
7	269	from	2.0089664459228516	3.3980650901794434	4.12813138961792	4.076026916503906
7	270	where	7.972081184387207	6.864172458648682	6.688104152679443	5.648563861846924
7	271	it	2.4638233184814453	2.7369565963745117	2.5255331993103027	1.878869652748108
7	272	was	1.6763286590576172	2.1336278915405273	1.8618545532226562	1.906308889389038
7	273	recovered	9.17888069152832	9.788522720336914	8.469090461730957	7.495258331298828
7	274	to	3.0322000980377197	5.10775089263916	4.76338529586792	4.6826910972595215
7	275	Fort	11.478344917297363	8.877397537231445	8.900674819946289	9.368419647216797
7	276	Worth.	7.151330947875977	4.8431830406188965	5.503893852233887	5.4918975830078125
7	277	Over	7.324137210845947	6.736727714538574	6.820405960083008	6.573294162750244
7	278	the	0.6153969764709473	0.5490421056747437	0.4567676782608032	0.4435690641403198
7	279	next	5.294618606567383	2.361215114593506	2.2416577339172363	1.960105538368225
7	280	few	5.660703182220459	3.0589919090270996	1.4483579397201538	1.3519327640533447
7	281	years,	3.575587272644043	2.8636436462402344	2.874324083328247	1.8053995370864868
7	282	the	2.5172929763793945	2.5555241107940674	2.400928020477295	2.5236551761627197
7	283	accounts	10.715721130371094	9.404013633728027	9.695587158203125	10.186881065368652
7	284	he	8.241687774658203	5.8306498527526855	6.533079624176025	6.329431533813477
7	285	and	7.564177513122559	4.954834938049316	4.787038803100586	4.385875701904297
7	286	others	6.3773088455200195	4.5967206954956055	3.246872901916504	3.705035924911499
7	287	gave	8.136995315551758	7.6589884757995605	6.804656982421875	5.494166374206543
7	288	elevated	15.043225288391113	11.149453163146973	11.240599632263184	11.853670120239258
7	289	Roswell	15.163496017456055	14.442091941833496	15.507213592529297	15.426380157470703
7	290	from	6.776751518249512	6.031301021575928	8.000205039978027	8.858848571777344
7	291	a	2.6111865043640137	3.11504864692688	2.7888028621673584	1.9729268550872803
7	292	forgotten	10.652898788452148	9.921651840209961	9.234487533569336	9.088606834411621
7	293	incident	10.253454208374023	7.911831855773926	8.286565780639648	6.675927639007568
7	294	to	3.79111385345459	3.33455228805542	4.316923141479492	2.5401644706726074
7	295	perhaps	10.723211288452148	10.15672779083252	8.463054656982422	8.390385627746582
7	296	the	2.000089406967163	2.994795083999634	2.143446922302246	2.8328161239624023
7	297	most	4.993878364562988	1.39192795753479	1.3394755125045776	1.1550711393356323
7	298	famous	4.7931365966796875	4.636419296264648	3.5672414302825928	3.7497339248657227
7	299	UFO	10.912579536437988	8.631288528442383	8.386641502380371	8.607415199279785
7	300	case	7.826415538787842	4.8243794441223145	3.721299171447754	3.732421398162842
7	301	of	0.9332358241081238	3.5768184661865234	2.391211748123169	1.6266355514526367
7	302	all	5.21090841293335	6.251906394958496	4.627781391143799	2.427161455154419
7	303	time.	8.102218627929688	5.2207136154174805	6.4990434646606445	1.4836126565933228
7	304	By	5.718199729919434	5.955048561096191	5.788387775421143	5.7925801277160645
7	305	the	1.2918906211853027	1.6337194442749023	1.6550846099853516	1.5911234617233276
7	306	early	7.285545825958252	4.69806432723999	4.84986686706543	4.58449649810791
7	307	nineteen	13.042378425598145	9.656349182128906	7.4470744132995605	7.228733062744141
7	308	nineties,	12.537773132324219	4.043699741363525	3.4533565044403076	3.0379583835601807
7	309	UFO	10.983492851257324	10.735754013061523	10.911650657653809	11.045671463012695
7	310	researchers	7.545629978179932	2.5841572284698486	2.2924671173095703	2.2036545276641846
7	311	had	3.574864149093628	4.262073993682861	2.8411965370178223	3.0062804222106934
7	312	interviewed	9.01561164855957	7.437770843505859	7.248719215393066	8.19040298461914
7	313	several	6.861083984375	3.919055223464966	4.3836870193481445	3.876962423324585
7	314	hundred	4.936435699462891	5.6174163818359375	4.317631721496582	1.691569209098816
7	315	people	3.616034984588623	3.052339792251587	1.8283346891403198	1.7742608785629272
7	316	who	1.4281078577041626	2.7851431369781494	2.6080658435821533	1.7417981624603271
7	317	had,	9.000476837158203	10.483382225036621	9.094963073730469	8.994857788085938
7	318	or	4.368047714233398	5.120573043823242	3.2611114978790283	3.6990044116973877
7	319	who	7.141676902770996	4.64847469329834	2.6888046264648438	2.312758684158325
7	320	claimed	6.338710308074951	7.771632194519043	7.366504192352295	6.789762496948242
7	321	to	1.461377739906311	1.056026816368103	1.0215365886688232	0.618935227394104
7	322	have	4.363181114196777	1.0363582372665405	0.9558128118515015	1.4928034543991089
7	323	had,	9.269598960876465	8.963306427001953	10.71105670928955	11.904594421386719
7	324	a	5.053404808044434	4.9587931632995605	4.66895866394043	4.079504013061523
7	325	connection	8.04906177520752	8.278382301330566	7.5662689208984375	7.274820804595947
7	326	with	1.0202754735946655	2.0122780799865723	2.124390125274658	1.424517273902893
7	327	the	1.2512949705123901	1.2987068891525269	1.3594379425048828	1.2944749593734741
7	328	events	8.55345630645752	8.856219291687012	7.100089073181152	7.7926344871521
7	329	at	4.174135684967041	3.980668067932129	3.890059471130371	3.6857471466064453
7	330	Roswell	11.973742485046387	10.644515037536621	8.540323257446289	8.541723251342773
7	331	in	3.9230144023895264	1.5146875381469727	1.7968167066574097	1.896083116531372
7	332	nineteen	12.949675559997559	11.260600090026855	11.26852035522461	11.088394165039062
7	333	forty-seven.	13.64203929901123	11.113068580627441	8.079089164733887	7.80763053894043
7	334	Additionally,	8.555423736572266	9.106454849243164	8.983189582824707	8.664000511169434
7	335	hundreds	9.091575622558594	7.686996936798096	8.543608665466309	8.121119499206543
7	336	of	0.01429959386587143	0.07053264230489731	0.17151646316051483	0.13012656569480896
7	337	documents	10.256366729736328	7.4219279289245605	6.885066986083984	7.198054313659668
7	338	were	3.3924310207366943	5.042238235473633	4.283512115478516	2.1098101139068604
7	339	obtained	8.432159423828125	4.083437919616699	4.324698448181152	4.5067949295043945
7	340	by	0.7040739059448242	1.86525559425354	0.7203264236450195	0.9242832660675049
7	341	Freedom	10.873991012573242	8.831754684448242	10.170771598815918	7.027597427368164
7	342	of	1.1005436182022095	2.164132595062256	0.5201346278190613	0.45843061804771423
7	343	Information	11.746307373046875	0.8679639101028442	0.16083581745624542	0.07341332733631134
7	344	Act	4.254915237426758	2.5258493423461914	0.6060242652893066	0.6903137564659119
7	345	requests,	14.646317481994629	7.994683265686035	7.3001251220703125	4.199911117553711
7	346	as	4.288237571716309	3.993077278137207	3.9696431159973145	4.076925277709961
7	347	were	9.3096923828125	6.565180778503418	7.07749605178833	7.375763416290283
7	348	some	6.400570869445801	4.012909889221191	3.7449498176574707	3.888310432434082
7	349	that	7.361077785491943	5.317838191986084	6.078594207763672	4.73480224609375
7	350	insiders	14.57113265991211	12.289793968200684	12.840439796447754	12.839049339294434
7	351	apparently	10.3643159866333	8.252126693725586	8.86947250366211	8.30349349975586
7	352	leaked.	12.617079734802246	13.717865943908691	9.944497108459473	10.18856430053711
7	353	Their	7.055716037750244	6.7866339683532715	6.117804527282715	6.512453079223633
7	354	conclusions	8.938268661499023	7.353548049926758	7.183663368225098	7.024911880493164
7	355	were	3.4861769676208496	1.783785104751587	1.4375932216644287	1.359692931175232
7	356	that	6.1759209632873535	3.792973041534424	2.0186798572540283	2.3903231620788574
7	357	at	7.377882480621338	6.897153377532959	6.227814197540283	6.635748863220215
7	358	least	1.9146029949188232	1.0877609252929688	1.5413594245910645	0.7238458395004272
7	359	one	1.666990876197815	2.3090474605560303	1.549447774887085	1.9362694025039673
7	360	alien	12.039976119995117	9.002396583557129	8.375934600830078	8.463432312011719
7	361	craft	7.679637432098389	6.534548759460449	6.009951591491699	6.157397270202637
7	362	had	7.401676654815674	4.058846473693848	3.857398509979248	3.6851067543029785
7	363	crashed	10.01718521118164	9.2188138961792	3.2905843257904053	3.1047375202178955
7	364	in	1.6311291456222534	2.5025370121002197	2.0871777534484863	1.9048422574996948
7	365	the	0.8811151385307312	1.6610021591186523	1.4136918783187866	1.1039578914642334
7	366	Roswell	12.813752174377441	12.682172775268555	11.301939010620117	10.671812057495117
7	367	vicinity,	13.91998291015625	14.702902793884277	11.745830535888672	10.482597351074219
7	368	that	5.28274393081665	5.478896617889404	5.404562950134277	5.141000747680664
7	369	aliens,	15.619346618652344	14.864346504211426	11.767330169677734	11.34069538116455
7	370	some	5.46759033203125	5.699335098266602	5.3006720542907715	4.942681789398193
7	371	possibly	11.338443756103516	7.872008800506592	6.863277912139893	6.319522380828857
7	372	still	7.029417991638184	7.28495979309082	5.995523452758789	6.460491180419922
7	373	alive,	8.578702926635742	4.935266494750977	5.121931076049805	1.978811502456665
7	374	were	6.4572296142578125	6.2743659019470215	4.869284629821777	4.093942165374756
7	375	recovered,	10.92666244506836	9.306585311889648	10.206510543823242	8.98311710357666
7	376	and	1.9908534288406372	1.881360650062561	1.444651484489441	1.3567626476287842
7	377	that	4.721836090087891	3.6552581787109375	4.043887615203857	4.1441264152526855
7	378	a	4.63108491897583	4.823330879211426	4.380080223083496	3.7240707874298096
7	379	massive	6.023837566375732	7.294425964355469	6.872945785522461	6.493918418884277
7	380	cover-up	10.957691192626953	9.087309837341309	8.297295570373535	7.9089508056640625
7	381	of	1.2714309692382812	1.0626152753829956	1.1512268781661987	1.794397234916687
7	382	any	5.788036346435547	5.155111312866211	6.153870582580566	5.534404754638672
7	383	knowledge	7.141210556030273	8.496681213378906	4.774137020111084	4.557662010192871
7	384	of	0.2557368278503418	0.40527406334877014	1.0752151012420654	0.6654770970344543
7	385	the	0.8314511775970459	1.3229106664657593	1.167985439300537	1.2408366203308105
7	386	incident	8.629098892211914	8.401817321777344	8.712461471557617	6.341771125793457
7	387	was	2.3609344959259033	2.4727120399475098	2.705418348312378	3.2378878593444824
7	388	put	6.433828353881836	6.880114555358887	7.1871538162231445	7.473634719848633
7	389	in	3.1770873069763184	1.5812292098999023	2.5128860473632812	2.677119255065918
7	390	place.	8.69870376586914	3.9570152759552	5.389512062072754	5.469380855560303
7	391	Numerous	9.638708114624023	9.164956092834473	9.252007484436035	8.82756519317627
7	392	books,	8.739144325256348	8.01541519165039	8.977422714233398	9.150562286376953
7	393	articles,	5.514956951141357	2.9568300247192383	2.4014391899108887	2.16148042678833
7	394	television	7.917876720428467	6.962482452392578	6.243565559387207	6.4369611740112305
7	395	specials	11.58279800415039	4.229653835296631	4.406423091888428	4.2293291091918945
7	396	and	2.848857879638672	1.2790762186050415	0.19145053625106812	0.26596295833587646
7	397	even	6.102553367614746	6.116765975952148	4.639823913574219	3.8577966690063477
7	398	a	3.390920400619507	3.3368356227874756	2.110738515853882	2.0076675415039062
7	399	made-for-TV	14.398935317993164	12.92031192779541	11.825798034667969	11.925718307495117
7	400	movie	1.3587825298309326	1.3383820056915283	1.819823145866394	1.7920600175857544
7	401	brought	10.481375694274902	8.248713493347168	8.118095397949219	7.8944549560546875
7	402	the	3.3855631351470947	2.7885379791259766	2.327946186065674	2.4666693210601807
7	403	nineteen	14.229776382446289	12.00197982788086	12.630560874938965	13.129894256591797
7	404	forty-seven	12.338247299194336	10.403534889221191	11.568817138671875	9.9390287399292
7	405	incident	11.371771812438965	11.835850715637207	9.302841186523438	7.896209239959717
7	406	fame	16.012191772460938	15.5830717086792	13.379327774047852	14.022090911865234
7	407	and	1.8937335014343262	2.3755078315734863	2.5653421878814697	2.4085888862609863
7	408	notoriety,	14.526057243347168	5.574125289916992	4.891824722290039	6.98767614364624
7	409	so	4.83305549621582	4.573863983154297	4.743520736694336	4.944599151611328
7	410	that	2.5957741737365723	3.166963815689087	2.62691068649292	2.9793004989624023
7	411	by	7.934780120849609	6.203742980957031	4.914547443389893	4.807625770568848
7	412	the	1.1369578838348389	2.4077043533325195	1.3410221338272095	1.4401568174362183
7	413	mid	9.72402286529541	9.384323120117188	5.650759220123291	6.869832992553711
7	414	nineteen	13.155932426452637	8.070456504821777	7.291409015655518	6.9095964431762695
7	415	nineties,	12.537773132324219	3.2828710079193115	2.9815750122070312	3.2389442920684814
7	416	strong	10.378641128540039	10.301602363586426	10.459142684936523	10.408538818359375
7	417	majorities	12.092835426330566	7.170239448547363	6.785393714904785	7.24791955947876
7	418	in	2.223517894744873	1.6272293329238892	2.5624098777770996	2.546287775039673
7	419	polls,	14.533300399780273	9.46932601928711	8.196917533874512	11.375386238098145
7	420	such	5.906280040740967	5.543440341949463	5.832047939300537	5.264984130859375
7	421	as	0.24026373028755188	0.11724186688661575	0.2177107036113739	0.2361866533756256
7	422	a	1.4127646684646606	3.587324619293213	4.098365783691406	3.3474998474121094
7	423	nineteen	13.80404281616211	12.51161003112793	12.967397689819336	12.220312118530273
7	424	ninety-seven	14.336945533752441	11.822413444519043	11.818670272827148	11.424335479736328
7	425	CNN	12.03262996673584	12.10657024383545	11.260953903198242	12.077241897583008
7	426	Time	10.970786094665527	10.163602828979492	9.112698554992676	9.09832763671875
7	427	poll,	13.618538856506348	8.808773040771484	9.970024108886719	9.368328094482422
7	428	believed	9.262404441833496	9.529863357543945	9.872251510620117	9.980878829956055
7	429	that	0.6735943555831909	1.2753204107284546	1.3854707479476929	1.0888687372207642
7	430	aliens	11.805686950683594	9.206916809082031	10.293025016784668	10.396324157714844
7	431	had	4.999232292175293	3.517674446105957	1.9055677652359009	2.0917928218841553
7	432	visited	7.933809280395508	5.236194133758545	2.6927263736724854	1.5185723304748535
7	433	earth	10.380175590515137	9.573812484741211	4.2545552253723145	2.9557199478149414
7	434	and	1.627758264541626	2.1982340812683105	2.511624574661255	2.3410799503326416
7	435	specifically	10.243060111999512	9.146048545837402	10.081291198730469	9.856725692749023
7	436	that	3.4896557331085205	4.082777976989746	3.9576826095581055	4.343034744262695
7	437	aliens	11.805686950683594	10.525314331054688	10.590533256530762	9.50800895690918
7	438	had	4.999232292175293	3.517674446105957	3.565152168273926	3.4323625564575195
7	439	landed	9.476225852966309	4.025880336761475	3.205106735229492	3.898874044418335
7	440	at	3.4332733154296875	3.0752780437469482	3.3077564239501953	4.256294250488281
7	441	Roswell	11.973742485046387	7.371325969696045	7.267862796783447	5.044497489929199
7	442	and	2.836963653564453	1.810094952583313	2.173487663269043	1.8779780864715576
7	443	the	2.305114269256592	2.0735723972320557	2.627556085586548	3.4596874713897705
7	444	government	5.775530815124512	5.830056667327881	5.411954879760742	5.664863586425781
7	445	was	2.9026901721954346	4.103116989135742	4.038408279418945	3.4161436557769775
7	446	covering	9.406248092651367	8.73077392578125	8.156569480895996	8.309784889221191
7	447	up	4.537978172302246	3.6303539276123047	0.7420593500137329	0.4767206609249115
7	448	the	2.7810134887695312	1.6170525550842285	1.5594358444213867	1.0732531547546387
7	449	fact.	12.27700424194336	12.711774826049805	7.233308792114258	8.144004821777344
7	450	During	7.127807140350342	7.06367301940918	6.958535671234131	6.908491134643555
7	451	the	0.37362223863601685	0.8405272960662842	0.8447475433349609	0.8207235932350159
7	452	nineteen	14.229776382446289	9.32409381866455	8.594314575195312	8.980599403381348
7	453	eighties	13.358080863952637	4.221291542053223	3.817063808441162	3.6772570610046387
7	454	and	1.4506398439407349	1.4286870956420898	1.3522781133651733	1.3752751350402832
7	455	nineteen	13.388577461242676	12.012640953063965	5.336030006408691	4.932146072387695
7	456	nineties,	12.537773132324219	10.99288272857666	6.060481548309326	1.7541967630386353
7	457	a	3.9960544109344482	3.6929707527160645	4.019735336303711	4.074118614196777
7	458	new	3.9195961952209473	3.795527458190918	3.5573322772979736	4.362611770629883
7	459	narrative	8.906639099121094	7.838493824005127	7.316993236541748	7.362577438354492
7	460	emerged	10.826034545898438	7.808840274810791	7.10255765914917	2.4428327083587646
7	461	which	10.065680503845215	6.45964241027832	4.790680408477783	4.386856555938721
7	462	was	2.636728048324585	3.085766077041626	2.7136425971984863	2.54520320892334
7	463	at	5.695939540863037	5.325482368469238	5.999621868133545	6.117414474487305
7	464	strong	10.757891654968262	11.29254150390625	11.288541793823242	11.252307891845703
7	465	odds	10.537005424499512	4.63455867767334	2.5285415649414062	2.750575304031372
7	466	with	3.794675827026367	5.586966514587402	0.2720935344696045	0.0571274571120739
7	467	what	5.891932010650635	4.169869422912598	6.047283172607422	4.827986717224121
7	468	was	3.3811428546905518	3.481114625930786	3.607964277267456	3.8297507762908936
7	469	reported	6.146831512451172	6.3945817947387695	6.258540153503418	4.095260143280029
7	470	in	2.244076728820801	2.2261834144592285	1.9270439147949219	1.7592413425445557
7	471	nineteen	12.949675559997559	10.84495735168457	10.707137107849121	11.708073616027832
7	472	forty-seven.	13.64203929901123	11.113069534301758	12.168712615966797	11.114471435546875
7	473	This	3.8458304405212402	3.768662929534912	3.766634702682495	3.521719455718994
7	474	narrative	9.736685752868652	8.95356559753418	8.400196075439453	8.20230484008789
7	475	evolved	12.350263595581055	8.391985893249512	9.28529167175293	9.411895751953125
7	476	over	4.942413330078125	2.1164133548736572	2.0107014179229736	2.0844814777374268
7	477	the	0.5911417603492737	1.1013106107711792	0.9281548857688904	1.3709226846694946
7	478	years	9.076285362243652	3.4596428871154785	2.725829601287842	2.143627166748047
7	479	from	4.881002426147461	4.412267684936523	4.447549343109131	3.1049036979675293
7	480	the	0.7917162775993347	2.6156110763549805	2.238942861557007	2.049729824066162
7	481	time	5.91762638092041	5.307051181793213	2.0880608558654785	2.7136893272399902
7	482	the	4.3256988525390625	3.3600292205810547	2.6271910667419434	2.1393566131591797
7	483	first	3.885279655456543	5.422962188720703	4.840325355529785	3.9238555431365967
7	484	book	6.142116546630859	6.847424507141113	6.473252296447754	5.977633953094482
7	485	on	3.2867355346679688	2.9622111320495605	3.1418638229370117	4.237916946411133
7	486	Roswell	12.570199012756348	12.455101013183594	12.044048309326172	12.138626098632812
7	487	was	3.993877649307251	3.7848527431488037	2.8459854125976562	2.081334114074707
7	488	published	6.747939586639404	7.835623264312744	6.646108627319336	1.285264492034912
7	489	in	1.5017659664154053	0.7551217675209045	0.5213530659675598	0.49779030680656433
7	490	nineteen	12.949675559997559	10.452255249023438	9.630038261413574	9.714021682739258
7	491	eighty,	12.880228996276855	10.266633033752441	11.01436710357666	9.652494430541992
7	492	as	5.240267276763916	4.720189571380615	4.588130950927734	4.69679069519043
7	493	many	4.745829105377197	4.04437255859375	5.2204508781433105	5.063242435455322
7	494	new	6.123509407043457	5.897029399871826	7.3500165939331055	6.68420934677124
7	495	witnesses	9.963693618774414	9.067628860473633	8.578876495361328	8.336224555969238
7	496	and	3.187472343444824	2.563783645629883	2.4939382076263428	2.8014609813690186
7	497	accounts	9.973832130432129	7.552083969116211	6.550638198852539	5.936063289642334
7	498	emerged,	14.371559143066406	13.892683982849121	11.160154342651367	10.165702819824219
7	499	drawn	9.95245361328125	9.309062957763672	9.170536041259766	8.837703704833984
7	500	out	2.4330074787139893	4.480894565582275	4.652052879333496	5.021498680114746
7	501	in	3.5043840408325195	2.2914392948150635	2.555990695953369	2.42425537109375
7	502	part	7.263926029205322	7.424472808837891	6.50296688079834	4.909678936004639
7	503	by	8.299541473388672	2.050431251525879	1.9753026962280273	1.2894237041473389
7	504	the	1.1369578838348389	2.3667054176330566	2.0450711250305176	1.858820915222168
7	505	publicity	11.013577461242676	10.576936721801758	9.826918601989746	8.529634475708008
7	506	on	3.3440306186676025	4.719110488891602	5.311341762542725	5.394107818603516
7	507	the	0.8019846081733704	1.5577609539031982	1.4756265878677368	1.2802845239639282
7	508	incident.	10.3883056640625	10.561784744262695	9.335084915161133	8.790788650512695
7	509	Of	6.7415080070495605	6.9897589683532715	7.161203384399414	6.767852783203125
7	510	the	1.09697425365448	1.5073416233062744	1.5866892337799072	1.562988042831421
7	511	hundreds	10.424111366271973	5.795987129211426	5.9537200927734375	6.129977226257324
7	512	of	0.01429959386587143	0.1985798180103302	0.09049083292484283	0.1186990961432457
7	513	witnesses	10.468021392822266	7.7760539054870605	7.842514991760254	7.201050281524658
7	514	that	3.095548629760742	3.670502185821533	4.152085304260254	3.1002988815307617
7	515	the	2.4105913639068604	2.2122325897216797	2.648015022277832	3.094357967376709
7	516	various	7.970066547393799	7.867384910583496	8.50388240814209	8.429489135742188
7	517	researchers	8.07618236541748	8.284210205078125	7.4124040603637695	7.860459804534912
7	518	interviewed,	9.143335342407227	10.351733207702637	8.198326110839844	9.604768753051758
7	519	a	4.264901161193848	4.262580871582031	4.523900032043457	4.3769636154174805
7	520	seemingly	9.967562675476074	8.072887420654297	7.857100486755371	7.883939743041992
7	521	impressive	6.274072170257568	8.027660369873047	7.8258256912231445	7.326712131500244
7	522	figure,	8.48554801940918	7.625274658203125	6.828710556030273	5.660821437835693
7	523	a	4.079420566558838	3.7942075729370117	4.130037307739258	3.656527280807495
7	524	comparable	9.929317474365234	9.159819602966309	10.024763107299805	9.451847076416016
7	525	few	12.986902236938477	8.779886245727539	8.59389877319336	8.300981521606445
7	526	were	7.188116073608398	5.697977066040039	6.913325309753418	5.250875473022461
7	527	true	8.594785690307617	7.796975135803223	7.868366718292236	8.838491439819336
7	528	'witnesses'	17.443586349487305	15.798486709594727	15.101851463317871	15.033696174621582
7	529	who	3.0888218879699707	2.9785993099212646	2.916557788848877	2.9059152603149414
7	530	claimed	6.338709831237793	4.599689483642578	4.63350248336792	4.794375896453857
7	531	to	1.4613778591156006	1.0560269355773926	0.8525514602661133	0.7412824034690857
7	532	have	4.363180160522461	1.036358118057251	0.9558128118515015	0.2747150659561157
7	533	actually	7.185323715209961	7.466797828674316	7.15756893157959	7.1819634437561035
7	534	seen	5.800753116607666	3.652404308319092	3.7413601875305176	3.5020620822906494
7	535	debris	14.337821960449219	12.072944641113281	11.631414413452148	11.903188705444336
7	536	or	5.039769172668457	4.892446994781494	4.080768585205078	4.042226314544678
7	537	aliens.	13.6798677444458	12.902503967285156	12.052899360656738	11.541301727294922
7	538	Most	5.9436187744140625	5.886953353881836	5.66934871673584	5.765537261962891
7	539	of	0.6164974570274353	0.97588050365448	1.359425663948059	1.3342137336730957
7	540	these	5.6566162109375	2.2333054542541504	2.03153133392334	1.8900048732757568
7	541	so-called	8.213404655456543	7.134097099304199	8.269854545593262	7.8958210945129395
7	542	witnesses	11.312588691711426	9.519311904907227	9.338616371154785	8.576836585998535
7	543	were	2.319596290588379	3.068969488143921	2.751744270324707	2.797374963760376
7	544	repeating	10.522602081298828	10.747540473937988	9.809666633605957	9.992290496826172
7	545	the	0.9685818552970886	1.453537106513977	1.3000067472457886	1.6031062602996826
7	546	claims	10.23726749420166	8.028818130493164	7.067225456237793	5.68233585357666
7	547	of	2.8103508949279785	1.106456995010376	0.9251158237457275	1.077053189277649
7	548	others,	9.345355987548828	9.691228866577148	6.455574035644531	5.562854766845703
7	549	and	2.560853958129883	2.256871223449707	2.2683393955230713	2.169769287109375
7	550	their	5.445694923400879	4.511201858520508	4.688329696655273	4.455667495727539
7	551	testimony	9.204459190368652	8.182367324829102	7.268346786499023	7.122953414916992
7	552	would	5.627153396606445	4.741920471191406	4.375034809112549	4.360869884490967
7	553	be	1.0127809047698975	1.3458062410354614	1.123960256576538	1.092704176902771
7	554	inadmissible	14.595166206359863	12.985648155212402	7.917428970336914	6.9569902420043945
7	555	hearsay	6.161273002624512	7.728348731994629	8.3607177734375	9.025644302368164
7	556	in	4.136605739593506	3.5101191997528076	3.0532307624816895	3.0536441802978516
7	557	an	4.259646892547607	4.041055679321289	3.472482919692993	3.554807186126709
7	558	American	5.033388137817383	6.040375709533691	5.262664794921875	5.469339370727539
7	559	court.	11.990278244018555	9.616209030151367	6.139348983764648	4.505577087402344
7	560	As	4.614545822143555	4.473126411437988	4.479233741760254	4.488112449645996
7	561	for	6.445432662963867	3.3451590538024902	3.205756902694702	3.2028796672821045
7	562	the	1.2972720861434937	1.3409717082977295	1.1818859577178955	1.0640108585357666
7	563	several	10.656702995300293	9.50089168548584	9.336159706115723	9.06611156463623
7	564	accounts	7.403597354888916	6.650485515594482	7.3790130615234375	6.642571449279785
7	565	from	3.849780559539795	3.8910913467407227	4.665785312652588	4.87236213684082
7	566	those	6.078700542449951	4.987038612365723	4.795433044433594	5.044297695159912
7	567	who	1.306035041809082	1.6025176048278809	1.263442873954773	1.2266054153442383
7	568	claimed	6.338710308074951	7.194518089294434	6.66337776184082	5.415939807891846
7	569	to	1.461377739906311	1.0560269355773926	1.1804002523422241	1.2746412754058838
7	570	have	4.363181114196777	1.0363579988479614	0.9558128118515015	1.4179706573486328
7	571	seen	4.643064498901367	5.34595251083374	3.9189014434814453	2.724242687225342
7	572	aliens,	15.848079681396484	12.710281372070312	12.070711135864258	10.138422966003418
7	573	critics	11.064525604248047	11.014387130737305	11.6682767868042	11.784795761108398
7	574	identified	8.307184219360352	9.296865463256836	9.349882125854492	10.494452476501465
7	575	a	3.434049129486084	3.139833688735962	2.89013934135437	2.9377450942993164
7	576	variety	6.016031742095947	6.3340253829956055	4.524346828460693	4.687558650970459
7	577	of	0.013810459524393082	0.04027659446001053	0.0036230699624866247	0.0016817653086036444
7	578	problems	9.907234191894531	6.451352596282959	6.528725624084473	3.989893913269043
7	579	with	2.217927932739258	1.8954622745513916	2.7623543739318848	2.7595138549804688
7	580	them.	6.249013900756836	6.213877201080322	7.267685890197754	6.520862579345703
7	581	These	4.9784255027771	5.004225254058838	4.694023132324219	4.687435626983643
7	582	problems	5.865513801574707	6.257555961608887	6.358339309692383	3.6713781356811523
7	583	ranged	13.069775581359863	8.653715133666992	8.681050300598145	8.47000789642334
7	584	from	2.0949456691741943	0.11892960965633392	0.10105501860380173	0.09170842915773392
7	585	the	0.7917162775993347	2.8367245197296143	2.727550983428955	2.442403793334961
7	586	reliability	11.542496681213379	11.982566833496094	11.574685096740723	11.250662803649902
7	587	of	0.9621881246566772	0.23362579941749573	0.41511210799217224	0.30269965529441833
7	588	second-hand	13.124750137329102	11.998785018920898	11.166155815124512	10.715493202209473
7	589	accounts,	6.482741355895996	7.469749450683594	8.324137687683105	7.01789665222168
7	590	to	4.986871719360352	5.437541961669922	5.440916061401367	5.3862504959106445
7	591	serious	11.340902328491211	10.824872970581055	10.22195816040039	9.568689346313477
7	592	credibility	9.540786743164062	10.139364242553711	9.483186721801758	8.744844436645508
7	593	problems	10.277188301086426	4.915306091308594	3.2899746894836426	2.744460344314575
7	594	with	2.217927932739258	2.1224660873413086	1.781907081604004	1.7490869760513306
7	595	witnesses	10.507795333862305	11.720104217529297	10.498651504516602	9.250570297241211
7	596	making	9.883553504943848	7.336767196655273	5.994318962097168	6.690711975097656
7	597	demonstrably	15.272047996520996	10.195867538452148	9.735235214233398	9.645378112792969
7	598	false	4.271002769470215	0.7657358050346375	0.4590592384338379	0.3664107620716095
7	599	or	4.701223373413086	3.4115281105041504	4.188354969024658	3.6286864280700684
7	600	internally-inconsistent	28.884563446044922	27.24285125732422	26.370569229125977	24.612844467163086
7	601	claims,	9.353460311889648	9.719215393066406	8.530224800109863	5.992478370666504
7	602	to	5.02191686630249	4.831862449645996	4.558897972106934	4.6079535484313965
7	603	dubious	13.43628215789795	11.105854034423828	8.464332580566406	10.575048446655273
7	604	death-bed	14.5361909866333	18.517364501953125	19.626785278320312	18.201480865478516
7	605	'confessions'	17.15395164489746	18.269420623779297	14.959081649780273	13.35678482055664
7	606	or	3.6487560272216797	5.2656707763671875	5.525581359863281	4.821544647216797
7	607	accounts	10.768705368041992	7.96587610244751	6.340640544891357	6.283697605133057
7	608	from	3.849780559539795	4.372802734375	4.726913928985596	3.1266837120056152
7	609	elderly	11.084709167480469	9.66894245147705	9.713156700134277	9.116711616516113
7	610	or	5.7868428230285645	4.489746570587158	4.835560321807861	3.357008934020996
7	611	easily	8.83648681640625	8.08558177947998	8.93389892578125	9.238495826721191
7	612	confused	9.022073745727539	6.422731399536133	4.674475193023682	4.041836261749268
7	613	witnesses.	16.01885414123535	15.008243560791016	14.023286819458008	10.349123001098633
7	614	A	3.9812309741973877	4.0022711753845215	4.031338691711426	3.9391982555389404
7	615	basic	8.193326950073242	8.259777069091797	8.274072647094727	7.714231491088867
7	616	problem	6.222140789031982	5.684010028839111	5.069275856018066	4.841476917266846
7	617	with	1.8482557535171509	1.6770869493484497	1.1074280738830566	1.0686612129211426
7	618	all	4.42686128616333	4.668283939361572	4.7711944580078125	4.684436321258545
7	619	the	1.5743985176086426	1.3146131038665771	2.5006191730499268	2.685457706451416
7	620	witness	9.497636795043945	11.498717308044434	11.868208885192871	11.702251434326172
7	621	accounts,	10.210142135620117	8.188167572021484	4.573221206665039	4.253256797790527
7	622	according	5.0708417892456055	5.063026428222656	5.041764736175537	5.963981628417969
7	623	to	0.0024595255963504314	0.0026952987536787987	0.0027969428338110447	0.002564462134614587
7	624	the	2.496473789215088	1.4084597826004028	1.2912629842758179	1.3663740158081055
7	625	critics,	12.476015090942383	11.375337600708008	11.012231826782227	11.950108528137207
7	626	is	5.261847972869873	4.7733683586120605	4.925316333770752	2.4546523094177246
7	627	that	4.090425968170166	1.3205583095550537	1.4379106760025024	1.2989503145217896
7	628	they	3.2487854957580566	3.111210584640503	3.1148226261138916	2.6466236114501953
7	629	all	7.391864776611328	5.809669017791748	4.4486823081970215	5.7113118171691895
7	630	came	8.949065208435059	4.204009056091309	4.581315994262695	4.780521392822266
7	631	a	6.1228742599487305	6.179883003234863	6.693621635437012	7.010892391204834
7	632	minimum	7.19317102432251	8.47287654876709	9.25892162322998	9.409197807312012
7	633	of	2.1427526473999023	0.5110150575637817	0.3714572489261627	0.22135195136070251
7	634	thirty-one	14.48297119140625	10.54544448852539	10.814470291137695	10.590770721435547
7	635	years	2.78291916847229	2.59255051612854	2.6040096282958984	3.1325154304504395
7	636	after	3.097627639770508	3.098647117614746	4.975769519805908	4.057562351226807
7	637	the	1.2123668193817139	1.0261991024017334	1.214003562927246	1.0153446197509766
7	638	events	8.55345630645752	5.874385833740234	4.441657066345215	4.51824426651001
7	639	in	1.8441921472549438	2.5823731422424316	2.565145969390869	2.705894947052002
7	640	question,	10.641008377075195	8.888382911682129	6.101291656494141	7.889394760131836
7	641	and	2.9898855686187744	2.498789072036743	2.3464815616607666	2.199864387512207
7	642	in	5.485193252563477	4.66611385345459	4.322165489196777	4.274440765380859
7	643	many	6.7470784187316895	3.8766531944274902	4.119717121124268	4.173709869384766
7	644	cases	5.299111843109131	2.2005789279937744	1.1101040840148926	1.1098428964614868
7	645	were	3.714812755584717	4.38646125793457	4.618461608886719	4.651546001434326
7	646	recounted	12.135074615478516	9.312222480773926	9.955422401428223	11.216989517211914
7	647	more	6.101048469543457	6.275907516479492	6.194526195526123	6.072859287261963
7	648	than	0.6190573573112488	2.1659328937530518	0.9888659715652466	0.8093369007110596
7	649	forty	8.256438255310059	6.827930927276611	6.215484619140625	6.560264587402344
7	650	years	0.8063626289367676	1.16934072971344	1.0150222778320312	0.5150272846221924
7	651	after	3.097627639770508	2.781733274459839	3.078444242477417	3.1126487255096436
7	652	the	1.2123668193817139	1.026199221611023	1.0999782085418701	1.048071265220642
7	653	fact.	12.27700424194336	5.75362491607666	5.9984307289123535	5.83554744720459
7	654	Not	5.568248271942139	5.676260948181152	5.632706165313721	5.879090309143066
7	655	only	2.5243732929229736	1.3945029973983765	1.3657124042510986	1.5687086582183838
7	656	are	6.231950759887695	2.3098948001861572	2.4465606212615967	2.4664785861968994
7	657	memories	12.378994941711426	9.708503723144531	9.788280487060547	9.790532112121582
7	658	this	8.48983097076416	8.003541946411133	7.699937343597412	8.075910568237305
7	659	old	9.08051872253418	7.321998596191406	6.426462173461914	6.039291858673096
7	660	of	5.593133926391602	7.063269138336182	6.893601417541504	5.856180191040039
7	661	dubious	11.602779388427734	11.041727066040039	9.066167831420898	10.172589302062988
7	662	reliability,	12.927253723144531	6.2821502685546875	5.910887718200684	6.698362350463867
7	663	they	5.386620998382568	4.617658615112305	5.036961555480957	5.265986442565918
7	664	were	2.3084557056427	3.1166558265686035	2.6638247966766357	2.510715961456299
7	665	also	4.5113372802734375	5.077361583709717	3.407480001449585	3.5234906673431396
7	666	subject	8.42688274383545	7.2953081130981445	6.781818389892578	6.230339527130127
7	667	to	0.2733564078807831	0.046604275703430176	0.023403102532029152	0.018417637795209885
7	668	contamination	14.783357620239258	10.30253791809082	9.566880226135254	8.107001304626465
7	669	from	2.934798240661621	2.719196319580078	2.402974843978882	2.4065070152282715
7	670	other	5.637106895446777	5.032957553863525	3.8965680599212646	2.783294677734375
7	671	accounts	7.507292747497559	7.4859209060668945	10.209932327270508	10.45334529876709
7	672	the	6.782430648803711	5.63243293762207	5.3605055809021	6.070326805114746
7	673	witnesses	10.701215744018555	9.931846618652344	8.525089263916016	8.416149139404297
7	674	may	6.080609321594238	5.583393573760986	5.264936923980713	5.106667518615723
7	675	have	2.33467435836792	1.6986101865768433	1.7339814901351929	0.6181243658065796
7	676	been	1.031057357788086	1.6354353427886963	1.4335826635360718	1.2265866994857788
7	677	exposed	5.832239151000977	6.172084808349609	6.408596992492676	5.508712291717529
7	678	to.	7.133916854858398	5.280857086181641	4.2608795166015625	5.881589889526367
7	679	Though	6.8402099609375	6.798575401306152	6.790701389312744	6.830246925354004
7	680	there	2.99967098236084	3.610529661178589	3.675870895385742	3.5318329334259033
7	681	had	5.529306411743164	5.763154983520508	5.65855073928833	5.921029567718506
7	682	always	5.962987422943115	4.579322814941406	4.461145877838135	3.9868907928466797
7	683	been	2.8940629959106445	1.1745587587356567	0.13869789242744446	0.03337429091334343
7	684	skeptics	15.748710632324219	12.73901081085205	12.4907808303833	10.45803165435791
7	685	who	3.0265755653381348	2.539247751235962	3.4041426181793213	3.3435232639312744
7	686	had	2.561211347579956	5.1072492599487305	3.655846357345581	3.717182159423828
7	687	many	6.740279674530029	7.630827903747559	8.105074882507324	7.463314056396484
7	688	objections	9.848821640014648	7.371397018432617	7.137112617492676	4.8384575843811035
7	689	to	0.8379223942756653	0.9790128469467163	0.4635317325592041	0.27190274000167847
7	690	the	2.496473789215088	1.353319525718689	1.4333751201629639	1.1158173084259033
7	691	plausibility	14.320892333984375	12.922075271606445	10.16026496887207	10.52358341217041
7	692	of	0.6837142705917358	0.13190288841724396	0.14730115234851837	0.09425359964370728
7	693	these	5.6566162109375	3.7824299335479736	3.682706356048584	3.678203821182251
7	694	accounts,	8.629216194152832	8.722043991088867	7.317920684814453	6.756984710693359
7	695	it	4.329546928405762	3.7558176517486572	3.7421672344207764	3.5455431938171387
7	696	was	1.676328420639038	2.5254287719726562	2.5703279972076416	2.60758376121521
7	697	not	3.1249823570251465	3.5133678913116455	3.2005064487457275	3.043715238571167
7	698	until	8.522720336914062	5.47456169128418	3.579683780670166	3.153542995452881
7	699	the	1.3507856130599976	1.801548719406128	1.9972307682037354	1.961374044418335
7	700	mid	9.72402286529541	8.165140151977539	5.747485637664795	4.883646488189697
7	701	nineteen	13.155932426452637	8.070456504821777	7.104588985443115	6.5430402755737305
7	702	nineties	12.664780616760254	3.571662425994873	3.087904930114746	3.2378690242767334
7	703	that	3.6036503314971924	3.8988280296325684	3.8151466846466064	4.109519958496094
7	704	a	4.63108491897583	4.593152046203613	4.007956504821777	3.820505380630493
7	705	strong	5.512681007385254	6.6002302169799805	6.4631500244140625	6.597702503204346
7	706	counter-argument	12.600984573364258	11.510878562927246	10.71630859375	11.47913932800293
7	707	to	1.5308879613876343	0.7859457731246948	0.6782292127609253	1.731303334236145
7	708	the	2.496473789215088	1.4001612663269043	1.2561763525009155	1.086090087890625
7	709	presence	7.2509050369262695	8.118396759033203	7.908698558807373	7.929349422454834
7	710	of	0.15120773017406464	0.09171269088983536	0.08439962565898895	0.06869512796401978
7	711	aliens	11.61672306060791	8.228876113891602	7.308963775634766	7.242042064666748
7	712	was	5.954477310180664	4.506695747375488	4.2771100997924805	4.0099897384643555
7	713	widely	7.629052639007568	8.399397850036621	7.093765735626221	5.572717666625977
7	714	publicized.	8.78847885131836	6.624227523803711	6.323485851287842	5.375476360321045
7	715	The	2.3229973316192627	2.2146353721618652	2.154451608657837	2.0501186847686768
7	716	General	8.197603225708008	8.662460327148438	8.717986106872559	8.211286544799805
7	717	Accounting	9.991116523742676	4.84385871887207	2.8354547023773193	2.379020929336548
7	718	Office	4.144897937774658	0.4145515263080597	0.12790165841579437	0.15321756899356842
7	719	launched	8.65388011932373	8.710431098937988	8.533625602722168	8.207035064697266
7	720	an	2.9542484283447266	1.9979227781295776	2.170992374420166	0.7936897277832031
7	721	inquiry	8.1473970413208	4.124893665313721	3.1272099018096924	3.197845458984375
7	722	and	2.7215209007263184	3.5207695960998535	3.6081504821777344	3.664257764816284
7	723	directed	9.565022468566895	8.395569801330566	7.386178970336914	7.374736785888672
7	724	the	3.51304292678833	2.728728771209717	1.7861894369125366	1.7426693439483643
7	725	Office	9.167266845703125	7.794320106506348	8.147255897521973	5.4487624168396
7	726	of	0.6600468754768372	0.11756661534309387	0.10131443291902542	0.0891164243221283
7	727	the	0.8314511775970459	1.4947727918624878	1.3605378866195679	1.804740309715271
7	728	Secretary	9.592916488647461	9.813436508178711	2.5941121578216553	2.9172868728637695
7	729	of	0.3471066355705261	0.6048793196678162	0.3471198081970215	0.17270013689994812
7	730	the	0.8314511775970459	2.954202651977539	2.1292107105255127	1.9424172639846802
7	731	Air	8.438817024230957	8.077116966247559	3.5319571495056152	3.233128309249878
7	732	Force	0.4618883728981018	0.517180323600769	0.7407863736152649	0.5684398412704468
7	733	to	3.9935567378997803	4.430405616760254	3.7214207649230957	3.3660576343536377
7	734	conduct	7.359991073608398	5.135726451873779	3.981128692626953	4.0880632400512695
7	735	an	3.918393611907959	2.7669272422790527	2.8696494102478027	2.9070401191711426
7	736	internal	6.070269584655762	4.9347734451293945	3.835570812225342	3.267360210418701
7	737	investigation.	7.773031234741211	6.046573638916016	3.0690090656280518	3.2093043327331543
7	738	The	2.09195613861084	2.0746402740478516	2.0481960773468018	2.0244133472442627
7	739	result	6.214793682098389	6.395682334899902	6.402193546295166	6.740671157836914
7	740	was	4.740117073059082	1.550900936126709	1.483301043510437	1.6845903396606445
7	741	summarized	12.190099716186523	9.914310455322266	11.195138931274414	9.32157039642334
7	742	in	1.7020986080169678	1.180586814880371	0.815470814704895	0.8275327682495117
7	743	two	6.119116306304932	6.526358604431152	4.826455116271973	4.753046989440918
7	744	reports.	11.301734924316406	10.32136058807373	7.160667419433594	6.830994606018066
7	745	The	2.101325035095215	1.915535569190979	1.785069227218628	1.516845703125
7	746	first,	8.311847686767578	9.347610473632812	3.5514018535614014	2.6769158840179443
7	747	released	9.690694808959961	7.355190277099609	4.935571193695068	3.041431427001953
7	748	in	2.1630449295043945	1.47783625125885	0.45723384618759155	1.0409847497940063
7	749	nineteen	12.949675559997559	10.292724609375	10.181816101074219	10.607890129089355
7	750	ninety-five,	15.324435234069824	10.067024230957031	9.087661743164062	6.275149345397949
7	751	concluded	10.523229598999023	8.934714317321777	9.540151596069336	9.852900505065918
7	752	that	0.31598007678985596	0.8808900117874146	0.9532932639122009	0.9044334888458252
7	753	the	2.4105913639068604	1.4850690364837646	1.3376740217208862	1.2539961338043213
7	754	reported	10.389700889587402	9.096394538879395	8.165172576904297	8.524385452270508
7	755	recovered	11.966300964355469	10.642623901367188	10.673532485961914	10.897869110107422
7	756	material	10.175762176513672	5.700613498687744	4.316378593444824	3.3775453567504883
7	757	in	3.017345666885376	3.2615749835968018	2.9124984741210938	3.1502785682678223
7	758	nineteen	12.949675559997559	12.845439910888672	11.336709022521973	10.734513282775879
7	759	forty-seven	12.338247299194336	10.087886810302734	10.82735824584961	11.329419136047363
7	760	was	6.583385944366455	4.226912498474121	3.435177803039551	3.3209915161132812
7	761	likely	5.95883846282959	7.4326348304748535	8.14397144317627	8.040661811828613
7	762	debris	16.65218162536621	13.508197784423828	13.32026481628418	14.167183876037598
7	763	from	2.0089664459228516	1.188657522201538	0.6202160120010376	0.523919403553009
7	764	a	2.6111865043640137	2.8496148586273193	2.1621382236480713	1.6077165603637695
7	765	secret	6.744370460510254	7.934767246246338	8.35972785949707	8.232864379882812
7	766	government	5.585287094116211	5.167798042297363	4.134718894958496	4.145421028137207
7	767	program	6.994389533996582	4.393984794616699	3.20632266998291	2.9743549823760986
7	768	called	6.878133773803711	4.754020690917969	2.713407039642334	3.0152392387390137
7	769	Project	8.878240585327148	4.80436897277832	5.607705116271973	2.9716618061065674
7	770	Mogul,	12.592273712158203	9.261076927185059	9.665465354919434	11.574857711791992
7	771	which	4.9357075691223145	2.9703009128570557	1.876525640487671	1.0971601009368896
7	772	involved	9.331816673278809	7.5552520751953125	7.959771156311035	6.04573917388916
7	773	high	12.900074005126953	7.610925674438477	7.952198028564453	8.607301712036133
7	774	altitude	6.219898223876953	5.946943283081055	5.916339874267578	6.111215591430664
7	775	balloons	13.622574806213379	6.75670051574707	5.990229606628418	5.553479194641113
7	776	meant	9.081774711608887	7.353273868560791	7.036440849304199	7.333407878875732
7	777	to	0.4509285092353821	0.6052253246307373	0.701860785484314	0.40236857533454895
7	778	detect	8.024683952331543	8.180066108703613	6.88871431350708	4.861819267272949
7	779	sound	9.409631729125977	8.618341445922852	8.566157341003418	7.348304271697998
7	780	waves	9.502370834350586	2.9505507946014404	2.595888137817383	2.3971762657165527
7	781	generated	10.195427894592285	5.288452625274658	5.079067707061768	4.62298583984375
7	782	by	0.5812620520591736	0.6421629190444946	0.27407509088516235	0.2771814465522766
7	783	Soviet	9.784598350524902	10.362908363342285	10.286441802978516	11.220108032226562
7	784	atomic	9.714075088500977	7.97935152053833	5.594006538391113	4.767333984375
7	785	bomb	4.055302619934082	1.5734775066375732	2.1287007331848145	2.2197511196136475
7	786	tests	8.307196617126465	4.059808254241943	2.436126232147217	1.7784836292266846
7	787	and	2.2876858711242676	2.253909111022949	2.119063377380371	2.1646728515625
7	788	ballistic	12.086021423339844	11.538267135620117	5.058226108551025	5.569254398345947
7	789	missiles.	4.707769393920898	3.416383981704712	6.490399360656738	3.365356206893921
7	790	The	2.0157716274261475	1.9368420839309692	1.96018648147583	2.014004945755005
7	791	second	5.061994552612305	5.40200138092041	5.649601459503174	5.877889633178711
7	792	report,	9.420450210571289	8.31033706665039	7.380440711975098	7.182284832000732
7	793	released	5.166672706604004	3.3556718826293945	2.665475368499756	2.6489603519439697
7	794	two	6.953544616699219	6.150835037231445	5.686508655548096	5.405908584594727
7	795	years	2.040127754211426	2.989276885986328	2.2822425365448	2.430643081665039
7	796	later,	4.781899452209473	3.777447462081909	3.821479082107544	3.3107874393463135
7	797	in	3.7406840324401855	3.217103958129883	3.2522122859954834	3.0139381885528564
7	798	nineteen	12.949675559997559	10.966754913330078	11.554793357849121	11.372654914855957
7	799	ninety-seven,	15.589735984802246	10.488729476928711	5.708576202392578	5.110572814941406
7	800	concluded	9.837348937988281	8.813652992248535	9.437017440795898	10.05434799194336
7	801	that	0.3159799575805664	0.8923230171203613	0.9695295095443726	0.9042582511901855
7	802	reports	9.519512176513672	9.53746223449707	10.229426383972168	10.344712257385254
7	803	of	1.4769240617752075	2.1260204315185547	0.5487208962440491	0.4537413716316223
7	804	recovered	14.341553688049316	10.382614135742188	10.382073402404785	10.171640396118164
7	805	alien	13.735898971557617	5.901707172393799	5.442554473876953	5.279269695281982
7	806	bodies	7.144106864929199	3.5491786003112793	2.04184627532959	1.5140067338943481
7	807	were	3.117854356765747	4.120368957519531	2.9107141494750977	3.746608257293701
7	808	likely	5.863225936889648	6.864729881286621	5.77933406829834	6.684506416320801
7	809	a	6.260951995849609	4.45724630355835	5.27275276184082	4.725566387176514
7	810	combination	6.673250675201416	6.12794303894043	4.5684123039245605	3.990156888961792
7	811	of	0.13653121888637543	0.08915401995182037	0.05730080232024193	0.028943270444869995
7	812	innocently	17.554271697998047	14.649177551269531	14.620420455932617	15.66850471496582
7	813	transformed	9.424376487731934	11.652948379516602	10.066946983337402	10.497552871704102
7	814	memories	12.969810485839844	10.42978572845459	8.257254600524902	7.555942058563232
7	815	of	0.423337459564209	1.3428192138671875	1.5627834796905518	1.8607436418533325
7	816	military	7.9496941566467285	8.71660041809082	8.524526596069336	8.238346099853516
7	817	accidents	11.814997673034668	9.77941608428955	7.3536601066589355	7.773125648498535
7	818	involving	6.189015865325928	3.198129653930664	3.0186820030212402	4.153095245361328
7	819	injured	10.562252044677734	6.358181476593018	6.561018943786621	6.443665981292725
7	820	or	4.558659553527832	4.31166934967041	1.9276844263076782	1.985682487487793
7	821	killed	8.968900680541992	1.774153709411621	2.627659320831299	1.1378346681594849
7	822	personnel,	15.501276016235352	11.923873901367188	11.2765474319458	7.387636184692383
7	823	innocently	14.454580307006836	17.36964988708496	16.180233001708984	16.092023849487305
7	824	transformed	9.424376487731934	10.580710411071777	11.472275733947754	11.121286392211914
7	825	memories	12.969810485839844	10.42978572845459	10.587827682495117	9.581618309020996
7	826	of	0.423337459564209	1.3428194522857666	1.5627834796905518	1.4568554162979126
7	827	the	0.8314511775970459	1.7772464752197266	1.7868242263793945	2.002713918685913
7	828	recovery	9.449583053588867	9.689040184020996	9.787273406982422	10.030023574829102
7	829	of	1.0315077304840088	0.9565780162811279	1.7345540523529053	1.085017204284668
7	830	anthropomorphic	14.353018760681152	14.277680397033691	13.654058456420898	13.942886352539062
7	831	dummies	10.728343963623047	10.382850646972656	12.202535629272461	11.871790885925293
7	832	in	2.8610711097717285	2.678684711456299	2.572646141052246	2.3279943466186523
7	833	military	9.207917213439941	8.893671989440918	8.884018898010254	8.568770408630371
7	834	programs	6.513851642608643	8.107438087463379	7.439149379730225	8.230806350708008
7	835	US	14.722151756286621	9.476028442382812	10.332133293151855	10.992936134338379
7	836	conducted	11.329390525817871	8.997906684875488	7.111274719238281	7.465982437133789
7	837	in	2.0155482292175293	5.567205429077148	1.011747121810913	0.8765121698379517
7	838	the	0.8811151385307312	1.8077681064605713	1.948089838027954	2.0574610233306885
7	839	nineteen	14.229776382446289	12.03654956817627	10.51325798034668	9.78708553314209
7	840	fifties,	14.492295265197754	4.697618007659912	3.6095879077911377	4.178457260131836
7	841	and	2.0075318813323975	2.1350109577178955	2.355714797973633	2.2121808528900146
7	842	hoaxes	13.869706153869629	15.22176742553711	15.43096923828125	15.155474662780762
7	843	that	2.4579858779907227	2.7224671840667725	2.9366438388824463	3.4726123809814453
7	844	various	9.33901596069336	9.378401756286621	9.047367095947266	9.842794418334961
7	845	witnesses	8.702471733093262	9.253381729125977	7.1600189208984375	7.432716369628906
7	846	and	3.187472343444824	2.661555767059326	3.2545344829559326	3.1948118209838867
7	847	UFO	12.667031288146973	10.523341178894043	11.554553985595703	11.068323135375977
7	848	proponents	13.0551176071167	6.827825546264648	6.284539222717285	6.2965168952941895
7	849	perpetrated.	19.694419860839844	16.732473373413086	16.522153854370117	16.855445861816406
7	850	The	2.2974460124969482	2.3225460052490234	2.2788496017456055	2.2621943950653076
7	851	psychological	10.423373222351074	8.517377853393555	8.288537979125977	7.93635368347168
7	852	effects	3.085118532180786	2.1531732082366943	2.106218099594116	2.382586717605591
7	853	of	0.3401520252227783	0.5593745112419128	0.19642360508441925	0.3609425127506256
7	854	time	7.077810287475586	7.271072864532471	7.993219375610352	6.902747631072998
7	855	compression	14.174847602844238	11.782881736755371	6.994093894958496	7.2930588722229
7	856	and	1.7840114831924438	2.565608263015747	2.347291946411133	2.1785542964935303
7	857	confusion	11.127728462219238	9.347753524780273	11.53856086730957	10.658365249633789
7	858	about	3.6627726554870605	2.660759449005127	2.7277653217315674	2.5368175506591797
7	859	when	7.4180521965026855	5.6672210693359375	5.906904220581055	5.7287373542785645
7	860	events	11.018476486206055	8.380691528320312	7.314262390136719	7.174810409545898
7	861	occurred	7.718964099884033	4.240980625152588	4.083093643188477	3.356719493865967
7	862	explained	14.683281898498535	11.726316452026367	12.606942176818848	12.03250503540039
7	863	the	2.6725172996520996	3.786510467529297	2.4953856468200684	2.575624704360962
7	864	discrepancy	11.68514347076416	6.528092384338379	5.56667423248291	5.653581142425537
7	865	with	3.349363088607788	4.198732376098633	2.6388449668884277	3.1660561561584473
7	866	the	1.2512949705123901	1.1518455743789673	1.259885311126709	1.9605767726898193
7	867	years	9.076285362243652	10.238365173339844	8.635819435119629	8.589186668395996
7	868	in	3.469224452972412	3.9737038612365723	3.8152809143066406	3.1432993412017822
7	869	question.	10.835347175598145	10.272951126098633	6.161725044250488	5.876006603240967
7	870	In	3.791614294052124	3.345183849334717	3.285829544067383	2.9859886169433594
7	871	January	5.648752212524414	6.239653587341309	6.205760955810547	5.087904930114746
7	872	nineteen	15.773016929626465	11.562093734741211	11.542953491210938	11.66865348815918
7	873	ninety-seven,	15.589735984802246	7.510374069213867	11.295584678649902	9.280787467956543
7	874	Karl	12.3856782913208	10.9129056930542	10.159475326538086	9.125040054321289
7	875	Pflock,	12.788196563720703	13.117362976074219	13.856575012207031	13.527122497558594
7	876	one	5.619516372680664	5.406909942626953	4.862778186798096	4.8314714431762695
7	877	of	0.4225279688835144	0.08494016528129578	0.047940876334905624	0.10402102023363113
7	878	the	0.8314511775970459	0.6822420954704285	0.4363081753253937	0.4664117693901062
7	879	more	7.540301322937012	6.637671947479248	4.478809833526611	5.028246879577637
7	880	prominent	7.777809143066406	6.5089311599731445	4.512341499328613	4.473410129547119
7	881	pro-UFO	19.13216781616211	21.6791934967041	20.238269805908203	19.552995681762695
7	882	researchers,	7.049330711364746	6.156773090362549	5.8944525718688965	5.938756942749023
7	883	said,	8.447185516357422	8.06743335723877	8.359086036682129	9.245582580566406
7	884	'Based	12.650516510009766	12.399310111999512	12.313445091247559	12.375280380249023
7	885	on	0.20643143355846405	0.025258231908082962	0.011254441924393177	0.015329042449593544
7	886	my	4.591984748840332	3.091078758239746	2.589169502258301	4.01977014541626
7	887	research	8.159750938415527	7.92459774017334	3.8361122608184814	4.100733757019043
7	888	and	1.9966601133346558	2.380676507949829	2.2787725925445557	1.2431726455688477
7	889	that	4.721836090087891	5.9649810791015625	4.9959845542907715	4.540801048278809
7	890	of	6.011889457702637	4.376909255981445	4.02916145324707	1.9183568954467773
7	891	others,	9.345357894897461	6.583898544311523	6.004758834838867	5.257140159606934
7	892	I'm	6.585536956787109	6.731808662414551	7.057127952575684	7.836606025695801
7	893	as	7.09975528717041	6.802311897277832	6.800570487976074	6.621006011962891
7	894	certain	7.877464294433594	6.075778484344482	5.608231067657471	5.4589948654174805
7	895	as	7.373371124267578	2.7664895057678223	0.7266279458999634	0.7927217483520508
7	896	it's	6.580249786376953	7.076059818267822	6.503320693969727	6.037590503692627
7	897	possible	4.450329780578613	5.3547492027282715	3.58878231048584	1.502251148223877
7	898	to	0.6975484490394592	0.6756969094276428	0.5196229219436646	0.5168267488479614
7	899	be	2.424424886703491	3.961854934692383	3.9582152366638184	3.6239309310913086
7	900	without	9.041463851928711	7.57528829574585	6.789216041564941	6.714760780334473
7	901	absolute	9.963637351989746	9.40792465209961	9.426238059997559	9.324039459228516
7	902	proof,	9.637972831726074	6.369830131530762	6.751659393310547	6.725849151611328
7	903	that	2.8885738849639893	3.042853593826294	4.32623815536499	3.912477970123291
7	904	no	5.912858963012695	4.956727027893066	4.8514299392700195	5.040179252624512
7	905	flying	12.515949249267578	10.25908088684082	10.402579307556152	10.804536819458008
7	906	saucer	11.033246040344238	4.581951141357422	2.8634254932403564	1.7956727743148804
7	907	or	4.132686614990234	4.396854877471924	2.550873279571533	3.3302745819091797
7	908	saucers	15.200583457946777	10.008990287780762	9.477399826049805	9.508522987365723
7	909	crashed	10.829493522644043	10.019980430603027	9.879365921020508	6.164634704589844
7	910	in	1.6311291456222534	2.2273926734924316	2.5235142707824707	2.6092729568481445
7	911	the	0.8811151385307312	1.6610021591186523	1.1478989124298096	1.0969843864440918
7	912	general	7.14624547958374	7.045025825500488	8.387670516967773	7.4850640296936035
7	913	vicinity	11.517443656921387	7.214944839477539	3.770536184310913	1.2610760927200317
7	914	of	0.10429716110229492	0.2621391713619232	0.11732274293899536	0.17264463007450104
7	915	Roswell	12.450159072875977	9.622759819030762	9.302816390991211	9.16824722290039
7	916	or	5.687849044799805	4.786996841430664	4.9519453048706055	4.092887878417969
7	917	on	6.505345344543457	5.7731757164001465	5.391083717346191	4.853128433227539
7	918	the	0.8019847273826599	1.4338315725326538	1.28542959690094	1.326698660850525
7	919	Plains	12.432512283325195	10.585268020629883	10.711228370666504	7.130256652832031
7	920	of	1.041547417640686	0.9758068323135376	0.6765986680984497	0.827675461769104
7	921	San	8.254342079162598	4.626607894897461	6.137721061706543	6.504515171051025
7	922	Agustin	13.399795532226562	9.346253395080566	7.047771453857422	6.376790523529053
7	923	in	5.810492038726807	5.963271141052246	2.9965758323669434	2.625566005706787
7	924	nineteen	12.949675559997559	11.264878273010254	11.966930389404297	11.760449409484863
7	925	forty-seven.'	19.167482376098633	16.42889976501465	16.358787536621094	15.485641479492188
7	926	He	2.903779983520508	3.151505947113037	3.2687244415283203	3.3962385654449463
7	927	then	6.804093837738037	3.6756174564361572	3.3805737495422363	3.65201997756958
7	928	added,	9.059924125671387	6.158215045928955	4.215880393981934	4.043824672698975
7	929	'The	7.458852767944336	7.121137619018555	7.172555923461914	3.1041669845581055
7	930	debris	13.120373725891113	11.174142837524414	11.544754981994629	11.57170295715332
7	931	found	5.970246315002441	5.057974815368652	4.685233116149902	5.056009769439697
7	932	was	8.23167610168457	5.957707405090332	3.363262176513672	3.067312479019165
7	933	the	3.51254940032959	2.341921091079712	3.5255954265594482	4.105410575866699
7	934	remains	9.921699523925781	9.740452766418457	8.497553825378418	3.0562896728515625
7	935	of	3.2646143436431885	0.10930737853050232	0.040407344698905945	0.03820718452334404
7	936	something	8.04710865020752	7.759649276733398	7.998346328735352	6.998958587646484
7	937	very	5.647519588470459	4.551426887512207	3.806011915206909	4.4088640213012695
7	938	earthly,	16.875110626220703	12.952284812927246	11.830670356750488	11.307055473327637
7	939	all	5.698791027069092	6.386286735534668	6.620560169219971	6.820816993713379
7	940	but	7.682609558105469	6.148521900177002	4.414205551147461	4.857464790344238
7	941	certainly	7.26804780960083	7.333958625793457	8.148614883422852	7.794286727905273
7	942	something	6.270294189453125	5.5787787437438965	7.274474143981934	7.575202941894531
7	943	from	5.435056209564209	6.103876113891602	6.02358341217041	5.1248931884765625
7	944	the	0.7917162775993347	1.4540952444076538	1.3716847896575928	1.2902175188064575
7	945	Top	9.561281204223633	8.46225357055664	9.026491165161133	9.700942993164062
7	946	Secret	8.440401077270508	5.798523902893066	5.539593696594238	4.367217063903809
7	947	Project	7.674328327178955	5.9228973388671875	4.227126121520996	4.261484622955322
7	948	Mogul.'	19.857139587402344	19.071819305419922	19.341293334960938	19.964378356933594
7	949	Although	6.9389262199401855	6.765650749206543	6.869035720825195	6.730165004730225
7	950	most	5.752640724182129	5.316753387451172	5.323217868804932	5.29695987701416
7	951	now	9.727781295776367	8.418060302734375	8.344589233398438	8.066072463989258
7	952	agree	8.711308479309082	5.5361552238464355	3.0763092041015625	2.884296417236328
7	953	with	1.0475881099700928	1.3427512645721436	2.078805923461914	2.3260903358459473
7	954	this	4.450535297393799	3.25931715965271	3.7883026599884033	3.4238502979278564
7	955	conclusion,	9.155816078186035	9.469121932983398	5.589468955993652	5.460376739501953
7	956	each	6.932267189025879	7.245553016662598	7.664214134216309	8.149443626403809
7	957	year,	4.395034313201904	6.526042938232422	6.596026420593262	6.62449312210083
7	958	during	6.301609992980957	6.307877063751221	6.58596658706665	6.339415073394775
7	959	July	7.853664398193359	8.5396146774292	7.1742377281188965	7.060896873474121
7	960	Fourth	13.361385345458984	9.696676254272461	9.025552749633789	10.597821235656738
7	961	weekend,	12.536636352539062	7.0863118171691895	4.053321838378906	2.211339235305786
7	962	the	2.5617220401763916	2.4736735820770264	2.380474805831909	2.402719020843506
7	963	City	7.176911354064941	6.717520236968994	7.3272528648376465	6.872323513031006
7	964	of	1.3161356449127197	0.4836404621601105	0.7891058325767517	0.8468213677406311
7	965	Roswell	12.450159072875977	9.91208267211914	9.523825645446777	9.110546112060547
7	966	hosts	10.377606391906738	10.65219497680664	8.646919250488281	9.482454299926758
7	967	the	2.9036872386932373	1.958040475845337	1.996510624885559	1.4581589698791504
7	968	Roswell	12.813752174377441	12.81601619720459	6.8966546058654785	4.820261001586914
7	969	UFO	2.8869566917419434	2.86556077003479	1.2907230854034424	0.8931065797805786
7	970	Festival	7.327784538269043	7.894966125488281	9.608308792114258	5.645615100860596
7	971	celebrating	11.376428604125977	8.700157165527344	8.434470176696777	7.62147855758667
7	972	all	5.677805423736572	5.4330973625183105	4.552603244781494	4.998690605163574
7	973	things	5.03166389465332	3.844965934753418	0.23516669869422913	0.16556860506534576
7	974	UFO,	24.05698585510254	12.578696250915527	10.012096405029297	10.185537338256836
7	975	featuring	9.224742889404297	9.490737915039062	8.625726699829102	7.430850982666016
7	976	prominent	10.250566482543945	9.102500915527344	7.979618072509766	8.101398468017578
7	977	UFOlogists	17.588571548461914	14.140790939331055	10.593193054199219	9.498915672302246
7	978	and	2.340871572494507	2.1508700847625732	1.568962574005127	1.9274652004241943
7	979	discussions.	13.716880798339844	13.824268341064453	13.079593658447266	14.957730293273926
8	0	Tulip	13.000680923461914	13.000680923461914	13.000680923461914	13.000680923461914
8	1	mania	10.299511909484863	10.299511909484863	10.299511909484863	10.299511909484863
8	2	was	3.8465023040771484	3.188283681869507	3.188283681869507	3.188283681869507
8	3	a	2.4355335235595703	3.3519127368927	2.806748151779175	2.806748628616333
8	4	period	7.4879961013793945	7.313511371612549	7.376942157745361	6.057723045349121
8	5	in	3.1362385749816895	3.8152904510498047	2.0384960174560547	2.1992011070251465
8	6	the	0.8811151385307312	1.5668007135391235	1.83017897605896	1.6606853008270264
8	7	Dutch	9.427679061889648	9.532718658447266	9.454273223876953	9.44283390045166
8	8	Golden	9.626043319702148	8.578105926513672	8.664134979248047	7.584434509277344
8	9	Age	6.044968605041504	4.6095499992370605	4.0492753982543945	2.6475560665130615
8	10	during	9.239677429199219	7.792465686798096	7.072950839996338	6.134767055511475
8	11	which	7.790109634399414	1.4945616722106934	1.301986575126648	1.8322720527648926
8	12	contract	10.73961067199707	10.439456939697266	9.728745460510254	11.012255668640137
8	13	prices	10.22697639465332	7.174948692321777	5.182723045349121	6.1766438484191895
8	14	for	2.5561108589172363	2.211790084838867	3.229952573776245	3.273118495941162
8	15	bulbs	15.498327255249023	9.932101249694824	10.412267684936523	10.433947563171387
8	16	of	2.6213650703430176	4.213742256164551	4.748883247375488	4.883541107177734
8	17	the	0.8314511775970459	1.825366735458374	2.5007495880126953	2.5563857555389404
8	18	recently	10.493365287780762	9.082910537719727	10.152751922607422	11.017853736877441
8	19	introduced	4.791236400604248	4.4140777587890625	4.282547950744629	3.3386526107788086
8	20	tulip	19.911556243896484	15.040861129760742	12.741451263427734	12.725022315979004
8	21	reached	12.185712814331055	16.350662231445312	16.575469970703125	15.461606979370117
8	22	extraordinarily	15.597046852111816	13.103657722473145	12.342634201049805	12.271900177001953
8	23	high	4.712398052215576	0.8037635087966919	0.5687333345413208	0.3008798360824585
8	24	levels	3.6953964233398438	3.1365325450897217	1.4118378162384033	1.9485441446304321
8	25	and	3.666764974594116	4.614745140075684	4.757097244262695	3.5163793563842773
8	26	then	4.470452308654785	4.983829975128174	4.43603515625	5.459311485290527
8	27	suddenly	7.795088768005371	6.855725288391113	7.185443878173828	4.9950151443481445
8	28	collapsed.	11.221504211425781	8.343022346496582	8.350820541381836	9.179727554321289
8	29	At	4.550669193267822	4.700844764709473	4.947602272033691	4.915848731994629
8	30	the	1.264420986175537	1.2405002117156982	1.2253077030181885	1.4318715333938599
8	31	peak	9.399859428405762	6.074449062347412	5.089593410491943	5.76498556137085
8	32	of	0.6276151537895203	0.9624090194702148	0.08995190262794495	0.091241255402565
8	33	tulip	15.805509567260742	12.19527816772461	12.314993858337402	13.069510459899902
8	34	mania	9.318161010742188	4.798288345336914	3.786839008331299	3.9783411026000977
8	35	in	3.3028078079223633	2.75187087059021	2.070807456970215	0.9257338047027588
8	36	February	6.664361953735352	6.9632792472839355	6.321506500244141	6.953955173492432
8	37	sixteen	16.194805145263672	13.440523147583008	13.066679000854492	13.479055404663086
8	38	thirty-seven,	14.738682746887207	9.782711029052734	12.912252426147461	13.63650131225586
8	39	tulip	15.844382286071777	14.023063659667969	13.307371139526367	13.823814392089844
8	40	contracts	12.725252151489258	11.644124984741211	11.505922317504883	10.35663890838623
8	41	sold	9.519840240478516	7.264311790466309	5.51947021484375	6.319246768951416
8	42	for	3.5950815677642822	3.2618753910064697	2.5577070713043213	1.4382389783859253
8	43	more	5.0866851806640625	3.7373340129852295	2.5925228595733643	3.098267078399658
8	44	than	0.6190573573112488	1.289483904838562	0.03323757275938988	0.0231841541826725
8	45	ten	6.654108047485352	5.426797866821289	4.483394622802734	6.395177841186523
8	46	times	3.2304975986480713	3.087085723876953	2.679486036300659	5.762180328369141
8	47	the	3.09592342376709	1.8229228258132935	1.3467282056808472	1.303159236907959
8	48	annual	8.160714149475098	6.129343032836914	5.3294525146484375	5.095025062561035
8	49	income	4.10887336730957	6.546730995178223	3.5203816890716553	3.1106650829315186
8	50	of	3.6750240325927734	1.2824082374572754	1.5439233779907227	0.38737091422080994
8	51	a	3.074387788772583	3.3079333305358887	3.903280019760132	2.096461534500122
8	52	skilled	9.28007698059082	8.638046264648438	7.442705154418945	7.370347023010254
8	53	craftsman.	12.275269508361816	6.799501419067383	6.0248799324035645	8.604673385620117
8	54	It	3.65865421295166	3.476459503173828	3.4872260093688965	3.320578098297119
8	55	is	1.2172108888626099	1.2819499969482422	1.1280595064163208	1.1889601945877075
8	56	generally	7.164596080780029	5.922066688537598	6.20235013961792	5.875941276550293
8	57	considered	4.726393699645996	2.7511396408081055	2.8251733779907227	2.820417881011963
8	58	the	2.033658027648926	1.872044324874878	2.3182079792022705	2.75821590423584
8	59	first	3.885279655456543	3.6904618740081787	3.7801339626312256	3.818950653076172
8	60	recorded	6.722649097442627	7.181747913360596	6.36366081237793	6.325235366821289
8	61	economic	10.828119277954102	9.05014705657959	8.70683479309082	8.79902458190918
8	62	bubble.	13.193431854248047	10.857826232910156	8.674110412597656	8.260074615478516
8	63	The	2.262659788131714	2.1996939182281494	2.228058338165283	2.0909695625305176
8	64	tulip,	18.530757904052734	15.55726432800293	17.01622200012207	16.437347412109375
8	65	introduced	10.319918632507324	8.311089515686035	8.466028213500977	8.982346534729004
8	66	to	0.8558802604675293	1.9426467418670654	1.8110369443893433	2.6209421157836914
8	67	Europe	9.586894989013672	5.269855976104736	3.1833066940307617	1.7073544263839722
8	68	in	2.87353515625	2.2804527282714844	1.6315464973449707	1.6210880279541016
8	69	the	0.8811151385307312	1.5677404403686523	1.536868691444397	0.7936252951622009
8	70	mid	9.72402286529541	7.576918125152588	5.174476623535156	4.914453506469727
8	71	sixteenth	9.431988716125488	10.692770004272461	10.48366928100586	7.470804691314697
8	72	century	1.0907468795776367	1.034755825996399	1.132045030593872	1.0973052978515625
8	73	from	4.290111541748047	4.717558860778809	4.692080020904541	4.91863489151001
8	74	the	0.7917162775993347	1.6660255193710327	1.2840484380722046	1.2862517833709717
8	75	Ottoman	11.2467622756958	9.957390785217285	6.685935974121094	6.855532646179199
8	76	Empire,	3.306276798248291	1.8642690181732178	1.992756724357605	2.1599466800689697
8	77	became	8.113356590270996	6.524603843688965	6.549850940704346	5.769129276275635
8	78	very	4.02924919128418	5.268267631530762	5.8952317237854	5.79978084564209
8	79	popular	5.170193195343018	4.0762457847595215	3.062138080596924	2.876364231109619
8	80	in	3.1527934074401855	2.503471851348877	1.6985669136047363	1.6028003692626953
8	81	the	0.8811151385307312	1.4332131147384644	1.4183276891708374	1.1478300094604492
8	82	United	4.598241806030273	4.195458889007568	2.8066532611846924	2.6562509536743164
8	83	Provinces,	15.750911712646484	11.634574890136719	13.378203392028809	14.029629707336426
8	84	which	3.624981164932251	3.3463985919952393	3.1342387199401855	3.4775547981262207
8	85	we	4.071720600128174	6.005193710327148	6.304502010345459	6.404299736022949
8	86	now	7.699326038360596	4.966091156005859	4.180354118347168	3.9379520416259766
8	87	know	6.128028869628906	1.6769938468933105	1.1645137071609497	1.2079766988754272
8	88	as	5.197096347808838	4.7968668937683105	5.046505928039551	3.092848539352417
8	89	the	2.2121758460998535	2.3847291469573975	1.4838770627975464	1.5816236734390259
8	90	Netherlands.	10.649675369262695	11.46101188659668	10.596290588378906	9.881394386291504
8	91	Tulip	12.907808303833008	12.884639739990234	12.953996658325195	13.26070785522461
8	92	cultivation	10.305663108825684	8.113357543945312	7.388291358947754	6.6614274978637695
8	93	in	3.4158904552459717	2.6852264404296875	2.694744110107422	2.450497627258301
8	94	the	0.8811151385307312	1.7018011808395386	1.5738177299499512	1.5491201877593994
8	95	United	4.598241806030273	4.195458889007568	3.386902093887329	4.057211399078369
8	96	Provinces	14.225857734680176	10.27865219116211	12.144107818603516	12.542811393737793
8	97	is	5.9006524085998535	5.062641143798828	4.540837287902832	4.149225234985352
8	98	generally	7.164595603942871	6.428843975067139	6.610846519470215	6.510168552398682
8	99	thought	6.993222713470459	4.259126663208008	4.066316604614258	4.14668607711792
8	100	to	2.399463176727295	0.9327383637428284	0.32213661074638367	0.3892410099506378
8	101	have	4.363180160522461	2.115294933319092	1.6986958980560303	1.6292262077331543
8	102	started	5.989116191864014	6.480920791625977	5.0193986892700195	4.697178840637207
8	103	in	2.930860996246338	3.9952735900878906	3.0198750495910645	1.7916862964630127
8	104	earnest	11.395587921142578	5.380589962005615	3.3720715045928955	4.394655227661133
8	105	around	8.445282936096191	5.927922248840332	4.584071159362793	5.2927045822143555
8	106	fifteen	10.376495361328125	10.536064147949219	9.343317031860352	9.141753196716309
8	107	ninety-three,	16.860794067382812	15.643394470214844	13.634516716003418	12.895988464355469
8	108	after	5.68602991104126	5.352619647979736	4.936744689941406	5.122691631317139
8	109	the	1.2123668193817139	2.155644416809082	2.045642852783203	2.2230987548828125
8	110	Flemish	12.749058723449707	13.33564567565918	12.813728332519531	12.958306312561035
8	111	botanist	10.762834548950195	10.606164932250977	11.036507606506348	11.06643295288086
8	112	Charles	5.605175971984863	5.459973335266113	5.11971378326416	4.784073829650879
8	113	de	6.931273460388184	7.074824333190918	3.7913856506347656	3.582279920578003
8	114	l'Ecluse	20.951648712158203	18.822399139404297	18.79326629638672	17.973745346069336
8	115	had	6.674971103668213	7.347877025604248	4.868653297424316	3.6330373287200928
8	116	taken	4.606523513793945	4.862393379211426	4.897588729858398	4.600333213806152
8	117	up	3.3700528144836426	3.764207363128662	3.3771934509277344	3.3258934020996094
8	118	a	3.3095099925994873	3.094813346862793	2.6145477294921875	2.8581132888793945
8	119	post	7.466547012329102	7.54993200302124	5.604223728179932	4.595213890075684
8	120	at	4.501493453979492	4.315893173217773	4.0642924308776855	1.2530815601348877
8	121	the	0.8910643458366394	1.8263845443725586	1.7702746391296387	1.9308459758758545
8	122	University	6.79511022567749	4.545006275177002	4.377221584320068	4.837531566619873
8	123	of	0.2127276360988617	0.058579202741384506	0.03155731409788132	0.028901081532239914
8	124	Leiden	13.987703323364258	9.950268745422363	9.583593368530273	9.539693832397461
8	125	and	3.13689923286438	3.0698976516723633	2.185176372528076	1.7147941589355469
8	126	established	9.034623146057129	8.298685073852539	8.194905281066895	7.374063968658447
8	127	a	2.338383436203003	2.0863466262817383	1.7389934062957764	1.6303142309188843
8	128	botanical	14.673336029052734	10.321361541748047	10.074634552001953	8.514201164245605
8	129	garden,	5.190778732299805	4.408727169036865	3.6941494941711426	3.3915822505950928
8	130	which	3.3354673385620117	2.9578542709350586	3.280395269393921	2.434135913848877
8	131	is	1.3628009557724	1.5922460556030273	1.675783395767212	1.848297119140625
8	132	famous	9.080010414123535	8.65542221069336	6.894411087036133	6.974750995635986
8	133	as	3.6654372215270996	3.289092540740967	3.1719446182250977	3.0610337257385254
8	134	one	4.741718292236328	3.9875481128692627	2.874269485473633	2.7684993743896484
8	135	of	0.42252814769744873	0.5462310314178467	0.0976889580488205	0.025236686691641808
8	136	the	0.8314511775970459	0.6822420954704285	0.5523459911346436	0.3921741843223572
8	137	oldest	7.864057540893555	7.806897163391113	4.966913223266602	5.30180025100708
8	138	in	5.7227783203125	4.316717624664307	4.711859226226807	4.07759428024292
8	139	the	0.8811151385307312	0.9246909618377686	0.49321186542510986	0.4673263430595398
8	140	world.	6.351325035095215	5.76828145980835	3.140345811843872	2.8963775634765625
8	141	There,	9.091824531555176	9.384734153747559	9.595548629760742	9.75291919708252
8	142	he	2.277599334716797	2.2496535778045654	2.162773847579956	2.3688833713531494
8	143	planted	10.437259674072266	8.221742630004883	8.335332870483398	8.407408714294434
8	144	his	5.140142440795898	2.4725639820098877	1.833909273147583	2.10396146774292
8	145	collection	8.610735893249512	7.579640865325928	8.434356689453125	8.524484634399414
8	146	of	0.1516532152891159	0.6375556588172913	0.6883414387702942	0.7023018598556519
8	147	tulip	15.805508613586426	13.555232048034668	12.729741096496582	12.21647834777832
8	148	bulbs	2.9590811729431152	0.8614093065261841	1.4161192178726196	1.2083688974380493
8	149	that	3.914907932281494	3.1566972732543945	3.2800047397613525	2.8192427158355713
8	150	the	2.4105913639068604	4.893799781799316	5.127527236938477	4.884395599365234
8	151	Emperor's	10.9760103225708	11.015947341918945	12.441311836242676	12.030672073364258
8	152	ambassador	10.145722389221191	9.855152130126953	9.54708194732666	9.344036102294922
8	153	sent	7.819549560546875	5.726511478424072	5.8507866859436035	5.570021152496338
8	154	to	1.2384402751922607	1.8556572198867798	1.9624786376953125	1.803948998451233
8	155	him	7.047159194946289	4.19611930847168	5.829211235046387	3.6423821449279785
8	156	from	3.7380616664886475	4.182548522949219	2.990854263305664	2.9126505851745605
8	157	Turkey,	9.318596839904785	10.356263160705566	9.807205200195312	8.941250801086426
8	158	which	3.2523865699768066	3.4030351638793945	3.5189015865325928	3.499748945236206
8	159	were	4.397396087646484	5.212868690490723	5.450498580932617	6.359012603759766
8	160	able	4.241482257843018	6.22305154800415	6.244439125061035	5.942241191864014
8	161	to	0.006088183727115393	0.012871856801211834	0.016001183539628983	0.013383549638092518
8	162	tolerate	10.15810775756836	8.19250202178955	9.420178413391113	8.449942588806152
8	163	the	1.1563386917114258	1.9139814376831055	1.723968267440796	1.493973970413208
8	164	harsher	13.7854585647583	9.651302337646484	8.46405029296875	7.678837299346924
8	165	conditions	6.7613525390625	4.010410308837891	3.297328472137451	2.672516345977783
8	166	of	1.266420841217041	3.1066341400146484	0.9223114848136902	1.0608364343643188
8	167	the	0.8314511775970459	1.8352270126342773	2.7249884605407715	1.2653229236602783
8	168	northern	8.133749008178711	8.569046020507812	9.274348258972168	8.779679298400879
8	169	climate.	10.370097160339355	10.922110557556152	10.524271011352539	7.763663291931152
8	170	It	3.521609306335449	3.2446188926696777	3.242140769958496	3.111525535583496
8	171	was	1.4277337789535522	2.702179431915283	2.4600703716278076	2.3472843170166016
8	172	shortly	10.311548233032227	8.136322021484375	8.831902503967285	8.467545509338379
8	173	thereafter	7.208806037902832	2.314990520477295	2.344025135040283	2.369142532348633
8	174	that	2.892937421798706	3.89150333404541	4.441422462463379	0.6555695533752441
8	175	the	2.4105913639068604	2.2238528728485107	1.9813485145568848	1.8216171264648438
8	176	tulips	15.093036651611328	13.393420219421387	14.625692367553711	14.55021858215332
8	177	began	7.16514253616333	6.198132038116455	6.551738739013672	5.375180244445801
8	178	to	0.7364976406097412	0.550011396408081	0.36722978949546814	0.6894446015357971
8	179	grow	7.026825904846191	4.301800727844238	2.0510005950927734	2.3920845985412598
8	180	in	2.7040390968322754	2.761449098587036	2.423367500305176	1.6101666688919067
8	181	popularity.	13.03282356262207	4.473261833190918	4.093729019165039	3.5760321617126465
8	182	The	2.4009320735931396	2.4438774585723877	2.4549496173858643	2.429591655731201
8	183	flower	10.807840347290039	10.641424179077148	10.044734954833984	9.418985366821289
8	184	rapidly	12.227931022644043	9.930636405944824	9.749521255493164	9.483290672302246
8	185	became	6.020274639129639	4.913483142852783	4.1602678298950195	3.0864524841308594
8	186	a	0.9576712846755981	1.486196517944336	1.91147780418396	1.974831223487854
8	187	coveted	11.442702293395996	9.48331069946289	9.081964492797852	8.088252067565918
8	188	luxury	7.6167755126953125	7.723236083984375	6.484297752380371	5.089205741882324
8	189	item	9.16542911529541	6.424656867980957	3.5956454277038574	1.9291298389434814
8	190	and	3.8069357872009277	3.077637195587158	3.4006874561309814	3.329313039779663
8	191	a	3.659700870513916	3.479233503341675	3.0366673469543457	2.811615467071533
8	192	status	10.117249488830566	9.824188232421875	8.905450820922852	8.28657054901123
8	193	symbol,	13.022665023803711	6.612183570861816	5.86433744430542	6.201225280761719
8	194	and	2.6000304222106934	2.333676815032959	2.410623073577881	2.4576990604400635
8	195	a	3.659700870513916	3.1127569675445557	3.1491310596466064	3.219876527786255
8	196	profusion	13.39157485961914	11.223855972290039	10.58818244934082	12.13875675201416
8	197	of	0.10721586644649506	0.017421800643205643	0.0051842243410646915	0.0053794411942362785
8	198	varieties	12.617229461669922	8.279962539672852	7.864458084106445	8.033833503723145
8	199	followed.	14.321897506713867	12.40194320678711	12.24581527709961	12.902962684631348
8	200	They	4.201345443725586	3.8728718757629395	3.9203848838806152	4.110284328460693
8	201	were	2.270087957382202	2.2321457862854004	1.7226285934448242	1.6984539031982422
8	202	classified	8.186448097229004	8.674517631530762	8.801118850708008	6.79713773727417
8	203	in	1.8423455953598022	3.317460536956787	3.45263409614563	3.388275623321533
8	204	groups:	16.202239990234375	14.636545181274414	10.563610076904297	10.063971519470215
8	205	one-colored	20.18621826171875	18.232664108276367	19.32949447631836	19.962621688842773
8	206	tulips	12.145816802978516	11.935667991638184	12.216804504394531	12.972335815429688
8	207	of	4.208846092224121	4.102083206176758	4.245950698852539	4.582846641540527
8	208	red,	11.743541717529297	6.9201979637146	6.07649040222168	5.243383407592773
8	209	yellow,	3.4254112243652344	3.4720346927642822	2.9374866485595703	2.1555557250976562
8	210	or	4.168369293212891	2.3494269847869873	2.9619204998016357	3.1580777168273926
8	211	white	7.712189674377441	3.904822587966919	4.076385021209717	3.1770544052124023
8	212	were	9.299161911010742	6.313117980957031	6.321377754211426	6.944498062133789
8	213	known	5.583991527557373	6.57141637802124	6.737443923950195	6.758240699768066
8	214	as	0.5486905574798584	1.449492335319519	1.5847417116165161	1.9253379106521606
8	215	Couleren,	29.78752899169922	23.541025161743164	25.78827667236328	28.54452133178711
8	216	but	5.098241806030273	3.9422738552093506	5.235850811004639	3.5750386714935303
8	217	it	2.505795478820801	3.144101619720459	3.1526341438293457	2.613717555999756
8	218	was	1.6763286590576172	2.136904716491699	1.8068044185638428	1.923419713973999
8	219	the	3.51254940032959	3.2150051593780518	3.326145887374878	3.2025630474090576
8	220	multicolored	14.004987716674805	13.83561897277832	13.939017295837402	13.451759338378906
8	221	Rosen	16.288543701171875	16.336936950683594	16.559526443481445	16.62361717224121
8	222	(red	12.925973892211914	12.00579833984375	12.149946212768555	11.823787689208984
8	223	or	4.765727996826172	6.353533744812012	4.057986259460449	4.437727451324463
8	224	pink	9.887191772460938	4.9460768699646	4.803817272186279	4.645775318145752
8	225	on	6.359730243682861	4.70700740814209	4.259479522705078	4.373021125793457
8	226	white	9.212738990783691	5.330216407775879	5.138322353363037	4.619441509246826
8	227	background),	13.30270767211914	10.766345977783203	10.244291305541992	8.197943687438965
8	228	Violetten	24.827611923217773	24.582305908203125	24.20636749267578	23.123516082763672
8	229	(purple	13.196682929992676	11.012285232543945	7.765767574310303	8.4357271194458
8	230	or	4.683565139770508	5.713418006896973	5.458290100097656	5.186408042907715
8	231	lilac	16.110292434692383	8.929471015930176	8.742931365966797	8.793376922607422
8	232	on	5.2187113761901855	4.6228108406066895	4.334900379180908	4.31665563583374
8	233	white	9.212738990783691	5.7084760665893555	5.1154022216796875	4.122077941894531
8	234	background),	13.30270767211914	10.766345977783203	9.376724243164062	8.314371109008789
8	235	and,	7.758190155029297	7.940743446350098	8.027410507202148	8.506256103515625
8	236	to	4.147083282470703	4.097644329071045	3.9334166049957275	4.031233787536621
8	237	a	4.360486030578613	1.6189401149749756	1.4825562238693237	2.432567596435547
8	238	lesser	8.302099227905273	6.632722854614258	0.3488999605178833	0.23560398817062378
8	239	extent,	8.54662799835205	5.192925453186035	2.0283195972442627	0.21331290900707245
8	240	the	2.122208833694458	2.4677274227142334	2.7179667949676514	2.4149553775787354
8	241	Bizarden	27.55225372314453	28.852834701538086	28.802474975585938	28.726524353027344
8	242	(red,	14.810293197631836	16.20986557006836	17.10955810546875	16.894994735717773
8	243	brown	5.597987174987793	6.20936918258667	5.41298246383667	5.164353370666504
8	244	or	4.858985424041748	1.6645159721374512	2.832751750946045	2.354584217071533
8	245	purple	10.622543334960938	3.9937169551849365	4.543692588806152	4.577225685119629
8	246	on	7.0688700675964355	4.946679592132568	5.138977527618408	4.5710530281066895
8	247	yellow	12.631328582763672	6.3282575607299805	5.829592704772949	6.598604202270508
8	248	background)	13.075023651123047	9.414588928222656	8.421926498413086	6.992768287658691
8	249	that	4.692693710327148	4.004878044128418	4.352348327636719	4.184346675872803
8	250	were	5.011057376861572	4.9286651611328125	4.74944543838501	3.974006414413452
8	251	the	4.5749311447143555	4.573287010192871	4.940362930297852	4.8218817710876465
8	252	most	4.993878364562988	3.2173120975494385	2.617041826248169	2.750336170196533
8	253	popular.	8.304550170898438	8.587911605834961	6.482517242431641	5.819326400756836
8	254	These	5.2133660316467285	4.666604995727539	4.726619243621826	4.81430196762085
8	255	spectacular	11.697495460510254	10.224875450134277	10.607540130615234	10.457029342651367
8	256	and	3.3120903968811035	4.294739246368408	4.47739315032959	4.455140113830566
8	257	highly	9.26736068725586	5.6505537033081055	4.961813449859619	4.532998561859131
8	258	sought-after	7.318943977355957	6.550854206085205	6.203094005584717	4.916593551635742
8	259	tulip	11.358890533447266	12.54679012298584	12.352818489074707	12.166828155517578
8	260	bulbs	2.9590811729431152	1.962203860282898	2.3839101791381836	2.0351576805114746
8	261	would	5.1281352043151855	5.8006792068481445	5.827742576599121	5.993132591247559
8	262	grow	7.084650993347168	7.580570220947266	3.2720954418182373	3.6190826892852783
8	263	flowers	11.384809494018555	10.12458610534668	9.683807373046875	7.984470367431641
8	264	with	3.2291951179504395	3.7429213523864746	3.47597074508667	3.7591288089752197
8	265	vivid	11.630145072937012	7.633696556091309	9.113692283630371	9.042950630187988
8	266	colors,	6.819318771362305	3.879873275756836	2.7651400566101074	2.3974759578704834
8	267	lines,	8.55736255645752	9.04279899597168	8.245039939880371	9.812614440917969
8	268	and	2.1583449840545654	1.5860316753387451	0.8520770072937012	0.7061173915863037
8	269	flames	12.153827667236328	11.957813262939453	11.352142333984375	11.40284538269043
8	270	on	3.566115379333496	4.053877353668213	4.257221221923828	3.2464599609375
8	271	the	0.8019847273826599	1.0906610488891602	0.9891355037689209	0.5985554456710815
8	272	petals,	16.20358657836914	16.233516693115234	13.837348937988281	13.764612197875977
8	273	as	4.611383438110352	4.144347667694092	3.9967799186706543	3.9875476360321045
8	274	a	1.4127646684646606	3.8199820518493652	3.964580535888672	3.727639675140381
8	275	result,	7.961356163024902	4.6921257972717285	4.595771312713623	4.501956939697266
8	276	it	3.261347770690918	3.4482502937316895	3.4816319942474365	3.7755608558654785
8	277	is	1.4371814727783203	1.6875735521316528	1.7091851234436035	1.6897062063217163
8	278	now	4.919034957885742	4.883414268493652	4.91090202331543	4.110555171966553
8	279	understood,	11.108878135681152	11.750125885009766	8.950289726257324	8.86779499053955
8	280	of	5.022587776184082	5.489864349365234	6.119780540466309	6.297567367553711
8	281	being	7.387704849243164	6.2123565673828125	4.869828224182129	5.202888488769531
8	282	infected	7.397529602050781	7.836065769195557	7.550389289855957	7.0957417488098145
8	283	with	0.7372319102287292	0.6281955242156982	0.6795026659965515	0.7508052587509155
8	284	tulip-specific	27.93211555480957	20.42563819885254	19.532363891601562	20.27596664428711
8	285	virus	6.720645427703857	7.556396484375	3.6737895011901855	3.4341137409210205
8	286	known	8.024022102355957	5.77076530456543	6.481471061706543	6.139124870300293
8	287	as	0.5486906170845032	0.19161894917488098	0.06902191787958145	0.1005634069442749
8	288	the	2.2121758460998535	1.4688193798065186	2.557417154312134	3.131413698196411
8	289	'Tulip	19.492473602294922	17.522808074951172	14.591456413269043	14.873300552368164
8	290	breaking	13.823137283325195	13.325433731079102	13.419795036315918	13.733236312866211
8	291	virus'.	24.48020362854004	12.771833419799805	11.69801139831543	10.897645950317383
8	292	The	2.25814151763916	2.3745317459106445	2.482699394226074	2.203838348388672
8	293	Dutch	8.955141067504883	7.629827499389648	7.621779441833496	8.058164596557617
8	294	Golden	9.626042366027832	9.18027114868164	11.419631958007812	11.070762634277344
8	295	Age	6.044968605041504	4.6095499992370605	4.040562152862549	4.777616500854492
8	296	growers	19.462993621826172	14.426207542419434	13.442934036254883	14.434043884277344
8	297	named	8.343832015991211	8.821998596191406	8.161895751953125	7.541105270385742
8	298	their	6.78924560546875	3.478888750076294	2.873295307159424	2.443488597869873
8	299	new	5.709672927856445	3.10935115814209	3.0071024894714355	4.231029510498047
8	300	varieties	9.117477416992188	11.876883506774902	12.075010299682617	3.791545867919922
8	301	with	4.7134552001953125	5.570302486419678	4.48093318939209	3.9523391723632812
8	302	exalted	15.301580429077148	11.398077964782715	11.582695960998535	11.708080291748047
8	303	titles.	13.276531219482422	6.8374223709106445	8.09490966796875	7.9517035484313965
8	304	Many	5.665596008300781	5.241866111755371	4.947403907775879	4.831768035888672
8	305	early	9.020149230957031	7.149545192718506	7.649870872497559	7.855846881866455
8	306	forms	8.932609558105469	5.939610004425049	7.001304626464844	6.495471000671387
8	307	were	5.512618064880371	5.414342880249023	4.009868621826172	2.8634257316589355
8	308	prefixed	13.150136947631836	9.650430679321289	9.67363166809082	8.783112525939941
8	309	with	0.6934080123901367	0.5476241707801819	0.6146956086158752	0.7538867592811584
8	310	'admiral',	23.47397232055664	19.364337921142578	19.712495803833008	19.794111251831055
8	311	often	8.100375175476074	7.67137336730957	6.078405380249023	5.854465961456299
8	312	combined	9.287127494812012	6.202124118804932	5.78800106048584	6.190637588500977
8	313	with	0.46084606647491455	0.3961940407752991	0.05151219666004181	0.05333936959505081
8	314	the	1.2512949705123901	1.409812092781067	2.0688791275024414	1.1285861730575562
8	315	growers'	17.11270523071289	15.708036422729492	13.45860767364502	13.631109237670898
8	316	names.	8.47220230102539	7.594892501831055	7.400915145874023	10.403096199035645
8	317	'General'	17.119544982910156	18.052940368652344	18.514785766601562	18.558609008789062
8	318	was	4.683271408081055	3.9638798236846924	2.9556713104248047	2.5482072830200195
8	319	another	6.4692888259887695	6.2007856369018555	5.301894187927246	5.15911865234375
8	320	prefix	13.901042938232422	12.530060768127441	8.95230484008789	7.4088921546936035
8	321	that	3.9169869422912598	2.683724880218506	1.7391387224197388	1.8981971740722656
8	322	found	8.676955223083496	8.085902214050293	8.554353713989258	6.875894546508789
8	323	its	6.014400005340576	3.781968832015991	1.910732388496399	0.47231224179267883
8	324	way	4.930852890014648	0.4646618366241455	0.33726009726524353	0.04277707636356354
8	325	into	4.6732635498046875	1.6634291410446167	0.784888505935669	0.7153809070587158
8	326	the	0.7223832607269287	1.1523027420043945	1.2330242395401	1.1793113946914673
8	327	names	8.813417434692383	10.2068452835083	10.56624984741211	10.214483261108398
8	328	of	0.5822395086288452	0.39753615856170654	0.3232056200504303	0.30122318863868713
8	329	around	10.214800834655762	8.78346061706543	8.738924026489258	8.937891960144043
8	330	thirty	8.946642875671387	6.748343467712402	5.6584577560424805	5.747073173522949
8	331	varieties.	13.82162094116211	10.536413192749023	9.224348068237305	9.655379295349121
8	332	Later	8.615423202514648	8.352951049804688	8.434840202331543	8.441722869873047
8	333	came	6.6360979080200195	6.465969562530518	5.94508171081543	5.729680061340332
8	334	varieties	19.82010269165039	13.061412811279297	5.780674934387207	5.267103672027588
8	335	with	4.7134552001953125	4.207058906555176	3.667177200317383	2.2413015365600586
8	336	even	8.843774795532227	6.793921947479248	6.499970436096191	6.098352909088135
8	337	more	1.897706151008606	1.4649856090545654	1.0059813261032104	0.8536256551742554
8	338	superb	11.82931900024414	10.004112243652344	9.876447677612305	8.48245906829834
8	339	names,	10.950454711914062	10.384398460388184	11.37897777557373	9.59089469909668
8	340	such	4.50153923034668	3.0838420391082764	2.9179999828338623	2.5546655654907227
8	341	as	0.24026373028755188	0.0746668130159378	0.0083311777561903	0.012203187681734562
8	342	even	8.327917098999023	8.524322509765625	8.642251968383789	9.140366554260254
8	343	'Admiral	20.366470336914062	18.88748550415039	18.8499755859375	15.665460586547852
8	344	of	3.721588134765625	3.3664710521698	3.568232774734497	3.6323115825653076
8	345	Admirals'	19.870471954345703	5.450079917907715	5.293896675109863	5.014259338378906
8	346	and	4.913002014160156	4.445313453674316	3.1729512214660645	3.0682666301727295
8	347	'General	15.821992874145508	10.859380722045898	12.238883972167969	6.098485469818115
8	348	of	5.294721603393555	5.434433937072754	4.199529647827148	2.879434108734131
8	349	Generals'.	21.50974464416504	13.08869743347168	11.314031600952148	11.120144844055176
8	350	Most	6.206940650939941	6.2440104484558105	6.532435894012451	6.30136775970459
8	351	of	0.6164975166320801	1.0125303268432617	0.9595011472702026	0.912289559841156
8	352	these	5.6566162109375	2.2333052158355713	2.269951105117798	2.395902156829834
8	353	varieties	7.605254173278809	8.670794486999512	8.723073959350586	9.967276573181152
8	354	have	5.608910083770752	3.952993631362915	3.7404890060424805	2.4246139526367188
8	355	now	6.632650852203369	6.858063220977783	6.899803638458252	6.4354143142700195
8	356	died	9.307644844055176	7.002160549163818	6.427100658416748	5.992075443267822
8	357	out,	6.512808322906494	7.587342262268066	5.862099647521973	2.142955780029297
8	358	though	6.19963264465332	4.75479793548584	4.246006965637207	4.498845100402832
8	359	similar	10.60789680480957	9.147566795349121	8.869174003601074	7.8440399169921875
8	360	'broken'	19.8216495513916	17.443008422851562	16.986221313476562	17.22506332397461
8	361	tulips	15.291549682617188	14.312102317810059	13.12263011932373	13.07778549194336
8	362	continue	8.879179954528809	8.450730323791504	8.433844566345215	7.032113075256348
8	363	in	5.0518717765808105	4.908966064453125	5.1374897956848145	4.839977741241455
8	364	the	0.8811151385307312	1.5388212203979492	1.3823984861373901	1.4491859674453735
8	365	trade.	10.922045707702637	11.19174861907959	11.43014907836914	11.703217506408691
8	366	Tulips	18.281347274780273	17.110897064208984	17.027175903320312	17.550559997558594
8	367	grow	7.001763343811035	5.16484260559082	5.976640224456787	6.645383834838867
8	368	from	4.234611511230469	2.767422914505005	3.42745304107666	3.4177134037017822
8	369	bulbs,	17.58428382873535	15.847759246826172	9.849186897277832	8.629202842712402
8	370	and	2.4360249042510986	2.787567615509033	2.7806484699249268	2.3257803916931152
8	371	can	6.223882675170898	5.41024923324585	4.981087684631348	4.811227321624756
8	372	be	1.0810734033584595	1.1849966049194336	0.9959628582000732	0.9342116117477417
8	373	propagated	10.639911651611328	9.900254249572754	9.764429092407227	10.292491912841797
8	374	through	3.387028217315674	2.395390033721924	2.3824565410614014	2.6108670234680176
8	375	both	6.72307825088501	5.332785606384277	5.67392110824585	5.523355960845947
8	376	seeds	11.391002655029297	11.050603866577148	10.066854476928711	8.352584838867188
8	377	and	2.055610418319702	1.5417543649673462	0.2662474513053894	0.14251630008220673
8	378	buds.	16.634784698486328	10.168083190917969	8.995471954345703	7.200618743896484
8	379	Seeds	8.560033798217773	7.9207658767700195	6.528545379638672	5.535701751708984
8	380	from	4.185829162597656	3.4461443424224854	3.6409974098205566	4.114487648010254
8	381	a	2.6111865043640137	3.211477279663086	3.302567958831787	3.379962682723999
8	382	tulip	13.227380752563477	11.842384338378906	10.585383415222168	8.420963287353516
8	383	will	7.237471580505371	6.640510559082031	8.221094131469727	7.392789840698242
8	384	form	8.809581756591797	6.1848297119140625	5.873528957366943	6.121036529541016
8	385	a	4.374051094055176	1.0460126399993896	1.221374273300171	3.2260611057281494
8	386	flowering	13.050847053527832	12.244184494018555	12.947839736938477	8.492815971374512
8	387	bulb	9.18156623840332	7.3081512451171875	7.972032070159912	8.594327926635742
8	388	after	6.455598831176758	5.801791667938232	6.061102390289307	5.416618347167969
8	389	seven-twelve	22.885671615600586	22.268129348754883	21.02955436706543	20.29778480529785
8	390	years.	5.609415531158447	4.434173583984375	5.135701656341553	4.8104352951049805
8	391	When	4.965229511260986	4.643836975097656	4.583831787109375	4.493884563446045
8	392	a	4.4755859375	3.9663095474243164	4.2268218994140625	4.167597770690918
8	393	bulb	11.94771957397461	10.53797721862793	10.98734188079834	11.38470458984375
8	394	grows	9.079325675964355	8.838294982910156	6.983015060424805	6.437528610229492
8	395	into	2.39589262008667	2.9057414531707764	3.181645393371582	2.656057357788086
8	396	the	0.7223832607269287	2.129610061645508	2.573103904724121	2.5808379650115967
8	397	flower,	13.333952903747559	12.328032493591309	11.041219711303711	7.497142314910889
8	398	the	3.5578768253326416	2.798684597015381	3.025456190109253	2.4754984378814697
8	399	original	5.56998348236084	6.897139072418213	7.25235652923584	7.30429744720459
8	400	bulb	12.051545143127441	10.890556335449219	8.277297973632812	7.69725227355957
8	401	will	5.518354892730713	4.3838019371032715	4.104436874389648	3.7902615070343018
8	402	disappear,	11.325302124023438	10.0455904006958	10.121360778808594	8.875680923461914
8	403	but	2.433551788330078	2.1683645248413086	2.1078546047210693	1.9928818941116333
8	404	a	4.246377944946289	4.121639251708984	4.300619125366211	3.883382797241211
8	405	clone	9.847956657409668	9.933647155761719	8.863354682922363	7.849591255187988
8	406	bulb	12.808917045593262	12.149397850036621	11.7798490524292	12.716588020324707
8	407	forms	9.684211730957031	8.829959869384766	11.300260543823242	10.518651008605957
8	408	in	3.9569547176361084	3.2181906700134277	2.2758235931396484	2.0241594314575195
8	409	its	4.929821491241455	5.406683444976807	4.627074718475342	5.221850395202637
8	410	place,	9.722204208374023	6.007128715515137	6.587322235107422	5.999093532562256
8	411	as	4.191139221191406	3.6380136013031006	3.7319469451904297	3.662519931793213
8	412	do	8.618122100830078	5.961568355560303	5.878902435302734	6.294050216674805
8	413	several	9.65878963470459	4.953606605529785	4.713716506958008	5.001070022583008
8	414	buds.	14.639756202697754	17.281757354736328	15.412717819213867	15.448580741882324
8	415	Properly	10.864544868469238	10.624629974365234	10.4107666015625	10.081026077270508
8	416	cultivated,	9.608309745788574	5.344061374664307	4.896286964416504	5.56516695022583
8	417	these	5.990869522094727	3.1751935482025146	2.1130738258361816	1.7732332944869995
8	418	buds	12.020208358764648	9.889469146728516	6.655082702636719	5.393153190612793
8	419	will	4.211777687072754	3.545478582382202	2.377079963684082	1.8789113759994507
8	420	become	5.021379470825195	4.840451717376709	4.411486625671387	3.8791847229003906
8	421	bulbs	16.85578155517578	13.89973258972168	10.822267532348633	9.74703598022461
8	422	of	2.6213650703430176	2.7396624088287354	2.499619960784912	2.924295663833618
8	423	their	4.1530914306640625	4.123556613922119	5.8260040283203125	5.125387668609619
8	424	own.	4.997650146484375	5.074130058288574	3.3372867107391357	2.8711655139923096
8	425	The	2.631737232208252	2.5255744457244873	2.465233325958252	2.3094143867492676
8	426	'tulip	20.179248809814453	19.869483947753906	20.003198623657227	19.711477279663086
8	427	breaking'	11.743839263916016	11.70286750793457	12.129877090454102	12.206521034240723
8	428	virus,	12.446554183959961	11.23550796508789	10.640837669372559	11.6520357131958
8	429	which	2.4388842582702637	1.9394972324371338	1.5909770727157593	1.3081523180007935
8	430	many	7.362756729125977	6.698860168457031	7.134509086608887	7.6081767082214355
8	431	botanists	17.188676834106445	12.45675277709961	11.596667289733887	12.605986595153809
8	432	have	2.706885576248169	2.8056423664093018	2.466195821762085	2.840869426727295
8	433	studied,	11.991790771484375	8.258505821228027	7.9995012283325195	6.521352291107178
8	434	spreads	13.1835298538208	13.485770225524902	12.677377700805664	13.048811912536621
8	435	only	7.868694305419922	6.206080436706543	6.178817272186279	4.908211708068848
8	436	through	8.20870304107666	3.3213768005371094	2.492668628692627	2.9922008514404297
8	437	buds,	18.415103912353516	16.809131622314453	13.046575546264648	13.500977516174316
8	438	not	5.4117326736450195	5.000582695007324	3.4322152137756348	2.4940850734710693
8	439	seeds,	18.414432525634766	7.230163097381592	5.409843921661377	5.500216484069824
8	440	and	2.33910870552063	2.580732822418213	2.275473117828369	1.8078962564468384
8	441	so	5.379825115203857	5.072355270385742	4.134862899780273	4.163649082183838
8	442	cultivating	14.262176513671875	13.082637786865234	11.303062438964844	10.504294395446777
8	443	the	1.3635950088500977	1.9865471124649048	2.0660641193389893	2.0855493545532227
8	444	most	4.993878364562988	5.319072723388672	6.18015193939209	5.573746681213379
8	445	appealing	8.478348731994629	8.045867919921875	7.611008167266846	8.114748001098633
8	446	varieties	15.102773666381836	10.171204566955566	9.2285795211792	7.276059150695801
8	447	takes	11.885846138000488	11.654298782348633	12.181219100952148	12.065068244934082
8	448	years.	10.978694915771484	8.785135269165039	7.601417541503906	8.09518051147461
8	449	Propagation	15.903568267822266	15.191793441772461	11.878938674926758	12.190729141235352
8	450	is	3.788161516189575	2.3151121139526367	1.7837806940078735	1.337834119796753
8	451	greatly	8.973551750183105	7.414776802062988	7.0440826416015625	7.329479694366455
8	452	slowed	8.437609672546387	7.469107627868652	5.488968849182129	3.9773826599121094
8	453	down	0.757927417755127	1.5333609580993652	1.2868380546569824	1.558463215827942
8	454	by	3.7583069801330566	3.0845017433166504	1.7724112272262573	1.0243738889694214
8	455	the	1.1369578838348389	1.6964912414550781	1.5402354001998901	1.3050684928894043
8	456	virus.	11.876267433166504	11.683945655822754	9.806878089904785	9.602815628051758
8	457	Tulips	18.064767837524414	17.704679489135742	17.632434844970703	15.867288589477539
8	458	bloom	8.78987979888916	6.6737518310546875	6.905208587646484	6.453846454620361
8	459	in	1.6941900253295898	1.3066436052322388	1.2083380222320557	1.363383173942566
8	460	April	6.719594955444336	6.231926918029785	5.3961873054504395	4.373937606811523
8	461	and	5.903134346008301	3.290043354034424	1.5769822597503662	2.9461917877197266
8	462	May	9.42392349243164	4.118960857391357	2.365440607070923	1.7407090663909912
8	463	for	7.801000118255615	5.938889980316162	5.074867248535156	4.901480674743652
8	464	about	7.64592170715332	5.930570125579834	6.251918792724609	5.608388900756836
8	465	a	2.9284749031066895	2.3761844635009766	2.473543643951416	2.2433433532714844
8	466	week,	8.29771614074707	6.768258094787598	3.394036054611206	3.139413833618164
8	467	and	3.0622406005859375	2.321319818496704	1.9788016080856323	1.9262326955795288
8	468	the	2.305114269256592	2.7250781059265137	2.951240062713623	2.9485068321228027
8	469	secondary	9.236859321594238	9.158552169799805	9.388422012329102	9.580709457397461
8	470	buds	14.70401668548584	12.435542106628418	12.334556579589844	13.253347396850586
8	471	appear	8.456602096557617	5.966489315032959	6.101123809814453	5.2742695808410645
8	472	shortly	11.395842552185059	7.724396228790283	5.767449378967285	7.057233810424805
8	473	thereafter.	7.455133438110352	3.826812744140625	3.971776008605957	4.108058929443359
8	474	Bulbs	17.425992965698242	17.37467384338379	17.182884216308594	11.026551246643066
8	475	can	4.548226833343506	2.9350194931030273	3.9161624908447266	3.269636869430542
8	476	be	1.0810734033584595	0.7045941948890686	0.6896536350250244	0.857765793800354
8	477	uprooted	13.47904109954834	12.408434867858887	12.873099327087402	13.011168479919434
8	478	and	3.0600292682647705	1.5468562841415405	1.5956461429595947	1.5926311016082764
8	479	moved	9.041932106018066	5.676577091217041	4.527290344238281	4.592850685119629
8	480	about	6.463759422302246	5.581142902374268	4.879286766052246	5.464127540588379
8	481	from	8.4126558303833	4.892703533172607	4.989363193511963	4.366101264953613
8	482	June	7.950262069702148	7.810326099395752	9.251230239868164	9.913216590881348
8	483	to	7.859444618225098	2.3750693798065186	2.1121058464050293	1.5004839897155762
8	484	September,	13.412747383117676	6.903159141540527	3.0420162677764893	3.1815025806427
8	485	and	3.372959852218628	2.780491352081299	2.565380811691284	2.5488617420196533
8	486	thus	7.9710373878479	7.423947334289551	6.209149360656738	6.93441104888916
8	487	actual	12.109746932983398	10.357460021972656	11.294560432434082	10.80032730102539
8	488	purchases	11.365318298339844	9.229034423828125	8.35753059387207	6.764155864715576
8	489	occurred	9.462919235229492	8.36402702331543	6.880025863647461	7.051196098327637
8	490	during	4.335866451263428	2.2240467071533203	2.3870625495910645	3.0380969047546387
8	491	these	6.656097888946533	5.4128875732421875	5.513277530670166	5.695096969604492
8	492	months.	8.126925468444824	5.6743292808532715	6.227390289306641	4.355339050292969
8	493	As	4.574535846710205	4.44064474105835	4.30277156829834	4.209478378295898
8	494	the	2.663316011428833	2.5781593322753906	2.563668966293335	2.437664031982422
8	495	flowers	11.853063583374023	10.438276290893555	10.723494529724121	10.532533645629883
8	496	grew	8.944242477416992	6.758831977844238	4.04267692565918	4.4511895179748535
8	497	in	2.552309989929199	2.6211891174316406	2.386284112930298	2.6999096870422363
8	498	popularity,	13.111978530883789	3.930054187774658	7.928339958190918	8.635300636291504
8	499	professional	9.34170913696289	9.56489372253418	9.630544662475586	10.448728561401367
8	500	growers	13.290855407714844	10.313319206237793	8.659869194030762	8.331279754638672
8	501	paid	8.160548210144043	9.118066787719727	7.782931804656982	8.248939514160156
8	502	higher	8.335951805114746	5.237483024597168	5.353897571563721	4.860371112823486
8	503	and	4.331811428070068	4.235540390014648	5.786263942718506	6.237516403198242
8	504	higher	8.757781982421875	2.1026062965393066	2.004689931869507	0.6885063052177429
8	505	prices	5.17342472076416	5.180742263793945	3.8324429988861084	2.7306647300720215
8	506	for	2.5561108589172363	1.5997084379196167	1.5642478466033936	2.097118616104126
8	507	bulbs	15.498327255249023	9.932100296020508	10.006093978881836	10.501644134521484
8	508	with	3.5819029808044434	3.51059627532959	4.058588027954102	4.373147487640381
8	509	the	1.2512949705123901	2.4145638942718506	3.132584571838379	2.8440279960632324
8	510	virus.	11.876267433166504	11.041872024536133	12.66602611541748	12.635621070861816
8	511	By	5.6814866065979	5.396817684173584	5.41140604019165	5.279498100280762
8	512	sixteen	12.549836158752441	12.725482940673828	12.759597778320312	12.816373825073242
8	513	thirty-four,	14.341997146606445	11.471892356872559	10.967872619628906	11.566325187683105
8	514	in	4.456748008728027	4.152638912200928	4.427678108215332	4.774353981018066
8	515	part	7.263926029205322	6.158654689788818	6.24680233001709	7.43986701965332
8	516	as	7.365619659423828	4.107314586639404	4.074489116668701	3.623136520385742
8	517	a	1.4127646684646606	1.6505975723266602	0.4836132228374481	0.38574421405792236
8	518	result	7.244455814361572	3.1807801723480225	3.7907612323760986	1.350898265838623
8	519	of	0.3296099901199341	0.29481151700019836	0.1564871072769165	0.043224483728408813
8	520	demand	10.946558952331543	9.340806007385254	9.11186408996582	9.609672546386719
8	521	from	4.301697731018066	3.5255062580108643	2.5988640785217285	1.8164379596710205
8	522	the	0.7917162775993347	1.471354603767395	2.098841905593872	1.92935049533844
8	523	French,	10.940300941467285	10.281900405883789	9.445176124572754	9.632412910461426
8	524	speculators	15.59524154663086	14.167510032653809	14.359675407409668	12.367709159851074
8	525	began	6.348781585693359	5.032485485076904	4.742805480957031	4.531129360198975
8	526	to	0.7364976406097412	0.8427466154098511	0.7906422019004822	0.7171323299407959
8	527	enter	6.898358345031738	6.284264087677002	4.996433258056641	4.760385513305664
8	528	the	0.7142759561538696	1.0563313961029053	1.0007452964782715	0.3113207519054413
8	529	market.	8.848417282104492	8.048595428466797	6.946354389190674	6.5197038650512695
8	530	In	3.209677219390869	3.40793514251709	3.553943157196045	3.4083595275878906
8	531	sixteen	13.139608383178711	12.209141731262207	12.347661018371582	12.181740760803223
8	532	thirty-six,	13.937292098999023	14.02376651763916	12.30695915222168	12.420289993286133
8	533	the	3.4733595848083496	3.079944372177124	2.084409713745117	1.8355522155761719
8	534	Dutch	9.427679061889648	9.143208503723145	8.976475715637207	7.811941146850586
8	535	created	12.818612098693848	9.352116584777832	8.028054237365723	8.084375381469727
8	536	a	1.391370177268982	1.4529162645339966	1.3465156555175781	1.1912815570831299
8	537	type	8.31359577178955	7.9467387199401855	7.6652302742004395	6.997211933135986
8	538	of	0.158330500125885	0.3253695070743561	0.597427248954773	0.09136679768562317
8	539	formal	11.249475479125977	9.673482894897461	9.032068252563477	8.84674072265625
8	540	futures	12.08473014831543	12.750371932983398	13.628730773925781	14.337030410766602
8	541	markets,	7.110758304595947	3.993818998336792	3.76908016204834	6.252008438110352
8	542	which	3.4409971237182617	2.9597280025482178	2.5051636695861816	2.5849783420562744
8	543	merchants	12.716689109802246	11.520923614501953	12.469751358032227	11.496119499206543
8	544	used	5.466333866119385	5.228940010070801	5.17822790145874	5.023501396179199
8	545	to	0.5828109979629517	1.2041090726852417	0.42208683490753174	0.28279122710227966
8	546	sell	6.236893653869629	5.602765083312988	3.332773447036743	2.5801854133605957
8	547	and	4.991817474365234	4.296512603759766	4.47978401184082	4.5476508140563965
8	548	buy	8.002514839172363	4.105291843414307	3.3322362899780273	2.972639560699463
8	549	contracts	9.453298568725586	9.380203247070312	7.417734146118164	8.35527229309082
8	550	to	2.3614096641540527	2.367907762527466	2.1156375408172607	2.4610183238983154
8	551	buy	5.783427715301514	4.327603340148926	2.812344789505005	3.2913239002227783
8	552	bulbs	14.225055694580078	10.972233772277832	11.983111381530762	10.502138137817383
8	553	at	3.7760448455810547	3.280972719192505	2.90679669380188	3.0414419174194336
8	554	the	0.8910643458366394	1.4237266778945923	1.8997060060501099	1.7574141025543213
8	555	end	5.480605125427246	2.9665310382843018	2.688615322113037	3.962820529937744
8	556	of	0.10689409077167511	0.1817026287317276	0.07151766121387482	0.12626472115516663
8	557	the	0.8314511775970459	0.9192973971366882	0.8850398063659668	0.911906898021698
8	558	season.	9.072927474975586	8.505731582641602	5.558358192443848	5.478664398193359
8	559	Traders	15.387149810791016	15.515970230102539	15.198077201843262	15.55111312866211
8	560	met	9.21955394744873	8.728208541870117	8.626704216003418	8.664265632629395
8	561	at	4.081479072570801	2.304870843887329	1.9892209768295288	2.0680103302001953
8	562	taverns	15.801082611083984	12.707539558410645	10.686022758483887	10.669116020202637
8	563	and	0.9219555854797363	0.8872733116149902	1.1770803928375244	1.23223078250885
8	564	buyers	11.11434555053711	12.22397518157959	12.278501510620117	13.086660385131836
8	565	were	3.295558452606201	4.065227508544922	3.974081516265869	4.119942665100098
8	566	required	6.003772735595703	5.458825588226318	5.034488677978516	5.761627197265625
8	567	to	0.4915520250797272	0.16540519893169403	0.06757741421461105	0.051668714731931686
8	568	pay	5.649384498596191	4.308021545410156	3.146479368209839	2.1620590686798096
8	569	a	2.978158950805664	2.8856747150421143	2.770477294921875	2.0172955989837646
8	570	fee	9.481277465820312	3.10402774810791	3.2374534606933594	2.7377309799194336
8	571	per	5.183171272277832	4.746186256408691	5.303467750549316	5.712327003479004
8	572	trade.	13.904319763183594	10.620027542114258	9.249363899230957	8.666950225830078
8	573	People	7.347938537597656	6.833751678466797	7.492237091064453	7.401358127593994
8	574	were	3.016176223754883	3.4455928802490234	3.7461750507354736	4.018515586853027
8	575	purchasing	11.199256896972656	10.163999557495117	7.985217094421387	7.461088180541992
8	576	bulbs	14.044750213623047	10.277521133422852	10.1509428024292	10.826333999633789
8	577	at	3.7760448455810547	3.488968849182129	2.5574734210968018	2.2690200805664062
8	578	higher	9.309453964233398	5.545869827270508	6.612046718597412	5.520378589630127
8	579	and	4.331811428070068	4.863097190856934	5.204434394836426	5.577868938446045
8	580	higher	8.757781982421875	2.1026062965393066	0.7501271963119507	0.6487947702407837
8	581	prices,	6.590287208557129	6.842192649841309	5.086843967437744	4.562642574310303
8	582	intending	12.781367301940918	13.641632080078125	13.444798469543457	12.189295768737793
8	583	to	0.031039947643876076	0.18070335686206818	0.1717371940612793	0.18785884976387024
8	584	re-sell	14.371506690979004	11.372234344482422	8.994786262512207	8.490717887878418
8	585	them	3.1510932445526123	3.009070873260498	3.802968978881836	1.462383508682251
8	586	for	3.664337158203125	2.464508533477783	2.5763111114501953	2.411540985107422
8	587	a	2.124596357345581	2.493457794189453	1.800037145614624	1.7388441562652588
8	588	profit.	11.280569076538086	9.678147315979004	9.047532081604004	2.4424729347229004
8	589	However,	4.764096260070801	4.758528709411621	4.89336633682251	4.959794998168945
8	590	such	6.056741237640381	5.741532325744629	5.953988075256348	5.8823137283325195
8	591	a	2.3027918338775635	1.6193783283233643	1.660384178161621	1.6091618537902832
8	592	scheme	8.947046279907227	7.05718469619751	5.603318214416504	4.655849456787109
8	593	could	6.585907459259033	7.51764440536499	3.212385416030884	2.623746395111084
8	594	not	3.528447151184082	3.3145155906677246	3.748215436935425	2.8708250522613525
8	595	last	9.3804931640625	8.252012252807617	6.267068862915039	6.921552658081055
8	596	unless	14.963265419006348	7.41279411315918	7.0950493812561035	5.50645637512207
8	597	someone	7.056241035461426	4.099392890930176	3.783298969268799	4.138425827026367
8	598	was	3.83443021774292	3.915109157562256	5.020515441894531	5.280154228210449
8	599	ultimately	8.984529495239258	9.196671485900879	9.766736030578613	9.845027923583984
8	600	willing	9.542845726013184	7.4749321937561035	5.608417987823486	4.9092817306518555
8	601	to	0.004928156733512878	0.05209258571267128	0.022589802742004395	0.03778930753469467
8	602	pay	5.649384498596191	2.7848594188690186	3.2777750492095947	3.1870155334472656
8	603	such	7.907742500305176	6.6699676513671875	6.495477676391602	5.877819061279297
8	604	high	9.073381423950195	4.619840621948242	5.015049457550049	2.140855073928833
8	605	prices	6.387372016906738	4.421492576599121	1.9516671895980835	2.0026395320892334
8	606	and	2.188032627105713	1.7124812602996826	2.1540093421936035	2.8730971813201904
8	607	take	6.774611473083496	6.846183776855469	7.781243324279785	7.02567195892334
8	608	possession	9.055842399597168	6.665002822875977	7.905941486358643	8.252483367919922
8	609	of	0.05978449434041977	0.09110935777425766	0.12416401505470276	0.1323864907026291
8	610	the	0.8314511775970459	2.371703624725342	1.0722219944000244	1.0219305753707886
8	611	bulbs.	15.317317962646484	14.191642761230469	14.92544937133789	14.049969673156738
8	612	In	3.8670058250427246	4.077310085296631	3.969076156616211	3.512080430984497
8	613	February	6.227475166320801	6.845885276794434	7.593122482299805	7.777001857757568
8	614	sixteen	16.194805145263672	12.947854042053223	12.649211883544922	12.468064308166504
8	615	thirty-seven,	14.738682746887207	9.782711029052734	14.812682151794434	15.283849716186523
8	616	tulip	15.844382286071777	14.023063659667969	13.307371139526367	13.456265449523926
8	617	traders	11.009742736816406	10.505051612854004	10.420130729675293	8.22627067565918
8	618	could	5.660449504852295	5.4136810302734375	5.435953140258789	5.095743179321289
8	619	no	6.727858543395996	6.116049766540527	5.562127113342285	4.903999328613281
8	620	longer	1.3664039373397827	0.04819954186677933	0.05219283699989319	0.06436273455619812
8	621	find	6.600851058959961	7.010379314422607	4.578414440155029	4.868638038635254
8	622	new	8.06407642364502	6.085352897644043	6.716315746307373	6.706860542297363
8	623	buyers	9.779420852661133	7.833539009094238	6.967979431152344	7.21692419052124
8	624	willing	8.857220649719238	6.922419548034668	5.106717586517334	3.8559634685516357
8	625	to	0.004928156733512878	0.05167364329099655	0.04445892199873924	0.022597018629312515
8	626	pay	5.649384498596191	2.7848594188690186	1.3841623067855835	1.0255153179168701
8	627	increasingly	12.913745880126953	10.416910171508789	10.74680233001709	9.855177879333496
8	628	inflated	11.055916786193848	6.861497402191162	5.428365707397461	4.82200813293457
8	629	prices	6.390454292297363	3.3027384281158447	1.6119906902313232	1.5213050842285156
8	630	for	2.5561108589172363	1.8111867904663086	1.6646857261657715	0.8384100198745728
8	631	their	4.270962715148926	3.9866349697113037	4.4986186027526855	4.252531051635742
8	632	bulbs.	14.871203422546387	13.958393096923828	10.30627727508545	10.397038459777832
8	633	As	4.689725875854492	4.5575714111328125	4.592134475708008	4.428092956542969
8	634	this	5.330004692077637	4.850700378417969	4.883150100708008	5.049173831939697
8	635	realization	10.991616249084473	8.699256896972656	9.510039329528809	9.110050201416016
8	636	set	11.846487998962402	7.686016082763672	5.094675540924072	4.625827312469482
8	637	in,	8.226798057556152	3.1988167762756348	2.471534252166748	0.6839333176612854
8	638	the	3.2520620822906494	2.9647135734558105	2.4758193492889404	3.205209493637085
8	639	demand	9.381101608276367	8.331984519958496	8.78348159790039	8.918972969055176
8	640	for	1.0410699844360352	0.5594518184661865	0.5586256384849548	0.5075174570083618
8	641	tulips	16.16172981262207	11.826740264892578	11.45450496673584	11.071298599243164
8	642	collapsed,	13.655064582824707	15.086333274841309	11.339323997497559	11.02154541015625
8	643	and	1.9627838134765625	1.9941775798797607	2.302144765853882	1.7524043321609497
8	644	prices	10.242588996887207	10.087064743041992	9.902692794799805	7.704958438873291
8	645	plummeted.	16.179521560668945	9.750819206237793	4.868129253387451	3.805335760116577
8	646	The	2.0620861053466797	2.1354429721832275	2.150230884552002	2.0544726848602295
8	647	speculative	12.631813049316406	10.810073852539062	9.433507919311523	10.005757331848145
8	648	bubble	8.901931762695312	5.434126853942871	2.0171515941619873	1.8918943405151367
8	649	burst.	10.422138214111328	6.7061967849731445	5.79009485244751	4.557456970214844
8	650	Some	5.674725532531738	5.55875301361084	5.424643039703369	5.678667068481445
8	651	were	5.706722736358643	3.771308183670044	4.2357707023620605	4.779209136962891
8	652	left	5.842304706573486	5.40921688079834	4.97934103012085	4.421225547790527
8	653	holding	9.6697998046875	5.017904758453369	5.463186264038086	5.2936482429504395
8	654	contracts	10.2297945022583	11.822505950927734	9.990893363952637	9.782196998596191
8	655	to	2.3614096641540527	2.3830862045288086	2.5873892307281494	2.4770889282226562
8	656	purchase	7.402651786804199	4.969000339508057	4.212527751922607	5.734981536865234
8	657	tulips	17.06763458251953	12.425694465637207	14.63727855682373	13.181384086608887
8	658	at	4.481567859649658	3.817901611328125	2.9350857734680176	3.4425606727600098
8	659	prices	12.65000057220459	9.496841430664062	6.424300670623779	6.089908599853516
8	660	now	7.886269569396973	6.420947551727295	6.7924604415893555	7.072310447692871
8	661	ten	10.17792797088623	10.399744033813477	8.06344985961914	7.619283676147461
8	662	times	3.2304975986480713	2.7922983169555664	0.5045232176780701	0.2781224846839905
8	663	greater	9.682087898254395	3.8498101234436035	3.750349760055542	3.4166557788848877
8	664	than	0.807599663734436	0.44782572984695435	0.31603097915649414	0.19920629262924194
8	665	those	5.626399993896484	5.042031764984131	3.1114885807037354	3.0333151817321777
8	666	on	4.959173202514648	4.610457420349121	5.009169578552246	5.079525470733643
8	667	the	0.8019846081733704	0.7556697130203247	1.0092071294784546	1.0009219646453857
8	668	open	8.56223201751709	7.073581695556641	7.609502792358398	6.880422592163086
8	669	market,	8.735898971557617	3.8304128646850586	2.368297576904297	2.4808523654937744
8	670	while	4.69014835357666	4.881161212921143	4.810822486877441	4.770524024963379
8	671	others	6.099687099456787	3.5072741508483887	3.790900945663452	4.02097225189209
8	672	found	7.124965667724609	5.825531959533691	6.487452030181885	6.95674467086792
8	673	themselves	6.432674884796143	3.2689032554626465	2.630913496017456	2.413343906402588
8	674	in	2.0749945640563965	1.5532768964767456	1.7242070436477661	2.1312384605407715
8	675	possession	8.55972671508789	6.568185329437256	5.83680534362793	6.6333184242248535
8	676	of	0.05978449434041977	0.06221744045615196	0.06218719109892845	0.016597086563706398
8	677	bulbs	14.546449661254883	13.828088760375977	13.563761711120605	13.850286483764648
8	678	now	7.628077507019043	7.102431774139404	7.709158897399902	7.300710678100586
8	679	worth	7.477753639221191	7.790814399719238	7.7244439125061035	5.999841690063477
8	680	a	2.167605400085449	3.08237624168396	2.896822214126587	3.1831650733947754
8	681	fraction	9.157840728759766	7.770753383636475	7.0080084800720215	4.803955554962158
8	682	of	0.010472453199326992	0.12128995358943939	0.04204103723168373	0.047306984663009644
8	683	the	0.8314511775970459	1.0149832963943481	0.859324038028717	0.8484787940979004
8	684	price	7.177502632141113	7.998560905456543	5.565865516662598	3.0482709407806396
8	685	they	8.17573070526123	5.4707818031311035	5.3417463302612305	4.290229797363281
8	686	had	3.6257309913635254	4.654026508331299	4.311255931854248	3.976287364959717
8	687	paid.	10.979971885681152	10.61382007598877	5.719487190246582	4.768764972686768
8	688	The	2.4753527641296387	2.4473965167999268	2.2829978466033936	2.33716082572937
8	689	event	7.081277847290039	7.611972808837891	7.6926679611206055	8.036796569824219
8	690	was	3.232893228530884	2.0191054344177246	1.9720358848571777	1.2902721166610718
8	691	popularized	11.639006614685059	12.131357192993164	12.142550468444824	12.647293090820312
8	692	in	2.2154343128204346	1.9962773323059082	2.3305766582489014	2.154188394546509
8	693	eighteen	13.058904647827148	12.321853637695312	12.396456718444824	12.57621955871582
8	694	forty-one	13.014116287231445	11.582051277160645	10.037825584411621	9.314033508300781
8	695	by	6.850265979766846	5.508730888366699	5.768555164337158	1.1538314819335938
8	696	the	1.1369578838348389	2.510281801223755	2.0835070610046387	1.977770209312439
8	697	book	6.845602989196777	8.21568489074707	7.881663799285889	8.245784759521484
8	698	'Extraordinary	15.937899589538574	14.05140495300293	13.436925888061523	15.72272777557373
8	699	Popular	5.412234306335449	3.4484357833862305	2.4373698234558105	2.0995678901672363
8	700	Delusions	12.822792053222656	7.210794925689697	3.996082305908203	2.9389700889587402
8	701	and	3.6680667400360107	2.532532215118408	2.052011013031006	1.5491743087768555
8	702	the	2.305114269256592	3.397047281265259	2.6860625743865967	2.3438475131988525
8	703	Madness	14.59836483001709	12.733251571655273	5.535045623779297	5.6416239738464355
8	704	of	1.7650386095046997	0.9133079648017883	0.7492795586585999	0.08866328001022339
8	705	Crowds',	24.04203224182129	20.135160446166992	16.08159065246582	15.600505828857422
8	706	that	5.460485935211182	5.314475059509277	5.333781719207764	5.23476505279541
8	707	a	4.63108491897583	5.625965118408203	5.207589626312256	5.287679195404053
8	708	British	8.595377922058105	7.8123579025268555	7.017907619476318	6.9885406494140625
8	709	journalist	6.554141998291016	4.319848537445068	4.489157676696777	3.806346893310547
8	710	Charles	7.997665882110596	5.1564106941223145	9.121997833251953	9.885354995727539
8	711	Mackay	10.722687721252441	8.255030632019043	7.243137359619141	7.454158782958984
8	712	wrote.	8.92270278930664	8.685733795166016	6.874382972717285	7.127877235412598
8	713	That	6.250093460083008	5.815868377685547	5.4197282791137695	5.356904029846191
8	714	crowds	16.475618362426758	15.024297714233398	14.150388717651367	12.778695106506348
8	715	of	2.1169896125793457	2.8883938789367676	2.374945640563965	2.32818603515625
8	716	people	5.661653518676758	2.495863437652588	1.2899612188339233	1.4546881914138794
8	717	often	7.582406520843506	7.775880336761475	7.974883079528809	5.779311656951904
8	718	behave	10.910375595092773	7.913547515869141	8.369318008422852	7.871191024780273
8	719	irrationally	13.208199501037598	6.10173225402832	5.59307861328125	5.518155097961426
8	720	was	7.190777778625488	7.122904300689697	9.50182056427002	9.881120681762695
8	721	the	3.51254940032959	3.7246081829071045	3.0824379920959473	3.2052807807922363
8	722	main	5.171630859375	4.9771857261657715	5.580641746520996	5.116358280181885
8	723	thesis	10.559210777282715	7.767678260803223	8.538053512573242	8.760046005249023
8	724	of	1.6082628965377808	0.9772805571556091	0.560377836227417	0.3630043566226959
8	725	the	0.8314511775970459	1.7036432027816772	1.3357075452804565	1.230966567993164
8	726	book,	8.242854118347168	8.16373348236084	5.05033016204834	3.9882571697235107
8	727	and	2.5245938301086426	2.5042786598205566	2.456946611404419	2.496284246444702
8	728	tulip	15.51813793182373	16.143373489379883	16.402193069458008	16.44405174255371
8	729	mania	9.318161010742188	5.731090068817139	4.595249652862549	3.9583988189697266
8	730	was	3.8465023040771484	3.5033538341522217	3.5383384227752686	2.824613332748413
8	731	one	5.074341773986816	5.354898929595947	5.040971755981445	4.965546607971191
8	732	of	0.42252814769744873	0.2522854208946228	0.33611956238746643	0.29559627175331116
8	733	the	0.8314511775970459	0.6822420954704285	0.5628545880317688	0.4874250888824463
8	734	primary	6.794366836547852	7.310197353363037	5.955051422119141	5.906543731689453
8	735	examples.	13.055274963378906	12.884980201721191	12.273828506469727	9.65455150604248
8	736	According	7.019021987915039	6.400692462921143	6.562856197357178	6.530701637268066
8	737	to	0.0020542037673294544	0.004187409766018391	0.004044220317155123	0.004193723667412996
8	738	Mackay,	17.103614807128906	12.323827743530273	12.469654083251953	11.957525253295898
8	739	at	6.3137030601501465	5.95573091506958	5.854424476623535	6.124723434448242
8	740	one	5.34292459487915	4.703122615814209	4.463329315185547	3.678612470626831
8	741	point	5.91372537612915	1.5219147205352783	0.7992962598800659	0.8056824803352356
8	742	twelve	14.388680458068848	11.185275077819824	10.841939926147461	11.669803619384766
8	743	acres	8.86443042755127	8.351421356201172	8.024496078491211	6.965757369995117
8	744	of	0.2096448540687561	0.5232605934143066	1.1392333507537842	1.2788782119750977
8	745	land	8.798185348510742	1.8894914388656616	1.4251476526260376	1.631536602973938
8	746	were	7.44135046005249	5.871984958648682	4.589881420135498	4.629934310913086
8	747	offered	6.937522888183594	7.261211395263672	6.441409111022949	6.421220779418945
8	748	for	2.775355100631714	4.017547130584717	2.2160792350769043	1.6117095947265625
8	749	a	2.124595880508423	3.698881149291992	3.847670316696167	4.687332630157471
8	750	Semper	16.974754333496094	15.910443305969238	16.19879913330078	16.700210571289062
8	751	Augustus	6.381166934967041	7.014227867126465	7.568188190460205	6.935468673706055
8	752	bulb.	17.67604637145996	15.800209045410156	12.671028137207031	12.393440246582031
8	753	He	4.2851762771606445	4.056678295135498	3.9521288871765137	3.7090840339660645
8	754	claims	8.072725296020508	6.250687599182129	5.5120415687561035	5.467319965362549
8	755	that	0.48692411184310913	1.0743358135223389	1.10233473777771	1.0148577690124512
8	756	many	6.219104766845703	5.674960136413574	5.313962459564209	5.6027631759643555
8	757	such	7.391537666320801	7.438446521759033	6.39154052734375	6.515368461608887
8	758	investors	13.1083345413208	8.890192985534668	7.6989946365356445	7.520238876342773
8	759	ruined	14.801337242126465	12.381567001342773	12.224540710449219	11.855367660522461
8	760	by	1.6164897680282593	2.6449646949768066	3.756077766418457	4.808559894561768
8	761	the	1.1369577646255493	1.4057753086090088	1.404430627822876	1.3966976404190063
8	762	fall	7.7141900062561035	7.997364521026611	6.581334590911865	5.909378528594971
8	763	in	2.097230911254883	4.067447662353516	3.7026758193969727	2.947420835494995
8	764	prices	12.846000671386719	7.477215766906738	3.942622184753418	3.7173781394958496
8	765	were	3.1766014099121094	5.8923563957214355	6.268094539642334	6.611204147338867
8	766	desperate,	12.212512016296387	12.13074016571045	12.797492027282715	13.137950897216797
8	767	and	2.0423967838287354	1.8603724241256714	1.54445219039917	1.6039772033691406
8	768	Dutch	10.67167854309082	12.670485496520996	12.217429161071777	10.983063697814941
8	769	commerce	11.563251495361328	9.805327415466309	10.07215690612793	9.234320640563965
8	770	suffered	10.837621688842773	8.344923973083496	7.757839679718018	5.567632675170898
8	771	a	2.386247396469116	2.0047271251678467	1.6220916509628296	2.0011236667633057
8	772	severe	8.278270721435547	3.3011209964752197	2.5734095573425293	3.0720207691192627
8	773	shock.	8.454963684082031	7.773695945739746	7.918379783630371	6.3889007568359375
8	774	In	4.031644344329834	3.405787467956543	3.673947334289551	3.9487967491149902
8	775	Mackay's	18.755958557128906	15.026902198791504	16.056249618530273	15.52383041381836
8	776	account,	8.336347579956055	4.223437786102295	4.0400919914245605	4.652093887329102
8	777	the	2.8414623737335205	2.697730302810669	1.6572431325912476	1.7585914134979248
8	778	panicked	14.57573413848877	13.361082077026367	11.453380584716797	11.28674602508545
8	779	tulip	18.057212829589844	12.661016464233398	12.474678993225098	13.14858627319336
8	780	speculators	14.229466438293457	12.622247695922852	10.005845069885254	8.20697021484375
8	781	sought	7.552844524383545	8.2661771774292	8.289066314697266	8.73459529876709
8	782	help	10.21816635131836	6.480832099914551	6.099520206451416	5.904823303222656
8	783	from	5.4605512619018555	0.7129762172698975	0.475485622882843	0.3696044981479645
8	784	the	0.7917162775993347	1.6873791217803955	1.572441816329956	1.568524718284607
8	785	government	5.775530815124512	6.594274520874023	5.647161483764648	4.762977600097656
8	786	of	3.2448906898498535	2.435438632965088	1.8902599811553955	3.012826442718506
8	787	the	0.8314511775970459	2.0946831703186035	2.389552116394043	2.3986153602600098
8	788	Netherlands,	9.90295124053955	10.176243782043457	6.621819972991943	6.175226211547852
8	789	which	3.6655495166778564	3.357210159301758	3.108680009841919	2.379905939102173
8	790	responded	9.881911277770996	8.400480270385742	8.316853523254395	8.540952682495117
8	791	by	3.9864485263824463	2.292210340499878	1.1371115446090698	0.997002124786377
8	792	declaring	9.014296531677246	5.187394142150879	5.143937110900879	4.164507865905762
8	793	that	1.637229561805725	1.4031856060028076	0.6575046181678772	1.1220439672470093
8	794	anyone	7.226165771484375	6.211165428161621	5.942835807800293	5.8802409172058105
8	795	who	0.937511682510376	1.8063452243804932	0.6168326139450073	0.5883525609970093
8	796	had	2.561211347579956	4.1362504959106445	4.164383411407471	4.9264984130859375
8	797	bought	7.406492710113525	6.412015914916992	5.532711505889893	5.280801296234131
8	798	contracts	11.000679969787598	10.192849159240723	9.301787376403809	9.80731201171875
8	799	to	2.3614096641540527	1.8724523782730103	1.4149742126464844	1.5400328636169434
8	800	purchase	7.402651786804199	4.969000339508057	3.448444128036499	4.706308841705322
8	801	bulbs	14.741372108459473	11.10733413696289	12.13983154296875	10.91287899017334
8	802	in	2.468447208404541	2.399296760559082	2.5747392177581787	2.7057323455810547
8	803	the	0.8811151385307312	1.1397416591644287	1.7136090993881226	1.698364496231079
8	804	future	6.6221466064453125	6.218013763427734	7.372982978820801	6.100037097930908
8	805	could	7.7550435066223145	5.766548156738281	5.17625093460083	3.7457714080810547
8	806	void	11.36080265045166	11.774948120117188	11.606353759765625	10.39061450958252
8	807	their	8.459224700927734	3.122255325317383	3.059675455093384	2.9978318214416504
8	808	contract	7.770070552825928	8.699531555175781	3.334095001220703	3.4361605644226074
8	809	by	4.625235557556152	4.284635543823242	2.6337380409240723	4.029994487762451
8	810	payment	10.762566566467285	8.898686408996582	9.014222145080566	8.140168190002441
8	811	of	1.4185749292373657	0.924165666103363	0.9271311163902283	0.6851508021354675
8	812	a	3.074387788772583	2.759483814239502	1.569726824760437	1.6850544214248657
8	813	ten	10.149243354797363	9.986247062683105	8.687225341796875	8.277241706848145
8	814	percent	4.04112434387207	2.71370267868042	3.375175952911377	1.056835651397705
8	815	fee.	14.497942924499512	10.479899406433105	7.430823802947998	7.556035041809082
8	816	Attempts	11.321479797363281	11.117446899414062	11.008666038513184	11.10077953338623
8	817	that	5.318326950073242	6.699736595153809	7.050058364868164	6.768130302429199
8	818	were	5.011057376861572	3.4302573204040527	3.5133819580078125	3.1796107292175293
8	819	made	5.272076606750488	4.818594932556152	2.1059679985046387	1.3495031595230103
8	820	to	3.510488986968994	2.1008501052856445	2.8265814781188965	1.6425894498825073
8	821	resolve	7.36176872253418	7.419011116027832	7.838235378265381	7.8485426902771
8	822	the	1.2911438941955566	1.3635131120681763	1.4941574335098267	1.281584620475769
8	823	situation	7.133141994476318	3.4076037406921387	3.834573745727539	4.222185134887695
8	824	to	4.243334770202637	3.6382453441619873	3.961784601211548	4.206962585449219
8	825	the	2.496473789215088	2.962456464767456	2.301412582397461	1.764081597328186
8	826	satisfaction	10.689729690551758	9.23779010772705	7.478270530700684	5.729903221130371
8	827	of	0.8205739259719849	0.36407265067100525	0.05955030396580696	0.051282741129398346
8	828	all	5.21090841293335	3.707365036010742	4.481777191162109	2.567438840866089
8	829	parties	6.860886573791504	6.817195892333984	2.7574844360351562	3.3312554359436035
8	830	were	2.863651990890503	3.6127707958221436	4.683628082275391	6.984563827514648
8	831	unsuccessful.	11.668350219726562	10.562893867492676	11.71186637878418	11.165061950683594
8	832	The	2.391530752182007	2.0934932231903076	1.9299993515014648	1.8424062728881836
8	833	mania	13.894411087036133	14.024151802062988	14.530653953552246	14.093578338623047
8	834	finally	7.942189693450928	7.567151069641113	6.15543270111084	5.863117218017578
8	835	ended,	9.000094413757324	4.842249393463135	4.605320930480957	4.580872058868408
8	836	Mackay	13.374792098999023	13.813947677612305	13.559809684753418	14.50436782836914
8	837	says,	7.592919826507568	6.136708736419678	6.589637756347656	7.485810279846191
8	838	with	4.654428005218506	4.700342178344727	4.5272216796875	2.694363594055176
8	839	individuals	9.146645545959473	11.753731727600098	11.084115982055664	9.526721000671387
8	840	stuck	11.679265975952148	10.323186874389648	8.003239631652832	8.06289005279541
8	841	with	2.7102251052856445	3.1023550033569336	3.06817889213562	2.5210936069488525
8	842	the	1.2512949705123901	1.65778386592865	1.699477195739746	2.426799774169922
8	843	bulbs	13.033370018005371	12.062021255493164	12.063243865966797	11.899372100830078
8	844	they	7.78276252746582	5.655067443847656	5.200921058654785	4.762138366699219
8	845	held	8.111860275268555	7.385619163513184	7.514297962188721	7.636350631713867
8	846	at	3.625217914581299	4.281612873077393	4.349887847900391	4.169901371002197
8	847	the	0.8910643458366394	1.430755615234375	1.527237892150879	1.7305277585983276
8	848	end	5.480605125427246	2.9665310382843018	4.272583961486816	4.164814472198486
8	849	of	0.10689409077167511	0.1817026287317276	0.07151766121387482	0.02918197214603424
8	850	the	0.8314511775970459	0.9192973971366882	0.8850398063659668	0.9119067788124084
8	851	crash.	11.755599975585938	11.80544662475586	11.457090377807617	11.086888313293457
8	852	No	5.471005916595459	5.309237003326416	5.246284484863281	5.371063709259033
8	853	court	11.817822456359863	8.058446884155273	7.4664306640625	7.611642837524414
8	854	would	4.7992448806762695	3.6041910648345947	4.589137077331543	4.638767719268799
8	855	enforce	9.292137145996094	6.728165149688721	5.2354736328125	5.393858432769775
8	856	payment	8.7656831741333	7.773839950561523	7.830358505249023	8.206664085388184
8	857	of	1.4185750484466553	0.8408193588256836	0.8001942038536072	0.6370890736579895
8	858	a	3.074387788772583	2.759483814239502	3.2673275470733643	2.8323075771331787
8	859	contract,	10.422683715820312	10.001920700073242	8.099308013916016	8.644317626953125
8	860	since	6.80735445022583	6.502668857574463	6.494433403015137	7.535615921020508
8	861	judges	12.435059547424316	10.796857833862305	9.503786087036133	9.270608901977539
8	862	regarded	11.18201732635498	9.038990020751953	9.949891090393066	10.599015235900879
8	863	the	3.757596731185913	1.5768756866455078	1.6336654424667358	1.6713579893112183
8	864	debts	12.447300910949707	12.520342826843262	11.085593223571777	10.479512214660645
8	865	as	4.782444953918457	5.467854022979736	2.7842743396759033	1.5635228157043457
8	866	contracted	13.342537879943848	9.881318092346191	9.739593505859375	9.195250511169434
8	867	through	5.145912170410156	4.865350723266602	5.189029693603516	5.271521091461182
8	868	gambling,	14.381611824035645	12.239776611328125	11.554454803466797	11.830636978149414
8	869	and	2.082595109939575	2.512240409851074	2.5600407123565674	2.686438798904419
8	870	thus	7.9710373878479	6.192872047424316	5.379860877990723	4.808489799499512
8	871	not	4.364217758178711	4.4770355224609375	4.901494026184082	4.843031883239746
8	872	enforceable	10.303833961486816	8.990434646606445	8.164440155029297	7.567317962646484
8	873	by	1.7704311609268188	1.8451297283172607	1.4989677667617798	1.3642756938934326
8	874	law.	9.028743743896484	4.483661651611328	4.82036828994751	4.5613555908203125
8	875	Although	5.6024980545043945	5.996450901031494	5.708466529846191	5.598390579223633
8	876	Mackay's	18.518524169921875	15.835636138916016	15.72209358215332	16.113025665283203
8	877	book	5.171161651611328	3.8074822425842285	5.489099502563477	5.894075870513916
8	878	is	2.489330291748047	2.6669557094573975	1.6385688781738281	1.499724268913269
8	879	a	1.9627187252044678	2.359950065612793	2.081712007522583	2.4637553691864014
8	880	classic	7.899392127990723	6.300699234008789	5.005496978759766	4.661745071411133
8	881	that	6.639871597290039	5.547161102294922	5.040428161621094	3.5253310203552246
8	882	many	6.219104766845703	5.372611999511719	4.759405136108398	4.164640426635742
8	883	publishing	12.865293502807617	12.120160102844238	12.512749671936035	12.747415542602539
8	884	houses	8.770223617553711	1.786802053451538	0.8495901226997375	0.4826214611530304
8	885	continue	9.995765686035156	6.978480815887451	6.363727569580078	5.729517459869385
8	886	reprinting	16.90513801574707	15.146036148071289	10.543363571166992	9.478160858154297
8	887	today,	10.010416984558105	10.00511360168457	7.766274452209473	9.116827011108398
8	888	his	6.103796005249023	6.302179336547852	7.591297626495361	7.50632381439209
8	889	account	8.006492614746094	6.921658515930176	6.084049224853516	5.482080936431885
8	890	is	3.0343902111053467	3.664900064468384	2.3844692707061768	2.1848950386047363
8	891	contested.	13.357025146484375	12.240269660949707	11.29826545715332	12.707948684692383
8	892	Many	5.84504508972168	5.35228967666626	5.399292469024658	5.295504093170166
8	893	modern	8.776569366455078	8.144237518310547	7.1786017417907715	7.30067777633667
8	894	scholars	8.33024787902832	6.361948490142822	4.879964828491211	4.602954387664795
8	895	believe	5.648853302001953	5.085989475250244	2.6848273277282715	2.4035210609436035
8	896	the	3.4422857761383057	2.112318277359009	2.337792158126831	2.254004955291748
8	897	mania	12.995051383972168	13.202448844909668	11.543524742126465	12.510953903198242
8	898	was	3.8465023040771484	3.395707130432129	2.6452691555023193	2.542633056640625
8	899	not	3.1249823570251465	3.9239957332611084	3.559992551803589	3.5977485179901123
8	900	as	5.360215663909912	5.039257526397705	4.233620643615723	4.410219192504883
8	901	extraordinary	11.312932968139648	9.058679580688477	8.597870826721191	8.483940124511719
8	902	as	5.274409294128418	0.792227029800415	0.29340189695358276	0.24164876341819763
8	903	Mackay	17.297544479370117	14.285072326660156	14.492751121520996	14.452497482299805
8	904	described,	12.40233039855957	8.588613510131836	9.134418487548828	10.122541427612305
8	905	with	4.752898216247559	4.716067314147949	5.725106239318848	5.022557735443115
8	906	some	4.0753068923950195	3.4488728046417236	3.2076632976531982	4.257726669311523
8	907	arguing	12.608826637268066	10.082072257995605	7.827703475952148	9.249260902404785
8	908	that	0.35107579827308655	2.52561092376709	0.7773485779762268	0.40483206510543823
8	909	the	2.4105913639068604	1.5673617124557495	1.8181612491607666	1.7978686094284058
8	910	price	7.177502632141113	6.706107139587402	6.938565254211426	6.315836429595947
8	911	changes	7.381342887878418	7.130477428436279	6.67305850982666	6.815064907073975
8	912	may	6.124886512756348	4.701164245605469	5.2109055519104	4.513594150543213
8	913	not	2.8288776874542236	3.071580171585083	2.3173348903656006	2.109982967376709
8	914	have	3.2373666763305664	2.0106189250946045	2.9567153453826904	3.6007561683654785
8	915	constituted	11.507423400878906	10.786904335021973	10.218942642211914	9.44693660736084
8	916	a	1.699790358543396	1.1229887008666992	1.1441961526870728	1.1945281028747559
8	917	bubble.	11.830643653869629	10.972599983215332	10.95505142211914	11.680931091308594
8	918	Research	8.940764427185059	9.169503211975098	8.783702850341797	8.475553512573242
8	919	on	4.76752233505249	3.821244716644287	3.7858495712280273	3.255199432373047
8	920	the	0.8019846081733704	2.1998705863952637	1.545642614364624	1.5346035957336426
8	921	tulip	14.339306831359863	13.266161918640137	15.73359489440918	8.87417221069336
8	922	mania	9.318161010742188	5.014124870300293	6.5304179191589355	2.7434473037719727
8	923	is	3.1753101348876953	2.437530755996704	3.049628257751465	3.837902069091797
8	924	difficult	6.686830043792725	7.30950403213501	7.729318141937256	8.205877304077148
8	925	because	6.476311206817627	4.063257217407227	4.539249420166016	4.490551948547363
8	926	of	1.9483177661895752	1.9748930931091309	2.0005016326904297	2.1138651371002197
8	927	the	0.8314511775970459	1.330069899559021	0.7926048636436462	0.6698678135871887
8	928	limited	9.996554374694824	9.647282600402832	6.240866661071777	5.037601470947266
8	929	data	6.355420112609863	5.072100639343262	5.235334873199463	5.264252185821533
8	930	from	2.86076283454895	3.525939464569092	4.013929843902588	4.068166732788086
8	931	the	0.7917162775993347	1.4979588985443115	1.4489388465881348	1.190861701965332
8	932	sixteen	13.487203598022461	11.889426231384277	11.99415111541748	11.7952299118042
8	933	thirties.	12.443142890930176	11.066863059997559	11.305765151977539	15.308015823364258
8	934	However,	5.763864994049072	6.309216499328613	5.863823890686035	5.963852882385254
8	935	some	4.50351619720459	4.746158599853516	4.901889324188232	4.947279930114746
8	936	modern	8.129521369934082	7.538801670074463	6.262019634246826	7.075938701629639
8	937	economists	7.876911163330078	7.6096272468566895	6.519711017608643	6.197363376617432
8	938	have	1.2787858247756958	2.2976133823394775	2.243729591369629	1.7662471532821655
8	939	proposed	8.899176597595215	6.2516679763793945	5.044309616088867	4.370758056640625
8	940	rational	12.726888656616211	10.963967323303223	9.190732955932617	7.413156032562256
8	941	explanations,	8.666996002197266	9.628108978271484	7.848414421081543	9.201525688171387
8	942	rather	6.390402317047119	5.028530597686768	4.88314151763916	5.309231281280518
8	943	than	0.11514159291982651	0.055529993027448654	0.09699725359678268	0.03932979330420494
8	944	a	2.257214307785034	3.082742691040039	3.5767433643341064	3.191894054412842
8	945	speculative	10.38611125946045	10.846345901489258	9.061103820800781	8.131868362426758
8	946	mania,	16.005210876464844	12.764440536499023	12.472054481506348	11.808551788330078
8	947	for	5.453089237213135	4.6585001945495605	4.402035236358643	3.9839518070220947
8	948	the	1.2972720861434937	2.53080677986145	2.1650569438934326	2.240831136703491
8	949	rise	7.73701286315918	8.11788272857666	7.2572760581970215	6.799847602844238
8	950	and	4.218774795532227	2.512706756591797	2.653578281402588	2.425720691680908
8	951	fall	8.408649444580078	3.0355894565582275	0.2917831242084503	0.42541107535362244
8	952	in	2.097230911254883	1.7290701866149902	2.5343098640441895	4.740838527679443
8	953	prices.	14.326204299926758	8.866962432861328	11.503074645996094	6.644293785095215
8	954	For	4.071673393249512	4.132451057434082	4.328247547149658	4.327070236206055
8	955	example,	0.6895763874053955	1.1921782493591309	0.9849302172660828	1.204231858253479
8	956	other	7.7810378074646	8.128805160522461	7.972678184509277	8.148857116699219
8	957	flowers,	11.64892578125	12.017406463623047	11.95999813079834	11.691718101501465
8	958	such	6.142526626586914	3.426576614379883	1.910648226737976	1.2589818239212036
8	959	as	0.24026373028755188	0.04430357739329338	0.027951352298259735	0.006816437467932701
8	960	the	2.2121758460998535	2.304549217224121	2.493417739868164	2.473435878753662
8	961	hyacinth,	17.419450759887695	16.13408660888672	14.501898765563965	9.012463569641113
8	962	also	5.617791652679443	5.781378746032715	5.437544822692871	5.625284671783447
8	963	had	4.227838039398193	7.555556297302246	6.407238960266113	6.535170555114746
8	964	high	8.723538398742676	6.282328128814697	6.415559768676758	7.040088653564453
8	965	prices	6.38737154006958	5.705570697784424	5.589533805847168	5.770643711090088
8	966	on	3.5230233669281006	3.2774901390075684	3.080076217651367	2.9751784801483154
8	967	the	0.8019847273826599	2.458408832550049	2.804896354675293	2.9021363258361816
8	968	flower's	14.03381633758545	13.72250747680664	14.0138578414917	14.312453269958496
8	969	introduction,	11.963104248046875	11.468317031860352	12.849120140075684	11.461247444152832
8	970	which	3.655134916305542	3.516559600830078	3.30733060836792	3.1339285373687744
8	971	then	6.788060665130615	6.925833225250244	6.776259899139404	6.526970863342285
8	972	fell	7.862199783325195	6.320608139038086	6.319711208343506	6.544499397277832
8	973	dramatically.	12.349326133728027	9.679595947265625	9.817100524902344	10.038253784179688
8	974	The	2.2566914558410645	2.0957794189453125	2.20025897026062	2.015521764755249
8	975	high	8.712411880493164	7.034860134124756	7.175348281860352	7.284487247467041
8	976	prices	6.38737154006958	5.111599445343018	4.299447059631348	3.8267550468444824
8	977	may	5.81859016418457	6.333704948425293	4.945459842681885	5.011974334716797
8	978	also	4.009925842285156	3.7988715171813965	3.7137017250061035	2.9161322116851807
8	979	have	3.3468124866485596	2.838604211807251	3.914511203765869	2.6741011142730713
8	980	been	1.031057357788086	4.0159406661987305	1.7935845851898193	1.8150440454483032
8	981	driven	6.0197038650512695	7.097380638122559	7.154501914978027	6.014158725738525
8	982	by	0.8606150150299072	1.2456815242767334	1.7119033336639404	0.9266836643218994
8	983	expectations	13.524717330932617	8.605386734008789	7.638057708740234	7.682815074920654
8	984	of	1.074812412261963	1.962935447692871	1.0241079330444336	1.1746926307678223
8	985	a	3.074387788772583	3.1996042728424072	2.9235100746154785	2.6776697635650635
8	986	parliamentary	10.463666915893555	9.320491790771484	9.28964614868164	9.034696578979492
8	987	decree	9.657402992248535	8.877161026000977	8.411741256713867	10.698444366455078
8	988	that	1.6533788442611694	2.735107660293579	2.4021804332733154	2.229879379272461
8	989	contracts	11.028543472290039	10.244139671325684	10.332771301269531	10.160524368286133
8	990	could	6.528476715087891	4.735345363616943	4.465640544891357	4.318665027618408
8	991	be	0.880750834941864	1.0726478099822998	0.713344395160675	0.7926247119903564
8	992	voided	13.65017318725586	10.486172676086426	7.118566036224365	5.486996650695801
8	993	for	4.581936836242676	3.372213840484619	3.2224276065826416	3.494978427886963
8	994	a	2.124596357345581	2.695491313934326	3.058176279067993	3.1251254081726074
8	995	small	4.729953765869141	5.732917308807373	5.647597789764404	5.539297103881836
8	996	cost,	9.689647674560547	9.739507675170898	7.650421142578125	7.486237525939941
8	997	thus	6.963560104370117	6.9098711013793945	7.45524263381958	7.312115669250488
8	998	lowering	9.734674453735352	4.662442684173584	4.476903438568115	4.410503387451172
8	999	the	0.6858052015304565	0.8421451449394226	0.8025184869766235	0.677482008934021
8	1000	risk	7.078985214233398	4.88010311126709	3.141097068786621	4.248528480529785
8	1001	to	3.2890565395355225	3.775329351425171	3.8874969482421875	4.12867546081543
8	1002	buyers.	15.024944305419922	11.84271240234375	11.835773468017578	11.227821350097656
8	1003	Despite	6.717136383056641	6.616677284240723	6.291420936584473	6.347896575927734
8	1004	these	5.77219295501709	3.3561384677886963	3.463320255279541	3.175123929977417
8	1005	disagreements	11.765909194946289	8.773170471191406	9.970410346984863	9.784137725830078
8	1006	about	3.1979644298553467	3.617558717727661	2.4504780769348145	2.7492780685424805
8	1007	whether	7.1808905601501465	2.6577353477478027	2.7602012157440186	2.731461524963379
8	1008	the	1.7606018781661987	2.053600311279297	1.9656355381011963	2.044862747192383
8	1009	phenomenon	9.918722152709961	9.066679000854492	8.726192474365234	8.773995399475098
8	1010	technically	15.70179557800293	12.489750862121582	10.944425582885742	10.917962074279785
8	1011	constituted	10.923019409179688	8.44351577758789	7.396725654602051	6.155828475952148
8	1012	an	3.263174057006836	3.626861333847046	2.6374711990356445	2.412407636642456
8	1013	economic	6.430373191833496	5.347960948944092	5.567671775817871	5.676130771636963
8	1014	bubble,	12.877850532531738	8.047649383544922	7.430471897125244	8.110097885131836
8	1015	the	2.8617208003997803	2.5244674682617188	2.929234743118286	3.073052406311035
8	1016	term	7.343650817871094	7.301939487457275	7.6621317863464355	7.303701877593994
8	1017	'tulip	18.15789794921875	14.370631217956543	14.384949684143066	16.050952911376953
8	1018	mania'	7.202620029449463	6.640108108520508	5.341071128845215	3.6004624366760254
8	1019	is	3.0413730144500732	2.5821304321289062	1.9299412965774536	2.018159866333008
8	1020	still	4.310187816619873	4.481426239013672	4.158125877380371	4.476497650146484
8	1021	often	7.700050354003906	7.645732879638672	7.165613174438477	7.594598770141602
8	1022	used	2.850224018096924	3.485201358795166	2.7102437019348145	2.4241206645965576
8	1023	metaphorically	16.474782943725586	8.39344596862793	9.682307243347168	9.229512214660645
8	1024	to	3.649989128112793	1.3833147287368774	1.0662238597869873	1.1220483779907227
8	1025	refer	8.527491569519043	5.151479721069336	2.855705738067627	1.7557991743087769
8	1026	to	0.036843959242105484	0.30207937955856323	0.039197616279125214	0.03489390015602112
8	1027	any	7.049953460693359	4.784468650817871	4.463208198547363	4.393013954162598
8	1028	large	8.064689636230469	7.397940635681152	8.043753623962402	7.837528228759766
8	1029	economic	7.6089935302734375	6.718538284301758	6.8418474197387695	7.099891662597656
8	1030	bubble,	12.877850532531738	9.189713478088379	8.461129188537598	9.01803970336914
8	1031	when	5.9186859130859375	5.572781085968018	5.762812614440918	5.591550827026367
8	1032	asset	14.878613471984863	9.515832901000977	6.404988765716553	6.959114074707031
8	1033	prices	6.180798530578613	1.2791540622711182	0.305096834897995	0.4891757369041443
8	1034	deviate	14.54453182220459	11.306451797485352	9.120574951171875	9.564841270446777
8	1035	from	0.33946552872657776	0.576492190361023	0.8307963609695435	0.6355979442596436
8	1036	intrinsic	14.577281951904297	10.751806259155273	9.141748428344727	7.21831750869751
8	1037	values.	5.364768981933594	5.734541416168213	4.019852638244629	2.924166440963745
9	0	Tourette's	16.512453079223633	16.512453079223633	16.512453079223633	16.512453079223633
9	1	syndrome,	2.4011924266815186	2.4011926651000977	2.4011924266815186	2.4011924266815186
9	2	a	3.7915689945220947	2.3258938789367676	2.3258938789367676	2.3258938789367676
9	3	neurological	12.131905555725098	5.607283592224121	2.5952060222625732	2.5952060222625732
9	4	disorder	3.696232318878174	1.5173609256744385	0.7040804028511047	0.3997419774532318
9	5	characterized	10.424202919006348	6.001683235168457	3.7012298107147217	1.69355309009552
9	6	by	0.42417997121810913	0.06800256669521332	0.039185330271720886	0.011936419643461704
9	7	repetitive,	15.900655746459961	10.325019836425781	7.632484436035156	6.415680885314941
9	8	involuntary	9.509242057800293	7.011723041534424	6.523393154144287	5.751906871795654
9	9	movements,	8.502099990844727	3.4950344562530518	3.4524004459381104	2.863091230392456
9	10	was	6.571186065673828	6.323485374450684	6.69540548324585	6.2631635665893555
9	11	named	6.354704856872559	6.546686172485352	7.201870918273926	7.130815029144287
9	12	for	4.258439540863037	3.9309539794921875	3.483572006225586	3.8298749923706055
9	13	Dr.	9.011699676513672	6.968768119812012	5.708770751953125	5.994438171386719
9	14	Georges	9.048857688903809	9.891159057617188	8.619346618652344	8.351669311523438
9	15	Gilles	8.509284973144531	9.17703914642334	8.94887638092041	8.33885669708252
9	16	de	1.9221910238265991	2.306943655014038	2.439718246459961	2.159623622894287
9	17	la	1.6817601919174194	1.671067476272583	0.1213715523481369	0.12012345343828201
9	18	Tourette,	15.23961067199707	12.341508865356445	3.95573353767395	3.2394556999206543
9	19	the	3.718275785446167	3.627401351928711	3.9642813205718994	3.2692184448242188
9	20	pioneering	11.523040771484375	9.41716194152832	9.775324821472168	8.990838050842285
9	21	French	9.012626647949219	5.827322006225586	5.217982292175293	3.4499030113220215
9	22	neurologist	13.30915355682373	9.568202018737793	7.112856388092041	2.4507861137390137
9	23	who	2.346569061279297	2.60690975189209	2.9185187816619873	3.317613124847412
9	24	first	9.672591209411621	5.974045753479004	4.970494747161865	4.164504051208496
9	25	described	9.593995094299316	5.911184310913086	3.4405112266540527	2.776442289352417
9	26	the	2.110644817352295	2.018941640853882	0.9891567230224609	0.9923319220542908
9	27	condition	8.330554008483887	6.780230522155762	6.141690254211426	5.584400177001953
9	28	in	3.13958477973938	3.986980438232422	2.893839120864868	1.689439296722412
9	29	an	4.259646892547607	4.6059956550598145	5.134682655334473	3.846897602081299
9	30	eighty-six-year-old	17.088499069213867	17.110763549804688	15.657999992370605	16.232887268066406
9	31	French	7.402271747589111	7.2167649269104	7.272724151611328	7.160093307495117
9	32	noblewoman.	16.49603271484375	11.677811622619629	10.856959342956543	11.911640167236328
9	33	It	3.7359557151794434	3.7525575160980225	3.7295825481414795	3.7149858474731445
9	34	is	1.2172108888626099	1.3933439254760742	1.3594672679901123	1.4308885335922241
9	35	almost	6.57894229888916	5.733419418334961	5.582709789276123	5.618381023406982
9	36	always	4.814535140991211	2.3425772190093994	3.1542866230010986	4.494794845581055
9	37	in	5.364130973815918	3.5074002742767334	3.983828067779541	4.19667911529541
9	38	childhood	9.893686294555664	11.256789207458496	10.95729923248291	11.523429870605469
9	39	that	4.906463623046875	3.7193517684936523	2.959397792816162	4.0371928215026855
9	40	the	2.4105913639068604	3.747819662094116	3.560643434524536	2.940202474594116
9	41	early	7.285545825958252	8.093287467956543	7.481871604919434	7.047609806060791
9	42	symptoms	10.498488426208496	8.663511276245117	7.259036064147949	6.473433971405029
9	43	of	0.5952942371368408	0.7212004661560059	0.3461047410964966	0.533814013004303
9	44	Tourette's	15.776307106018066	8.8923921585083	7.907255172729492	7.684909820556641
9	45	are	6.031570911407471	4.3042144775390625	2.776949167251587	2.7654008865356445
9	46	first	7.2451276779174805	7.803748607635498	7.968985557556152	8.664878845214844
9	47	noticed,	11.914297103881836	8.093382835388184	6.638073444366455	7.309877395629883
9	48	with	4.787050247192383	5.127725124359131	5.390837669372559	4.945638656616211
9	49	the	1.2512949705123901	2.25657320022583	1.8254785537719727	1.7602732181549072
9	50	average	7.002359867095947	7.181591987609863	7.4736433029174805	7.902700424194336
9	51	onset	12.81298542022705	10.869972229003906	10.838878631591797	10.060452461242676
9	52	between	10.116096496582031	6.3507184982299805	6.834038734436035	6.333123207092285
9	53	the	1.0734652280807495	1.9421496391296387	2.5992398262023926	2.1324350833892822
9	54	ages	10.864896774291992	5.910651683807373	3.3299224376678467	1.8843806982040405
9	55	of	0.6661140322685242	0.5720246434211731	0.044760022312402725	0.033459145575761795
9	56	seven	8.823677062988281	4.659933567047119	4.206221103668213	4.565069675445557
9	57	and	6.00774621963501	4.740379810333252	0.29818159341812134	0.32563039660453796
9	58	ten	10.007251739501953	3.8325083255767822	5.224027633666992	3.6006064414978027
9	59	years.	2.744663715362549	5.12477445602417	3.455517530441284	3.379711151123047
9	60	It	3.5925259590148926	3.3711819648742676	3.350341796875	3.3779854774475098
9	61	is	1.2172108888626099	1.5997209548950195	1.6497875452041626	1.5365030765533447
9	62	estimated	8.138317108154297	5.438991546630859	3.852416515350342	4.178970813751221
9	63	that	2.082667350769043	0.8751155138015747	0.15098440647125244	0.15621298551559448
9	64	two	7.148738861083984	6.478672504425049	6.518206596374512	6.614217758178711
9	65	hundred	5.810269355773926	5.473567485809326	3.9777159690856934	4.051254749298096
9	66	thousand	3.0477211475372314	2.705216884613037	2.446805715560913	1.3976836204528809
9	67	Americans	6.301123142242432	5.024767875671387	4.831655502319336	4.087697982788086
9	68	have	1.811352014541626	2.6830005645751953	2.898988723754883	3.114748001098633
9	69	the	3.7712786197662354	3.596761703491211	5.850001335144043	5.226858615875244
9	70	most	4.993878364562988	4.232790946960449	3.93418025970459	5.412260055541992
9	71	severe	7.515666961669922	6.099036693572998	5.914864540100098	5.650582313537598
9	72	form	6.379364967346191	3.2446558475494385	3.1704680919647217	4.308384895324707
9	73	of	0.15333455801010132	0.08309118449687958	0.08815399557352066	0.05520328879356384
9	74	Tourette's,	18.47079086303711	17.43642234802246	9.899733543395996	11.055302619934082
9	75	and	2.4884753227233887	2.6193647384643555	2.9583816528320312	2.7967591285705566
9	76	as	6.560087203979492	5.679396152496338	5.39567756652832	5.044338226318359
9	77	many	4.745829105377197	4.379791259765625	3.668548822402954	3.854757070541382
9	78	as	7.199864387512207	1.4550589323043823	1.3759397268295288	0.757881224155426
9	79	one	4.741718292236328	4.576225757598877	4.790185451507568	4.538800239562988
9	80	in	4.944161415100098	5.236663818359375	2.0179972648620605	1.946049451828003
9	81	a	2.58301043510437	3.25667142868042	2.2917675971984863	4.246933460235596
9	82	hundred	8.145471572875977	8.460432052612305	3.170949697494507	5.837599754333496
9	83	people	3.616034984588623	4.5179762840271	6.8906707763671875	2.4077255725860596
9	84	exhibit	13.370569229125977	11.46055793762207	11.798810958862305	12.194049835205078
9	85	milder	16.879535675048828	9.540696144104004	10.925127983093262	12.029664993286133
9	86	and	2.493710994720459	4.9802703857421875	4.716058731079102	5.3389763832092285
9	87	less	7.881959438323975	2.673236846923828	1.4876675605773926	1.140595555305481
9	88	complex	8.680400848388672	6.968926429748535	5.609745025634766	6.861138820648193
9	89	symptoms	9.976300239562988	9.621521949768066	8.94843578338623	8.247617721557617
9	90	that	3.324770927429199	2.7447216510772705	2.9651083946228027	3.09017276763916
9	91	include	8.278118133544922	4.719108581542969	3.77047061920166	4.3314433097839355
9	92	chronic	10.139572143554688	9.318694114685059	5.149494647979736	5.057160377502441
9	93	motor	8.911584854125977	7.962701797485352	8.050861358642578	9.414532661437988
9	94	and	5.366687774658203	3.9300906658172607	3.109593152999878	2.686856746673584
9	95	vocal	10.411416053771973	9.87781047821045	8.341861724853516	7.613312244415283
9	96	tics	11.62923812866211	8.752424240112305	9.062816619873047	6.065329074859619
9	97	or	3.2862977981567383	3.3984689712524414	4.2726945877075195	4.225037097930908
9	98	transient	11.023508071899414	9.706767082214355	9.373815536499023	9.415637969970703
9	99	tics	14.291882514953613	11.937108993530273	4.2058186531066895	4.59014892578125
9	100	of	3.723504066467285	3.7329392433166504	4.059063911437988	4.150464057922363
9	101	childhood.	12.07088565826416	8.329360961914062	10.666679382324219	9.5678071975708
9	102	For	5.012407302856445	4.377025604248047	4.481443881988525	4.502326965332031
9	103	the	2.6585605144500732	2.61741042137146	2.5940544605255127	2.8606069087982178
9	104	majority	6.008777618408203	5.738739013671875	4.467569828033447	4.374638557434082
9	105	of	0.0167827345430851	0.18026715517044067	0.0429803729057312	0.032744839787483215
9	106	people	5.661653518676758	3.544088840484619	3.4346632957458496	3.559748649597168
9	107	diagnosed	10.70110034942627	9.36613941192627	8.68056869506836	8.402820587158203
9	108	with	0.46163105964660645	0.10188619792461395	0.08699263632297516	0.06846193224191666
9	109	the	1.2512949705123901	3.4639673233032227	4.089042663574219	3.817018985748291
9	110	disorder,	13.314316749572754	12.009682655334473	4.882780075073242	4.522051811218262
9	111	Tourette's	10.241202354431152	10.917248725891113	10.721281051635742	10.76136302947998
9	112	is	4.607009410858154	4.738500118255615	1.7553999423980713	1.9417321681976318
9	113	not	2.546443223953247	3.0311532020568848	3.0287442207336426	2.9608304500579834
9	114	a	3.241400718688965	2.3957302570343018	1.8991968631744385	1.5822499990463257
9	115	chronic	10.44045352935791	9.527815818786621	9.411066055297852	6.428411960601807
9	116	condition	4.406322002410889	2.3943467140197754	2.5284337997436523	2.2318341732025146
9	117	with	4.18671178817749	3.8319647312164307	3.4984383583068848	4.07310676574707
9	118	symptoms	11.246159553527832	5.847455978393555	4.060724258422852	3.7674856185913086
9	119	lasting	12.219419479370117	6.090791702270508	4.470367431640625	4.561286926269531
9	120	a	2.7563040256500244	4.036293029785156	3.8644301891326904	3.8725671768188477
9	121	lifetime.	10.610127449035645	4.9844770431518555	5.333532333374023	6.206088066101074
9	122	Rather	7.899097919464111	7.895050525665283	7.801933288574219	7.730972766876221
9	123	it	7.1418280601501465	3.9224600791931152	4.218321800231934	4.4003520011901855
9	124	is	1.4371815919876099	1.150634765625	1.052438497543335	1.182936191558838
9	125	a	1.9627187252044678	2.970287561416626	2.0508840084075928	1.7769650220870972
9	126	condition	9.032647132873535	7.831392765045166	7.253159046173096	6.760916233062744
9	127	whose	9.634639739990234	7.303597450256348	6.778019428253174	8.022015571594238
9	128	severity	12.075581550598145	8.737424850463867	4.488780975341797	4.528618812561035
9	129	peaks	15.256257057189941	8.77234172821045	8.257722854614258	8.273706436157227
9	130	in	1.6551392078399658	1.7851252555847168	1.9500291347503662	1.952713131904602
9	131	the	0.8811151385307312	1.390716552734375	1.206824779510498	1.169943928718567
9	132	early	7.285545825958252	5.15248441696167	4.193544387817383	2.7730445861816406
9	133	teens,	10.189225196838379	7.956537246704102	8.901843070983887	8.232175827026367
9	134	with	4.740141868591309	4.426215171813965	4.471523284912109	4.405614376068115
9	135	improvement	12.020622253417969	11.734382629394531	10.550228118896484	10.540173530578613
9	136	occurring	13.223642349243164	10.389213562011719	4.93966007232666	3.7794783115386963
9	137	in	0.45660650730133057	1.2718502283096313	1.6509114503860474	1.7669862508773804
9	138	the	0.8811151385307312	1.4626103639602661	1.2682116031646729	1.397976040840149
9	139	late	7.656595230102539	5.8570332527160645	5.8335089683532715	5.675228595733643
9	140	teens	10.301639556884766	7.005491256713867	6.7807087898254395	5.770125389099121
9	141	and	2.3327159881591797	1.0771806240081787	0.8925598859786987	0.7493035197257996
9	142	continuing	9.510350227355957	9.661224365234375	7.037585258483887	9.690299034118652
9	143	into	6.016052722930908	4.807125091552734	3.0962181091308594	1.1308672428131104
9	144	adulthood.	12.019308090209961	6.68173360824585	6.000871658325195	2.6017961502075195
9	145	However,	4.549718856811523	4.463949203491211	4.282814025878906	4.351924896240234
9	146	approximately	9.923640251159668	8.447990417480469	8.877591133117676	8.478177070617676
9	147	ten	7.050492763519287	5.664868354797363	6.258359432220459	6.119225978851318
9	148	percent	4.04112434387207	3.8590445518493652	1.8334250450134277	0.9328683614730835
9	149	of	0.15409031510353088	0.5910320281982422	0.3505634367465973	0.18050135672092438
9	150	those	5.347250938415527	4.0023298263549805	4.084885597229004	3.9690661430358887
9	151	affected	7.854116439819336	6.479836463928223	5.70273494720459	5.468692302703857
9	152	have	11.019840240478516	4.296808242797852	3.5304131507873535	3.1768202781677246
9	153	a	2.500119686126709	3.2394824028015137	3.905172109603882	4.561933517456055
9	154	progressive	8.41580581665039	8.706541061401367	7.682397842407227	8.231553077697754
9	155	or	6.451373100280762	4.844968318939209	4.906146049499512	4.907463073730469
9	156	disabling	11.257842063903809	14.439495086669922	13.719217300415039	13.387779235839844
9	157	course	7.400426864624023	9.565394401550293	7.951683521270752	6.53033971786499
9	158	that	2.1464669704437256	5.427388668060303	6.306100845336914	4.100637435913086
9	159	lasts	9.80908203125	9.535565376281738	7.229651927947998	7.788758277893066
9	160	into	6.874327659606934	5.413331031799316	5.048873424530029	5.443678379058838
9	161	adulthood.	12.019308090209961	5.974446773529053	4.752564907073975	4.406922817230225
9	162	It	3.619513511657715	3.538414478302002	3.4350924491882324	3.3119592666625977
9	163	is	1.2172108888626099	1.237280011177063	1.2275031805038452	1.0897473096847534
9	164	not	2.546443223953247	2.6642441749572754	2.8088181018829346	2.805039882659912
9	165	uncommon	9.961189270019531	6.129450798034668	3.6249380111694336	3.027954339981079
9	166	for	2.8366096019744873	0.7897414565086365	0.7353305816650391	0.5937130451202393
9	167	symptoms	12.03610610961914	10.675374984741211	10.05950927734375	9.732938766479492
9	168	to	5.164258003234863	3.8604135513305664	0.6171489357948303	0.6496666669845581
9	169	be	2.424424886703491	2.474957227706909	1.7965493202209473	1.6532400846481323
9	170	present	8.042901039123535	7.074259281158447	5.484655380249023	4.970032691955566
9	171	for	3.461869716644287	3.113863468170166	2.811619281768799	3.609109401702881
9	172	an	4.080779075622559	4.616775989532471	4.2749762535095215	4.351109027862549
9	173	extended	6.302464485168457	4.262190818786621	3.2395057678222656	2.3173158168792725
9	174	period	6.607770919799805	1.7730941772460938	0.42763379216194153	0.34257733821868896
9	175	of	0.2547266483306885	0.23970206081867218	0.17722560465335846	0.23518076539039612
9	176	time	7.077810287475586	1.5585265159606934	1.156360149383545	1.0016117095947266
9	177	before	4.608902454376221	4.183010578155518	3.343597888946533	3.097517967224121
9	178	a	3.4265828132629395	3.8222413063049316	3.746872663497925	3.569556474685669
9	179	formal	8.389314651489258	6.568551540374756	6.468086242675781	7.051140785217285
9	180	diagnosis	9.909477233886719	7.711651802062988	7.074064254760742	6.336540222167969
9	181	of	0.48371240496635437	0.9098798036575317	0.604742169380188	0.8109043836593628
9	182	Tourette's	15.776307106018066	8.664009094238281	7.459444046020508	6.955840110778809
9	183	is	4.607009410858154	3.3904407024383545	3.503002166748047	3.3111133575439453
9	184	obtained.	12.085384368896484	12.970874786376953	13.271373748779297	10.853752136230469
9	185	The	2.3153247833251953	2.102652072906494	2.5291988849639893	2.4206573963165283
9	186	reasons	8.28696060180664	7.554303169250488	8.309667587280273	8.501993179321289
9	187	for	1.5868176221847534	1.0721355676651	0.7804203629493713	0.6922860741615295
9	188	this	4.0374555587768555	2.181166410446167	1.2472761869430542	1.5303242206573486
9	189	are	7.157494068145752	7.121570587158203	2.695561170578003	1.0541387796401978
9	190	many	6.238528251647949	6.656118392944336	5.613770008087158	5.295159339904785
9	191	and	6.911947250366211	5.939767837524414	4.351735591888428	3.335674524307251
9	192	may	7.510176658630371	5.487556457519531	6.4598069190979	6.106740951538086
9	193	include	5.679965019226074	4.130460739135742	3.6462972164154053	2.260587215423584
9	194	the	1.6994891166687012	2.247941017150879	2.6873013973236084	2.8960678577423096
9	195	fact	6.497512340545654	5.4359588623046875	6.300975322723389	6.70026159286499
9	196	that	0.15770947933197021	0.14797443151474	0.09659652411937714	0.1068156436085701
9	197	for	6.859366416931152	6.429472923278809	6.346301078796387	5.989851474761963
9	198	families	9.275437355041504	8.450684547424316	8.603191375732422	8.725919723510742
9	199	and	2.062753200531006	2.3845396041870117	2.98024320602417	3.661031723022461
9	200	physicians	10.981046676635742	9.255985260009766	8.314668655395508	8.202908515930176
9	201	unfamiliar	15.785088539123535	11.465807914733887	11.784744262695312	11.026690483093262
9	202	with	0.13347646594047546	0.034935057163238525	0.025993645191192627	0.02487395703792572
9	203	Tourette's,	17.121187210083008	18.58945083618164	14.259016036987305	13.526559829711914
9	204	mild	7.51877498626709	6.321193695068359	8.972603797912598	8.334638595581055
9	205	and	3.1964054107666016	4.469723701477051	4.8783488273620605	3.8848605155944824
9	206	even	6.102553367614746	6.311781883239746	6.066290855407715	6.136475086212158
9	207	moderate	10.586118698120117	8.606498718261719	7.541661262512207	6.04490852355957
9	208	tic	13.809547424316406	13.95957088470459	13.37887954711914	11.402335166931152
9	209	symptoms	7.759862899780273	4.628276824951172	3.128716230392456	3.5592596530914307
9	210	may	5.90557861328125	4.244950294494629	4.186992645263672	3.6444530487060547
9	211	be	0.5847705602645874	1.3558599948883057	0.9844799637794495	1.027566909790039
9	212	considered	4.849280834197998	4.8174943923950195	4.885544300079346	5.230849742889404
9	213	inconsequential,	15.676385879516602	11.709724426269531	11.352717399597168	13.597992897033691
9	214	part	8.693853378295898	8.559761047363281	8.770957946777344	9.11945629119873
9	215	of	0.032340601086616516	0.05135586857795715	0.01411651074886322	0.01211070641875267
9	216	a	3.074387788772583	2.118156671524048	1.6616642475128174	1.3866677284240723
9	217	developmental	11.492398262023926	10.466650009155273	10.012024879455566	9.193524360656738
9	218	phase,	9.693325996398926	5.547760963439941	6.716774940490723	5.8040876388549805
9	219	or	4.273540496826172	4.36760139465332	4.184846878051758	4.022726058959961
9	220	the	3.0269007682800293	3.140359401702881	2.9229681491851807	3.614041328430176
9	221	result	6.699893474578857	6.752468109130859	6.274383068084717	6.750542640686035
9	222	of	0.3296099901199341	0.440030574798584	0.15382875502109528	0.06719119846820831
9	223	another	7.164453506469727	6.708449840545654	6.454867362976074	5.992043495178223
9	224	condition.	11.882574081420898	10.280889511108398	10.729324340820312	10.247021675109863
9	225	For	4.1965742111206055	3.861680030822754	3.5731749534606934	3.040017604827881
9	226	example,	0.6895763874053955	1.1371632814407349	0.8735098242759705	0.6514959931373596
9	227	parents	9.150846481323242	8.288914680480957	7.626564025878906	8.021413803100586
9	228	may	5.371791839599609	3.112546682357788	2.512017011642456	1.9696482419967651
9	229	think	6.951965808868408	5.29684591293335	4.785977840423584	4.939149856567383
9	230	that	1.6789357662200928	1.587731957435608	1.6178325414657593	1.239058017730713
9	231	eye	10.907651901245117	11.201908111572266	11.021234512329102	11.309309959411621
9	232	blinking	13.214466094970703	8.818230628967285	7.554366588592529	6.9628214836120605
9	233	is	4.810323715209961	5.0199737548828125	2.8015406131744385	1.2100205421447754
9	234	related	7.6829633712768555	7.578909873962402	6.885934829711914	5.8880815505981445
9	235	to	0.04752327874302864	0.06555869430303574	0.040086593478918076	0.03635362163186073
9	236	vision	12.49680233001709	10.253927230834961	9.428848266601562	6.063809394836426
9	237	problems	10.61587905883789	5.456326007843018	4.32237434387207	3.4647247791290283
9	238	or	4.91368293762207	4.025801658630371	3.186096668243408	2.370370626449585
9	239	that	5.047694206237793	4.990691661834717	4.9427595138549805	5.56195592880249
9	240	sniffing	15.363980293273926	14.015982627868652	14.683853149414062	14.204788208007812
9	241	is	4.746255397796631	3.18564510345459	2.797532796859741	2.8485093116760254
9	242	related	7.6829633712768555	6.647666931152344	6.261556625366211	5.712183475494385
9	243	to	0.04752327874302864	0.06555857509374619	0.03666346147656441	0.038037776947021484
9	244	seasonal	14.040048599243164	9.904219627380371	9.027181625366211	8.836002349853516
9	245	allergies.	13.889339447021484	7.696470260620117	6.628236770629883	7.739705562591553
9	246	There	4.112973690032959	4.432830333709717	4.494561672210693	4.271200180053711
9	247	are	0.8086300492286682	0.9351732134819031	0.8481165170669556	0.8195646405220032
9	248	many	6.238528251647949	2.600390672683716	2.443349599838257	2.674691915512085
9	249	patients	6.9261908531188965	8.455743789672852	8.991231918334961	6.604154586791992
9	250	who	2.1520047187805176	2.3880696296691895	0.9365476369857788	0.8592565655708313
9	251	are	2.8070178031921387	1.9988723993301392	2.032372236251831	1.8448749780654907
9	252	self-diagnosed	16.048824310302734	14.51701831817627	10.283778190612793	10.403677940368652
9	253	after	6.4634857177734375	6.209405422210693	8.052224159240723	6.6234540939331055
9	254	they,	12.764132499694824	11.509391784667969	11.555598258972168	11.100029945373535
9	255	their	4.850510597229004	4.651026725769043	3.829928398132324	3.115629196166992
9	256	parents,	6.286520004272461	3.6323156356811523	3.4467880725860596	2.65897798538208
9	257	other	6.573979377746582	7.05600643157959	6.107961654663086	6.378188133239746
9	258	relatives,	10.755133628845215	2.3766486644744873	1.9378926753997803	1.4508095979690552
9	259	or	4.024863243103027	3.9157278537750244	2.246096134185791	1.3477281332015991
9	260	friends	9.719386100769043	4.490147590637207	4.954134464263916	2.132524013519287
9	261	read	9.285051345825195	8.692689895629883	9.838302612304688	10.502042770385742
9	262	or	5.77244758605957	5.007773399353027	4.461552619934082	4.257204055786133
9	263	hear	9.315866470336914	3.604062557220459	2.553488254547119	2.0121910572052
9	264	about	2.9130356311798096	3.245990514755249	2.1106765270233154	0.9604874849319458
9	265	Tourette's	17.772661209106445	16.69165802001953	16.497093200683594	16.6435546875
9	266	from	8.467414855957031	6.425930500030518	3.7124991416931152	3.9664969444274902
9	267	others.	9.603824615478516	9.655227661132812	8.55813980102539	6.283703804016113
9	268	Tics	15.548596382141113	15.305219650268555	10.305658340454102	9.1715669631958
9	269	are	3.084075927734375	1.535292148590088	1.4243781566619873	1.3948906660079956
9	270	classified	8.22514533996582	7.8050689697265625	7.578492164611816	7.646944046020508
9	271	as	2.2703933715820312	0.415255069732666	0.40251660346984863	0.44229578971862793
9	272	either	9.84716796875	5.268110275268555	4.452330589294434	3.7331535816192627
9	273	simple	9.54820728302002	7.940232276916504	8.17537784576416	7.36013650894165
9	274	or	5.410910606384277	1.9978036880493164	1.2690578699111938	0.7553989291191101
9	275	complex.	11.732671737670898	5.964530944824219	1.941695213317871	2.0991427898406982
9	276	Simple	9.202972412109375	7.835302352905273	7.536860466003418	5.465302467346191
9	277	motor	10.678630828857422	9.131514549255371	9.377927780151367	9.686205863952637
9	278	tics	16.434120178222656	14.10338306427002	9.434151649475098	9.50301742553711
9	279	are	2.85540771484375	2.634998321533203	2.0879757404327393	1.5569077730178833
9	280	sudden,	14.008148193359375	10.124553680419922	10.484528541564941	11.089094161987305
9	281	brief,	10.405742645263672	8.218012809753418	7.050204277038574	6.555346488952637
9	282	repetitive	7.839752674102783	7.7864885330200195	8.228486061096191	6.020122051239014
9	283	movements	7.012083053588867	7.651564121246338	4.982122421264648	3.959111213684082
9	284	that	3.7113089561462402	2.5644960403442383	2.042742967605591	1.9418493509292603
9	285	involve	10.621896743774414	7.000253677368164	5.552219867706299	6.4106574058532715
9	286	a	1.583417534828186	3.128377914428711	3.522939682006836	3.469186544418335
9	287	limited	7.724339008331299	6.618971824645996	6.849941730499268	6.580130100250244
9	288	number	5.791423797607422	1.2093174457550049	1.128772497177124	0.9987273812294006
9	289	of	0.030322188511490822	0.05796366184949875	0.045554738491773605	0.019166864454746246
9	290	muscle	9.646341323852539	9.584939002990723	9.672151565551758	10.197014808654785
9	291	groups.	8.80251693725586	6.996507167816162	4.220004558563232	3.530287027359009
9	292	Some	4.907373905181885	5.292550086975098	4.979848384857178	4.836574554443359
9	293	of	0.7504683136940002	1.6274328231811523	1.9109958410263062	1.9969133138656616
9	294	the	0.8314511775970459	0.9495090842247009	1.1312856674194336	0.9122475385665894
9	295	more	7.540301322937012	6.637672424316406	4.260820388793945	4.082923889160156
9	296	common	6.567627906799316	5.015622138977051	3.71740984916687	2.817410945892334
9	297	simple	9.055707931518555	11.068798065185547	9.195011138916016	8.976617813110352
9	298	tics	14.598854064941406	12.719157218933105	11.489675521850586	12.679879188537598
9	299	include	6.620003700256348	6.164165496826172	5.1944580078125	4.73751974105835
9	300	eye	11.041619300842285	5.303235054016113	5.688043594360352	5.068384647369385
9	301	blinking,	14.762657165527344	9.530289649963379	3.9398751258850098	3.327970266342163
9	302	facial	9.052165031433105	9.48502254486084	4.886447906494141	4.328787803649902
9	303	grimacing,	14.79495906829834	8.946359634399414	8.495535850524902	7.365616798400879
9	304	shoulder	9.352814674377441	8.854263305664062	7.5998101234436035	7.1538777351379395
9	305	shrugging,	13.551420211791992	6.60143518447876	4.850080966949463	4.310469627380371
9	306	and	2.830872058868408	2.614478826522827	1.4462946653366089	0.9648807048797607
9	307	head	8.352043151855469	7.849505424499512	7.510395526885986	4.733250617980957
9	308	or	6.002087593078613	6.937929153442383	8.690789222717285	8.28010082244873
9	309	shoulder	10.66701889038086	4.658153533935547	4.42928409576416	2.652379035949707
9	310	jerking.	15.819671630859375	12.01921272277832	12.962089538574219	12.127882957458496
9	311	Simple	10.775240898132324	10.8004150390625	9.147377967834473	9.486571311950684
9	312	vocalizations,	18.944538116455078	15.123044967651367	14.757462501525879	14.816020965576172
9	313	which	3.4441325664520264	3.731553792953491	4.447326183319092	4.47953462600708
9	314	motor	12.800858497619629	11.323990821838379	11.468381881713867	11.24557876586914
9	315	tics	16.434120178222656	11.964567184448242	8.19287395477295	8.108681678771973
9	316	typically	8.0042724609375	7.854084014892578	6.240699768066406	5.038938522338867
9	317	precede,	15.761391639709473	11.284265518188477	10.812844276428223	8.810461044311523
9	318	might	9.143696784973145	9.528152465820312	9.994153022766113	9.958168983459473
9	319	include	6.8074541091918945	5.581321716308594	5.707272529602051	5.304443359375
9	320	repetitive	12.428805351257324	9.34170150756836	10.125783920288086	9.803253173828125
9	321	throat-clearing,	19.361082077026367	18.022401809692383	16.766550064086914	15.830574035644531
9	322	sniffing,	9.818568229675293	9.476961135864258	8.726062774658203	7.408229827880859
9	323	or	3.92297101020813	3.764838457107544	3.488069534301758	3.0965566635131836
9	324	grunting	14.210027694702148	9.09249210357666	7.254642963409424	6.374433517456055
9	325	sounds.	7.060677528381348	4.744382858276367	4.958925247192383	2.673557996749878
9	326	Complex	11.354265213012695	13.148205757141113	11.99669361114502	12.003751754760742
9	327	tics	16.839750289916992	11.012807846069336	8.764620780944824	8.791145324707031
9	328	are	2.85540771484375	2.4606993198394775	1.533172845840454	3.0734870433807373
9	329	distinct,	12.237147331237793	10.255091667175293	10.528488159179688	10.413107872009277
9	330	coordinated	9.187614440917969	10.246556282043457	10.536166191101074	9.731498718261719
9	331	patterns	11.428512573242188	5.484708309173584	5.009810447692871	4.417996883392334
9	332	of	0.9777264595031738	0.6936701536178589	0.33026739954948425	0.35016778111457825
9	333	movement	9.803110122680664	6.518193244934082	4.948822021484375	4.553698539733887
9	334	that	3.884722948074341	4.119924068450928	2.7125141620635986	2.5413739681243896
9	335	involve	10.621896743774414	11.041719436645508	9.238885879516602	6.831462383270264
9	336	several	6.223696231842041	7.118071556091309	6.251296043395996	6.173989295959473
9	337	muscle	10.628068923950195	9.738237380981445	8.870638847351074	9.92251205444336
9	338	groups.	8.80251693725586	2.8968758583068848	2.3657920360565186	1.9026648998260498
9	339	Complex	11.668307304382324	10.009405136108398	10.254987716674805	9.53594970703125
9	340	motor	12.736379623413086	9.30224609375	5.130278587341309	4.825376510620117
9	341	tics	16.434120178222656	10.695075988769531	9.19615364074707	9.535527229309082
9	342	might	5.90297794342041	5.555373191833496	5.478944301605225	5.097778797149658
9	343	include	6.8074541091918945	5.617064476013184	4.834312438964844	4.285346508026123
9	344	facial	11.902764320373535	8.870624542236328	5.769711971282959	6.086426258087158
9	345	grimacing	13.410101890563965	11.584077835083008	11.013557434082031	7.920112609863281
9	346	combined	12.429767608642578	10.575343132019043	8.684582710266113	9.15466022491455
9	347	with	0.46084606647491455	0.06444667279720306	0.017148476094007492	0.013806398957967758
9	348	a	1.7183030843734741	2.2383995056152344	1.6173933744430542	1.536692500114441
9	349	head	7.960933685302734	7.22829532623291	8.12083911895752	7.17022180557251
9	350	twist	13.796509742736816	9.87930679321289	8.790399551391602	8.712133407592773
9	351	and	2.19730544090271	2.1954939365386963	2.1906347274780273	1.3954020738601685
9	352	a	3.659700870513916	4.557807922363281	3.0130889415740967	2.2125730514526367
9	353	shoulder	9.899158477783203	8.538583755493164	8.184038162231445	5.885458946228027
9	354	shrug.	14.80760383605957	8.877667427062988	8.075576782226562	4.740621089935303
9	355	Other	8.888260841369629	7.960795879364014	7.91304874420166	7.325186729431152
9	356	complex	9.756149291992188	11.093842506408691	11.092334747314453	11.278250694274902
9	357	motor	9.195514678955078	8.30205249786377	8.96794319152832	7.326803207397461
9	358	tics	16.434120178222656	10.210794448852539	9.114860534667969	9.397409439086914
9	359	may	4.84388542175293	4.3875274658203125	4.5109357833862305	2.9404096603393555
9	360	actually	6.5737833976745605	4.753957748413086	4.776710033416748	4.828820705413818
9	361	appear	6.871746063232422	6.936274528503418	6.719602584838867	6.601591110229492
9	362	purposeful,	18.939212799072266	15.178508758544922	13.890313148498535	12.568425178527832
9	363	including	7.174433708190918	6.192811012268066	6.368964195251465	6.320327281951904
9	364	sniffing	15.50454330444336	11.249566078186035	11.56682300567627	11.867091178894043
9	365	or	4.823124885559082	5.054481506347656	5.167433261871338	6.264126777648926
9	366	touching	10.41549301147461	4.050897121429443	4.6768341064453125	2.452275276184082
9	367	objects,	11.794097900390625	7.8812971115112305	7.690402030944824	6.751723766326904
9	368	hopping,	15.873473167419434	12.696465492248535	13.712913513183594	12.88864517211914
9	369	jumping,	4.608711242675781	3.5408387184143066	3.3625829219818115	3.271876335144043
9	370	bending,	8.200091361999512	7.4238362312316895	6.93042516708374	7.206123352050781
9	371	or	3.7187612056732178	3.0028316974639893	3.3611812591552734	3.7370517253875732
9	372	twisting.	14.861059188842773	6.336596488952637	4.788121223449707	4.567476272583008
9	373	Complex	11.956220626831055	11.571676254272461	10.910520553588867	10.672372817993164
9	374	vocal	16.53067398071289	8.379233360290527	9.032148361206055	9.038542747497559
9	375	tics	11.629239082336426	8.779926300048828	6.309290885925293	6.4778523445129395
9	376	include	6.620004653930664	6.025819778442383	4.574650764465332	4.975960731506348
9	377	words	8.4302978515625	7.990248203277588	7.295405387878418	7.060966491699219
9	378	or	4.492427349090576	3.2122960090637207	3.2786026000976562	3.771605968475342
9	379	phrases.	15.016122817993164	4.409689903259277	4.269140243530273	5.11527156829834
9	380	Perhaps	6.700728416442871	6.540750026702881	6.533753871917725	6.9716644287109375
9	381	the	1.7427177429199219	1.974288821220398	1.9732352495193481	2.1827616691589355
9	382	most	4.993878364562988	1.4706501960754395	1.411653995513916	1.5441216230392456
9	383	dramatic	7.468895435333252	5.955920696258545	5.344423770904541	5.77533483505249
9	384	and	4.505643844604492	3.550384521484375	3.4983553886413574	3.7860236167907715
9	385	disabling	12.362386703491211	10.015532493591309	9.882209777832031	9.630067825317383
9	386	tics	15.536748886108398	15.80663013458252	12.175683975219727	13.679743766784668
9	387	include	6.620004653930664	8.064393043518066	8.494694709777832	6.515707969665527
9	388	motor	10.834293365478516	7.733054161071777	6.153892993927002	6.145083427429199
9	389	movements	7.528942108154297	9.025431632995605	4.952156066894531	6.087931156158447
9	390	that	3.711308479309082	3.0858025550842285	2.8480639457702637	1.6744792461395264
9	391	result	8.863110542297363	6.430222511291504	5.430021286010742	4.911417007446289
9	392	in	2.2847840785980225	0.669234037399292	0.3137142062187195	0.14889191091060638
9	393	self-harm	14.890870094299316	12.241162300109863	11.363337516784668	9.575260162353516
9	394	such	6.369770526885986	6.66862154006958	6.011163711547852	5.816071033477783
9	395	as	0.24026373028755188	0.14317257702350616	0.05665493756532669	0.033502716571092606
9	396	punching	12.737828254699707	10.4462251663208	6.303215503692627	7.062042236328125
9	397	oneself	13.11630630493164	8.766563415527344	8.567307472229004	6.479815483093262
9	398	in	1.572681188583374	2.1036479473114014	0.3387286067008972	0.5376901626586914
9	399	the	0.8811151385307312	1.4687325954437256	0.2831086814403534	0.013542011380195618
9	400	face,	9.824007034301758	8.220321655273438	8.415390014648438	3.283517599105835
9	401	or	4.669713020324707	4.168442726135254	3.7410266399383545	3.4098548889160156
9	402	vocal	10.642620086669922	9.706931114196777	9.229393005371094	10.598695755004883
9	403	tics	11.629239082336426	8.502365112304688	8.121957778930664	8.706644058227539
9	404	including	7.0224199295043945	6.149072647094727	6.148371696472168	6.601771354675293
9	405	coprolalia,	18.29462242126465	14.00930404663086	15.140320777893066	12.599868774414062
9	406	which	3.385563611984253	3.4392712116241455	4.88255500793457	4.996644020080566
9	407	involves	7.23240327835083	7.134984970092773	6.567538261413574	4.0050482749938965
9	408	uttering	16.01700782775879	10.65117359161377	10.62038516998291	10.214193344116211
9	409	swear	9.308982849121094	7.325632572174072	7.175570011138916	5.835577964782715
9	410	words,	8.982559204101562	2.0332822799682617	1.7397146224975586	1.718787431716919
9	411	or	5.033945083618164	3.4027299880981445	3.9472544193267822	3.512812376022339
9	412	echolalia,	19.606945037841797	17.369293212890625	15.107860565185547	15.553077697753906
9	413	which	3.3598995208740234	3.33182954788208	3.063345432281494	4.087117671966553
9	414	involves	7.23240327835083	5.278707027435303	6.198390007019043	6.300065040588379
9	415	repeating	9.88338851928711	7.899460792541504	5.975153923034668	5.892731189727783
9	416	the	0.9685818552970886	0.9656903743743896	1.15822172164917	2.1107897758483887
9	417	words	7.8211750984191895	5.242673873901367	4.611220836639404	4.336270809173584
9	418	or	4.492427349090576	5.913529872894287	5.342225074768066	4.004087924957275
9	419	phrases	12.783719062805176	2.3134474754333496	2.64570951461792	1.7896108627319336
9	420	of	2.9827065467834473	2.8242313861846924	3.7015085220336914	3.2801709175109863
9	421	others.	9.382102966308594	9.97310733795166	9.242669105529785	6.598965644836426
9	422	Tics	15.548596382141113	15.331743240356445	14.959942817687988	14.509821891784668
9	423	are	3.084075927734375	1.535292148590088	1.4169443845748901	1.2700755596160889
9	424	often	5.295085430145264	3.8165409564971924	3.246150016784668	3.053631067276001
9	425	worse	8.881120681762695	7.6572370529174805	7.03499698638916	6.7303786277771
9	426	with	4.293551921844482	4.260991096496582	5.015669822692871	3.3052585124969482
9	427	excitement	12.498237609863281	11.289026260375977	11.712949752807617	11.408957481384277
9	428	or	5.603950500488281	4.548257827758789	3.7178285121917725	3.280150890350342
9	429	anxiety	10.594327926635742	5.213436126708984	4.625898361206055	4.998990058898926
9	430	and	1.1475341320037842	3.0191009044647217	3.372852325439453	3.034806489944458
9	431	better	7.75009298324585	8.455679893493652	8.09988021850586	8.838186264038086
9	432	during	8.898993492126465	8.598108291625977	10.28246784210205	9.18278694152832
9	433	calm,	17.107332229614258	12.437986373901367	12.683858871459961	11.723697662353516
9	434	focused	7.457019805908203	7.2491302490234375	6.5788493156433105	6.7024102210998535
9	435	activities.	16.460186004638672	11.494558334350586	8.382413864135742	6.7915215492248535
9	436	Certain	8.805957794189453	8.909626960754395	9.00596809387207	8.334552764892578
9	437	physical	8.230364799499512	7.766460418701172	6.453838348388672	5.023946285247803
9	438	experiences	8.205557823181152	7.692183017730713	7.221177101135254	7.434708595275879
9	439	can	5.228607177734375	4.05181884765625	2.1630759239196777	2.110309362411499
9	440	trigger	7.875472545623779	6.134074687957764	4.784609317779541	3.2011711597442627
9	441	or	4.39154577255249	5.762530326843262	5.435092926025391	5.217775821685791
9	442	worsen	13.208978652954102	10.878949165344238	5.56938362121582	4.101376056671143
9	443	tics.	17.692279815673828	14.499403953552246	13.309971809387207	12.306354522705078
9	444	For	4.740097999572754	4.240445137023926	4.155025005340576	4.096102237701416
9	445	example,	0.6895763874053955	1.2957347631454468	1.0567013025283813	1.1223711967468262
9	446	tight	11.094368934631348	11.76483154296875	10.872234344482422	10.560972213745117
9	447	collars	11.38888168334961	8.800384521484375	8.425130844116211	7.92302942276001
9	448	may	5.903836250305176	6.010857582092285	3.7661030292510986	3.223945140838623
9	449	trigger	9.449556350708008	7.797204494476318	7.310697555541992	6.957369804382324
9	450	neck	13.723828315734863	10.766005516052246	7.891880989074707	7.395133018493652
9	451	tics,	14.9691743850708	12.597419738769531	10.57323169708252	10.501626014709473
9	452	or	3.8666317462921143	3.8215887546539307	3.8842976093292236	4.395872116088867
9	453	hearing	8.995414733886719	6.153763771057129	5.859619140625	6.837282657623291
9	454	another	7.706690788269043	8.123625755310059	8.124153137207031	7.774303913116455
9	455	person	3.959630012512207	4.0247602462768555	1.715622067451477	0.9674731492996216
9	456	sniff	15.035770416259766	14.819438934326172	11.44102668762207	11.279816627502441
9	457	or	5.732794284820557	4.502405166625977	4.136952877044678	3.69736385345459
9	458	throat-clear	26.2181396484375	20.161218643188477	18.986316680908203	18.5570011138916
9	459	may	8.163246154785156	6.886545181274414	6.9103546142578125	6.307061195373535
9	460	trigger	9.449556350708008	7.220241546630859	6.88330602645874	5.9274067878723145
9	461	the	1.913719892501831	2.1651997566223145	2.266934394836426	2.3043999671936035
9	462	production	8.100921630859375	5.454904556274414	6.3156418800354	4.440437316894531
9	463	of	0.7315961122512817	0.7042862772941589	0.1457281857728958	0.15001250803470612
9	464	similar	9.295312881469727	8.023981094360352	8.108774185180664	7.887049198150635
9	465	sounds.	11.54010009765625	9.338518142700195	9.848199844360352	9.008740425109863
9	466	Tics	15.206766128540039	15.211834907531738	14.92308235168457	15.871389389038086
9	467	come	6.825871467590332	4.728791236877441	4.964288711547852	5.29531717300415
9	468	and	6.003583908081055	2.874089002609253	1.4653164148330688	2.57417631149292
9	469	go	7.169375896453857	2.8749632835388184	1.0829205513000488	0.9227327108383179
9	470	over	5.2517476081848145	4.7192606925964355	4.123147487640381	3.6059346199035645
9	471	time,	6.504288196563721	8.410379409790039	9.434724807739258	2.865835666656494
9	472	varying	11.428826332092285	10.313961029052734	11.154354095458984	10.760403633117676
9	473	in	4.535408973693848	2.15767765045166	2.121518135070801	2.7749295234680176
9	474	type,	13.839560508728027	7.272418975830078	7.957583427429199	7.664484977722168
9	475	frequency,	9.33935832977295	8.017242431640625	5.561087608337402	5.009673118591309
9	476	location,	8.16927719116211	4.597926139831543	5.265070915222168	5.456607818603516
9	477	and	2.185407876968384	0.7755049467086792	1.6049965620040894	1.0006144046783447
9	478	severity.	16.198240280151367	14.864395141601562	9.126340866088867	8.095386505126953
9	479	The	2.3905892372131348	2.3072545528411865	2.182494640350342	2.1311330795288086
9	480	first	3.7675909996032715	4.99519681930542	4.869266033172607	4.795794486999512
9	481	symptoms	11.228203773498535	9.444944381713867	4.974494457244873	6.447674751281738
9	482	Tourette's	20.20697593688965	16.744365692138672	16.189268112182617	17.06076431274414
9	483	patients	7.207542419433594	6.7181549072265625	4.58589506149292	3.4356143474578857
9	484	experience	10.498350143432617	4.927824974060059	3.3230724334716797	2.5433342456817627
9	485	usually	10.446731567382812	10.682403564453125	9.303013801574707	7.498672008514404
9	486	occur	8.064472198486328	5.021427631378174	4.028707027435303	4.069324493408203
9	487	in	0.6463766694068909	1.0001273155212402	1.7769393920898438	2.121934413909912
9	488	the	0.8811151385307312	1.6966246366500854	2.044607400894165	1.4528989791870117
9	489	head	6.9463725090026855	7.408431529998779	7.475416660308838	7.039905071258545
9	490	and	3.4589929580688477	2.6887075901031494	1.899656891822815	1.3555991649627686
9	491	neck	11.196691513061523	3.1995580196380615	2.753185272216797	2.5707108974456787
9	492	area,	8.335216522216797	5.69818639755249	5.3011064529418945	3.94819712638855
9	493	though	5.740313529968262	6.084779262542725	5.908951759338379	5.9300456047058105
9	494	they	2.6174256801605225	3.1292617321014404	3.3357725143432617	3.089498281478882
9	495	may	4.738224983215332	3.4334664344787598	3.333757162094116	2.9903621673583984
9	496	progress	11.263821601867676	9.347553253173828	9.887351036071777	9.169321060180664
9	497	to	1.7869869470596313	1.1729450225830078	1.3717137575149536	1.8195221424102783
9	498	include	6.721658706665039	6.193881988525391	5.827390670776367	6.828693389892578
9	499	muscles	12.746721267700195	11.883289337158203	11.72787857055664	11.177156448364258
9	500	of	3.4429678916931152	3.4337143898010254	2.8499627113342285	2.921459674835205
9	501	the	0.8314511775970459	1.190489411354065	0.4711429476737976	0.47313177585601807
9	502	trunk	10.983034133911133	10.840572357177734	7.437074184417725	5.349700927734375
9	503	and	2.0631890296936035	2.3484599590301514	2.1845388412475586	1.2050386667251587
9	504	extremities.	16.05781364440918	12.63416576385498	12.256453514099121	10.555547714233398
9	505	The	2.2620930671691895	2.1792097091674805	2.0201416015625	1.9176007509231567
9	506	symptoms	10.869422912597656	6.889068603515625	7.137026786804199	6.989116668701172
9	507	of	0.5952942371368408	1.0826283693313599	1.3573603630065918	1.2901111841201782
9	508	Tourette's	15.776307106018066	8.8923921585083	7.6462626457214355	8.737360000610352
9	509	are	6.031570911407471	4.304214954376221	2.776949167251587	1.710198163986206
9	510	involuntary,	14.763391494750977	9.950462341308594	9.623866081237793	8.102917671203613
9	511	but	3.222161054611206	2.4491865634918213	2.7271602153778076	2.7990806102752686
9	512	there	3.9934322834014893	4.2323994636535645	4.0875163078308105	3.920408248901367
9	513	are	1.1366287469863892	1.1587185859680176	1.2853291034698486	0.7937024831771851
9	514	some	5.6913604736328125	3.1991608142852783	2.600464105606079	2.5252227783203125
9	515	people	3.222979784011841	4.899141311645508	3.893951654434204	4.45734977722168
9	516	who	1.4281078577041626	2.855271816253662	0.630351185798645	0.6086450815200806
9	517	can	4.135242462158203	4.62255859375	4.742762565612793	3.935986042022705
9	518	sometimes	7.491880893707275	7.571100234985352	7.796184539794922	7.264457702636719
9	519	suppress,	14.662942886352539	13.674012184143066	14.62047290802002	14.677345275878906
9	520	camouflage,	9.135892868041992	12.154001235961914	10.9638090133667	11.236120223999023
9	521	or	3.9729111194610596	1.6726332902908325	1.2904037237167358	0.7655631303787231
9	522	otherwise	6.346368789672852	5.911555767059326	3.3439371585845947	3.458421230316162
9	523	manage	9.244243621826172	7.077057838439941	7.840675354003906	6.567676544189453
9	524	their	2.873688220977783	3.0688822269439697	2.964698314666748	2.801730155944824
9	525	tics	15.678413391113281	13.541282653808594	14.72120189666748	15.910954475402832
9	526	in	3.0184316635131836	3.4992868900299072	2.9263596534729004	2.748831272125244
9	527	an	4.259646892547607	5.098729610443115	4.183752059936523	3.3836965560913086
9	528	effort	5.4589033126831055	2.568599224090576	2.167698383331299	1.6837890148162842
9	529	to	0.2742829918861389	0.1479606032371521	0.015493080019950867	0.013486672192811966
9	530	minimize	8.509380340576172	6.301910400390625	5.7201642990112305	5.565629959106445
9	531	their	3.203817367553711	3.7711076736450195	3.953059196472168	3.9836368560791016
9	532	impact	7.086768627166748	3.137197732925415	2.815150022506714	2.3996388912200928
9	533	on	1.747024416923523	0.3668898046016693	0.2928321063518524	0.4331987500190735
9	534	functioning.	15.930061340332031	13.309233665466309	12.536760330200195	12.462471961975098
9	535	However,	4.738409042358398	4.694980621337891	4.334683418273926	4.417303085327148
9	536	people	6.42725133895874	6.222700119018555	6.210849285125732	6.537300109863281
9	537	affected	9.745136260986328	8.417200088500977	7.564521789550781	7.315589904785156
9	538	by	0.46302497386932373	0.21335197985172272	0.27822279930114746	0.26997825503349304
9	539	Tourette's	16.92327308654785	12.360638618469238	11.824997901916504	9.747118949890137
9	540	often	8.528080940246582	8.070699691772461	7.316020488739014	5.377239227294922
9	541	report	8.553851127624512	8.602252006530762	8.271899223327637	6.429871559143066
9	542	a	5.170324325561523	3.0810909271240234	3.319934368133545	3.056537628173828
9	543	substantial	7.251636028289795	7.45086145401001	6.411675453186035	7.803680419921875
9	544	buildup	11.043866157531738	8.71601390838623	8.67158031463623	8.83547306060791
9	545	in	2.733473300933838	2.1398215293884277	1.9773982763290405	1.7060447931289673
9	546	tension	12.102855682373047	8.65678882598877	7.38455057144165	7.536590576171875
9	547	when	6.209974765777588	4.344818115234375	4.925998687744141	4.745782852172852
9	548	suppressing	12.90464973449707	10.782658576965332	11.04735279083252	10.482364654541016
9	549	their	3.3078396320343018	4.057402610778809	3.7765328884124756	3.3262128829956055
9	550	tics	15.678413391113281	15.004390716552734	13.135650634765625	12.558025360107422
9	551	to	3.323913812637329	3.1750924587249756	3.0565083026885986	3.4248151779174805
9	552	the	2.496473789215088	2.8781774044036865	2.808556079864502	3.7679316997528076
9	553	point	6.721940994262695	5.416254997253418	2.535008430480957	1.6770867109298706
9	554	where	5.600229263305664	1.5261876583099365	1.0672667026519775	1.2283353805541992
9	555	they	2.1304783821105957	2.701261520385742	2.622438430786133	2.338761329650879
9	556	often	6.647195816040039	6.393953800201416	7.502718925476074	7.576964378356934
9	557	feel	6.220005035400391	4.628457546234131	4.599061012268066	3.6263275146484375
9	558	that	2.386021852493286	2.370577335357666	2.4758238792419434	3.453360080718994
9	559	the	2.4105913639068604	2.3400793075561523	2.119882106781006	2.2969284057617188
9	560	tic	14.605189323425293	14.341962814331055	14.229212760925293	14.291260719299316
9	561	must	8.682156562805176	7.9669084548950195	6.756251335144043	6.975481033325195
9	562	be	0.4372040331363678	0.891983151435852	0.8104504942893982	0.748102605342865
9	563	expressed.	11.633235931396484	10.41118049621582	7.925490379333496	8.040428161621094
9	564	Tics	15.802699089050293	15.31479263305664	15.329898834228516	7.302927017211914
9	565	in	3.450838565826416	3.7251200675964355	3.9521727561950684	4.084599494934082
9	566	response	6.850612163543701	6.624239444732666	4.264827728271484	4.974515438079834
9	567	to	0.16860787570476532	0.033256322145462036	0.02656448632478714	0.04377538338303566
9	568	an	6.084212779998779	3.931196689605713	3.6339170932769775	4.698577880859375
9	569	environmental	7.384770393371582	6.956330299377441	6.5708842277526855	6.898787498474121
9	570	trigger	12.269046783447266	8.281567573547363	8.434954643249512	6.533924579620361
9	571	can	7.041578769683838	4.758157730102539	5.266066074371338	5.486630439758301
9	572	appear	7.4397873878479	6.636578559875488	6.959095001220703	6.904633522033691
9	573	to	0.3995799422264099	2.3075289726257324	2.8274364471435547	2.259014844894409
9	574	be	2.424424886703491	0.673918604850769	1.1333976984024048	1.2597739696502686
9	575	voluntary	11.59908390045166	11.002016067504883	10.203169822692871	10.28038215637207
9	576	or	5.760796546936035	2.9474713802337646	2.9954235553741455	3.3392086029052734
9	577	purposeful,	18.55530548095703	12.791953086853027	10.924050331115723	11.340282440185547
9	578	but	2.6309337615966797	3.119987726211548	3.316054344177246	2.3805670738220215
9	579	are	6.260926723480225	6.801272869110107	5.091032028198242	4.944890975952148
9	580	not.	7.644383430480957	9.002069473266602	7.298910617828369	8.06351089477539
9	581	Many	6.061818599700928	5.712072372436523	5.505759239196777	5.614439010620117
9	582	people	1.84420645236969	2.4920809268951416	2.589681386947632	2.6845459938049316
9	583	with	3.8126795291900635	4.889798164367676	5.02659797668457	4.709885597229004
9	584	Tourette's	14.863207817077637	8.768996238708496	6.243133068084717	6.562081336975098
9	585	experience	9.516761779785156	10.233314514160156	7.592008113861084	4.989347457885742
9	586	additional	10.860605239868164	10.87004566192627	11.068957328796387	8.541894912719727
9	587	neurobehavioral	15.031129837036133	13.180161476135254	11.698668479919434	11.218589782714844
9	588	problems	4.6670637130737305	3.7942490577697754	3.7776477336883545	3.6264166831970215
9	589	that	2.5917680263519287	2.995471239089966	2.868420362472534	2.960684299468994
9	590	include	8.278118133544922	7.444465160369873	4.920679092407227	5.316084861755371
9	591	inattention,	17.249258041381836	15.391295433044434	10.36047077178955	7.505348205566406
9	592	hyperactivity	7.172217845916748	6.098042011260986	4.98924446105957	4.926161289215088
9	593	and	2.0467021465301514	0.47867751121520996	0.42293882369995117	0.3209925889968872
9	594	impulsivity.	16.485553741455078	5.227847576141357	3.75276255607605	3.2328364849090576
9	595	People	5.251033306121826	5.581995964050293	5.782040596008301	5.463300704956055
9	596	with	4.9280853271484375	1.3026626110076904	1.023017168045044	0.6308431029319763
9	597	Tourette's	14.863207817077637	8.360305786132812	6.622211456298828	7.2852582931518555
9	598	have	7.413281440734863	6.764694690704346	3.216663360595703	2.917661666870117
9	599	also	5.301722049713135	3.7715816497802734	3.499133825302124	4.707132339477539
9	600	reported	5.0814385414123535	4.818066596984863	4.657898902893066	3.9440274238586426
9	601	problems	10.093986511230469	8.084878921508789	4.753232955932617	3.777782440185547
9	602	with	2.217927932739258	0.6093323230743408	0.4692403972148895	0.36716771125793457
9	603	depression	10.530153274536133	10.483141899108887	10.1630277633667	10.498306274414062
9	604	or	4.209627151489258	2.758359670639038	2.9075851440429688	3.0934319496154785
9	605	anxiety	10.594327926635742	3.2407402992248535	1.6814584732055664	1.7323747873306274
9	606	disorders,	9.505465507507324	3.455228805541992	3.7177884578704834	3.1798906326293945
9	607	as	4.1502251625061035	4.300346851348877	3.5737295150756836	3.641723155975342
9	608	well	2.1790499687194824	0.6124080419540405	0.44948554039001465	0.20784343779087067
9	609	as	0.17599278688430786	0.07810091972351074	0.011634968221187592	0.010962620377540588
9	610	other	6.487666130065918	3.687541961669922	3.6788089275360107	3.3413519859313965
9	611	difficulties	9.615152359008789	10.442002296447754	8.592695236206055	8.485128402709961
9	612	Tourette's	21.505355834960938	21.171525955200195	20.252628326416016	19.236011505126953
9	613	syndrome	1.5172663927078247	1.602571725845337	4.1907734870910645	4.923874855041504
9	614	may	5.858611106872559	4.7835373878479	3.6030540466308594	2.703965425491333
9	615	or	10.081330299377441	6.346717357635498	5.5704874992370605	5.662868022918701
9	616	may	8.359855651855469	0.0206536203622818	0.02184799313545227	0.004327809438109398
9	617	not	2.8288776874542236	2.129875659942627	0.009895040653645992	0.0033971744123846292
9	618	directly	7.7120361328125	7.888819217681885	7.595703125	8.547674179077148
9	619	cause.	13.933930397033691	12.541543960571289	11.879450798034668	11.119789123535156
9	620	Tourette's	14.34196662902832	15.40528392791748	13.49580192565918	11.698394775390625
9	621	is	4.607009410858154	1.705260992050171	1.639154314994812	1.5337826013565063
9	622	a	1.9627187252044678	1.9093636274337769	1.2008417844772339	1.2114626169204712
9	623	diagnosis	11.127518653869629	10.95138931274414	6.468081951141357	6.6286540031433105
9	624	doctors	11.460345268249512	11.371232986450195	9.674820899963379	8.531230926513672
9	625	make	5.8940839767456055	6.621070861816406	3.4240286350250244	2.7959561347961426
9	626	after	11.316993713378906	8.027676582336426	5.731205940246582	3.675215721130371
9	627	verifying	11.074688911437988	9.990653991699219	9.050704002380371	7.404655456542969
9	628	that	1.741525650024414	1.2158067226409912	1.5149844884872437	1.4498411417007446
9	629	the	2.4105913639068604	1.1787033081054688	0.9128295183181763	1.0519092082977295
9	630	patient	9.628351211547852	7.445272922515869	6.264842987060547	6.08964729309082
9	631	has	3.3982763290405273	3.3637683391571045	2.8584210872650146	2.309217691421509
9	632	had	5.265344619750977	4.047762393951416	3.94875431060791	3.6615335941314697
9	633	both	7.833774566650391	6.802554607391357	6.664255142211914	6.622382640838623
9	634	motor	10.471996307373047	11.465737342834473	11.716933250427246	9.44976806640625
9	635	and	5.366687297821045	2.4188263416290283	1.9251604080200195	1.9472531080245972
9	636	vocal	10.411416053771973	9.87781047821045	8.353328704833984	6.193560600280762
9	637	tics	11.629239082336426	8.752424240112305	9.062816619873047	9.32688045501709
9	638	for	4.650189399719238	4.540238380432129	4.927260398864746	5.019859790802002
9	639	at	7.862799644470215	5.544888973236084	5.341305732727051	5.244184970855713
9	640	least	1.9146029949188232	0.034741517156362534	0.007122380193322897	0.007491024676710367
9	641	one	1.666990876197815	2.3090474605560303	2.559821367263794	2.8763461112976074
9	642	year.	7.541285514831543	7.580626487731934	7.775241851806641	3.439028263092041
9	643	The	2.2629973888397217	2.2365469932556152	2.184113025665283	2.236651659011841
9	644	existence	8.52898120880127	9.201108932495117	9.224674224853516	8.670536041259766
9	645	of	0.2347869873046875	0.09064830094575882	0.04216872900724411	0.04169398918747902
9	646	other	5.766242027282715	4.92780876159668	5.132021427154541	5.395721435546875
9	647	neurological	11.995677947998047	10.247269630432129	9.848841667175293	9.28895092010498
9	648	or	7.467133045196533	5.41330099105835	5.837754249572754	5.214330673217773
9	649	psychiatric	10.832565307617188	3.260800361633301	1.3932868242263794	1.1685394048690796
9	650	conditions	6.268812656402588	3.694551944732666	2.920116424560547	2.105161190032959
9	651	can	5.202132225036621	4.511768341064453	4.755138397216797	4.701106071472168
9	652	also	4.151360988616943	3.4936609268188477	2.863281726837158	2.8837289810180664
9	653	help	6.50888729095459	4.549140930175781	4.126823425292969	4.176562309265137
9	654	doctors	8.448318481445312	8.148343086242676	7.56884765625	6.065643310546875
9	655	establish	9.8410005569458	7.202157974243164	6.444380760192871	6.16220235824585
9	656	the	1.310357689857483	1.9906275272369385	2.1242010593414307	1.9044785499572754
9	657	diagnosis	11.27477741241455	9.874588012695312	5.105137348175049	4.697053909301758
9	658	of	0.48371240496635437	0.6252614259719849	0.7190887928009033	1.0572261810302734
9	659	Tourette's	15.776307106018066	8.664009094238281	7.185459613800049	7.282122611999512
9	660	is	4.607009410858154	3.3904407024383545	3.503002166748047	3.719233512878418
9	661	the	2.7464194297790527	3.1296839714050293	2.838618040084839	3.721501350402832
9	662	correct	8.135581016540527	6.863144874572754	7.580765724182129	7.80500602722168
9	663	one.	8.631583213806152	6.220213890075684	4.464690685272217	6.819963455200195
9	664	Knowledgeable	13.877634048461914	13.39603328704834	13.0497465133667	13.92025375366211
9	665	clinicians	9.60722541809082	7.003101348876953	6.943606376647949	6.6802849769592285
9	666	consulted	9.549066543579102	7.818275451660156	8.55560302734375	8.674614906311035
9	667	by	2.4527010917663574	2.6540679931640625	1.9072511196136475	2.2117691040039062
9	668	patients	10.307380676269531	8.455856323242188	5.2740631103515625	4.564352035522461
9	669	do	5.422424793243408	8.438748359680176	9.440434455871582	7.774033069610596
9	670	not	0.987105131149292	0.48901307582855225	0.28535765409469604	0.23244009912014008
9	671	often	7.142115592956543	7.010485649108887	5.684092044830322	5.878972053527832
9	672	misdiagnose	14.714727401733398	17.25802993774414	14.089950561523438	9.60528564453125
9	673	common	7.366372108459473	7.342413425445557	7.576860427856445	6.990573406219482
9	674	tics.	17.708269119262695	13.406087875366211	13.22212028503418	12.78378677368164
9	675	However,	4.932610034942627	4.64390754699707	4.439484596252441	4.250396251678467
9	676	atypical	13.853033065795898	12.444161415100098	11.525217056274414	10.932571411132812
9	677	symptoms	7.025676250457764	5.308831214904785	3.418217420578003	3.439662456512451
9	678	or	4.986812591552734	4.475935935974121	5.341041564941406	5.627437591552734
9	679	atypical	12.436429977416992	8.121909141540527	5.324786186218262	6.051516532897949
9	680	presentation	9.192900657653809	8.7945556640625	6.800690650939941	5.735836982727051
9	681	such	8.355162620544434	6.790192127227783	6.055660724639893	4.843555927276611
9	682	as	0.24026373028755188	0.17322783172130585	0.09137912839651108	0.08673764765262604
9	683	onset	17.03316307067871	12.329054832458496	12.034588813781738	9.066435813903809
9	684	of	0.012664754875004292	0.4338988661766052	0.32409965991973877	0.4748569130897522
9	685	symptoms	11.183819770812988	4.789218902587891	2.7338342666625977	3.7179477214813232
9	686	in	3.168752908706665	2.951425075531006	2.596789836883545	3.007932662963867
9	687	adulthood	11.402234077453613	6.9384379386901855	7.4996137619018555	7.185098171234131
9	688	may	7.039777755737305	4.944589138031006	3.344712018966675	3.6408653259277344
9	689	require	6.102236747741699	4.8415632247924805	5.114126682281494	4.907123565673828
9	690	specialty	13.010210037231445	9.375992774963379	9.885869979858398	9.224757194519043
9	691	expertise	8.322965621948242	4.883866786956787	5.362201690673828	5.590826988220215
9	692	for	2.69014310836792	3.4580283164978027	3.3793654441833496	3.5008296966552734
9	693	diagnosis.	14.56637191772461	11.999472618103027	12.57101821899414	9.30576229095459
9	694	There	4.330765724182129	4.205295562744141	4.4849677085876465	4.5089030265808105
9	695	are	0.8086300492286682	1.1588897705078125	1.003315806388855	0.8490912914276123
9	696	no	4.325494766235352	2.691465377807617	2.38730788230896	2.39642596244812
9	697	blood	8.82091999053955	8.701964378356934	9.002220153808594	6.739107608795166
9	698	or	4.07449197769165	2.588197946548462	3.4483964443206787	3.675100564956665
9	699	laboratory	12.527055740356445	10.667057991027832	11.685133934020996	10.922945976257324
9	700	tests	4.551298141479492	2.649953842163086	2.156623363494873	2.3996052742004395
9	701	needed	7.857250690460205	8.657968521118164	6.994614124298096	7.097368240356445
9	702	for	2.809192657470703	1.6414498090744019	2.29868221282959	1.6348249912261963
9	703	diagnosis.	14.56637191772461	11.049097061157227	7.992842674255371	7.36822509765625
9	704	However,	4.237513065338135	3.9378373622894287	3.992433786392212	4.096566200256348
9	705	neuroimaging	13.337767601013184	9.252302169799805	9.088756561279297	8.992513656616211
9	706	studies,	3.343576431274414	4.638689994812012	4.533443450927734	4.552702903747559
9	707	which	3.192824602127075	3.330350637435913	1.5141122341156006	1.7404227256774902
9	708	include	6.65042781829834	4.282762050628662	4.773446083068848	4.021794319152832
9	709	magnetic	10.356446266174316	10.431229591369629	8.838848114013672	4.511237621307373
9	710	resonance	7.031640529632568	1.8283835649490356	1.8514176607131958	0.038432102650403976
9	711	imaging,	14.296621322631836	3.7761034965515137	2.7375144958496094	1.831671953201294
9	712	computerized	8.930428504943848	7.527182579040527	7.485322952270508	5.90786600112915
9	713	tomography,	10.979308128356934	4.341081142425537	2.7546205520629883	1.719307780265808
9	714	and	2.426140308380127	2.971529722213745	1.3551831245422363	1.172745704650879
9	715	electroencephalograms,	18.253873825073242	12.956999778747559	13.573697090148926	11.325333595275879
9	716	as	4.308525085449219	3.5086982250213623	3.114717721939087	3.302198886871338
9	717	well	2.1790499687194824	0.8894140720367432	0.29251980781555176	0.24221573770046234
9	718	as	0.17599278688430786	0.07810068130493164	0.01248500868678093	0.005952686071395874
9	719	certain	7.877464294433594	7.061300277709961	7.211668014526367	6.1155290603637695
9	720	lab	11.696332931518555	9.803977012634277	8.96707534790039	8.984685897827148
9	721	tests	5.269420623779297	2.4131722450256348	1.8209431171417236	2.181522846221924
9	722	may	5.897662162780762	5.84468412399292	5.181435585021973	3.8001890182495117
9	723	be	0.5847705602645874	1.0410969257354736	1.476434350013733	1.0936471223831177
9	724	used	3.2522170543670654	3.818296432495117	2.694780111312866	2.9769413471221924
9	725	to	0.5828109979629517	1.3277913331985474	1.0927629470825195	0.8531844019889832
9	726	rule	9.153776168823242	7.866209030151367	8.184268951416016	8.241378784179688
9	727	out	4.502211570739746	1.9477170705795288	3.8019165992736816	1.0347272157669067
9	728	other	8.01647663116455	4.168398380279541	4.31578254699707	4.171036720275879
9	729	conditions	7.769665241241455	8.518070220947266	6.465246200561523	6.814531326293945
9	730	that	2.716392993927002	2.532114028930664	2.1155171394348145	1.326269268989563
9	731	Tourette's	18.708810806274414	17.856781005859375	18.224363327026367	18.177406311035156
9	732	might	7.71707820892334	4.692387580871582	4.077643871307373	3.591395854949951
9	733	be	0.7667721509933472	1.031380534172058	0.7028204202651978	1.9967646598815918
9	734	confused	7.788092613220215	7.170238494873047	7.381368637084961	7.704978942871094
9	735	with.	5.803736686706543	7.374675750732422	8.00157642364502	9.216824531555176
9	736	In	3.858781337738037	3.73167085647583	3.559054374694824	3.559852361679077
9	737	terms	4.704633712768555	4.797301292419434	4.650675296783447	4.816667556762695
9	738	of	0.06655533611774445	0.0026909979060292244	0.0028086169622838497	0.0032829339616000652
9	739	the	0.8314511775970459	2.3788881301879883	2.5198585987091064	2.475184440612793
9	740	role	6.78021764755249	8.485267639160156	6.7041707038879395	6.336700439453125
9	741	of	0.8268578052520752	0.3498513102531433	0.5980336666107178	0.6323762536048889
9	742	genes	10.75777816772461	8.033510208129883	9.292759895324707	7.352182388305664
9	743	in	2.5901083946228027	2.7705602645874023	0.8299395442008972	0.907852292060852
9	744	the	0.8811151385307312	1.2869013547897339	1.265723705291748	1.82292902469635
9	745	disorder,	13.314318656921387	13.34225082397461	10.566914558410645	10.012943267822266
9	746	evidence	8.933428764343262	8.642988204956055	8.306675910949707	7.896603107452393
9	747	from	4.578266143798828	3.121288299560547	2.8278539180755615	2.6994400024414062
9	748	twin	12.212657928466797	10.168670654296875	6.257845878601074	6.1276960372924805
9	749	and	4.297046184539795	4.28418493270874	3.9560739994049072	2.3651251792907715
9	750	family	8.750486373901367	8.677338600158691	5.344441890716553	1.8919990062713623
9	751	studies	9.084526062011719	8.733139991760254	8.045801162719727	4.651693820953369
9	752	suggests	7.9039716720581055	8.574158668518066	9.030298233032227	8.339695930480957
9	753	that	0.2124824821949005	0.31525111198425293	0.45863696932792664	0.44962167739868164
9	754	Tourette's	18.708810806274414	14.759025573730469	11.902114868164062	13.351274490356445
9	755	is	4.607009410858154	1.762098789215088	1.5213830471038818	1.754112720489502
9	756	an	3.6787781715393066	3.4797284603118896	3.1749908924102783	3.070253372192383
9	757	inherited	11.901163101196289	9.82347297668457	6.383304595947266	5.432488918304443
9	758	disorder.	11.427513122558594	5.754208564758301	5.524106979370117	3.5226950645446777
9	759	Although	4.896951675415039	4.9770965576171875	4.895664215087891	4.841361045837402
9	760	early	8.40184497833252	6.57017707824707	6.731616973876953	6.548789024353027
9	761	family	10.15365982055664	9.26323413848877	7.905925273895264	7.690321445465088
9	762	studies	9.084526062011719	8.947660446166992	3.180220603942871	2.7166407108306885
9	763	suggested	7.109911918640137	8.96332836151123	7.69830846786499	2.310441017150879
9	764	an	6.411710739135742	4.506460666656494	4.507582664489746	3.8473703861236572
9	765	autosomal	10.963004112243652	11.940369606018066	8.732234954833984	9.490426063537598
9	766	dominant	1.0399715900421143	0.2696768045425415	0.4669699966907501	0.17495575547218323
9	767	mode	6.570930480957031	6.593730449676514	5.497011661529541	3.5169286727905273
9	768	of	1.0665676593780518	0.42814454436302185	0.9592736959457397	0.3644210994243622
9	769	inheritance	11.641500473022461	7.11533784866333	8.334925651550293	2.59652042388916
9	770	characterized	15.38370418548584	12.60198974609375	10.699755668640137	9.050371170043945
9	771	the	2.930809259414673	2.4025111198425293	2.422762155532837	4.10762882232666
9	772	condition,	11.220775604248047	11.119657516479492	9.951397895812988	10.186954498291016
9	773	more	7.011222839355469	7.192546844482422	7.2196269035339355	7.023383617401123
9	774	recent	6.955071449279785	6.2103271484375	6.360259532928467	5.391208648681641
9	775	studies	5.243377685546875	4.23606014251709	2.0888071060180664	2.1763243675231934
9	776	discovered	8.48154067993164	8.22651195526123	8.100564002990723	8.805869102478027
9	777	the	2.0603137016296387	3.1824886798858643	3.317620277404785	3.466216802597046
9	778	pattern	8.601602554321289	7.462887763977051	6.762640953063965	7.125006675720215
9	779	of	0.7448007464408875	1.063488245010376	0.9056247472763062	0.7707743644714355
9	780	inheritance	11.641500473022461	8.958702087402344	8.834952354431152	8.167645454406738
9	781	was	4.066283226013184	4.46082878112793	4.337756156921387	4.401693344116211
9	782	much	6.157868385314941	6.270601272583008	5.880908012390137	5.505949974060059
9	783	more	0.9331166744232178	1.3283164501190186	1.245633840560913	1.4267418384552002
9	784	complex.	9.168819427490234	6.515967845916748	6.618115425109863	5.162460803985596
9	785	Although	5.647156238555908	5.906641483306885	5.922865867614746	5.547102928161621
9	786	there	3.010222911834717	3.0973451137542725	3.16648530960083	3.1132946014404297
9	787	may	5.0378499031066895	3.5245275497436523	3.3773269653320312	3.41920804977417
9	788	be	0.5847705602645874	0.2938505709171295	0.17254436016082764	0.23176705837249756
9	789	a	2.7260401248931885	3.180506944656372	1.782288908958435	2.370020866394043
9	790	few	3.445157289505005	5.787614345550537	5.121574401855469	3.242222309112549
9	791	genes	10.012153625488281	9.89925479888916	9.732719421386719	9.168362617492676
9	792	that	2.0990471839904785	1.6834757328033447	1.271295428276062	0.974382758140564
9	793	have	5.054987907409668	3.010411262512207	2.900912046432495	2.9754505157470703
9	794	substantial	10.457723617553711	8.80862045288086	8.728215217590332	8.308712005615234
9	795	effects,	8.282188415527344	7.244058609008789	7.395684242248535	6.827911376953125
9	796	it's	6.220991611480713	6.0160932540893555	5.873186111450195	6.061036109924316
9	797	also	4.575159072875977	3.602506160736084	3.2111542224884033	3.4031481742858887
9	798	possible	6.3825907707214355	3.212921380996704	2.62716007232666	2.8724284172058105
9	799	that	2.889188766479492	0.7861722707748413	1.1106611490249634	1.0565396547317505
9	800	many	6.219104766845703	5.45332145690918	5.45144510269165	5.405289649963379
9	801	genes	9.111392974853516	9.152934074401855	8.022977828979492	7.3156657218933105
9	802	with	4.266970634460449	4.603869915008545	5.349612236022949	4.838441848754883
9	803	smaller	9.382600784301758	7.276381492614746	7.3620076179504395	7.4845476150512695
9	804	effects	7.331115245819092	7.521394729614258	5.833902359008789	2.4280037879943848
9	805	and	3.8461432456970215	2.9468512535095215	2.8198912143707275	3.703252077102661
9	806	environmental	8.920083045959473	6.504035949707031	8.070509910583496	8.60832691192627
9	807	factors	4.800656318664551	3.9207992553710938	1.2552745342254639	2.912937879562378
9	808	may	5.113606929779053	3.659282684326172	3.2433180809020996	3.208449363708496
9	809	play	7.061888694763184	5.095829010009766	3.1347174644470215	3.049942970275879
9	810	a	1.9412322044372559	0.6733051538467407	0.3846678137779236	0.16696295142173767
9	811	role	7.3078227043151855	1.9844608306884766	1.2264418601989746	0.5316803455352783
9	812	in	0.986168384552002	0.4609636068344116	0.14440612494945526	0.12776459753513336
9	813	the	0.8811151385307312	1.2715100049972534	1.533113718032837	1.5575013160705566
9	814	development	7.529329776763916	7.43007755279541	4.077879905700684	3.68533992767334
9	815	of	0.47525352239608765	0.30577409267425537	0.3108176589012146	0.12302280217409134
9	816	Tourette's.	19.404216766357422	17.562597274780273	17.337087631225586	16.982681274414062
9	817	Genetic	10.968941688537598	10.07646369934082	8.398826599121094	8.449884414672852
9	818	studies	6.546204566955566	1.969779133796692	1.7740684747695923	1.7932554483413696
9	819	also	5.815448760986328	4.46351432800293	4.102985858917236	3.9799575805664062
9	820	suggest	6.81240701675415	2.228160858154297	2.0461370944976807	1.599410057067871
9	821	that	0.27021998167037964	0.8289041519165039	0.2591721713542938	0.24887718260288239
9	822	some	5.9086995124816895	4.529397487640381	4.381600856781006	4.570101261138916
9	823	forms	7.236087322235107	7.142093658447266	5.594353675842285	5.6625566482543945
9	824	of	0.20857743918895721	0.10068099945783615	0.0762048214673996	0.04841107502579689
9	825	Attention	13.773869514465332	12.433039665222168	12.8297700881958	13.155961036682129
9	826	Deficit	8.639676094055176	6.3687334060668945	2.360323190689087	0.5355498790740967
9	827	Hyperactivity	12.726189613342285	0.16599121689796448	0.4326855540275574	0.3471347987651825
9	828	Disorder	0.7180896997451782	0.3632836639881134	0.24862036108970642	0.24243007600307465
9	829	and	2.8853766918182373	2.723180055618286	3.347670555114746	3.6762304306030273
9	830	Obsessive	15.04104995727539	7.232017993927002	4.906890869140625	5.369577407836914
9	831	Compulsive	0.09961773455142975	0.0953763946890831	0.057689860463142395	0.04240395873785019
9	832	Disorder	4.013208866119385	0.5000348091125488	0.6935386061668396	0.7524741888046265
9	833	are	7.147984981536865	5.5570478439331055	5.732680320739746	3.727426290512085
9	834	genetically	10.852580070495605	8.766155242919922	7.847438812255859	7.452016353607178
9	835	related	6.887022972106934	4.051638603210449	3.041024923324585	2.960934638977051
9	836	to	0.04752327874302864	0.67527836561203	0.7843838334083557	0.5428664088249207
9	837	Tourette's,	20.47897720336914	14.516790390014648	11.813096046447754	13.192423820495605
9	838	but	3.665397882461548	3.030993938446045	3.198765277862549	2.6716525554656982
9	839	there	3.9934322834014893	4.223722457885742	4.06255578994751	3.5435733795166016
9	840	is	1.1770261526107788	1.2202537059783936	1.4494705200195312	1.3298110961914062
9	841	less	6.018693923950195	5.92288875579834	6.104340553283691	6.153425216674805
9	842	evidence	9.11128044128418	7.760461807250977	4.693735599517822	3.78731632232666
9	843	for	3.332594156265259	2.488280773162842	2.0540077686309814	1.8092135190963745
9	844	a	2.124595880508423	2.6124889850616455	2.7079975605010986	2.36661696434021
9	845	genetic	9.75078010559082	9.8750581741333	5.887656211853027	6.049623966217041
9	846	relationship	6.652353286743164	5.726526737213135	5.5011372566223145	3.853121280670166
9	847	between	1.5654209852218628	0.926714301109314	0.5777042508125305	0.5318154096603394
9	848	Tourette's	15.661236763000488	13.439742088317871	11.209102630615234	10.353798866271973
9	849	and	4.011107444763184	1.733230471611023	0.7051793932914734	0.6997578144073486
9	850	other	4.493506908416748	2.156412124633789	2.8260040283203125	3.9644627571105957
9	851	neurobehavioral	16.017017364501953	14.302414894104004	8.213770866394043	8.28665828704834
9	852	problems	4.6670637130737305	3.5968642234802246	3.478794574737549	3.568404197692871
9	853	that	2.5917680263519287	2.995471239089966	2.366889238357544	2.3870158195495605
9	854	Tourette's	18.708810806274414	17.964807510375977	14.832294464111328	14.188658714294434
9	855	commonly	11.085350036621094	9.079870223999023	8.049917221069336	8.51176929473877
9	856	co-occurs	16.69585418701172	7.460577011108398	5.5078816413879395	7.473603248596191
9	857	with.	7.494592666625977	7.44022274017334	8.820690155029297	7.915103912353516
9	858	An	6.350024223327637	5.889337062835693	5.4969377517700195	5.739758491516113
9	859	important	4.9610395431518555	4.422633171081543	3.9198837280273438	3.7369141578674316
9	860	role	5.33936882019043	5.008383750915527	5.668510913848877	5.0104594230651855
9	861	in	0.986168384552002	0.5343096256256104	1.9613869190216064	1.757399320602417
9	862	Tourette's	17.96484375	15.899056434631348	14.602102279663086	12.30179500579834
9	863	gene	14.272865295410156	14.196614265441895	12.18447208404541	10.737520217895508
9	864	expression	6.427536964416504	4.282052516937256	4.213961601257324	3.290358781814575
9	865	is	2.8706212043762207	3.9803056716918945	2.934173107147217	3.2888104915618896
9	866	played	8.265058517456055	8.255146026611328	9.034780502319336	9.346660614013672
9	867	by	2.69558048248291	1.8261674642562866	2.1264562606811523	0.7014678120613098
9	868	the	1.1369578838348389	2.594287157058716	2.5168752670288086	1.321812391281128
9	869	sex	9.15457534790039	9.405654907226562	11.862581253051758	11.236017227172852
9	870	of	3.513322353363037	2.7729876041412354	2.075662612915039	2.7800798416137695
9	871	the	0.8314511775970459	1.5597825050354004	0.8821359276771545	0.5780876874923706
9	872	person.	10.245452880859375	10.431373596191406	5.642766952514648	5.708340644836426
9	873	In	3.506263256072998	3.556433916091919	3.380554437637329	3.254913568496704
9	874	particular,	5.628134250640869	4.858869552612305	4.884483337402344	4.7192888259887695
9	875	males	10.267061233520508	9.041606903076172	8.431596755981445	8.853021621704102
9	876	affected	9.87652587890625	8.16707992553711	7.719666481018066	7.904477119445801
9	877	by	0.46302497386932373	0.4378294348716736	0.4491769075393677	0.42762821912765503
9	878	the	1.1369578838348389	1.3547536134719849	1.8256338834762573	2.189491033554077
9	879	gene	10.089256286621094	10.63701057434082	9.669027328491211	5.689450740814209
9	880	are	6.38144588470459	5.481161117553711	6.207500457763672	4.889847755432129
9	881	more	4.3079376220703125	4.4199748039245605	4.954092025756836	4.478067874908447
9	882	likely	4.55892276763916	1.6160258054733276	1.411958932876587	0.9269270896911621
9	883	to	0.17678694427013397	0.2853895425796509	0.0755629613995552	0.07567964494228363
9	884	have	4.363180160522461	3.016718626022339	2.956268787384033	2.7952613830566406
9	885	tics	17.18246078491211	16.29966163635254	14.766446113586426	12.744436264038086
9	886	and	1.351664423942566	1.480467677116394	1.6431236267089844	1.5590224266052246
9	887	females	11.33960247039795	12.427982330322266	12.907089233398438	13.087298393249512
9	888	who	2.924696207046509	3.6635704040527344	3.350287675857544	3.4631311893463135
9	889	have	2.5627403259277344	2.163072109222412	2.339095115661621	2.5077452659606934
9	890	a	2.500119686126709	3.7527554035186768	3.3170619010925293	3.271562337875366
9	891	genetic	9.75078010559082	8.649665832519531	6.748856544494629	3.9801785945892334
9	892	predisposition	9.910862922668457	2.8168869018554688	1.2524888515472412	1.1871225833892822
9	893	are	6.292914867401123	4.999612808227539	7.3689775466918945	9.750526428222656
9	894	more	4.3079376220703125	4.506857872009277	4.144157409667969	3.9365220069885254
9	895	likely	4.558923244476318	1.6160259246826172	1.349636197090149	1.3234561681747437
9	896	to	0.17678694427013397	0.2853895425796509	0.0755629613995552	0.07970498502254486
9	897	have	4.363181114196777	3.0167183876037598	2.956268787384033	2.7952613830566406
9	898	obsessive-compulsive	16.023761749267578	13.912629127502441	12.040449142456055	10.338976860046387
9	899	symptoms.	6.645997047424316	5.277109622955322	4.840527534484863	4.04630184173584
9	900	Much	7.946191787719727	8.274938583374023	8.461341857910156	8.395339012145996
9	901	current	11.05883502960205	8.974295616149902	8.800206184387207	9.015830039978027
9	902	research	6.105417251586914	3.2262895107269287	1.0316126346588135	0.5976318717002869
9	903	is	2.69671368598938	2.6738951206207275	2.4395439624786377	1.6571568250656128
9	904	aimed	8.8975248336792	5.213293075561523	5.784592628479004	4.790238380432129
9	905	at	1.5541999340057373	0.20844389498233795	0.08601019531488419	0.11451289802789688
9	906	better	10.550308227539062	7.060605049133301	7.207137107849121	5.0123138427734375
9	907	understanding	7.5202765464782715	5.174076557159424	1.4268290996551514	1.171993613243103
9	908	the	3.3458166122436523	5.215919494628906	1.3449572324752808	1.1815502643585205
9	909	genetic	9.905442237854004	8.309135437011719	7.244264125823975	5.987795829772949
9	910	basis	8.073838233947754	2.748553991317749	2.05108380317688	1.6880156993865967
9	911	and	4.202439308166504	3.4538683891296387	5.019195079803467	4.392777442932129
9	912	symptomology	18.136571884155273	15.685436248779297	12.76558780670166	10.867427825927734
9	913	of	1.975264549255371	1.1906126737594604	0.8314273357391357	1.1824313402175903
9	914	Tourette's,	18.47079086303711	11.547090530395508	10.896713256835938	10.491103172302246
9	915	as	4.490423202514648	4.276076793670654	3.858999252319336	3.545976400375366
9	916	well	2.1790499687194824	0.9869425296783447	0.9051328897476196	0.7134286165237427
9	917	as	0.17599278688430786	0.07810091972351074	0.015735547989606857	0.012506920844316483
9	918	its	6.402670860290527	4.996213912963867	5.012971878051758	5.310549736022949
9	919	relationship	6.507931232452393	7.521698474884033	5.426958084106445	5.577297687530518
9	920	to	2.0493435859680176	1.4527751207351685	1.4839850664138794	1.412726879119873
9	921	related	12.426887512207031	10.207962036132812	9.266692161560059	8.928072929382324
9	922	disorders.	13.05555534362793	8.671143531799316	9.23885440826416	9.144245147705078
9	923	The	2.474503517150879	2.2604968547821045	2.3167526721954346	2.3859500885009766
9	924	hope	8.668449401855469	7.531013488769531	7.360080718994141	7.5946574211120605
9	925	is	4.666594505310059	0.4010581076145172	0.21676823496818542	0.1596699059009552
9	926	that	4.090425968170166	0.5380141139030457	0.28256475925445557	0.2143440842628479
9	927	this	4.662513732910156	3.854670524597168	2.683480739593506	2.5479016304016113
9	928	research	8.183862686157227	7.570258140563965	7.1674652099609375	6.369575500488281
9	929	leads	8.899887084960938	7.422394752502441	6.926618576049805	6.791987419128418
9	930	to	0.30917495489120483	0.7196143865585327	0.638088583946228	0.4140779972076416
9	931	better	8.641088485717773	5.53068208694458	3.5439624786376953	3.4666481018066406
9	932	diagnostic	12.813859939575195	12.466384887695312	7.881462097167969	5.6449384689331055
9	933	tools	5.213339805603027	2.3837761878967285	3.0960965156555176	3.954522132873535
9	934	and	1.9966003894805908	1.9376640319824219	1.709801435470581	1.0916846990585327
9	935	better	7.75009298324585	8.223470687866211	6.939915657043457	3.5600829124450684
9	936	treatments	11.428165435791016	7.191212177276611	7.658687591552734	5.761537551879883
9	937	for	2.5853846073150635	0.809948742389679	0.7322260141372681	0.7939117550849915
9	938	Tourette's.	18.837404251098633	11.550422668457031	11.058441162109375	11.69692611694336
