text_id	sentence_id	sentence_word_id	word_id	word
0	0	0	0	If
0	0	1	1	you
0	0	2	2	were
0	0	3	3	to
0	0	4	4	journey
0	0	5	5	to
0	0	6	6	the
0	0	7	7	North
0	0	8	8	of
0	0	9	9	England,
0	0	10	10	you
0	0	11	11	would
0	0	12	12	come
0	0	13	13	to
0	0	14	14	a
0	0	15	15	valley
0	0	16	16	that
0	0	17	17	is
0	0	18	18	surrounded
0	0	19	19	by
0	0	20	20	moors
0	0	21	21	as
0	0	22	22	high
0	0	23	23	as
0	0	24	24	mountains.
0	1	0	25	It
0	1	1	26	is
0	1	2	27	in
0	1	3	28	this
0	1	4	29	valley
0	1	5	30	where
0	1	6	31	you
0	1	7	32	would
0	1	8	33	find
0	1	9	34	the
0	1	10	35	city
0	1	11	36	of
0	1	12	37	Bradford,
0	1	13	38	where
0	1	14	39	once
0	1	15	40	a
0	1	16	41	thousand
0	1	17	42	spinning
0	1	18	43	jennies
0	1	19	44	that
0	1	20	45	hummed
0	1	21	46	and
0	1	22	47	clattered
0	1	23	48	spun
0	1	24	49	wool
0	1	25	50	into
0	1	26	51	money
0	1	27	52	for
0	1	28	53	the
0	1	29	54	long-bearded
0	1	30	55	mill
0	1	31	56	owners.
0	2	0	57	That
0	2	1	58	all
0	2	2	59	mill
0	2	3	60	owners
0	2	4	61	were
0	2	5	62	generally
0	2	6	63	busy
0	2	7	64	as
0	2	8	65	beavers
0	2	9	66	and
0	2	10	67	quite
0	2	11	68	pleased
0	2	12	69	with
0	2	13	70	themselves
0	2	14	71	for
0	2	15	72	being
0	2	16	73	so
0	2	17	74	successful
0	2	18	75	and
0	2	19	76	well
0	2	20	77	off
0	2	21	78	was
0	2	22	79	known
0	2	23	80	to
0	2	24	81	the
0	2	25	82	residents
0	2	26	83	of
0	2	27	84	Bradford,
0	2	28	85	and
0	2	29	86	if
0	2	30	87	you
0	2	31	88	were
0	2	32	89	to
0	2	33	90	go
0	2	34	91	into
0	2	35	92	the
0	2	36	93	city
0	2	37	94	to
0	2	38	95	visit
0	2	39	96	the
0	2	40	97	stately
0	2	41	98	City
0	2	42	99	Hall,
0	2	43	100	you
0	2	44	101	would
0	2	45	102	see
0	2	46	103	there
0	2	47	104	the
0	2	48	105	Crest
0	2	49	106	of
0	2	50	107	the
0	2	51	108	City
0	2	52	109	of
0	2	53	110	Bradford,
0	2	54	111	which
0	2	55	112	those
0	2	56	113	same
0	2	57	114	mill
0	2	58	115	owners
0	2	59	116	created
0	2	60	117	to
0	2	61	118	celebrate
0	2	62	119	their
0	2	63	120	achievements.
0	3	0	121	It
0	3	1	122	shows
0	3	2	123	a
0	3	3	124	sinister
0	3	4	125	looking
0	3	5	126	boar's
0	3	6	127	head
0	3	7	128	sitting
0	3	8	129	on
0	3	9	130	top
0	3	10	131	of
0	3	11	132	a
0	3	12	133	well
0	3	13	134	which
0	3	14	135	seems
0	3	15	136	puzzling
0	3	16	137	at
0	3	17	138	first,
0	3	18	139	but
0	3	19	140	the
0	3	20	141	reason
0	3	21	142	for
0	3	22	143	this
0	3	23	144	symbol
0	3	24	145	is
0	3	25	146	a
0	3	26	147	matter
0	3	27	148	of
0	3	28	149	legend.
0	4	0	150	There
0	4	1	151	was
0	4	2	152	once,
0	4	3	153	legend
0	4	4	154	has
0	4	5	155	it,
0	4	6	156	a
0	4	7	157	fearsome
0	4	8	158	boar,
0	4	9	159	which
0	4	10	160	lived
0	4	11	161	in
0	4	12	162	a
0	4	13	163	wood
0	4	14	164	located
0	4	15	165	just
0	4	16	166	outside
0	4	17	167	the
0	4	18	168	manor
0	4	19	169	of
0	4	20	170	Bradford.
0	5	0	171	A
0	5	1	172	source
0	5	2	173	of
0	5	3	174	great
0	5	4	175	trouble
0	5	5	176	to
0	5	6	177	the
0	5	7	178	local
0	5	8	179	folk
0	5	9	180	the
0	5	10	181	boar
0	5	11	182	was,
0	5	12	183	bringing
0	5	13	184	terror
0	5	14	185	to
0	5	15	186	the
0	5	16	187	peaceful
0	5	17	188	flocks
0	5	18	189	and
0	5	19	190	ravaging
0	5	20	191	the
0	5	21	192	countryside
0	5	22	193	around.
0	6	0	194	Even
0	6	1	195	worse,
0	6	2	196	however,
0	6	3	197	the
0	6	4	198	boar
0	6	5	199	most
0	6	6	200	liked
0	6	7	201	to
0	6	8	202	go
0	6	9	203	to
0	6	10	204	the
0	6	11	205	well
0	6	12	206	that
0	6	13	207	was
0	6	14	208	in
0	6	15	209	the
0	6	16	210	wood
0	6	17	211	and
0	6	18	212	drink
0	6	19	213	its
0	6	20	214	fresh
0	6	21	215	water,
0	6	22	216	so
0	6	23	217	that
0	6	24	218	the
0	6	25	219	people
0	6	26	220	of
0	6	27	221	Bradford
0	6	28	222	had
0	6	29	223	second
0	6	30	224	thoughts
0	6	31	225	about
0	6	32	226	visiting
0	6	33	227	the
0	6	34	228	well.
0	7	0	229	That
0	7	1	230	the
0	7	2	231	people
0	7	3	232	of
0	7	4	233	Bradford
0	7	5	234	bore
0	7	6	235	the
0	7	7	236	brunt
0	7	8	237	of
0	7	9	238	the
0	7	10	239	beast's
0	7	11	240	ferocity
0	7	12	241	was
0	7	13	242	unfair
0	7	14	243	in
0	7	15	244	the
0	7	16	245	eyes
0	7	17	246	of
0	7	18	247	the
0	7	19	248	people
0	7	20	249	of
0	7	21	250	the
0	7	22	251	region.
0	8	0	252	Eventually,
0	8	1	253	the
0	8	2	254	issue
0	8	3	255	reached
0	8	4	256	the
0	8	5	257	ears
0	8	6	258	of
0	8	7	259	the
0	8	8	260	kindly
0	8	9	261	Lord
0	8	10	262	of
0	8	11	263	the
0	8	12	264	Manor
0	8	13	265	who
0	8	14	266	the
0	8	15	267	people
0	8	16	268	had
0	8	17	269	often
0	8	18	270	asked
0	8	19	271	for
0	8	20	272	help.
0	9	0	273	The
0	9	1	274	Lord
0	9	2	275	saw
0	9	3	276	the
0	9	4	277	severity
0	9	5	278	of
0	9	6	279	the
0	9	7	280	problem
0	9	8	281	the
0	9	9	282	people
0	9	10	283	faced
0	9	11	284	and
0	9	12	285	suggested
0	9	13	286	a
0	9	14	287	contest
0	9	15	288	could
0	9	16	289	solve
0	9	17	290	the
0	9	18	291	problem.
0	10	0	292	He
0	10	1	293	said
0	10	2	294	that
0	10	3	295	whoever
0	10	4	296	could
0	10	5	297	kill
0	10	6	298	the
0	10	7	299	boar
0	10	8	300	and
0	10	9	301	bring
0	10	10	302	as
0	10	11	303	proof
0	10	12	304	its
0	10	13	305	head
0	10	14	306	to
0	10	15	307	the
0	10	16	308	Manor
0	10	17	309	House
0	10	18	310	would
0	10	19	311	be
0	10	20	312	rewarded
0	10	21	313	with
0	10	22	314	land
0	10	23	315	and
0	10	24	316	fame.
0	11	0	317	It
0	11	1	318	was
0	11	2	319	the
0	11	3	320	people
0	11	4	321	of
0	11	5	322	Bradford
0	11	6	323	and
0	11	7	324	the
0	11	8	325	people
0	11	9	326	who
0	11	10	327	knew
0	11	11	328	them
0	11	12	329	who
0	11	13	330	rejoiced
0	11	14	331	at
0	11	15	332	this
0	11	16	333	proclamation
0	11	17	334	but
0	11	18	335	one
0	11	19	336	question
0	11	20	337	remained:
0	11	21	338	who
0	11	22	339	would
0	11	23	340	kill
0	11	24	341	the
0	11	25	342	boar?
0	12	0	343	By
0	12	1	344	the
0	12	2	345	handsome
0	12	3	346	reward
0	12	4	347	many
0	12	5	348	felt
0	12	6	349	tempted,
0	12	7	350	but
0	12	8	351	the
0	12	9	352	thought
0	12	10	353	of
0	12	11	354	the
0	12	12	355	boar
0	12	13	356	with
0	12	14	357	its
0	12	15	358	deadly
0	12	16	359	tusks
0	12	17	360	and
0	12	18	361	face
0	12	19	362	like
0	12	20	363	thunder
0	12	21	364	soon
0	12	22	365	put
0	12	23	366	an
0	12	24	367	end
0	12	25	368	to
0	12	26	369	their
0	12	27	370	ambitions.
0	13	0	371	However,
0	13	1	372	there
0	13	2	373	was
0	13	3	374	one
0	13	4	375	huntsman,
0	13	5	376	who
0	13	6	377	was
0	13	7	378	still
0	13	8	379	wet
0	13	9	380	behind
0	13	10	381	the
0	13	11	382	ears,
0	13	12	383	who
0	13	13	384	decided
0	13	14	385	the
0	13	15	386	prize
0	13	16	387	was
0	13	17	388	worth
0	13	18	389	a
0	13	19	390	shot,
0	13	20	391	in
0	13	21	392	spite
0	13	22	393	of
0	13	23	394	the
0	13	24	395	boar's
0	13	25	396	reputation.
0	14	0	397	The
0	14	1	398	huntsman
0	14	2	399	discovered
0	14	3	400	the
0	14	4	401	boar
0	14	5	402	preferred
0	14	6	403	to
0	14	7	404	come
0	14	8	405	out
0	14	9	406	in
0	14	10	407	the
0	14	11	408	middle
0	14	12	409	of
0	14	13	410	the
0	14	14	411	day.
0	15	0	412	So
0	15	1	413	he
0	15	2	414	went
0	15	3	415	to
0	15	4	416	the
0	15	5	417	wood
0	15	6	418	by
0	15	7	419	the
0	15	8	420	well
0	15	9	421	with
0	15	10	422	his
0	15	11	423	good
0	15	12	424	bow,
0	15	13	425	to
0	15	14	426	bide
0	15	15	427	his
0	15	16	428	time.
0	16	0	429	Around
0	16	1	430	noontime,
0	16	2	431	the
0	16	3	432	boar,
0	16	4	433	feared
0	16	5	434	by
0	16	6	435	the
0	16	7	436	locals,
0	16	8	437	came
0	16	9	438	out,
0	16	10	439	as
0	16	11	440	slow
0	16	12	441	as
0	16	13	442	a
0	16	14	443	snail,
0	16	15	444	from
0	16	16	445	among
0	16	17	446	the
0	16	18	447	trees,
0	16	19	448	just
0	16	20	449	as
0	16	21	450	the
0	16	22	451	huntsman
0	16	23	452	had
0	16	24	453	predicted.
0	17	0	454	The
0	17	1	455	huntsman
0	17	2	456	leaped
0	17	3	457	from
0	17	4	458	his
0	17	5	459	hiding
0	17	6	460	place
0	17	7	461	and
0	17	8	462	through
0	17	9	463	the
0	17	10	464	heart
0	17	11	465	with
0	17	12	466	his
0	17	13	467	fine
0	17	14	468	arrows
0	17	15	469	shot
0	17	16	470	the
0	17	17	471	boar.
0	18	0	472	Now
0	18	1	473	the
0	18	2	474	problem
0	18	3	475	was
0	18	4	476	no
0	18	5	477	longer
0	18	6	478	to
0	18	7	479	kill
0	18	8	480	the
0	18	9	481	boar.
0	19	0	482	It
0	19	1	483	was
0	19	2	484	to
0	19	3	485	find
0	19	4	486	a
0	19	5	487	way
0	19	6	488	to
0	19	7	489	carry
0	19	8	490	the
0	19	9	491	boar
0	19	10	492	back.
0	20	0	493	The
0	20	1	494	head
0	20	2	495	was
0	20	3	496	too
0	20	4	497	heavy
0	20	5	498	for
0	20	6	499	the
0	20	7	500	little
0	20	8	501	huntsman
0	20	9	502	to
0	20	10	503	carry
0	20	11	504	back
0	20	12	505	to
0	20	13	506	the
0	20	14	507	Manor
0	20	15	508	House,
0	20	16	509	but
0	20	17	510	the
0	20	18	511	huntsman,
0	20	19	512	who
0	20	20	513	was
0	20	21	514	as
0	20	22	515	quick-witted
0	20	23	516	and
0	20	24	517	cunning
0	20	25	518	as
0	20	26	519	ever,
0	20	27	520	asked
0	20	28	521	himself,
0	20	29	522	'What
0	20	30	523	else
0	20	31	524	can
0	20	32	525	I
0	20	33	526	do
0	20	34	527	to
0	20	35	528	prove
0	20	36	529	I
0	20	37	530	killed
0	20	38	531	the
0	20	39	532	boar?'
0	21	0	533	The
0	21	1	534	next
0	21	2	535	instance
0	21	3	536	he
0	21	4	537	opened
0	21	5	538	the
0	21	6	539	boar's
0	21	7	540	mouth
0	21	8	541	and
0	21	9	542	cut
0	21	10	543	out
0	21	11	544	its
0	21	12	545	tongue,
0	21	13	546	taking
0	21	14	547	that
0	21	15	548	as
0	21	16	549	proof
0	21	17	550	for
0	21	18	551	the
0	21	19	552	Lord.
0	22	0	553	He
0	22	1	554	set
0	22	2	555	out
0	22	3	556	for
0	22	4	557	the
0	22	5	558	Manor
0	22	6	559	House
0	22	7	560	as
0	22	8	561	quickly
0	22	9	562	as
0	22	10	563	he
0	22	11	564	could
0	22	12	565	and
0	22	13	566	he
0	22	14	567	had
0	22	15	568	only
0	22	16	569	been
0	22	17	570	gone
0	22	18	571	a
0	22	19	572	few
0	22	20	573	minutes
0	22	21	574	when
0	22	22	575	a
0	22	23	576	second
0	22	24	577	huntsman,
0	22	25	578	not
0	22	26	579	so
0	22	27	580	bold
0	22	28	581	as
0	22	29	582	the
0	22	30	583	first
0	22	31	584	but
0	22	32	585	a
0	22	33	586	little
0	22	34	587	more
0	22	35	588	cunning,
0	22	36	589	came
0	22	37	590	on
0	22	38	591	the
0	22	39	592	scene.
0	23	0	593	Seeing
0	23	1	594	the
0	23	2	595	slain
0	23	3	596	carcass
0	23	4	597	of
0	23	5	598	the
0	23	6	599	boar,
0	23	7	600	the
0	23	8	601	huntsman
0	23	9	602	rejoiced
0	23	10	603	in
0	23	11	604	his
0	23	12	605	good
0	23	13	606	fortune.
0	24	0	607	The
0	24	1	608	second
0	24	2	609	huntsman
0	24	3	610	knew
0	24	4	611	a
0	24	5	612	shortcut
0	24	6	613	to
0	24	7	614	the
0	24	8	615	Manor
0	24	9	616	House
0	24	10	617	was
0	24	11	618	just
0	24	12	619	around
0	24	13	620	the
0	24	14	621	nearby
0	24	15	622	pond,
0	24	16	623	and,
0	24	17	624	being
0	24	18	625	a
0	24	19	626	bigger
0	24	20	627	man
0	24	21	628	than
0	24	22	629	the
0	24	23	630	first,
0	24	24	631	was
0	24	25	632	able
0	24	26	633	to
0	24	27	634	pick
0	24	28	635	up
0	24	29	636	the
0	24	30	637	boar's
0	24	31	638	head
0	24	32	639	and
0	24	33	640	carry
0	24	34	641	it
0	24	35	642	through
0	24	36	643	the
0	24	37	644	wood
0	24	38	645	towards
0	24	39	646	the
0	24	40	647	prize
0	24	41	648	that
0	24	42	649	awaited
0	24	43	650	him.
0	25	0	651	The
0	25	1	652	Lord
0	25	2	653	of
0	25	3	654	the
0	25	4	655	Manor
0	25	5	656	was
0	25	6	657	seated
0	25	7	658	in
0	25	8	659	his
0	25	9	660	hall
0	25	10	661	when
0	25	11	662	the
0	25	12	663	second
0	25	13	664	huntsman
0	25	14	665	burst
0	25	15	666	through
0	25	16	667	the
0	25	17	668	door
0	25	18	669	and
0	25	19	670	began
0	25	20	671	to
0	25	21	672	spin
0	25	22	673	a
0	25	23	674	line.
0	26	0	675	'The
0	26	1	676	woes
0	26	2	677	of
0	26	3	678	Bradford
0	26	4	679	are
0	26	5	680	ended!'
0	27	0	681	he
0	27	1	682	announced.
0	28	0	683	'With
0	28	1	684	my
0	28	2	685	own
0	28	3	686	hand
0	28	4	687	I
0	28	5	688	have
0	28	6	689	slain
0	28	7	690	the
0	28	8	691	boar!'
0	29	0	692	And,
0	29	1	693	with
0	29	2	694	that,
0	29	3	695	at
0	29	4	696	the
0	29	5	697	feet
0	29	6	698	of
0	29	7	699	his
0	29	8	700	lord
0	29	9	701	he
0	29	10	702	dropped
0	29	11	703	the
0	29	12	704	boar's
0	29	13	705	enormous
0	29	14	706	head.
0	30	0	707	'Then
0	30	1	708	you
0	30	2	709	will
0	30	3	710	be
0	30	4	711	rewarded,
0	30	5	712	as
0	30	6	713	I
0	30	7	714	promised.'
0	31	0	715	'But
0	31	1	716	first,
0	31	2	717	let
0	31	3	718	me
0	31	4	719	examine
0	31	5	720	the
0	31	6	721	head
0	31	7	722	of
0	31	8	723	this
0	31	9	724	monster,'
0	31	10	725	said
0	31	11	726	the
0	31	12	727	Lord
0	31	13	728	of
0	31	14	729	the
0	31	15	730	Manor.
0	32	0	731	To
0	32	1	732	not
0	32	2	733	examine
0	32	3	734	the
0	32	4	735	head
0	32	5	736	in
0	32	6	737	advance
0	32	7	738	had
0	32	8	739	not
0	32	9	740	been
0	32	10	741	very
0	32	11	742	clever
0	32	12	743	on
0	32	13	744	the
0	32	14	745	part
0	32	15	746	of
0	32	16	747	the
0	32	17	748	huntsman.
0	33	0	749	Right
0	33	1	750	away,
0	33	2	751	the
0	33	3	752	Lord
0	33	4	753	noticed
0	33	5	754	the
0	33	6	755	tongue
0	33	7	756	of
0	33	8	757	the
0	33	9	758	boar
0	33	10	759	was
0	33	11	760	missing
0	33	12	761	and
0	33	13	762	exclaimed,
0	33	14	763	'What
0	33	15	764	is
0	33	16	765	this?
0	34	0	766	A
0	34	1	767	boar
0	34	2	768	with
0	34	3	769	no
0	34	4	770	tongue?'
0	35	0	771	He
0	35	1	772	looked
0	35	2	773	at
0	35	3	774	the
0	35	4	775	huntsman,
0	35	5	776	dubiously.
0	36	0	777	'How
0	36	1	778	come
0	36	2	779	this
0	36	3	780	creature
0	36	4	781	has
0	36	5	782	no
0	36	6	783	tongue?'
0	37	0	784	he
0	37	1	785	demanded.
0	38	0	786	All
0	38	1	787	eyes
0	38	2	788	were
0	38	3	789	on
0	38	4	790	the
0	38	5	791	huntsman.
0	39	0	792	The
0	39	1	793	huntsman
0	39	2	794	questioned
0	39	3	795	by
0	39	4	796	the
0	39	5	797	Lord
0	39	6	798	replied,
0	39	7	799	'I
0	39	8	800	cannot
0	39	9	801	say,
0	39	10	802	my
0	39	11	803	Lord.'
0	40	0	804	He
0	40	1	805	was
0	40	2	806	suddenly
0	40	3	807	realizing
0	40	4	808	his
0	40	5	809	tricky
0	40	6	810	situation
0	40	7	811	could
0	40	8	812	end
0	40	9	813	badly
0	40	10	814	for
0	40	11	815	him.
0	41	0	816	Through
0	41	1	817	the
0	41	2	818	door
0	41	3	819	at
0	41	4	820	this
0	41	5	821	moment,
0	41	6	822	the
0	41	7	823	first
0	41	8	824	huntsman
0	41	9	825	burst.
0	42	0	826	'The
0	42	1	827	woes
0	42	2	828	of
0	42	3	829	Bradford
0	42	4	830	are
0	42	5	831	ended!'
0	43	0	832	he
0	43	1	833	cried.
0	44	0	834	'I
0	44	1	835	have
0	44	2	836	slain
0	44	3	837	the
0	44	4	838	boar
0	44	5	839	the
0	44	6	840	people
0	44	7	841	of
0	44	8	842	Bradford
0	44	9	843	dreaded!'
0	45	0	844	All
0	45	1	845	eyes
0	45	2	846	turned
0	45	3	847	to
0	45	4	848	the
0	45	5	849	man
0	45	6	850	who
0	45	7	851	now
0	45	8	852	stood
0	45	9	853	in
0	45	10	854	the
0	45	11	855	doorway.
0	46	0	856	'The
0	46	1	857	reward
0	46	2	858	is
0	46	3	859	already
0	46	4	860	given,'
0	46	5	861	said
0	46	6	862	the
0	46	7	863	Lord
0	46	8	864	of
0	46	9	865	the
0	46	10	866	Manor.
0	47	0	867	'The
0	47	1	868	man
0	47	2	869	here
0	47	3	870	has
0	47	4	871	brought
0	47	5	872	to
0	47	6	873	me
0	47	7	874	the
0	47	8	875	boar's
0	47	9	876	head.'
0	48	0	877	'Then
0	48	1	878	where
0	48	2	879	is
0	48	3	880	its
0	48	4	881	tongue?'
0	49	0	882	the
0	49	1	883	first
0	49	2	884	huntsman
0	49	3	885	replied.
0	50	0	886	And,
0	50	1	887	so
0	50	2	888	saying,
0	50	3	889	he
0	50	4	890	drew
0	50	5	891	out
0	50	6	892	the
0	50	7	893	boar's
0	50	8	894	tongue
0	50	9	895	he
0	50	10	896	had
0	50	11	897	put
0	50	12	898	in
0	50	13	899	his
0	50	14	900	hunting
0	50	15	901	pouch
0	50	16	902	and
0	50	17	903	related
0	50	18	904	how
0	50	19	905	he
0	50	20	906	had
0	50	21	907	ambushed
0	50	22	908	the
0	50	23	909	creature
0	50	24	910	in
0	50	25	911	the
0	50	26	912	wood
0	50	27	913	and
0	50	28	914	cut
0	50	29	915	out
0	50	30	916	its
0	50	31	917	tongue
0	50	32	918	as
0	50	33	919	proof
0	50	34	920	of
0	50	35	921	his
0	50	36	922	victory.
0	51	0	923	Listening
0	51	1	924	to
0	51	2	925	the
0	51	3	926	tale,
0	51	4	927	the
0	51	5	928	Lord
0	51	6	929	of
0	51	7	930	the
0	51	8	931	Manor
0	51	9	932	tried
0	51	10	933	to
0	51	11	934	discern
0	51	12	935	which
0	51	13	936	huntsman
0	51	14	937	was
0	51	15	938	telling
0	51	16	939	him
0	51	17	940	the
0	51	18	941	truth
0	51	19	942	and
0	51	20	943	what
0	51	21	944	the
0	51	22	945	two
0	51	23	946	huntsmen
0	51	24	947	were
0	51	25	948	thinking
0	51	26	949	as
0	51	27	950	they
0	51	28	951	waited
0	51	29	952	for
0	51	30	953	him
0	51	31	954	to
0	51	32	955	make
0	51	33	956	a
0	51	34	957	decision.
0	52	0	958	Almost
0	52	1	959	instantly,
0	52	2	960	the
0	52	3	961	Lord
0	52	4	962	saw
0	52	5	963	that
0	52	6	964	the
0	52	7	965	second
0	52	8	966	huntsman
0	52	9	967	had
0	52	10	968	fed
0	52	11	969	him
0	52	12	970	a
0	52	13	971	pack
0	52	14	972	of
0	52	15	973	lies
0	52	16	974	and
0	52	17	975	it
0	52	18	976	was
0	52	19	977	the
0	52	20	978	first
0	52	21	979	huntsman
0	52	22	980	who
0	52	23	981	was
0	52	24	982	the
0	52	25	983	true
0	52	26	984	savior
0	52	27	985	of
0	52	28	986	Bradford.
0	53	0	987	The
0	53	1	988	Lord
0	53	2	989	believed
0	53	3	990	the
0	53	4	991	second
0	53	5	992	huntsman
0	53	6	993	had
0	53	7	994	tried
0	53	8	995	to
0	53	9	996	steal
0	53	10	997	the
0	53	11	998	first
0	53	12	999	huntsman's
0	53	13	1000	prize
0	53	14	1001	and
0	53	15	1002	so
0	53	16	1003	proclaimed
0	53	17	1004	the
0	53	18	1005	first
0	53	19	1006	huntsman
0	53	20	1007	the
0	53	21	1008	true
0	53	22	1009	victor.
0	54	0	1010	The
0	54	1	1011	Lord
0	54	2	1012	wondered
0	54	3	1013	for
0	54	4	1014	a
0	54	5	1015	moment
0	54	6	1016	why
0	54	7	1017	he
0	54	8	1018	always
0	54	9	1019	encountered
0	54	10	1020	so
0	54	11	1021	much
0	54	12	1022	chicanery
0	54	13	1023	in
0	54	14	1024	his
0	54	15	1025	everyday
0	54	16	1026	interactions.
0	55	0	1027	The
0	55	1	1028	huntsman
0	55	2	1029	who
0	55	3	1030	had
0	55	4	1031	earned
0	55	5	1032	his
0	55	6	1033	prize
0	55	7	1034	fair
0	55	8	1035	and
0	55	9	1036	square
0	55	10	1037	received
0	55	11	1038	as
0	55	12	1039	his
0	55	13	1040	reward
0	55	14	1041	a
0	55	15	1042	piece
0	55	16	1043	of
0	55	17	1044	land
0	55	18	1045	just
0	55	19	1046	outside
0	55	20	1047	the
0	55	21	1048	town,
0	55	22	1049	known
0	55	23	1050	thereafter
0	55	24	1051	as
0	55	25	1052	Hunt
0	55	26	1053	Yard.
0	56	0	1054	His
0	56	1	1055	fame
0	56	2	1056	was
0	56	3	1057	indeed
0	56	4	1058	assured,
0	56	5	1059	but
0	56	6	1060	it
0	56	7	1061	was
0	56	8	1062	not
0	56	9	1063	nearly
0	56	10	1064	as
0	56	11	1065	lasting
0	56	12	1066	as
0	56	13	1067	that
0	56	14	1068	of
0	56	15	1069	the
0	56	16	1070	fearsome
0	56	17	1071	Bradford
0	56	18	1072	Boar.
1	0	0	0	A
1	0	1	1	clear
1	0	2	2	and
1	0	3	3	joyous
1	0	4	4	day
1	0	5	5	it
1	0	6	6	was
1	0	7	7	and
1	0	8	8	out
1	0	9	9	on
1	0	10	10	the
1	0	11	11	wide
1	0	12	12	open
1	0	13	13	sea,
1	0	14	14	thousands
1	0	15	15	upon
1	0	16	16	thousands
1	0	17	17	of
1	0	18	18	sparkling
1	0	19	19	water
1	0	20	20	drops,
1	0	21	21	excited
1	0	22	22	by
1	0	23	23	getting
1	0	24	24	to
1	0	25	25	play
1	0	26	26	in
1	0	27	27	the
1	0	28	28	ocean,
1	0	29	29	danced
1	0	30	30	all
1	0	31	31	around.
1	1	0	32	One
1	1	1	33	of
1	1	2	34	these
1	1	3	35	was
1	1	4	36	a
1	1	5	37	merry
1	1	6	38	little
1	1	7	39	fellow
1	1	8	40	named
1	1	9	41	Aqua,
1	1	10	42	who
1	1	11	43	danced
1	1	12	44	on
1	1	13	45	the
1	1	14	46	silver
1	1	15	47	backs
1	1	16	48	of
1	1	17	49	the
1	1	18	50	fishes
1	1	19	51	as
1	1	20	52	they
1	1	21	53	plunged
1	1	22	54	up
1	1	23	55	and
1	1	24	56	down
1	1	25	57	in
1	1	26	58	the
1	1	27	59	waves,
1	1	28	60	and,
1	1	29	61	no
1	1	30	62	matter
1	1	31	63	how
1	1	32	64	high
1	1	33	65	he
1	1	34	66	sprung,
1	1	35	67	he
1	1	36	68	always
1	1	37	69	came
1	1	38	70	down
1	1	39	71	again
1	1	40	72	into
1	1	41	73	his
1	1	42	74	mother's
1	1	43	75	lap.
1	2	0	76	His
1	2	1	77	mother,
1	2	2	78	you
1	2	3	79	know,
1	2	4	80	was
1	2	5	81	the
1	2	6	82	ocean,
1	2	7	83	and
1	2	8	84	very
1	2	9	85	beautiful
1	2	10	86	she
1	2	11	87	looked
1	2	12	88	that
1	2	13	89	summer
1	2	14	90	day
1	2	15	91	in
1	2	16	92	her
1	2	17	93	dark
1	2	18	94	blue
1	2	19	95	dress
1	2	20	96	and
1	2	21	97	white
1	2	22	98	ruffles.
1	3	0	99	By
1	3	1	100	and
1	3	2	101	by,
1	3	3	102	the
1	3	4	103	happy
1	3	5	104	water
1	3	6	105	drop
1	3	7	106	tired
1	3	8	107	of
1	3	9	108	his
1	3	10	109	play,
1	3	11	110	and
1	3	12	111	looking
1	3	13	112	up
1	3	14	113	to
1	3	15	114	the
1	3	16	115	clear
1	3	17	116	sky
1	3	18	117	above
1	3	19	118	him,
1	3	20	119	thought
1	3	21	120	he
1	3	22	121	would
1	3	23	122	like
1	3	24	123	to
1	3	25	124	have
1	3	26	125	a
1	3	27	126	sail
1	3	28	127	on
1	3	29	128	one
1	3	30	129	of
1	3	31	130	the
1	3	32	131	white,
1	3	33	132	marshmallow-like
1	3	34	133	clouds,
1	3	35	134	instead
1	3	36	135	of
1	3	37	136	spending
1	3	38	137	his
1	3	39	138	whole
1	3	40	139	life
1	3	41	140	in
1	3	42	141	the
1	3	43	142	ocean.
1	4	0	143	Of
1	4	1	144	the
1	4	2	145	sky,
1	4	3	146	little
1	4	4	147	Aqua
1	4	5	148	had
1	4	6	149	always
1	4	7	150	been
1	4	8	151	afraid,
1	4	9	152	but
1	4	10	153	he
1	4	11	154	decided
1	4	12	155	to
1	4	13	156	finally
1	4	14	157	face
1	4	15	158	his
1	4	16	159	demons
1	4	17	160	and
1	4	18	161	suggested
1	4	19	162	a
1	4	20	163	solution
1	4	21	164	involving
1	4	22	165	the
1	4	23	166	sun
1	4	24	167	carrying
1	4	25	168	him
1	4	26	169	up
1	4	27	170	to
1	4	28	171	the
1	4	29	172	sky
1	4	30	173	would
1	4	31	174	be
1	4	32	175	ideal.
1	5	0	176	The
1	5	1	177	sun
1	5	2	178	understood
1	5	3	179	Aqua's
1	5	4	180	request
1	5	5	181	came
1	5	6	182	from
1	5	7	183	his
1	5	8	184	heart,
1	5	9	185	so
1	5	10	186	he
1	5	11	187	acquiesced
1	5	12	188	and
1	5	13	189	also
1	5	14	190	took
1	5	15	191	ever
1	5	16	192	so
1	5	17	193	many
1	5	18	194	other
1	5	19	195	drops,
1	5	20	196	so
1	5	21	197	that
1	5	22	198	Aqua
1	5	23	199	might
1	5	24	200	not
1	5	25	201	be
1	5	26	202	lonesome
1	5	27	203	on
1	5	28	204	the
1	5	29	205	way.
1	6	0	206	It
1	6	1	207	was
1	6	2	208	only
1	6	3	209	the
1	6	4	210	sun
1	6	5	211	that
1	6	6	212	knew
1	6	7	213	this,
1	6	8	214	however,
1	6	9	215	for
1	6	10	216	all
1	6	11	217	the
1	6	12	218	other
1	6	13	219	drops
1	6	14	220	had
1	6	15	221	been
1	6	16	222	changed
1	6	17	223	into
1	6	18	224	fine
1	6	19	225	mist
1	6	20	226	or
1	6	21	227	vapor
1	6	22	228	and
1	6	23	229	Aqua
1	6	24	230	could
1	6	25	231	not
1	6	26	232	see
1	6	27	233	them.
1	7	0	234	Do
1	7	1	235	you
1	7	2	236	know
1	7	3	237	what
1	7	4	238	vapor
1	7	5	239	is?
1	8	0	240	If
1	8	1	241	you
1	8	2	242	breathe
1	8	3	243	into
1	8	4	244	the
1	8	5	245	air,
1	8	6	246	when
1	8	7	247	it
1	8	8	248	is
1	8	9	249	cold
1	8	10	250	enough,
1	8	11	251	you
1	8	12	252	will
1	8	13	253	see
1	8	14	254	it
1	8	15	255	coming
1	8	16	256	out
1	8	17	257	of
1	8	18	258	your
1	8	19	259	mouth
1	8	20	260	thick
1	8	21	261	and
1	8	22	262	fast
1	8	23	263	like
1	8	24	264	steam.
1	9	0	265	When
1	9	1	266	the
1	9	2	267	vapor
1	9	3	268	is
1	9	4	269	quite
1	9	5	270	near
1	9	6	271	the
1	9	7	272	earth,
1	9	8	273	we
1	9	9	274	call
1	9	10	275	it
1	9	11	276	'fog'.
1	10	0	277	Into
1	10	1	278	vapor
1	10	2	279	the
1	10	3	280	water
1	10	4	281	drops
1	10	5	282	that
1	10	6	283	danced
1	10	7	284	in
1	10	8	285	the
1	10	9	286	ocean
1	10	10	287	had
1	10	11	288	been
1	10	12	289	changed,
1	10	13	290	because
1	10	14	291	in
1	10	15	292	their
1	10	16	293	own
1	10	17	294	shape
1	10	18	295	they
1	10	19	296	were
1	10	20	297	too
1	10	21	298	heavy
1	10	22	299	for
1	10	23	300	the
1	10	24	301	sunbeams
1	10	25	302	that
1	10	26	303	the
1	10	27	304	sun
1	10	28	305	let
1	10	29	306	out
1	10	30	307	to
1	10	31	308	carry.
1	11	0	309	Higher
1	11	1	310	and
1	11	2	311	higher
1	11	3	312	they
1	11	4	313	sailed,
1	11	5	314	and
1	11	6	315	though
1	11	7	316	it
1	11	8	317	was
1	11	9	318	grand,
1	11	10	319	Aqua
1	11	11	320	and
1	11	12	321	his
1	11	13	322	friends
1	11	14	323	were
1	11	15	324	like
1	11	16	325	fish
1	11	17	326	out
1	11	18	327	of
1	11	19	328	water,
1	11	20	329	so
1	11	21	330	they
1	11	22	331	grew
1	11	23	332	quite
1	11	24	333	dizzy.
1	12	0	334	They
1	12	1	335	enjoyed
1	12	2	336	looking
1	12	3	337	down
1	12	4	338	on
1	12	5	339	the
1	12	6	340	world
1	12	7	341	below,
1	12	8	342	while
1	12	9	343	the
1	12	10	344	wind
1	12	11	345	scattered
1	12	12	346	them
1	12	13	347	across
1	12	14	348	the
1	12	15	349	four
1	12	16	350	corners
1	12	17	351	of
1	12	18	352	the
1	12	19	353	earth,
1	12	20	354	but
1	12	21	355	after
1	12	22	356	a
1	12	23	357	while
1	12	24	358	it
1	12	25	359	grew
1	12	26	360	nearly
1	12	27	361	time
1	12	28	362	for
1	12	29	363	the
1	12	30	364	sun
1	12	31	365	to
1	12	32	366	go
1	12	33	367	to
1	12	34	368	bed.
1	13	0	369	He
1	13	1	370	became
1	13	2	371	very
1	13	3	372	red
1	13	4	373	in
1	13	5	374	the
1	13	6	375	face,
1	13	7	376	and
1	13	8	377	began
1	13	9	378	to
1	13	10	379	sink
1	13	11	380	lower
1	13	12	381	and
1	13	13	382	lower,
1	13	14	383	until
1	13	15	384	suddenly
1	13	16	385	he
1	13	17	386	went
1	13	18	387	clear
1	13	19	388	out
1	13	20	389	of
1	13	21	390	sight!
1	14	0	391	Poor
1	14	1	392	little
1	14	2	393	Aqua,
1	14	3	394	frightened
1	14	4	395	by
1	14	5	396	the
1	14	6	397	impending
1	14	7	398	cold
1	14	8	399	and
1	14	9	400	darkness,
1	14	10	401	wished
1	14	11	402	he
1	14	12	403	could
1	14	13	404	sleep
1	14	14	405	not
1	14	15	406	in
1	14	16	407	the
1	14	17	408	sky,
1	14	18	409	but
1	14	19	410	somewhere
1	14	20	411	closer
1	14	21	412	to
1	14	22	413	earth.
1	15	0	414	Then
1	15	1	415	Aqua
1	15	2	416	heard
1	15	3	417	the
1	15	4	418	wind
1	15	5	419	blow
1	15	6	420	and
1	15	7	421	conjectured
1	15	8	422	that
1	15	9	423	maybe
1	15	10	424	the
1	15	11	425	wind
1	15	12	426	could
1	15	13	427	take
1	15	14	428	him
1	15	15	429	back
1	15	16	430	down
1	15	17	431	to
1	15	18	432	the
1	15	19	433	ocean.
1	16	0	434	Indeed,
1	16	1	435	the
1	16	2	436	wind
1	16	3	437	took
1	16	4	438	pity
1	16	5	439	on
1	16	6	440	him
1	16	7	441	and
1	16	8	442	fanned
1	16	9	443	him,
1	16	10	444	together
1	16	11	445	with
1	16	12	446	all
1	16	13	447	of
1	16	14	448	his
1	16	15	449	brothers
1	16	16	450	and
1	16	17	451	sisters,
1	16	18	452	into
1	16	19	453	a
1	16	20	454	heavy
1	16	21	455	gray
1	16	22	456	cloud,
1	16	23	457	after
1	16	24	458	which
1	16	25	459	he
1	16	26	460	blew
1	16	27	461	them
1	16	28	462	apart
1	16	29	463	and
1	16	30	464	told
1	16	31	465	them
1	16	32	466	to
1	16	33	467	hurry
1	16	34	468	down,
1	16	35	469	fast
1	16	36	470	and
1	16	37	471	furious
1	16	38	472	to
1	16	39	473	the
1	16	40	474	earth,
1	16	41	475	so
1	16	42	476	they
1	16	43	477	could
1	16	44	478	have
1	16	45	479	a
1	16	46	480	fighting
1	16	47	481	chance
1	16	48	482	of
1	16	49	483	reaching
1	16	50	484	the
1	16	51	485	ocean.
1	17	0	486	Down
1	17	1	487	they
1	17	2	488	went,
1	17	3	489	rolling
1	17	4	490	over
1	17	5	491	each
1	17	6	492	other
1	17	7	493	until
1	17	8	494	with
1	17	9	495	a
1	17	10	496	patter
1	17	11	497	and
1	17	12	498	clatter
1	17	13	499	and
1	17	14	500	spatter
1	17	15	501	they
1	17	16	502	touched
1	17	17	503	the
1	17	18	504	ground,
1	17	19	505	and
1	17	20	506	all
1	17	21	507	the
1	17	22	508	people
1	17	23	509	that
1	17	24	510	the
1	17	25	511	raindrops
1	17	26	512	fell
1	17	27	513	on
1	17	28	514	cried,
1	17	29	515	'It's
1	17	30	516	raining',
1	17	31	517	and
1	17	32	518	took
1	17	33	519	out
1	17	34	520	their
1	17	35	521	umbrellas.
1	18	0	522	Some
1	18	1	523	of
1	18	2	524	the
1	18	3	525	drops
1	18	4	526	that
1	18	5	527	were
1	18	6	528	the
1	18	7	529	most
1	18	8	530	fortunate,
1	18	9	531	including
1	18	10	532	Aqua,
1	18	11	533	fell
1	18	12	534	on
1	18	13	535	a
1	18	14	536	mountainside,
1	18	15	537	and
1	18	16	538	down
1	18	17	539	the
1	18	18	540	rocky
1	18	19	541	cliff
1	18	20	542	they
1	18	21	543	ran.
1	19	0	544	Together
1	19	1	545	they
1	19	2	546	plunged
1	19	3	547	into
1	19	4	548	a
1	19	5	549	mountain
1	19	6	550	brook,
1	19	7	551	which
1	19	8	552	came
1	19	9	553	foaming
1	19	10	554	and
1	19	11	555	dashing
1	19	12	556	along,
1	19	13	557	leaping
1	19	14	558	over
1	19	15	559	rocks
1	19	16	560	and
1	19	17	561	rushing
1	19	18	562	down
1	19	19	563	the
1	19	20	564	hillside,
1	19	21	565	until
1	19	22	566	in
1	19	23	567	the
1	19	24	568	valley
1	19	25	569	below
1	19	26	570	they
1	19	27	571	heard
1	19	28	572	the
1	19	29	573	strangest
1	19	30	574	clattering
1	19	31	575	noise.
1	20	0	576	The
1	20	1	577	little
1	20	2	578	water
1	20	3	579	drops
1	20	4	580	were
1	20	5	581	then
1	20	6	582	able
1	20	7	583	to
1	20	8	584	make
1	20	9	585	out
1	20	10	586	a
1	20	11	587	flour
1	20	12	588	mill
1	20	13	589	that
1	20	14	590	was
1	20	15	591	standing
1	20	16	592	on
1	20	17	593	the
1	20	18	594	bank.
1	21	0	595	Inside
1	21	1	596	the
1	21	2	597	mill,
1	21	3	598	the
1	21	4	599	water
1	21	5	600	drops
1	21	6	601	saw
1	21	7	602	two
1	21	8	603	great
1	21	9	604	stones,
1	21	10	605	which
1	21	11	606	the
1	21	12	607	big
1	21	13	608	wheel
1	21	14	609	kept
1	21	15	610	whizzing
1	21	16	611	round
1	21	17	612	and
1	21	18	613	round.
1	22	0	614	The
1	22	1	615	stones,
1	22	2	616	smoothed
1	22	3	617	by
1	22	4	618	the
1	22	5	619	spinning,
1	22	6	620	were
1	22	7	621	busy
1	22	8	622	grinding
1	22	9	623	the
1	22	10	624	wheat
1	22	11	625	into
1	22	12	626	flour
1	22	13	627	and
1	22	14	628	the
1	22	15	629	corn
1	22	16	630	into
1	22	17	631	golden
1	22	18	632	meal.
1	23	0	633	But
1	23	1	634	what
1	23	2	635	giant
1	23	3	636	do
1	23	4	637	you
1	23	5	638	suppose
1	23	6	639	it
1	23	7	640	was
1	23	8	641	who
1	23	9	642	could
1	23	10	643	turn
1	23	11	644	and
1	23	12	645	swing
1	23	13	646	that
1	23	14	647	tremendous
1	23	15	648	wheel?
1	24	0	649	No
1	24	1	650	giant
1	24	2	651	at
1	24	3	652	all.
1	25	0	653	It
1	25	1	654	was
1	25	2	655	just
1	25	3	656	our
1	25	4	657	tiny
1	25	5	658	little
1	25	6	659	water
1	25	7	660	drops,
1	25	8	661	who
1	25	9	662	sprang
1	25	10	663	on
1	25	11	664	it
1	25	12	665	by
1	25	13	666	hundreds
1	25	14	667	and
1	25	15	668	thousands,
1	25	16	669	and
1	25	17	670	whirled
1	25	18	671	it
1	25	19	672	over
1	25	20	673	and
1	25	21	674	over.
1	26	0	675	It
1	26	1	676	was
1	26	2	677	lucky
1	26	3	678	for
1	26	4	679	the
1	26	5	680	water
1	26	6	681	drops
1	26	7	682	that
1	26	8	683	the
1	26	9	684	brook
1	26	10	685	where
1	26	11	686	they
1	26	12	687	were
1	26	13	688	swimming
1	26	14	689	next
1	26	15	690	emptied
1	26	16	691	into
1	26	17	692	a
1	26	18	693	beautiful
1	26	19	694	pond
1	26	20	695	where
1	26	21	696	ducks
1	26	22	697	and
1	26	23	698	geese
1	26	24	699	were
1	26	25	700	living
1	26	26	701	peacefully.
1	27	0	702	Aqua
1	27	1	703	liked
1	27	2	704	to
1	27	3	705	play
1	27	4	706	hide-and-seek
1	27	5	707	in
1	27	6	708	this
1	27	7	709	pond,
1	27	8	710	and
1	27	9	711	it
1	27	10	712	was
1	27	11	713	his
1	27	12	714	brother
1	27	13	715	water
1	27	14	716	drop
1	27	15	717	who
1	27	16	718	he
1	27	17	719	fooled
1	27	18	720	by
1	27	19	721	swimming
1	27	20	722	to
1	27	21	723	a
1	27	22	724	big
1	27	23	725	pool
1	27	24	726	of
1	27	25	727	water
1	27	26	728	and
1	27	27	729	pretending
1	27	28	730	to
1	27	29	731	hide
1	27	30	732	there,
1	27	31	733	but
1	27	32	734	then
1	27	33	735	sneaking
1	27	34	736	under
1	27	35	737	a
1	27	36	738	rock
1	27	37	739	into
1	27	38	740	an
1	27	39	741	obscured
1	27	40	742	little
1	27	41	743	puddle.
1	28	0	744	His
1	28	1	745	brother
1	28	2	746	had
1	28	3	747	blatantly
1	28	4	748	peeked
1	28	5	749	and
1	28	6	750	even
1	28	7	751	followed
1	28	8	752	Aqua
1	28	9	753	as
1	28	10	754	he
1	28	11	755	entered
1	28	12	756	the
1	28	13	757	big
1	28	14	758	pool
1	28	15	759	of
1	28	16	760	water,
1	28	17	761	so
1	28	18	762	when
1	28	19	763	he
1	28	20	764	searched
1	28	21	765	there
1	28	22	766	and
1	28	23	767	could
1	28	24	768	not
1	28	25	769	find
1	28	26	770	him,
1	28	27	771	he
1	28	28	772	was
1	28	29	773	extremely
1	28	30	774	surprised
1	28	31	775	and
1	28	32	776	gave
1	28	33	777	up.
1	29	0	778	Aqua
1	29	1	779	liked
1	29	2	780	this
1	29	3	781	pond
1	29	4	782	where
1	29	5	783	he
1	29	6	784	could
1	29	7	785	play
1	29	8	786	all
1	29	9	787	day,
1	29	10	788	so
1	29	11	789	he
1	29	12	790	stayed
1	29	13	791	a
1	29	14	792	good
1	29	15	793	while,
1	29	16	794	sailing
1	29	17	795	up
1	29	18	796	and
1	29	19	797	down,
1	29	20	798	taking
1	29	21	799	the
1	29	22	800	ducks'
1	29	23	801	backs
1	29	24	802	for
1	29	25	803	ships
1	29	26	804	and
1	29	27	805	the
1	29	28	806	frogs
1	29	29	807	for
1	29	30	808	horses,
1	29	31	809	but
1	29	32	810	after
1	29	33	811	a
1	29	34	812	time
1	29	35	813	he
1	29	36	814	tired
1	29	37	815	of
1	29	38	816	the
1	29	39	817	dull
1	29	40	818	life,
1	29	41	819	and
1	29	42	820	he
1	29	43	821	and
1	29	44	822	his
1	29	45	823	brothers
1	29	46	824	floated
1	29	47	825	under
1	29	48	826	a
1	29	49	827	bridge
1	29	50	828	for
1	29	51	829	a
1	29	52	830	long
1	29	53	831	distance,
1	29	54	832	until
1	29	55	833	they
1	29	56	834	saw
1	29	57	835	another
1	29	58	836	brook
1	29	59	837	tumbling
1	29	60	838	down
1	29	61	839	a
1	29	62	840	hillside.
1	30	0	841	'Come,
1	30	1	842	let's
1	30	2	843	join
1	30	3	844	hands!'
1	31	0	845	cried
1	31	1	846	Aqua
1	31	2	847	and
1	31	3	848	because
1	31	4	849	the
1	31	5	850	water
1	31	6	851	drops
1	31	7	852	were
1	31	8	853	all
1	31	9	854	together,
1	31	10	855	overcoming
1	31	11	856	the
1	31	12	857	brook
1	31	13	858	was
1	31	14	859	child's
1	31	15	860	play.
1	32	0	861	It
1	32	1	862	was
1	32	2	863	by
1	32	3	864	the
1	32	4	865	help
1	32	5	866	of
1	32	6	867	Aqua
1	32	7	868	and
1	32	8	869	his
1	32	9	870	brothers
1	32	10	871	that
1	32	11	872	the
1	32	12	873	bewitching
1	32	13	874	river
1	32	14	875	was
1	32	15	876	able
1	32	16	877	to
1	32	17	878	float
1	32	18	879	heavy
1	32	19	880	ships,
1	32	20	881	though
1	32	21	882	not
1	32	22	883	so
1	32	23	884	long
1	32	24	885	ago
1	32	25	886	it
1	32	26	887	was
1	32	27	888	only
1	32	28	889	a
1	32	29	890	little
1	32	30	891	stream.
1	33	0	892	As
1	33	1	893	the
1	33	2	894	river
1	33	3	895	grew
1	33	4	896	wider
1	33	5	897	and
1	33	6	898	he
1	33	7	899	could
1	33	8	900	almost
1	33	9	901	see
1	33	10	902	the
1	33	11	903	ocean,
1	33	12	904	Aqua
1	33	13	905	realized
1	33	14	906	his
1	33	15	907	journey
1	33	16	908	was
1	33	17	909	almost
1	33	18	910	over
1	33	19	911	and
1	33	20	912	he
1	33	21	913	had
1	33	22	914	come
1	33	23	915	full
1	33	24	916	circle.
1	34	0	917	Back
1	34	1	918	in
1	34	2	919	the
1	34	3	920	ocean,
1	34	4	921	he
1	34	5	922	felt
1	34	6	923	right
1	34	7	924	at
1	34	8	925	home.
1	35	0	926	For
1	35	1	927	him,
1	35	2	928	this
1	35	3	929	was
1	35	4	930	the
1	35	5	931	safest,
1	35	6	932	sweetest
1	35	7	933	place
1	35	8	934	in
1	35	9	935	the
1	35	10	936	whole
1	35	11	937	wide
1	35	12	938	world.
1	36	0	939	During
1	36	1	940	the
1	36	2	941	warm
1	36	3	942	summer
1	36	4	943	evenings,
1	36	5	944	if
1	36	6	945	you
1	36	7	946	take
1	36	8	947	a
1	36	9	948	walk
1	36	10	949	on
1	36	11	950	the
1	36	12	951	sea
1	36	13	952	beach,
1	36	14	953	you
1	36	15	954	will
1	36	16	955	hear
1	36	17	956	the
1	36	18	957	gentle
1	36	19	958	rippling
1	36	20	959	swash
1	36	21	960	of
1	36	22	961	the
1	36	23	962	waves
1	36	24	963	and
1	36	25	964	some
1	36	26	965	say
1	36	27	966	that
1	36	28	967	it
1	36	29	968	must
1	36	30	969	be
1	36	31	970	the
1	36	32	971	gurgling
1	36	33	972	voices
1	36	34	973	of
1	36	35	974	Aqua
1	36	36	975	and
1	36	37	976	his
1	36	38	977	brother
1	36	39	978	water
1	36	40	979	drops
1	36	41	980	telling
1	36	42	981	each
1	36	43	982	other
1	36	44	983	about
1	36	45	984	their
1	36	46	985	wonderful
1	36	47	986	journey
1	36	48	987	around
1	36	49	988	the
1	36	50	989	world.
2	0	0	0	It
2	0	1	1	was
2	0	2	2	cold
2	0	3	3	and
2	0	4	4	nearly
2	0	5	5	dark
2	0	6	6	on
2	0	7	7	the
2	0	8	8	last
2	0	9	9	evening
2	0	10	10	of
2	0	11	11	the
2	0	12	12	old
2	0	13	13	year,
2	0	14	14	and
2	0	15	15	the
2	0	16	16	snow
2	0	17	17	was
2	0	18	18	falling
2	0	19	19	fast
2	0	20	20	and
2	0	21	21	furious.
2	1	0	22	A
2	1	1	23	little
2	1	2	24	girl
2	1	3	25	no
2	1	4	26	one
2	1	5	27	sheltered
2	1	6	28	from
2	1	7	29	the
2	1	8	30	gelid
2	1	9	31	air
2	1	10	32	roamed
2	1	11	33	through
2	1	12	34	the
2	1	13	35	streets
2	1	14	36	with
2	1	15	37	a
2	1	16	38	bare
2	1	17	39	head
2	1	18	40	and
2	1	19	41	naked
2	1	20	42	feet,
2	1	21	43	looking
2	1	22	44	as
2	1	23	45	poor
2	1	24	46	as
2	1	25	47	a
2	1	26	48	church
2	1	27	49	mouse.
2	2	0	50	It's
2	2	1	51	true
2	2	2	52	she
2	2	3	53	had
2	2	4	54	on
2	2	5	55	a
2	2	6	56	pair
2	2	7	57	of
2	2	8	58	slippers
2	2	9	59	her
2	2	10	60	mother
2	2	11	61	had
2	2	12	62	once
2	2	13	63	given
2	2	14	64	her
2	2	15	65	when
2	2	16	66	she
2	2	17	67	left
2	2	18	68	home,
2	2	19	69	but
2	2	20	70	they
2	2	21	71	were
2	2	22	72	as
2	2	23	73	much
2	2	24	74	use
2	2	25	75	to
2	2	26	76	her
2	2	27	77	as
2	2	28	78	a
2	2	29	79	chocolate
2	2	30	80	teapot.
2	3	0	81	The
2	3	1	82	slippers
2	3	2	83	owned
2	3	3	84	by
2	3	4	85	her
2	3	5	86	mother
2	3	6	87	were
2	3	7	88	so
2	3	8	89	large
2	3	9	90	that
2	3	10	91	the
2	3	11	92	emaciated
2	3	12	93	little
2	3	13	94	creature
2	3	14	95	had
2	3	15	96	lost
2	3	16	97	them
2	3	17	98	while
2	3	18	99	running
2	3	19	100	across
2	3	20	101	the
2	3	21	102	street
2	3	22	103	to
2	3	23	104	avoid
2	3	24	105	two
2	3	25	106	carriages
2	3	26	107	that
2	3	27	108	were
2	3	28	109	rolling
2	3	29	110	along
2	3	30	111	at
2	3	31	112	a
2	3	32	113	terrible
2	3	33	114	rate.
2	4	0	115	One
2	4	1	116	of
2	4	2	117	the
2	4	3	118	slippers
2	4	4	119	she
2	4	5	120	could
2	4	6	121	not
2	4	7	122	find,
2	4	8	123	and
2	4	9	124	a
2	4	10	125	boy
2	4	11	126	seized
2	4	12	127	upon
2	4	13	128	the
2	4	14	129	other,
2	4	15	130	saying
2	4	16	131	that
2	4	17	132	he
2	4	18	133	could
2	4	19	134	use
2	4	20	135	it
2	4	21	136	as
2	4	22	137	a
2	4	23	138	home
2	4	24	139	for
2	4	25	140	his
2	4	26	141	little
2	4	27	142	pet
2	4	28	143	mouse.
2	5	0	144	So
2	5	1	145	with
2	5	2	146	her
2	5	3	147	naked
2	5	4	148	feet,
2	5	5	149	which
2	5	6	150	were
2	5	7	151	quite
2	5	8	152	red
2	5	9	153	and
2	5	10	154	blue
2	5	11	155	with
2	5	12	156	the
2	5	13	157	cold,
2	5	14	158	the
2	5	15	159	little
2	5	16	160	girl
2	5	17	161	went
2	5	18	162	on,
2	5	19	163	wondering
2	5	20	164	how
2	5	21	165	she
2	5	22	166	would
2	5	23	167	get
2	5	24	168	through
2	5	25	169	this
2	5	26	170	dreadful
2	5	27	171	night.
2	6	0	172	She
2	6	1	173	approached
2	6	2	174	an
2	6	3	175	old
2	6	4	176	hovel
2	6	5	177	she
2	6	6	178	had
2	6	7	179	used
2	6	8	180	as
2	6	9	181	a
2	6	10	182	shelter
2	6	11	183	a
2	6	12	184	few
2	6	13	185	times
2	6	14	186	before,
2	6	15	187	and
2	6	16	188	found
2	6	17	189	the
2	6	18	190	entrance
2	6	19	191	was
2	6	20	192	locked.
2	7	0	193	Tough
2	7	1	194	luck
2	7	2	195	for
2	7	3	196	the
2	7	4	197	girl!
2	8	0	198	This
2	8	1	199	day
2	8	2	200	was
2	8	3	201	even
2	8	4	202	worse
2	8	5	203	than
2	8	6	204	the
2	8	7	205	others.
2	9	0	206	No
2	9	1	207	Good
2	9	2	208	Samaritan
2	9	3	209	had
2	9	4	210	given
2	9	5	211	her
2	9	6	212	even
2	9	7	213	a
2	9	8	214	penny.
2	10	0	215	And
2	10	1	216	she
2	10	2	217	had
2	10	3	218	no
2	10	4	219	luck
2	10	5	220	selling
2	10	6	221	any
2	10	7	222	matches
2	10	8	223	that
2	10	9	224	she
2	10	10	225	carried
2	10	11	226	in
2	10	12	227	the
2	10	13	228	old
2	10	14	229	apron
2	10	15	230	her
2	10	16	231	grandmother
2	10	17	232	had
2	10	18	233	given
2	10	19	234	her.
2	11	0	235	Poor
2	11	1	236	little
2	11	2	237	child,
2	11	3	238	she
2	11	4	239	looked
2	11	5	240	the
2	11	6	241	picture
2	11	7	242	of
2	11	8	243	misery.
2	12	0	244	On
2	12	1	245	her
2	12	2	246	long,
2	12	3	247	fair
2	12	4	248	hair,
2	12	5	249	which
2	12	6	250	hung
2	12	7	251	in
2	12	8	252	curls
2	12	9	253	on
2	12	10	254	her
2	12	11	255	shoulders,
2	12	12	256	the
2	12	13	257	snowflakes
2	12	14	258	kept
2	12	15	259	landing,
2	12	16	260	but
2	12	17	261	she
2	12	18	262	did
2	12	19	263	not
2	12	20	264	notice
2	12	21	265	them
2	12	22	266	as
2	12	23	267	she
2	12	24	268	shivered
2	12	25	269	along.
2	13	0	270	She
2	13	1	271	was
2	13	2	272	losing
2	13	3	273	strength
2	13	4	274	and
2	13	5	275	beginning
2	13	6	276	to
2	13	7	277	doubt
2	13	8	278	she
2	13	9	279	could
2	13	10	280	weather
2	13	11	281	this
2	13	12	282	storm.
2	14	0	283	It
2	14	1	284	was
2	14	2	285	New
2	14	3	286	Year's,
2	14	4	287	and
2	14	5	288	the
2	14	6	289	girl
2	14	7	290	asked
2	14	8	291	herself
2	14	9	292	why,
2	14	10	293	as
2	14	11	294	lights
2	14	12	295	shone
2	14	13	296	from
2	14	14	297	every
2	14	15	298	window,
2	14	16	299	and
2	14	17	300	the
2	14	18	301	savory
2	14	19	302	smell
2	14	20	303	of
2	14	21	304	roast
2	14	22	305	goose
2	14	23	306	crept
2	14	24	307	out
2	14	25	308	on
2	14	26	309	the
2	14	27	310	streets,
2	14	28	311	she
2	14	29	312	was
2	14	30	313	outside
2	14	31	314	all
2	14	32	315	alone.
2	15	0	316	Exhausted,
2	15	1	317	she
2	15	2	318	finally
2	15	3	319	sat
2	15	4	320	down
2	15	5	321	in
2	15	6	322	a
2	15	7	323	corner
2	15	8	324	behind
2	15	9	325	the
2	15	10	326	little
2	15	11	327	bakery.
2	16	0	328	She
2	16	1	329	put
2	16	2	330	a
2	16	3	331	rag
2	16	4	332	she
2	16	5	333	had
2	16	6	334	found
2	16	7	335	over
2	16	8	336	her
2	16	9	337	legs
2	16	10	338	to
2	16	11	339	cover
2	16	12	340	herself,
2	16	13	341	but
2	16	14	342	she
2	16	15	343	could
2	16	16	344	not
2	16	17	345	keep
2	16	18	346	off
2	16	19	347	the
2	16	20	348	cold.
2	17	0	349	The
2	17	1	350	girl,
2	17	2	351	who
2	17	3	352	the
2	17	4	353	night
2	17	5	354	air
2	17	6	355	had
2	17	7	356	completely
2	17	8	357	enveloped,
2	17	9	358	dared
2	17	10	359	not
2	17	11	360	go
2	17	12	361	home,
2	17	13	362	for
2	17	14	363	she
2	17	15	364	had
2	17	16	365	sold
2	17	17	366	no
2	17	18	367	matches.
2	18	0	368	Her
2	18	1	369	father
2	18	2	370	had
2	18	3	371	been
2	18	4	372	mean
2	18	5	373	and
2	18	6	374	moody
2	18	7	375	ever
2	18	8	376	since
2	18	9	377	his
2	18	10	378	wife
2	18	11	379	had
2	18	12	380	gone
2	18	13	381	to
2	18	14	382	meet
2	18	15	383	her
2	18	16	384	Maker.
2	19	0	385	He
2	19	1	386	would
2	19	2	387	certainly
2	19	3	388	beat
2	19	4	389	her,
2	19	5	390	as
2	19	6	391	he
2	19	7	392	has
2	19	8	393	done
2	19	9	394	several
2	19	10	395	times
2	19	11	396	in
2	19	12	397	the
2	19	13	398	weeks
2	19	14	399	past,
2	19	15	400	because
2	19	16	401	she
2	19	17	402	had
2	19	18	403	not
2	19	19	404	earned
2	19	20	405	any
2	19	21	406	money
2	19	22	407	today.
2	20	0	408	Besides,
2	20	1	409	it
2	20	2	410	was
2	20	3	411	almost
2	20	4	412	as
2	20	5	413	cold
2	20	6	414	at
2	20	7	415	home
2	20	8	416	as
2	20	9	417	outside,
2	20	10	418	for
2	20	11	419	they
2	20	12	420	had
2	20	13	421	only
2	20	14	422	a
2	20	15	423	patchy
2	20	16	424	roof
2	20	17	425	to
2	20	18	426	cover
2	20	19	427	them.
2	21	0	428	The
2	21	1	429	girl's
2	21	2	430	little
2	21	3	431	hands
2	21	4	432	were
2	21	5	433	almost
2	21	6	434	frozen
2	21	7	435	solid
2	21	8	436	so
2	21	9	437	she
2	21	10	438	decided
2	21	11	439	that
2	21	12	440	a
2	21	13	441	burning
2	21	14	442	match
2	21	15	443	might
2	21	16	444	be
2	21	17	445	of
2	21	18	446	some
2	21	19	447	good.
2	22	0	448	'Scratch!'
2	23	0	449	sounded
2	23	1	450	the
2	23	2	451	match
2	23	3	452	as
2	23	4	453	she
2	23	5	454	drew
2	23	6	455	it
2	23	7	456	out.
2	24	0	457	How
2	24	1	458	it
2	24	2	459	sputtered
2	24	3	460	as
2	24	4	461	it
2	24	5	462	burnt!
2	25	0	463	It
2	25	1	464	gave
2	25	2	465	a
2	25	3	466	warm,
2	25	4	467	candle-like
2	25	5	468	bright
2	25	6	469	light
2	25	7	470	that
2	25	8	471	the
2	25	9	472	girl
2	25	10	473	hid
2	25	11	474	from
2	25	12	475	the
2	25	13	476	world
2	25	14	477	as
2	25	15	478	she
2	25	16	479	held
2	25	17	480	her
2	25	18	481	hand
2	25	19	482	over
2	25	20	483	it.
2	26	0	484	Why
2	26	1	485	had
2	26	2	486	no
2	26	3	487	one
2	26	4	488	wanted
2	26	5	489	to
2	26	6	490	buy
2	26	7	491	even
2	26	8	492	one
2	26	9	493	match?
2	27	0	494	A
2	27	1	495	wonderful
2	27	2	496	light,
2	27	3	497	it
2	27	4	498	was
2	27	5	499	really.
2	28	0	500	It
2	28	1	501	seemed
2	28	2	502	to
2	28	3	503	the
2	28	4	504	girl
2	28	5	505	that
2	28	6	506	she
2	28	7	507	was
2	28	8	508	sitting
2	28	9	509	by
2	28	10	510	a
2	28	11	511	large
2	28	12	512	iron
2	28	13	513	stove,
2	28	14	514	with
2	28	15	515	polished
2	28	16	516	brass
2	28	17	517	feet
2	28	18	518	and
2	28	19	519	a
2	28	20	520	brass
2	28	21	521	ornament.
2	29	0	522	How
2	29	1	523	the
2	29	2	524	fire
2	29	3	525	burned!
2	30	0	526	The
2	30	1	527	girl
2	30	2	528	was
2	30	3	529	pleased
2	30	4	530	and
2	30	5	531	the
2	30	6	532	fire
2	30	7	533	actually
2	30	8	534	seemed
2	30	9	535	so
2	30	10	536	warm
2	30	11	537	that
2	30	12	538	the
2	30	13	539	child
2	30	14	540	stretched
2	30	15	541	out
2	30	16	542	her
2	30	17	543	feet
2	30	18	544	as
2	30	19	545	if
2	30	20	546	to
2	30	21	547	warm
2	30	22	548	them,
2	30	23	549	when
2	30	24	550	suddenly
2	30	25	551	the
2	30	26	552	flame
2	30	27	553	of
2	30	28	554	the
2	30	29	555	match
2	30	30	556	went
2	30	31	557	out.
2	31	0	558	It
2	31	1	559	was
2	31	2	560	a
2	31	3	561	short,
2	31	4	562	stubby
2	31	5	563	match
2	31	6	564	that
2	31	7	565	the
2	31	8	566	little
2	31	9	567	girl
2	31	10	568	next
2	31	11	569	rubbed
2	31	12	570	on
2	31	13	571	the
2	31	14	572	wall.
2	32	0	573	It
2	32	1	574	burst
2	32	2	575	into
2	32	3	576	a
2	32	4	577	flame,
2	32	5	578	and
2	32	6	579	lo
2	32	7	580	and
2	32	8	581	behold,
2	32	9	582	the
2	32	10	583	girl
2	32	11	584	was
2	32	12	585	transported
2	32	13	586	from
2	32	14	587	her
2	32	15	588	dank
2	32	16	589	city
2	32	17	590	to
2	32	18	591	a
2	32	19	592	beautiful,
2	32	20	593	sunny
2	32	21	594	forest.
2	33	0	595	She
2	33	1	596	heard
2	33	2	597	the
2	33	3	598	birds
2	33	4	599	chirping
2	33	5	600	and
2	33	6	601	she
2	33	7	602	was
2	33	8	603	surrounded
2	33	9	604	by
2	33	10	605	wildflowers
2	33	11	606	and
2	33	12	607	birches
2	33	13	608	as
2	33	14	609	white
2	33	15	610	as
2	33	16	611	snow.
2	34	0	612	A
2	34	1	613	little
2	34	2	614	squirrel
2	34	3	615	hid
2	34	4	616	some
2	34	5	617	food
2	34	6	618	in
2	34	7	619	the
2	34	8	620	ground
2	34	9	621	and
2	34	10	622	scurried
2	34	11	623	off
2	34	12	624	into
2	34	13	625	the
2	34	14	626	underbrush.
2	35	0	627	The
2	35	1	628	girl
2	35	2	629	was
2	35	3	630	curious,
2	35	4	631	so
2	35	5	632	she
2	35	6	633	dug
2	35	7	634	some
2	35	8	635	squirrel
2	35	9	636	food
2	35	10	637	up
2	35	11	638	to
2	35	12	639	see
2	35	13	640	what
2	35	14	641	it
2	35	15	642	was,
2	35	16	643	but
2	35	17	644	then
2	35	18	645	she
2	35	19	646	forgot
2	35	20	647	to
2	35	21	648	put
2	35	22	649	it
2	35	23	650	back.
2	36	0	651	The
2	36	1	652	squirrel
2	36	2	653	came
2	36	3	654	back
2	36	4	655	and
2	36	5	656	looked
2	36	6	657	in
2	36	7	658	its
2	36	8	659	hiding
2	36	9	660	place,
2	36	10	661	but
2	36	11	662	the
2	36	12	663	food
2	36	13	664	was
2	36	14	665	nowhere
2	36	15	666	to
2	36	16	667	be
2	36	17	668	found.
2	37	0	669	Then
2	37	1	670	the
2	37	2	671	match
2	37	3	672	went
2	37	4	673	out,
2	37	5	674	and
2	37	6	675	it
2	37	7	676	wasn't
2	37	8	677	the
2	37	9	678	forest
2	37	10	679	that
2	37	11	680	remained
2	37	12	681	before
2	37	13	682	her
2	37	14	683	eyes.
2	38	0	684	It
2	38	1	685	was
2	38	2	686	only
2	38	3	687	the
2	38	4	688	thick,
2	38	5	689	damp,
2	38	6	690	cold
2	38	7	691	wall.
2	39	0	692	The
2	39	1	693	girl
2	39	2	694	looked
2	39	3	695	despondently
2	39	4	696	into
2	39	5	697	the
2	39	6	698	sky
2	39	7	699	that
2	39	8	700	was
2	39	9	701	now
2	39	10	702	fully
2	39	11	703	darkened
2	39	12	704	and
2	39	13	705	suddenly
2	39	14	706	she
2	39	15	707	saw
2	39	16	708	a
2	39	17	709	star
2	39	18	710	fall,
2	39	19	711	leaving
2	39	20	712	behind
2	39	21	713	it
2	39	22	714	a
2	39	23	715	bright
2	39	24	716	streak
2	39	25	717	of
2	39	26	718	fire.
2	40	0	719	'Someone
2	40	1	720	is
2	40	2	721	dying,'
2	40	3	722	thought
2	40	4	723	the
2	40	5	724	little
2	40	6	725	girl.
2	41	0	726	It
2	41	1	727	was
2	41	2	728	her
2	41	3	729	old
2	41	4	730	grandmother,
2	41	5	731	the
2	41	6	732	one
2	41	7	733	who
2	41	8	734	had
2	41	9	735	loved
2	41	10	736	her
2	41	11	737	the
2	41	12	738	most,
2	41	13	739	and
2	41	14	740	the
2	41	15	741	one
2	41	16	742	who
2	41	17	743	the
2	41	18	744	girl
2	41	19	745	used
2	41	20	746	to
2	41	21	747	visit
2	41	22	748	every
2	41	23	749	Sunday,
2	41	24	750	who
2	41	25	751	had
2	41	26	752	told
2	41	27	753	her
2	41	28	754	that
2	41	29	755	when
2	41	30	756	a
2	41	31	757	star
2	41	32	758	falls,
2	41	33	759	a
2	41	34	760	soul
2	41	35	761	leaves
2	41	36	762	this
2	41	37	763	earth.
2	42	0	764	It
2	42	1	765	was
2	42	2	766	her
2	42	3	767	last
2	42	4	768	match
2	42	5	769	that
2	42	6	770	the
2	42	7	771	little
2	42	8	772	girl
2	42	9	773	now
2	42	10	774	rubbed
2	42	11	775	on
2	42	12	776	the
2	42	13	777	wall
2	42	14	778	and
2	42	15	779	the
2	42	16	780	light
2	42	17	781	again
2	42	18	782	shone
2	42	19	783	round
2	42	20	784	her.
2	43	0	785	Her
2	43	1	786	old
2	43	2	787	grandmother
2	43	3	788	in
2	43	4	789	the
2	43	5	790	brightness
2	43	6	791	stood,
2	43	7	792	loving
2	43	8	793	in
2	43	9	794	her
2	43	10	795	appearance.
2	44	0	796	The
2	44	1	797	girl
2	44	2	798	understood
2	44	3	799	her
2	44	4	800	grandmother
2	44	5	801	would
2	44	6	802	soon
2	44	7	803	disappear,
2	44	8	804	but
2	44	9	805	she
2	44	10	806	tried
2	44	11	807	to
2	44	12	808	play
2	44	13	809	for
2	44	14	810	time.
2	45	0	811	'Grandmother,'
2	45	1	812	cried
2	45	2	813	the
2	45	3	814	little
2	45	4	815	one,
2	45	5	816	'O
2	45	6	817	take
2	45	7	818	me
2	45	8	819	with
2	45	9	820	you!
2	46	0	821	I
2	46	1	822	know
2	46	2	823	you
2	46	3	824	will
2	46	4	825	go
2	46	5	826	away
2	46	6	827	when
2	46	7	828	the
2	46	8	829	match
2	46	9	830	burns
2	46	10	831	out!'
2	47	0	832	The
2	47	1	833	girl
2	47	2	834	decided
2	47	3	835	to
2	47	4	836	light
2	47	5	837	the
2	47	6	838	whole
2	47	7	839	bundle
2	47	8	840	of
2	47	9	841	matches,
2	47	10	842	in
2	47	11	843	order
2	47	12	844	to
2	47	13	845	keep
2	47	14	846	her
2	47	15	847	grandmother
2	47	16	848	there.
2	48	0	849	The
2	48	1	850	girl
2	48	2	851	saw
2	48	3	852	the
2	48	4	853	matches
2	48	5	854	glowed
2	48	6	855	with
2	48	7	856	a
2	48	8	857	light
2	48	9	858	that
2	48	10	859	was
2	48	11	860	brighter
2	48	12	861	than
2	48	13	862	the
2	48	14	863	day,
2	48	15	864	and
2	48	16	865	her
2	48	17	866	grandmother
2	48	18	867	had
2	48	19	868	never
2	48	20	869	appeared
2	48	21	870	so
2	48	22	871	large
2	48	23	872	or
2	48	24	873	so
2	48	25	874	beautiful
2	48	26	875	as
2	48	27	876	she
2	48	28	877	did
2	48	29	878	in
2	48	30	879	the
2	48	31	880	light
2	48	32	881	of
2	48	33	882	the
2	48	34	883	little
2	48	35	884	matches.
2	49	0	885	The
2	49	1	886	grandmother
2	49	2	887	then
2	49	3	888	took
2	49	4	889	the
2	49	5	890	little
2	49	6	891	girl
2	49	7	892	in
2	49	8	893	her
2	49	9	894	arms,
2	49	10	895	and
2	49	11	896	they
2	49	12	897	both
2	49	13	898	flew
2	49	14	899	upwards
2	49	15	900	in
2	49	16	901	brightness
2	49	17	902	and
2	49	18	903	joy
2	49	19	904	far
2	49	20	905	above
2	49	21	906	the
2	49	22	907	earth,
2	49	23	908	where
2	49	24	909	there
2	49	25	910	was
2	49	26	911	neither
2	49	27	912	cold
2	49	28	913	nor
2	49	29	914	hunger,
2	49	30	915	and
2	49	31	916	the
2	49	32	917	little
2	49	33	918	girl
2	49	34	919	felt
2	49	35	920	safe
2	49	36	921	and
2	49	37	922	peaceful.
2	50	0	923	In
2	50	1	924	the
2	50	2	925	dawn
2	50	3	926	of
2	50	4	927	the
2	50	5	928	morning
2	50	6	929	there
2	50	7	930	lay
2	50	8	931	the
2	50	9	932	poor
2	50	10	933	little
2	50	11	934	one,
2	50	12	935	not
2	50	13	936	frowning,
2	50	14	937	but
2	50	15	938	smiling
2	50	16	939	and
2	50	17	940	with
2	50	18	941	a
2	50	19	942	pale
2	50	20	943	face
2	50	21	944	leaning
2	50	22	945	against
2	50	23	946	the
2	50	24	947	wall,
2	50	25	948	frozen
2	50	26	949	and
2	50	27	950	stone
2	50	28	951	dead.
2	51	0	952	'She
2	51	1	953	tried
2	51	2	954	to
2	51	3	955	warm
2	51	4	956	herself,'
2	51	5	957	said
2	51	6	958	some.
2	52	0	959	Children
2	52	1	960	who
2	52	2	961	saw
2	52	3	962	her
2	52	4	963	were
2	52	5	964	asking
2	52	6	965	their
2	52	7	966	parents
2	52	8	967	why
2	52	9	968	no
2	52	10	969	one
2	52	11	970	helped
2	52	12	971	the
2	52	13	972	girl
2	52	14	973	who
2	52	15	974	they
2	52	16	975	knew
2	52	17	976	looked
2	52	18	977	dirt
2	52	19	978	poor
2	52	20	979	and
2	52	21	980	helpless.
2	53	0	981	Passersby
2	53	1	982	who
2	53	2	983	saw
2	53	3	984	her
2	53	4	985	sitting
2	53	5	986	motionless
2	53	6	987	wished
2	53	7	988	they
2	53	8	989	could
2	53	9	990	have
2	53	10	991	helped
2	53	11	992	the
2	53	12	993	girl,
2	53	13	994	but
2	53	14	995	their
2	53	15	996	good
2	53	16	997	intentions
2	53	17	998	were
2	53	18	999	a
2	53	19	1000	day
2	53	20	1001	late
2	53	21	1002	and
2	53	22	1003	a
2	53	23	1004	dollar
2	53	24	1005	short.
2	54	0	1006	Other
2	54	1	1007	people
2	54	2	1008	suspected
2	54	3	1009	the
2	54	4	1010	girl
2	54	5	1011	had
2	54	6	1012	fallen
2	54	7	1013	asleep
2	54	8	1014	and
2	54	9	1015	frozen,
2	54	10	1016	but
2	54	11	1017	no
2	54	12	1018	one
2	54	13	1019	imagined
2	54	14	1020	what
2	54	15	1021	beautiful
2	54	16	1022	things
2	54	17	1023	she
2	54	18	1024	had
2	54	19	1025	seen,
2	54	20	1026	nor
2	54	21	1027	into
2	54	22	1028	what
2	54	23	1029	glory
2	54	24	1030	she
2	54	25	1031	had
2	54	26	1032	entered
2	54	27	1033	with
2	54	28	1034	her
2	54	29	1035	grandmother,
2	54	30	1036	on
2	54	31	1037	New
2	54	32	1038	Year's
2	54	33	1039	day.
3	0	0	0	Once
3	0	1	1	upon
3	0	2	2	a
3	0	3	3	time
3	0	4	4	the
3	0	5	5	birds
3	0	6	6	took
3	0	7	7	it
3	0	8	8	into
3	0	9	9	their
3	0	10	10	heads
3	0	11	11	that
3	0	12	12	they
3	0	13	13	would
3	0	14	14	like
3	0	15	15	a
3	0	16	16	master,
3	0	17	17	and
3	0	18	18	that
3	0	19	19	one
3	0	20	20	of
3	0	21	21	their
3	0	22	22	number
3	0	23	23	must
3	0	24	24	be
3	0	25	25	chosen
3	0	26	26	king.
3	1	0	27	A
3	1	1	28	meeting
3	1	2	29	of
3	1	3	30	all
3	1	4	31	the
3	1	5	32	birds
3	1	6	33	was
3	1	7	34	called
3	1	8	35	and
3	1	9	36	though
3	1	10	37	they
3	1	11	38	understood
3	1	12	39	the
3	1	13	40	birds
3	1	14	41	who
3	1	15	42	were
3	1	16	43	from
3	1	17	44	the
3	1	18	45	most
3	1	19	46	distant
3	1	20	47	lands
3	1	21	48	would
3	1	22	49	be
3	1	23	50	unable
3	1	24	51	to
3	1	25	52	come,
3	1	26	53	many
3	1	27	54	birds
3	1	28	55	came
3	1	29	56	from
3	1	30	57	faraway
3	1	31	58	meadows
3	1	32	59	and
3	1	33	60	woods.
3	2	0	61	The
3	2	1	62	eagle,
3	2	2	63	who
3	2	3	64	already
3	2	4	65	thought
3	2	5	66	himself
3	2	6	67	the
3	2	7	68	de
3	2	8	69	facto
3	2	9	70	king,
3	2	10	71	arrived
3	2	11	72	fashionably
3	2	12	73	late.
3	3	0	74	It
3	3	1	75	was
3	3	2	76	a
3	3	3	77	hawk
3	3	4	78	who
3	3	5	79	was
3	3	6	80	most
3	3	7	81	excited
3	3	8	82	about
3	3	9	83	the
3	3	10	84	meeting,
3	3	11	85	because
3	3	12	86	he
3	3	13	87	was
3	3	14	88	the
3	3	15	89	dark
3	3	16	90	horse
3	3	17	91	for
3	3	18	92	king.
3	4	0	93	The
3	4	1	94	small
3	4	2	95	fry
3	4	3	96	came
3	4	4	97	too,
3	4	5	98	and
3	4	6	99	the
3	4	7	100	robin,
3	4	8	101	the
3	4	9	102	bluebird,
3	4	10	103	the
3	4	11	104	owl,
3	4	12	105	the
3	4	13	106	lark,
3	4	14	107	and
3	4	15	108	the
3	4	16	109	sparrow,
3	4	17	110	who
3	4	18	111	had
3	4	19	112	only
3	4	20	113	a
3	4	21	114	chance
3	4	22	115	in
3	4	23	116	a
3	4	24	117	million
3	4	25	118	to
3	4	26	119	be
3	4	27	120	king,
3	4	28	121	were
3	4	29	122	all
3	4	30	123	present
3	4	31	124	at
3	4	32	125	the
3	4	33	126	meeting.
3	5	0	127	The
3	5	1	128	cuckoo,
3	5	2	129	who
3	5	3	130	was
3	5	4	131	almost
3	5	5	132	not
3	5	6	133	invited
3	5	7	134	because
3	5	8	135	his
3	5	9	136	call
3	5	10	137	so
3	5	11	138	annoyed
3	5	12	139	the
3	5	13	140	other
3	5	14	141	birds,
3	5	15	142	came
3	5	16	143	too.
3	6	0	144	It
3	6	1	145	was
3	6	2	146	the
3	6	3	147	very
3	6	4	148	little
3	6	5	149	bird
3	6	6	150	who
3	6	7	151	had
3	6	8	152	no
3	6	9	153	name
3	6	10	154	at
3	6	11	155	all,
3	6	12	156	however,
3	6	13	157	that
3	6	14	158	would
3	6	15	159	end
3	6	16	160	up
3	6	17	161	overturning
3	6	18	162	the
3	6	19	163	balance
3	6	20	164	of
3	6	21	165	power
3	6	22	166	among
3	6	23	167	the
3	6	24	168	birds.
3	7	0	169	That
3	7	1	170	there
3	7	2	171	would
3	7	3	172	be
3	7	4	173	great
3	7	5	174	confusion
3	7	6	175	and
3	7	7	176	noise
3	7	8	177	among
3	7	9	178	the
3	7	10	179	birds
3	7	11	180	at
3	7	12	181	the
3	7	13	182	meeting
3	7	14	183	was
3	7	15	184	to
3	7	16	185	be
3	7	17	186	expected,
3	7	18	187	given
3	7	19	188	the
3	7	20	189	sheer
3	7	21	190	numbers
3	7	22	191	of
3	7	23	192	birds
3	7	24	193	that
3	7	25	194	have
3	7	26	195	gathered.
3	8	0	196	There
3	8	1	197	was
3	8	2	198	piping,
3	8	3	199	hissing,
3	8	4	200	and
3	8	5	201	clacking,
3	8	6	202	but
3	8	7	203	finally
3	8	8	204	it
3	8	9	205	was
3	8	10	206	decided
3	8	11	207	that
3	8	12	208	the
3	8	13	209	bird
3	8	14	210	that
3	8	15	211	could
3	8	16	212	fly
3	8	17	213	the
3	8	18	214	highest
3	8	19	215	should
3	8	20	216	be
3	8	21	217	king.
3	9	0	218	The
3	9	1	219	little
3	9	2	220	bird
3	9	3	221	lay
3	9	4	222	low
3	9	5	223	near
3	9	6	224	the
3	9	7	225	eagle
3	9	8	226	at
3	9	9	227	first,
3	9	10	228	but
3	9	11	229	the
3	9	12	230	eagle
3	9	13	231	did
3	9	14	232	not
3	9	15	233	notice
3	9	16	234	the
3	9	17	235	bird
3	9	18	236	hopping
3	9	19	237	onto
3	9	20	238	his
3	9	21	239	back
3	9	22	240	right
3	9	23	241	as
3	9	24	242	the
3	9	25	243	competition
3	9	26	244	was
3	9	27	245	about
3	9	28	246	to
3	9	29	247	commence.
3	10	0	248	Into
3	10	1	249	the
3	10	2	250	air
3	10	3	251	in
3	10	4	252	a
3	10	5	253	great
3	10	6	254	flock
3	10	7	255	all
3	10	8	256	the
3	10	9	257	birds
3	10	10	258	flew
3	10	11	259	when
3	10	12	260	the
3	10	13	261	signal
3	10	14	262	was
3	10	15	263	given.
3	11	0	264	The
3	11	1	265	air
3	11	2	266	was
3	11	3	267	full
3	11	4	268	of
3	11	5	269	dust,
3	11	6	270	and
3	11	7	271	it
3	11	8	272	seemed
3	11	9	273	as
3	11	10	274	if
3	11	11	275	a
3	11	12	276	black
3	11	13	277	cloud
3	11	14	278	were
3	11	15	279	floating
3	11	16	280	over
3	11	17	281	the
3	11	18	282	field.
3	12	0	283	You
3	12	1	284	could
3	12	2	285	hear
3	12	3	286	the
3	12	4	287	birds
3	12	5	288	chirping
3	12	6	289	and
3	12	7	290	flapping
3	12	8	291	from
3	12	9	292	fields
3	12	10	293	that
3	12	11	294	were
3	12	12	295	miles
3	12	13	296	away.
3	13	0	297	The
3	13	1	298	little
3	13	2	299	birds
3	13	3	300	that
3	13	4	301	soon
3	13	5	302	grew
3	13	6	303	tired
3	13	7	304	fell
3	13	8	305	back
3	13	9	306	quickly
3	13	10	307	to
3	13	11	308	earth.
3	14	0	309	The
3	14	1	310	fact
3	14	2	311	that
3	14	3	312	the
3	14	4	313	larger
3	14	5	314	ones
3	14	6	315	held
3	14	7	316	out
3	14	8	317	longer,
3	14	9	318	and
3	14	10	319	flew
3	14	11	320	higher
3	14	12	321	and
3	14	13	322	higher,
3	14	14	323	but
3	14	15	324	the
3	14	16	325	eagle
3	14	17	326	flew
3	14	18	327	highest
3	14	19	328	of
3	14	20	329	any,
3	14	21	330	surprised
3	14	22	331	no
3	14	23	332	one.
3	15	0	333	Could
3	15	1	334	anyone
3	15	2	335	stop
3	15	3	336	the
3	15	4	337	eagle
3	15	5	338	that
3	15	6	339	seemed
3	15	7	340	to
3	15	8	341	be
3	15	9	342	flying
3	15	10	343	straight
3	15	11	344	into
3	15	12	345	the
3	15	13	346	sun?
3	16	0	347	The
3	16	1	348	other
3	16	2	349	birds
3	16	3	350	gave
3	16	4	351	out
3	16	5	352	one
3	16	6	353	by
3	16	7	354	one
3	16	8	355	and
3	16	9	356	when
3	16	10	357	the
3	16	11	358	eagle
3	16	12	359	saw
3	16	13	360	this
3	16	14	361	he
3	16	15	362	thought,
3	16	16	363	'What
3	16	17	364	is
3	16	18	365	the
3	16	19	366	use
3	16	20	367	of
3	16	21	368	flying
3	16	22	369	any
3	16	23	370	higher?
3	17	0	371	This
3	17	1	372	victory
3	17	2	373	is
3	17	3	374	in
3	17	4	375	the
3	17	5	376	bag
3	17	6	377	and
3	17	7	378	I
3	17	8	379	am
3	17	9	380	king!'
3	18	0	381	Then
3	18	1	382	the
3	18	2	383	birds
3	18	3	384	below
3	18	4	385	called
3	18	5	386	with
3	18	6	387	one
3	18	7	388	accord,
3	18	8	389	'Come
3	18	9	390	back,
3	18	10	391	come
3	18	11	392	back!
3	19	0	393	It
3	19	1	394	is
3	19	2	395	you
3	19	3	396	who
3	19	4	397	must
3	19	5	398	be
3	19	6	399	our
3	19	7	400	king
3	19	8	401	because
3	19	9	402	no
3	19	10	403	one
3	19	11	404	can
3	19	12	405	fly
3	19	13	406	as
3	19	14	407	high
3	19	15	408	as
3	19	16	409	you.'
3	20	0	410	'Except
3	20	1	411	me!'
3	21	0	412	cried
3	21	1	413	a
3	21	2	414	shrill,
3	21	3	415	shrill
3	21	4	416	voice,
3	21	5	417	and
3	21	6	418	out
3	21	7	419	of
3	21	8	420	the
3	21	9	421	blue
3	21	10	422	the
3	21	11	423	little
3	21	12	424	bird
3	21	13	425	without
3	21	14	426	a
3	21	15	427	name
3	21	16	428	rose
3	21	17	429	from
3	21	18	430	the
3	21	19	431	eagle's
3	21	20	432	back,
3	21	21	433	where
3	21	22	434	he
3	21	23	435	had
3	21	24	436	lain
3	21	25	437	hidden
3	21	26	438	in
3	21	27	439	the
3	21	28	440	feathers.
3	22	0	441	His
3	22	1	442	guile
3	22	2	443	was
3	22	3	444	the
3	22	4	445	ace
3	22	5	446	up
3	22	6	447	his
3	22	7	448	sleeve,
3	22	8	449	and
3	22	9	450	he
3	22	10	451	laughed
3	22	11	452	to
3	22	12	453	himself
3	22	13	454	at
3	22	14	455	how
3	22	15	456	easy
3	22	16	457	it
3	22	17	458	had
3	22	18	459	been
3	22	19	460	to
3	22	20	461	outwit
3	22	21	462	the
3	22	22	463	other
3	22	23	464	birds.
3	23	0	465	Higher
3	23	1	466	and
3	23	2	467	higher
3	23	3	468	he
3	23	4	469	mounted,
3	23	5	470	until
3	23	6	471	he
3	23	7	472	was
3	23	8	473	lost
3	23	9	474	to
3	23	10	475	sight,
3	23	11	476	and
3	23	12	477	then
3	23	13	478	folding
3	23	14	479	his
3	23	15	480	wings
3	23	16	481	together,
3	23	17	482	he
3	23	18	483	sank
3	23	19	484	to
3	23	20	485	earth
3	23	21	486	crying
3	23	22	487	shrilly,
3	23	23	488	'I
3	23	24	489	am
3	23	25	490	king,
3	23	26	491	I
3	23	27	492	am
3	23	28	493	king!'
3	24	0	494	The
3	24	1	495	eagle
3	24	2	496	tricked
3	24	3	497	by
3	24	4	498	the
3	24	5	499	little
3	24	6	500	bird
3	24	7	501	had
3	24	8	502	not
3	24	9	503	sensed
3	24	10	504	the
3	24	11	505	bird
3	24	12	506	in
3	24	13	507	his
3	24	14	508	feathers
3	24	15	509	and
3	24	16	510	so
3	24	17	511	had
3	24	18	512	not
3	24	19	513	at
3	24	20	514	all
3	24	21	515	expected
3	24	22	516	the
3	24	23	517	bird
3	24	24	518	to
3	24	25	519	come
3	24	26	520	flying
3	24	27	521	out
3	24	28	522	like
3	24	29	523	that.
3	25	0	524	The
3	25	1	525	birds
3	25	2	526	back
3	25	3	527	on
3	25	4	528	earth
3	25	5	529	were
3	25	6	530	all
3	25	7	531	up
3	25	8	532	in
3	25	9	533	arms.
3	26	0	534	'You,
3	26	1	535	and
3	26	2	536	not
3	26	3	537	the
3	26	4	538	eagle,
3	26	5	539	our
3	26	6	540	king?'
3	27	0	541	the
3	27	1	542	birds
3	27	2	543	cried,
3	27	3	544	fuming
3	27	4	545	with
3	27	5	546	anger.
3	28	0	547	'You
3	28	1	548	have
3	28	2	549	done
3	28	3	550	this
3	28	4	551	by
3	28	5	552	breaking
3	28	6	553	every
3	28	7	554	rule
3	28	8	555	in
3	28	9	556	the
3	28	10	557	book,
3	28	11	558	so
3	28	12	559	we
3	28	13	560	will
3	28	14	561	not
3	28	15	562	have
3	28	16	563	you,
3	28	17	564	who
3	28	18	565	are
3	28	19	566	simply
3	28	20	567	tricky
3	28	21	568	and
3	28	22	569	cunning,
3	28	23	570	to
3	28	24	571	reign
3	28	25	572	over
3	28	26	573	us.'
3	29	0	574	The
3	29	1	575	bird
3	29	2	576	without
3	29	3	577	a
3	29	4	578	name
3	29	5	579	then
3	29	6	580	decided
3	29	7	581	to
3	29	8	582	clear
3	29	9	583	the
3	29	10	584	air
3	29	11	585	and
3	29	12	586	said,
3	29	13	587	'Then
3	29	14	588	let
3	29	15	589	everyone
3	29	16	590	start
3	29	17	591	with
3	29	18	592	a
3	29	19	593	clean
3	29	20	594	slate
3	29	21	595	and
3	29	22	596	perform
3	29	23	597	a
3	29	24	598	new
3	29	25	599	challenging
3	29	26	600	task.
3	30	0	601	Then
3	30	1	602	we
3	30	2	603	can
3	30	3	604	decide
3	30	4	605	who
3	30	5	606	should
3	30	6	607	be
3	30	7	608	the
3	30	8	609	real
3	30	9	610	king.'
3	31	0	611	Then
3	31	1	612	the
3	31	2	613	birds
3	31	3	614	gathered
3	31	4	615	together
3	31	5	616	again
3	31	6	617	and
3	31	7	618	decided
3	31	8	619	the
3	31	9	620	case
3	31	10	621	would
3	31	11	622	be
3	31	12	623	resolved
3	31	13	624	by
3	31	14	625	making
3	31	15	626	a
3	31	16	627	new
3	31	17	628	condition,
3	31	18	629	which
3	31	19	630	was
3	31	20	631	that
3	31	21	632	he
3	31	22	633	should
3	31	23	634	be
3	31	24	635	king
3	31	25	636	who
3	31	26	637	could
3	31	27	638	go
3	31	28	639	the
3	31	29	640	deepest
3	31	30	641	into
3	31	31	642	the
3	31	32	643	earth.
3	32	0	644	So
3	32	1	645	the
3	32	2	646	little
3	32	3	647	bird
3	32	4	648	who
3	32	5	649	the
3	32	6	650	other
3	32	7	651	birds
3	32	8	652	despised
3	32	9	653	was
3	32	10	654	now
3	32	11	655	back
3	32	12	656	to
3	32	13	657	square
3	32	14	658	one.
3	33	0	659	Confident,
3	33	1	660	he
3	33	2	661	remained,
3	33	3	662	however,
3	33	4	663	that
3	33	5	664	if
3	33	6	665	he
3	33	7	666	played
3	33	8	667	his
3	33	9	668	cards
3	33	10	669	right,
3	33	11	670	he
3	33	12	671	could
3	33	13	672	be
3	33	14	673	king.
3	34	0	674	How
3	34	1	675	the
3	34	2	676	goose
3	34	3	677	wallowed
3	34	4	678	in
3	34	5	679	the
3	34	6	680	sand,
3	34	7	681	and
3	34	8	682	the
3	34	9	683	duck
3	34	10	684	strove
3	34	11	685	to
3	34	12	686	dig
3	34	13	687	a
3	34	14	688	hole
3	34	15	689	for
3	34	16	690	the
3	34	17	691	new
3	34	18	692	task!
3	35	0	693	All
3	35	1	694	the
3	35	2	695	other
3	35	3	696	birds
3	35	4	697	tried
3	35	5	698	to
3	35	6	699	hide
3	35	7	700	themselves
3	35	8	701	in
3	35	9	702	the
3	35	10	703	ground,
3	35	11	704	too,
3	35	12	705	until
3	35	13	706	they
3	35	14	707	were
3	35	15	708	practically
3	35	16	709	blue
3	35	17	710	in
3	35	18	711	the
3	35	19	712	face.
3	36	0	713	The
3	36	1	714	nameless
3	36	2	715	little
3	36	3	716	bird
3	36	4	717	that
3	36	5	718	was
3	36	6	719	as
3	36	7	720	bold
3	36	8	721	as
3	36	9	722	brass
3	36	10	723	found
3	36	11	724	a
3	36	12	725	pitch
3	36	13	726	dark
3	36	14	727	mouse's
3	36	15	728	hole,
3	36	16	729	and
3	36	17	730	creeping
3	36	18	731	in
3	36	19	732	cried,
3	36	20	733	'I
3	36	21	734	am
3	36	22	735	king,
3	36	23	736	I
3	36	24	737	am
3	36	25	738	king!'
3	37	0	739	but
3	37	1	740	it
3	37	2	741	was
3	37	3	742	of
3	37	4	743	no
3	37	5	744	avail.
3	38	0	745	'You,
3	38	1	746	our
3	38	2	747	king?'
3	39	0	748	all
3	39	1	749	the
3	39	2	750	remaining
3	39	3	751	birds
3	39	4	752	who
3	39	5	753	the
3	39	6	754	littlest
3	39	7	755	bird
3	39	8	756	had
3	39	9	757	outwitted
3	39	10	758	cried
3	39	11	759	again,
3	39	12	760	even
3	39	13	761	more
3	39	14	762	angrily
3	39	15	763	than
3	39	16	764	before.
3	40	0	765	'Do
3	40	1	766	you
3	40	2	767	think
3	40	3	768	we
3	40	4	769	would
3	40	5	770	reward
3	40	6	771	your
3	40	7	772	cunning
3	40	8	773	in
3	40	9	774	this
3	40	10	775	way?
3	41	0	776	No,
3	41	1	777	no!
3	42	0	778	You
3	42	1	779	shall
3	42	2	780	stay
3	42	3	781	in
3	42	4	782	the
3	42	5	783	earth
3	42	6	784	till
3	42	7	785	you
3	42	8	786	die
3	42	9	787	of
3	42	10	788	hunger!'
3	43	0	789	So
3	43	1	790	they
3	43	2	791	shut
3	43	3	792	up
3	43	4	793	the
3	43	5	794	little
3	43	6	795	bird
3	43	7	796	in
3	43	8	797	the
3	43	9	798	mouse's
3	43	10	799	hole
3	43	11	800	that
3	43	12	801	the
3	43	13	802	mouse
3	43	14	803	gave
3	43	15	804	up
3	43	16	805	most
3	43	17	806	unwillingly,
3	43	18	807	and
3	43	19	808	bade
3	43	20	809	the
3	43	21	810	owl
3	43	22	811	watch
3	43	23	812	him
3	43	24	813	carefully
3	43	25	814	night
3	43	26	815	and
3	43	27	816	day.
3	44	0	817	Then
3	44	1	818	all
3	44	2	819	the
3	44	3	820	birds
3	44	4	821	went
3	44	5	822	home
3	44	6	823	to
3	44	7	824	bed,
3	44	8	825	for
3	44	9	826	they
3	44	10	827	were
3	44	11	828	very
3	44	12	829	tired,
3	44	13	830	but
3	44	14	831	the
3	44	15	832	owl
3	44	16	833	assigned
3	44	17	834	by
3	44	18	835	the
3	44	19	836	birds
3	44	20	837	to
3	44	21	838	stand
3	44	22	839	guard
3	44	23	840	found
3	44	24	841	his
3	44	25	842	job
3	44	26	843	was
3	44	27	844	lonely
3	44	28	845	and
3	44	29	846	wearisome
3	44	30	847	because
3	44	31	848	he
3	44	32	849	was
3	44	33	850	just
3	44	34	851	sitting
3	44	35	852	alone
3	44	36	853	staring
3	44	37	854	at
3	44	38	855	the
3	44	39	856	mouse's
3	44	40	857	hole.
3	45	0	858	'I
3	45	1	859	can
3	45	2	860	close
3	45	3	861	one
3	45	4	862	eye
3	45	5	863	and
3	45	6	864	watch
3	45	7	865	with
3	45	8	866	the
3	45	9	867	other,'
3	45	10	868	he
3	45	11	869	thought.
3	46	0	870	So
3	46	1	871	he
3	46	2	872	closed
3	46	3	873	one
3	46	4	874	eye
3	46	5	875	and
3	46	6	876	stared
3	46	7	877	steadfastly
3	46	8	878	with
3	46	9	879	the
3	46	10	880	other,
3	46	11	881	but
3	46	12	882	before
3	46	13	883	he
3	46	14	884	knew
3	46	15	885	it
3	46	16	886	he
3	46	17	887	forgot
3	46	18	888	to
3	46	19	889	keep
3	46	20	890	that
3	46	21	891	one
3	46	22	892	open,
3	46	23	893	and
3	46	24	894	both
3	46	25	895	eyes
3	46	26	896	were
3	46	27	897	fast
3	46	28	898	asleep.
3	47	0	899	Then
3	47	1	900	the
3	47	2	901	little
3	47	3	902	bird
3	47	4	903	guarded
3	47	5	904	by
3	47	6	905	the
3	47	7	906	owl
3	47	8	907	peeped
3	47	9	908	out,
3	47	10	909	and
3	47	11	910	when
3	47	12	911	he
3	47	13	912	saw
3	47	14	913	the
3	47	15	914	owl's
3	47	16	915	two
3	47	17	916	eyes
3	47	18	917	tight
3	47	19	918	shut,
3	47	20	919	he
3	47	21	920	slipped
3	47	22	921	from
3	47	23	922	the
3	47	24	923	hole
3	47	25	924	and
3	47	26	925	flew
3	47	27	926	away.
3	48	0	927	He
3	48	1	928	wanted
3	48	2	929	to
3	48	3	930	shout,
3	48	4	931	'I
3	48	5	932	am
3	48	6	933	king'
3	48	7	934	so
3	48	8	935	that
3	48	9	936	the
3	48	10	937	owl
3	48	11	938	could
3	48	12	939	hear
3	48	13	940	him
3	48	14	941	as
3	48	15	942	he
3	48	16	943	flew,
3	48	17	944	but
3	48	18	945	thought
3	48	19	946	better
3	48	20	947	of
3	48	21	948	it.
3	49	0	949	From
3	49	1	950	this
3	49	2	951	time
3	49	3	952	on,
3	49	4	953	the
3	49	5	954	owl
3	49	6	955	fooled
3	49	7	956	by
3	49	8	957	the
3	49	9	958	little
3	49	10	959	bird
3	49	11	960	has
3	49	12	961	not
3	49	13	962	dared
3	49	14	963	to
3	49	15	964	show
3	49	16	965	himself
3	49	17	966	by
3	49	18	967	day
3	49	19	968	for
3	49	20	969	fear
3	49	21	970	the
3	49	22	971	birds
3	49	23	972	should
3	49	24	973	beat
3	49	25	974	the
3	49	26	975	living
3	49	27	976	daylights
3	49	28	977	out
3	49	29	978	of
3	49	30	979	him.
3	50	0	980	He
3	50	1	981	flies
3	50	2	982	about
3	50	3	983	only
3	50	4	984	at
3	50	5	985	nighttime,
3	50	6	986	hating
3	50	7	987	and
3	50	8	988	pursuing
3	50	9	989	not
3	50	10	990	the
3	50	11	991	bird,
3	50	12	992	but
3	50	13	993	the
3	50	14	994	mouse
3	50	15	995	for
3	50	16	996	having
3	50	17	997	made
3	50	18	998	the
3	50	19	999	hole
3	50	20	1000	into
3	50	21	1001	which
3	50	22	1002	the
3	50	23	1003	little
3	50	24	1004	bird
3	50	25	1005	crept.
3	51	0	1006	And
3	51	1	1007	the
3	51	2	1008	little
3	51	3	1009	bird
3	51	4	1010	also
3	51	5	1011	keeps
3	51	6	1012	out
3	51	7	1013	of
3	51	8	1014	sight,
3	51	9	1015	for
3	51	10	1016	he
3	51	11	1017	fears
3	51	12	1018	that
3	51	13	1019	the
3	51	14	1020	other
3	51	15	1021	birds
3	51	16	1022	should
3	51	17	1023	punish
3	51	18	1024	him
3	51	19	1025	for
3	51	20	1026	his
3	51	21	1027	cunning.
3	52	0	1028	The
3	52	1	1029	rejection
3	52	2	1030	by
3	52	3	1031	the
3	52	4	1032	other
3	52	5	1033	birds
3	52	6	1034	was
3	52	7	1035	a
3	52	8	1036	bitter
3	52	9	1037	pill
3	52	10	1038	to
3	52	11	1039	swallow
3	52	12	1040	for
3	52	13	1041	the
3	52	14	1042	nameless
3	52	15	1043	bird
3	52	16	1044	the
3	52	17	1045	owl
3	52	18	1046	had
3	52	19	1047	let
3	52	20	1048	slip
3	52	21	1049	away.
3	53	0	1050	He
3	53	1	1051	hides
3	53	2	1052	in
3	53	3	1053	the
3	53	4	1054	hedges,
3	53	5	1055	and
3	53	6	1056	when
3	53	7	1057	he
3	53	8	1058	thinks
3	53	9	1059	himself
3	53	10	1060	quite
3	53	11	1061	safe,
3	53	12	1062	he
3	53	13	1063	sings
3	53	14	1064	out,
3	53	15	1065	'I
3	53	16	1066	am
3	53	17	1067	king,
3	53	18	1068	I
3	53	19	1069	am
3	53	20	1070	king!'
3	54	0	1071	And
3	54	1	1072	the
3	54	2	1073	other
3	54	3	1074	birds
3	54	4	1075	in
3	54	5	1076	mockery
3	54	6	1077	call
3	54	7	1078	out,
3	54	8	1079	'Yes,
3	54	9	1080	yes,
3	54	10	1081	the
3	54	11	1082	hedge-king,
3	54	12	1083	the
3	54	13	1084	hedge-king!'
4	0	0	0	At
4	0	1	1	ten
4	0	2	2	years
4	0	3	3	old,
4	0	4	4	I
4	0	5	5	could
4	0	6	6	not
4	0	7	7	figure
4	0	8	8	out
4	0	9	9	what
4	0	10	10	it
4	0	11	11	was
4	0	12	12	that
4	0	13	13	this
4	0	14	14	Elvis
4	0	15	15	Presley
4	0	16	16	guy
4	0	17	17	had
4	0	18	18	that
4	0	19	19	the
4	0	20	20	rest
4	0	21	21	of
4	0	22	22	us
4	0	23	23	boys
4	0	24	24	did
4	0	25	25	not
4	0	26	26	have.
4	1	0	27	He
4	1	1	28	seemed
4	1	2	29	to
4	1	3	30	be
4	1	4	31	no
4	1	5	32	different
4	1	6	33	from
4	1	7	34	the
4	1	8	35	rest
4	1	9	36	of
4	1	10	37	us.
4	2	0	38	He
4	2	1	39	was
4	2	2	40	simply
4	2	3	41	a
4	2	4	42	man
4	2	5	43	who
4	2	6	44	had
4	2	7	45	a
4	2	8	46	head,
4	2	9	47	two
4	2	10	48	arms
4	2	11	49	and
4	2	12	50	two
4	2	13	51	legs.
4	3	0	52	It
4	3	1	53	must
4	3	2	54	have
4	3	3	55	been
4	3	4	56	something
4	3	5	57	pretty
4	3	6	58	superlative
4	3	7	59	that
4	3	8	60	he
4	3	9	61	had
4	3	10	62	hidden
4	3	11	63	away,
4	3	12	64	because
4	3	13	65	he
4	3	14	66	had
4	3	15	67	every
4	3	16	68	young
4	3	17	69	girl
4	3	18	70	at
4	3	19	71	the
4	3	20	72	orphanage
4	3	21	73	wrapped
4	3	22	74	around
4	3	23	75	his
4	3	24	76	little
4	3	25	77	finger.
4	4	0	78	At
4	4	1	79	about
4	4	2	80	nine
4	4	3	81	o'clock
4	4	4	82	on
4	4	5	83	Saturday
4	4	6	84	morning,
4	4	7	85	I
4	4	8	86	figured
4	4	9	87	a
4	4	10	88	good
4	4	11	89	solution
4	4	12	90	was
4	4	13	91	to
4	4	14	92	ask
4	4	15	93	Eugene
4	4	16	94	Correthers,
4	4	17	95	who
4	4	18	96	was
4	4	19	97	one
4	4	20	98	of
4	4	21	99	the
4	4	22	100	older
4	4	23	101	and
4	4	24	102	smarter
4	4	25	103	boys,
4	4	26	104	what
4	4	27	105	it
4	4	28	106	was
4	4	29	107	that
4	4	30	108	made
4	4	31	109	this
4	4	32	110	Elvis
4	4	33	111	guy
4	4	34	112	so
4	4	35	113	special.
4	5	0	114	He
4	5	1	115	told
4	5	2	116	me
4	5	3	117	that
4	5	4	118	it
4	5	5	119	was
4	5	6	120	not
4	5	7	121	anything
4	5	8	122	about
4	5	9	123	Elvis's
4	5	10	124	personality,
4	5	11	125	but
4	5	12	126	his
4	5	13	127	wavy
4	5	14	128	hair,
4	5	15	129	and
4	5	16	130	the
4	5	17	131	way
4	5	18	132	he
4	5	19	133	moved
4	5	20	134	his
4	5	21	135	body.
4	6	0	136	About
4	6	1	137	a
4	6	2	138	half
4	6	3	139	an
4	6	4	140	hour
4	6	5	141	later,
4	6	6	142	the
4	6	7	143	boys
4	6	8	144	in
4	6	9	145	the
4	6	10	146	orphanage
4	6	11	147	called
4	6	12	148	down
4	6	13	149	to
4	6	14	150	the
4	6	15	151	main
4	6	16	152	dining
4	6	17	153	room
4	6	18	154	by
4	6	19	155	the
4	6	20	156	matron
4	6	21	157	were
4	6	22	158	told
4	6	23	159	that
4	6	24	160	they
4	6	25	161	were
4	6	26	162	all
4	6	27	163	going
4	6	28	164	to
4	6	29	165	downtown
4	6	30	166	Jacksonville,
4	6	31	167	Florida
4	6	32	168	to
4	6	33	169	get
4	6	34	170	a
4	6	35	171	new
4	6	36	172	pair
4	6	37	173	of
4	6	38	174	Buster
4	6	39	175	Brown
4	6	40	176	shoes
4	6	41	177	and
4	6	42	178	a
4	6	43	179	haircut.
4	7	0	180	That
4	7	1	181	is
4	7	2	182	when
4	7	3	183	I
4	7	4	184	got
4	7	5	185	this
4	7	6	186	big
4	7	7	187	idea,
4	7	8	188	which
4	7	9	189	hit
4	7	10	190	me
4	7	11	191	like
4	7	12	192	a
4	7	13	193	ton
4	7	14	194	of
4	7	15	195	bricks.
4	8	0	196	If
4	8	1	197	the
4	8	2	198	Elvis
4	8	3	199	haircut
4	8	4	200	was
4	8	5	201	the
4	8	6	202	big
4	8	7	203	secret,
4	8	8	204	then
4	8	9	205	Elvis's
4	8	10	206	haircut
4	8	11	207	I
4	8	12	208	was
4	8	13	209	going
4	8	14	210	to
4	8	15	211	get.
4	9	0	212	I
4	9	1	213	was
4	9	2	214	going
4	9	3	215	to
4	9	4	216	have
4	9	5	217	my
4	9	6	218	day
4	9	7	219	in
4	9	8	220	the
4	9	9	221	sun,
4	9	10	222	and
4	9	11	223	all
4	9	12	224	the
4	9	13	225	way
4	9	14	226	to
4	9	15	227	town
4	9	16	228	that
4	9	17	229	was
4	9	18	230	all
4	9	19	231	I
4	9	20	232	talked
4	9	21	233	about.
4	10	0	234	The
4	10	1	235	fact
4	10	2	236	that
4	10	3	237	I
4	10	4	238	was
4	10	5	239	getting
4	10	6	240	an
4	10	7	241	Elvis
4	10	8	242	haircut,
4	10	9	243	not
4	10	10	244	just
4	10	11	245	the
4	10	12	246	simple
4	10	13	247	fact
4	10	14	248	that
4	10	15	249	we
4	10	16	250	were
4	10	17	251	getting
4	10	18	252	out
4	10	19	253	of
4	10	20	254	the
4	10	21	255	orphanage,
4	10	22	256	made
4	10	23	257	me
4	10	24	258	particularly
4	10	25	259	loquacious.
4	11	0	260	I
4	11	1	261	told
4	11	2	262	everybody,
4	11	3	263	including
4	11	4	264	the
4	11	5	265	orphanage
4	11	6	266	matron
4	11	7	267	I
4	11	8	268	normally
4	11	9	269	feared,
4	11	10	270	that
4	11	11	271	I
4	11	12	272	was
4	11	13	273	going
4	11	14	274	to
4	11	15	275	look
4	11	16	276	just
4	11	17	277	like
4	11	18	278	Elvis
4	11	19	279	Presley
4	11	20	280	and
4	11	21	281	that
4	11	22	282	I
4	11	23	283	would
4	11	24	284	learn
4	11	25	285	to
4	11	26	286	move
4	11	27	287	around
4	11	28	288	just
4	11	29	289	like
4	11	30	290	he
4	11	31	291	did
4	11	32	292	and
4	11	33	293	that
4	11	34	294	I
4	11	35	295	would
4	11	36	296	be
4	11	37	297	rich
4	11	38	298	and
4	11	39	299	famous
4	11	40	300	one
4	11	41	301	day,
4	11	42	302	just
4	11	43	303	like
4	11	44	304	him.
4	12	0	305	The
4	12	1	306	matron
4	12	2	307	understood
4	12	3	308	my
4	12	4	309	idea
4	12	5	310	was
4	12	6	311	something
4	12	7	312	that
4	12	8	313	I
4	12	9	314	was
4	12	10	315	really
4	12	11	316	excited
4	12	12	317	about
4	12	13	318	and
4	12	14	319	said
4	12	15	320	nothing.
4	13	0	321	When
4	13	1	322	I
4	13	2	323	got
4	13	3	324	my
4	13	4	325	new
4	13	5	326	Buster
4	13	6	327	Brown
4	13	7	328	shoes,
4	13	8	329	I
4	13	9	330	was
4	13	10	331	smiling
4	13	11	332	from
4	13	12	333	ear
4	13	13	334	to
4	13	14	335	ear.
4	14	0	336	Those
4	14	1	337	shoes,
4	14	2	338	they
4	14	3	339	shined
4	14	4	340	really
4	14	5	341	brightly,
4	14	6	342	and
4	14	7	343	I
4	14	8	344	liked
4	14	9	345	looking
4	14	10	346	at
4	14	11	347	the
4	14	12	348	bones
4	14	13	349	in
4	14	14	350	my
4	14	15	351	feet,
4	14	16	352	which
4	14	17	353	I
4	14	18	354	had
4	14	19	355	never
4	14	20	356	seen
4	14	21	357	before,
4	14	22	358	through
4	14	23	359	a
4	14	24	360	special
4	14	25	361	x-ray
4	14	26	362	machine
4	14	27	363	they
4	14	28	364	had
4	14	29	365	in
4	14	30	366	the
4	14	31	367	shoe
4	14	32	368	store
4	14	33	369	that
4	14	34	370	made
4	14	35	371	the
4	14	36	372	bones
4	14	37	373	in
4	14	38	374	your
4	14	39	375	feet
4	14	40	376	look
4	14	41	377	green.
4	15	0	378	I
4	15	1	379	was
4	15	2	380	now
4	15	3	381	almost
4	15	4	382	ready
4	15	5	383	to
4	15	6	384	go
4	15	7	385	back
4	15	8	386	to
4	15	9	387	the
4	15	10	388	orphanage
4	15	11	389	and
4	15	12	390	practice
4	15	13	391	being
4	15	14	392	like
4	15	15	393	the
4	15	16	394	man
4	15	17	395	who
4	15	18	396	all
4	15	19	397	the
4	15	20	398	girls
4	15	21	399	loved,
4	15	22	400	since
4	15	23	401	I
4	15	24	402	had
4	15	25	403	my
4	15	26	404	new
4	15	27	405	Buster
4	15	28	406	Brown
4	15	29	407	shoes.
4	16	0	408	It
4	16	1	409	was
4	16	2	410	the
4	16	3	411	new
4	16	4	412	haircut,
4	16	5	413	though,
4	16	6	414	that
4	16	7	415	I
4	16	8	416	needed
4	16	9	417	to
4	16	10	418	complete
4	16	11	419	my
4	16	12	420	new
4	16	13	421	look.
4	17	0	422	We
4	17	1	423	finally
4	17	2	424	arrived
4	17	3	425	at
4	17	4	426	the
4	17	5	427	unassuming,
4	17	6	428	unembellished
4	17	7	429	barbershop,
4	17	8	430	where
4	17	9	431	they
4	17	10	432	cut
4	17	11	433	our
4	17	12	434	hair
4	17	13	435	for
4	17	14	436	free
4	17	15	437	because
4	17	16	438	we
4	17	17	439	were
4	17	18	440	orphans.
4	18	0	441	Even
4	18	1	442	though
4	18	2	443	we
4	18	3	444	were
4	18	4	445	supposed
4	18	5	446	to
4	18	6	447	slowly
4	18	7	448	wait
4	18	8	449	to
4	18	9	450	be
4	18	10	451	called,
4	18	11	452	I
4	18	12	453	ran
4	18	13	454	straight
4	18	14	455	up
4	18	15	456	to
4	18	16	457	one
4	18	17	458	of
4	18	18	459	the
4	18	19	460	barber
4	18	20	461	chairs
4	18	21	462	and
4	18	22	463	climbed
4	18	23	464	up
4	18	24	465	onto
4	18	25	466	the
4	18	26	467	board
4	18	27	468	the
4	18	28	469	barber
4	18	29	470	placed
4	18	30	471	across
4	18	31	472	the
4	18	32	473	arms
4	18	33	474	to
4	18	34	475	make
4	18	35	476	me
4	18	36	477	sit
4	18	37	478	up
4	18	38	479	higher.
4	19	0	480	I
4	19	1	481	looked
4	19	2	482	at
4	19	3	483	the
4	19	4	484	man
4	19	5	485	and
4	19	6	486	said,
4	19	7	487	with
4	19	8	488	a
4	19	9	489	beaming
4	19	10	490	smile
4	19	11	491	on
4	19	12	492	my
4	19	13	493	face,
4	19	14	494	'I
4	19	15	495	want
4	19	16	496	an
4	19	17	497	Elvis
4	19	18	498	haircut.
4	20	0	499	Can
4	20	1	500	you
4	20	2	501	make
4	20	3	502	my
4	20	4	503	hair
4	20	5	504	like
4	20	6	505	Elvis's?'
4	21	0	506	I
4	21	1	507	asked.
4	22	0	508	The
4	22	1	509	barber,
4	22	2	510	who
4	22	3	511	was
4	22	4	512	a
4	22	5	513	genial
4	22	6	514	young
4	22	7	515	man,
4	22	8	516	grinned
4	22	9	517	back
4	22	10	518	at
4	22	11	519	me
4	22	12	520	and
4	22	13	521	said
4	22	14	522	that
4	22	15	523	he
4	22	16	524	would
4	22	17	525	try
4	22	18	526	his
4	22	19	527	best.
4	23	0	528	I
4	23	1	529	was
4	23	2	530	so
4	23	3	531	happy
4	23	4	532	when
4	23	5	533	he
4	23	6	534	started
4	23	7	535	to
4	23	8	536	cut
4	23	9	537	my
4	23	10	538	hair,
4	23	11	539	but
4	23	12	540	just
4	23	13	541	as
4	23	14	542	he
4	23	15	543	started
4	23	16	544	to
4	23	17	545	cut,
4	23	18	546	the
4	23	19	547	matron,
4	23	20	548	who
4	23	21	549	had
4	23	22	550	been
4	23	23	551	watching
4	23	24	552	me
4	23	25	553	and
4	23	26	554	had
4	23	27	555	a
4	23	28	556	look
4	23	29	557	as
4	23	30	558	cold
4	23	31	559	as
4	23	32	560	ice,
4	23	33	561	motioned
4	23	34	562	for
4	23	35	563	him
4	23	36	564	to
4	23	37	565	come
4	23	38	566	over
4	23	39	567	to
4	23	40	568	where
4	23	41	569	she
4	23	42	570	was
4	23	43	571	standing.
4	24	0	572	She
4	24	1	573	whispered
4	24	2	574	something
4	24	3	575	into
4	24	4	576	his
4	24	5	577	ear
4	24	6	578	that
4	24	7	579	caused
4	24	8	580	the
4	24	9	581	barber
4	24	10	582	to
4	24	11	583	shake
4	24	12	584	his
4	24	13	585	head,
4	24	14	586	like
4	24	15	587	he
4	24	16	588	was
4	24	17	589	telling
4	24	18	590	her,
4	24	19	591	'No'.
4	25	0	592	In
4	25	1	593	response,
4	25	2	594	the
4	25	3	595	matron
4	25	4	596	walked
4	25	5	597	over
4	25	6	598	to
4	25	7	599	a
4	25	8	600	little
4	25	9	601	man
4	25	10	602	sitting
4	25	11	603	in
4	25	12	604	an
4	25	13	605	office
4	25	14	606	chair
4	25	15	607	that
4	25	16	608	squeaked
4	25	17	609	as
4	25	18	610	it
4	25	19	611	rolled
4	25	20	612	around
4	25	21	613	the
4	25	22	614	floor
4	25	23	615	and
4	25	24	616	spoke
4	25	25	617	to
4	25	26	618	him.
4	26	0	619	It
4	26	1	620	was
4	26	2	621	the
4	26	3	622	little
4	26	4	623	man
4	26	5	624	who
4	26	6	625	then
4	26	7	626	walked
4	26	8	627	over
4	26	9	628	and
4	26	10	629	said
4	26	11	630	something
4	26	12	631	to
4	26	13	632	the
4	26	14	633	man
4	26	15	634	who
4	26	16	635	was
4	26	17	636	cutting
4	26	18	637	my
4	26	19	638	hair.
4	27	0	639	The
4	27	1	640	next
4	27	2	641	thing
4	27	3	642	I
4	27	4	643	knew,
4	27	5	644	the
4	27	6	645	man
4	27	7	646	who
4	27	8	647	was
4	27	9	648	cutting
4	27	10	649	my
4	27	11	650	hair
4	27	12	651	told
4	27	13	652	me
4	27	14	653	that
4	27	15	654	he
4	27	16	655	was
4	27	17	656	no
4	27	18	657	longer
4	27	19	658	allowed
4	27	20	659	to
4	27	21	660	give
4	27	22	661	me
4	27	23	662	an
4	27	24	663	Elvis
4	27	25	664	cut.
4	28	0	665	'Why
4	28	1	666	not?'
4	28	2	667	I
4	28	3	668	cried
4	28	4	669	desperately.
4	29	0	670	The
4	29	1	671	kindly
4	29	2	672	barber
4	29	3	673	stopped
4	29	4	674	by
4	29	5	675	the
4	29	6	676	matron
4	29	7	677	did
4	29	8	678	not
4	29	9	679	answer,
4	29	10	680	but
4	29	11	681	from
4	29	12	682	his
4	29	13	683	expression,
4	29	14	684	I
4	29	15	685	could
4	29	16	686	tell
4	29	17	687	that
4	29	18	688	he
4	29	19	689	wished
4	29	20	690	he
4	29	21	691	could
4	29	22	692	cut
4	29	23	693	it
4	29	24	694	as
4	29	25	695	I
4	29	26	696	had
4	29	27	697	asked.
4	30	0	698	Within
4	30	1	699	a
4	30	2	700	few
4	30	3	701	minutes,
4	30	4	702	it
4	30	5	703	wasn't
4	30	6	704	an
4	30	7	705	Elvis
4	30	8	706	haircut,
4	30	9	707	but
4	30	10	708	a
4	30	11	709	short
4	30	12	710	buzz
4	30	13	711	cut
4	30	14	712	that
4	30	15	713	the
4	30	16	714	barber
4	30	17	715	had
4	30	18	716	given
4	30	19	717	me.
4	31	0	718	When
4	31	1	719	he
4	31	2	720	finished
4	31	3	721	shaving
4	31	4	722	off
4	31	5	723	all
4	31	6	724	my
4	31	7	725	hair
4	31	8	726	and
4	31	9	727	made
4	31	10	728	me
4	31	11	729	smell
4	31	12	730	real
4	31	13	731	good
4	31	14	732	with
4	31	15	733	his
4	31	16	734	powder,
4	31	17	735	the
4	31	18	736	barber
4	31	19	737	handed
4	31	20	738	me
4	31	21	739	a
4	31	22	740	nickel
4	31	23	741	and
4	31	24	742	told
4	31	25	743	me
4	31	26	744	to
4	31	27	745	go
4	31	28	746	outside
4	31	29	747	to
4	31	30	748	the
4	31	31	749	snack
4	31	32	750	machine
4	31	33	751	and
4	31	34	752	buy
4	31	35	753	myself
4	31	36	754	a
4	31	37	755	candy
4	31	38	756	bar.
4	32	0	757	I
4	32	1	758	handed
4	32	2	759	him
4	32	3	760	the
4	32	4	761	nickel
4	32	5	762	back
4	32	6	763	and
4	32	7	764	told
4	32	8	765	him
4	32	9	766	that
4	32	10	767	I
4	32	11	768	was
4	32	12	769	not
4	32	13	770	hungry.
4	33	0	771	'I'm
4	33	1	772	so
4	33	2	773	sorry,
4	33	3	774	baby,'
4	33	4	775	he
4	33	5	776	said,
4	33	6	777	as
4	33	7	778	I
4	33	8	779	climbed
4	33	9	780	out
4	33	10	781	of
4	33	11	782	his
4	33	12	783	barber
4	33	13	784	chair.
4	34	0	785	'I
4	34	1	786	am
4	34	2	787	not
4	34	3	788	a
4	34	4	789	baby,'
4	34	5	790	I
4	34	6	791	said,
4	34	7	792	as
4	34	8	793	I
4	34	9	794	wiped
4	34	10	795	the
4	34	11	796	tears
4	34	12	797	from
4	34	13	798	my
4	34	14	799	eyes.
4	35	0	800	I
4	35	1	801	then
4	35	2	802	sat
4	35	3	803	down
4	35	4	804	on
4	35	5	805	the
4	35	6	806	floor
4	35	7	807	and
4	35	8	808	brushed
4	35	9	809	away
4	35	10	810	the
4	35	11	811	hair
4	35	12	812	that
4	35	13	813	had
4	35	14	814	accumulated
4	35	15	815	on
4	35	16	816	my
4	35	17	817	shiny
4	35	18	818	new
4	35	19	819	Buster
4	35	20	820	Brown
4	35	21	821	shoes.
4	36	0	822	My
4	36	1	823	head
4	36	2	824	was
4	36	3	825	no
4	36	4	826	longer
4	36	5	827	in
4	36	6	828	the
4	36	7	829	clouds,
4	36	8	830	and
4	36	9	831	I
4	36	10	832	got
4	36	11	833	up
4	36	12	834	off
4	36	13	835	the
4	36	14	836	floor,
4	36	15	837	brushed
4	36	16	838	off
4	36	17	839	my
4	36	18	840	short
4	36	19	841	pants,
4	36	20	842	and
4	36	21	843	walked
4	36	22	844	sullenly
4	36	23	845	towards
4	36	24	846	the
4	36	25	847	door.
4	37	0	848	The
4	37	1	849	matron
4	37	2	850	was
4	37	3	851	smiling
4	37	4	852	at
4	37	5	853	me
4	37	6	854	sort
4	37	7	855	of
4	37	8	856	funny
4	37	9	857	like.
4	38	0	858	The
4	38	1	859	barber
4	38	2	860	upset
4	38	3	861	by
4	38	4	862	the
4	38	5	863	matron
4	38	6	864	said
4	38	7	865	to
4	38	8	866	her,
4	38	9	867	'You
4	38	10	868	are
4	38	11	869	just
4	38	12	870	a
4	38	13	871	damn
4	38	14	872	bitch,
4	38	15	873	lady.'
4	39	0	874	She
4	39	1	875	yelled
4	39	2	876	back
4	39	3	877	at
4	39	4	878	him
4	39	5	879	at
4	39	6	880	the
4	39	7	881	top
4	39	8	882	of
4	39	9	883	her
4	39	10	884	lungs,
4	39	11	885	before
4	39	12	886	walking
4	39	13	887	toward
4	39	14	888	the
4	39	15	889	office,
4	39	16	890	as
4	39	17	891	fast
4	39	18	892	as
4	39	19	893	she
4	39	20	894	could.
4	40	0	895	To
4	40	1	896	show
4	40	2	897	his
4	40	3	898	anger,
4	40	4	899	the
4	40	5	900	man
4	40	6	901	hit
4	40	7	902	the
4	40	8	903	wall
4	40	9	904	with
4	40	10	905	his
4	40	11	906	hand
4	40	12	907	and
4	40	13	908	then
4	40	14	909	walked
4	40	15	910	outside
4	40	16	911	where
4	40	17	912	he
4	40	18	913	stood
4	40	19	914	against
4	40	20	915	the
4	40	21	916	brick
4	40	22	917	wall,
4	40	23	918	smoking
4	40	24	919	a
4	40	25	920	cigarette.
4	41	0	921	I
4	41	1	922	understood
4	41	2	923	right
4	41	3	924	there
4	41	4	925	my
4	41	5	926	haircut
4	41	6	927	was
4	41	7	928	something
4	41	8	929	that
4	41	9	930	had
4	41	10	931	been
4	41	11	932	out
4	41	12	933	of
4	41	13	934	the
4	41	14	935	power
4	41	15	936	of
4	41	16	937	the
4	41	17	938	barber
4	41	18	939	and
4	41	19	940	then
4	41	20	941	I
4	41	21	942	slowly
4	41	22	943	walked
4	41	23	944	outside
4	41	24	945	to
4	41	25	946	join
4	41	26	947	the
4	41	27	948	man.
4	42	0	949	He
4	42	1	950	looked
4	42	2	951	down,
4	42	3	952	smiled
4	42	4	953	at
4	42	5	954	me,
4	42	6	955	then
4	42	7	956	he
4	42	8	957	patted
4	42	9	958	me
4	42	10	959	on
4	42	11	960	the
4	42	12	961	top
4	42	13	962	of
4	42	14	963	my
4	42	15	964	bald
4	42	16	965	as
4	42	17	966	a
4	42	18	967	coot
4	42	19	968	head.
4	43	0	969	It
4	43	1	970	was
4	43	2	971	a
4	43	3	972	fact
4	43	4	973	of
4	43	5	974	my
4	43	6	975	life
4	43	7	976	that
4	43	8	977	I
4	43	9	978	was
4	43	10	979	not
4	43	11	980	gonna
4	43	12	981	have
4	43	13	982	hair
4	43	14	983	that
4	43	15	984	was
4	43	16	985	anything
4	43	17	986	like
4	43	18	987	Elvis's
4	43	19	988	anytime
4	43	20	989	soon.
4	44	0	990	I
4	44	1	991	then
4	44	2	992	looked
4	44	3	993	up
4	44	4	994	at
4	44	5	995	the
4	44	6	996	barber
4	44	7	997	with
4	44	8	998	my
4	44	9	999	wet
4	44	10	1000	red
4	44	11	1001	eyes
4	44	12	1002	and
4	44	13	1003	asked,
4	44	14	1004	'Do
4	44	15	1005	you
4	44	16	1006	know
4	44	17	1007	if
4	44	18	1008	Elvis
4	44	19	1009	Presley
4	44	20	1010	has
4	44	21	1011	green
4	44	22	1012	bones?'
5	0	0	0	This
5	0	1	1	is
5	0	2	2	a
5	0	3	3	story
5	0	4	4	of
5	0	5	5	how
5	0	6	6	Mr.
5	0	7	7	Sticky
5	0	8	8	got
5	0	9	9	in
5	0	10	10	Abby's
5	0	11	11	fish
5	0	12	12	tank.
5	1	0	13	'He's
5	1	1	14	very
5	1	2	15	small,'
5	1	3	16	Abby's
5	1	4	17	mom
5	1	5	18	said
5	1	6	19	as
5	1	7	20	she
5	1	8	21	peered
5	1	9	22	at
5	1	10	23	the
5	1	11	24	tiny
5	1	12	25	water
5	1	13	26	snail.
5	2	0	27	Abby
5	2	1	28	said
5	2	2	29	that
5	2	3	30	he
5	2	4	31	would
5	2	5	32	grow
5	2	6	33	and
5	2	7	34	then
5	2	8	35	pulled
5	2	9	36	her
5	2	10	37	pajama
5	2	11	38	bottoms
5	2	12	39	up
5	2	13	40	again
5	2	14	41	before
5	2	15	42	she
5	2	16	43	got
5	2	17	44	into
5	2	18	45	bed,
5	2	19	46	for
5	2	20	47	they
5	2	21	48	were
5	2	22	49	always
5	2	23	50	falling
5	2	24	51	down.
5	3	0	52	Usually,
5	3	1	53	Abby's
5	3	2	54	mom
5	3	3	55	got
5	3	4	56	up
5	3	5	57	at
5	3	6	58	the
5	3	7	59	crack
5	3	8	60	of
5	3	9	61	dawn,
5	3	10	62	but
5	3	11	63	it
5	3	12	64	was
5	3	13	65	Abby
5	3	14	66	who
5	3	15	67	jumped
5	3	16	68	out
5	3	17	69	of
5	3	18	70	bed
5	3	19	71	first
5	3	20	72	the
5	3	21	73	next
5	3	22	74	morning
5	3	23	75	and
5	3	24	76	switched
5	3	25	77	on
5	3	26	78	the
5	3	27	79	light
5	3	28	80	in
5	3	29	81	her
5	3	30	82	fish
5	3	31	83	tank,
5	3	32	84	which
5	3	33	85	contained
5	3	34	86	three
5	3	35	87	fish.
5	4	0	88	At
5	4	1	89	first,
5	4	2	90	she
5	4	3	91	could
5	4	4	92	see
5	4	5	93	neither
5	4	6	94	hide
5	4	7	95	nor
5	4	8	96	hair
5	4	9	97	of
5	4	10	98	the
5	4	11	99	snail,
5	4	12	100	but
5	4	13	101	then
5	4	14	102	she
5	4	15	103	spotted
5	4	16	104	him.
5	5	0	105	It
5	5	1	106	had
5	5	2	107	taken
5	5	3	108	Abby
5	5	4	109	a
5	5	5	110	while
5	5	6	111	to
5	5	7	112	find
5	5	8	113	Sticky
5	5	9	114	because
5	5	10	115	he
5	5	11	116	was
5	5	12	117	clinging
5	5	13	118	to
5	5	14	119	the
5	5	15	120	glass
5	5	16	121	near
5	5	17	122	the
5	5	18	123	bottom,
5	5	19	124	right
5	5	20	125	next
5	5	21	126	to
5	5	22	127	the
5	5	23	128	gravel.
5	6	0	129	At
5	6	1	130	school
5	6	2	131	that
5	6	3	132	day,
5	6	4	133	Abby,
5	6	5	134	encouraged
5	6	6	135	by
5	6	7	136	her
5	6	8	137	teacher,
5	6	9	138	wrote
5	6	10	139	excitedly
5	6	11	140	about
5	6	12	141	the
5	6	13	142	small
5	6	14	143	and
5	6	15	144	mysterious
5	6	16	145	Mr.
5	6	17	146	Sticky,
5	6	18	147	who
5	6	19	148	you
5	6	20	149	could
5	6	21	150	mistake
5	6	22	151	for
5	6	23	152	a
5	6	24	153	piece
5	6	25	154	of
5	6	26	155	gravel.
5	7	0	156	He
5	7	1	157	seemed
5	7	2	158	an
5	7	3	159	ideal
5	7	4	160	pet
5	7	5	161	for
5	7	6	162	her,
5	7	7	163	some
5	7	8	164	of
5	7	9	165	the
5	7	10	166	girls
5	7	11	167	in
5	7	12	168	her
5	7	13	169	class
5	7	14	170	teased,
5	7	15	171	because
5	7	16	172	Abby
5	7	17	173	was
5	7	18	174	also
5	7	19	175	very
5	7	20	176	small.
5	8	0	177	That
5	8	1	178	evening,
5	8	2	179	Abby
5	8	3	180	turned
5	8	4	181	on
5	8	5	182	the
5	8	6	183	light
5	8	7	184	and
5	8	8	185	found
5	8	9	186	Mr.
5	8	10	187	Sticky
5	8	11	188	clinging
5	8	12	189	to
5	8	13	190	the
5	8	14	191	pond
5	8	15	192	weed
5	8	16	193	and
5	8	17	194	bobbing
5	8	18	195	about
5	8	19	196	in
5	8	20	197	the
5	8	21	198	air
5	8	22	199	bubbles.
5	9	0	200	'That
5	9	1	201	looks
5	9	2	202	fun!'
5	9	3	203	Abby
5	9	4	204	exclaimed.
5	10	0	205	She
5	10	1	206	tried
5	10	2	207	to
5	10	3	208	imagine
5	10	4	209	what
5	10	5	210	it
5	10	6	211	must
5	10	7	212	be
5	10	8	213	like
5	10	9	214	to
5	10	10	215	have
5	10	11	216	to
5	10	12	217	hang
5	10	13	218	on
5	10	14	219	to
5	10	15	220	things
5	10	16	221	all
5	10	17	222	day
5	10	18	223	and
5	10	19	224	decided
5	10	20	225	the
5	10	21	226	answer
5	10	22	227	was
5	10	23	228	that
5	10	24	229	it
5	10	25	230	was
5	10	26	231	probably
5	10	27	232	very
5	10	28	233	tiring.
5	11	0	234	Abby
5	11	1	235	told
5	11	2	236	her
5	11	3	237	mom
5	11	4	238	that
5	11	5	239	she
5	11	6	240	thought
5	11	7	241	Sticky
5	11	8	242	had
5	11	9	243	grown
5	11	10	244	a
5	11	11	245	bit
5	11	12	246	the
5	11	13	247	next
5	11	14	248	day
5	11	15	249	at
5	11	16	250	breakfast.
5	12	0	251	'Just
5	12	1	252	as
5	12	2	253	well
5	12	3	254	if
5	12	4	255	he's
5	12	5	256	going
5	12	6	257	to
5	12	7	258	be
5	12	8	259	gobbled
5	12	9	260	up
5	12	10	261	like
5	12	11	262	that,'
5	12	12	263	her
5	12	13	264	mom
5	12	14	265	responded
5	12	15	266	who
5	12	16	267	was
5	12	17	268	busy
5	12	18	269	preparing
5	12	19	270	breakfast.
5	13	0	271	Abby
5	13	1	272	whined
5	13	2	273	that
5	13	3	274	she
5	13	4	275	didn't
5	13	5	276	want
5	13	6	277	him
5	13	7	278	to
5	13	8	279	get
5	13	9	280	too
5	13	10	281	big
5	13	11	282	or
5	13	12	283	he
5	13	13	284	wouldn't
5	13	14	285	be
5	13	15	286	cute
5	13	16	287	anymore.
5	14	0	288	'Small
5	14	1	289	things,
5	14	2	290	not
5	14	3	291	big
5	14	4	292	things,
5	14	5	293	are
5	14	6	294	cute,
5	14	7	295	right?'
5	14	8	296	she
5	14	9	297	asked,
5	14	10	298	half
5	14	11	299	to
5	14	12	300	herself.
5	15	0	301	The
5	15	1	302	next
5	15	2	303	day
5	15	3	304	in
5	15	4	305	art
5	15	5	306	class,
5	15	6	307	Abby
5	15	7	308	needed
5	15	8	309	two
5	15	9	310	pieces
5	15	10	311	of
5	15	11	312	paper
5	15	12	313	that
5	15	13	314	were
5	15	14	315	very
5	15	15	316	expensive,
5	15	16	317	to
5	15	17	318	draw
5	15	18	319	an
5	15	19	320	elephant,
5	15	20	321	but
5	15	21	322	the
5	15	22	323	teacher
5	15	23	324	didn't
5	15	24	325	mind
5	15	25	326	Abby
5	15	26	327	using
5	15	27	328	the
5	15	28	329	expensive
5	15	29	330	paper
5	15	30	331	because
5	15	31	332	she
5	15	32	333	was
5	15	33	334	pleased
5	15	34	335	with
5	15	35	336	the
5	15	36	337	drawing
5	15	37	338	and
5	15	38	339	wanted
5	15	39	340	it
5	15	40	341	on
5	15	41	342	the
5	15	42	343	wall.
5	16	0	344	The
5	16	1	345	teacher,
5	16	2	346	who
5	16	3	347	was
5	16	4	348	always
5	16	5	349	very
5	16	6	350	encouraging,
5	16	7	351	remarked
5	16	8	352	that
5	16	9	353	the
5	16	10	354	drawing
5	16	11	355	Abby
5	16	12	356	had
5	16	13	357	made
5	16	14	358	was
5	16	15	359	very
5	16	16	360	creative
5	16	17	361	and
5	16	18	362	beamed
5	16	19	363	at
5	16	20	364	Abby,
5	16	21	365	giving
5	16	22	366	her
5	16	23	367	the
5	16	24	368	seal
5	16	25	369	of
5	16	26	370	approval.
5	17	0	371	Back
5	17	1	372	at
5	17	2	373	home,
5	17	3	374	Mom,
5	17	4	375	convinced
5	17	5	376	by
5	17	6	377	Abby
5	17	7	378	to
5	17	8	379	clean
5	17	9	380	out
5	17	10	381	the
5	17	11	382	tank,
5	17	12	383	was
5	17	13	384	cleaning
5	17	14	385	with
5	17	15	386	a
5	17	16	387	special
5	17	17	388	vacuum,
5	17	18	389	or
5	17	19	390	'hoover'.
5	18	0	391	'Where's
5	18	1	392	Mr.
5	18	2	393	Sticky?'
5	18	3	394	Abby
5	18	4	395	asked
5	18	5	396	first
5	18	6	397	thing
5	18	7	398	when
5	18	8	399	she
5	18	9	400	came
5	18	10	401	home
5	18	11	402	from
5	18	12	403	school.
5	19	0	404	'On
5	19	1	405	the
5	19	2	406	side,'
5	19	3	407	Mom
5	19	4	408	replied.
5	20	0	409	And
5	20	1	410	then
5	20	2	411	she
5	20	3	412	added,
5	20	4	413	'Don't
5	20	5	414	worry.
5	21	0	415	I
5	21	1	416	went
5	21	2	417	extra
5	21	3	418	slowly
5	21	4	419	since
5	21	5	420	it's
5	21	6	421	better
5	21	7	422	to
5	21	8	423	be
5	21	9	424	safe
5	21	10	425	than
5	21	11	426	sorry.'
5	22	0	427	Abby
5	22	1	428	looked
5	22	2	429	on
5	22	3	430	all
5	22	4	431	sides
5	22	5	432	of
5	22	6	433	the
5	22	7	434	tank,
5	22	8	435	but
5	22	9	436	there
5	22	10	437	was
5	22	11	438	no
5	22	12	439	sign
5	22	13	440	of
5	22	14	441	the
5	22	15	442	water
5	22	16	443	snail
5	22	17	444	that
5	22	18	445	she
5	22	19	446	had
5	22	20	447	discovered
5	22	21	448	a
5	22	22	449	couple
5	22	23	450	of
5	22	24	451	days
5	22	25	452	ago.
5	23	0	453	She
5	23	1	454	was
5	23	2	455	very
5	23	3	456	sad.
5	24	0	457	Her
5	24	1	458	mom
5	24	2	459	said
5	24	3	460	to
5	24	4	461	wait
5	24	5	462	a
5	24	6	463	few
5	24	7	464	hours
5	24	8	465	until
5	24	9	466	the
5	24	10	467	water
5	24	11	468	clears
5	24	12	469	to
5	24	13	470	take
5	24	14	471	another
5	24	15	472	careful
5	24	16	473	look.
5	25	0	474	That
5	25	1	475	evening,
5	25	2	476	Abby
5	25	3	477	went
5	25	4	478	up
5	25	5	479	to
5	25	6	480	her
5	25	7	481	bedroom
5	25	8	482	to
5	25	9	483	check
5	25	10	484	the
5	25	11	485	tank
5	25	12	486	again.
5	26	0	487	The
5	26	1	488	water
5	26	2	489	had
5	26	3	490	settled
5	26	4	491	and
5	26	5	492	looked
5	26	6	493	clear,
5	26	7	494	but
5	26	8	495	Abby
5	26	9	496	could
5	26	10	497	not
5	26	11	498	see
5	26	12	499	Mr.
5	26	13	500	Sticky.
5	27	0	501	Abby
5	27	1	502	kneeled
5	27	2	503	down
5	27	3	504	to
5	27	4	505	have
5	27	5	506	another
5	27	6	507	look
5	27	7	508	in
5	27	8	509	the
5	27	9	510	tank
5	27	10	511	that
5	27	11	512	her
5	27	12	513	mom
5	27	13	514	had
5	27	14	515	cleared
5	27	15	516	so
5	27	16	517	thoroughly,
5	27	17	518	but
5	27	18	519	Mr.
5	27	19	520	Sticky
5	27	20	521	was
5	27	21	522	still
5	27	22	523	nowhere
5	27	23	524	to
5	27	24	525	be
5	27	25	526	found.
5	28	0	527	Abby
5	28	1	528	was
5	28	2	529	a
5	28	3	530	bundle
5	28	4	531	of
5	28	5	532	nerves
5	28	6	533	as
5	28	7	534	she
5	28	8	535	descended
5	28	9	536	the
5	28	10	537	stairs.
5	29	0	538	In
5	29	1	539	the
5	29	2	540	study,
5	29	3	541	surrounded
5	29	4	542	by
5	29	5	543	books
5	29	6	544	and
5	29	7	545	papers,
5	29	8	546	her
5	29	9	547	mom
5	29	10	548	was
5	29	11	549	working
5	29	12	550	and
5	29	13	551	she
5	29	14	552	looked
5	29	15	553	impatient
5	29	16	554	when
5	29	17	555	she
5	29	18	556	saw
5	29	19	557	Abby
5	29	20	558	in
5	29	21	559	the
5	29	22	560	doorway
5	29	23	561	and
5	29	24	562	even
5	29	25	563	more
5	29	26	564	worried
5	29	27	565	when
5	29	28	566	she
5	29	29	567	heard
5	29	30	568	the
5	29	31	569	bad
5	29	32	570	news.
5	30	0	571	'He'll
5	30	1	572	turn
5	30	2	573	up,'
5	30	3	574	Mom
5	30	4	575	said,
5	30	5	576	and
5	30	6	577	that
5	30	7	578	was
5	30	8	579	that.
5	31	0	580	Then,
5	31	1	581	to
5	31	2	582	add
5	31	3	583	fuel
5	31	4	584	to
5	31	5	585	the
5	31	6	586	flames,
5	31	7	587	she
5	31	8	588	raised
5	31	9	589	her
5	31	10	590	tone
5	31	11	591	of
5	31	12	592	voice
5	31	13	593	and
5	31	14	594	said
5	31	15	595	dismissively,
5	31	16	596	'For
5	31	17	597	the
5	31	18	598	time
5	31	19	599	being,
5	31	20	600	go
5	31	21	601	to
5	31	22	602	bed,
5	31	23	603	Abby.
5	31	24	604	I've
5	31	25	605	got
5	31	26	606	masses
5	31	27	607	of
5	31	28	608	work
5	31	29	609	to
5	31	30	610	catch
5	31	31	611	up
5	31	32	612	on.'
5	32	0	613	Abby
5	32	1	614	had
5	32	2	615	a
5	32	3	616	quick
5	32	4	617	temper
5	32	5	618	and
5	32	6	619	she
5	32	7	620	was
5	32	8	621	angry
5	32	9	622	as
5	32	10	623	hell.
5	33	0	624	'You've
5	33	1	625	hoovered
5	33	2	626	him
5	33	3	627	up,
5	33	4	628	haven't
5	33	5	629	you?'
5	33	6	630	she
5	33	7	631	said
5	33	8	632	accusingly.
5	34	0	633	Abby's
5	34	1	634	mom
5	34	2	635	denied
5	34	3	636	Abby's
5	34	4	637	version
5	34	5	638	of
5	34	6	639	the
5	34	7	640	story
5	34	8	641	was
5	34	9	642	true
5	34	10	643	and
5	34	11	644	said
5	34	12	645	that
5	34	13	646	she
5	34	14	647	was
5	34	15	648	careful,
5	34	16	649	but
5	34	17	650	because
5	34	18	651	Mr.
5	34	19	652	Sticky
5	34	20	653	was
5	34	21	654	so
5	34	22	655	small
5	34	23	656	he
5	34	24	657	was
5	34	25	658	hard
5	34	26	659	to
5	34	27	660	see.
5	35	0	661	'What's
5	35	1	662	wrong
5	35	2	663	with
5	35	3	664	being
5	35	4	665	small?'
5	36	0	666	'Nothing
5	36	1	667	at
5	36	2	668	all,
5	36	3	669	but
5	36	4	670	it
5	36	5	671	makes
5	36	6	672	things
5	36	7	673	hard
5	36	8	674	to
5	36	9	675	find.'
5	37	0	676	'Or
5	37	1	677	notice,'
5	37	2	678	Abby
5	37	3	679	said,
5	37	4	680	suddenly
5	37	5	681	feeling
5	37	6	682	like
5	37	7	683	the
5	37	8	684	small,
5	37	9	685	overlooked
5	37	10	686	Mr.
5	37	11	687	Sticky
5	37	12	688	herself
5	37	13	689	and
5	37	14	690	storming
5	37	15	691	from
5	37	16	692	the
5	37	17	693	room.
5	38	0	694	The
5	38	1	695	door
5	38	2	696	to
5	38	3	697	the
5	38	4	698	bedroom
5	38	5	699	opened
5	38	6	700	a
5	38	7	701	few
5	38	8	702	minutes
5	38	9	703	later
5	38	10	704	and
5	38	11	705	Mom's
5	38	12	706	face
5	38	13	707	appeared.
5	39	0	708	She
5	39	1	709	was
5	39	2	710	there
5	39	3	711	to
5	39	4	712	try
5	39	5	713	to
5	39	6	714	make
5	39	7	715	up
5	39	8	716	for
5	39	9	717	having
5	39	10	718	been
5	39	11	719	insensitive
5	39	12	720	earlier.
5	40	0	721	She
5	40	1	722	had
5	40	2	723	put
5	40	3	724	her
5	40	4	725	work
5	40	5	726	on
5	40	6	727	the
5	40	7	728	back
5	40	8	729	burner
5	40	9	730	and
5	40	10	731	occupied
5	40	11	732	herself
5	40	12	733	with
5	40	13	734	Sticky.
5	41	0	735	Abby,
5	41	1	736	who
5	41	2	737	was
5	41	3	738	breathing
5	41	4	739	fire
5	41	5	740	all
5	41	6	741	on
5	41	7	742	account
5	41	8	743	of
5	41	9	744	the
5	41	10	745	little
5	41	11	746	snail,
5	41	12	747	tried
5	41	13	748	to
5	41	14	749	ignore
5	41	15	750	her,
5	41	16	751	but
5	41	17	752	it
5	41	18	753	was
5	41	19	754	hard
5	41	20	755	when
5	41	21	756	Mom
5	41	22	757	walked
5	41	23	758	over
5	41	24	759	to
5	41	25	760	the
5	41	26	761	bed
5	41	27	762	and
5	41	28	763	sat
5	41	29	764	next
5	41	30	765	to
5	41	31	766	her.
5	42	0	767	Mom,
5	42	1	768	who
5	42	2	769	Abby
5	42	3	770	still
5	42	4	771	strained
5	42	5	772	to
5	42	6	773	remain
5	42	7	774	upset
5	42	8	775	with,
5	42	9	776	had
5	42	10	777	gone
5	42	11	778	out
5	42	12	779	to
5	42	13	780	find
5	42	14	781	her
5	42	15	782	glasses
5	42	16	783	in
5	42	17	784	order
5	42	18	785	to
5	42	19	786	search
5	42	20	787	for
5	42	21	788	Sticky
5	42	22	789	more
5	42	23	790	effectively.
5	43	0	791	'This
5	43	1	792	is
5	43	2	793	my
5	43	3	794	new
5	43	4	795	and
5	43	5	796	extra
5	43	6	797	powerful
5	43	7	798	pair
5	43	8	799	I
5	43	9	800	have
5	43	10	801	for
5	43	11	802	important
5	43	12	803	occasions
5	43	13	804	like
5	43	14	805	snail
5	43	15	806	hunting,'
5	43	16	807	she
5	43	17	808	said.
5	44	0	809	She
5	44	1	810	smiled
5	44	2	811	at
5	44	3	812	Abby,
5	44	4	813	trying
5	44	5	814	to
5	44	6	815	butter
5	44	7	816	her
5	44	8	817	up,
5	44	9	818	but
5	44	10	819	Abby
5	44	11	820	didn't
5	44	12	821	smile
5	44	13	822	back.
5	45	0	823	Abby
5	45	1	824	believed
5	45	2	825	her
5	45	3	826	mom's
5	45	4	827	idea
5	45	5	828	would
5	45	6	829	not
5	45	7	830	succeed,
5	45	8	831	but
5	45	9	832	then
5	45	10	833	she
5	45	11	834	had
5	45	12	835	an
5	45	13	836	idea
5	45	14	837	of
5	45	15	838	her
5	45	16	839	own.
5	46	0	840	'I've
5	46	1	841	got
5	46	2	842	a
5	46	3	843	magnifying
5	46	4	844	glass,'
5	46	5	845	Abby
5	46	6	846	suddenly
5	46	7	847	remembered
5	46	8	848	and
5	46	9	849	rushed
5	46	10	850	off
5	46	11	851	to
5	46	12	852	find
5	46	13	853	it.
5	47	0	854	On
5	47	1	855	the
5	47	2	856	floor
5	47	3	857	beside
5	47	4	858	each
5	47	5	859	other
5	47	6	860	they
5	47	7	861	sat,
5	47	8	862	shuffling
5	47	9	863	around
5	47	10	864	the
5	47	11	865	tank,
5	47	12	866	looking
5	47	13	867	all
5	47	14	868	over
5	47	15	869	the
5	47	16	870	place
5	47	17	871	and
5	47	18	872	peering
5	47	19	873	into
5	47	20	874	the
5	47	21	875	corners
5	47	22	876	among
5	47	23	877	the
5	47	24	878	big
5	47	25	879	pebbles
5	47	26	880	and
5	47	27	881	the
5	47	28	882	pond
5	47	29	883	weed.
5	48	0	884	Abby
5	48	1	885	tried
5	48	2	886	to
5	48	3	887	imagine,
5	48	4	888	if
5	48	5	889	she
5	48	6	890	were
5	48	7	891	Sticky,
5	48	8	892	a
5	48	9	893	little
5	48	10	894	water
5	48	11	895	snail,
5	48	12	896	where
5	48	13	897	would
5	48	14	898	she
5	48	15	899	hide
5	48	16	900	out?
5	49	0	901	At
5	49	1	902	one
5	49	2	903	point
5	49	3	904	she
5	49	4	905	thought
5	49	5	906	she
5	49	6	907	saw
5	49	7	908	him,
5	49	8	909	but
5	49	9	910	it
5	49	10	911	wasn't
5	49	11	912	the
5	49	12	913	water
5	49	13	914	snail.
5	50	0	915	It
5	50	1	916	was
5	50	2	917	a
5	50	3	918	large
5	50	4	919	speck
5	50	5	920	of
5	50	6	921	dust
5	50	7	922	that
5	50	8	923	was
5	50	9	924	deceptively
5	50	10	925	bobbing
5	50	11	926	around
5	50	12	927	in
5	50	13	928	the
5	50	14	929	water
5	50	15	930	like
5	50	16	931	a
5	50	17	932	live
5	50	18	933	animal.
5	51	0	934	They
5	51	1	935	were
5	51	2	936	ready
5	51	3	937	to
5	51	4	938	call
5	51	5	939	it
5	51	6	940	quits,
5	51	7	941	when
5	51	8	942	suddenly
5	51	9	943	Mom
5	51	10	944	cried,
5	51	11	945	'Ah
5	51	12	946	ha!'
5	52	0	947	Tucked
5	52	1	948	in
5	52	2	949	a
5	52	3	950	curve
5	52	4	951	of
5	52	5	952	the
5	52	6	953	archway,
5	52	7	954	perfectly
5	52	8	955	hidden
5	52	9	956	against
5	52	10	957	a
5	52	11	958	pitch
5	52	12	959	dark
5	52	13	960	stone,
5	52	14	961	sat
5	52	15	962	Mr.
5	52	16	963	Sticky,
5	52	17	964	safe
5	52	18	965	and
5	52	19	966	sound.
5	53	0	967	'You,
5	53	1	968	I
5	53	2	969	can
5	53	3	970	always
5	53	4	971	count
5	53	5	972	on,'
5	53	6	973	Abby
5	53	7	974	said
5	53	8	975	to
5	53	9	976	her
5	53	10	977	mom,
5	53	11	978	with
5	53	12	979	relief.
5	54	0	980	Then
5	54	1	981	she
5	54	2	982	noticed
5	54	3	983	another
5	54	4	984	water
5	54	5	985	snail
5	54	6	986	was
5	54	7	987	right
5	54	8	988	next
5	54	9	989	to
5	54	10	990	Sticky
5	54	11	991	and
5	54	12	992	asked
5	54	13	993	where
5	54	14	994	this
5	54	15	995	new
5	54	16	996	addition
5	54	17	997	to
5	54	18	998	the
5	54	19	999	family
5	54	20	1000	could
5	54	21	1001	have
5	54	22	1002	come
5	54	23	1003	from.
5	55	0	1004	'I'm
5	55	1	1005	beginning
5	55	2	1006	to
5	55	3	1007	suspect
5	55	4	1008	the
5	55	5	1009	pond
5	55	6	1010	weed
5	55	7	1011	is
5	55	8	1012	guilty,
5	55	9	1013	don't
5	55	10	1014	you
5	55	11	1015	think?'
5	55	12	1016	replied
5	55	13	1017	Mom.
5	56	0	1018	They
5	56	1	1019	both
5	56	2	1020	laughed
5	56	3	1021	and
5	56	4	1022	climbed
5	56	5	1023	into
5	56	6	1024	Abby's
5	56	7	1025	bed
5	56	8	1026	together
5	56	9	1027	and,
5	56	10	1028	though
5	56	11	1029	it
5	56	12	1030	was
5	56	13	1031	cozy,
5	56	14	1032	it
5	56	15	1033	was
5	56	16	1034	a
5	56	17	1035	bit
5	56	18	1036	of
5	56	19	1037	a
5	56	20	1038	squeeze.
5	57	0	1039	'Budge
5	57	1	1040	up,'
5	57	2	1041	Mom
5	57	3	1042	said,
5	57	4	1043	giving
5	57	5	1044	Abby
5	57	6	1045	a
5	57	7	1046	push
5	57	8	1047	with
5	57	9	1048	her
5	57	10	1049	bottom.
5	58	0	1050	'I
5	58	1	1051	can't
5	58	2	1052	because
5	58	3	1053	I'm
5	58	4	1054	already
5	58	5	1055	on
5	58	6	1056	the
5	58	7	1057	edge.'
5	59	0	1058	'Good
5	59	1	1059	heavens,
5	59	2	1060	you've
5	59	3	1061	grown
5	59	4	1062	then.
5	60	0	1063	When
5	60	1	1064	did
5	60	2	1065	that
5	60	3	1066	happen?
5	61	0	1067	You
5	61	1	1068	could've
5	61	2	1069	put
5	61	3	1070	an
5	61	4	1071	elephant
5	61	5	1072	in
5	61	6	1073	here
5	61	7	1074	last
5	61	8	1075	time
5	61	9	1076	we
5	61	10	1077	did
5	61	11	1078	this.
5	62	0	1079	Before
5	62	1	1080	I
5	62	2	1081	know
5	62	3	1082	it,
5	62	4	1083	you'll
5	62	5	1084	be
5	62	6	1085	all
5	62	7	1086	grown
5	62	8	1087	up.'
5	63	0	1088	On
5	63	1	1089	her
5	63	2	1090	mom's
5	63	3	1091	chest
5	63	4	1092	Abby
5	63	5	1093	then
5	63	6	1094	put
5	63	7	1095	her
5	63	8	1096	head
5	63	9	1097	and
5	63	10	1098	smiled.
6	0	0	0	The
6	0	1	1	text
6	0	2	2	message
6	0	3	3	said
6	0	4	4	that
6	0	5	5	Lucy
6	0	6	6	Josephs
6	0	7	7	was
6	0	8	8	a
6	0	9	9	failure.
6	1	0	10	It
6	1	1	11	said
6	1	2	12	she
6	1	3	13	was
6	1	4	14	ugly,
6	1	5	15	had
6	1	6	16	no
6	1	7	17	style
6	1	8	18	and
6	1	9	19	the
6	1	10	20	world
6	1	11	21	hated
6	1	12	22	her.
6	2	0	23	At
6	2	1	24	least
6	2	2	25	that
6	2	3	26	was
6	2	4	27	what
6	2	5	28	it
6	2	6	29	said
6	2	7	30	to
6	2	8	31	Lucy.
6	3	0	32	It
6	3	1	33	said
6	3	2	34	that
6	3	3	35	and
6	3	4	36	a
6	3	5	37	whole
6	3	6	38	lot
6	3	7	39	more
6	3	8	40	that
6	3	9	41	she
6	3	10	42	was
6	3	11	43	struggling
6	3	12	44	to
6	3	13	45	understand.
6	4	0	46	The
6	4	1	47	actual
6	4	2	48	text
6	4	3	49	of
6	4	4	50	the
6	4	5	51	note
6	4	6	52	said
6	4	7	53	that
6	4	8	54	Lucy
6	4	9	55	better
6	4	10	56	not
6	4	11	57	show
6	4	12	58	up
6	4	13	59	at
6	4	14	60	the
6	4	15	61	party
6	4	16	62	tonight,
6	4	17	63	because
6	4	18	64	it
6	4	19	65	was
6	4	20	66	going
6	4	21	67	to
6	4	22	68	be
6	4	23	69	bad
6	4	24	70	enough
6	4	25	71	already!
6	5	0	72	Lucy,
6	5	1	73	who
6	5	2	74	had
6	5	3	75	started
6	5	4	76	receiving
6	5	5	77	these
6	5	6	78	messages
6	5	7	79	a
6	5	8	80	few
6	5	9	81	weeks
6	5	10	82	ago,
6	5	11	83	tapped
6	5	12	84	the
6	5	13	85	mobile
6	5	14	86	screen
6	5	15	87	to
6	5	16	88	make
6	5	17	89	the
6	5	18	90	message
6	5	19	91	disappear
6	5	20	92	from
6	5	21	93	view.
6	6	0	94	She
6	6	1	95	only
6	6	2	96	wished
6	6	3	97	it
6	6	4	98	was
6	6	5	99	as
6	6	6	100	easy
6	6	7	101	to
6	6	8	102	tap
6	6	9	103	her
6	6	10	104	heart
6	6	11	105	and
6	6	12	106	erase
6	6	13	107	the
6	6	14	108	trace
6	6	15	109	the
6	6	16	110	message
6	6	17	111	had
6	6	18	112	left
6	6	19	113	there.
6	7	0	114	'Was
6	7	1	115	that
6	7	2	116	another
6	7	3	117	one
6	7	4	118	of
6	7	5	119	those
6	7	6	120	messages?'
6	7	7	121	her
6	7	8	122	mom
6	7	9	123	asked,
6	7	10	124	who
6	7	11	125	was
6	7	12	126	driving
6	7	13	127	the
6	7	14	128	car.
6	8	0	129	Lucy
6	8	1	130	confirmed
6	8	2	131	her
6	8	3	132	mother's
6	8	4	133	suspicion
6	8	5	134	was
6	8	6	135	founded
6	8	7	136	as
6	8	8	137	she
6	8	9	138	answered
6	8	10	139	dejectedly,
6	8	11	140	'I'm
6	8	12	141	sorry
6	8	13	142	to
6	8	14	143	say
6	8	15	144	it
6	8	16	145	was.'
6	9	0	146	'Haven't
6	9	1	147	you
6	9	2	148	reported
6	9	3	149	it
6	9	4	150	yet?'
6	9	5	151	asked
6	9	6	152	Jill,
6	9	7	153	Lucy's
6	9	8	154	older
6	9	9	155	sister
6	9	10	156	who
6	9	11	157	was
6	9	12	158	sitting
6	9	13	159	in
6	9	14	160	the
6	9	15	161	passenger
6	9	16	162	seat.
6	10	0	163	'Yes,'
6	10	1	164	Lucy
6	10	2	165	replied,
6	10	3	166	lying
6	10	4	167	through
6	10	5	168	her
6	10	6	169	teeth.
6	11	0	170	That
6	11	1	171	Lucy
6	11	2	172	should
6	11	3	173	not
6	11	4	174	let
6	11	5	175	the
6	11	6	176	messages
6	11	7	177	get
6	11	8	178	to
6	11	9	179	her
6	11	10	180	and
6	11	11	181	that
6	11	12	182	the
6	11	13	183	sender
6	11	14	184	was
6	11	15	185	only
6	11	16	186	jealous
6	11	17	187	were
6	11	18	188	Lucy's
6	11	19	189	mom's
6	11	20	190	arguments,
6	11	21	191	in
6	11	22	192	an
6	11	23	193	effort
6	11	24	194	to
6	11	25	195	comfort
6	11	26	196	her
6	11	27	197	daughter.
6	12	0	198	Lucy's
6	12	1	199	mom
6	12	2	200	suddenly
6	12	3	201	felt
6	12	4	202	guilty,
6	12	5	203	for
6	12	6	204	she
6	12	7	205	had
6	12	8	206	been
6	12	9	207	the
6	12	10	208	one
6	12	11	209	to
6	12	12	210	buy
6	12	13	211	the
6	12	14	212	phone
6	12	15	213	for
6	12	16	214	Lucy
6	12	17	215	just
6	12	18	216	a
6	12	19	217	couple
6	12	20	218	of
6	12	21	219	months
6	12	22	220	ago.
6	13	0	221	She
6	13	1	222	then
6	13	2	223	admitted
6	13	3	224	her
6	13	4	225	regret
6	13	5	226	about
6	13	6	227	the
6	13	7	228	phone
6	13	8	229	was
6	13	9	230	still
6	13	10	231	bugging
6	13	11	232	her
6	13	12	233	out
6	13	13	234	loud
6	13	14	235	as
6	13	15	236	she
6	13	16	237	sighed,
6	13	17	238	'I
6	13	18	239	never
6	13	19	240	should
6	13	20	241	have
6	13	21	242	given
6	13	22	243	you
6	13	23	244	that
6	13	24	245	phone
6	13	25	246	Lucy.'
6	14	0	247	'No,
6	14	1	248	it's
6	14	2	249	fine.
6	14	3	250	I
6	14	4	251	love
6	14	5	252	it,'
6	14	6	253	said
6	14	7	254	Lucy
6	14	8	255	knowing
6	14	9	256	that
6	14	10	257	affording
6	14	11	258	the
6	14	12	259	phone
6	14	13	260	had
6	14	14	261	been
6	14	15	262	no
6	14	16	263	small
6	14	17	264	thing
6	14	18	265	for
6	14	19	266	her
6	14	20	267	mother.
6	15	0	268	It
6	15	1	269	had
6	15	2	270	been
6	15	3	271	nothing
6	15	4	272	but
6	15	5	273	trouble
6	15	6	274	though.
6	16	0	275	Lucy
6	16	1	276	did
6	16	2	277	not
6	16	3	278	know
6	16	4	279	who
6	16	5	280	it
6	16	6	281	was
6	16	7	282	that
6	16	8	283	was
6	16	9	284	sending
6	16	10	285	her
6	16	11	286	the
6	16	12	287	messages,
6	16	13	288	and
6	16	14	289	she
6	16	15	290	did
6	16	16	291	not
6	16	17	292	know
6	16	18	293	how
6	16	19	294	they
6	16	20	295	had
6	16	21	296	got
6	16	22	297	her
6	16	23	298	number,
6	16	24	299	but
6	16	25	300	whoever
6	16	26	301	it
6	16	27	302	was,
6	16	28	303	he
6	16	29	304	or
6	16	30	305	she
6	16	31	306	had
6	16	32	307	slowly
6	16	33	308	taken
6	16	34	309	over
6	16	35	310	Lucy's
6	16	36	311	life.
6	17	0	312	She
6	17	1	313	was
6	17	2	314	getting
6	17	3	315	several
6	17	4	316	texts
6	17	5	317	a
6	17	6	318	day
6	17	7	319	now,
6	17	8	320	all
6	17	9	321	of
6	17	10	322	which
6	17	11	323	were
6	17	12	324	abusive
6	17	13	325	and
6	17	14	326	hurtful.
6	18	0	327	Lucy
6	18	1	328	wondered
6	18	2	329	what
6	18	3	330	the
6	18	4	331	person
6	18	5	332	who
6	18	6	333	was
6	18	7	334	messaging
6	18	8	335	her
6	18	9	336	might
6	18	10	337	be
6	18	11	338	thinking
6	18	12	339	or
6	18	13	340	trying
6	18	14	341	to
6	18	15	342	achieve
6	18	16	343	with
6	18	17	344	all
6	18	18	345	of
6	18	19	346	their
6	18	20	347	hateful
6	18	21	348	messages.
6	19	0	349	As
6	19	1	350	the
6	19	2	351	car
6	19	3	352	pulled
6	19	4	353	up
6	19	5	354	outside
6	19	6	355	the
6	19	7	356	school,
6	19	8	357	which
6	19	9	358	looked
6	19	10	359	like
6	19	11	360	a
6	19	12	361	large
6	19	13	362	shadow
6	19	14	363	in
6	19	15	364	the
6	19	16	365	darkness
6	19	17	366	of
6	19	18	367	a
6	19	19	368	November
6	19	20	369	evening,
6	19	21	370	Lucy
6	19	22	371	felt
6	19	23	372	a
6	19	24	373	shiver
6	19	25	374	run
6	19	26	375	down
6	19	27	376	her
6	19	28	377	spine.
6	20	0	378	Hastened
6	20	1	379	by
6	20	2	380	Jill,
6	20	3	381	who
6	20	4	382	did
6	20	5	383	not
6	20	6	384	want
6	20	7	385	to
6	20	8	386	be
6	20	9	387	late
6	20	10	388	to
6	20	11	389	her
6	20	12	390	own
6	20	13	391	concert,
6	20	14	392	Lucy
6	20	15	393	hesitantly
6	20	16	394	stepped
6	20	17	395	out
6	20	18	396	of
6	20	19	397	the
6	20	20	398	car
6	20	21	399	and
6	20	22	400	walked
6	20	23	401	toward
6	20	24	402	the
6	20	25	403	school.
6	21	0	404	It
6	21	1	405	was
6	21	2	406	Jill
6	21	3	407	who
6	21	4	408	in
6	21	5	409	her
6	21	6	410	final
6	21	7	411	year
6	21	8	412	of
6	21	9	413	high
6	21	10	414	school
6	21	11	415	had
6	21	12	416	become
6	21	13	417	involved
6	21	14	418	in
6	21	15	419	helping
6	21	16	420	organize
6	21	17	421	this
6	21	18	422	year's
6	21	19	423	school
6	21	20	424	talent
6	21	21	425	show,
6	21	22	426	and
6	21	23	427	she
6	21	24	428	took
6	21	25	429	her
6	21	26	430	position
6	21	27	431	very
6	21	28	432	seriously.
6	22	0	433	Lucy
6	22	1	434	hurried
6	22	2	435	behind
6	22	3	436	Jill,
6	22	4	437	pulling
6	22	5	438	on
6	22	6	439	the
6	22	7	440	worn,
6	22	8	441	oversized
6	22	9	442	coat
6	22	10	443	that
6	22	11	444	had
6	22	12	445	originally
6	22	13	446	belonged
6	22	14	447	to
6	22	15	448	Jill,
6	22	16	449	in
6	22	17	450	order
6	22	18	451	to
6	22	19	452	keep
6	22	20	453	her
6	22	21	454	dry
6	22	22	455	as
6	22	23	456	the
6	22	24	457	raindrops
6	22	25	458	fell
6	22	26	459	all
6	22	27	460	around
6	22	28	461	them.
6	23	0	462	As
6	23	1	463	the
6	23	2	464	sisters
6	23	3	465	entered
6	23	4	466	the
6	23	5	467	hall
6	23	6	468	where
6	23	7	469	the
6	23	8	470	show
6	23	9	471	was
6	23	10	472	to
6	23	11	473	take
6	23	12	474	place,
6	23	13	475	Jill
6	23	14	476	filled
6	23	15	477	with
6	23	16	478	excitement
6	23	17	479	while
6	23	18	480	Lucy
6	23	19	481	regretted
6	23	20	482	that
6	23	21	483	she
6	23	22	484	had
6	23	23	485	promised
6	23	24	486	her
6	23	25	487	mother
6	23	26	488	she
6	23	27	489	would
6	23	28	490	participate
6	23	29	491	in
6	23	30	492	the
6	23	31	493	show.
6	24	0	494	'To
6	24	1	495	waste
6	24	2	496	your
6	24	3	497	talent
6	24	4	498	would
6	24	5	499	be
6	24	6	500	a
6	24	7	501	real
6	24	8	502	shame,
6	24	9	503	for
6	24	10	504	you
6	24	11	505	have
6	24	12	506	such
6	24	13	507	a
6	24	14	508	beautiful
6	24	15	509	voice,'
6	24	16	510	her
6	24	17	511	mother
6	24	18	512	had
6	24	19	513	argued
6	24	20	514	two
6	24	21	515	months
6	24	22	516	back,
6	24	23	517	when
6	24	24	518	the
6	24	25	519	concert
6	24	26	520	was
6	24	27	521	first
6	24	28	522	announced.
6	25	0	523	Lucy
6	25	1	524	had
6	25	2	525	been
6	25	3	526	considering
6	25	4	527	it,
6	25	5	528	for
6	25	6	529	she
6	25	7	530	did
6	25	8	531	love
6	25	9	532	to
6	25	10	533	sing.
6	26	0	534	That
6	26	1	535	very
6	26	2	536	night,
6	26	3	537	the
6	26	4	538	first
6	26	5	539	text
6	26	6	540	message
6	26	7	541	had
6	26	8	542	come
6	26	9	543	through.
6	27	0	544	'How
6	27	1	545	does
6	27	2	546	it
6	27	3	547	feel
6	27	4	548	to
6	27	5	549	be
6	27	6	550	tall
6	27	7	551	and
6	27	8	552	lanky
6	27	9	553	like
6	27	10	554	a
6	27	11	555	giraffe?'
6	27	12	556	it
6	27	13	557	had
6	27	14	558	asked,
6	27	15	559	taking
6	27	16	560	Lucy
6	27	17	561	by
6	27	18	562	surprise.
6	28	0	563	One
6	28	1	564	of
6	28	2	565	the
6	28	3	566	popular
6	28	4	567	girls,
6	28	5	568	Lucy
6	28	6	569	had
6	28	7	570	always
6	28	8	571	known
6	28	9	572	she
6	28	10	573	wasn't,
6	28	11	574	but
6	28	12	575	before
6	28	13	576	the
6	28	14	577	messages
6	28	15	578	began,
6	28	16	579	Lucy
6	28	17	580	had
6	28	18	581	always
6	28	19	582	been
6	28	20	583	quite
6	28	21	584	proud
6	28	22	585	of
6	28	23	586	being
6	28	24	587	a
6	28	25	588	little
6	28	26	589	different.
6	29	0	590	But
6	29	1	591	text
6	29	2	592	by
6	29	3	593	text,
6	29	4	594	Lucy's
6	29	5	595	self-confidence
6	29	6	596	had
6	29	7	597	deflated
6	29	8	598	and,
6	29	9	599	in
6	29	10	600	the
6	29	11	601	end,
6	29	12	602	it
6	29	13	603	had
6	29	14	604	taken
6	29	15	605	some
6	29	16	606	doing
6	29	17	607	to
6	29	18	608	get
6	29	19	609	her
6	29	20	610	to
6	29	21	611	agree
6	29	22	612	to
6	29	23	613	perform
6	29	24	614	in
6	29	25	615	the
6	29	26	616	show.
6	30	0	617	Now,
6	30	1	618	however,
6	30	2	619	Lucy
6	30	3	620	had
6	30	4	621	no
6	30	5	622	choice
6	30	6	623	but
6	30	7	624	to
6	30	8	625	make
6	30	9	626	her
6	30	10	627	way
6	30	11	628	towards
6	30	12	629	the
6	30	13	630	stage
6	30	14	631	where
6	30	15	632	Jill
6	30	16	633	was
6	30	17	634	beckoning
6	30	18	635	encouragingly
6	30	19	636	to
6	30	20	637	her.
6	31	0	638	She
6	31	1	639	was
6	31	2	640	the
6	31	3	641	first
6	31	4	642	performer.
6	32	0	643	Lucy,
6	32	1	644	announced
6	32	2	645	by
6	32	3	646	her
6	32	4	647	sister
6	32	5	648	to
6	32	6	649	the
6	32	7	650	audience,
6	32	8	651	was
6	32	9	652	all
6	32	10	653	nerves
6	32	11	654	as
6	32	12	655	she
6	32	13	656	walked
6	32	14	657	out
6	32	15	658	onto
6	32	16	659	the
6	32	17	660	middle
6	32	18	661	of
6	32	19	662	the
6	32	20	663	stage,
6	32	21	664	where
6	32	22	665	there
6	32	23	666	was
6	32	24	667	nothing
6	32	25	668	but
6	32	26	669	a
6	32	27	670	microphone
6	32	28	671	and
6	32	29	672	her.
6	33	0	673	She
6	33	1	674	heard
6	33	2	675	the
6	33	3	676	audience
6	33	4	677	applaud
6	33	5	678	and
6	33	6	679	could
6	33	7	680	feel
6	33	8	681	a
6	33	9	682	sense
6	33	10	683	of
6	33	11	684	anticipation
6	33	12	685	emanate
6	33	13	686	from
6	33	14	687	the
6	33	15	688	other
6	33	16	689	side
6	33	17	690	of
6	33	18	691	the
6	33	19	692	heavy
6	33	20	693	curtain.
6	34	0	694	As
6	34	1	695	the
6	34	2	696	curtains
6	34	3	697	began
6	34	4	698	to
6	34	5	699	part,
6	34	6	700	she
6	34	7	701	cast
6	34	8	702	a
6	34	9	703	worried
6	34	10	704	look
6	34	11	705	at
6	34	12	706	Jill
6	34	13	707	in
6	34	14	708	the
6	34	15	709	wings,
6	34	16	710	who
6	34	17	711	assured
6	34	18	712	her
6	34	19	713	with
6	34	20	714	a
6	34	21	715	positive
6	34	22	716	thumbs
6	34	23	717	up.
6	35	0	718	Lucy
6	35	1	719	thought
6	35	2	720	to
6	35	3	721	herself
6	35	4	722	that
6	35	5	723	she
6	35	6	724	could
6	35	7	725	not
6	35	8	726	go
6	35	9	727	through
6	35	10	728	with
6	35	11	729	this
6	35	12	730	and
6	35	13	731	that
6	35	14	732	she,
6	35	15	733	unlike
6	35	16	734	her
6	35	17	735	older
6	35	18	736	sister,
6	35	19	737	was
6	35	20	738	not
6	35	21	739	confident
6	35	22	740	enough
6	35	23	741	to
6	35	24	742	put
6	35	25	743	herself
6	35	26	744	before
6	35	27	745	the
6	35	28	746	judging
6	35	29	747	audience.
6	36	0	748	The
6	36	1	749	crowd
6	36	2	750	looked
6	36	3	751	up
6	36	4	752	at
6	36	5	753	her
6	36	6	754	and
6	36	7	755	Lucy
6	36	8	756	was
6	36	9	757	ready
6	36	10	758	to
6	36	11	759	run
6	36	12	760	when
6	36	13	761	the
6	36	14	762	first
6	36	15	763	notes
6	36	16	764	of
6	36	17	765	the
6	36	18	766	music
6	36	19	767	sounded
6	36	20	768	out
6	36	21	769	and
6	36	22	770	a
6	36	23	771	sudden
6	36	24	772	calm
6	36	25	773	settled
6	36	26	774	over
6	36	27	775	her.
6	37	0	776	She
6	37	1	777	closed
6	37	2	778	her
6	37	3	779	eyes
6	37	4	780	and
6	37	5	781	shut
6	37	6	782	everything
6	37	7	783	out,
6	37	8	784	including
6	37	9	785	the
6	37	10	786	audience,
6	37	11	787	the
6	37	12	788	nerves
6	37	13	789	that
6	37	14	790	threatened
6	37	15	791	to
6	37	16	792	take
6	37	17	793	over,
6	37	18	794	the
6	37	19	795	text
6	37	20	796	messages,
6	37	21	797	and
6	37	22	798	the
6	37	23	799	way
6	37	24	800	they
6	37	25	801	made
6	37	26	802	her
6	37	27	803	feel.
6	38	0	804	It
6	38	1	805	was
6	38	2	806	just
6	38	3	807	her
6	38	4	808	and
6	38	5	809	the
6	38	6	810	music,
6	38	7	811	and
6	38	8	812	it
6	38	9	813	was
6	38	10	814	a
6	38	11	815	love
6	38	12	816	story
6	38	13	817	that
6	38	14	818	had
6	38	15	819	been
6	38	16	820	going
6	38	17	821	on
6	38	18	822	her
6	38	19	823	whole
6	38	20	824	life.
6	39	0	825	She
6	39	1	826	began
6	39	2	827	to
6	39	3	828	sing,
6	39	4	829	and
6	39	5	830	all
6	39	6	831	the
6	39	7	832	pain
6	39	8	833	and
6	39	9	834	confusion
6	39	10	835	that
6	39	11	836	the
6	39	12	837	messages
6	39	13	838	had
6	39	14	839	been
6	39	15	840	causing
6	39	16	841	inside
6	39	17	842	her
6	39	18	843	just
6	39	19	844	flowed
6	39	20	845	out.
6	40	0	846	The
6	40	1	847	words
6	40	2	848	were
6	40	3	849	not
6	40	4	850	important,
6	40	5	851	for
6	40	6	852	it
6	40	7	853	was
6	40	8	854	the
6	40	9	855	feeling
6	40	10	856	behind
6	40	11	857	them
6	40	12	858	that
6	40	13	859	she
6	40	14	860	latched
6	40	15	861	onto.
6	41	0	862	Lucy
6	41	1	863	was
6	41	2	864	in
6	41	3	865	the
6	41	4	866	heart
6	41	5	867	of
6	41	6	868	the
6	41	7	869	song
6	41	8	870	with
6	41	9	871	the
6	41	10	872	rest
6	41	11	873	of
6	41	12	874	the
6	41	13	875	world
6	41	14	876	slipping
6	41	15	877	away.
6	42	0	878	When
6	42	1	879	the
6	42	2	880	song
6	42	3	881	finished
6	42	4	882	and
6	42	5	883	the
6	42	6	884	last
6	42	7	885	note
6	42	8	886	died
6	42	9	887	away,
6	42	10	888	she
6	42	11	889	opened
6	42	12	890	her
6	42	13	891	eyes.
6	43	0	892	To
6	43	1	893	see
6	43	2	894	the
6	43	3	895	whole
6	43	4	896	audience
6	43	5	897	on
6	43	6	898	their
6	43	7	899	feet
6	43	8	900	and
6	43	9	901	the
6	43	10	902	hall
6	43	11	903	filled
6	43	12	904	with
6	43	13	905	cheers
6	43	14	906	and
6	43	15	907	applause
6	43	16	908	was
6	43	17	909	not
6	43	18	910	what
6	43	19	911	Lucy
6	43	20	912	had
6	43	21	913	expected.
6	44	0	914	Lucy
6	44	1	915	allowed
6	44	2	916	herself
6	44	3	917	to
6	44	4	918	enjoy
6	44	5	919	the
6	44	6	920	sense
6	44	7	921	of
6	44	8	922	achievement
6	44	9	923	and
6	44	10	924	belonging
6	44	11	925	that
6	44	12	926	she
6	44	13	927	had
6	44	14	928	not
6	44	15	929	felt
6	44	16	930	in
6	44	17	931	a
6	44	18	932	very
6	44	19	933	long
6	44	20	934	time.
6	45	0	935	Then
6	45	1	936	she
6	45	2	937	saw
6	45	3	938	her
6	45	4	939	mother,
6	45	5	940	who
6	45	6	941	was
6	45	7	942	cheering
6	45	8	943	the
6	45	9	944	loudest
6	45	10	945	of
6	45	11	946	all
6	45	12	947	in
6	45	13	948	the
6	45	14	949	crowd,
6	45	15	950	and
6	45	16	951	Jill,
6	45	17	952	who
6	45	18	953	was
6	45	19	954	beaming
6	45	20	955	at
6	45	21	956	her
6	45	22	957	with
6	45	23	958	pride
6	45	24	959	from
6	45	25	960	the
6	45	26	961	wings.
6	46	0	962	She
6	46	1	963	knew
6	46	2	964	she
6	46	3	965	owed
6	46	4	966	them
6	46	5	967	big
6	46	6	968	time
6	46	7	969	for
6	46	8	970	reminding
6	46	9	971	her
6	46	10	972	what
6	46	11	973	she
6	46	12	974	was
6	46	13	975	capable
6	46	14	976	of
6	46	15	977	and
6	46	16	978	who
6	46	17	979	she
6	46	18	980	really
6	46	19	981	was.
6	47	0	982	The
6	47	1	983	next
6	47	2	984	time
6	47	3	985	her
6	47	4	986	phone
6	47	5	987	bleeped
6	47	6	988	she
6	47	7	989	would
6	47	8	990	tap
6	47	9	991	the
6	47	10	992	message
6	47	11	993	straight
6	47	12	994	into
6	47	13	995	oblivion
6	47	14	996	where
6	47	15	997	it
6	47	16	998	belonged.
7	0	0	0	The
7	0	1	1	Roswell
7	0	2	2	UFO
7	0	3	3	Incident
7	0	4	4	was
7	0	5	5	the
7	0	6	6	alleged
7	0	7	7	recovery
7	0	8	8	of
7	0	9	9	extra-terrestrial
7	0	10	10	debris,
7	0	11	11	including
7	0	12	12	alien
7	0	13	13	corpses,
7	0	14	14	from
7	0	15	15	an
7	0	16	16	object
7	0	17	17	that
7	0	18	18	crashed
7	0	19	19	near
7	0	20	20	Roswell,
7	0	21	21	New
7	0	22	22	Mexico,
7	0	23	23	on
7	0	24	24	or
7	0	25	25	about
7	0	26	26	July
7	0	27	27	eighth,
7	0	28	28	nineteen
7	0	29	29	forty-seven.
7	1	0	30	Since
7	1	1	31	the
7	1	2	32	late
7	1	3	33	nineteen
7	1	4	34	seventies,
7	1	5	35	the
7	1	6	36	incident
7	1	7	37	has
7	1	8	38	been
7	1	9	39	the
7	1	10	40	subject
7	1	11	41	of
7	1	12	42	intense
7	1	13	43	controversy
7	1	14	44	and
7	1	15	45	the
7	1	16	46	subject
7	1	17	47	of
7	1	18	48	conspiracy
7	1	19	49	theories
7	1	20	50	as
7	1	21	51	to
7	1	22	52	the
7	1	23	53	true
7	1	24	54	nature
7	1	25	55	of
7	1	26	56	the
7	1	27	57	object
7	1	28	58	that
7	1	29	59	crashed.
7	2	0	60	The
7	2	1	61	United
7	2	2	62	States
7	2	3	63	military
7	2	4	64	maintains
7	2	5	65	the
7	2	6	66	debris
7	2	7	67	recovered
7	2	8	68	was
7	2	9	69	from
7	2	10	70	an
7	2	11	71	experimental
7	2	12	72	high-altitude
7	2	13	73	surveillance
7	2	14	74	balloon
7	2	15	75	that
7	2	16	76	belonged
7	2	17	77	to
7	2	18	78	a
7	2	19	79	classified
7	2	20	80	program
7	2	21	81	named
7	2	22	82	'Mogul'.
7	3	0	83	However,
7	3	1	84	many
7	3	2	85	UFO
7	3	3	86	proponents
7	3	4	87	maintain
7	3	5	88	that,
7	3	6	89	in
7	3	7	90	fact,
7	3	8	91	a
7	3	9	92	crashed
7	3	10	93	alien
7	3	11	94	craft
7	3	12	95	and
7	3	13	96	bodies
7	3	14	97	were
7	3	15	98	recovered,
7	3	16	99	and
7	3	17	100	that
7	3	18	101	the
7	3	19	102	military
7	3	20	103	then
7	3	21	104	engaged
7	3	22	105	in
7	3	23	106	a
7	3	24	107	cover-up.
7	4	0	108	The
7	4	1	109	incident
7	4	2	110	has
7	4	3	111	turned
7	4	4	112	into
7	4	5	113	a
7	4	6	114	widely
7	4	7	115	known
7	4	8	116	pop
7	4	9	117	culture
7	4	10	118	phenomenon,
7	4	11	119	making
7	4	12	120	the
7	4	13	121	name
7	4	14	122	Roswell
7	4	15	123	synonymous
7	4	16	124	with
7	4	17	125	UFOs.
7	5	0	126	It
7	5	1	127	ranks
7	5	2	128	as
7	5	3	129	one
7	5	4	130	of
7	5	5	131	the
7	5	6	132	most
7	5	7	133	publicized
7	5	8	134	and
7	5	9	135	controversial
7	5	10	136	alleged
7	5	11	137	UFO
7	5	12	138	incidents.
7	6	0	139	On
7	6	1	140	July
7	6	2	141	ninth,
7	6	3	142	nineteen
7	6	4	143	forty-seven,
7	6	5	144	a
7	6	6	145	press
7	6	7	146	release
7	6	8	147	that
7	6	9	148	Roswell
7	6	10	149	Army
7	6	11	150	Air
7	6	12	151	Field
7	6	13	152	issued
7	6	14	153	stated
7	6	15	154	that
7	6	16	155	personnel
7	6	17	156	from
7	6	18	157	the
7	6	19	158	field's
7	6	20	159	Bomb
7	6	21	160	Group
7	6	22	161	had
7	6	23	162	recovered
7	6	24	163	a
7	6	25	164	crashed
7	6	26	165	'flying
7	6	27	166	disc'
7	6	28	167	from
7	6	29	168	a
7	6	30	169	ranch
7	6	31	170	near
7	6	32	171	Roswell,
7	6	33	172	sparking
7	6	34	173	intense
7	6	35	174	media
7	6	36	175	interest.
7	7	0	176	Later
7	7	1	177	the
7	7	2	178	same
7	7	3	179	day,
7	7	4	180	the
7	7	5	181	Commanding
7	7	6	182	General
7	7	7	183	of
7	7	8	184	the
7	7	9	185	Eighth
7	7	10	186	Air
7	7	11	187	Force
7	7	12	188	stated
7	7	13	189	that,
7	7	14	190	in
7	7	15	191	fact,
7	7	16	192	a
7	7	17	193	weather
7	7	18	194	balloon
7	7	19	195	had
7	7	20	196	been
7	7	21	197	recovered
7	7	22	198	by
7	7	23	199	the
7	7	24	200	Roswell
7	7	25	201	Army
7	7	26	202	Air
7	7	27	203	Field
7	7	28	204	personnel,
7	7	29	205	rather
7	7	30	206	than
7	7	31	207	a
7	7	32	208	'flying
7	7	33	209	saucer'.
7	8	0	210	A
7	8	1	211	subsequent
7	8	2	212	press
7	8	3	213	conference
7	8	4	214	was
7	8	5	215	called,
7	8	6	216	featuring
7	8	7	217	debris
7	8	8	218	from
7	8	9	219	the
7	8	10	220	crashed
7	8	11	221	object
7	8	12	222	that
7	8	13	223	confirmed
7	8	14	224	the
7	8	15	225	weather
7	8	16	226	balloon
7	8	17	227	description.
7	9	0	228	The
7	9	1	229	case
7	9	2	230	was
7	9	3	231	quickly
7	9	4	232	forgotten
7	9	5	233	and
7	9	6	234	almost
7	9	7	235	completely
7	9	8	236	ignored,
7	9	9	237	even
7	9	10	238	by
7	9	11	239	UFO
7	9	12	240	researchers,
7	9	13	241	for
7	9	14	242	more
7	9	15	243	than
7	9	16	244	thirty
7	9	17	245	years.
7	10	0	246	Then,
7	10	1	247	in
7	10	2	248	nineteen
7	10	3	249	seventy-eight,
7	10	4	250	nuclear
7	10	5	251	physicist
7	10	6	252	and
7	10	7	253	author
7	10	8	254	Stanton
7	10	9	255	Friedman
7	10	10	256	interviewed
7	10	11	257	Jesse
7	10	12	258	Marcel,
7	10	13	259	the
7	10	14	260	only
7	10	15	261	person
7	10	16	262	known
7	10	17	263	to
7	10	18	264	have
7	10	19	265	accompanied
7	10	20	266	the
7	10	21	267	Roswell
7	10	22	268	debris
7	10	23	269	from
7	10	24	270	where
7	10	25	271	it
7	10	26	272	was
7	10	27	273	recovered
7	10	28	274	to
7	10	29	275	Fort
7	10	30	276	Worth.
7	11	0	277	Over
7	11	1	278	the
7	11	2	279	next
7	11	3	280	few
7	11	4	281	years,
7	11	5	282	the
7	11	6	283	accounts
7	11	7	284	he
7	11	8	285	and
7	11	9	286	others
7	11	10	287	gave
7	11	11	288	elevated
7	11	12	289	Roswell
7	11	13	290	from
7	11	14	291	a
7	11	15	292	forgotten
7	11	16	293	incident
7	11	17	294	to
7	11	18	295	perhaps
7	11	19	296	the
7	11	20	297	most
7	11	21	298	famous
7	11	22	299	UFO
7	11	23	300	case
7	11	24	301	of
7	11	25	302	all
7	11	26	303	time.
7	12	0	304	By
7	12	1	305	the
7	12	2	306	early
7	12	3	307	nineteen
7	12	4	308	nineties,
7	12	5	309	UFO
7	12	6	310	researchers
7	12	7	311	had
7	12	8	312	interviewed
7	12	9	313	several
7	12	10	314	hundred
7	12	11	315	people
7	12	12	316	who
7	12	13	317	had,
7	12	14	318	or
7	12	15	319	who
7	12	16	320	claimed
7	12	17	321	to
7	12	18	322	have
7	12	19	323	had,
7	12	20	324	a
7	12	21	325	connection
7	12	22	326	with
7	12	23	327	the
7	12	24	328	events
7	12	25	329	at
7	12	26	330	Roswell
7	12	27	331	in
7	12	28	332	nineteen
7	12	29	333	forty-seven.
7	13	0	334	Additionally,
7	13	1	335	hundreds
7	13	2	336	of
7	13	3	337	documents
7	13	4	338	were
7	13	5	339	obtained
7	13	6	340	by
7	13	7	341	Freedom
7	13	8	342	of
7	13	9	343	Information
7	13	10	344	Act
7	13	11	345	requests,
7	13	12	346	as
7	13	13	347	were
7	13	14	348	some
7	13	15	349	that
7	13	16	350	insiders
7	13	17	351	apparently
7	13	18	352	leaked.
7	14	0	353	Their
7	14	1	354	conclusions
7	14	2	355	were
7	14	3	356	that
7	14	4	357	at
7	14	5	358	least
7	14	6	359	one
7	14	7	360	alien
7	14	8	361	craft
7	14	9	362	had
7	14	10	363	crashed
7	14	11	364	in
7	14	12	365	the
7	14	13	366	Roswell
7	14	14	367	vicinity,
7	14	15	368	that
7	14	16	369	aliens,
7	14	17	370	some
7	14	18	371	possibly
7	14	19	372	still
7	14	20	373	alive,
7	14	21	374	were
7	14	22	375	recovered,
7	14	23	376	and
7	14	24	377	that
7	14	25	378	a
7	14	26	379	massive
7	14	27	380	cover-up
7	14	28	381	of
7	14	29	382	any
7	14	30	383	knowledge
7	14	31	384	of
7	14	32	385	the
7	14	33	386	incident
7	14	34	387	was
7	14	35	388	put
7	14	36	389	in
7	14	37	390	place.
7	15	0	391	Numerous
7	15	1	392	books,
7	15	2	393	articles,
7	15	3	394	television
7	15	4	395	specials
7	15	5	396	and
7	15	6	397	even
7	15	7	398	a
7	15	8	399	made-for-TV
7	15	9	400	movie
7	15	10	401	brought
7	15	11	402	the
7	15	12	403	nineteen
7	15	13	404	forty-seven
7	15	14	405	incident
7	15	15	406	fame
7	15	16	407	and
7	15	17	408	notoriety,
7	15	18	409	so
7	15	19	410	that
7	15	20	411	by
7	15	21	412	the
7	15	22	413	mid
7	15	23	414	nineteen
7	15	24	415	nineties,
7	15	25	416	strong
7	15	26	417	majorities
7	15	27	418	in
7	15	28	419	polls,
7	15	29	420	such
7	15	30	421	as
7	15	31	422	a
7	15	32	423	nineteen
7	15	33	424	ninety-seven
7	15	34	425	CNN
7	15	35	426	Time
7	15	36	427	poll,
7	15	37	428	believed
7	15	38	429	that
7	15	39	430	aliens
7	15	40	431	had
7	15	41	432	visited
7	15	42	433	earth
7	15	43	434	and
7	15	44	435	specifically
7	15	45	436	that
7	15	46	437	aliens
7	15	47	438	had
7	15	48	439	landed
7	15	49	440	at
7	15	50	441	Roswell
7	15	51	442	and
7	15	52	443	the
7	15	53	444	government
7	15	54	445	was
7	15	55	446	covering
7	15	56	447	up
7	15	57	448	the
7	15	58	449	fact.
7	16	0	450	During
7	16	1	451	the
7	16	2	452	nineteen
7	16	3	453	eighties
7	16	4	454	and
7	16	5	455	nineteen
7	16	6	456	nineties,
7	16	7	457	a
7	16	8	458	new
7	16	9	459	narrative
7	16	10	460	emerged
7	16	11	461	which
7	16	12	462	was
7	16	13	463	at
7	16	14	464	strong
7	16	15	465	odds
7	16	16	466	with
7	16	17	467	what
7	16	18	468	was
7	16	19	469	reported
7	16	20	470	in
7	16	21	471	nineteen
7	16	22	472	forty-seven.
7	17	0	473	This
7	17	1	474	narrative
7	17	2	475	evolved
7	17	3	476	over
7	17	4	477	the
7	17	5	478	years
7	17	6	479	from
7	17	7	480	the
7	17	8	481	time
7	17	9	482	the
7	17	10	483	first
7	17	11	484	book
7	17	12	485	on
7	17	13	486	Roswell
7	17	14	487	was
7	17	15	488	published
7	17	16	489	in
7	17	17	490	nineteen
7	17	18	491	eighty,
7	17	19	492	as
7	17	20	493	many
7	17	21	494	new
7	17	22	495	witnesses
7	17	23	496	and
7	17	24	497	accounts
7	17	25	498	emerged,
7	17	26	499	drawn
7	17	27	500	out
7	17	28	501	in
7	17	29	502	part
7	17	30	503	by
7	17	31	504	the
7	17	32	505	publicity
7	17	33	506	on
7	17	34	507	the
7	17	35	508	incident.
7	18	0	509	Of
7	18	1	510	the
7	18	2	511	hundreds
7	18	3	512	of
7	18	4	513	witnesses
7	18	5	514	that
7	18	6	515	the
7	18	7	516	various
7	18	8	517	researchers
7	18	9	518	interviewed,
7	18	10	519	a
7	18	11	520	seemingly
7	18	12	521	impressive
7	18	13	522	figure,
7	18	14	523	a
7	18	15	524	comparable
7	18	16	525	few
7	18	17	526	were
7	18	18	527	true
7	18	19	528	'witnesses'
7	18	20	529	who
7	18	21	530	claimed
7	18	22	531	to
7	18	23	532	have
7	18	24	533	actually
7	18	25	534	seen
7	18	26	535	debris
7	18	27	536	or
7	18	28	537	aliens.
7	19	0	538	Most
7	19	1	539	of
7	19	2	540	these
7	19	3	541	so-called
7	19	4	542	witnesses
7	19	5	543	were
7	19	6	544	repeating
7	19	7	545	the
7	19	8	546	claims
7	19	9	547	of
7	19	10	548	others,
7	19	11	549	and
7	19	12	550	their
7	19	13	551	testimony
7	19	14	552	would
7	19	15	553	be
7	19	16	554	inadmissible
7	19	17	555	hearsay
7	19	18	556	in
7	19	19	557	an
7	19	20	558	American
7	19	21	559	court.
7	20	0	560	As
7	20	1	561	for
7	20	2	562	the
7	20	3	563	several
7	20	4	564	accounts
7	20	5	565	from
7	20	6	566	those
7	20	7	567	who
7	20	8	568	claimed
7	20	9	569	to
7	20	10	570	have
7	20	11	571	seen
7	20	12	572	aliens,
7	20	13	573	critics
7	20	14	574	identified
7	20	15	575	a
7	20	16	576	variety
7	20	17	577	of
7	20	18	578	problems
7	20	19	579	with
7	20	20	580	them.
7	21	0	581	These
7	21	1	582	problems
7	21	2	583	ranged
7	21	3	584	from
7	21	4	585	the
7	21	5	586	reliability
7	21	6	587	of
7	21	7	588	second-hand
7	21	8	589	accounts,
7	21	9	590	to
7	21	10	591	serious
7	21	11	592	credibility
7	21	12	593	problems
7	21	13	594	with
7	21	14	595	witnesses
7	21	15	596	making
7	21	16	597	demonstrably
7	21	17	598	false
7	21	18	599	or
7	21	19	600	internally-inconsistent
7	21	20	601	claims,
7	21	21	602	to
7	21	22	603	dubious
7	21	23	604	death-bed
7	21	24	605	'confessions'
7	21	25	606	or
7	21	26	607	accounts
7	21	27	608	from
7	21	28	609	elderly
7	21	29	610	or
7	21	30	611	easily
7	21	31	612	confused
7	21	32	613	witnesses.
7	22	0	614	A
7	22	1	615	basic
7	22	2	616	problem
7	22	3	617	with
7	22	4	618	all
7	22	5	619	the
7	22	6	620	witness
7	22	7	621	accounts,
7	22	8	622	according
7	22	9	623	to
7	22	10	624	the
7	22	11	625	critics,
7	22	12	626	is
7	22	13	627	that
7	22	14	628	they
7	22	15	629	all
7	22	16	630	came
7	22	17	631	a
7	22	18	632	minimum
7	22	19	633	of
7	22	20	634	thirty-one
7	22	21	635	years
7	22	22	636	after
7	22	23	637	the
7	22	24	638	events
7	22	25	639	in
7	22	26	640	question,
7	22	27	641	and
7	22	28	642	in
7	22	29	643	many
7	22	30	644	cases
7	22	31	645	were
7	22	32	646	recounted
7	22	33	647	more
7	22	34	648	than
7	22	35	649	forty
7	22	36	650	years
7	22	37	651	after
7	22	38	652	the
7	22	39	653	fact.
7	23	0	654	Not
7	23	1	655	only
7	23	2	656	are
7	23	3	657	memories
7	23	4	658	this
7	23	5	659	old
7	23	6	660	of
7	23	7	661	dubious
7	23	8	662	reliability,
7	23	9	663	they
7	23	10	664	were
7	23	11	665	also
7	23	12	666	subject
7	23	13	667	to
7	23	14	668	contamination
7	23	15	669	from
7	23	16	670	other
7	23	17	671	accounts
7	23	18	672	the
7	23	19	673	witnesses
7	23	20	674	may
7	23	21	675	have
7	23	22	676	been
7	23	23	677	exposed
7	23	24	678	to.
7	24	0	679	Though
7	24	1	680	there
7	24	2	681	had
7	24	3	682	always
7	24	4	683	been
7	24	5	684	skeptics
7	24	6	685	who
7	24	7	686	had
7	24	8	687	many
7	24	9	688	objections
7	24	10	689	to
7	24	11	690	the
7	24	12	691	plausibility
7	24	13	692	of
7	24	14	693	these
7	24	15	694	accounts,
7	24	16	695	it
7	24	17	696	was
7	24	18	697	not
7	24	19	698	until
7	24	20	699	the
7	24	21	700	mid
7	24	22	701	nineteen
7	24	23	702	nineties
7	24	24	703	that
7	24	25	704	a
7	24	26	705	strong
7	24	27	706	counter-argument
7	24	28	707	to
7	24	29	708	the
7	24	30	709	presence
7	24	31	710	of
7	24	32	711	aliens
7	24	33	712	was
7	24	34	713	widely
7	24	35	714	publicized.
7	25	0	715	The
7	25	1	716	General
7	25	2	717	Accounting
7	25	3	718	Office
7	25	4	719	launched
7	25	5	720	an
7	25	6	721	inquiry
7	25	7	722	and
7	25	8	723	directed
7	25	9	724	the
7	25	10	725	Office
7	25	11	726	of
7	25	12	727	the
7	25	13	728	Secretary
7	25	14	729	of
7	25	15	730	the
7	25	16	731	Air
7	25	17	732	Force
7	25	18	733	to
7	25	19	734	conduct
7	25	20	735	an
7	25	21	736	internal
7	25	22	737	investigation.
7	26	0	738	The
7	26	1	739	result
7	26	2	740	was
7	26	3	741	summarized
7	26	4	742	in
7	26	5	743	two
7	26	6	744	reports.
7	27	0	745	The
7	27	1	746	first,
7	27	2	747	released
7	27	3	748	in
7	27	4	749	nineteen
7	27	5	750	ninety-five,
7	27	6	751	concluded
7	27	7	752	that
7	27	8	753	the
7	27	9	754	reported
7	27	10	755	recovered
7	27	11	756	material
7	27	12	757	in
7	27	13	758	nineteen
7	27	14	759	forty-seven
7	27	15	760	was
7	27	16	761	likely
7	27	17	762	debris
7	27	18	763	from
7	27	19	764	a
7	27	20	765	secret
7	27	21	766	government
7	27	22	767	program
7	27	23	768	called
7	27	24	769	Project
7	27	25	770	Mogul,
7	27	26	771	which
7	27	27	772	involved
7	27	28	773	high
7	27	29	774	altitude
7	27	30	775	balloons
7	27	31	776	meant
7	27	32	777	to
7	27	33	778	detect
7	27	34	779	sound
7	27	35	780	waves
7	27	36	781	generated
7	27	37	782	by
7	27	38	783	Soviet
7	27	39	784	atomic
7	27	40	785	bomb
7	27	41	786	tests
7	27	42	787	and
7	27	43	788	ballistic
7	27	44	789	missiles.
7	28	0	790	The
7	28	1	791	second
7	28	2	792	report,
7	28	3	793	released
7	28	4	794	two
7	28	5	795	years
7	28	6	796	later,
7	28	7	797	in
7	28	8	798	nineteen
7	28	9	799	ninety-seven,
7	28	10	800	concluded
7	28	11	801	that
7	28	12	802	reports
7	28	13	803	of
7	28	14	804	recovered
7	28	15	805	alien
7	28	16	806	bodies
7	28	17	807	were
7	28	18	808	likely
7	28	19	809	a
7	28	20	810	combination
7	28	21	811	of
7	28	22	812	innocently
7	28	23	813	transformed
7	28	24	814	memories
7	28	25	815	of
7	28	26	816	military
7	28	27	817	accidents
7	28	28	818	involving
7	28	29	819	injured
7	28	30	820	or
7	28	31	821	killed
7	28	32	822	personnel,
7	28	33	823	innocently
7	28	34	824	transformed
7	28	35	825	memories
7	28	36	826	of
7	28	37	827	the
7	28	38	828	recovery
7	28	39	829	of
7	28	40	830	anthropomorphic
7	28	41	831	dummies
7	28	42	832	in
7	28	43	833	military
7	28	44	834	programs
7	28	45	835	US
7	28	46	836	conducted
7	28	47	837	in
7	28	48	838	the
7	28	49	839	nineteen
7	28	50	840	fifties,
7	28	51	841	and
7	28	52	842	hoaxes
7	28	53	843	that
7	28	54	844	various
7	28	55	845	witnesses
7	28	56	846	and
7	28	57	847	UFO
7	28	58	848	proponents
7	28	59	849	perpetrated.
7	29	0	850	The
7	29	1	851	psychological
7	29	2	852	effects
7	29	3	853	of
7	29	4	854	time
7	29	5	855	compression
7	29	6	856	and
7	29	7	857	confusion
7	29	8	858	about
7	29	9	859	when
7	29	10	860	events
7	29	11	861	occurred
7	29	12	862	explained
7	29	13	863	the
7	29	14	864	discrepancy
7	29	15	865	with
7	29	16	866	the
7	29	17	867	years
7	29	18	868	in
7	29	19	869	question.
7	30	0	870	In
7	30	1	871	January
7	30	2	872	nineteen
7	30	3	873	ninety-seven,
7	30	4	874	Karl
7	30	5	875	Pflock,
7	30	6	876	one
7	30	7	877	of
7	30	8	878	the
7	30	9	879	more
7	30	10	880	prominent
7	30	11	881	pro-UFO
7	30	12	882	researchers,
7	30	13	883	said,
7	30	14	884	'Based
7	30	15	885	on
7	30	16	886	my
7	30	17	887	research
7	30	18	888	and
7	30	19	889	that
7	30	20	890	of
7	30	21	891	others,
7	30	22	892	I'm
7	30	23	893	as
7	30	24	894	certain
7	30	25	895	as
7	30	26	896	it's
7	30	27	897	possible
7	30	28	898	to
7	30	29	899	be
7	30	30	900	without
7	30	31	901	absolute
7	30	32	902	proof,
7	30	33	903	that
7	30	34	904	no
7	30	35	905	flying
7	30	36	906	saucer
7	30	37	907	or
7	30	38	908	saucers
7	30	39	909	crashed
7	30	40	910	in
7	30	41	911	the
7	30	42	912	general
7	30	43	913	vicinity
7	30	44	914	of
7	30	45	915	Roswell
7	30	46	916	or
7	30	47	917	on
7	30	48	918	the
7	30	49	919	Plains
7	30	50	920	of
7	30	51	921	San
7	30	52	922	Agustin
7	30	53	923	in
7	30	54	924	nineteen
7	30	55	925	forty-seven.'
7	31	0	926	He
7	31	1	927	then
7	31	2	928	added,
7	31	3	929	'The
7	31	4	930	debris
7	31	5	931	found
7	31	6	932	was
7	31	7	933	the
7	31	8	934	remains
7	31	9	935	of
7	31	10	936	something
7	31	11	937	very
7	31	12	938	earthly,
7	31	13	939	all
7	31	14	940	but
7	31	15	941	certainly
7	31	16	942	something
7	31	17	943	from
7	31	18	944	the
7	31	19	945	Top
7	31	20	946	Secret
7	31	21	947	Project
7	31	22	948	Mogul.'
7	32	0	949	Although
7	32	1	950	most
7	32	2	951	now
7	32	3	952	agree
7	32	4	953	with
7	32	5	954	this
7	32	6	955	conclusion,
7	32	7	956	each
7	32	8	957	year,
7	32	9	958	during
7	32	10	959	July
7	32	11	960	Fourth
7	32	12	961	weekend,
7	32	13	962	the
7	32	14	963	City
7	32	15	964	of
7	32	16	965	Roswell
7	32	17	966	hosts
7	32	18	967	the
7	32	19	968	Roswell
7	32	20	969	UFO
7	32	21	970	Festival
7	32	22	971	celebrating
7	32	23	972	all
7	32	24	973	things
7	32	25	974	UFO,
7	32	26	975	featuring
7	32	27	976	prominent
7	32	28	977	UFOlogists
7	32	29	978	and
7	32	30	979	discussions.
8	0	0	0	Tulip
8	0	1	1	mania
8	0	2	2	was
8	0	3	3	a
8	0	4	4	period
8	0	5	5	in
8	0	6	6	the
8	0	7	7	Dutch
8	0	8	8	Golden
8	0	9	9	Age
8	0	10	10	during
8	0	11	11	which
8	0	12	12	contract
8	0	13	13	prices
8	0	14	14	for
8	0	15	15	bulbs
8	0	16	16	of
8	0	17	17	the
8	0	18	18	recently
8	0	19	19	introduced
8	0	20	20	tulip
8	0	21	21	reached
8	0	22	22	extraordinarily
8	0	23	23	high
8	0	24	24	levels
8	0	25	25	and
8	0	26	26	then
8	0	27	27	suddenly
8	0	28	28	collapsed.
8	1	0	29	At
8	1	1	30	the
8	1	2	31	peak
8	1	3	32	of
8	1	4	33	tulip
8	1	5	34	mania
8	1	6	35	in
8	1	7	36	February
8	1	8	37	sixteen
8	1	9	38	thirty-seven,
8	1	10	39	tulip
8	1	11	40	contracts
8	1	12	41	sold
8	1	13	42	for
8	1	14	43	more
8	1	15	44	than
8	1	16	45	ten
8	1	17	46	times
8	1	18	47	the
8	1	19	48	annual
8	1	20	49	income
8	1	21	50	of
8	1	22	51	a
8	1	23	52	skilled
8	1	24	53	craftsman.
8	2	0	54	It
8	2	1	55	is
8	2	2	56	generally
8	2	3	57	considered
8	2	4	58	the
8	2	5	59	first
8	2	6	60	recorded
8	2	7	61	economic
8	2	8	62	bubble.
8	3	0	63	The
8	3	1	64	tulip,
8	3	2	65	introduced
8	3	3	66	to
8	3	4	67	Europe
8	3	5	68	in
8	3	6	69	the
8	3	7	70	mid
8	3	8	71	sixteenth
8	3	9	72	century
8	3	10	73	from
8	3	11	74	the
8	3	12	75	Ottoman
8	3	13	76	Empire,
8	3	14	77	became
8	3	15	78	very
8	3	16	79	popular
8	3	17	80	in
8	3	18	81	the
8	3	19	82	United
8	3	20	83	Provinces,
8	3	21	84	which
8	3	22	85	we
8	3	23	86	now
8	3	24	87	know
8	3	25	88	as
8	3	26	89	the
8	3	27	90	Netherlands.
8	4	0	91	Tulip
8	4	1	92	cultivation
8	4	2	93	in
8	4	3	94	the
8	4	4	95	United
8	4	5	96	Provinces
8	4	6	97	is
8	4	7	98	generally
8	4	8	99	thought
8	4	9	100	to
8	4	10	101	have
8	4	11	102	started
8	4	12	103	in
8	4	13	104	earnest
8	4	14	105	around
8	4	15	106	fifteen
8	4	16	107	ninety-three,
8	4	17	108	after
8	4	18	109	the
8	4	19	110	Flemish
8	4	20	111	botanist
8	4	21	112	Charles
8	4	22	113	de
8	4	23	114	l'Ecluse
8	4	24	115	had
8	4	25	116	taken
8	4	26	117	up
8	4	27	118	a
8	4	28	119	post
8	4	29	120	at
8	4	30	121	the
8	4	31	122	University
8	4	32	123	of
8	4	33	124	Leiden
8	4	34	125	and
8	4	35	126	established
8	4	36	127	a
8	4	37	128	botanical
8	4	38	129	garden,
8	4	39	130	which
8	4	40	131	is
8	4	41	132	famous
8	4	42	133	as
8	4	43	134	one
8	4	44	135	of
8	4	45	136	the
8	4	46	137	oldest
8	4	47	138	in
8	4	48	139	the
8	4	49	140	world.
8	5	0	141	There,
8	5	1	142	he
8	5	2	143	planted
8	5	3	144	his
8	5	4	145	collection
8	5	5	146	of
8	5	6	147	tulip
8	5	7	148	bulbs
8	5	8	149	that
8	5	9	150	the
8	5	10	151	Emperor's
8	5	11	152	ambassador
8	5	12	153	sent
8	5	13	154	to
8	5	14	155	him
8	5	15	156	from
8	5	16	157	Turkey,
8	5	17	158	which
8	5	18	159	were
8	5	19	160	able
8	5	20	161	to
8	5	21	162	tolerate
8	5	22	163	the
8	5	23	164	harsher
8	5	24	165	conditions
8	5	25	166	of
8	5	26	167	the
8	5	27	168	northern
8	5	28	169	climate.
8	6	0	170	It
8	6	1	171	was
8	6	2	172	shortly
8	6	3	173	thereafter
8	6	4	174	that
8	6	5	175	the
8	6	6	176	tulips
8	6	7	177	began
8	6	8	178	to
8	6	9	179	grow
8	6	10	180	in
8	6	11	181	popularity.
8	7	0	182	The
8	7	1	183	flower
8	7	2	184	rapidly
8	7	3	185	became
8	7	4	186	a
8	7	5	187	coveted
8	7	6	188	luxury
8	7	7	189	item
8	7	8	190	and
8	7	9	191	a
8	7	10	192	status
8	7	11	193	symbol,
8	7	12	194	and
8	7	13	195	a
8	7	14	196	profusion
8	7	15	197	of
8	7	16	198	varieties
8	7	17	199	followed.
8	8	0	200	They
8	8	1	201	were
8	8	2	202	classified
8	8	3	203	in
8	8	4	204	groups:
8	8	5	205	one-colored
8	8	6	206	tulips
8	8	7	207	of
8	8	8	208	red,
8	8	9	209	yellow,
8	8	10	210	or
8	8	11	211	white
8	8	12	212	were
8	8	13	213	known
8	8	14	214	as
8	8	15	215	Couleren,
8	8	16	216	but
8	8	17	217	it
8	8	18	218	was
8	8	19	219	the
8	8	20	220	multicolored
8	8	21	221	Rosen
8	8	22	222	(red
8	8	23	223	or
8	8	24	224	pink
8	8	25	225	on
8	8	26	226	white
8	8	27	227	background),
8	8	28	228	Violetten
8	8	29	229	(purple
8	8	30	230	or
8	8	31	231	lilac
8	8	32	232	on
8	8	33	233	white
8	8	34	234	background),
8	8	35	235	and,
8	8	36	236	to
8	8	37	237	a
8	8	38	238	lesser
8	8	39	239	extent,
8	8	40	240	the
8	8	41	241	Bizarden
8	8	42	242	(red,
8	8	43	243	brown
8	8	44	244	or
8	8	45	245	purple
8	8	46	246	on
8	8	47	247	yellow
8	8	48	248	background)
8	8	49	249	that
8	8	50	250	were
8	8	51	251	the
8	8	52	252	most
8	8	53	253	popular.
8	9	0	254	These
8	9	1	255	spectacular
8	9	2	256	and
8	9	3	257	highly
8	9	4	258	sought-after
8	9	5	259	tulip
8	9	6	260	bulbs
8	9	7	261	would
8	9	8	262	grow
8	9	9	263	flowers
8	9	10	264	with
8	9	11	265	vivid
8	9	12	266	colors,
8	9	13	267	lines,
8	9	14	268	and
8	9	15	269	flames
8	9	16	270	on
8	9	17	271	the
8	9	18	272	petals,
8	9	19	273	as
8	9	20	274	a
8	9	21	275	result,
8	9	22	276	it
8	9	23	277	is
8	9	24	278	now
8	9	25	279	understood,
8	9	26	280	of
8	9	27	281	being
8	9	28	282	infected
8	9	29	283	with
8	9	30	284	tulip-specific
8	9	31	285	virus
8	9	32	286	known
8	9	33	287	as
8	9	34	288	the
8	9	35	289	'Tulip
8	9	36	290	breaking
8	9	37	291	virus'.
8	10	0	292	The
8	10	1	293	Dutch
8	10	2	294	Golden
8	10	3	295	Age
8	10	4	296	growers
8	10	5	297	named
8	10	6	298	their
8	10	7	299	new
8	10	8	300	varieties
8	10	9	301	with
8	10	10	302	exalted
8	10	11	303	titles.
8	11	0	304	Many
8	11	1	305	early
8	11	2	306	forms
8	11	3	307	were
8	11	4	308	prefixed
8	11	5	309	with
8	11	6	310	'admiral',
8	11	7	311	often
8	11	8	312	combined
8	11	9	313	with
8	11	10	314	the
8	11	11	315	growers'
8	11	12	316	names.
8	12	0	317	'General'
8	12	1	318	was
8	12	2	319	another
8	12	3	320	prefix
8	12	4	321	that
8	12	5	322	found
8	12	6	323	its
8	12	7	324	way
8	12	8	325	into
8	12	9	326	the
8	12	10	327	names
8	12	11	328	of
8	12	12	329	around
8	12	13	330	thirty
8	12	14	331	varieties.
8	13	0	332	Later
8	13	1	333	came
8	13	2	334	varieties
8	13	3	335	with
8	13	4	336	even
8	13	5	337	more
8	13	6	338	superb
8	13	7	339	names,
8	13	8	340	such
8	13	9	341	as
8	13	10	342	even
8	13	11	343	'Admiral
8	13	12	344	of
8	13	13	345	Admirals'
8	13	14	346	and
8	13	15	347	'General
8	13	16	348	of
8	13	17	349	Generals'.
8	14	0	350	Most
8	14	1	351	of
8	14	2	352	these
8	14	3	353	varieties
8	14	4	354	have
8	14	5	355	now
8	14	6	356	died
8	14	7	357	out,
8	14	8	358	though
8	14	9	359	similar
8	14	10	360	'broken'
8	14	11	361	tulips
8	14	12	362	continue
8	14	13	363	in
8	14	14	364	the
8	14	15	365	trade.
8	15	0	366	Tulips
8	15	1	367	grow
8	15	2	368	from
8	15	3	369	bulbs,
8	15	4	370	and
8	15	5	371	can
8	15	6	372	be
8	15	7	373	propagated
8	15	8	374	through
8	15	9	375	both
8	15	10	376	seeds
8	15	11	377	and
8	15	12	378	buds.
8	16	0	379	Seeds
8	16	1	380	from
8	16	2	381	a
8	16	3	382	tulip
8	16	4	383	will
8	16	5	384	form
8	16	6	385	a
8	16	7	386	flowering
8	16	8	387	bulb
8	16	9	388	after
8	16	10	389	seven-twelve
8	16	11	390	years.
8	17	0	391	When
8	17	1	392	a
8	17	2	393	bulb
8	17	3	394	grows
8	17	4	395	into
8	17	5	396	the
8	17	6	397	flower,
8	17	7	398	the
8	17	8	399	original
8	17	9	400	bulb
8	17	10	401	will
8	17	11	402	disappear,
8	17	12	403	but
8	17	13	404	a
8	17	14	405	clone
8	17	15	406	bulb
8	17	16	407	forms
8	17	17	408	in
8	17	18	409	its
8	17	19	410	place,
8	17	20	411	as
8	17	21	412	do
8	17	22	413	several
8	17	23	414	buds.
8	18	0	415	Properly
8	18	1	416	cultivated,
8	18	2	417	these
8	18	3	418	buds
8	18	4	419	will
8	18	5	420	become
8	18	6	421	bulbs
8	18	7	422	of
8	18	8	423	their
8	18	9	424	own.
8	19	0	425	The
8	19	1	426	'tulip
8	19	2	427	breaking'
8	19	3	428	virus,
8	19	4	429	which
8	19	5	430	many
8	19	6	431	botanists
8	19	7	432	have
8	19	8	433	studied,
8	19	9	434	spreads
8	19	10	435	only
8	19	11	436	through
8	19	12	437	buds,
8	19	13	438	not
8	19	14	439	seeds,
8	19	15	440	and
8	19	16	441	so
8	19	17	442	cultivating
8	19	18	443	the
8	19	19	444	most
8	19	20	445	appealing
8	19	21	446	varieties
8	19	22	447	takes
8	19	23	448	years.
8	20	0	449	Propagation
8	20	1	450	is
8	20	2	451	greatly
8	20	3	452	slowed
8	20	4	453	down
8	20	5	454	by
8	20	6	455	the
8	20	7	456	virus.
8	21	0	457	Tulips
8	21	1	458	bloom
8	21	2	459	in
8	21	3	460	April
8	21	4	461	and
8	21	5	462	May
8	21	6	463	for
8	21	7	464	about
8	21	8	465	a
8	21	9	466	week,
8	21	10	467	and
8	21	11	468	the
8	21	12	469	secondary
8	21	13	470	buds
8	21	14	471	appear
8	21	15	472	shortly
8	21	16	473	thereafter.
8	22	0	474	Bulbs
8	22	1	475	can
8	22	2	476	be
8	22	3	477	uprooted
8	22	4	478	and
8	22	5	479	moved
8	22	6	480	about
8	22	7	481	from
8	22	8	482	June
8	22	9	483	to
8	22	10	484	September,
8	22	11	485	and
8	22	12	486	thus
8	22	13	487	actual
8	22	14	488	purchases
8	22	15	489	occurred
8	22	16	490	during
8	22	17	491	these
8	22	18	492	months.
8	23	0	493	As
8	23	1	494	the
8	23	2	495	flowers
8	23	3	496	grew
8	23	4	497	in
8	23	5	498	popularity,
8	23	6	499	professional
8	23	7	500	growers
8	23	8	501	paid
8	23	9	502	higher
8	23	10	503	and
8	23	11	504	higher
8	23	12	505	prices
8	23	13	506	for
8	23	14	507	bulbs
8	23	15	508	with
8	23	16	509	the
8	23	17	510	virus.
8	24	0	511	By
8	24	1	512	sixteen
8	24	2	513	thirty-four,
8	24	3	514	in
8	24	4	515	part
8	24	5	516	as
8	24	6	517	a
8	24	7	518	result
8	24	8	519	of
8	24	9	520	demand
8	24	10	521	from
8	24	11	522	the
8	24	12	523	French,
8	24	13	524	speculators
8	24	14	525	began
8	24	15	526	to
8	24	16	527	enter
8	24	17	528	the
8	24	18	529	market.
8	25	0	530	In
8	25	1	531	sixteen
8	25	2	532	thirty-six,
8	25	3	533	the
8	25	4	534	Dutch
8	25	5	535	created
8	25	6	536	a
8	25	7	537	type
8	25	8	538	of
8	25	9	539	formal
8	25	10	540	futures
8	25	11	541	markets,
8	25	12	542	which
8	25	13	543	merchants
8	25	14	544	used
8	25	15	545	to
8	25	16	546	sell
8	25	17	547	and
8	25	18	548	buy
8	25	19	549	contracts
8	25	20	550	to
8	25	21	551	buy
8	25	22	552	bulbs
8	25	23	553	at
8	25	24	554	the
8	25	25	555	end
8	25	26	556	of
8	25	27	557	the
8	25	28	558	season.
8	26	0	559	Traders
8	26	1	560	met
8	26	2	561	at
8	26	3	562	taverns
8	26	4	563	and
8	26	5	564	buyers
8	26	6	565	were
8	26	7	566	required
8	26	8	567	to
8	26	9	568	pay
8	26	10	569	a
8	26	11	570	fee
8	26	12	571	per
8	26	13	572	trade.
8	27	0	573	People
8	27	1	574	were
8	27	2	575	purchasing
8	27	3	576	bulbs
8	27	4	577	at
8	27	5	578	higher
8	27	6	579	and
8	27	7	580	higher
8	27	8	581	prices,
8	27	9	582	intending
8	27	10	583	to
8	27	11	584	re-sell
8	27	12	585	them
8	27	13	586	for
8	27	14	587	a
8	27	15	588	profit.
8	28	0	589	However,
8	28	1	590	such
8	28	2	591	a
8	28	3	592	scheme
8	28	4	593	could
8	28	5	594	not
8	28	6	595	last
8	28	7	596	unless
8	28	8	597	someone
8	28	9	598	was
8	28	10	599	ultimately
8	28	11	600	willing
8	28	12	601	to
8	28	13	602	pay
8	28	14	603	such
8	28	15	604	high
8	28	16	605	prices
8	28	17	606	and
8	28	18	607	take
8	28	19	608	possession
8	28	20	609	of
8	28	21	610	the
8	28	22	611	bulbs.
8	29	0	612	In
8	29	1	613	February
8	29	2	614	sixteen
8	29	3	615	thirty-seven,
8	29	4	616	tulip
8	29	5	617	traders
8	29	6	618	could
8	29	7	619	no
8	29	8	620	longer
8	29	9	621	find
8	29	10	622	new
8	29	11	623	buyers
8	29	12	624	willing
8	29	13	625	to
8	29	14	626	pay
8	29	15	627	increasingly
8	29	16	628	inflated
8	29	17	629	prices
8	29	18	630	for
8	29	19	631	their
8	29	20	632	bulbs.
8	30	0	633	As
8	30	1	634	this
8	30	2	635	realization
8	30	3	636	set
8	30	4	637	in,
8	30	5	638	the
8	30	6	639	demand
8	30	7	640	for
8	30	8	641	tulips
8	30	9	642	collapsed,
8	30	10	643	and
8	30	11	644	prices
8	30	12	645	plummeted.
8	31	0	646	The
8	31	1	647	speculative
8	31	2	648	bubble
8	31	3	649	burst.
8	32	0	650	Some
8	32	1	651	were
8	32	2	652	left
8	32	3	653	holding
8	32	4	654	contracts
8	32	5	655	to
8	32	6	656	purchase
8	32	7	657	tulips
8	32	8	658	at
8	32	9	659	prices
8	32	10	660	now
8	32	11	661	ten
8	32	12	662	times
8	32	13	663	greater
8	32	14	664	than
8	32	15	665	those
8	32	16	666	on
8	32	17	667	the
8	32	18	668	open
8	32	19	669	market,
8	32	20	670	while
8	32	21	671	others
8	32	22	672	found
8	32	23	673	themselves
8	32	24	674	in
8	32	25	675	possession
8	32	26	676	of
8	32	27	677	bulbs
8	32	28	678	now
8	32	29	679	worth
8	32	30	680	a
8	32	31	681	fraction
8	32	32	682	of
8	32	33	683	the
8	32	34	684	price
8	32	35	685	they
8	32	36	686	had
8	32	37	687	paid.
8	33	0	688	The
8	33	1	689	event
8	33	2	690	was
8	33	3	691	popularized
8	33	4	692	in
8	33	5	693	eighteen
8	33	6	694	forty-one
8	33	7	695	by
8	33	8	696	the
8	33	9	697	book
8	33	10	698	'Extraordinary
8	33	11	699	Popular
8	33	12	700	Delusions
8	33	13	701	and
8	33	14	702	the
8	33	15	703	Madness
8	33	16	704	of
8	33	17	705	Crowds',
8	33	18	706	that
8	33	19	707	a
8	33	20	708	British
8	33	21	709	journalist
8	33	22	710	Charles
8	33	23	711	Mackay
8	33	24	712	wrote.
8	34	0	713	That
8	34	1	714	crowds
8	34	2	715	of
8	34	3	716	people
8	34	4	717	often
8	34	5	718	behave
8	34	6	719	irrationally
8	34	7	720	was
8	34	8	721	the
8	34	9	722	main
8	34	10	723	thesis
8	34	11	724	of
8	34	12	725	the
8	34	13	726	book,
8	34	14	727	and
8	34	15	728	tulip
8	34	16	729	mania
8	34	17	730	was
8	34	18	731	one
8	34	19	732	of
8	34	20	733	the
8	34	21	734	primary
8	34	22	735	examples.
8	35	0	736	According
8	35	1	737	to
8	35	2	738	Mackay,
8	35	3	739	at
8	35	4	740	one
8	35	5	741	point
8	35	6	742	twelve
8	35	7	743	acres
8	35	8	744	of
8	35	9	745	land
8	35	10	746	were
8	35	11	747	offered
8	35	12	748	for
8	35	13	749	a
8	35	14	750	Semper
8	35	15	751	Augustus
8	35	16	752	bulb.
8	36	0	753	He
8	36	1	754	claims
8	36	2	755	that
8	36	3	756	many
8	36	4	757	such
8	36	5	758	investors
8	36	6	759	ruined
8	36	7	760	by
8	36	8	761	the
8	36	9	762	fall
8	36	10	763	in
8	36	11	764	prices
8	36	12	765	were
8	36	13	766	desperate,
8	36	14	767	and
8	36	15	768	Dutch
8	36	16	769	commerce
8	36	17	770	suffered
8	36	18	771	a
8	36	19	772	severe
8	36	20	773	shock.
8	37	0	774	In
8	37	1	775	Mackay's
8	37	2	776	account,
8	37	3	777	the
8	37	4	778	panicked
8	37	5	779	tulip
8	37	6	780	speculators
8	37	7	781	sought
8	37	8	782	help
8	37	9	783	from
8	37	10	784	the
8	37	11	785	government
8	37	12	786	of
8	37	13	787	the
8	37	14	788	Netherlands,
8	37	15	789	which
8	37	16	790	responded
8	37	17	791	by
8	37	18	792	declaring
8	37	19	793	that
8	37	20	794	anyone
8	37	21	795	who
8	37	22	796	had
8	37	23	797	bought
8	37	24	798	contracts
8	37	25	799	to
8	37	26	800	purchase
8	37	27	801	bulbs
8	37	28	802	in
8	37	29	803	the
8	37	30	804	future
8	37	31	805	could
8	37	32	806	void
8	37	33	807	their
8	37	34	808	contract
8	37	35	809	by
8	37	36	810	payment
8	37	37	811	of
8	37	38	812	a
8	37	39	813	ten
8	37	40	814	percent
8	37	41	815	fee.
8	38	0	816	Attempts
8	38	1	817	that
8	38	2	818	were
8	38	3	819	made
8	38	4	820	to
8	38	5	821	resolve
8	38	6	822	the
8	38	7	823	situation
8	38	8	824	to
8	38	9	825	the
8	38	10	826	satisfaction
8	38	11	827	of
8	38	12	828	all
8	38	13	829	parties
8	38	14	830	were
8	38	15	831	unsuccessful.
8	39	0	832	The
8	39	1	833	mania
8	39	2	834	finally
8	39	3	835	ended,
8	39	4	836	Mackay
8	39	5	837	says,
8	39	6	838	with
8	39	7	839	individuals
8	39	8	840	stuck
8	39	9	841	with
8	39	10	842	the
8	39	11	843	bulbs
8	39	12	844	they
8	39	13	845	held
8	39	14	846	at
8	39	15	847	the
8	39	16	848	end
8	39	17	849	of
8	39	18	850	the
8	39	19	851	crash.
8	40	0	852	No
8	40	1	853	court
8	40	2	854	would
8	40	3	855	enforce
8	40	4	856	payment
8	40	5	857	of
8	40	6	858	a
8	40	7	859	contract,
8	40	8	860	since
8	40	9	861	judges
8	40	10	862	regarded
8	40	11	863	the
8	40	12	864	debts
8	40	13	865	as
8	40	14	866	contracted
8	40	15	867	through
8	40	16	868	gambling,
8	40	17	869	and
8	40	18	870	thus
8	40	19	871	not
8	40	20	872	enforceable
8	40	21	873	by
8	40	22	874	law.
8	41	0	875	Although
8	41	1	876	Mackay's
8	41	2	877	book
8	41	3	878	is
8	41	4	879	a
8	41	5	880	classic
8	41	6	881	that
8	41	7	882	many
8	41	8	883	publishing
8	41	9	884	houses
8	41	10	885	continue
8	41	11	886	reprinting
8	41	12	887	today,
8	41	13	888	his
8	41	14	889	account
8	41	15	890	is
8	41	16	891	contested.
8	42	0	892	Many
8	42	1	893	modern
8	42	2	894	scholars
8	42	3	895	believe
8	42	4	896	the
8	42	5	897	mania
8	42	6	898	was
8	42	7	899	not
8	42	8	900	as
8	42	9	901	extraordinary
8	42	10	902	as
8	42	11	903	Mackay
8	42	12	904	described,
8	42	13	905	with
8	42	14	906	some
8	42	15	907	arguing
8	42	16	908	that
8	42	17	909	the
8	42	18	910	price
8	42	19	911	changes
8	42	20	912	may
8	42	21	913	not
8	42	22	914	have
8	42	23	915	constituted
8	42	24	916	a
8	42	25	917	bubble.
8	43	0	918	Research
8	43	1	919	on
8	43	2	920	the
8	43	3	921	tulip
8	43	4	922	mania
8	43	5	923	is
8	43	6	924	difficult
8	43	7	925	because
8	43	8	926	of
8	43	9	927	the
8	43	10	928	limited
8	43	11	929	data
8	43	12	930	from
8	43	13	931	the
8	43	14	932	sixteen
8	43	15	933	thirties.
8	44	0	934	However,
8	44	1	935	some
8	44	2	936	modern
8	44	3	937	economists
8	44	4	938	have
8	44	5	939	proposed
8	44	6	940	rational
8	44	7	941	explanations,
8	44	8	942	rather
8	44	9	943	than
8	44	10	944	a
8	44	11	945	speculative
8	44	12	946	mania,
8	44	13	947	for
8	44	14	948	the
8	44	15	949	rise
8	44	16	950	and
8	44	17	951	fall
8	44	18	952	in
8	44	19	953	prices.
8	45	0	954	For
8	45	1	955	example,
8	45	2	956	other
8	45	3	957	flowers,
8	45	4	958	such
8	45	5	959	as
8	45	6	960	the
8	45	7	961	hyacinth,
8	45	8	962	also
8	45	9	963	had
8	45	10	964	high
8	45	11	965	prices
8	45	12	966	on
8	45	13	967	the
8	45	14	968	flower's
8	45	15	969	introduction,
8	45	16	970	which
8	45	17	971	then
8	45	18	972	fell
8	45	19	973	dramatically.
8	46	0	974	The
8	46	1	975	high
8	46	2	976	prices
8	46	3	977	may
8	46	4	978	also
8	46	5	979	have
8	46	6	980	been
8	46	7	981	driven
8	46	8	982	by
8	46	9	983	expectations
8	46	10	984	of
8	46	11	985	a
8	46	12	986	parliamentary
8	46	13	987	decree
8	46	14	988	that
8	46	15	989	contracts
8	46	16	990	could
8	46	17	991	be
8	46	18	992	voided
8	46	19	993	for
8	46	20	994	a
8	46	21	995	small
8	46	22	996	cost,
8	46	23	997	thus
8	46	24	998	lowering
8	46	25	999	the
8	46	26	1000	risk
8	46	27	1001	to
8	46	28	1002	buyers.
8	47	0	1003	Despite
8	47	1	1004	these
8	47	2	1005	disagreements
8	47	3	1006	about
8	47	4	1007	whether
8	47	5	1008	the
8	47	6	1009	phenomenon
8	47	7	1010	technically
8	47	8	1011	constituted
8	47	9	1012	an
8	47	10	1013	economic
8	47	11	1014	bubble,
8	47	12	1015	the
8	47	13	1016	term
8	47	14	1017	'tulip
8	47	15	1018	mania'
8	47	16	1019	is
8	47	17	1020	still
8	47	18	1021	often
8	47	19	1022	used
8	47	20	1023	metaphorically
8	47	21	1024	to
8	47	22	1025	refer
8	47	23	1026	to
8	47	24	1027	any
8	47	25	1028	large
8	47	26	1029	economic
8	47	27	1030	bubble,
8	47	28	1031	when
8	47	29	1032	asset
8	47	30	1033	prices
8	47	31	1034	deviate
8	47	32	1035	from
8	47	33	1036	intrinsic
8	47	34	1037	values.
9	0	0	0	Tourette's
9	0	1	1	syndrome,
9	0	2	2	a
9	0	3	3	neurological
9	0	4	4	disorder
9	0	5	5	characterized
9	0	6	6	by
9	0	7	7	repetitive,
9	0	8	8	involuntary
9	0	9	9	movements,
9	0	10	10	was
9	0	11	11	named
9	0	12	12	for
9	0	13	13	Dr.
9	0	14	14	Georges
9	0	15	15	Gilles
9	0	16	16	de
9	0	17	17	la
9	0	18	18	Tourette,
9	0	19	19	the
9	0	20	20	pioneering
9	0	21	21	French
9	0	22	22	neurologist
9	0	23	23	who
9	0	24	24	first
9	0	25	25	described
9	0	26	26	the
9	0	27	27	condition
9	0	28	28	in
9	0	29	29	an
9	0	30	30	eighty-six-year-old
9	0	31	31	French
9	0	32	32	noblewoman.
9	1	0	33	It
9	1	1	34	is
9	1	2	35	almost
9	1	3	36	always
9	1	4	37	in
9	1	5	38	childhood
9	1	6	39	that
9	1	7	40	the
9	1	8	41	early
9	1	9	42	symptoms
9	1	10	43	of
9	1	11	44	Tourette's
9	1	12	45	are
9	1	13	46	first
9	1	14	47	noticed,
9	1	15	48	with
9	1	16	49	the
9	1	17	50	average
9	1	18	51	onset
9	1	19	52	between
9	1	20	53	the
9	1	21	54	ages
9	1	22	55	of
9	1	23	56	seven
9	1	24	57	and
9	1	25	58	ten
9	1	26	59	years.
9	2	0	60	It
9	2	1	61	is
9	2	2	62	estimated
9	2	3	63	that
9	2	4	64	two
9	2	5	65	hundred
9	2	6	66	thousand
9	2	7	67	Americans
9	2	8	68	have
9	2	9	69	the
9	2	10	70	most
9	2	11	71	severe
9	2	12	72	form
9	2	13	73	of
9	2	14	74	Tourette's,
9	2	15	75	and
9	2	16	76	as
9	2	17	77	many
9	2	18	78	as
9	2	19	79	one
9	2	20	80	in
9	2	21	81	a
9	2	22	82	hundred
9	2	23	83	people
9	2	24	84	exhibit
9	2	25	85	milder
9	2	26	86	and
9	2	27	87	less
9	2	28	88	complex
9	2	29	89	symptoms
9	2	30	90	that
9	2	31	91	include
9	2	32	92	chronic
9	2	33	93	motor
9	2	34	94	and
9	2	35	95	vocal
9	2	36	96	tics
9	2	37	97	or
9	2	38	98	transient
9	2	39	99	tics
9	2	40	100	of
9	2	41	101	childhood.
9	3	0	102	For
9	3	1	103	the
9	3	2	104	majority
9	3	3	105	of
9	3	4	106	people
9	3	5	107	diagnosed
9	3	6	108	with
9	3	7	109	the
9	3	8	110	disorder,
9	3	9	111	Tourette's
9	3	10	112	is
9	3	11	113	not
9	3	12	114	a
9	3	13	115	chronic
9	3	14	116	condition
9	3	15	117	with
9	3	16	118	symptoms
9	3	17	119	lasting
9	3	18	120	a
9	3	19	121	lifetime.
9	4	0	122	Rather
9	4	1	123	it
9	4	2	124	is
9	4	3	125	a
9	4	4	126	condition
9	4	5	127	whose
9	4	6	128	severity
9	4	7	129	peaks
9	4	8	130	in
9	4	9	131	the
9	4	10	132	early
9	4	11	133	teens,
9	4	12	134	with
9	4	13	135	improvement
9	4	14	136	occurring
9	4	15	137	in
9	4	16	138	the
9	4	17	139	late
9	4	18	140	teens
9	4	19	141	and
9	4	20	142	continuing
9	4	21	143	into
9	4	22	144	adulthood.
9	5	0	145	However,
9	5	1	146	approximately
9	5	2	147	ten
9	5	3	148	percent
9	5	4	149	of
9	5	5	150	those
9	5	6	151	affected
9	5	7	152	have
9	5	8	153	a
9	5	9	154	progressive
9	5	10	155	or
9	5	11	156	disabling
9	5	12	157	course
9	5	13	158	that
9	5	14	159	lasts
9	5	15	160	into
9	5	16	161	adulthood.
9	6	0	162	It
9	6	1	163	is
9	6	2	164	not
9	6	3	165	uncommon
9	6	4	166	for
9	6	5	167	symptoms
9	6	6	168	to
9	6	7	169	be
9	6	8	170	present
9	6	9	171	for
9	6	10	172	an
9	6	11	173	extended
9	6	12	174	period
9	6	13	175	of
9	6	14	176	time
9	6	15	177	before
9	6	16	178	a
9	6	17	179	formal
9	6	18	180	diagnosis
9	6	19	181	of
9	6	20	182	Tourette's
9	6	21	183	is
9	6	22	184	obtained.
9	7	0	185	The
9	7	1	186	reasons
9	7	2	187	for
9	7	3	188	this
9	7	4	189	are
9	7	5	190	many
9	7	6	191	and
9	7	7	192	may
9	7	8	193	include
9	7	9	194	the
9	7	10	195	fact
9	7	11	196	that
9	7	12	197	for
9	7	13	198	families
9	7	14	199	and
9	7	15	200	physicians
9	7	16	201	unfamiliar
9	7	17	202	with
9	7	18	203	Tourette's,
9	7	19	204	mild
9	7	20	205	and
9	7	21	206	even
9	7	22	207	moderate
9	7	23	208	tic
9	7	24	209	symptoms
9	7	25	210	may
9	7	26	211	be
9	7	27	212	considered
9	7	28	213	inconsequential,
9	7	29	214	part
9	7	30	215	of
9	7	31	216	a
9	7	32	217	developmental
9	7	33	218	phase,
9	7	34	219	or
9	7	35	220	the
9	7	36	221	result
9	7	37	222	of
9	7	38	223	another
9	7	39	224	condition.
9	8	0	225	For
9	8	1	226	example,
9	8	2	227	parents
9	8	3	228	may
9	8	4	229	think
9	8	5	230	that
9	8	6	231	eye
9	8	7	232	blinking
9	8	8	233	is
9	8	9	234	related
9	8	10	235	to
9	8	11	236	vision
9	8	12	237	problems
9	8	13	238	or
9	8	14	239	that
9	8	15	240	sniffing
9	8	16	241	is
9	8	17	242	related
9	8	18	243	to
9	8	19	244	seasonal
9	8	20	245	allergies.
9	9	0	246	There
9	9	1	247	are
9	9	2	248	many
9	9	3	249	patients
9	9	4	250	who
9	9	5	251	are
9	9	6	252	self-diagnosed
9	9	7	253	after
9	9	8	254	they,
9	9	9	255	their
9	9	10	256	parents,
9	9	11	257	other
9	9	12	258	relatives,
9	9	13	259	or
9	9	14	260	friends
9	9	15	261	read
9	9	16	262	or
9	9	17	263	hear
9	9	18	264	about
9	9	19	265	Tourette's
9	9	20	266	from
9	9	21	267	others.
9	10	0	268	Tics
9	10	1	269	are
9	10	2	270	classified
9	10	3	271	as
9	10	4	272	either
9	10	5	273	simple
9	10	6	274	or
9	10	7	275	complex.
9	11	0	276	Simple
9	11	1	277	motor
9	11	2	278	tics
9	11	3	279	are
9	11	4	280	sudden,
9	11	5	281	brief,
9	11	6	282	repetitive
9	11	7	283	movements
9	11	8	284	that
9	11	9	285	involve
9	11	10	286	a
9	11	11	287	limited
9	11	12	288	number
9	11	13	289	of
9	11	14	290	muscle
9	11	15	291	groups.
9	12	0	292	Some
9	12	1	293	of
9	12	2	294	the
9	12	3	295	more
9	12	4	296	common
9	12	5	297	simple
9	12	6	298	tics
9	12	7	299	include
9	12	8	300	eye
9	12	9	301	blinking,
9	12	10	302	facial
9	12	11	303	grimacing,
9	12	12	304	shoulder
9	12	13	305	shrugging,
9	12	14	306	and
9	12	15	307	head
9	12	16	308	or
9	12	17	309	shoulder
9	12	18	310	jerking.
9	13	0	311	Simple
9	13	1	312	vocalizations,
9	13	2	313	which
9	13	3	314	motor
9	13	4	315	tics
9	13	5	316	typically
9	13	6	317	precede,
9	13	7	318	might
9	13	8	319	include
9	13	9	320	repetitive
9	13	10	321	throat-clearing,
9	13	11	322	sniffing,
9	13	12	323	or
9	13	13	324	grunting
9	13	14	325	sounds.
9	14	0	326	Complex
9	14	1	327	tics
9	14	2	328	are
9	14	3	329	distinct,
9	14	4	330	coordinated
9	14	5	331	patterns
9	14	6	332	of
9	14	7	333	movement
9	14	8	334	that
9	14	9	335	involve
9	14	10	336	several
9	14	11	337	muscle
9	14	12	338	groups.
9	15	0	339	Complex
9	15	1	340	motor
9	15	2	341	tics
9	15	3	342	might
9	15	4	343	include
9	15	5	344	facial
9	15	6	345	grimacing
9	15	7	346	combined
9	15	8	347	with
9	15	9	348	a
9	15	10	349	head
9	15	11	350	twist
9	15	12	351	and
9	15	13	352	a
9	15	14	353	shoulder
9	15	15	354	shrug.
9	16	0	355	Other
9	16	1	356	complex
9	16	2	357	motor
9	16	3	358	tics
9	16	4	359	may
9	16	5	360	actually
9	16	6	361	appear
9	16	7	362	purposeful,
9	16	8	363	including
9	16	9	364	sniffing
9	16	10	365	or
9	16	11	366	touching
9	16	12	367	objects,
9	16	13	368	hopping,
9	16	14	369	jumping,
9	16	15	370	bending,
9	16	16	371	or
9	16	17	372	twisting.
9	17	0	373	Complex
9	17	1	374	vocal
9	17	2	375	tics
9	17	3	376	include
9	17	4	377	words
9	17	5	378	or
9	17	6	379	phrases.
9	18	0	380	Perhaps
9	18	1	381	the
9	18	2	382	most
9	18	3	383	dramatic
9	18	4	384	and
9	18	5	385	disabling
9	18	6	386	tics
9	18	7	387	include
9	18	8	388	motor
9	18	9	389	movements
9	18	10	390	that
9	18	11	391	result
9	18	12	392	in
9	18	13	393	self-harm
9	18	14	394	such
9	18	15	395	as
9	18	16	396	punching
9	18	17	397	oneself
9	18	18	398	in
9	18	19	399	the
9	18	20	400	face,
9	18	21	401	or
9	18	22	402	vocal
9	18	23	403	tics
9	18	24	404	including
9	18	25	405	coprolalia,
9	18	26	406	which
9	18	27	407	involves
9	18	28	408	uttering
9	18	29	409	swear
9	18	30	410	words,
9	18	31	411	or
9	18	32	412	echolalia,
9	18	33	413	which
9	18	34	414	involves
9	18	35	415	repeating
9	18	36	416	the
9	18	37	417	words
9	18	38	418	or
9	18	39	419	phrases
9	18	40	420	of
9	18	41	421	others.
9	19	0	422	Tics
9	19	1	423	are
9	19	2	424	often
9	19	3	425	worse
9	19	4	426	with
9	19	5	427	excitement
9	19	6	428	or
9	19	7	429	anxiety
9	19	8	430	and
9	19	9	431	better
9	19	10	432	during
9	19	11	433	calm,
9	19	12	434	focused
9	19	13	435	activities.
9	20	0	436	Certain
9	20	1	437	physical
9	20	2	438	experiences
9	20	3	439	can
9	20	4	440	trigger
9	20	5	441	or
9	20	6	442	worsen
9	20	7	443	tics.
9	21	0	444	For
9	21	1	445	example,
9	21	2	446	tight
9	21	3	447	collars
9	21	4	448	may
9	21	5	449	trigger
9	21	6	450	neck
9	21	7	451	tics,
9	21	8	452	or
9	21	9	453	hearing
9	21	10	454	another
9	21	11	455	person
9	21	12	456	sniff
9	21	13	457	or
9	21	14	458	throat-clear
9	21	15	459	may
9	21	16	460	trigger
9	21	17	461	the
9	21	18	462	production
9	21	19	463	of
9	21	20	464	similar
9	21	21	465	sounds.
9	22	0	466	Tics
9	22	1	467	come
9	22	2	468	and
9	22	3	469	go
9	22	4	470	over
9	22	5	471	time,
9	22	6	472	varying
9	22	7	473	in
9	22	8	474	type,
9	22	9	475	frequency,
9	22	10	476	location,
9	22	11	477	and
9	22	12	478	severity.
9	23	0	479	The
9	23	1	480	first
9	23	2	481	symptoms
9	23	3	482	Tourette's
9	23	4	483	patients
9	23	5	484	experience
9	23	6	485	usually
9	23	7	486	occur
9	23	8	487	in
9	23	9	488	the
9	23	10	489	head
9	23	11	490	and
9	23	12	491	neck
9	23	13	492	area,
9	23	14	493	though
9	23	15	494	they
9	23	16	495	may
9	23	17	496	progress
9	23	18	497	to
9	23	19	498	include
9	23	20	499	muscles
9	23	21	500	of
9	23	22	501	the
9	23	23	502	trunk
9	23	24	503	and
9	23	25	504	extremities.
9	24	0	505	The
9	24	1	506	symptoms
9	24	2	507	of
9	24	3	508	Tourette's
9	24	4	509	are
9	24	5	510	involuntary,
9	24	6	511	but
9	24	7	512	there
9	24	8	513	are
9	24	9	514	some
9	24	10	515	people
9	24	11	516	who
9	24	12	517	can
9	24	13	518	sometimes
9	24	14	519	suppress,
9	24	15	520	camouflage,
9	24	16	521	or
9	24	17	522	otherwise
9	24	18	523	manage
9	24	19	524	their
9	24	20	525	tics
9	24	21	526	in
9	24	22	527	an
9	24	23	528	effort
9	24	24	529	to
9	24	25	530	minimize
9	24	26	531	their
9	24	27	532	impact
9	24	28	533	on
9	24	29	534	functioning.
9	25	0	535	However,
9	25	1	536	people
9	25	2	537	affected
9	25	3	538	by
9	25	4	539	Tourette's
9	25	5	540	often
9	25	6	541	report
9	25	7	542	a
9	25	8	543	substantial
9	25	9	544	buildup
9	25	10	545	in
9	25	11	546	tension
9	25	12	547	when
9	25	13	548	suppressing
9	25	14	549	their
9	25	15	550	tics
9	25	16	551	to
9	25	17	552	the
9	25	18	553	point
9	25	19	554	where
9	25	20	555	they
9	25	21	556	often
9	25	22	557	feel
9	25	23	558	that
9	25	24	559	the
9	25	25	560	tic
9	25	26	561	must
9	25	27	562	be
9	25	28	563	expressed.
9	26	0	564	Tics
9	26	1	565	in
9	26	2	566	response
9	26	3	567	to
9	26	4	568	an
9	26	5	569	environmental
9	26	6	570	trigger
9	26	7	571	can
9	26	8	572	appear
9	26	9	573	to
9	26	10	574	be
9	26	11	575	voluntary
9	26	12	576	or
9	26	13	577	purposeful,
9	26	14	578	but
9	26	15	579	are
9	26	16	580	not.
9	27	0	581	Many
9	27	1	582	people
9	27	2	583	with
9	27	3	584	Tourette's
9	27	4	585	experience
9	27	5	586	additional
9	27	6	587	neurobehavioral
9	27	7	588	problems
9	27	8	589	that
9	27	9	590	include
9	27	10	591	inattention,
9	27	11	592	hyperactivity
9	27	12	593	and
9	27	13	594	impulsivity.
9	28	0	595	People
9	28	1	596	with
9	28	2	597	Tourette's
9	28	3	598	have
9	28	4	599	also
9	28	5	600	reported
9	28	6	601	problems
9	28	7	602	with
9	28	8	603	depression
9	28	9	604	or
9	28	10	605	anxiety
9	28	11	606	disorders,
9	28	12	607	as
9	28	13	608	well
9	28	14	609	as
9	28	15	610	other
9	28	16	611	difficulties
9	28	17	612	Tourette's
9	28	18	613	syndrome
9	28	19	614	may
9	28	20	615	or
9	28	21	616	may
9	28	22	617	not
9	28	23	618	directly
9	28	24	619	cause.
9	29	0	620	Tourette's
9	29	1	621	is
9	29	2	622	a
9	29	3	623	diagnosis
9	29	4	624	doctors
9	29	5	625	make
9	29	6	626	after
9	29	7	627	verifying
9	29	8	628	that
9	29	9	629	the
9	29	10	630	patient
9	29	11	631	has
9	29	12	632	had
9	29	13	633	both
9	29	14	634	motor
9	29	15	635	and
9	29	16	636	vocal
9	29	17	637	tics
9	29	18	638	for
9	29	19	639	at
9	29	20	640	least
9	29	21	641	one
9	29	22	642	year.
9	30	0	643	The
9	30	1	644	existence
9	30	2	645	of
9	30	3	646	other
9	30	4	647	neurological
9	30	5	648	or
9	30	6	649	psychiatric
9	30	7	650	conditions
9	30	8	651	can
9	30	9	652	also
9	30	10	653	help
9	30	11	654	doctors
9	30	12	655	establish
9	30	13	656	the
9	30	14	657	diagnosis
9	30	15	658	of
9	30	16	659	Tourette's
9	30	17	660	is
9	30	18	661	the
9	30	19	662	correct
9	30	20	663	one.
9	31	0	664	Knowledgeable
9	31	1	665	clinicians
9	31	2	666	consulted
9	31	3	667	by
9	31	4	668	patients
9	31	5	669	do
9	31	6	670	not
9	31	7	671	often
9	31	8	672	misdiagnose
9	31	9	673	common
9	31	10	674	tics.
9	32	0	675	However,
9	32	1	676	atypical
9	32	2	677	symptoms
9	32	3	678	or
9	32	4	679	atypical
9	32	5	680	presentation
9	32	6	681	such
9	32	7	682	as
9	32	8	683	onset
9	32	9	684	of
9	32	10	685	symptoms
9	32	11	686	in
9	32	12	687	adulthood
9	32	13	688	may
9	32	14	689	require
9	32	15	690	specialty
9	32	16	691	expertise
9	32	17	692	for
9	32	18	693	diagnosis.
9	33	0	694	There
9	33	1	695	are
9	33	2	696	no
9	33	3	697	blood
9	33	4	698	or
9	33	5	699	laboratory
9	33	6	700	tests
9	33	7	701	needed
9	33	8	702	for
9	33	9	703	diagnosis.
9	34	0	704	However,
9	34	1	705	neuroimaging
9	34	2	706	studies,
9	34	3	707	which
9	34	4	708	include
9	34	5	709	magnetic
9	34	6	710	resonance
9	34	7	711	imaging,
9	34	8	712	computerized
9	34	9	713	tomography,
9	34	10	714	and
9	34	11	715	electroencephalograms,
9	34	12	716	as
9	34	13	717	well
9	34	14	718	as
9	34	15	719	certain
9	34	16	720	lab
9	34	17	721	tests
9	34	18	722	may
9	34	19	723	be
9	34	20	724	used
9	34	21	725	to
9	34	22	726	rule
9	34	23	727	out
9	34	24	728	other
9	34	25	729	conditions
9	34	26	730	that
9	34	27	731	Tourette's
9	34	28	732	might
9	34	29	733	be
9	34	30	734	confused
9	34	31	735	with.
9	35	0	736	In
9	35	1	737	terms
9	35	2	738	of
9	35	3	739	the
9	35	4	740	role
9	35	5	741	of
9	35	6	742	genes
9	35	7	743	in
9	35	8	744	the
9	35	9	745	disorder,
9	35	10	746	evidence
9	35	11	747	from
9	35	12	748	twin
9	35	13	749	and
9	35	14	750	family
9	35	15	751	studies
9	35	16	752	suggests
9	35	17	753	that
9	35	18	754	Tourette's
9	35	19	755	is
9	35	20	756	an
9	35	21	757	inherited
9	35	22	758	disorder.
9	36	0	759	Although
9	36	1	760	early
9	36	2	761	family
9	36	3	762	studies
9	36	4	763	suggested
9	36	5	764	an
9	36	6	765	autosomal
9	36	7	766	dominant
9	36	8	767	mode
9	36	9	768	of
9	36	10	769	inheritance
9	36	11	770	characterized
9	36	12	771	the
9	36	13	772	condition,
9	36	14	773	more
9	36	15	774	recent
9	36	16	775	studies
9	36	17	776	discovered
9	36	18	777	the
9	36	19	778	pattern
9	36	20	779	of
9	36	21	780	inheritance
9	36	22	781	was
9	36	23	782	much
9	36	24	783	more
9	36	25	784	complex.
9	37	0	785	Although
9	37	1	786	there
9	37	2	787	may
9	37	3	788	be
9	37	4	789	a
9	37	5	790	few
9	37	6	791	genes
9	37	7	792	that
9	37	8	793	have
9	37	9	794	substantial
9	37	10	795	effects,
9	37	11	796	it's
9	37	12	797	also
9	37	13	798	possible
9	37	14	799	that
9	37	15	800	many
9	37	16	801	genes
9	37	17	802	with
9	37	18	803	smaller
9	37	19	804	effects
9	37	20	805	and
9	37	21	806	environmental
9	37	22	807	factors
9	37	23	808	may
9	37	24	809	play
9	37	25	810	a
9	37	26	811	role
9	37	27	812	in
9	37	28	813	the
9	37	29	814	development
9	37	30	815	of
9	37	31	816	Tourette's.
9	38	0	817	Genetic
9	38	1	818	studies
9	38	2	819	also
9	38	3	820	suggest
9	38	4	821	that
9	38	5	822	some
9	38	6	823	forms
9	38	7	824	of
9	38	8	825	Attention
9	38	9	826	Deficit
9	38	10	827	Hyperactivity
9	38	11	828	Disorder
9	38	12	829	and
9	38	13	830	Obsessive
9	38	14	831	Compulsive
9	38	15	832	Disorder
9	38	16	833	are
9	38	17	834	genetically
9	38	18	835	related
9	38	19	836	to
9	38	20	837	Tourette's,
9	38	21	838	but
9	38	22	839	there
9	38	23	840	is
9	38	24	841	less
9	38	25	842	evidence
9	38	26	843	for
9	38	27	844	a
9	38	28	845	genetic
9	38	29	846	relationship
9	38	30	847	between
9	38	31	848	Tourette's
9	38	32	849	and
9	38	33	850	other
9	38	34	851	neurobehavioral
9	38	35	852	problems
9	38	36	853	that
9	38	37	854	Tourette's
9	38	38	855	commonly
9	38	39	856	co-occurs
9	38	40	857	with.
9	39	0	858	An
9	39	1	859	important
9	39	2	860	role
9	39	3	861	in
9	39	4	862	Tourette's
9	39	5	863	gene
9	39	6	864	expression
9	39	7	865	is
9	39	8	866	played
9	39	9	867	by
9	39	10	868	the
9	39	11	869	sex
9	39	12	870	of
9	39	13	871	the
9	39	14	872	person.
9	40	0	873	In
9	40	1	874	particular,
9	40	2	875	males
9	40	3	876	affected
9	40	4	877	by
9	40	5	878	the
9	40	6	879	gene
9	40	7	880	are
9	40	8	881	more
9	40	9	882	likely
9	40	10	883	to
9	40	11	884	have
9	40	12	885	tics
9	40	13	886	and
9	40	14	887	females
9	40	15	888	who
9	40	16	889	have
9	40	17	890	a
9	40	18	891	genetic
9	40	19	892	predisposition
9	40	20	893	are
9	40	21	894	more
9	40	22	895	likely
9	40	23	896	to
9	40	24	897	have
9	40	25	898	obsessive-compulsive
9	40	26	899	symptoms.
9	41	0	900	Much
9	41	1	901	current
9	41	2	902	research
9	41	3	903	is
9	41	4	904	aimed
9	41	5	905	at
9	41	6	906	better
9	41	7	907	understanding
9	41	8	908	the
9	41	9	909	genetic
9	41	10	910	basis
9	41	11	911	and
9	41	12	912	symptomology
9	41	13	913	of
9	41	14	914	Tourette's,
9	41	15	915	as
9	41	16	916	well
9	41	17	917	as
9	41	18	918	its
9	41	19	919	relationship
9	41	20	920	to
9	41	21	921	related
9	41	22	922	disorders.
9	42	0	923	The
9	42	1	924	hope
9	42	2	925	is
9	42	3	926	that
9	42	4	927	this
9	42	5	928	research
9	42	6	929	leads
9	42	7	930	to
9	42	8	931	better
9	42	9	932	diagnostic
9	42	10	933	tools
9	42	11	934	and
9	42	12	935	better
9	42	13	936	treatments
9	42	14	937	for
9	42	15	938	Tourette's.
