item	zone	word	meanItemRT
1	1	If	578.9642857142857
1	2	you	369.0119047619047
1	3	were	368.183908045977
1	4	to	344.31818181818176
1	5	journey	354.63953488372096
1	6	to	349.6741573033708
1	7	the	376.3707865168539
1	8	North	327.3103448275862
1	9	of	365.49438202247205
1	10	England,	344.9310344827586
1	11	you	400.2696629213483
1	12	would	372.5909090909091
1	13	come	350.3793103448276
1	14	to	319.08045977011494
1	15	a	355.9310344827586
1	16	valley	343.8588235294117
1	17	that	330.7325581395349
1	18	is	346.7790697674419
1	19	surrounded	360.28735632183907
1	20	by	337.04651162790697
1	21	moors	359.36470588235284
1	22	as	395.4302325581396
1	23	high	414.59770114942535
1	24	as	390.953488372093
1	25	mountains.	434.03614457831327
1	26	It	457.3452380952381
1	27	is	399.9285714285713
1	28	in	325.24705882352947
1	29	this	318.26744186046506
1	30	valley	341.2235294117648
1	31	where	375.8
1	32	you	363.129411764706
1	33	would	365.43678160919546
1	34	find	323.55813953488376
1	35	the	305.3294117647059
1	36	city	355.85714285714283
1	37	of	320.2988505747127
1	38	Bradford,	418.43678160919546
1	39	where	440.57647058823534
1	40	once	377.3095238095238
1	41	a	353.9540229885057
1	42	thousand	397.4137931034482
1	43	spinning	455.13953488372096
1	44	jennies	459.0238095238095
1	45	that	539.3176470588235
1	46	hummed	538.5348837209302
1	47	and	432.3139534883721
1	48	clattered	407.40697674418607
1	49	spun	414.8117647058824
1	50	wool	453.96470588235286
1	51	into	426.87209302325584
1	52	money	392.5595238095237
1	53	for	384.20689655172407
1	54	the	385.47126436781616
1	55	long-bearded	462.6470588235295
1	56	mill	441.1976744186046
1	57	owners.	476.86904761904754
1	58	That	480.5862068965517
1	59	all	415.6896551724138
1	60	mill	439.0114942528736
1	61	owners	429.528735632184
1	62	were	381.52873563218384
1	63	generally	387.1976744186046
1	64	busy	378.5402298850575
1	65	as	369.5119047619047
1	66	beavers	388.7209302325581
1	67	and	359.7906976744186
1	68	quite	362.5057471264368
1	69	pleased	385.73563218390814
1	70	with	343.93023255813955
1	71	themselves	370.3793103448276
1	72	for	371.4705882352941
1	73	being	349.0581395348837
1	74	so	339.4651162790698
1	75	successful	345.9647058823529
1	76	and	380.4767441860465
1	77	well	362.9529411764706
1	78	off	361.2738095238095
1	79	was	357.09195402298855
1	80	known	353.4137931034482
1	81	to	357.0232558139535
1	82	the	344.45348837209303
1	83	residents	381.8023255813954
1	84	of	365.5
1	85	Bradford,	388.9651162790698
1	86	and	399.6117647058824
1	87	if	367.6309523809524
1	88	you	328.6860465116279
1	89	were	329.86206896551727
1	90	to	331.6046511627908
1	91	go	315.4186046511628
1	92	into	344.7931034482759
1	93	the	332.2823529411765
1	94	city	326.1294117647059
1	95	to	319.58333333333337
1	96	visit	319.0813953488372
1	97	the	330.9186046511628
1	98	stately	370.7325581395349
1	99	City	393.6976744186046
1	100	Hall,	385.62790697674416
1	101	you	395.39080459770105
1	102	would	334.36781609195407
1	103	see	327.7931034482759
1	104	there	333.4418604651163
1	105	the	341.1162790697674
1	106	Crest	391.22988505747134
1	107	of	381.2441860465116
1	108	the	333.6385542168675
1	109	City	341.71428571428567
1	110	of	353.95348837209303
1	111	Bradford,	357.9176470588235
1	112	which	387.5882352941177
1	113	those	374.1529411764706
1	114	same	356.6352941176471
1	115	mill	394.09195402298855
1	116	owners	350.5
1	117	created	380.05813953488376
1	118	to	360.8372093023256
1	119	celebrate	371.52941176470586
1	120	their	342.9529411764706
1	121	achievements.	400.2619047619048
1	122	It	419.1860465116279
1	123	shows	388.6206896551724
1	124	a	338.9080459770115
1	125	sinister	380.2906976744186
1	126	looking	426.8837209302326
1	127	boar's	407.5176470588235
1	128	head	406.3837209302325
1	129	sitting	424.83908045977006
1	130	on	356.8488372093024
1	131	top	340.7441860465116
1	132	of	349.91954022988506
1	133	a	350.0459770114943
1	134	well	343.13953488372096
1	135	which	375.6627906976744
1	136	seems	423.2352941176471
1	137	puzzling	425.9647058823529
1	138	at	375.2068965517241
1	139	first,	353.5176470588235
1	140	but	343.7441860465116
1	141	the	331.1046511627907
1	142	reason	358.85057471264366
1	143	for	340.8735632183908
1	144	this	341.31034482758616
1	145	symbol	340.55813953488376
1	146	is	348.8850574712644
1	147	a	328.15116279069764
1	148	matter	355.448275862069
1	149	of	327.264367816092
1	150	legend.	372.4117647058823
1	151	There	392.7241379310345
1	152	was	364.2873563218391
1	153	once,	331.65517241379314
1	154	legend	342.896551724138
1	155	has	455.2873563218391
1	156	it,	376.0229885057472
1	157	a	358.20689655172407
1	158	fearsome	369.0459770114943
1	159	boar,	369.9767441860465
1	160	which	375.0232558139536
1	161	lived	363.3837209302326
1	162	in	324.90588235294115
1	163	a	302.56976744186045
1	164	wood	363.1976744186046
1	165	located	357.76744186046506
1	166	just	424.87356321839087
1	167	outside	342.74117647058824
1	168	the	323.74418604651163
1	169	manor	350.36046511627904
1	170	of	353.33333333333337
1	171	Bradford.	407.0232558139536
1	172	A	391.6162790697674
1	173	source	365.5348837209302
1	174	of	345.7931034482759
1	175	great	333.8045977011494
1	176	trouble	358.3103448275862
1	177	to	338.4651162790698
1	178	the	319.2093023255814
1	179	local	308.9418604651163
1	180	folk	307.4470588235294
1	181	the	336.04651162790697
1	182	boar	346.2352941176471
1	183	was,	342.5529411764706
1	184	bringing	374.71428571428567
1	185	terror	374.5
1	186	to	347.42352941176466
1	187	the	320.5
1	188	peaceful	332.15116279069764
1	189	flocks	336.86046511627904
1	190	and	329.51162790697674
1	191	ravaging	341.6860465116279
1	192	the	359.86046511627904
1	193	countryside	397.1162790697675
1	194	around.	414.5476190476189
1	195	Even	429.8048780487805
1	196	worse,	385.1309523809524
1	197	however,	364.8255813953489
1	198	the	360.6511627906976
1	199	boar	324.4186046511628
1	200	most	337.5058823529412
1	201	liked	356.4767441860465
1	202	to	343.0232558139535
1	203	go	331.9651162790698
1	204	to	309.56470588235294
1	205	the	318.4186046511628
1	206	well	323.89534883720927
1	207	that	349.56976744186045
1	208	was	338.2906976744186
1	209	in	324.5232558139535
1	210	the	300.65116279069764
1	211	wood	311.79069767441854
1	212	and	356.7093023255814
1	213	drink	338.35714285714283
1	214	its	352.45882352941175
1	215	fresh	326.78823529411767
1	216	water,	324.37647058823524
1	217	so	366.78823529411767
1	218	that	339.8139534883721
1	219	the	313.45882352941175
1	220	people	301.56626506024094
1	221	of	331.0
1	222	Bradford	313.9176470588235
1	223	had	318.92941176470583
1	224	second	353.87209302325584
1	225	thoughts	350.1647058823529
1	226	about	335.3837209302326
1	227	visiting	337.67816091954023
1	228	the	319.4418604651163
1	229	well.	335.3139534883721
1	230	That	445.2093023255814
1	231	the	350.47058823529414
1	232	people	341.0
1	233	of	335.54651162790697
1	234	Bradford	319.52380952380946
1	235	bore	337.0813953488372
1	236	the	351.564705882353
1	237	brunt	370.6588235294117
1	238	of	358.1162790697674
1	239	the	336.2117647058824
1	240	beast's	333.70238095238096
1	241	ferocity	382.6428571428572
1	242	was	402.2619047619047
1	243	unfair	386.8333333333333
1	244	in	343.4651162790698
1	245	the	314.95348837209303
1	246	eyes	308.1529411764706
1	247	of	323.2906976744186
1	248	the	312.7209302325581
1	249	people	348.8255813953489
1	250	of	325.2
1	251	the	305.2352941176471
1	252	region.	380.44705882352935
1	253	Eventually,	415.6627906976744
1	254	the	342.66279069767444
1	255	issue	326.6860465116279
1	256	reached	341.36046511627904
1	257	the	336.6627906976745
1	258	ears	346.62790697674416
1	259	of	320.8488372093024
1	260	the	307.40697674418607
1	261	kindly	328.0
1	262	Lord	325.3255813953489
1	263	of	326.48837209302326
1	264	the	302.01162790697674
1	265	Manor	322.29069767441854
1	266	who	317.5813953488372
1	267	the	349.2674418604651
1	268	people	327.36046511627904
1	269	had	334.8941176470588
1	270	often	321.0348837209302
1	271	asked	326.1046511627907
1	272	for	317.8837209302326
1	273	help.	310.5348837209302
1	274	The	334.95348837209303
1	275	Lord	323.5813953488372
1	276	saw	311.0813953488372
1	277	the	322.4418604651163
1	278	severity	334.8352941176471
1	279	of	340.0352941176471
1	280	the	317.5764705882353
1	281	problem	324.74117647058824
1	282	the	310.2
1	283	people	330.5232558139535
1	284	faced	317.2674418604651
1	285	and	327.2209302325581
1	286	suggested	325.06976744186045
1	287	a	348.59302325581393
1	288	contest	331.53488372093017
1	289	could	328.54117647058825
1	290	solve	332.6
1	291	the	295.4642857142857
1	292	problem.	308.2470588235294
1	293	He	331.8705882352941
1	294	said	315.7529411764706
1	295	that	313.47058823529414
1	296	whoever	306.6117647058824
1	297	could	338.47058823529414
1	298	kill	308.45348837209303
1	299	the	310.8372093023256
1	300	boar	297.82352941176475
1	301	and	303.64705882352945
1	302	bring	286.7294117647059
1	303	as	288.52941176470586
1	304	proof	331.6117647058824
1	305	its	340.7294117647059
1	306	head	300.5529411764706
1	307	to	300.0235294117647
1	308	the	294.4470588235294
1	309	Manor	320.7647058823529
1	310	House	316.90588235294115
1	311	would	328.8809523809524
1	312	be	317.33333333333337
1	313	rewarded	321.4285714285714
1	314	with	305.49411764705883
1	315	land	314.09411764705885
1	316	and	328.32142857142856
1	317	fame.	335.9761904761905
1	318	It	318.2261904761905
1	319	was	329.3294117647059
1	320	the	316.2705882352941
1	321	people	309.5301204819277
1	322	of	316.0722891566265
1	323	Bradford	328.90361445783134
1	324	and	324.0
1	325	the	331.0352941176471
1	326	people	293.82142857142856
1	327	who	299.86746987951807
1	328	knew	332.90588235294115
1	329	them	340.2823529411765
1	330	who	318.54651162790697
1	331	rejoiced	361.98823529411766
1	332	at	347.77647058823527
1	333	this	325.19047619047626
1	334	proclamation	367.22352941176473
1	335	but	365.7058823529412
1	336	one	356.18823529411765
1	337	question	349.3809523809524
1	338	remained:	381.2705882352941
1	339	who	383.3452380952381
1	340	would	331.78823529411767
1	341	kill	317.9176470588235
1	342	the	317.4117647058823
1	343	boar?	295.1058823529412
1	344	By	324.3058823529412
1	345	the	309.3529411764706
1	346	handsome	331.38823529411764
1	347	reward	355.4823529411765
1	348	many	399.8
1	349	felt	416.5529411764706
1	350	tempted,	368.12941176470594
1	351	but	354.0352941176471
1	352	the	340.9176470588235
1	353	thought	354.75
1	354	of	305.20238095238096
1	355	the	306.8588235294118
1	356	boar	306.5952380952381
1	357	with	326.8352941176471
1	358	its	320.88235294117646
1	359	deadly	312.9404761904762
1	360	tusks	312.6
1	361	and	328.23809523809524
1	362	face	316.23809523809524
1	363	like	306.58333333333337
1	364	thunder	326.8095238095238
1	365	soon	325.1058823529412
1	366	put	331.6117647058824
1	367	an	312.42857142857144
1	368	end	293.29411764705884
1	369	to	292.3294117647059
1	370	their	285.8705882352941
1	371	ambitions.	341.81176470588235
1	372	However,	400.8928571428572
1	373	there	374.74698795180734
1	374	was	343.4285714285714
1	375	one	316.0
1	376	huntsman,	361.1647058823529
1	377	who	386.1882352941176
1	378	was	322.11764705882354
1	379	still	297.6
1	380	wet	308.5714285714286
1	381	behind	344.03571428571433
1	382	the	312.75
1	383	ears,	298.67857142857144
1	384	who	318.2823529411765
1	385	decided	317.3764705882353
1	386	the	293.8452380952381
1	387	prize	302.0
1	388	was	304.9759036144578
1	389	worth	300.28571428571433
1	390	a	308.83333333333337
1	391	shot,	305.3855421686747
1	392	in	315.4938271604939
1	393	spite	333.2117647058824
1	394	of	294.2352941176471
1	395	the	293.17073170731703
1	396	boar's	299.6506024096385
1	397	reputation.	325.66666666666663
1	398	The	362.34939759036143
1	399	huntsman	383.9047619047619
1	400	discovered	353.32142857142856
1	401	the	333.64705882352945
1	402	boar	337.8705882352941
1	403	preferred	351.02380952380946
1	404	to	337.82926829268297
1	405	come	323.4404761904762
1	406	out	305.84337349397595
1	407	in	302.32142857142856
1	408	the	293.04761904761904
1	409	middle	299.43529411764706
1	410	of	297.5119047619047
1	411	the	284.2619047619048
1	412	day.	305.6823529411764
1	413	So	349.2261904761905
1	414	he	321.1309523809524
1	415	went	321.925
1	416	to	274.0
1	417	the	280.9166666666667
1	418	wood	292.4404761904762
1	419	by	303.33333333333337
1	420	the	300.67857142857144
1	421	well	291.9529411764706
1	422	with	310.56626506024094
1	423	his	314.0
1	424	good	319.7058823529412
1	425	bow,	350.9759036144578
1	426	to	344.5595238095238
1	427	bide	349.4117647058823
1	428	his	370.83132530120486
1	429	time.	342.33734939759034
1	430	Around	356.79761904761904
1	431	noontime,	354.2470588235294
1	432	the	360.4642857142857
1	433	boar,	322.8352941176471
1	434	feared	317.2
1	435	by	329.36046511627904
1	436	the	337.16279069767444
1	437	locals,	304.3488372093024
1	438	came	346.6235294117647
1	439	out,	326.5882352941177
1	440	as	309.0235294117647
1	441	slow	319.7176470588235
1	442	as	317.9268292682927
1	443	a	297.9390243902439
1	444	snail,	360.8941176470588
1	445	from	352.63529411764705
1	446	among	340.9764705882353
1	447	the	331.0823529411765
1	448	trees,	309.15294117647056
1	449	just	317.7294117647059
1	450	as	324.9156626506024
1	451	the	320.2619047619048
1	452	huntsman	321.6470588235294
1	453	had	333.2117647058824
1	454	predicted.	344.0722891566265
1	455	The	404.2380952380952
1	456	huntsman	365.0
1	457	leaped	323.3095238095238
1	458	from	339.96428571428567
1	459	his	322.1411764705883
1	460	hiding	313.3764705882353
1	461	place	314.26506024096386
1	462	and	309.08641975308643
1	463	through	316.45882352941175
1	464	the	334.04651162790697
1	465	heart	363.1860465116279
1	466	with	388.1411764705883
1	467	his	367.3176470588236
1	468	fine	343.4470588235294
1	469	arrows	342.45238095238096
1	470	shot	356.7738095238095
1	471	the	351.4096385542169
1	472	boar.	364.3614457831326
1	473	Now	387.1927710843373
1	474	the	332.7738095238095
1	475	problem	325.6823529411765
1	476	was	308.6428571428572
1	477	no	318.45882352941175
1	478	longer	310.2261904761905
1	479	to	331.7529411764706
1	480	kill	325.2261904761905
1	481	the	305.35714285714283
1	482	boar.	315.3855421686747
1	483	It	338.132530120482
1	484	was	310.16666666666663
1	485	to	306.5058823529412
1	486	find	313.7951807228916
1	487	a	329.8072289156627
1	488	way	308.03571428571433
1	489	to	291.65882352941173
1	490	carry	304.52941176470586
1	491	the	313.09411764705885
1	492	boar	312.9176470588235
1	493	back.	330.70238095238096
1	494	The	411.6626506024096
1	495	head	347.63529411764705
1	496	was	357.94117647058823
1	497	too	337.4
1	498	heavy	342.2470588235294
1	499	for	345.29411764705884
1	500	the	315.8
1	501	little	319.42857142857144
1	502	huntsman	346.3095238095238
1	503	to	338.4578313253012
1	504	carry	318.98809523809524
1	505	back	332.11764705882354
1	506	to	308.4117647058824
1	507	the	312.3095238095238
1	508	Manor	324.91764705882355
1	509	House,	354.9529411764706
1	510	but	374.1190476190476
1	511	the	341.43373493975906
1	512	huntsman,	327.85714285714283
1	513	who	314.73809523809524
1	514	was	310.2771084337349
1	515	as	328.42352941176466
1	516	quick-witted	331.8928571428572
1	517	and	372.9166666666666
1	518	cunning	349.11764705882354
1	519	as	326.70238095238096
1	520	ever,	319.66265060240966
1	521	asked	317.18823529411765
1	522	himself,	340.41666666666663
1	523	'What	319.8352941176471
1	524	else	327.25882352941176
1	525	can	323.1927710843373
1	526	I	308.04761904761904
1	527	do	300.0470588235294
1	528	to	316.8235294117647
1	529	prove	348.2771084337349
1	530	I	300.7469879518072
1	531	killed	334.04761904761904
1	532	the	306.0238095238095
1	533	boar?'	331.8928571428572
1	534	The	348.7647058823529
1	535	next	334.77647058823527
1	536	instance	318.29411764705884
1	537	he	336.93023255813955
1	538	opened	340.32941176470587
1	539	the	345.8
1	540	boar's	343.2
1	541	mouth	329.3529411764705
1	542	and	358.0833333333333
1	543	cut	340.4
1	544	out	356.23809523809524
1	545	its	327.47058823529414
1	546	tongue,	346.11764705882354
1	547	taking	389.4470588235294
1	548	that	368.0348837209302
1	549	as	349.6046511627908
1	550	proof	338.8
1	551	for	311.43023255813955
1	552	the	293.7093023255814
1	553	Lord.	314.5952380952381
1	554	He	307.5119047619048
1	555	set	318.9764705882353
1	556	out	308.90588235294115
1	557	for	309.3690476190476
1	558	the	315.45882352941175
1	559	Manor	285.8139534883721
1	560	House	304.40697674418607
1	561	as	312.28571428571433
1	562	quickly	297.23809523809524
1	563	as	308.50602409638554
1	564	he	284.0357142857143
1	565	could	295.2705882352941
1	566	and	296.7176470588235
1	567	he	287.7951807228916
1	568	had	288.7619047619048
1	569	only	295.1428571428572
1	570	been	293.9638554216868
1	571	gone	291.6428571428572
1	572	a	285.6190476190476
1	573	few	288.09638554216866
1	574	minutes	303.8095238095238
1	575	when	312.0
1	576	a	303.7209302325581
1	577	second	296.5
1	578	huntsman,	320.8023255813954
1	579	not	319.65882352941173
1	580	so	321.6941176470588
1	581	bold	320.564705882353
1	582	as	350.25882352941176
1	583	the	317.01162790697674
1	584	first	292.6117647058824
1	585	but	303.3647058823529
1	586	a	297.15116279069764
1	587	little	312.7619047619047
1	588	more	312.45882352941175
1	589	cunning,	303.1309523809524
1	590	came	323.8470588235294
1	591	on	317.4470588235294
1	592	the	302.78823529411767
1	593	scene.	339.29761904761904
1	594	Seeing	386.29761904761904
1	595	the	314.9176470588235
1	596	slain	316.09411764705885
1	597	carcass	327.6162790697674
1	598	of	335.98837209302326
1	599	the	296.2352941176471
1	600	boar,	320.64705882352945
1	601	the	314.8470588235294
1	602	huntsman	323.9529411764706
1	603	rejoiced	327.1058823529412
1	604	in	325.0352941176471
1	605	his	299.2352941176471
1	606	good	302.38823529411764
1	607	fortune.	299.5529411764706
1	608	The	321.8705882352941
1	609	second	338.7176470588235
1	610	huntsman	310.54117647058825
1	611	knew	312.2823529411765
1	612	a	308.92857142857144
1	613	shortcut	298.1904761904762
1	614	to	326.34117647058827
1	615	the	327.6235294117647
1	616	Manor	294.2048192771084
1	617	House	297.6744186046511
1	618	was	299.65116279069764
1	619	just	315.6235294117647
1	620	around	298.9761904761905
1	621	the	295.8795180722892
1	622	nearby	301.7857142857143
1	623	pond,	304.0
1	624	and,	322.2117647058824
1	625	being	329.1904761904762
1	626	a	312.60714285714283
1	627	bigger	305.90588235294115
1	628	man	305.84705882352944
1	629	than	296.90588235294115
1	630	the	287.77647058823527
1	631	first,	287.9047619047619
1	632	was	299.2261904761905
1	633	able	293.26506024096386
1	634	to	270.56626506024094
1	635	pick	281.0
1	636	up	283.3690476190476
1	637	the	274.81176470588235
1	638	boar's	302.77647058823527
1	639	head	307.74117647058824
1	640	and	312.6
1	641	carry	308.29411764705884
1	642	it	293.2857142857143
1	643	through	286.1309523809524
1	644	the	288.82142857142856
1	645	wood	287.9879518072289
1	646	towards	305.6463414634146
1	647	the	318.0823529411765
1	648	prize	298.2857142857143
1	649	that	314.43529411764706
1	650	awaited	333.81176470588235
1	651	him.	324.33333333333337
1	652	The	354.1084337349397
1	653	Lord	299.8588235294118
1	654	of	293.9764705882353
1	655	the	285.855421686747
1	656	Manor	267.225
1	657	was	291.609756097561
1	658	seated	284.2560975609756
1	659	in	300.7831325301205
1	660	his	318.9047619047619
1	661	hall	283.3764705882353
1	662	when	281.6705882352941
1	663	the	286.6823529411765
1	664	second	293.10714285714283
1	665	huntsman	296.3176470588235
1	666	burst	295.05882352941177
1	667	through	302.2380952380953
1	668	the	303.1647058823529
1	669	door	284.4823529411765
1	670	and	287.48809523809524
1	671	began	281.2261904761905
1	672	to	292.47058823529414
1	673	spin	292.7261904761905
1	674	a	284.81176470588235
1	675	line.	292.3294117647059
1	676	'The	333.66666666666663
1	677	woes	352.77647058823527
1	678	of	319.4047619047619
1	679	Bradford	325.1084337349397
1	680	are	316.6941176470588
1	681	ended!'	309.8352941176471
1	682	he	326.9759036144578
1	683	announced.	328.3214285714286
1	684	'With	366.6470588235295
1	685	my	335.35714285714283
1	686	own	323.4470588235294
1	687	hand	302.29411764705884
1	688	I	286.2289156626506
1	689	have	349.6506024096385
1	690	slain	285.0120481927711
1	691	the	283.82142857142856
1	692	boar!'	293.45238095238096
1	693	And,	303.81927710843377
1	694	with	301.2738095238095
1	695	that,	276.41666666666663
1	696	at	282.20238095238096
1	697	the	298.5238095238095
1	698	feet	301.5903614457831
1	699	of	287.3928571428572
1	700	his	288.17857142857144
1	701	lord	281.45238095238096
1	702	he	310.97619047619054
1	703	dropped	296.9647058823529
1	704	the	289.6867469879518
1	705	boar's	297.6
1	706	enormous	315.5952380952381
1	707	head.	329.6
1	708	'Then	371.2738095238095
1	709	you	338.82352941176475
1	710	will	301.66666666666663
1	711	be	285.0352941176471
1	712	rewarded,	308.2705882352941
1	713	as	311.05882352941177
1	714	I	288.1058823529412
1	715	promised.'	298.25882352941176
1	716	'But	326.29761904761904
1	717	first,	341.77647058823527
1	718	let	306.5357142857143
1	719	me	304.0843373493976
1	720	examine	295.7261904761905
1	721	the	306.17857142857144
1	722	head	304.8928571428572
1	723	of	302.3095238095238
1	724	this	298.1547619047619
1	725	monster,'	359.91666666666663
1	726	said	312.6309523809524
1	727	the	299.20238095238096
1	728	Lord	307.60714285714283
1	729	of	300.5529411764706
1	730	the	291.52941176470586
1	731	Manor.	306.6024096385542
1	732	To	322.7647058823529
1	733	not	306.5119047619048
1	734	examine	318.66265060240966
1	735	the	345.2117647058824
1	736	head	304.6904761904762
1	737	in	300.88235294117646
1	738	advance	305.0
1	739	had	318.9642857142857
1	740	not	314.1309523809524
1	741	been	323.8690476190476
1	742	very	329.8095238095238
1	743	clever	337.17857142857144
1	744	on	335.7619047619048
1	745	the	333.04651162790697
1	746	part	323.75
1	747	of	291.3614457831325
1	748	the	280.07142857142856
1	749	huntsman.	331.4761904761905
1	750	Right	387.4823529411765
1	751	away,	350.5421686746988
1	752	the	325.0357142857143
1	753	Lord	318.04761904761904
1	754	noticed	315.5595238095238
1	755	the	317.0823529411765
1	756	tongue	302.1647058823529
1	757	of	304.45882352941175
1	758	the	287.2738095238095
1	759	boar	288.10714285714283
1	760	was	300.0
1	761	missing	295.2261904761905
1	762	and	322.1904761904762
1	763	exclaimed,	315.25882352941176
1	764	'What	341.57142857142856
1	765	is	335.6428571428572
1	766	this?	327.6235294117647
1	767	A	308.1764705882353
1	768	boar	324.74117647058824
1	769	with	284.2
1	770	no	297.3452380952381
1	771	tongue?'	307.3058823529412
1	772	He	329.78823529411767
1	773	looked	311.7647058823529
1	774	at	306.09411764705885
1	775	the	291.60714285714283
1	776	huntsman,	315.90588235294115
1	777	dubiously.	359.0823529411765
1	778	'How	344.47058823529414
1	779	come	338.48809523809524
1	780	this	331.8690476190476
1	781	creature	308.6823529411765
1	782	has	301.05882352941177
1	783	no	294.1190476190476
1	784	tongue?'	331.94117647058823
1	785	he	342.74117647058824
1	786	demanded.	295.7619047619048
1	787	All	315.0235294117647
1	788	eyes	312.56470588235294
1	789	were	305.67857142857144
1	790	on	289.79761904761904
1	791	the	282.47058823529414
1	792	huntsman.	302.2
1	793	The	313.92857142857144
1	794	huntsman	309.0352941176471
1	795	questioned	296.3647058823529
1	796	by	320.1764705882353
1	797	the	310.07142857142856
1	798	Lord	317.6235294117647
1	799	replied,	327.5238095238095
1	800	'I	317.0823529411765
1	801	cannot	315.33333333333337
1	802	say,	304.16666666666663
1	803	my	312.0
1	804	Lord.'	297.1309523809524
1	805	He	313.34117647058827
1	806	was	307.77647058823527
1	807	suddenly	298.15294117647056
1	808	realizing	339.6785714285714
1	809	his	326.16666666666663
1	810	tricky	352.6506024096385
1	811	situation	334.8235294117647
1	812	could	338.5813953488372
1	813	end	316.9647058823529
1	814	badly	307.3452380952381
1	815	for	317.5833333333333
1	816	him.	309.9047619047619
1	817	Through	391.21428571428567
1	818	the	338.0
1	819	door	336.4096385542169
1	820	at	290.8292682926829
1	821	this	297.4268292682927
1	822	moment,	300.6829268292683
1	823	the	321.5595238095238
1	824	first	296.73809523809524
1	825	huntsman	307.5238095238095
1	826	burst.	311.6941176470588
1	827	'The	319.10714285714283
1	828	woes	340.9277108433735
1	829	of	330.45238095238096
1	830	Bradford	301.8705882352941
1	831	are	302.1411764705882
1	832	ended!'	292.9642857142857
1	833	he	299.5542168674699
1	834	cried.	303.81176470588235
1	835	'I	295.18823529411765
1	836	have	317.0
1	837	slain	289.3928571428572
1	838	the	286.49397590361446
1	839	boar	275.8690476190476
1	840	the	289.77647058823527
1	841	people	289.7738095238095
1	842	of	284.1190476190476
1	843	Bradford	289.2117647058824
1	844	dreaded!'	301.98823529411766
1	845	All	361.57647058823534
1	846	eyes	354.6823529411764
1	847	turned	310.5882352941177
1	848	to	289.2048192771084
1	849	the	296.5833333333333
1	850	man	280.20238095238096
1	851	who	276.43373493975906
1	852	now	288.5595238095238
1	853	stood	297.6309523809524
1	854	in	298.5529411764706
1	855	the	284.56626506024094
1	856	doorway.	291.9390243902439
1	857	'The	302.6987951807229
1	858	reward	315.3253012048193
1	859	is	310.42857142857144
1	860	already	323.75
1	861	given,'	310.0609756097561
1	862	said	357.4096385542169
1	863	the	310.3048780487805
1	864	Lord	298.42352941176466
1	865	of	298.2705882352941
1	866	the	293.0235294117647
1	867	Manor.	281.0352941176471
1	868	'The	301.1309523809524
1	869	man	311.45882352941175
1	870	here	322.41666666666663
1	871	has	312.95238095238096
1	872	brought	295.38823529411764
1	873	to	280.8352941176471
1	874	me	269.4404761904762
1	875	the	285.98823529411766
1	876	boar's	298.9166666666667
1	877	head.'	306.7176470588235
1	878	'Then	316.1190476190476
1	879	where	318.2823529411765
1	880	is	322.71428571428567
1	881	its	306.8690476190476
1	882	tongue?'	361.0352941176471
1	883	the	355.84705882352944
1	884	first	314.78571428571433
1	885	huntsman	331.52380952380946
1	886	replied.	327.29761904761904
1	887	And,	356.0352941176471
1	888	so	360.9529411764706
1	889	saying,	321.54761904761904
1	890	he	318.6904761904762
1	891	drew	323.6117647058824
1	892	out	308.47058823529414
1	893	the	308.11764705882354
1	894	boar's	306.3809523809524
1	895	tongue	312.77647058823527
1	896	he	331.65882352941173
1	897	had	316.7619047619048
1	898	put	308.2674418604651
1	899	in	300.42857142857144
1	900	his	306.2619047619048
1	901	hunting	293.7619047619048
1	902	pouch	309.6666666666667
1	903	and	318.8941176470588
1	904	related	335.564705882353
1	905	how	335.6235294117647
1	906	he	313.2705882352941
1	907	had	300.1294117647059
1	908	ambushed	335.2352941176471
1	909	the	313.42352941176466
1	910	creature	305.49411764705883
1	911	in	298.6235294117647
1	912	the	288.132530120482
1	913	wood	293.96428571428567
1	914	and	289.9411764705882
1	915	cut	284.2823529411765
1	916	out	290.28915662650604
1	917	its	272.4404761904762
1	918	tongue	288.1058823529412
1	919	as	288.49411764705883
1	920	proof	284.1294117647059
1	921	of	306.56470588235294
1	922	his	274.25882352941176
1	923	victory.	292.8705882352941
1	924	Listening	317.0843373493976
1	925	to	338.2073170731707
1	926	the	293.54761904761904
1	927	tale,	283.2142857142857
1	928	the	318.75
1	929	Lord	290.75
1	930	of	276.6470588235294
1	931	the	283.1058823529412
1	932	Manor	290.4
1	933	tried	281.23809523809524
1	934	to	277.2261904761905
1	935	discern	286.6867469879518
1	936	which	303.1463414634146
1	937	huntsman	297.48192771084337
1	938	was	308.3764705882353
1	939	telling	292.4470588235294
1	940	him	291.9176470588235
1	941	the	295.77647058823527
1	942	truth	285.18823529411765
1	943	and	287.7647058823529
1	944	what	279.82142857142856
1	945	the	295.3058823529412
1	946	two	288.5176470588235
1	947	huntsmen	299.0357142857143
1	948	were	308.0238095238095
1	949	thinking	301.144578313253
1	950	as	321.4404761904762
1	951	they	309.3647058823529
1	952	waited	302.63529411764705
1	953	for	297.29411764705884
1	954	him	290.74117647058824
1	955	to	276.8809523809524
1	956	make	276.6428571428572
1	957	a	276.7142857142857
1	958	decision.	279.06024096385545
1	959	Almost	325.2048192771084
1	960	instantly,	329.67058823529413
1	961	the	318.6235294117647
1	962	Lord	300.1647058823529
1	963	saw	278.7294117647059
1	964	that	285.4047619047619
1	965	the	297.1566265060241
1	966	second	279.3690476190476
1	967	huntsman	295.4823529411765
1	968	had	327.6309523809524
1	969	fed	319.75
1	970	him	343.6352941176471
1	971	a	335.88235294117646
1	972	pack	309.82142857142856
1	973	of	309.0705882352941
1	974	lies	334.18823529411765
1	975	and	320.98823529411766
1	976	it	304.3764705882353
1	977	was	291.6626506024096
1	978	the	277.9047619047619
1	979	first	274.9642857142857
1	980	huntsman	299.6309523809524
1	981	who	296.6707317073171
1	982	was	276.0843373493976
1	983	the	268.6746987951807
1	984	true	286.6309523809524
1	985	savior	311.65882352941173
1	986	of	295.3333333333333
1	987	Bradford.	293.83132530120486
1	988	The	321.8048780487805
1	989	Lord	306.29411764705884
1	990	believed	295.1309523809524
1	991	the	303.70238095238096
1	992	second	290.29411764705884
1	993	huntsman	307.4117647058824
1	994	had	308.2117647058824
1	995	tried	317.5529411764706
1	996	to	292.3058823529412
1	997	steal	271.03614457831327
1	998	the	285.2261904761905
1	999	first	280.6117647058824
1	1000	huntsman's	329.3999999999999
1	1001	prize	338.8452380952381
1	1002	and	305.92941176470583
1	1003	so	303.5119047619048
1	1004	proclaimed	308.1309523809524
1	1005	the	316.54117647058825
1	1006	first	311.6117647058824
1	1007	huntsman	303.86746987951807
1	1008	the	297.8072289156627
1	1009	true	291.855421686747
1	1010	victor.	333.5176470588235
1	1011	The	311.8941176470588
1	1012	Lord	306.3734939759036
1	1013	wondered	324.1428571428572
1	1014	for	298.65060240963857
1	1015	a	312.0238095238095
1	1016	moment	308.3529411764706
1	1017	why	309.0238095238095
1	1018	he	303.1428571428572
1	1019	always	305.79761904761904
1	1020	encountered	294.10714285714283
1	1021	so	364.29761904761904
1	1022	much	324.8658536585366
1	1023	chicanery	370.9761904761905
1	1024	in	440.1764705882353
1	1025	his	366.2823529411765
1	1026	everyday	371.46428571428567
1	1027	interactions.	399.8095238095238
1	1028	The	377.8095238095238
1	1029	huntsman	409.58333333333337
1	1030	who	341.5882352941176
1	1031	had	309.32941176470587
1	1032	earned	354.7951807228916
1	1033	his	351.8795180722892
1	1034	prize	346.8795180722892
1	1035	fair	326.3095238095238
1	1036	and	336.20238095238096
1	1037	square	302.85714285714283
1	1038	received	312.6506024096385
1	1039	as	312.01176470588234
1	1040	his	331.7647058823529
1	1041	reward	303.8809523809524
1	1042	a	311.08333333333337
1	1043	piece	333.8452380952381
1	1044	of	323.3809523809524
1	1045	land	318.8809523809524
1	1046	just	339.1785714285714
1	1047	outside	334.3690476190476
1	1048	the	285.3529411764706
1	1049	town,	289.90588235294115
1	1050	known	310.8690476190476
1	1051	thereafter	350.79761904761904
1	1052	as	355.5529411764706
1	1053	Hunt	335.1411764705882
1	1054	Yard.	461.6470588235295
1	1055	His	442.58333333333337
1	1056	fame	362.7093023255814
1	1057	was	338.17241379310343
1	1058	indeed	362.5747126436781
1	1059	assured,	338.65116279069764
1	1060	but	336.95348837209303
1	1061	it	335.5
1	1062	was	323.0689655172414
1	1063	not	307.32183908045977
1	1064	nearly	304.8735632183908
1	1065	as	358.17241379310343
1	1066	lasting	355.04597701149424
1	1067	as	330.3448275862069
1	1068	that	319.7011494252873
1	1069	of	327.2413793103448
1	1070	the	327.5402298850575
1	1071	fearsome	357.8045977011494
1	1072	Bradford	424.2528735632184
1	1073	Boar.	614.735632183908
2	1	A	553.8777777777777
2	2	clear	405.8369565217392
2	3	and	351.0111111111111
2	4	joyous	396.978021978022
2	5	day	376.02197802197793
2	6	it	356.2608695652173
2	7	was	343.51612903225805
2	8	and	373.3913043478261
2	9	out	386.7222222222221
2	10	on	349.09890109890114
2	11	the	332.3626373626374
2	12	wide	327.1413043478261
2	13	open	364.5326086956522
2	14	sea,	389.39772727272737
2	15	thousands	459.3152173913044
2	16	upon	360.1847826086957
2	17	thousands	357.7802197802198
2	18	of	344.8369565217392
2	19	sparkling	360.19565217391306
2	20	water	363.7840909090909
2	21	drops,	378.4545454545454
2	22	excited	430.0337078651685
2	23	by	406.31111111111113
2	24	getting	394.0
2	25	to	372.15730337078656
2	26	play	359.77272727272737
2	27	in	356.0786516853933
2	28	the	334.1111111111111
2	29	ocean,	377.5795454545454
2	30	danced	406.5164835164837
2	31	all	375.1098901098901
2	32	around.	360.8369565217392
2	33	One	380.098901098901
2	34	of	383.8791208791209
2	35	these	328.41111111111115
2	36	was	364.1827956989248
2	37	a	337.28888888888895
2	38	merry	345.9775280898877
2	39	little	349.56043956043953
2	40	fellow	348.7078651685394
2	41	named	389.9230769230769
2	42	Aqua,	451.390804597701
2	43	who	436.1348314606742
2	44	danced	385.2087912087912
2	45	on	385.91011235955057
2	46	the	391.4347826086957
2	47	silver	396.0769230769232
2	48	backs	406.7666666666668
2	49	of	403.47252747252753
2	50	the	379.3186813186813
2	51	fishes	393.86956521739125
2	52	as	423.08791208791206
2	53	they	384.080459770115
2	54	plunged	371.032967032967
2	55	up	357.2608695652173
2	56	and	340.27472527472526
2	57	down	346.4725274725276
2	58	in	352.6
2	59	the	327.1555555555556
2	60	waves,	386.3043478260869
2	61	and,	395.6373626373627
2	62	no	363.8901098901099
2	63	matter	349.1868131868132
2	64	how	341.8131868131868
2	65	high	344.2
2	66	he	318.6292134831461
2	67	sprung,	373.75824175824187
2	68	he	373.8478260869565
2	69	always	361.4175824175824
2	70	came	355.53333333333336
2	71	down	355.945054945055
2	72	again	359.2777777777777
2	73	into	371.9662921348314
2	74	his	344.5934065934066
2	75	mother's	365.3888888888889
2	76	lap.	414.7692307692307
2	77	His	426.8
2	78	mother,	383.30000000000007
2	79	you	387.8444444444444
2	80	know,	369.28571428571433
2	81	was	364.7362637362637
2	82	the	342.5444444444444
2	83	ocean,	378.4065934065934
2	84	and	404.63333333333344
2	85	very	374.8021978021978
2	86	beautiful	388.0659340659341
2	87	she	380.5652173913043
2	88	looked	351.08791208791206
2	89	that	366.5714285714287
2	90	summer	398.0978260869565
2	91	day	395.4175824175824
2	92	in	353.1318681318682
2	93	her	354.1758241758242
2	94	dark	384.07608695652175
2	95	blue	392.7065217391304
2	96	dress	378.7912087912088
2	97	and	382.7032967032967
2	98	white	367.1098901098901
2	99	ruffles.	406.2282608695653
2	100	By	456.1086956521739
2	101	and	471.31111111111113
2	102	by,	436.96629213483146
2	103	the	372.1444444444445
2	104	happy	342.84615384615387
2	105	water	403.7222222222223
2	106	drop	416.43956043956047
2	107	tired	434.1304347826088
2	108	of	407.19565217391306
2	109	his	370.1318681318682
2	110	play,	373.0659340659341
2	111	and	371.2417582417582
2	112	looking	361.7391304347826
2	113	up	359.6413043478261
2	114	to	346.0
2	115	the	326.27472527472526
2	116	clear	344.94565217391306
2	117	sky	339.8586956521739
2	118	above	343.93406593406587
2	119	him,	361.54945054945057
2	120	thought	366.6000000000001
2	121	he	348.45054945054943
2	122	would	336.91208791208794
2	123	like	342.46666666666664
2	124	to	308.7582417582417
2	125	have	315.9565217391304
2	126	a	305.2608695652174
2	127	sail	315.054945054945
2	128	on	368.8681318681318
2	129	one	371.5869565217392
2	130	of	344.3695652173913
2	131	the	337.65934065934067
2	132	white,	352.4065934065934
2	133	marshmallow-like	476.4175824175824
2	134	clouds,	519.438202247191
2	135	instead	454.9891304347826
2	136	of	371.6413043478261
2	137	spending	358.92391304347825
2	138	his	362.6043956043956
2	139	whole	355.8351648351648
2	140	life	357.3516483516484
2	141	in	329.84615384615387
2	142	the	327.4673913043478
2	143	ocean.	337.6444444444445
2	144	Of	386.2777777777777
2	145	the	344.7802197802198
2	146	sky,	354.5934065934066
2	147	little	524.7888888888889
2	148	Aqua	481.9670329670328
2	149	had	401.75
2	150	always	376.967032967033
2	151	been	350.6043956043956
2	152	afraid,	374.30769230769226
2	153	but	428.6739130434784
2	154	he	364.0888888888889
2	155	decided	367.7032967032967
2	156	to	342.2065217391304
2	157	finally	339.5652173913044
2	158	face	349.5652173913043
2	159	his	332.3369565217392
2	160	demons	358.97826086956525
2	161	and	361.5384615384616
2	162	suggested	355.51111111111106
2	163	a	358.49450549450546
2	164	solution	368.8901098901099
2	165	involving	409.4222222222221
2	166	the	388.69565217391306
2	167	sun	372.5326086956522
2	168	carrying	399.7717391304347
2	169	him	363.09890109890114
2	170	up	347.58241758241763
2	171	to	340.4021739130435
2	172	the	341.69565217391306
2	173	sky	343.5934065934066
2	174	would	390.1739130434784
2	175	be	391.032967032967
2	176	ideal.	394.8021978021977
2	177	The	403.4021739130435
2	178	sun	384.08791208791206
2	179	understood	413.2826086956522
2	180	Aqua's	376.7826086956521
2	181	request	374.19780219780216
2	182	came	367.19780219780216
2	183	from	401.69565217391306
2	184	his	347.80434782608694
2	185	heart,	367.6263736263736
2	186	so	394.2197802197802
2	187	he	378.75
2	188	acquiesced	479.3516483516484
2	189	and	427.01098901098896
2	190	also	369.57608695652175
2	191	took	356.69565217391306
2	192	ever	350.054945054945
2	193	so	398.3516483516484
2	194	many	393.0967741935484
2	195	other	358.6703296703297
2	196	drops,	387.4623655913978
2	197	so	374.1648351648352
2	198	that	371.4239130434783
2	199	Aqua	364.978021978022
2	200	might	355.8369565217391
2	201	not	333.7159090909091
2	202	be	319.7444444444444
2	203	lonesome	370.5
2	204	on	402.25
2	205	the	344.45054945054943
2	206	way.	328.032967032967
2	207	It	378.6304347826087
2	208	was	327.55056179775283
2	209	only	331.2888888888889
2	210	the	349.4555555555556
2	211	sun	369.28571428571433
2	212	that	336.6703296703297
2	213	knew	357.92307692307685
2	214	this,	336.41111111111115
2	215	however,	367.7555555555556
2	216	for	358.68131868131866
2	217	all	341.010989010989
2	218	the	326.0434782608696
2	219	other	340.4021739130435
2	220	drops	342.7362637362637
2	221	had	340.8131868131868
2	222	been	346.0869565217392
2	223	changed	351.19565217391306
2	224	into	378.01098901098896
2	225	fine	382.9673913043478
2	226	mist	375.4021739130435
2	227	or	382.50549450549454
2	228	vapor	366.5869565217391
2	229	and	355.7608695652174
2	230	Aqua	372.4175824175824
2	231	could	379.5714285714286
2	232	not	385.4347826086957
2	233	see	352.7391304347826
2	234	them.	355.78888888888895
2	235	Do	394.978021978022
2	236	you	367.1630434782608
2	237	know	342.8695652173913
2	238	what	333.2967032967033
2	239	vapor	330.25274725274727
2	240	is?	402.8913043478261
2	241	If	387.3043478260869
2	242	you	343.3956043956044
2	243	breathe	375.9673913043479
2	244	into	370.3595505617977
2	245	the	333.9021739130435
2	246	air,	348.1739130434783
2	247	when	352.25274725274727
2	248	it	336.6153846153846
2	249	is	323.49450549450546
2	250	cold	318.6444444444445
2	251	enough,	378.8131868131868
2	252	you	345.7608695652173
2	253	will	324.33333333333337
2	254	see	312.2555555555556
2	255	it	318.2197802197802
2	256	coming	355.032967032967
2	257	out	327.5280898876405
2	258	of	313.7444444444444
2	259	your	301.2857142857143
2	260	mouth	301.9450549450549
2	261	thick	352.5666666666667
2	262	and	332.6629213483146
2	263	fast	342.84444444444443
2	264	like	314.7
2	265	steam.	349.4782608695652
2	266	When	413.97802197802207
2	267	the	374.3695652173913
2	268	vapor	331.7802197802198
2	269	is	328.52747252747247
2	270	quite	359.80219780219784
2	271	near	357.8478260869565
2	272	the	338.53846153846155
2	273	earth,	328.7444444444444
2	274	we	372.12222222222215
2	275	call	314.09890109890114
2	276	it	301.89130434782606
2	277	'fog'.	347.4347826086957
2	278	Into	409.47252747252753
2	279	vapor	361.8571428571428
2	280	the	404.6847826086957
2	281	water	365.5869565217392
2	282	drops	349.6630434782609
2	283	that	345.56043956043953
2	284	danced	405.8586956521739
2	285	in	339.42391304347825
2	286	the	333.0434782608696
2	287	ocean	320.68131868131866
2	288	had	337.3913043478261
2	289	been	348.1413043478261
2	290	changed,	366.2417582417582
2	291	because	391.8021978021977
2	292	in	330.5434782608696
2	293	their	320.0652173913044
2	294	own	312.4891304347826
2	295	shape	319.0869565217391
2	296	they	333.8586956521739
2	297	were	324.42857142857144
2	298	too	332.8586956521739
2	299	heavy	331.8260869565217
2	300	for	338.8681318681318
2	301	the	316.0869565217391
2	302	sunbeams	369.4021739130435
2	303	that	409.84615384615387
2	304	the	347.0659340659341
2	305	sun	372.6304347826087
2	306	let	337.0434782608696
2	307	out	328.91208791208794
2	308	to	329.0869565217391
2	309	carry.	343.11956521739137
2	310	Higher	404.0777777777778
2	311	and	395.0217391304348
2	312	higher	345.50549450549454
2	313	they	352.9891304347826
2	314	sailed,	325.5652173913043
2	315	and	333.8586956521739
2	316	though	347.2197802197802
2	317	it	377.4565217391304
2	318	was	370.46739130434776
2	319	grand,	345.8021978021978
2	320	Aqua	370.1428571428572
2	321	and	363.6373626373626
2	322	his	369.6521739130435
2	323	friends	334.1413043478261
2	324	were	350.2608695652173
2	325	like	306.88043478260863
2	326	fish	297.36956521739137
2	327	out	331.0217391304348
2	328	of	310.85714285714283
2	329	water,	314.15384615384613
2	330	so	328.3846153846154
2	331	they	331.13043478260863
2	332	grew	331.17391304347825
2	333	quite	317.1648351648352
2	334	dizzy.	361.9347826086957
2	335	They	365.2826086956521
2	336	enjoyed	390.0543478260869
2	337	looking	332.6
2	338	down	329.30434782608694
2	339	on	311.1630434782609
2	340	the	316.8804347826087
2	341	world	304.3369565217391
2	342	below,	312.4725274725276
2	343	while	342.1413043478261
2	344	the	322.1086956521739
2	345	wind	336.0217391304348
2	346	scattered	337.7555555555556
2	347	them	338.19565217391306
2	348	across	339.7391304347827
2	349	the	326.1304347826087
2	350	four	334.8260869565217
2	351	corners	352.3695652173913
2	352	of	328.3736263736264
2	353	the	302.2717391304348
2	354	earth,	318.4782608695652
2	355	but	339.61956521739125
2	356	after	333.96739130434787
2	357	a	297.17391304347825
2	358	while	297.9021739130435
2	359	it	294.3804347826087
2	360	grew	293.5
2	361	nearly	296.92391304347825
2	362	time	320.5760869565217
2	363	for	383.3586956521739
2	364	the	320.82222222222225
2	365	sun	298.0434782608696
2	366	to	298.8695652173913
2	367	go	292.6630434782609
2	368	to	303.1630434782609
2	369	bed.	321.8913043478261
2	370	He	359.6593406593407
2	371	became	329.34065934065933
2	372	very	306.5978260869565
2	373	red	345.52173913043475
2	374	in	323.19565217391306
2	375	the	309.8804347826087
2	376	face,	322.70652173913044
2	377	and	311.6630434782609
2	378	began	344.7608695652173
2	379	to	314.5652173913043
2	380	sink	318.0978260869565
2	381	lower	312.989010989011
2	382	and	327.9782608695652
2	383	lower,	314.1098901098901
2	384	until	328.8791208791209
2	385	suddenly	324.4725274725275
2	386	he	315.83516483516485
2	387	went	315.68131868131866
2	388	clear	327.6521739130435
2	389	out	349.1847826086957
2	390	of	336.78260869565213
2	391	sight!	338.6739130434783
2	392	Poor	375.2934782608696
2	393	little	343.978021978022
2	394	Aqua,	320.15384615384613
2	395	frightened	353.9021739130435
2	396	by	349.4725274725276
2	397	the	323.7692307692308
2	398	impending	335.05434782608694
2	399	cold	346.35555555555555
2	400	and	337.9130434782609
2	401	darkness,	333.7717391304348
2	402	wished	346.0769230769231
2	403	he	332.67391304347825
2	404	could	330.9021739130435
2	405	sleep	316.3736263736264
2	406	not	318.6413043478261
2	407	in	321.4065934065934
2	408	the	324.5164835164835
2	409	sky,	322.5714285714286
2	410	but	313.6304347826087
2	411	somewhere	330.9010989010989
2	412	closer	342.21111111111105
2	413	to	307.49450549450546
2	414	earth.	310.13186813186815
2	415	Then	367.5978260869565
2	416	Aqua	349.16483516483515
2	417	heard	351.9565217391304
2	418	the	313.9782608695652
2	419	wind	316.8369565217391
2	420	blow	310.7608695652174
2	421	and	328.36263736263743
2	422	conjectured	386.2608695652173
2	423	that	381.2065217391304
2	424	maybe	344.0
2	425	the	335.28260869565213
2	426	wind	320.7282608695652
2	427	could	330.18888888888887
2	428	take	312.30434782608694
2	429	him	311.9347826086957
2	430	back	309.8351648351648
2	431	down	295.6304347826087
2	432	to	309.6043956043956
2	433	the	302.0217391304348
2	434	ocean.	322.0760869565217
2	435	Indeed,	364.0109890109891
2	436	the	328.51111111111106
2	437	wind	317.0769230769231
2	438	took	315.6
2	439	pity	322.3478260869565
2	440	on	303.21111111111105
2	441	him	306.7912087912088
2	442	and	290.2282608695652
2	443	fanned	303.7802197802198
2	444	him,	340.34065934065933
2	445	together	355.30769230769226
2	446	with	325.1521739130435
2	447	all	317.4021739130435
2	448	of	299.5217391304348
2	449	his	287.7142857142857
2	450	brothers	338.7692307692308
2	451	and	315.74444444444447
2	452	sisters,	297.8181818181818
2	453	into	335.83333333333337
2	454	a	296.3111111111112
2	455	heavy	295.4725274725275
2	456	gray	299.97777777777776
2	457	cloud,	342.54945054945057
2	458	after	337.032967032967
2	459	which	373.73626373626365
2	460	he	321.86813186813185
2	461	blew	338.64835164835165
2	462	them	308.7934782608696
2	463	apart	304.44565217391306
2	464	and	340.6086956521739
2	465	told	322.5217391304348
2	466	them	308.2333333333333
2	467	to	292.02197802197804
2	468	hurry	312.8260869565217
2	469	down,	293.7333333333333
2	470	fast	320.7912087912088
2	471	and	317.42857142857144
2	472	furious	322.1098901098901
2	473	to	317.1195652173913
2	474	the	289.3296703296703
2	475	earth,	288.42857142857144
2	476	so	307.6847826086956
2	477	they	297.2717391304348
2	478	could	287.92391304347825
2	479	have	292.4725274725275
2	480	a	295.2065217391304
2	481	fighting	327.7934782608696
2	482	chance	305.4673913043478
2	483	of	305.9891304347826
2	484	reaching	308.8666666666667
2	485	the	290.02222222222224
2	486	ocean.	305.2637362637363
2	487	Down	354.967032967033
2	488	they	333.0444444444444
2	489	went,	327.2222222222223
2	490	rolling	298.54945054945057
2	491	over	305.1521739130435
2	492	each	322.20879120879124
2	493	other	311.6555555555556
2	494	until	318.1847826086957
2	495	with	311.1086956521739
2	496	a	304.1555555555556
2	497	patter	300.46666666666664
2	498	and	309.64835164835165
2	499	clatter	324.3777777777778
2	500	and	315.20652173913044
2	501	spatter	328.21739130434787
2	502	they	317.83516483516485
2	503	touched	346.1428571428571
2	504	the	310.7977528089888
2	505	ground,	314.7032967032967
2	506	and	334.67032967032964
2	507	all	316.44444444444446
2	508	the	309.85555555555555
2	509	people	322.1460674157304
2	510	that	310.1777777777778
2	511	the	295.6703296703297
2	512	raindrops	331.0888888888889
2	513	fell	325.7472527472528
2	514	on	333.4782608695652
2	515	cried,	328.6195652173913
2	516	'It's	388.8666666666667
2	517	raining',	359.9021739130435
2	518	and	344.53846153846155
2	519	took	333.08888888888885
2	520	out	323.4347826086957
2	521	their	343.2307692307692
2	522	umbrellas.	318.34065934065933
2	523	Some	332.31868131868134
2	524	of	318.4021739130435
2	525	the	301.44565217391306
2	526	drops	300.9565217391304
2	527	that	331.69230769230774
2	528	were	289.6777777777778
2	529	the	308.43956043956047
2	530	most	314.4782608695652
2	531	fortunate,	345.6777777777777
2	532	including	402.75824175824175
2	533	Aqua,	343.9347826086957
2	534	fell	360.9673913043479
2	535	on	336.9565217391304
2	536	a	320.0
2	537	mountainside,	433.1208791208791
2	538	and	392.1195652173913
2	539	down	355.2608695652174
2	540	the	323.4065934065934
2	541	rocky	323.7362637362637
2	542	cliff	330.9782608695652
2	543	they	345.80219780219784
2	544	ran.	332.30769230769226
2	545	Together	386.1868131868132
2	546	they	345.6043956043956
2	547	plunged	339.27472527472526
2	548	into	333.94444444444446
2	549	a	317.85714285714283
2	550	mountain	313.8
2	551	brook,	342.3736263736264
2	552	which	354.15730337078656
2	553	came	353.7032967032967
2	554	foaming	352.30769230769226
2	555	and	333.3111111111112
2	556	dashing	388.6593406593407
2	557	along,	345.67391304347825
2	558	leaping	337.65934065934067
2	559	over	331.7
2	560	rocks	335.54945054945057
2	561	and	326.17391304347825
2	562	rushing	309.2696629213483
2	563	down	332.2967032967033
2	564	the	338.25274725274727
2	565	hillside,	330.33333333333337
2	566	until	349.4777777777778
2	567	in	337.46739130434787
2	568	the	296.9891304347826
2	569	valley	289.0760869565217
2	570	below	300.7362637362637
2	571	they	296.5111111111111
2	572	heard	307.7
2	573	the	302.8901098901099
2	574	strangest	334.01098901098896
2	575	clattering	353.16666666666663
2	576	noise.	356.35164835164835
2	577	The	371.31111111111113
2	578	little	352.44565217391306
2	579	water	326.0
2	580	drops	319.1758241758242
2	581	were	312.967032967033
2	582	then	317.5978260869565
2	583	able	318.6521739130435
2	584	to	302.0769230769231
2	585	make	304.65934065934067
2	586	out	311.7717391304348
2	587	a	310.8260869565217
2	588	flour	308.58888888888885
2	589	mill	361.9230769230769
2	590	that	358.43956043956047
2	591	was	364.1847826086957
2	592	standing	337.87912087912093
2	593	on	315.7608695652174
2	594	the	326.4835164835165
2	595	bank.	321.6413043478261
2	596	Inside	347.6179775280899
2	597	the	327.2934782608696
2	598	mill,	314.8111111111112
2	599	the	304.7692307692308
2	600	water	321.05494505494505
2	601	drops	298.27472527472526
2	602	saw	308.7391304347826
2	603	two	307.1555555555556
2	604	great	326.9782608695652
2	605	stones,	328.6304347826087
2	606	which	327.989010989011
2	607	the	335.3956043956044
2	608	big	330.38461538461536
2	609	wheel	318.34444444444443
2	610	kept	331.35555555555555
2	611	whizzing	333.1630434782608
2	612	round	330.83333333333337
2	613	and	340.54945054945057
2	614	round.	352.9333333333333
2	615	The	352.8901098901099
2	616	stones,	355.7078651685394
2	617	smoothed	370.945054945055
2	618	by	344.032967032967
2	619	the	314.5280898876405
2	620	spinning,	344.82022471910113
2	621	were	360.0769230769231
2	622	busy	340.3736263736264
2	623	grinding	352.2717391304348
2	624	the	335.91208791208794
2	625	wheat	316.6629213483146
2	626	into	339.2608695652174
2	627	flour	336.6086956521739
2	628	and	326.16666666666663
2	629	the	308.38461538461536
2	630	corn	320.53260869565213
2	631	into	311.6521739130435
2	632	golden	319.7472527472528
2	633	meal.	323.1
2	634	But	355.4835164835165
2	635	what	352.65934065934067
2	636	giant	340.02197802197804
2	637	do	380.1739130434783
2	638	you	389.8695652173913
2	639	suppose	367.6739130434783
2	640	it	348.50549450549454
2	641	was	306.7934782608696
2	642	who	319.8222222222222
2	643	could	335.5666666666667
2	644	turn	317.4835164835165
2	645	and	329.13186813186815
2	646	swing	341.8478260869565
2	647	that	334.5760869565217
2	648	tremendous	353.5978260869565
2	649	wheel?	363.0
2	650	No	365.7065217391304
2	651	giant	366.1428571428572
2	652	at	320.45652173913044
2	653	all.	333.5326086956522
2	654	It	313.9450549450549
2	655	was	302.4673913043478
2	656	just	301.9891304347826
2	657	our	292.6222222222222
2	658	tiny	309.0108695652174
2	659	little	314.44565217391306
2	660	water	315.2282608695652
2	661	drops,	331.0
2	662	who	341.9891304347826
2	663	sprang	331.3913043478261
2	664	on	319.3076923076923
2	665	it	316.5
2	666	by	310.5274725274725
2	667	hundreds	322.6703296703297
2	668	and	325.0760869565217
2	669	thousands,	362.8043478260869
2	670	and	326.8131868131868
2	671	whirled	345.04395604395603
2	672	it	323.032967032967
2	673	over	342.53333333333336
2	674	and	296.29213483146066
2	675	over.	310.3296703296703
2	676	It	316.64835164835165
2	677	was	336.3736263736264
2	678	lucky	310.42045454545456
2	679	for	301.55555555555554
2	680	the	326.4333333333333
2	681	water	309.3478260869565
2	682	drops	315.48888888888894
2	683	that	310.6222222222222
2	684	the	291.0888888888889
2	685	brook	288.1777777777778
2	686	where	312.3222222222222
2	687	they	318.06818181818187
2	688	were	322.2247191011236
2	689	swimming	316.8241758241758
2	690	next	311.032967032967
2	691	emptied	333.82417582417577
2	692	into	363.44565217391306
2	693	a	327.1111111111111
2	694	beautiful	325.7362637362637
2	695	pond	319.1208791208791
2	696	where	326.2
2	697	ducks	331.76666666666665
2	698	and	331.6067415730337
2	699	geese	319.3369565217391
2	700	were	312.5217391304348
2	701	living	313.0989010989011
2	702	peacefully.	322.31868131868134
2	703	Aqua	330.94444444444446
2	704	liked	339.03260869565213
2	705	to	327.19780219780216
2	706	play	301.2111111111111
2	707	hide-and-seek	335.9782608695652
2	708	in	363.75
2	709	this	317.84615384615387
2	710	pond,	314.7444444444444
2	711	and	300.46153846153845
2	712	it	302.67391304347825
2	713	was	309.6304347826087
2	714	his	286.66666666666663
2	715	brother	324.86813186813185
2	716	water	345.8369565217391
2	717	drop	393.912087912088
2	718	who	378.3736263736264
2	719	he	330.1868131868132
2	720	fooled	338.3736263736264
2	721	by	328.8695652173913
2	722	swimming	336.3369565217391
2	723	to	326.45054945054943
2	724	a	320.7802197802198
2	725	big	309.0
2	726	pool	325.8695652173913
2	727	of	316.010989010989
2	728	water	317.3296703296703
2	729	and	320.6703296703297
2	730	pretending	353.6630434782608
2	731	to	338.4130434782609
2	732	hide	299.9120879120879
2	733	there,	317.53846153846155
2	734	but	324.19780219780216
2	735	then	341.83695652173924
2	736	sneaking	354.3695652173913
2	737	under	319.57142857142856
2	738	a	311.31868131868134
2	739	rock	307.4175824175824
2	740	into	307.5652173913044
2	741	an	317.1630434782609
2	742	obscured	317.7362637362637
2	743	little	321.4347826086956
2	744	puddle.	324.20879120879124
2	745	His	356.03333333333336
2	746	brother	356.8369565217392
2	747	had	340.9565217391304
2	748	blatantly	344.6703296703297
2	749	peaked	391.25274725274727
2	750	and	359.35555555555555
2	751	even	366.6847826086957
2	752	followed	318.8131868131868
2	753	Aqua	315.5824175824176
2	754	as	346.9891304347826
2	755	he	307.9230769230769
2	756	entered	301.30434782608694
2	757	the	342.3296703296703
2	758	big	306.8804347826087
2	759	pool	299.8152173913044
2	760	of	297.35164835164835
2	761	water,	297.78260869565213
2	762	so	334.1208791208791
2	763	when	299.34065934065933
2	764	he	293.7142857142857
2	765	searched	303.1098901098901
2	766	there	324.2826086956522
2	767	and	351.16483516483515
2	768	could	320.56043956043953
2	769	not	299.1428571428572
2	770	find	319.66292134831457
2	771	him,	306.02222222222224
2	772	he	319.8695652173913
2	773	was	313.9673913043478
2	774	extremely	315.05555555555554
2	775	surprised	320.1195652173913
2	776	and	315.5217391304348
2	777	gave	310.7582417582417
2	778	up.	324.9347826086957
2	779	Aqua	330.6373626373626
2	780	liked	334.2826086956522
2	781	this	310.1777777777778
2	782	pond	333.9673913043478
2	783	where	328.5888888888889
2	784	he	323.72527472527474
2	785	could	306.2258064516129
2	786	play	298.7096774193548
2	787	all	319.8913043478261
2	788	day,	285.6989247311828
2	789	so	310.0
2	790	he	324.1868131868132
2	791	stayed	337.64516129032256
2	792	a	320.1612903225806
2	793	good	310.2417582417582
2	794	while,	308.4130434782609
2	795	sailing	321.7912087912088
2	796	up	353.2967032967033
2	797	and	295.989010989011
2	798	down,	302.92391304347825
2	799	taking	307.35483870967744
2	800	the	302.05434782608694
2	801	ducks'	323.7391304347826
2	802	backs	330.71739130434787
2	803	for	362.6043956043956
2	804	ships	338.49450549450546
2	805	and	344.86813186813185
2	806	the	331.90109890109886
2	807	frogs	350.8172043010753
2	808	for	335.3260869565217
2	809	horses,	340.50549450549454
2	810	but	345.06451612903226
2	811	after	381.64516129032256
2	812	a	343.3695652173913
2	813	time	307.1304347826087
2	814	he	301.1505376344086
2	815	tired	318.61290322580646
2	816	of	321.3370786516854
2	817	the	326.22222222222223
2	818	dull	286.9130434782609
2	819	life,	312.94565217391306
2	820	and	289.7142857142857
2	821	he	304.9891304347826
2	822	and	299.20652173913044
2	823	his	308.2197802197802
2	824	brothers	306.53846153846155
2	825	floated	301.31868131868134
2	826	under	355.92391304347825
2	827	a	342.1428571428572
2	828	bridge	313.85714285714283
2	829	for	343.67032967032964
2	830	a	297.8152173913044
2	831	long	293.80434782608694
2	832	distance,	308.65934065934067
2	833	until	339.0769230769231
2	834	they	302.2857142857143
2	835	saw	292.5934065934066
2	836	another	290.1630434782609
2	837	brook	323.752688172043
2	838	tumbling	324.0434782608696
2	839	down	351.7608695652174
2	840	a	307.65934065934067
2	841	hillside.	318.1630434782609
2	842	'Come,	341.7826086956522
2	843	let's	343.1847826086957
2	844	join	307.26881720430106
2	845	hands!'	323.7555555555556
2	846	cried	372.46153846153845
2	847	Aqua	339.5730337078652
2	848	and	340.31868131868134
2	849	because	326.8351648351648
2	850	the	307.0659340659341
2	851	water	318.86813186813185
2	852	drops	311.72527472527474
2	853	were	309.0326086956522
2	854	all	303.1758241758242
2	855	together,	309.58888888888885
2	856	overcoming	350.6153846153846
2	857	the	339.2043010752688
2	858	brook	328.5978260869565
2	859	was	307.13978494623655
2	860	child's	354.90109890109886
2	861	play.	334.2717391304348
2	862	It	367.56521739130426
2	863	was	352.6774193548387
2	864	by	328.6
2	865	the	295.2173913043478
2	866	help	328.3978494623655
2	867	of	313.44086021505376
2	868	Aqua	311.80219780219784
2	869	and	295.3369565217391
2	870	his	287.5108695652174
2	871	brothers	279.4731182795699
2	872	that	289.1777777777778
2	873	the	283.0
2	874	bewitching	290.3804347826087
2	875	river	368.494623655914
2	876	was	333.8494623655914
2	877	able	354.63440860215053
2	878	to	302.3736263736264
2	879	float	295.2173913043478
2	880	heavy	301.9347826086956
2	881	ships,	321.8478260869565
2	882	though	370.73333333333335
2	883	not	422.72527472527474
2	884	so	349.2
2	885	long	313.83870967741933
2	886	ago	306.55434782608694
2	887	it	316.5111111111111
2	888	was	297.27472527472526
2	889	only	300.66666666666663
2	890	a	315.77777777777777
2	891	little	321.64444444444445
2	892	stream.	324.34065934065933
2	893	As	330.44444444444446
2	894	the	318.65934065934067
2	895	river	323.7303370786517
2	896	grew	307.8068181818182
2	897	wider	302.01149425287355
2	898	and	305.7191011235955
2	899	he	323.68131868131866
2	900	could	343.64044943820227
2	901	almost	326.05494505494505
2	902	see	301.2111111111111
2	903	the	293.0978260869565
2	904	ocean,	289.3333333333333
2	905	Aqua	306.8
2	906	realized	310.9318181818182
2	907	his	320.3736263736264
2	908	journey	311.1098901098901
2	909	was	319.314606741573
2	910	almost	319.42045454545456
2	911	over	326.9
2	912	and	304.38461538461536
2	913	he	319.31868131868134
2	914	had	300.1123595505618
2	915	come	318.0113636363636
2	916	full	296.9325842696629
2	917	circle.	294.1098901098901
2	918	Back	332.49450549450546
2	919	in	320.76923076923083
2	920	the	306.7752808988764
2	921	ocean,	303.6
2	922	he	313.9887640449438
2	923	felt	310.8666666666667
2	924	right	317.2111111111111
2	925	at	316.1868131868132
2	926	home.	304.65934065934067
2	927	For	317.2967032967033
2	928	him,	297.7912087912088
2	929	this	307.3777777777778
2	930	was	286.2307692307692
2	931	the	287.05555555555554
2	932	safest,	309.21348314606746
2	933	sweetest	307.6516853932584
2	934	place	316.1758241758242
2	935	in	310.2307692307692
2	936	the	286.5164835164835
2	937	whole	292.8333333333333
2	938	wide	295.6
2	939	world.	296.8222222222222
2	940	During	318.0666666666667
2	941	the	312.7391304347826
2	942	warm	289.0111111111111
2	943	summer	287.1666666666667
2	944	evenings,	343.4494382022472
2	945	if	301.3777777777778
2	946	you	274.3296703296703
2	947	take	294.9230769230769
2	948	a	288.14444444444445
2	949	walk	290.5
2	950	on	280.14772727272725
2	951	the	280.7142857142857
2	952	sea	285.16483516483515
2	953	beach,	307.0112359550562
2	954	you	324.31868131868134
2	955	will	310.0
2	956	hear	312.55434782608694
2	957	the	297.44565217391306
2	958	gentle	305.9555555555556
2	959	rippling	349.8333333333333
2	960	swash	300.56666666666666
2	961	of	318.34065934065933
2	962	the	316.8888888888889
2	963	waves	293.56043956043953
2	964	and	287.75
2	965	some	305.03260869565213
2	966	say	308.06741573033713
2	967	that	297.3666666666667
2	968	it	309.7282608695652
2	969	must	302.80219780219784
2	970	be	287.5108695652174
2	971	the	281.9032258064516
2	972	gurgling	312.978021978022
2	973	voices	319.3296703296703
2	974	of	332.7956989247312
2	975	Aqua	320.8478260869565
2	976	and	326.1758241758242
2	977	his	311.0
2	978	brother	284.6489361702128
2	979	water	317.20212765957444
2	980	drops	356.05434782608694
2	981	telling	361.8478260869565
2	982	each	319.1720430107527
2	983	other	307.56382978723406
2	984	about	306.05494505494505
2	985	their	314.8387096774194
2	986	wonderful	306.1720430107527
2	987	journey	320.0425531914894
2	988	around	320.3440860215054
2	989	the	375.0425531914894
2	990	world.	433.3913043478261
3	1	It	676.159574468085
3	2	was	386.31521739130426
3	3	cold	391.159574468085
3	4	and	405.5425531914894
3	5	nearly	383.0744680851065
3	6	dark	382.6777777777777
3	7	on	367.5869565217392
3	8	the	392.6263736263736
3	9	last	349.4891304347827
3	10	evening	367.2688172043012
3	11	of	378.44565217391306
3	12	the	358.0430107526882
3	13	old	392.90109890109886
3	14	year,	438.75
3	15	and	493.03225806451616
3	16	the	371.5483870967743
3	17	snow	359.4731182795699
3	18	was	359.2688172043011
3	19	falling	394.3260869565217
3	20	fast	371.2473118279571
3	21	and	360.4835164835164
3	22	furious.	391.5444444444445
3	23	A	491.4782608695653
3	24	little	400.9
3	25	girl	381.4347826086957
3	26	no	347.0434782608696
3	27	one	394.2197802197802
3	28	sheltered	431.1739130434783
3	29	from	439.62222222222215
3	30	the	386.1208791208791
3	31	gelid	508.27777777777794
3	32	air	625.7640449438201
3	33	roamed	521.3626373626372
3	34	through	432.68131868131866
3	35	the	390.3296703296703
3	36	streets	401.1460674157304
3	37	with	428.0666666666667
3	38	a	368.38888888888897
3	39	bare	389.6483516483516
3	40	head	416.6923076923077
3	41	and	391.978021978022
3	42	naked	384.8241758241758
3	43	feet,	404.1648351648352
3	44	looking	445.0659340659341
3	45	as	391.8901098901099
3	46	poor	366.6263736263736
3	47	as	369.2637362637364
3	48	a	373.9333333333333
3	49	church	386.1208791208791
3	50	mouse.	412.9659090909091
3	51	It's	446.4888888888889
3	52	true	409.912087912088
3	53	she	371.3186813186814
3	54	had	348.6153846153845
3	55	on	349.3846153846154
3	56	a	383.3626373626373
3	57	pair	368.5824175824176
3	58	of	340.2197802197802
3	59	slippers	409.3846153846155
3	60	her	406.6923076923077
3	61	mother	420.86666666666656
3	62	had	375.4285714285714
3	63	once	361.3186813186813
3	64	given	363.9347826086957
3	65	her	364.6989247311828
3	66	when	360.1935483870967
3	67	she	336.5483870967742
3	68	left	350.6989247311828
3	69	home,	363.3870967741935
3	70	but	400.8260869565216
3	71	they	351.07526881720435
3	72	were	348.6344086021506
3	73	as	370.3225806451613
3	74	much	330.8172043010753
3	75	use	368.4623655913978
3	76	to	400.11956521739125
3	77	her	375.9890109890109
3	78	as	346.31521739130426
3	79	a	353.19565217391306
3	80	chocolate	376.2197802197802
3	81	teapot.	499.7362637362637
3	82	The	580.8111111111111
3	83	slippers	470.3478260869565
3	84	owned	445.3913043478261
3	85	by	404.3978494623655
3	86	her	349.6195652173913
3	87	mother	371.741935483871
3	88	were	364.8913043478261
3	89	so	362.6129032258065
3	90	large	351.38043478260863
3	91	that	343.5698924731184
3	92	the	345.5483870967742
3	93	emaciated	390.8260869565216
3	94	little	526.1195652173914
3	95	creature	461.0444444444444
3	96	had	414.7934782608696
3	97	lost	378.82795698924735
3	98	them	385.0108695652173
3	99	while	390.92473118279565
3	100	running	382.6483516483517
3	101	across	377.5217391304348
3	102	the	359.7032967032967
3	103	street	344.5978260869565
3	104	to	349.37634408602145
3	105	avoid	370.5326086956521
3	106	two	355.46739130434787
3	107	carriages	393.8681318681319
3	108	that	402.92473118279565
3	109	were	369.2903225806452
3	110	rolling	363.6630434782609
3	111	along	354.82222222222225
3	112	at	337.8152173913044
3	113	a	341.9782608695652
3	114	terrible	354.5869565217392
3	115	rate.	391.6
3	116	One	417.0
3	117	of	382.56043956043953
3	118	the	325.5108695652173
3	119	slippers	349.02197802197804
3	120	she	356.48387096774195
3	121	could	345.8260869565217
3	122	not	350.3695652173913
3	123	find,	355.17391304347825
3	124	and	361.1413043478261
3	125	a	330.5217391304348
3	126	boy	342.78260869565213
3	127	seized	383.6195652173913
3	128	upon	368.3586956521739
3	129	the	344.17977528089887
3	130	other,	353.65934065934067
3	131	saying	388.3444444444444
3	132	that	352.032967032967
3	133	he	339.86813186813185
3	134	could	340.6043956043956
3	135	use	330.1098901098901
3	136	it	329.8241758241758
3	137	as	331.45054945054943
3	138	a	329.5824175824176
3	139	home	381.28571428571433
3	140	for	373.8791208791209
3	141	his	352.7472527472528
3	142	little	340.27472527472526
3	143	pet	357.30434782608694
3	144	mouse.	388.0752688172044
3	145	So	431.967032967033
3	146	with	340.84615384615387
3	147	her	340.84615384615387
3	148	naked	343.5444444444444
3	149	feet,	365.3846153846154
3	150	which	359.6555555555556
3	151	were	355.6263736263736
3	152	quite	379.3186813186813
3	153	red	346.6373626373626
3	154	and	349.6444444444445
3	155	blue	354.04395604395603
3	156	with	355.01098901098896
3	157	the	350.35164835164835
3	158	cold,	366.45054945054943
3	159	the	364.97777777777776
3	160	little	377.1222222222222
3	161	girl	367.5
3	162	went	342.4725274725275
3	163	on,	335.956043956044
3	164	wondering	365.9222222222222
3	165	how	363.0
3	166	she	332.5108695652174
3	167	would	330.1847826086956
3	168	get	336.8222222222222
3	169	through	332.3
3	170	this	346.4555555555556
3	171	dreadful	353.8241758241758
3	172	night.	397.0111111111111
3	173	She	405.0769230769231
3	174	approached	383.5714285714286
3	175	an	400.5777777777778
3	176	old	356.42391304347825
3	177	hovel	368.0434782608696
3	178	she	435.4673913043479
3	179	had	442.4021739130435
3	180	used	362.956043956044
3	181	as	365.1413043478261
3	182	a	353.3695652173913
3	183	shelter	357.2934782608696
3	184	a	347.5326086956522
3	185	few	374.7282608695652
3	186	times	379.5652173913043
3	187	before,	352.1847826086956
3	188	and	350.3369565217391
3	189	found	333.0
3	190	the	323.65934065934067
3	191	entrance	358.2173913043478
3	192	was	379.4021739130435
3	193	locked.	376.94565217391306
3	194	Tough	422.7362637362637
3	195	luck	468.5869565217392
3	196	for	417.4835164835165
3	197	the	343.6043956043956
3	198	girl!	352.6304347826087
3	199	This	388.07608695652175
3	200	day	365.6304347826087
3	201	was	326.3695652173913
3	202	even	348.95652173913044
3	203	worse	352.5
3	204	than	351.04395604395603
3	205	the	338.5869565217391
3	206	others.	327.2307692307692
3	207	No	364.3956043956045
3	208	Good	376.1739130434783
3	209	Samaritan	497.2173913043478
3	210	had	469.2087912087912
3	211	given	367.45054945054943
3	212	her	325.978021978022
3	213	even	352.3586956521739
3	214	a	353.3626373626374
3	215	penny.	377.4285714285714
3	216	And	377.0989010989011
3	217	she	340.3478260869565
3	218	had	310.19565217391306
3	219	no	339.28260869565213
3	220	luck	333.55434782608694
3	221	selling	345.2934782608696
3	222	any	347.5869565217391
3	223	matches	343.4347826086956
3	224	that	391.5384615384616
3	225	she	367.1098901098901
3	226	carried	374.84615384615387
3	227	in	339.9450549450549
3	228	the	328.5054945054945
3	229	old	340.6923076923077
3	230	apron	460.0543478260869
3	231	her	525.0978260869565
3	232	grandmother	464.7934782608696
3	233	had	371.7173913043478
3	234	given	343.4065934065934
3	235	her.	363.4239130434783
3	236	Poor	440.2637362637363
3	237	little	341.9673913043478
3	238	child,	341.0879120879121
3	239	she	354.1630434782609
3	240	looked	342.6923076923077
3	241	the	384.13978494623655
3	242	picture	388.35483870967744
3	243	of	369.23655913978496
3	244	misery.	341.1086956521739
3	245	On	406.9010989010989
3	246	her	386.8369565217392
3	247	long,	360.28571428571433
3	248	fair	333.5217391304348
3	249	hair,	370.3736263736264
3	250	which	416.0444444444444
3	251	hung	406.4285714285714
3	252	in	350.4269662921348
3	253	curls	347.69565217391306
3	254	on	354.9782608695652
3	255	her	328.4347826086956
3	256	shoulders,	333.1868131868132
3	257	the	388.68131868131866
3	258	snowflakes	427.0769230769231
3	259	kept	372.46153846153845
3	260	landing,	357.72527472527474
3	261	but	342.87912087912093
3	262	she	336.5434782608696
3	263	did	329.6521739130435
3	264	not	321.4835164835165
3	265	notice	369.4
3	266	them	318.4725274725275
3	267	as	318.53846153846155
3	268	she	326.4945054945055
3	269	shivered	339.2857142857143
3	270	along.	342.8111111111112
3	271	She	356.27472527472526
3	272	was	355.7692307692308
3	273	losing	356.956043956044
3	274	strength	352.84615384615387
3	275	and	346.2
3	276	beginning	349.4725274725275
3	277	to	359.978021978022
3	278	doubt	329.55056179775283
3	279	she	342.29545454545456
3	280	could	340.1
3	281	weather	346.4333333333333
3	282	this	371.5955056179776
3	283	storm.	352.314606741573
3	284	It	366.4269662921348
3	285	was	333.5888888888889
3	286	New	352.87777777777785
3	287	Year's,	369.043956043956
3	288	and	368.8571428571428
3	289	the	377.9340659340659
3	290	girl	336.2967032967033
3	291	asked	316.34065934065933
3	292	herself	348.58888888888885
3	293	why,	332.1208791208791
3	294	as	340.4
3	295	lights	363.3296703296703
3	296	shone	359.68888888888887
3	297	from	342.6263736263736
3	298	every	345.2197802197802
3	299	window,	326.6043956043956
3	300	and	321.7032967032967
3	301	the	344.8
3	302	savory	342.4175824175824
3	303	smell	340.010989010989
3	304	of	325.56043956043953
3	305	roast	322.6373626373626
3	306	goose	316.57142857142856
3	307	crept	338.50549450549454
3	308	out	351.9230769230769
3	309	on	339.4777777777778
3	310	the	319.6222222222222
3	311	streets,	311.45054945054943
3	312	she	329.0
3	313	was	320.35164835164835
3	314	outside	319.7333333333333
3	315	all	324.0111111111111
3	316	alone.	349.3736263736264
3	317	Exhausted,	342.9333333333333
3	318	she	400.2637362637363
3	319	finally	340.1428571428572
3	320	sat	327.74444444444447
3	321	down	318.1758241758242
3	322	in	318.24175824175825
3	323	a	317.16666666666663
3	324	corner	316.1758241758242
3	325	behind	311.8791208791209
3	326	the	331.8901098901099
3	327	little	313.1098901098901
3	328	bakery.	315.91208791208794
3	329	She	375.6931818181818
3	330	put	356.53333333333336
3	331	a	308.5111111111111
3	332	rag	327.43333333333334
3	333	she	347.3
3	334	had	372.6333333333333
3	335	found	327.4
3	336	over	344.98888888888894
3	337	her	327.3956043956044
3	338	legs	337.54945054945057
3	339	to	345.91208791208794
3	340	cover	320.72527472527474
3	341	herself,	358.6111111111111
3	342	but	343.5934065934066
3	343	she	351.8791208791209
3	344	could	315.02222222222224
3	345	not	314.967032967033
3	346	keep	336.3222222222222
3	347	off	375.3586956521739
3	348	the	324.13186813186815
3	349	cold.	339.4725274725275
3	350	The	394.5168539325842
3	351	girl,	357.40449438202245
3	352	who	357.2840909090909
3	353	the	331.42857142857144
3	354	night	366.75824175824175
3	355	air	375.2888888888889
3	356	had	331.0777777777778
3	357	completely	345.6043956043956
3	358	enveloped,	394.4285714285714
3	359	dared	423.9230769230769
3	360	not	406.3626373626374
3	361	go	351.38461538461536
3	362	home,	326.5054945054945
3	363	for	369.5274725274725
3	364	she	338.3222222222222
3	365	had	338.9450549450549
3	366	sold	329.15384615384613
3	367	no	325.54945054945057
3	368	matches.	407.7692307692308
3	369	Her	423.3516483516484
3	370	father	358.83516483516485
3	371	had	331.9
3	372	been	325.1208791208791
3	373	mean	333.35164835164835
3	374	and	345.90109890109886
3	375	moody	343.8791208791209
3	376	ever	362.08791208791206
3	377	since	325.1208791208791
3	378	his	319.8791208791209
3	379	wife	320.04395604395603
3	380	had	338.90109890109886
3	381	gone	345.0
3	382	to	326.2637362637363
3	383	meet	329.50549450549454
3	384	her	343.2333333333333
3	385	Maker.	413.9777777777778
3	386	He	533.9450549450551
3	387	would	409.98888888888894
3	388	certainly	400.2197802197802
3	389	beat	362.8351648351648
3	390	her,	332.7362637362637
3	391	as	340.1348314606741
3	392	he	337.3777777777778
3	393	has	314.9888888888889
3	394	done	328.19101123595505
3	395	several	367.4888888888889
3	396	times	347.4431818181818
3	397	in	317.2808988764045
3	398	the	309.1111111111111
3	399	weeks	326.5824175824176
3	400	past,	367.5824175824176
3	401	because	358.6555555555556
3	402	she	346.94444444444446
3	403	had	328.93333333333334
3	404	not	314.9450549450549
3	405	earned	313.5888888888889
3	406	any	331.96666666666664
3	407	money	310.4175824175824
3	408	today.	326.3076923076923
3	409	Besides,	427.77777777777777
3	410	it	337.9340659340659
3	411	was	321.8876404494382
3	412	almost	300.0989010989011
3	413	as	295.956043956044
3	414	cold	297.54945054945057
3	415	at	321.6373626373626
3	416	home	331.967032967033
3	417	as	319.8
3	418	outside,	322.032967032967
3	419	for	350.93333333333334
3	420	they	316.7582417582417
3	421	had	317.42857142857144
3	422	only	297.1098901098901
3	423	a	305.5824175824176
3	424	patchy	311.5164835164835
3	425	roof	333.3076923076923
3	426	to	326.8901098901099
3	427	cover	334.1555555555556
3	428	them.	311.68888888888887
3	429	The	342.50549450549454
3	430	girl's	332.6777777777777
3	431	little	335.0
3	432	hands	342.2857142857143
3	433	were	322.9325842696629
3	434	almost	318.4175824175824
3	435	frozen	352.11235955056173
3	436	solid	327.3483146067416
3	437	so	318.2584269662922
3	438	she	327.3956043956044
3	439	decided	329.03333333333336
3	440	that	334.46153846153845
3	441	a	308.2197802197802
3	442	burning	327.94444444444446
3	443	match	354.05494505494505
3	444	might	385.98901098901104
3	445	be	326.5777777777778
3	446	of	317.956043956044
3	447	some	345.4444444444445
3	448	good.	357.6153846153846
3	449	'Scratch!'	421.31111111111113
3	450	sounded	480.0111111111111
3	451	the	411.9550561797753
3	452	match	369.0777777777778
3	453	as	336.6741573033708
3	454	she	345.032967032967
3	455	drew	329.8
3	456	it	327.3736263736264
3	457	out.	313.8222222222222
3	458	How	367.1111111111111
3	459	it	346.2197802197802
3	460	sputtered	371.2967032967033
3	461	as	345.2087912087912
3	462	it	326.8791208791209
3	463	burnt!	340.4175824175824
3	464	It	348.1666666666667
3	465	gave	369.75824175824175
3	466	a	323.7142857142857
3	467	warm,	327.5274725274725
3	468	candle-like	381.30769230769226
3	469	bright	389.03333333333336
3	470	light	344.4065934065934
3	471	that	344.8111111111112
3	472	the	317.989010989011
3	473	girl	328.5056179775281
3	474	hid	292.4888888888889
3	475	from	340.2111111111111
3	476	the	309.03333333333336
3	477	world	309.23595505617976
3	478	as	327.22222222222223
3	479	she	344.0777777777778
3	480	held	330.53932584269666
3	481	her	305.1222222222222
3	482	hand	331.7444444444444
3	483	over	299.53333333333336
3	484	it.	321.5934065934066
3	485	Why	317.1555555555556
3	486	had	327.2967032967033
3	487	no	313.6
3	488	one	314.35164835164835
3	489	wanted	340.24175824175825
3	490	to	339.15384615384613
3	491	buy	299.3956043956044
3	492	even	300.04395604395603
3	493	one	309.5274725274725
3	494	match?	317.25274725274727
3	495	A	330.75280898876406
3	496	wonderful	325.8241758241758
3	497	light,	337.9
3	498	it	352.9450549450549
3	499	was	343.34444444444443
3	500	really.	365.4565217391304
3	501	It	346.6263736263736
3	502	seemed	362.3846153846154
3	503	to	334.8777777777778
3	504	the	334.66666666666663
3	505	girl	348.2857142857143
3	506	that	340.8131868131868
3	507	she	288.6847826086956
3	508	was	319.4130434782609
3	509	sitting	300.0326086956522
3	510	by	306.8260869565217
3	511	a	309.1847826086956
3	512	large	317.2934782608696
3	513	iron	311.64130434782606
3	514	stove,	319.25
3	515	with	368.7608695652174
3	516	polished	371.6593406593407
3	517	brass	350.85714285714283
3	518	feet	335.8369565217391
3	519	and	363.8586956521739
3	520	a	333.4347826086956
3	521	brass	318.6086956521739
3	522	ornament.	390.3913043478261
3	523	How	378.3033707865168
3	524	the	340.8333333333333
3	525	fire	329.8241758241758
3	526	burned!	356.9340659340659
3	527	The	370.2111111111111
3	528	girl	367.19780219780216
3	529	was	317.2183908045977
3	530	pleased	344.1685393258427
3	531	and	327.3820224719101
3	532	the	323.48888888888894
3	533	fire	341.21348314606746
3	534	actually	307.0888888888889
3	535	seemed	356.08988764044943
3	536	so	333.8555555555555
3	537	warm	318.4269662921348
3	538	that	308.83516483516485
3	539	the	323.4111111111111
3	540	child	316.5164835164835
3	541	stretched	339.7111111111111
3	542	out	349.3111111111112
3	543	her	357.5
3	544	feet	327.7
3	545	as	344.91208791208794
3	546	if	318.6263736263736
3	547	to	342.85714285714283
3	548	warm	309.13186813186815
3	549	them,	304.2967032967033
3	550	when	342.65934065934067
3	551	suddenly	343.27472527472526
3	552	the	330.8901098901099
3	553	flame	320.54945054945057
3	554	of	314.53846153846155
3	555	the	310.25274725274727
3	556	match	319.7912087912088
3	557	went	309.5444444444444
3	558	out.	314.978021978022
3	559	It	334.3296703296703
3	560	was	317.7912087912088
3	561	a	294.13186813186815
3	562	short,	316.7032967032967
3	563	stubby	354.8131868131868
3	564	match	341.25274725274727
3	565	that	330.84615384615387
3	566	the	321.8888888888889
3	567	little	320.967032967033
3	568	girl	304.3666666666667
3	569	next	301.98901098901104
3	570	rubbed	338.4945054945055
3	571	on	332.86813186813185
3	572	the	340.5274725274725
3	573	wall.	336.31868131868134
3	574	It	379.23333333333335
3	575	burst	350.6703296703297
3	576	into	329.8021978021978
3	577	a	339.45054945054943
3	578	flame,	333.06666666666666
3	579	and	350.4835164835165
3	580	lo	321.71428571428567
3	581	and	367.0222222222222
3	582	behold,	327.1868131868132
3	583	the	308.6373626373626
3	584	girl	306.77777777777777
3	585	was	306.45054945054943
3	586	transported	327.9230769230769
3	587	from	347.6923076923077
3	588	her	322.72527472527474
3	589	dank	325.57142857142856
3	590	city	371.4725274725275
3	591	to	346.69230769230774
3	592	a	306.7111111111111
3	593	beautiful,	318.05494505494505
3	594	sunny	308.956043956044
3	595	forest.	352.1978021978022
3	596	She	354.22222222222223
3	597	heard	349.4835164835165
3	598	the	330.68131868131866
3	599	birds	320.0989010989011
3	600	chirping	328.6263736263736
3	601	and	303.5054945054945
3	602	she	322.47777777777776
3	603	was	294.47777777777776
3	604	surrounded	285.65934065934067
3	605	by	304.7142857142857
3	606	wildflowers	331.0
3	607	and	335.8666666666667
3	608	birches	313.7362637362637
3	609	as	335.49450549450546
3	610	white	320.1460674157304
3	611	as	331.5274725274725
3	612	snow.	344.0659340659341
3	613	A	334.04395604395603
3	614	little	318.94444444444446
3	615	squirrel	290.06666666666666
3	616	hid	328.31868131868134
3	617	some	304.9111111111111
3	618	food	327.1555555555556
3	619	in	336.06741573033713
3	620	the	304.24175824175825
3	621	ground	323.5274725274725
3	622	and	312.2637362637363
3	623	scurried	335.52747252747247
3	624	off	313.9450549450549
3	625	into	307.010989010989
3	626	the	294.9010989010989
3	627	underbrush.	317.7362637362637
3	628	The	350.4555555555556
3	629	girl	325.0769230769231
3	630	was	320.57142857142867
3	631	curious,	324.8888888888889
3	632	so	316.05555555555554
3	633	she	319.83516483516485
3	634	dug	316.956043956044
3	635	some	305.6043956043956
3	636	squirrel	321.9230769230769
3	637	food	335.7362637362637
3	638	up	310.7362637362637
3	639	to	289.02197802197804
3	640	see	306.45054945054943
3	641	what	287.989010989011
3	642	it	289.3296703296703
3	643	was,	292.7362637362637
3	644	but	308.77777777777777
3	645	then	310.4725274725275
3	646	she	300.6
3	647	forgot	310.13186813186815
3	648	to	296.0
3	649	put	293.42857142857144
3	650	it	298.68131868131866
3	651	back.	313.5
3	652	The	324.3846153846154
3	653	squirrel	331.9555555555556
3	654	came	320.16483516483515
3	655	back	322.3333333333333
3	656	and	291.7692307692308
3	657	looked	303.8222222222222
3	658	in	303.45054945054943
3	659	its	290.72222222222223
3	660	hiding	297.7582417582417
3	661	place,	306.6777777777777
3	662	but	322.87912087912093
3	663	the	293.1333333333333
3	664	food	276.2197802197802
3	665	was	299.4222222222222
3	666	nowhere	289.5
3	667	to	310.18888888888887
3	668	be	300.1758241758242
3	669	found.	289.43333333333334
3	670	Then	328.7472527472528
3	671	the	297.3333333333333
3	672	match	298.38461538461536
3	673	went	306.1758241758242
3	674	out,	344.8241758241758
3	675	and	307.7692307692308
3	676	it	307.2197802197802
3	677	wasn't	301.032967032967
3	678	the	303.3111111111112
3	679	forest	305.6777777777778
3	680	that	331.2967032967033
3	681	remained	336.956043956044
3	682	before	330.19780219780216
3	683	her	327.1098901098901
3	684	eyes.	393.3
3	685	It	336.7692307692308
3	686	was	288.010989010989
3	687	only	275.5164835164835
3	688	the	292.83516483516485
3	689	thick,	302.7802197802198
3	690	damp,	297.5934065934066
3	691	cold	305.3333333333333
3	692	wall.	311.2307692307692
3	693	The	362.88888888888897
3	694	girl	348.7362637362637
3	695	looked	329.1222222222222
3	696	despondently	343.49450549450546
3	697	into	388.56043956043953
3	698	the	324.8666666666667
3	699	sky	313.43956043956047
3	700	that	292.46666666666664
3	701	was	299.33333333333337
3	702	now	296.1777777777778
3	703	fully	341.7692307692308
3	704	darkened	329.85714285714283
3	705	and	340.53846153846155
3	706	suddenly	322.6703296703297
3	707	she	306.6777777777778
3	708	saw	299.3076923076923
3	709	a	307.0
3	710	star	321.8021978021978
3	711	fall,	309.13186813186815
3	712	leaving	349.9222222222222
3	713	behind	361.0444444444444
3	714	it	318.5824175824176
3	715	a	313.1758241758242
3	716	bright	311.6043956043956
3	717	streak	298.68131868131866
3	718	of	337.2
3	719	fire.	299.6666666666667
3	720	'Someone	367.2247191011236
3	721	is	406.1538461538461
3	722	dying,'	338.90109890109886
3	723	thought	379.13186813186815
3	724	the	361.0888888888889
3	725	little	308.2444444444444
3	726	girl.	318.3033707865169
3	727	It	318.8314606741573
3	728	was	296.4835164835165
3	729	her	297.86813186813185
3	730	old	317.8
3	731	grandmother,	355.55172413793105
3	732	the	377.53333333333336
3	733	one	356.9555555555556
3	734	who	323.1555555555556
3	735	had	306.6292134831461
3	736	loved	291.1222222222222
3	737	her	305.8888888888889
3	738	the	308.7032967032967
3	739	most,	319.09890109890114
3	740	and	303.2857142857143
3	741	the	304.45054945054943
3	742	one	313.50549450549454
3	743	who	281.86813186813185
3	744	the	285.010989010989
3	745	girl	317.010989010989
3	746	used	317.9450549450549
3	747	to	294.6923076923077
3	748	visit	299.3956043956044
3	749	every	294.84615384615387
3	750	Sunday,	301.2307692307692
3	751	who	347.54945054945057
3	752	had	303.86813186813185
3	753	told	290.3296703296703
3	754	her	295.8241758241758
3	755	that	290.956043956044
3	756	when	288.06666666666666
3	757	a	301.8791208791209
3	758	star	309.1978021978022
3	759	falls,	308.032967032967
3	760	a	306.685393258427
3	761	soul	326.43956043956047
3	762	leaves	318.7802197802198
3	763	this	322.6923076923077
3	764	earth.	316.9010989010989
3	765	It	357.30769230769226
3	766	was	336.2857142857143
3	767	her	294.2637362637363
3	768	last	289.43956043956047
3	769	match	308.01098901098896
3	770	that	310.34065934065933
3	771	the	336.1847826086956
3	772	little	321.57142857142856
3	773	girl	296.1304347826087
3	774	now	284.05494505494505
3	775	rubbed	301.4065934065934
3	776	on	330.5869565217391
3	777	the	325.7582417582417
3	778	wall	324.6777777777778
3	779	and	292.3
3	780	the	290.4347826086956
3	781	light	310.2934782608696
3	782	again	308.9230769230769
3	783	shone	317.97777777777776
3	784	round	318.85714285714283
3	785	her.	320.3626373626374
3	786	Her	333.8901098901099
3	787	old	332.01098901098896
3	788	grandmother	373.50549450549454
3	789	in	329.72222222222223
3	790	the	317.45054945054943
3	791	brightness	312.8666666666667
3	792	stood,	329.7912087912088
3	793	loving	363.7865168539325
3	794	in	350.24175824175825
3	795	her	340.5777777777778
3	796	appearance.	380.74725274725273
3	797	The	390.48888888888894
3	798	girl	342.9450549450549
3	799	understood	329.3296703296703
3	800	her	333.44565217391306
3	801	grandmother	330.02222222222224
3	802	would	341.52747252747247
3	803	soon	382.5111111111111
3	804	disappear,	346.75
3	805	but	354.9555555555556
3	806	she	330.8260869565217
3	807	tried	315.7391304347826
3	808	to	317.7888888888889
3	809	play	312.0760869565217
3	810	for	321.021978021978
3	811	time.	359.8111111111112
3	812	'Grandmother,'	459.8681318681319
3	813	cried	444.81111111111113
3	814	the	357.8901098901099
3	815	little	330.6263736263736
3	816	one,	304.9010989010989
3	817	'O	359.22222222222223
3	818	take	355.9230769230769
3	819	me	331.84444444444443
3	820	with	297.7362637362637
3	821	you!	308.87640449438203
3	822	I	301.35555555555555
3	823	know	333.054945054945
3	824	you	291.5274725274725
3	825	will	310.4222222222222
3	826	go	308.1777777777778
3	827	away	318.46153846153845
3	828	when	328.0
3	829	the	311.18888888888887
3	830	match	298.85714285714283
3	831	burns	306.0769230769231
3	832	out!'	334.1428571428572
3	833	The	329.85393258426967
3	834	girl	330.7362637362637
3	835	decided	305.43956043956047
3	836	to	324.01098901098896
3	837	light	311.0659340659341
3	838	the	341.20879120879124
3	839	whole	343.9450549450549
3	840	bundle	341.8791208791209
3	841	of	346.13186813186815
3	842	matches,	346.5274725274725
3	843	in	335.9230769230769
3	844	order	320.35164835164835
3	845	to	309.4835164835165
3	846	keep	306.8791208791209
3	847	her	301.94444444444446
3	848	grandmother	321.8666666666667
3	849	there.	347.43333333333334
3	850	The	332.8791208791209
3	851	girl	335.44444444444446
3	852	saw	315.9222222222222
3	853	the	300.5
3	854	matches	300.25274725274727
3	855	glowed	327.8901098901099
3	856	with	332.05555555555554
3	857	a	329.2197802197802
3	858	light	352.1868131868132
3	859	that	319.84444444444443
3	860	was	317.90109890109886
3	861	brighter	316.68131868131866
3	862	than	329.13186813186815
3	863	the	301.64444444444445
3	864	day,	298.1868131868132
3	865	and	332.2111111111111
3	866	her	315.8241758241758
3	867	grandmother	317.3296703296703
3	868	had	322.8333333333333
3	869	never	329.0444444444444
3	870	appeared	343.19780219780216
3	871	so	322.4175824175824
3	872	large	310.64835164835165
3	873	or	318.6923076923077
3	874	so	331.38461538461536
3	875	beautiful	316.6333333333333
3	876	as	305.24719101123594
3	877	she	302.010989010989
3	878	did	309.8131868131868
3	879	in	297.49450549450546
3	880	the	301.50549450549454
3	881	light	290.7362637362637
3	882	of	286.2197802197802
3	883	the	276.08791208791206
3	884	little	278.6292134831461
3	885	matches.	319.5164835164835
3	886	The	370.2022471910112
3	887	grandmother	371.3626373626374
3	888	then	323.7032967032967
3	889	took	321.3296703296703
3	890	the	314.7142857142857
3	891	little	304.2307692307692
3	892	girl	287.27472527472526
3	893	in	303.5777777777778
3	894	her	288.3076923076923
3	895	arms,	286.65934065934067
3	896	and	293.8131868131868
3	897	they	285.5934065934066
3	898	both	287.5934065934066
3	899	flew	295.7362637362637
3	900	upwards	306.02197802197804
3	901	in	312.1
3	902	brightness	310.8901098901099
3	903	and	306.3820224719101
3	904	joy	326.6043956043956
3	905	far	304.49450549450546
3	906	above	305.0989010989011
3	907	the	304.30681818181813
3	908	earth,	314.5934065934066
3	909	where	314.3888888888889
3	910	there	313.9888888888889
3	911	was	306.2555555555556
3	912	neither	296.24175824175825
3	913	cold	301.6373626373626
3	914	nor	297.1
3	915	hunger,	299.9887640449438
3	916	and	328.16666666666663
3	917	the	293.3736263736264
3	918	little	289.1428571428572
3	919	girl	288.0
3	920	felt	293.35555555555555
3	921	safe	303.9230769230769
3	922	and	298.5164835164835
3	923	peaceful.	314.978021978022
3	924	In	329.4
3	925	the	303.08791208791206
3	926	dawn	285.72527472527474
3	927	of	286.967032967033
3	928	the	287.27472527472526
3	929	morning	273.4222222222222
3	930	there	289.3296703296703
3	931	lay	311.46153846153845
3	932	the	317.9450549450549
3	933	poor	339.18888888888887
3	934	little	305.3370786516854
3	935	one,	323.8666666666666
3	936	not	314.19101123595505
3	937	frowning,	394.7802197802198
3	938	but	365.44565217391306
3	939	smiling	335.53846153846155
3	940	and	323.2967032967033
3	941	with	305.15384615384613
3	942	a	303.6521739130435
3	943	pale	313.4945054945055
3	944	face	333.46666666666664
3	945	leaning	323.1333333333333
3	946	against	338.04395604395603
3	947	the	313.967032967033
3	948	wall,	318.1222222222222
3	949	frozen	325.0659340659341
3	950	and	325.50549450549454
3	951	stone	332.01098901098896
3	952	dead.	436.3406593406593
3	953	'She	412.06666666666666
3	954	tried	384.72527472527474
3	955	to	356.65934065934067
3	956	warm	329.6703296703297
3	957	herself,'	338.7252747252748
3	958	said	363.1098901098901
3	959	some.	356.4285714285714
3	960	Children	441.9340659340659
3	961	who	430.0
3	962	saw	346.2967032967033
3	963	her	322.7802197802198
3	964	were	344.41111111111115
3	965	asking	378.3956043956045
3	966	their	356.5444444444444
3	967	parents	323.0989010989011
3	968	why	324.0444444444444
3	969	no	307.5111111111111
3	970	one	306.4835164835165
3	971	helped	299.84444444444443
3	972	the	334.6043956043956
3	973	girl	315.49450549450546
3	974	who	323.1222222222222
3	975	they	312.16483516483515
3	976	knew	333.3888888888889
3	977	looked	352.5164835164835
3	978	dirt	338.43333333333334
3	979	poor	368.2857142857143
3	980	and	332.0769230769231
3	981	helpless.	317.85714285714283
3	982	Passersby	451.5333333333333
3	983	who	404.1428571428572
3	984	saw	337.6923076923077
3	985	her	321.9222222222222
3	986	sitting	331.47777777777776
3	987	motionless	362.7582417582418
3	988	wished	364.3296703296703
3	989	they	345.0659340659341
3	990	could	322.7802197802198
3	991	have	317.77777777777777
3	992	helped	311.1758241758242
3	993	the	305.16483516483515
3	994	girl,	330.56043956043953
3	995	but	343.9450549450549
3	996	their	300.6703296703297
3	997	good	307.5934065934066
3	998	intentions	320.8241758241758
3	999	were	321.72527472527474
3	1000	a	311.4065934065934
3	1001	day	300.3736263736264
3	1002	late	303.15384615384613
3	1003	and	302.0989010989011
3	1004	a	301.1758241758242
3	1005	dollar	304.4945054945055
3	1006	short.	315.0659340659341
3	1007	Other	339.945054945055
3	1008	people	327.7142857142857
3	1009	suspected	330.72527472527474
3	1010	the	317.8777777777778
3	1011	girl	302.956043956044
3	1012	had	292.5444444444444
3	1013	fallen	313.5274725274725
3	1014	asleep	312.48888888888894
3	1015	and	308.4157303370786
3	1016	frozen,	298.1847826086956
3	1017	but	330.0978260869565
3	1018	no	323.4891304347826
3	1019	one	312.8152173913044
3	1020	imagined	327.9347826086957
3	1021	what	317.4130434782609
3	1022	beautiful	321.9891304347826
3	1023	things	331.6559139784946
3	1024	she	337.3010752688172
3	1025	had	327.23655913978496
3	1026	seen,	302.7204301075269
3	1027	nor	321.83870967741933
3	1028	into	319.18279569892474
3	1029	what	318.4301075268817
3	1030	glory	335.6086956521739
3	1031	she	321.6989247311828
3	1032	had	316.36559139784947
3	1033	entered	306.20212765957444
3	1034	with	313.0425531914894
3	1035	her	325.24468085106383
3	1036	grandmother,	329.6063829787234
3	1037	on	357.1170212765957
3	1038	New	377.7021276595745
3	1039	Year's	378.17894736842106
3	1040	day.	495.258064516129
4	1	Once	541.7252747252747
4	2	upon	363.84615384615387
4	3	a	335.2608695652174
4	4	time	336.7282608695652
4	5	the	339.2934782608696
4	6	birds	337.28571428571433
4	7	took	334.2
4	8	it	340.978021978022
4	9	into	335.50549450549454
4	10	their	336.39325842696627
4	11	heads	362.0
4	12	that	349.8666666666666
4	13	they	334.8409090909091
4	14	would	334.80219780219784
4	15	like	333.054945054945
4	16	a	322.46153846153845
4	17	master,	329.6818181818182
4	18	and	378.989010989011
4	19	that	336.20879120879124
4	20	one	331.23333333333323
4	21	of	322.3
4	22	their	314.6555555555556
4	23	number	330.18888888888887
4	24	must	389.3333333333333
4	25	be	366.8863636363637
4	26	chosen	368.7333333333332
4	27	king.	406.5632183908045
4	28	A	484.6966292134831
4	29	meeting	421.4943820224719
4	30	of	345.9550561797753
4	31	all	341.21348314606746
4	32	the	321.6931818181818
4	33	birds	317.0224719101124
4	34	was	344.52272727272725
4	35	called	327.0112359550562
4	36	and	325.15730337078656
4	37	though	338.4318181818182
4	38	they	366.1123595505617
4	39	understood	357.4942528735632
4	40	the	359.5113636363637
4	41	birds	340.7586206896552
4	42	who	373.89772727272737
4	43	were	354.4942528735632
4	44	from	375.0340909090909
4	45	the	378.6477272727273
4	46	most	347.85227272727263
4	47	distant	362.45454545454544
4	48	lands	349.5681818181818
4	49	would	357.88636363636374
4	50	be	352.7356321839081
4	51	unable	373.8409090909091
4	52	to	350.8977272727273
4	53	come,	395.22727272727263
4	54	many	455.4090909090909
4	55	birds	359.9545454545454
4	56	came	338.5402298850575
4	57	from	340.7471264367816
4	58	faraway	352.0909090909091
4	59	meadows	390.4772727272726
4	60	and	378.7816091954023
4	61	woods.	384.1590909090909
4	62	The	404.2873563218391
4	63	eagle,	370.2613636363637
4	64	who	359.75
4	65	already	359.04545454545456
4	66	thought	337.9886363636363
4	67	himself	375.7159090909091
4	68	the	366.0568181818182
4	69	de	374.54545454545456
4	70	facto	442.52325581395365
4	71	king,	459.27272727272725
4	72	arrived	415.2134831460674
4	73	fashionably	410.4659090909091
4	74	late.	429.89772727272725
4	75	It	404.0681818181818
4	76	was	343.9885057471264
4	77	a	357.0229885057471
4	78	hawk	379.1931818181818
4	79	who	356.25
4	80	was	329.39772727272725
4	81	most	325.125
4	82	excited	384.77272727272737
4	83	about	347.2159090909091
4	84	the	323.5909090909091
4	85	meeting,	342.89772727272725
4	86	because	418.5227272727274
4	87	he	337.8636363636363
4	88	was	319.35632183908046
4	89	the	313.2159090909091
4	90	dark	321.9310344827586
4	91	horse	345.04545454545456
4	92	for	364.0681818181818
4	93	king.	422.4090909090909
4	94	The	506.5909090909091
4	95	small	420.77272727272725
4	96	fry	384.75
4	97	came	379.3863636363637
4	98	too,	371.5909090909091
4	99	and	401.4022988505748
4	100	the	355.1590909090909
4	101	robin,	379.6590909090909
4	102	the	372.1590909090909
4	103	bluebird,	418.625
4	104	the	374.14942528735634
4	105	owl,	360.57954545454544
4	106	the	366.95454545454544
4	107	lark,	358.39772727272725
4	108	and	367.7613636363637
4	109	the	370.04545454545456
4	110	sparrow,	362.8068181818182
4	111	who	362.82954545454544
4	112	had	362.9080459770115
4	113	only	340.7931034482759
4	114	a	323.9655172413793
4	115	chance	340.3636363636363
4	116	in	341.20454545454544
4	117	a	316.72727272727275
4	118	million	360.3181818181818
4	119	to	346.2386363636364
4	120	be	347.32183908045977
4	121	king,	370.9310344827586
4	122	were	386.5232558139536
4	123	all	367.4090909090909
4	124	present	347.735632183908
4	125	at	368.41379310344826
4	126	the	305.60227272727275
4	127	meeting.	332.1348314606741
4	128	The	358.5
4	129	cuckoo,	441.9659090909091
4	130	who	409.14772727272725
4	131	was	365.67045454545456
4	132	almost	333.54545454545456
4	133	not	342.68181818181813
4	134	invited	349.59770114942523
4	135	because	393.2386363636363
4	136	his	355.82954545454544
4	137	call	336.82954545454544
4	138	so	365.0344827586207
4	139	annoyed	439.9318181818181
4	140	the	377.0568181818181
4	141	other	371.64772727272725
4	142	birds,	364.3068181818181
4	143	came	364.3068181818181
4	144	too.	353.2068965517241
4	145	It	402.6931818181818
4	146	was	367.6022727272728
4	147	the	324.625
4	148	very	342.2159090909091
4	149	little	337.4659090909091
4	150	bird	322.20454545454544
4	151	who	330.9659090909091
4	152	had	349.7840909090909
4	153	no	321.25
4	154	name	335.1136363636363
4	155	at	358.4942528735632
4	156	all,	352.60227272727275
4	157	however,	402.1627906976744
4	158	that	383.5
4	159	would	345.7840909090909
4	160	end	346.0340909090909
4	161	up	345.3636363636363
4	162	overturning	388.82954545454544
4	163	the	376.8863636363636
4	164	balance	396.89772727272725
4	165	of	348.44318181818187
4	166	power	332.85057471264366
4	167	among	355.0568181818182
4	168	the	339.0
4	169	birds.	353.81609195402297
4	170	That	373.86206896551727
4	171	there	392.8863636363637
4	172	would	354.6136363636363
4	173	be	347.69318181818187
4	174	great	355.13793103448273
4	175	confusion	424.4022988505747
4	176	and	391.63218390804593
4	177	noise	352.6136363636363
4	178	among	364.5977011494252
4	179	the	362.77272727272725
4	180	birds	343.0229885057471
4	181	at	336.97727272727275
4	182	the	324.05681818181813
4	183	meeting	348.4318181818182
4	184	was	348.13793103448273
4	185	to	344.81609195402297
4	186	be	326.4597701149425
4	187	expected,	356.5402298850575
4	188	given	389.73863636363626
4	189	the	366.1363636363636
4	190	sheer	343.39772727272725
4	191	numbers	344.17045454545456
4	192	of	351.9090909090909
4	193	birds	333.5
4	194	that	326.6590909090909
4	195	have	375.43678160919546
4	196	gathered.	356.8045977011494
4	197	There	414.32183908045977
4	198	was	377.2558139534884
4	199	piping,	402.080459770115
4	200	hissing,	488.95454545454544
4	201	and	412.42045454545456
4	202	clacking,	398.0116279069768
4	203	but	433.95454545454544
4	204	finally	383.9431818181818
4	205	it	346.05681818181813
4	206	was	313.7386363636363
4	207	decided	366.9431818181818
4	208	that	367.8863636363637
4	209	the	318.91954022988506
4	210	bird	338.1590909090909
4	211	that	368.2413793103448
4	212	could	331.9770114942529
4	213	fly	370.9655172413793
4	214	the	360.81609195402297
4	215	highest	362.1149425287357
4	216	should	347.42045454545456
4	217	be	333.3181818181818
4	218	king.	353.85227272727275
4	219	The	385.23863636363626
4	220	little	371.1818181818181
4	221	bird	331.41379310344826
4	222	lay	352.07954545454544
4	223	low	358.1590909090909
4	224	near	365.625
4	225	the	353.0813953488372
4	226	eagle	382.9411764705882
4	227	at	407.9425287356322
4	228	first,	382.9770114942529
4	229	but	395.2413793103448
4	230	the	358.17241379310343
4	231	eagle	352.6136363636364
4	232	did	367.7272727272728
4	233	not	340.8965517241379
4	234	notice	371.6091954022989
4	235	the	357.3863636363636
4	236	bird	374.4772727272728
4	237	hopping	390.5113636363637
4	238	onto	386.625
4	239	his	376.57954545454544
4	240	back	389.13793103448273
4	241	right	408.64772727272725
4	242	as	383.32183908045977
4	243	the	363.6136363636364
4	244	competition	394.8390804597701
4	245	was	377.1724137931034
4	246	about	356.875
4	247	to	366.13793103448273
4	248	commence.	449.953488372093
4	249	Into	387.89534883720927
4	250	the	371.2873563218391
4	251	air	322.13793103448273
4	252	in	338.82758620689657
4	253	a	356.8181818181818
4	254	great	349.54545454545456
4	255	flock	348.79545454545456
4	256	all	336.09090909090907
4	257	the	326.1764705882353
4	258	birds	328.0919540229885
4	259	flew	336.3953488372093
4	260	when	342.2413793103448
4	261	the	329.7931034482759
4	262	signal	346.2528735632184
4	263	was	336.8390804597701
4	264	given.	348.47727272727275
4	265	The	364.54545454545456
4	266	air	355.8636363636364
4	267	was	328.25
4	268	full	341.4318181818182
4	269	of	330.08045977011494
4	270	dust,	303.9431818181818
4	271	and	328.2325581395349
4	272	it	357.0574712643678
4	273	seemed	316.93023255813955
4	274	as	324.64772727272725
4	275	if	330.95454545454544
4	276	a	324.51724137931035
4	277	black	324.85227272727275
4	278	cloud	373.4651162790698
4	279	were	350.95454545454544
4	280	floating	387.3863636363637
4	281	over	346.45454545454544
4	282	the	307.4482758620689
4	283	field.	370.0697674418605
4	284	You	379.8837209302325
4	285	could	331.5402298850575
4	286	hear	348.72727272727275
4	287	the	322.8735632183908
4	288	birds	303.8965517241379
4	289	chirping	320.36781609195407
4	290	and	345.52272727272725
4	291	flapping	316.15116279069764
4	292	from	335.11494252873564
4	293	fields	316.3333333333333
4	294	that	347.5
4	295	were	324.264367816092
4	296	miles	327.98850574712645
4	297	away.	363.2988505747127
4	298	The	347.68965517241384
4	299	little	328.0919540229885
4	300	birds	361.7272727272728
4	301	that	327.58620689655174
4	302	soon	333.7093023255814
4	303	grew	348.8735632183908
4	304	tired	339.32183908045977
4	305	fell	351.68965517241384
4	306	back	348.18390804597703
4	307	quickly	352.6860465116279
4	308	to	326.0
4	309	earth.	335.5882352941177
4	310	The	359.2413793103448
4	311	fact	344.3793103448276
4	312	that	326.2068965517241
4	313	the	311.4431818181818
4	314	larger	343.5
4	315	ones	326.04651162790697
4	316	held	334.3908045977012
4	317	out	337.66666666666663
4	318	longer,	329.4712643678161
4	319	and	339.17045454545456
4	320	flew	343.2386363636364
4	321	higher	341.9186046511628
4	322	and	338.8965517241379
4	323	higher,	328.8965517241379
4	324	but	353.48275862068965
4	325	the	320.7613636363636
4	326	eagle	354.0681818181818
4	327	flew	352.2413793103448
4	328	highest	349.86206896551727
4	329	of	337.0113636363636
4	330	any,	384.3409090909091
4	331	surprised	391.7613636363637
4	332	no	380.9090909090909
4	333	one.	404.2840909090909
4	334	Could	430.05813953488376
4	335	anyone	377.2441860465116
4	336	stop	401.2988505747127
4	337	the	340.4886363636363
4	338	eagle	313.0568181818182
4	339	that	345.7701149425287
4	340	seemed	323.5
4	341	to	315.7386363636364
4	342	be	306.1264367816092
4	343	flying	314.9425287356322
4	344	straight	327.4482758620689
4	345	into	336.7674418604651
4	346	the	319.5287356321839
4	347	sun?	360.17045454545456
4	348	The	367.85057471264366
4	349	other	336.8850574712644
4	350	birds	368.17045454545456
4	351	gave	313.1931818181818
4	352	out	325.07954545454544
4	353	one	339.85227272727275
4	354	by	332.8636363636364
4	355	one	329.625
4	356	and	320.29545454545456
4	357	when	316.40909090909093
4	358	the	317.6363636363636
4	359	eagle	321.42045454545456
4	360	saw	328.1136363636364
4	361	this	315.8636363636364
4	362	he	328.54545454545456
4	363	thought,	354.0114942528736
4	364	'What	350.35227272727275
4	365	is	325.3793103448276
4	366	the	313.47727272727275
4	367	use	304.95454545454544
4	368	of	315.5568181818182
4	369	flying	323.875
4	370	any	331.04545454545456
4	371	higher?	345.8390804597701
4	372	This	386.3522727272728
4	373	victory	358.4318181818182
4	374	is	346.52272727272725
4	375	in	333.79545454545456
4	376	the	314.41379310344826
4	377	bag	318.5681818181818
4	378	and	328.10227272727275
4	379	I	312.29545454545456
4	380	am	326.60227272727275
4	381	king!'	335.7159090909091
4	382	Then	373.1022727272728
4	383	the	350.0689655172414
4	384	birds	343.7386363636364
4	385	below	344.8636363636364
4	386	called	365.0909090909091
4	387	with	353.8636363636364
4	388	one	323.17045454545456
4	389	accord,	358.7386363636363
4	390	'Come	403.5909090909091
4	391	back,	352.1818181818182
4	392	come	348.375
4	393	back!	336.9318181818182
4	394	It	347.2613636363636
4	395	is	328.7159090909091
4	396	you	308.0568181818182
4	397	who	311.6818181818182
4	398	must	305.95454545454544
4	399	be	303.82954545454544
4	400	our	302.07954545454544
4	401	king	312.85227272727275
4	402	because	340.92045454545456
4	403	no	307.04545454545456
4	404	one	319.45454545454544
4	405	can	300.5402298850575
4	406	fly	306.4651162790698
4	407	as	289.2386363636364
4	408	high	309.6136363636364
4	409	as	299.8488372093023
4	410	you.'	324.0114942528736
4	411	'Except	377.9310344827586
4	412	me!'	429.1590909090909
4	413	cried	406.59090909090907
4	414	a	343.5113636363636
4	415	shrill,	337.7325581395349
4	416	shrill	378.4942528735632
4	417	voice,	387.0348837209302
4	418	and	361.1931818181818
4	419	out	331.82954545454544
4	420	of	312.0
4	421	the	308.7241379310345
4	422	blue	303.82758620689657
4	423	the	335.42045454545456
4	424	little	356.8636363636364
4	425	bird	326.3488372093023
4	426	without	350.5529411764706
4	427	a	357.87209302325584
4	428	name	338.18390804597703
4	429	rose	352.1034482758621
4	430	from	372.183908045977
4	431	the	321.04597701149424
4	432	eagle's	341.65517241379314
4	433	back,	362.1136363636364
4	434	where	359.79545454545456
4	435	he	374.5113636363636
4	436	had	322.7241379310345
4	437	lain	341.35632183908046
4	438	hidden	362.33333333333337
4	439	in	351.95348837209303
4	440	the	341.5402298850575
4	441	feathers.	340.5977011494253
4	442	His	365.2840909090909
4	443	guile	366.75
4	444	was	392.80898876404495
4	445	the	355.46067415730334
4	446	ace	326.3908045977012
4	447	up	372.1931818181818
4	448	his	368.8181818181818
4	449	sleeve,	389.919540229885
4	450	and	421.6781609195402
4	451	he	359.5057471264368
4	452	laughed	373.85057471264366
4	453	to	339.13793103448273
4	454	himself	351.2413793103448
4	455	at	361.2159090909091
4	456	how	323.5113636363636
4	457	easy	326.5581395348837
4	458	it	313.4318181818182
4	459	had	300.57954545454544
4	460	been	312.7816091954023
4	461	to	306.04597701149424
4	462	outwit	319.7586206896552
4	463	the	331.85057471264366
4	464	other	328.04651162790697
4	465	birds.	311.3636363636364
4	466	Higher	358.89772727272725
4	467	and	329.2386363636364
4	468	higher	317.7840909090909
4	469	he	319.42045454545456
4	470	mounted,	323.7701149425287
4	471	until	384.2068965517241
4	472	he	345.4367816091954
4	473	was	349.4712643678161
4	474	lost	315.65909090909093
4	475	to	320.47727272727275
4	476	sight,	323.2386363636364
4	477	and	344.7613636363637
4	478	then	327.4659090909091
4	479	folding	352.32183908045977
4	480	his	359.0681818181818
4	481	wings	352.41379310344826
4	482	together,	353.7471264367816
4	483	he	367.5172413793104
4	484	sank	346.9655172413793
4	485	to	348.0689655172414
4	486	earth	345.01149425287355
4	487	crying	360.6363636363636
4	488	shrilly,	387.0909090909091
4	489	'I	356.7840909090909
4	490	am	324.53409090909093
4	491	king,	318.6136363636364
4	492	I	330.14942528735634
4	493	am	314.3181818181818
4	494	king!'	311.8181818181818
4	495	The	342.67045454545456
4	496	eagle	335.1136363636364
4	497	tricked	331.875
4	498	by	377.0113636363637
4	499	the	357.8181818181818
4	500	little	344.2068965517241
4	501	bird	300.86206896551727
4	502	had	316.10227272727275
4	503	not	306.5681818181818
4	504	sensed	313.3636363636364
4	505	the	319.8735632183908
4	506	bird	343.7931034482759
4	507	in	325.9425287356322
4	508	his	313.69318181818187
4	509	feathers	311.82954545454544
4	510	and	337.09090909090907
4	511	so	334.05681818181813
4	512	had	323.82954545454544
4	513	not	331.6931818181818
4	514	at	324.9655172413793
4	515	all	317.9318181818182
4	516	expected	315.59302325581393
4	517	the	319.2298850574713
4	518	bird	343.60919540229884
4	519	to	348.3103448275862
4	520	come	304.0348837209302
4	521	flying	357.9431818181818
4	522	out	321.7931034482759
4	523	like	315.3863636363636
4	524	that.	330.5057471264368
4	525	The	393.64367816091954
4	526	birds	332.367816091954
4	527	back	324.01149425287355
4	528	on	317.7558139534884
4	529	earth	348.8965517241379
4	530	were	336.41379310344826
4	531	all	307.5113636363636
4	532	up	315.42045454545456
4	533	in	325.96629213483146
4	534	arms.	351.5232558139535
4	535	'You,	359.06818181818187
4	536	and	336.98850574712645
4	537	not	354.4659090909091
4	538	the	381.6666666666666
4	539	eagle,	390.90804597701145
4	540	our	431.7356321839081
4	541	king?'	413.2840909090909
4	542	the	435.33333333333337
4	543	birds	384.0
4	544	cried,	339.78409090909093
4	545	fuming	370.67045454545456
4	546	with	365.04545454545456
4	547	anger.	348.2093023255814
4	548	'You	365.9540229885057
4	549	have	367.735632183908
4	550	done	360.17241379310343
4	551	this	340.71264367816093
4	552	by	321.2068965517241
4	553	breaking	341.54545454545456
4	554	every	352.8837209302326
4	555	rule	338.31034482758616
4	556	in	316.4186046511628
4	557	the	303.01149425287355
4	558	book,	354.0229885057471
4	559	so	349.1818181818182
4	560	we	313.2528735632184
4	561	will	326.95454545454544
4	562	not	315.35632183908046
4	563	have	299.4942528735632
4	564	you,	303.0574712643678
4	565	who	336.2183908045977
4	566	are	348.59302325581393
4	567	simply	350.3837209302326
4	568	tricky	384.4090909090909
4	569	and	364.7386363636364
4	570	cunning,	360.3522727272728
4	571	to	355.3409090909091
4	572	reign	331.82954545454544
4	573	over	344.08045977011494
4	574	us.'	330.2413793103448
4	575	The	348.25882352941176
4	576	bird	342.4712643678161
4	577	without	336.4418604651163
4	578	a	343.04545454545456
4	579	name	325.875
4	580	then	331.3409090909091
4	581	decided	335.87209302325584
4	582	to	317.11494252873564
4	583	clear	339.3837209302326
4	584	the	326.32183908045977
4	585	air	315.85057471264366
4	586	and	342.8965517241379
4	587	said,	332.125
4	588	'Then	380.264367816092
4	589	let	360.7613636363637
4	590	everyone	355.3636363636364
4	591	start	351.95402298850576
4	592	with	349.89772727272725
4	593	a	334.29545454545456
4	594	clean	356.79545454545456
4	595	slate	350.0581395348837
4	596	and	359.1363636363636
4	597	perform	339.3636363636364
4	598	a	342.0344827586207
4	599	new	335.4318181818182
4	600	challenging	360.90697674418607
4	601	task.	398.5
4	602	Then	401.29069767441854
4	603	we	378.6022727272728
4	604	can	342.0568181818182
4	605	decide	330.264367816092
4	606	who	320.04545454545456
4	607	should	305.6590909090909
4	608	be	315.60227272727275
4	609	the	308.4886363636364
4	610	real	326.2840909090909
4	611	king.'	314.5
4	612	Then	346.86206896551727
4	613	the	320.22727272727275
4	614	birds	308.39772727272725
4	615	gathered	319.06976744186045
4	616	together	314.2298850574713
4	617	again	319.67816091954023
4	618	and	317.95454545454544
4	619	decided	314.8409090909091
4	620	the	322.5681818181818
4	621	case	308.32954545454544
4	622	would	331.875
4	623	be	312.8390804597701
4	624	resolved	325.632183908046
4	625	by	355.5581395348837
4	626	making	320.632183908046
4	627	a	304.8068181818182
4	628	new	308.4318181818182
4	629	condition,	372.0574712643678
4	630	which	339.7840909090909
4	631	was	360.75
4	632	that	305.52272727272725
4	633	he	315.42045454545456
4	634	should	351.0344827586207
4	635	be	318.5977011494253
4	636	king	337.67816091954023
4	637	who	401.1954022988505
4	638	could	341.3333333333333
4	639	go	366.1590909090909
4	640	the	341.3409090909091
4	641	deepest	365.8636363636364
4	642	into	371.04545454545456
4	643	the	371.6022727272728
4	644	earth.	414.9310344827586
4	645	So	434.9431818181818
4	646	the	376.8068181818182
4	647	little	339.17045454545456
4	648	bird	333.125
4	649	who	366.94252873563227
4	650	the	322.57471264367814
4	651	other	355.1058823529412
4	652	birds	337.0813953488372
4	653	despised	356.5813953488372
4	654	was	389.7586206896552
4	655	now	371.5747126436781
4	656	back	358.5348837209302
4	657	to	334.13793103448273
4	658	square	343.08045977011494
4	659	one.	383.5340909090909
4	660	Confident,	418.20689655172407
4	661	he	380.0
4	662	remained,	369.4090909090909
4	663	however,	444.8068181818181
4	664	that	367.8488372093023
4	665	if	376.6931818181818
4	666	he	328.06976744186045
4	667	played	370.44827586206895
4	668	his	366.5287356321839
4	669	cards	335.0229885057471
4	670	right,	313.8068181818182
4	671	he	316.1931818181818
4	672	could	310.9655172413793
4	673	be	312.9318181818182
4	674	king.	304.2386363636364
4	675	How	346.79545454545456
4	676	the	380.4431818181818
4	677	goose	340.735632183908
4	678	wallowed	444.7701149425287
4	679	in	396.37209302325584
4	680	the	361.5402298850575
4	681	sand,	349.95454545454544
4	682	and	351.84090909090907
4	683	the	360.8863636363636
4	684	duck	323.70454545454544
4	685	strove	380.9659090909091
4	686	to	347.03409090909093
4	687	dig	332.95454545454544
4	688	a	320.60227272727275
4	689	hole	337.95454545454544
4	690	for	323.5977011494253
4	691	the	318.7586206896552
4	692	new	325.66279069767444
4	693	task!	370.2643678160919
4	694	All	380.3863636363636
4	695	the	330.1136363636364
4	696	other	307.9080459770115
4	697	birds	315.0113636363636
4	698	tried	319.7386363636364
4	699	to	321.6292134831461
4	700	hide	310.28735632183907
4	701	themselves	340.3409090909091
4	702	in	343.04597701149424
4	703	the	324.1363636363636
4	704	ground,	317.77272727272725
4	705	too,	326.75
4	706	until	339.4659090909091
4	707	they	341.32954545454544
4	708	were	313.1264367816092
4	709	practically	361.8068181818182
4	710	blue	340.43820224719104
4	711	in	333.3863636363636
4	712	the	325.10227272727275
4	713	face.	338.7386363636363
4	714	The	353.31034482758616
4	715	nameless	331.19318181818187
4	716	little	354.9438202247191
4	717	bird	321.6363636363636
4	718	that	327.95454545454544
4	719	was	335.02272727272725
4	720	as	320.39772727272725
4	721	bold	327.0114942528736
4	722	as	333.13793103448273
4	723	brass	323.90697674418607
4	724	found	344.02298850574715
4	725	a	329.4886363636364
4	726	pitch	320.4431818181818
4	727	dark	345.5113636363636
4	728	mouse's	390.5340909090909
4	729	hole,	448.2921348314607
4	730	and	398.54545454545456
4	731	creeping	428.07954545454544
4	732	in	362.59090909090907
4	733	cried,	371.3483146067416
4	734	'I	401.5280898876405
4	735	am	347.1011235955056
4	736	king,	335.9090909090909
4	737	I	341.9550561797753
4	738	am	319.47727272727275
4	739	king!'	321.03409090909093
4	740	but	326.0449438202247
4	741	it	320.2613636363636
4	742	was	329.4719101123595
4	743	of	294.64772727272725
4	744	no	305.1931818181818
4	745	avail.	352.22727272727275
4	746	'You,	352.56818181818187
4	747	our	345.9325842696629
4	748	king?'	388.52272727272725
4	749	all	359.3863636363636
4	750	the	345.0113636363636
4	751	remaining	312.9090909090909
4	752	birds	328.9318181818182
4	753	who	314.8181818181818
4	754	the	301.82954545454544
4	755	littlest	307.64772727272725
4	756	bird	312.46590909090907
4	757	had	330.3258426966292
4	758	outwitted	332.11494252873564
4	759	cried	382.5057471264368
4	760	again,	356.9659090909091
4	761	even	352.02272727272725
4	762	more	325.43181818181813
4	763	angrily	322.8068181818182
4	764	than	324.6590909090909
4	765	before.	333.31818181818187
4	766	'Do	344.7701149425287
4	767	you	326.5730337078652
4	768	think	305.03409090909093
4	769	we	298.92045454545456
4	770	would	304.41379310344826
4	771	reward	325.72727272727275
4	772	your	305.75
4	773	cunning	320.60227272727275
4	774	in	323.3068181818182
4	775	this	311.2386363636364
4	776	way?	318.35227272727275
4	777	No,	332.4597701149425
4	778	no!	334.57471264367814
4	779	You	351.375
4	780	shall	326.82954545454544
4	781	stay	304.3863636363636
4	782	in	312.20454545454544
4	783	the	293.81609195402297
4	784	earth	300.22727272727275
4	785	till	303.35227272727275
4	786	you	308.0114942528736
4	787	die	314.5909090909091
4	788	of	317.4712643678161
4	789	hunger!'	326.27272727272725
4	790	So	379.5681818181818
4	791	they	318.8863636363636
4	792	shut	301.632183908046
4	793	up	298.4022988505747
4	794	the	334.70454545454544
4	795	little	311.42528735632186
4	796	bird	301.625
4	797	in	320.48275862068965
4	798	the	307.0689655172414
4	799	mouse's	318.0344827586207
4	800	hole	336.20454545454544
4	801	that	328.9310344827586
4	802	the	331.57954545454544
4	803	mouse	354.48275862068965
4	804	gave	360.4090909090909
4	805	up	368.36781609195407
4	806	most	392.2068965517241
4	807	unwillingly,	431.7209302325581
4	808	and	455.3793103448276
4	809	bade	366.4941176470588
4	810	the	342.89772727272725
4	811	owl	346.367816091954
4	812	watch	379.20454545454544
4	813	him	384.8181818181818
4	814	carefully	394.27272727272725
4	815	night	362.8181818181818
4	816	and	369.9080459770115
4	817	day.	359.2183908045977
4	818	Then	383.95402298850576
4	819	all	374.0804597701149
4	820	the	329.8390804597701
4	821	birds	315.37209302325584
4	822	went	315.5348837209302
4	823	home	304.84090909090907
4	824	to	313.96590909090907
4	825	bed,	313.8735632183908
4	826	for	313.6860465116279
4	827	they	293.1136363636364
4	828	were	311.3448275862069
4	829	very	322.2906976744186
4	830	tired,	329.11494252873564
4	831	but	317.3255813953488
4	832	the	328.6818181818182
4	833	owl	317.40909090909093
4	834	assigned	344.08045977011494
4	835	by	324.64772727272725
4	836	the	334.875
4	837	birds	322.14772727272725
4	838	to	304.04545454545456
4	839	stand	312.42528735632186
4	840	guard	306.5
4	841	found	314.59302325581393
4	842	his	316.29545454545456
4	843	job	300.97727272727275
4	844	was	311.7241379310345
4	845	lonely	324.63953488372096
4	846	and	323.13953488372096
4	847	wearisome	340.6046511627908
4	848	because	366.0919540229885
4	849	he	327.6860465116279
4	850	was	320.70454545454544
4	851	just	307.3953488372093
4	852	sitting	296.2528735632184
4	853	alone	307.2528735632184
4	854	staring	326.4712643678161
4	855	at	328.1931818181818
4	856	the	315.2674418604651
4	857	mouse's	318.3103448275862
4	858	hole.	330.62790697674416
4	859	'I	336.55172413793105
4	860	can	316.60919540229884
4	861	close	322.14942528735634
4	862	one	325.6823529411765
4	863	eye	328.37209302325584
4	864	and	334.4942528735632
4	865	watch	325.98850574712645
4	866	with	319.2613636363636
4	867	the	319.6136363636364
4	868	other,'	322.9770114942529
4	869	he	343.54545454545456
4	870	thought.	321.7701149425287
4	871	So	341.2674418604651
4	872	he	311.125
4	873	closed	294.5057471264368
4	874	one	311.6818181818182
4	875	eye	296.5057471264368
4	876	and	309.10227272727275
4	877	stared	296.65909090909093
4	878	steadfastly	332.89772727272725
4	879	with	336.9090909090909
4	880	the	332.42045454545456
4	881	other,	295.2613636363636
4	882	but	324.20454545454544
4	883	before	311.18390804597703
4	884	he	332.2183908045977
4	885	knew	305.17241379310343
4	886	it	310.625
4	887	he	288.4318181818182
4	888	forgot	328.1264367816092
4	889	to	305.0
4	890	keep	286.2298850574713
4	891	that	283.32183908045977
4	892	one	294.15909090909093
4	893	open,	321.98850574712645
4	894	and	355.5340909090909
4	895	both	321.92045454545456
4	896	eyes	283.7386363636364
4	897	were	288.95454545454544
4	898	fast	300.5909090909091
4	899	asleep.	361.2183908045977
4	900	Then	334.9318181818182
4	901	the	322.52272727272725
4	902	little	331.82758620689657
4	903	bird	306.42528735632186
4	904	guarded	314.06818181818187
4	905	by	326.08045977011494
4	906	the	314.5568181818182
4	907	owl	304.42528735632186
4	908	peeped	307.39772727272725
4	909	out,	359.20454545454544
4	910	and	313.1954022988506
4	911	when	315.78409090909093
4	912	he	310.4431818181818
4	913	saw	296.125
4	914	the	298.7011494252874
4	915	owl's	286.95454545454544
4	916	two	300.17045454545456
4	917	eyes	306.264367816092
4	918	tight	305.6136363636364
4	919	shut,	347.5977011494253
4	920	he	312.45454545454544
4	921	slipped	328.46590909090907
4	922	from	349.5287356321839
4	923	the	283.3139534883721
4	924	hole	292.72093023255815
4	925	and	291.51162790697674
4	926	flew	290.5632183908046
4	927	away.	292.9080459770115
4	928	He	328.1046511627907
4	929	wanted	341.8837209302326
4	930	to	310.08045977011494
4	931	shout,	315.35227272727275
4	932	'I	324.3636363636364
4	933	am	307.2613636363636
4	934	king'	328.60227272727275
4	935	so	438.4431818181818
4	936	that	404.875
4	937	the	325.8735632183908
4	938	owl	309.55172413793105
4	939	could	318.55172413793105
4	940	hear	332.8965517241379
4	941	him	311.64772727272725
4	942	as	331.17045454545456
4	943	he	334.85227272727275
4	944	flew,	296.82954545454544
4	945	but	317.52272727272725
4	946	thought	358.9659090909091
4	947	better	311.3068181818182
4	948	of	315.9318181818182
4	949	it.	325.55056179775283
4	950	From	343.60227272727275
4	951	this	310.125
4	952	time	300.09090909090907
4	953	on,	294.17045454545456
4	954	the	305.79545454545456
4	955	owl	320.27272727272725
4	956	fooled	334.9659090909091
4	957	by	353.22727272727275
4	958	the	314.2159090909091
4	959	little	310.6363636363636
4	960	bird	320.3181818181818
4	961	has	301.0
4	962	not	320.125
4	963	dared	302.3908045977012
4	964	to	322.55172413793105
4	965	show	314.4712643678161
4	966	himself	338.97727272727275
4	967	by	318.625
4	968	day	301.625
4	969	for	328.79545454545456
4	970	fear	340.55681818181813
4	971	the	313.8181818181818
4	972	birds	315.7613636363636
4	973	should	328.22727272727275
4	974	beat	300.4886363636364
4	975	the	310.6136363636364
4	976	living	315.632183908046
4	977	daylights	337.72727272727275
4	978	out	331.4431818181818
4	979	of	295.4431818181818
4	980	him.	300.7840909090909
4	981	He	359.9425287356322
4	982	flies	327.632183908046
4	983	about	318.4712643678161
4	984	only	312.77272727272725
4	985	at	326.3793103448276
4	986	nighttime,	332.8636363636364
4	987	hating	403.0113636363636
4	988	and	342.9651162790698
4	989	pursuing	428.9770114942529
4	990	not	394.4431818181818
4	991	the	361.39772727272725
4	992	bird,	362.5568181818182
4	993	but	339.8045977011494
4	994	the	337.4886363636364
4	995	mouse	354.4482758620689
4	996	for	354.4886363636364
4	997	having	342.8735632183908
4	998	made	338.54545454545456
4	999	the	318.3068181818182
4	1000	hole	310.4886363636364
4	1001	into	321.4659090909091
4	1002	which	308.8068181818182
4	1003	the	310.20454545454544
4	1004	little	312.03409090909093
4	1005	bird	297.34090909090907
4	1006	crept.	308.64772727272725
4	1007	And	363.2386363636364
4	1008	the	320.29545454545456
4	1009	little	304.8181818181818
4	1010	bird	308.125
4	1011	also	309.25
4	1012	keeps	306.07954545454544
4	1013	out	304.1931818181818
4	1014	of	317.22727272727275
4	1015	sight,	305.29545454545456
4	1016	for	322.53409090909093
4	1017	he	296.71590909090907
4	1018	fears	306.6818181818182
4	1019	that	319.7613636363636
4	1020	the	283.375
4	1021	other	292.1136363636364
4	1022	birds	299.4367816091954
4	1023	should	316.39772727272725
4	1024	punish	299.98850574712645
4	1025	him	290.0919540229885
4	1026	for	305.60919540229884
4	1027	his	296.67045454545456
4	1028	cunning.	305.21590909090907
4	1029	The	376.6022727272728
4	1030	rejection	363.5287356321839
4	1031	by	330.79545454545456
4	1032	the	316.64367816091954
4	1033	other	320.6363636363637
4	1034	birds	304.5402298850575
4	1035	was	286.9431818181818
4	1036	a	278.32183908045977
4	1037	bitter	296.1511627906977
4	1038	pill	307.95348837209303
4	1039	to	308.3636363636364
4	1040	swallow	314.82954545454544
4	1041	for	316.87209302325584
4	1042	the	316.5348837209302
4	1043	nameless	330.42045454545456
4	1044	bird	331.3255813953489
4	1045	the	306.48275862068965
4	1046	owl	360.54651162790697
4	1047	had	366.17045454545456
4	1048	let	329.4597701149425
4	1049	slip	333.7011494252873
4	1050	away.	349.0232558139535
4	1051	He	365.4772727272728
4	1052	hides	342.5632183908046
4	1053	in	317.53409090909093
4	1054	the	306.42045454545456
4	1055	hedges,	311.76404494382024
4	1056	and	329.5287356321839
4	1057	when	319.7386363636364
4	1058	he	326.3409090909091
4	1059	thinks	331.6363636363636
4	1060	himself	314.9425287356322
4	1061	quite	329.86516853932585
4	1062	safe,	340.2613636363636
4	1063	he	330.367816091954
4	1064	sings	334.2584269662921
4	1065	out,	327.4886363636364
4	1066	'I	369.3258426966292
4	1067	am	321.7840909090909
4	1068	king,	331.4719101123595
4	1069	I	317.97752808988764
4	1070	am	297.314606741573
4	1071	king!'	309.3707865168539
4	1072	And	330.96666666666664
4	1073	the	295.9111111111111
4	1074	other	310.7191011235955
4	1075	birds	299.0449438202247
4	1076	in	290.8876404494382
4	1077	mockery	315.55555555555554
4	1078	call	347.46153846153845
4	1079	out,	337.8131868131868
4	1080	'Yes,	362.6222222222222
4	1081	yes,	359.3777777777778
4	1082	the	369.6703296703297
4	1083	hedge-king,	584.4157303370787
4	1084	the	525.3626373626373
4	1085	hedge-king!'	678.6153846153845
5	1	At	602.2736842105263
5	2	ten	391.4791666666666
5	3	years	442.1752577319587
5	4	old,	398.6631578947369
5	5	I	352.94845360824746
5	6	could	345.80412371134014
5	7	not	314.91578947368424
5	8	figure	340.1578947368421
5	9	out	322.56382978723406
5	10	what	333.21875
5	11	it	340.3684210526315
5	12	was	325.4105263157895
5	13	that	349.3191489361702
5	14	this	367.1720430107527
5	15	Elvis	373.34042553191495
5	16	Presley	387.3052631578946
5	17	guy	353.19791666666663
5	18	had	358.01030927835046
5	19	that	352.1030927835052
5	20	the	355.0721649484537
5	21	rest	338.44791666666663
5	22	of	320.8526315789474
5	23	us	300.76041666666663
5	24	boys	322.6210526315789
5	25	did	332.64583333333337
5	26	not	328.73118279569894
5	27	have.	372.0760869565217
5	28	He	374.6315789473685
5	29	seemed	358.98958333333326
5	30	to	316.1157894736842
5	31	be	343.7872340425532
5	32	no	316.0
5	33	different	336.8421052631579
5	34	from	322.9895833333333
5	35	the	353.63157894736844
5	36	rest	296.7894736842106
5	37	of	296.6000000000001
5	38	us.	342.96808510638294
5	39	He	331.7096774193549
5	40	was	344.55319148936167
5	41	simply	309.80851063829795
5	42	a	313.9157894736843
5	43	man	309.3548387096774
5	44	who	306.0851063829788
5	45	had	305.2446808510639
5	46	a	301.27659574468083
5	47	head,	326.73404255319144
5	48	two	374.05319148936167
5	49	arms	345.8172043010753
5	50	and	306.60638297872345
5	51	two	323.1157894736842
5	52	legs.	325.01052631578943
5	53	It	336.06315789473683
5	54	must	333.47872340425545
5	55	have	309.74193548387086
5	56	been	317.3297872340425
5	57	something	343.3473684210527
5	58	pretty	304.06315789473683
5	59	superlative	383.1684210526315
5	60	that	507.5157894736842
5	61	he	416.7684210526316
5	62	had	377.71578947368414
5	63	hidden	369.0842105263157
5	64	away,	375.8526315789474
5	65	because	372.9894736842105
5	66	he	358.5052631578948
5	67	had	318.3297872340425
5	68	every	323.9148936170212
5	69	young	323.3510638297872
5	70	girl	336.1397849462366
5	71	at	343.1368421052631
5	72	the	348.1914893617021
5	73	orphanage	422.2947368421053
5	74	wrapped	430.74468085106383
5	75	around	380.4893617021277
5	76	his	337.9473684210526
5	77	little	366.35106382978734
5	78	finger.	402.4255319148936
5	79	At	373.8804347826087
5	80	about	384.0736842105263
5	81	nine	383.8617021276596
5	82	o'clock	409.43617021276594
5	83	on	348.1170212765957
5	84	Saturday	370.258064516129
5	85	morning,	402.8804347826087
5	86	I	375.3010752688172
5	87	figured	337.82978723404256
5	88	a	334.19999999999993
5	89	good	335.6
5	90	solution	349.9893617021277
5	91	was	363.6736842105263
5	92	to	348.12631578947367
5	93	ask	321.8510638297873
5	94	Eugene	356.2934782608696
5	95	Correthers,	671.0
5	96	who	542.6
5	97	was	420.6842105263158
5	98	one	384.3473684210527
5	99	of	366.2736842105263
5	100	the	333.19999999999993
5	101	older	362.96774193548384
5	102	and	398.9680851063829
5	103	smarter	369.8526315789474
5	104	boys,	355.5319148936171
5	105	what	396.23157894736846
5	106	it	348.02127659574467
5	107	was	317.3578947368421
5	108	that	345.0
5	109	made	340.7578947368421
5	110	this	330.4148936170212
5	111	Elvis	341.9578947368421
5	112	guy	341.8
5	113	so	338.61052631578946
5	114	special.	384.7127659574468
5	115	He	361.7872340425532
5	116	told	328.6989247311828
5	117	me	312.82105263157894
5	118	that	304.29473684210524
5	119	it	319.0851063829788
5	120	was	305.247311827957
5	121	not	315.02150537634407
5	122	anything	329.8191489361702
5	123	about	329.7578947368421
5	124	Elvis's	375.2736842105263
5	125	personality,	385.75789473684216
5	126	but	387.08421052631576
5	127	his	350.1935483870968
5	128	wavy	353.3617021276596
5	129	hair,	403.5806451612904
5	130	and	371.989247311828
5	131	the	331.8723404255319
5	132	way	330.29473684210524
5	133	he	318.51063829787233
5	134	moved	345.98947368421057
5	135	his	342.4731182795699
5	136	body.	371.01052631578943
5	137	About	386.38947368421054
5	138	a	356.6914893617021
5	139	half	331.178947368421
5	140	an	330.44210526315794
5	141	hour	349.4893617021277
5	142	later,	343.57446808510633
5	143	the	352.0537634408602
5	144	boys	323.978947368421
5	145	in	317.90526315789475
5	146	the	321.6736842105263
5	147	orphanage	360.60638297872345
5	148	called	365.19148936170205
5	149	down	334.0842105263158
5	150	to	329.7684210526316
5	151	the	317.3191489361702
5	152	main	345.9368421052632
5	153	dining	329.4842105263158
5	154	room	360.37894736842105
5	155	by	336.3157894736843
5	156	the	336.9574468085106
5	157	matron	370.3655913978494
5	158	were	391.02150537634407
5	159	told	429.5376344086022
5	160	that	357.0967741935484
5	161	they	337.9255319148936
5	162	were	309.4315789473684
5	163	all	330.4315789473684
5	164	going	339.90526315789475
5	165	to	317.13829787234044
5	166	downtown	358.95833333333337
5	167	Jacksonville,	482.505376344086
5	168	Florida	465.6631578947369
5	169	to	447.9157894736843
5	170	get	359.25531914893617
5	171	a	327.97872340425533
5	172	new	329.46808510638294
5	173	pair	331.6842105263158
5	174	of	318.7263157894737
5	175	Buster	369.75531914893617
5	176	Brown	405.2736842105263
5	177	shoes	404.7978723404256
5	178	and	374.0659340659341
5	179	a	334.4731182795699
5	180	haircut.	369.1684210526315
5	181	That	398.04210526315785
5	182	is	352.91578947368424
5	183	when	343.81720430107526
5	184	I	345.6063829787234
5	185	got	322.9578947368421
5	186	this	348.22105263157897
5	187	big	336.21505376344084
5	188	idea,	337.42105263157896
5	189	which	375.42553191489367
5	190	hit	340.505376344086
5	191	me	319.1290322580645
5	192	like	329.58947368421053
5	193	a	317.24468085106383
5	194	ton	307.2903225806452
5	195	of	305.76595744680856
5	196	bricks.	323.9139784946236
5	197	If	356.5108695652174
5	198	the	347.07526881720435
5	199	Elvis	323.7052631578948
5	200	haircut	349.2315789473684
5	201	was	409.6526315789473
5	202	the	353.3263157894737
5	203	big	311.55913978494624
5	204	secret,	315.6276595744681
5	205	then	353.13829787234044
5	206	Elvis's	342.0430107526882
5	207	haircut	359.2934782608696
5	208	I	335.9230769230769
5	209	was	366.8617021276596
5	210	going	330.7065217391304
5	211	to	305.1808510638298
5	212	get.	343.4673913043478
5	213	I	355.75789473684216
5	214	was	336.55913978494624
5	215	going	317.17894736842106
5	216	to	305.9139784946236
5	217	have	310.7052631578948
5	218	my	307.1170212765957
5	219	day	326.08421052631576
5	220	in	341.01052631578943
5	221	the	305.4
5	222	sun,	300.98936170212767
5	223	and	311.3085106382979
5	224	all	311.97849462365593
5	225	the	302.57894736842104
5	226	way	301.7578947368421
5	227	to	317.77894736842103
5	228	town	297.92631578947373
5	229	that	312.57894736842104
5	230	was	340.8315789473685
5	231	all	342.40425531914894
5	232	I	305.75
5	233	talked	316.44086021505376
5	234	about.	301.02150537634407
5	235	The	324.07526881720435
5	236	fact	331.3404255319149
5	237	that	298.8617021276596
5	238	I	302.21505376344084
5	239	was	305.3440860215054
5	240	getting	299.1276595744681
5	241	an	296.1086956521739
5	242	Elvis	305.7872340425532
5	243	haircut,	319.48936170212767
5	244	not	333.96808510638294
5	245	just	309.258064516129
5	246	the	327.1413043478261
5	247	simple	300.4148936170212
5	248	fact	312.74468085106383
5	249	that	329.35483870967744
5	250	we	317.6774193548387
5	251	were	331.7659574468085
5	252	getting	297.96774193548384
5	253	out	332.0106382978723
5	254	of	302.23655913978496
5	255	the	293.27659574468083
5	256	orphanage,	321.76344086021504
5	257	made	337.86021505376345
5	258	me	317.494623655914
5	259	particularly	333.20212765957444
5	260	loquacious.	430.236559139785
5	261	I	574.8913043478261
5	262	told	458.9782608695652
5	263	everybody,	418.7826086956522
5	264	including	390.7872340425532
5	265	the	352.67021276595744
5	266	orphanage	357.70212765957444
5	267	matron	384.8387096774194
5	268	I	380.6382978723405
5	269	normally	397.1612903225806
5	270	feared,	395.9680851063829
5	271	that	413.3191489361702
5	272	I	335.9148936170213
5	273	was	314.2978723404256
5	274	going	297.531914893617
5	275	to	295.97872340425533
5	276	look	304.40425531914894
5	277	just	291.8829787234043
5	278	like	296.7659574468085
5	279	Elvis	304.8936170212766
5	280	Presley	314.8510638297872
5	281	and	337.09574468085106
5	282	that	323.3829787234043
5	283	I	330.07446808510633
5	284	would	302.1808510638298
5	285	learn	305.3010752688172
5	286	to	304.8936170212766
5	287	move	314.51063829787233
5	288	around	303.48936170212767
5	289	just	323.05319148936167
5	290	like	295.7659574468085
5	291	he	295.7978723404256
5	292	did	299.1612903225806
5	293	and	337.8829787234043
5	294	that	292.25531914893617
5	295	I	318.63440860215053
5	296	would	296.7204301075269
5	297	be	297.8279569892473
5	298	rich	305.5824175824176
5	299	and	287.6304347826087
5	300	famous	295.8723404255319
5	301	one	314.1290322580645
5	302	day,	317.8387096774194
5	303	just	312.2234042553192
5	304	like	297.7978723404256
5	305	him.	286.4574468085106
5	306	The	321.1808510638298
5	307	matron	356.81720430107526
5	308	understood	360.8913043478261
5	309	my	339.7204301075269
5	310	idea	320.66666666666663
5	311	was	352.15053763440864
5	312	something	342.7849462365592
5	313	that	326.6989247311828
5	314	I	312.2978723404256
5	315	was	300.6276595744681
5	316	really	307.1489361702127
5	317	excited	325.98936170212767
5	318	about	340.9347826086957
5	319	and	316.42553191489367
5	320	said	314.48936170212767
5	321	nothing.	330.21505376344084
5	322	When	393.7978723404256
5	323	I	343.3829787234043
5	324	got	307.8936170212765
5	325	my	319.70212765957444
5	326	new	292.51063829787233
5	327	Buster	306.4574468085106
5	328	Brown	317.7872340425532
5	329	shoes,	333.7446808510639
5	330	I	337.3829787234043
5	331	was	324.8085106382979
5	332	smiling	352.8191489361702
5	333	from	298.968085106383
5	334	ear	315.531914893617
5	335	to	310.2903225806452
5	336	ear.	288.5483870967742
5	337	Those	322.33333333333337
5	338	shoes,	363.02150537634407
5	339	they	361.9139784946236
5	340	shined	341.5217391304348
5	341	really	362.9673913043479
5	342	brightly,	335.494623655914
5	343	and	324.0869565217391
5	344	I	340.78260869565213
5	345	liked	315.0869565217392
5	346	looking	300.02127659574467
5	347	at	334.1290322580645
5	348	the	319.90425531914894
5	349	bones	319.0108695652174
5	350	in	377.5957446808511
5	351	my	336.21505376344084
5	352	feet,	374.61290322580646
5	353	which	418.5806451612904
5	354	I	351.3978494623656
5	355	had	364.76344086021504
5	356	never	332.13978494623655
5	357	seen	340.02150537634407
5	358	before,	346.25
5	359	through	413.5212765957447
5	360	a	391.34408602150535
5	361	special	373.67021276595744
5	362	x-ray	384.39361702127655
5	363	machine	444.0212765957447
5	364	they	400.4148936170213
5	365	had	358.1276595744681
5	366	in	321.8617021276596
5	367	the	329.55319148936167
5	368	shoe	309.1489361702128
5	369	store	350.74468085106383
5	370	that	374.6276595744681
5	371	made	350.97849462365593
5	372	the	327.9468085106383
5	373	bones	323.968085106383
5	374	in	354.1276595744681
5	375	your	327.51063829787233
5	376	feet	302.0860215053764
5	377	look	317.39130434782606
5	378	green.	318.7142857142857
5	379	I	444.6236559139785
5	380	was	380.7340425531914
5	381	now	328.94680851063833
5	382	almost	326.3191489361702
5	383	ready	335.9148936170213
5	384	to	322.48387096774195
5	385	go	304.97849462365593
5	386	back	317.8829787234043
5	387	to	319.4086021505376
5	388	the	310.3191489361702
5	389	orphanage	299.48936170212767
5	390	and	308.4468085106383
5	391	practice	304.55319148936167
5	392	being	315.8936170212765
5	393	like	308.4408602150537
5	394	the	305.8085106382979
5	395	man	306.2127659574468
5	396	who	306.2795698924731
5	397	all	330.30851063829795
5	398	the	302.2258064516129
5	399	girls	302.9032258064516
5	400	loved,	276.7741935483871
5	401	since	302.6195652173913
5	402	I	300.8586956521739
5	403	had	287.9569892473118
5	404	my	289.9130434782609
5	405	new	283.3804347826087
5	406	Buster	302.2795698924731
5	407	Brown	290.13978494623655
5	408	shoes.	316.031914893617
5	409	It	325.989247311828
5	410	was	300.1914893617021
5	411	the	298.92553191489367
5	412	new	283.4516129032258
5	413	haircut,	281.01063829787233
5	414	though,	339.74468085106383
5	415	that	346.1595744680851
5	416	I	301.7096774193548
5	417	needed	310.3010752688172
5	418	to	304.1170212765957
5	419	complete	303.095744680851
5	420	my	305.8085106382979
5	421	new	298.0645161290323
5	422	look.	312.1170212765957
5	423	We	318.9782608695652
5	424	finally	304.2340425531915
5	425	arrived	310.1182795698925
5	426	at	297.9255319148936
5	427	the	281.5744680851064
5	428	unassuming,	340.02150537634407
5	429	unembellished	529.1075268817206
5	430	barbershop,	544.8510638297872
5	431	where	410.48936170212767
5	432	they	352.51063829787233
5	433	cut	334.0744680851064
5	434	our	327.8829787234043
5	435	hair	332.82978723404256
5	436	for	304.24468085106383
5	437	free	306.27659574468083
5	438	because	331.01063829787233
5	439	we	319.9148936170213
5	440	were	312.69473684210527
5	441	orphans.	323.03225806451616
5	442	Even	370.5806451612904
5	443	though	339.0
5	444	we	311.40425531914894
5	445	were	314.8723404255319
5	446	supposed	324.97849462365593
5	447	to	326.0531914893617
5	448	slowly	324.1914893617021
5	449	wait	346.4623655913978
5	450	to	327.43010752688167
5	451	be	335.0425531914894
5	452	called,	332.51063829787233
5	453	I	308.1489361702128
5	454	ran	298.4516129032258
5	455	straight	301.3510638297872
5	456	up	316.8829787234043
5	457	to	288.43617021276594
5	458	one	309.17021276595744
5	459	of	298.56382978723406
5	460	the	291.3723404255319
5	461	barber	301.2234042553192
5	462	chairs	322.59574468085106
5	463	and	324.73118279569894
5	464	climbed	302.3829787234043
5	465	up	319.8510638297872
5	466	onto	304.3404255319149
5	467	the	291.4468085106383
5	468	board	301.44680851063833
5	469	the	324.1914893617021
5	470	barber	387.2553191489361
5	471	placed	353.1276595744681
5	472	across	348.2234042553192
5	473	the	326.55319148936167
5	474	arms	322.23404255319144
5	475	to	350.2340425531915
5	476	make	331.1914893617021
5	477	me	308.3936170212765
5	478	sit	322.6808510638298
5	479	up	330.1702127659575
5	480	higher.	343.96774193548384
5	481	I	397.2021276595744
5	482	looked	358.63829787234044
5	483	at	334.47872340425533
5	484	the	327.4731182795699
5	485	man	351.4574468085106
5	486	and	314.06382978723406
5	487	said,	304.2127659574468
5	488	with	323.2978723404256
5	489	a	319.67021276595744
5	490	beaming	324.2127659574468
5	491	smile	360.9893617021277
5	492	on	319.26595744680856
5	493	my	314.53191489361706
5	494	face,	293.7934782608696
5	495	'I	307.2795698924731
5	496	want	326.2258064516129
5	497	an	295.0967741935484
5	498	Elvis	315.3936170212765
5	499	haircut.	320.4574468085106
5	500	Can	373.6595744680851
5	501	you	316.1170212765957
5	502	make	296.61290322580646
5	503	my	300.2872340425532
5	504	hair	298.09574468085106
5	505	like	304.531914893617
5	506	Elvis's?'	351.8817204301075
5	507	I	360.2934782608696
5	508	asked.	351.02150537634407
5	509	The	349.66666666666663
5	510	barber,	328.7741935483871
5	511	who	302.7872340425532
5	512	was	320.7127659574468
5	513	a	305.75531914893617
5	514	genial	320.69148936170205
5	515	young	357.93617021276594
5	516	man,	337.7127659574468
5	517	grinned	353.4148936170213
5	518	back	350.63829787234044
5	519	at	316.02127659574467
5	520	me	321.63829787234044
5	521	and	306.67021276595744
5	522	said	293.9247311827957
5	523	that	301.1720430107527
5	524	he	315.3225806451613
5	525	would	309.5913978494624
5	526	try	302.5913978494624
5	527	his	308.1505376344086
5	528	best.	308.48387096774195
5	529	I	342.0
5	530	was	294.0752688172043
5	531	so	309.7978723404256
5	532	happy	292.0967741935484
5	533	when	294.5268817204301
5	534	he	280.4148936170213
5	535	started	279.5851063829787
5	536	to	295.3936170212766
5	537	cut	319.1182795698925
5	538	my	293.82978723404256
5	539	hair,	318.56382978723406
5	540	but	291.93548387096774
5	541	just	297.5483870967742
5	542	as	313.7717391304348
5	543	he	304.1170212765957
5	544	started	307.404255319149
5	545	to	317.77659574468083
5	546	cut,	304.02127659574467
5	547	the	305.3723404255319
5	548	matron,	342.2872340425532
5	549	who	337.7127659574468
5	550	had	357.57446808510633
5	551	been	321.60638297872345
5	552	watching	321.7526881720429
5	553	me	304.4731182795699
5	554	and	301.06666666666666
5	555	had	308.7204301075269
5	556	a	314.25531914893617
5	557	look	308.51063829787233
5	558	as	319.52127659574467
5	559	cold	311.6559139784946
5	560	as	311.8478260869565
5	561	ice,	327.1595744680851
5	562	motioned	353.90425531914894
5	563	for	333.8723404255319
5	564	him	329.0744680851064
5	565	to	316.3085106382979
5	566	come	296.2127659574468
5	567	over	299.1808510638298
5	568	to	315.86021505376345
5	569	where	299.06451612903226
5	570	she	310.0
5	571	was	296.63829787234044
5	572	standing.	308.4574468085106
5	573	She	340.5744680851064
5	574	whispered	331.8936170212766
5	575	something	343.3510638297873
5	576	into	302.97849462365593
5	577	his	304.4516129032258
5	578	ear	291.968085106383
5	579	that	300.3936170212765
5	580	caused	295.77659574468083
5	581	the	311.1808510638298
5	582	barber	306.52127659574467
5	583	to	308.5851063829787
5	584	shake	316.82978723404256
5	585	his	334.55913978494624
5	586	head,	324.10638297872345
5	587	like	333.9032258064516
5	588	he	331.5108695652174
5	589	was	318.4731182795699
5	590	telling	296.9148936170213
5	591	her,	306.8085106382979
5	592	'No'.	382.7234042553192
5	593	In	405.2127659574468
5	594	response,	356.06382978723406
5	595	the	334.3510638297872
5	596	matron	316.989247311828
5	597	walked	330.7234042553192
5	598	over	366.2688172043011
5	599	to	320.8152173913044
5	600	a	310.70652173913044
5	601	little	324.9893617021277
5	602	man	310.01075268817203
5	603	sitting	337.17021276595744
5	604	in	309.83870967741933
5	605	an	299.4623655913978
5	606	office	326.27659574468083
5	607	chair	322.57446808510633
5	608	that	314.32978723404256
5	609	squeaked	333.6170212765957
5	610	as	337.6808510638298
5	611	it	339.0537634408603
5	612	rolled	308.89247311827955
5	613	around	322.9255319148936
5	614	the	315.2872340425532
5	615	floor	301.3369565217391
5	616	and	319.97849462365593
5	617	spoke	309.7826086956522
5	618	to	298.1630434782609
5	619	him.	287.7849462365592
5	620	It	331.9462365591398
5	621	was	318.76595744680856
5	622	the	281.7340425531915
5	623	little	318.7127659574468
5	624	man	307.3978494623656
5	625	who	294.6195652173913
5	626	then	317.23655913978496
5	627	walked	304.1086956521739
5	628	over	293.6595744680851
5	629	and	284.6666666666667
5	630	said	290.989247311828
5	631	something	307.61290322580646
5	632	to	319.9574468085106
5	633	the	293.55319148936167
5	634	man	298.5
5	635	who	312.968085106383
5	636	was	301.0537634408602
5	637	cutting	279.98936170212767
5	638	my	280.63829787234044
5	639	hair.	297.35483870967744
5	640	The	310.1758241758242
5	641	next	319.3510638297872
5	642	thing	290.18279569892474
5	643	I	277.6847826086956
5	644	knew,	287.0
5	645	the	303.8085106382979
5	646	man	321.9148936170212
5	647	who	288.52127659574467
5	648	was	290.0425531914894
5	649	cutting	292.03225806451616
5	650	my	282.5483870967742
5	651	hair	273.9255319148936
5	652	told	296.55319148936167
5	653	me	297.63440860215053
5	654	that	285.1935483870968
5	655	he	313.0645161290323
5	656	was	308.15053763440864
5	657	no	302.18279569892474
5	658	longer	328.505376344086
5	659	allowed	325.8617021276596
5	660	to	313.48387096774195
5	661	give	303.6304347826087
5	662	me	292.0537634408602
5	663	an	304.2234042553192
5	664	Elvis	310.0851063829787
5	665	cut.	298.97849462365593
5	666	'Why	338.0869565217391
5	667	not?'	352.63829787234044
5	668	I	326.3617021276596
5	669	cried	308.42553191489367
5	670	desperately.	350.8617021276596
5	671	The	342.2872340425532
5	672	kindly	330.1827956989247
5	673	barber	347.8191489361702
5	674	stopped	333.2795698924731
5	675	by	333.51612903225805
5	676	the	333.07446808510633
5	677	matron	344.06382978723406
5	678	did	350.1914893617021
5	679	not	441.7234042553192
5	680	answer,	410.2553191489362
5	681	but	411.1075268817205
5	682	from	370.65591397849465
5	683	his	318.81720430107526
5	684	expression,	326.0967741935484
5	685	I	350.1290322580645
5	686	could	307.77659574468083
5	687	tell	298.1276595744681
5	688	that	299.1290322580645
5	689	he	292.9139784946236
5	690	wished	302.8279569892473
5	691	he	329.07526881720435
5	692	could	320.8172043010753
5	693	cut	304.1720430107527
5	694	it	302.1276595744681
5	695	as	298.2903225806452
5	696	I	303.968085106383
5	697	had	313.63829787234044
5	698	asked.	306.34408602150535
5	699	Within	347.98936170212767
5	700	a	321.56382978723406
5	701	few	306.505376344086
5	702	minutes,	293.4468085106383
5	703	it	319.3510638297872
5	704	wasn't	314.752688172043
5	705	an	310.4731182795699
5	706	Elvis	306.90425531914894
5	707	haircut,	337.7978723404256
5	708	but	302.3085106382979
5	709	a	295.43617021276594
5	710	short	294.5376344086022
5	711	buzz	312.6595744680851
5	712	cut	335.0851063829788
5	713	that	328.5
5	714	the	310.48387096774195
5	715	barber	308.7340425531915
5	716	had	321.90425531914894
5	717	given	318.86021505376345
5	718	me.	319.3617021276596
5	719	When	353.4347826086957
5	720	he	331.41935483870964
5	721	finished	323.75531914893617
5	722	shaving	306.2043010752688
5	723	off	321.1808510638298
5	724	all	324.98936170212767
5	725	my	325.5851063829788
5	726	hair	312.2340425531915
5	727	and	317.3191489361702
5	728	made	327.2258064516129
5	729	me	294.63440860215053
5	730	smell	294.44680851063833
5	731	real	313.2872340425532
5	732	good	320.80645161290323
5	733	with	326.03225806451616
5	734	his	307.13829787234044
5	735	powder,	303.77659574468083
5	736	the	339.13978494623655
5	737	barber	328.6595744680851
5	738	handed	328.4623655913978
5	739	me	312.09574468085106
5	740	a	310.1935483870968
5	741	nickel	308.98936170212767
5	742	and	339.0425531914894
5	743	told	319.0
5	744	me	302.9032258064516
5	745	to	289.3225806451613
5	746	go	298.6559139784946
5	747	outside	296.494623655914
5	748	to	306.02127659574467
5	749	the	309.4086021505376
5	750	snack	300.3404255319149
5	751	machine	312.741935483871
5	752	and	313.9569892473118
5	753	buy	303.8279569892473
5	754	myself	307.3085106382979
5	755	a	303.247311827957
5	756	candy	318.1827956989247
5	757	bar.	317.1720430107527
5	758	I	360.6021505376344
5	759	handed	319.8279569892473
5	760	him	309.9574468085106
5	761	the	300.0425531914894
5	762	nickel	295.1182795698925
5	763	back	301.0760869565217
5	764	and	318.76595744680856
5	765	told	322.23404255319144
5	766	him	300.9247311827957
5	767	that	285.8279569892473
5	768	I	304.0537634408602
5	769	was	297.68817204301075
5	770	not	283.31182795698925
5	771	hungry.	292.8387096774194
5	772	'I'm	355.76595744680856
5	773	so	322.531914893617
5	774	sorry,	318.7204301075269
5	775	baby,'	332.51063829787233
5	776	he	397.0957446808511
5	777	said,	381.5913978494624
5	778	as	388.9130434782608
5	779	I	370.6276595744681
5	780	climbed	331.3085106382979
5	781	out	314.7849462365592
5	782	of	305.1195652173913
5	783	his	293.25531914893617
5	784	barber	318.17021276595744
5	785	chair.	326.06451612903226
5	786	'I	326.26881720430106
5	787	am	318.61290322580646
5	788	not	307.3440860215054
5	789	a	300.3478260869565
5	790	baby,'	326.0326086956522
5	791	I	380.6021505376344
5	792	said,	342.3913043478261
5	793	as	343.69230769230774
5	794	I	319.989247311828
5	795	wiped	302.64835164835165
5	796	the	307.5978260869565
5	797	tears	338.6413043478261
5	798	from	313.2043010752688
5	799	my	291.9139784946237
5	800	eyes.	324.8494623655913
5	801	I	303.5760869565217
5	802	then	308.2872340425532
5	803	sat	305.5425531914894
5	804	down	299.6373626373626
5	805	on	313.5698924731183
5	806	the	331.0
5	807	floor	297.8279569892473
5	808	and	290.13829787234044
5	809	brushed	290.2043010752688
5	810	away	297.7741935483871
5	811	the	291.0537634408602
5	812	hair	291.25531914893617
5	813	that	309.61290322580646
5	814	had	298.8131868131868
5	815	accumulated	342.7032967032967
5	816	on	335.7741935483871
5	817	my	290.2391304347826
5	818	shiny	306.5434782608696
5	819	new	307.6914893617021
5	820	Buster	308.5806451612903
5	821	Brown	321.17391304347825
5	822	shoes.	323.8085106382979
5	823	My	353.7127659574468
5	824	head	333.0860215053764
5	825	was	313.81720430107526
5	826	no	299.17021276595744
5	827	longer	299.55913978494624
5	828	in	286.67391304347825
5	829	the	293.18279569892474
5	830	clouds,	285.5978260869565
5	831	and	305.5376344086022
5	832	I	297.26881720430106
5	833	got	291.4516129032258
5	834	up	286.03225806451616
5	835	off	293.1505376344086
5	836	the	284.5263157894737
5	837	floor,	298.7978723404256
5	838	brushed	298.80645161290323
5	839	off	305.1182795698925
5	840	my	292.82978723404256
5	841	short	285.02150537634407
5	842	pants,	314.7934782608696
5	843	and	318.0978260869565
5	844	walked	336.258064516129
5	845	sullenly	300.3369565217391
5	846	towards	343.98947368421057
5	847	the	336.37634408602145
5	848	door.	294.7608695652174
5	849	The	331.59574468085106
5	850	matron	311.8829787234043
5	851	was	310.0434782608696
5	852	smiling	307.9462365591398
5	853	at	299.01075268817203
5	854	me	294.86813186813185
5	855	sort	300.4193548387097
5	856	of	299.4631578947368
5	857	funny	295.3723404255319
5	858	like.	320.5108695652174
5	859	The	360.4574468085106
5	860	barber	338.13829787234044
5	861	upset	314.02150537634407
5	862	by	319.4526315789474
5	863	the	329.6421052631579
5	864	matron	302.09473684210525
5	865	said	325.031914893617
5	866	to	317.86021505376345
5	867	her,	329.23404255319144
5	868	'You	339.8494623655914
5	869	are	328.7234042553192
5	870	just	304.1276595744681
5	871	a	310.9574468085106
5	872	damn	330.2842105263158
5	873	bitch,	369.0860215053764
5	874	lady.'	405.82795698924735
5	875	She	428.2795698924731
5	876	yelled	384.7127659574468
5	877	back	347.90425531914894
5	878	at	308.77659574468083
5	879	him	308.7978723404256
5	880	at	357.3085106382979
5	881	the	344.1182795698925
5	882	top	314.468085106383
5	883	of	292.55319148936167
5	884	her	291.1505376344086
5	885	lungs,	317.7659574468085
5	886	before	335.1914893617021
5	887	walking	311.1489361702128
5	888	toward	316.01075268817203
5	889	the	305.5
5	890	office,	311.2934782608696
5	891	as	328.97872340425533
5	892	fast	309.69473684210527
5	893	as	297.21276595744683
5	894	she	304.0425531914894
5	895	could.	326.5806451612904
5	896	To	334.93548387096774
5	897	show	319.40425531914894
5	898	his	305.5744680851064
5	899	anger,	333.2553191489361
5	900	the	328.2736842105263
5	901	man	320.40425531914894
5	902	hit	317.56382978723406
5	903	the	304.1808510638298
5	904	wall	324.2258064516129
5	905	with	328.7340425531915
5	906	his	304.8709677419355
5	907	hand	317.1182795698925
5	908	and	306.1595744680851
5	909	then	330.6847826086957
5	910	walked	311.2258064516129
5	911	outside	309.4468085106383
5	912	where	329.1847826086956
5	913	he	292.468085106383
5	914	stood	299.4574468085106
5	915	against	331.8085106382979
5	916	the	303.1720430107527
5	917	brick	322.8829787234043
5	918	wall,	344.8279569892473
5	919	smoking	329.3111111111112
5	920	a	329.4255319148936
5	921	cigarette.	333.51612903225805
5	922	I	347.7741935483871
5	923	understood	339.7741935483871
5	924	right	325.1595744680851
5	925	there	317.1505376344086
5	926	my	317.9782608695652
5	927	haircut	336.32978723404256
5	928	was	336.5851063829787
5	929	something	330.5268817204301
5	930	that	340.0
5	931	had	316.51612903225805
5	932	been	319.06382978723406
5	933	out	320.0425531914894
5	934	of	315.8387096774194
5	935	the	294.9462365591398
5	936	power	322.2234042553192
5	937	of	351.1182795698925
5	938	the	328.2391304347826
5	939	barber	312.1808510638298
5	940	and	312.468085106383
5	941	then	306.52127659574467
5	942	I	298.5483870967742
5	943	slowly	311.4301075268817
5	944	walked	310.42553191489367
5	945	outside	311.3617021276596
5	946	to	299.494623655914
5	947	join	299.60215053763443
5	948	the	308.8829787234043
5	949	man.	306.8085106382979
5	950	He	343.1935483870968
5	951	looked	336.01075268817203
5	952	down,	310.76344086021504
5	953	smiled	312.2659574468085
5	954	at	302.70212765957444
5	955	me,	302.4193548387097
5	956	then	299.3936170212766
5	957	he	304.8829787234043
5	958	patted	308.67021276595744
5	959	me	312.3191489361702
5	960	on	288.76344086021504
5	961	the	288.59139784946234
5	962	top	299.47872340425533
5	963	of	280.74468085106383
5	964	my	294.8279569892473
5	965	bald	292.6304347826087
5	966	as	340.0851063829787
5	967	a	442.752688172043
5	968	coot	404.9569892473118
5	969	head.	476.19565217391306
5	970	It	450.8279569892473
5	971	was	357.05319148936167
5	972	a	334.0752688172043
5	973	fact	305.494623655914
5	974	of	313.5698924731183
5	975	my	315.1827956989247
5	976	life	314.96774193548384
5	977	that	320.73118279569894
5	978	I	294.16129032258067
5	979	was	302.06382978723406
5	980	not	309.76595744680856
5	981	gonna	287.93548387096774
5	982	have	285.1595744680851
5	983	hair	291.3829787234043
5	984	that	295.3763440860215
5	985	was	314.90425531914894
5	986	anything	321.52127659574467
5	987	like	325.21505376344084
5	988	Elvis's	302.73118279569894
5	989	anytime	315.90425531914894
5	990	soon.	326.97872340425533
5	991	I	340.5578947368421
5	992	then	310.12631578947367
5	993	looked	310.22105263157897
5	994	up	309.7578947368421
5	995	at	292.71875
5	996	the	288.4736842105263
5	997	barber	304.0208333333333
5	998	with	314.85416666666663
5	999	my	297.0927835051546
5	1000	wet	288.0927835051546
5	1001	red	303.7368421052632
5	1002	eyes	333.7604166666667
5	1003	and	328.2061855670103
5	1004	asked,	318.35051546391753
5	1005	'Do	351.61458333333337
5	1006	you	313.6701030927835
5	1007	know	305.8659793814433
5	1008	if	302.5157894736842
5	1009	Elvis	320.7368421052632
5	1010	Presley	376.5625
5	1011	has	346.5578947368421
5	1012	green	377.1354166666666
5	1013	bones?'	800.3510638297872
6	1	This	515.9662921348315
6	2	is	379.4146341463414
6	3	a	323.9024390243902
6	4	story	371.7590361445784
6	5	of	354.8823529411764
6	6	how	332.0588235294118
6	7	Mr.	339.89411764705875
6	8	Sticky	348.9750000000001
6	9	got	381.4880952380952
6	10	in	356.07058823529417
6	11	Abby's	397.0588235294118
6	12	fish	462.2771084337349
6	13	tank.	550.7848101265823
6	14	'He's	555.6666666666667
6	15	very	384.8333333333333
6	16	small,'	350.3132530120482
6	17	Abby's	392.1084337349397
6	18	mom	444.25925925925935
6	19	said	380.6875
6	20	as	384.5952380952381
6	21	she	393.5421686746989
6	22	peered	363.18072289156623
6	23	at	349.1341463414634
6	24	the	342.48192771084337
6	25	tiny	356.3414634146341
6	26	water	403.2073170731707
6	27	snail.	480.42682926829264
6	28	Abby	600.0506329113924
6	29	said	447.0
6	30	that	394.03571428571433
6	31	he	366.6666666666666
6	32	would	361.5952380952381
6	33	grow	356.25
6	34	and	356.0714285714286
6	35	then	347.87804878048775
6	36	pulled	380.34939759036143
6	37	her	405.74390243902445
6	38	pajama	425.8658536585365
6	39	bottoms	403.5
6	40	up	371.9759036144578
6	41	again	382.06024096385545
6	42	before	377.9036144578314
6	43	she	367.4285714285714
6	44	got	360.0
6	45	into	354.0481927710844
6	46	bed,	425.7710843373495
6	47	for	447.7228915662652
6	48	they	398.7710843373495
6	49	were	353.7469879518073
6	50	always	370.3734939759036
6	51	falling	363.94047619047626
6	52	down.	379.2195121951221
6	53	Usually,	441.64634146341473
6	54	Abby's	439.3734939759035
6	55	mom	388.5061728395062
6	56	got	392.87804878048775
6	57	up	327.7469879518072
6	58	at	341.22222222222223
6	59	the	360.15662650602405
6	60	crack	369.4216867469879
6	61	of	321.0120481927711
6	62	dawn,	314.31707317073176
6	63	but	350.65060240963857
6	64	it	321.0843373493976
6	65	was	294.28915662650604
6	66	Abby	354.9397590361445
6	67	who	366.0
6	68	jumped	343.7619047619048
6	69	out	317.8795180722892
6	70	of	343.9879518072289
6	71	bed	362.3734939759036
6	72	first	366.7926829268292
6	73	the	354.5903614457831
6	74	next	366.69135802469134
6	75	morning	368.90361445783134
6	76	and	342.90123456790127
6	77	switched	334.3536585365853
6	78	on	336.62195121951225
6	79	the	326.132530120482
6	80	light	349.289156626506
6	81	in	333.3975903614458
6	82	her	328.109756097561
6	83	fish	331.71428571428567
6	84	tank,	385.3048780487805
6	85	which	374.7951807228916
6	86	contained	383.85365853658527
6	87	three	338.3012048192771
6	88	fish.	381.0853658536586
6	89	At	442.9135802469135
6	90	first,	357.3048780487805
6	91	she	341.41975308641975
6	92	could	344.9638554216868
6	93	see	321.1219512195122
6	94	neither	353.77108433734946
6	95	hide	426.96428571428567
6	96	nor	428.73170731707313
6	97	hair	395.3214285714286
6	98	of	379.18072289156623
6	99	the	346.30952380952374
6	100	snail,	339.9879518072289
6	101	but	414.780487804878
6	102	then	395.96385542168673
6	103	she	339.6746987951807
6	104	spotted	347.6190476190476
6	105	him.	370.06024096385545
6	106	It	338.5119047619047
6	107	had	334.35714285714283
6	108	taken	337.22891566265054
6	109	Abby	355.4047619047619
6	110	a	356.89156626506025
6	111	while	332.2235294117648
6	112	to	328.98809523809524
6	113	find	312.6024096385542
6	114	Sticky	343.88095238095246
6	115	because	385.9759036144578
6	116	he	370.9156626506024
6	117	was	333.6024096385542
6	118	clinging	348.36904761904754
6	119	to	339.35714285714283
6	120	the	338.9764705882353
6	121	glass	331.7619047619048
6	122	near	365.3975903614458
6	123	the	336.2235294117648
6	124	bottom,	348.2073170731707
6	125	right	401.670731707317
6	126	next	365.2619047619048
6	127	to	328.6463414634146
6	128	the	337.95238095238096
6	129	gravel.	353.2771084337349
6	130	At	401.2409638554216
6	131	school	367.9047619047619
6	132	that	371.6867469879518
6	133	day,	341.8414634146342
6	134	Abby,	364.289156626506
6	135	encouraged	357.3614457831325
6	136	by	382.88095238095246
6	137	her	347.9759036144578
6	138	teacher,	380.71428571428567
6	139	wrote	360.9518072289157
6	140	excitedly	363.8915662650603
6	141	about	366.6867469879518
6	142	the	336.49411764705883
6	143	small	317.90588235294115
6	144	and	372.8452380952381
6	145	mysterious	416.6785714285714
6	146	Mr.	372.80722891566273
6	147	Sticky,	389.5975609756098
6	148	who	380.1547619047619
6	149	you	342.2738095238095
6	150	could	361.82926829268297
6	151	mistake	341.2560975609756
6	152	for	348.48809523809524
6	153	a	321.0481927710844
6	154	piece	335.6506024096385
6	155	of	326.4457831325301
6	156	gravel.	353.7407407407408
6	157	He	386.5060240963856
6	158	seemed	400.4047619047619
6	159	an	351.69879518072287
6	160	ideal	368.33333333333337
6	161	pet	342.8690476190476
6	162	for	360.0952380952381
6	163	her,	312.12048192771084
6	164	some	327.7380952380953
6	165	of	338.9638554216868
6	166	the	323.855421686747
6	167	girls	327.45238095238096
6	168	in	303.95180722891564
6	169	her	295.75
6	170	class	314.6867469879518
6	171	teased,	334.4642857142857
6	172	because	390.578313253012
6	173	Abby	354.9638554216868
6	174	was	365.0843373493976
6	175	also	319.4698795180723
6	176	very	315.35714285714283
6	177	small.	337.5301204819277
6	178	That	396.22222222222223
6	179	evening,	368.1829268292682
6	180	Abby	391.3571428571428
6	181	turned	349.0119047619048
6	182	on	369.27710843373495
6	183	the	337.5542168674699
6	184	light	324.9390243902439
6	185	and	327.6867469879518
6	186	found	312.4096385542169
6	187	Mr.	332.6428571428572
6	188	Sticky	354.4047619047619
6	189	clinging	344.72619047619054
6	190	to	346.48192771084337
6	191	the	314.53571428571433
6	192	pond	351.02380952380946
6	193	weed	391.8658536585366
6	194	and	400.1829268292683
6	195	bobbing	389.5714285714286
6	196	about	358.03614457831327
6	197	in	361.5
6	198	the	315.2619047619048
6	199	air	318.0238095238095
6	200	bubbles.	353.07499999999993
6	201	'That	436.1686746987952
6	202	looks	371.0
6	203	fun!'	350.66666666666663
6	204	Abby	359.2409638554217
6	205	exclaimed.	355.60714285714283
6	206	She	391.73493975903625
6	207	tried	327.855421686747
6	208	to	343.04761904761904
6	209	imagine	323.3975903614458
6	210	what	346.9285714285714
6	211	it	318.2857142857143
6	212	must	312.56626506024094
6	213	be	314.7380952380953
6	214	like	306.45882352941175
6	215	to	348.2705882352941
6	216	have	328.5
6	217	to	335.3214285714286
6	218	hang	317.2261904761905
6	219	on	331.2530120481927
6	220	to	330.85714285714283
6	221	things	335.9404761904762
6	222	all	333.9047619047619
6	223	day	329.0722891566265
6	224	and	307.8433734939759
6	225	decided	339.48192771084337
6	226	the	328.26506024096386
6	227	answer	321.6867469879518
6	228	was	323.20238095238096
6	229	that	311.25
6	230	it	303.2289156626506
6	231	was	294.5119047619048
6	232	probably	319.08333333333337
6	233	very	325.9277108433735
6	234	tiring.	344.03571428571433
6	235	Abby	437.890243902439
6	236	told	376.8214285714286
6	237	her	321.54761904761904
6	238	mom	347.16666666666663
6	239	that	323.9146341463414
6	240	she	303.9761904761905
6	241	thought	323.2261904761905
6	242	Sticky	325.2738095238095
6	243	had	327.23809523809524
6	244	grown	327.6144578313253
6	245	a	313.83333333333337
6	246	bit	332.4404761904762
6	247	the	342.8095238095238
6	248	next	354.63095238095246
6	249	day	330.43373493975906
6	250	at	346.0843373493976
6	251	breakfast.	364.4166666666666
6	252	'Just	366.8571428571428
6	253	as	347.81927710843377
6	254	well	315.03614457831327
6	255	if	317.2771084337349
6	256	he's	325.4761904761905
6	257	going	328.1309523809524
6	258	to	319.0
6	259	be	325.0722891566265
6	260	gobbled	337.07317073170736
6	261	up	349.85542168674704
6	262	like	352.90361445783134
6	263	that,'	337.48192771084337
6	264	her	369.7682926829268
6	265	mom	383.7831325301205
6	266	responded	407.8915662650603
6	267	who	352.73493975903614
6	268	was	340.4698795180723
6	269	busy	353.0487804878049
6	270	preparing	337.5903614457831
6	271	breakfast.	364.96385542168673
6	272	Abby	374.0240963855422
6	273	whined	354.3855421686747
6	274	that	363.93975903614455
6	275	she	364.0952380952381
6	276	didn't	322.7469879518072
6	277	want	310.3614457831325
6	278	him	306.2048192771084
6	279	to	307.1927710843373
6	280	get	315.72289156626505
6	281	too	334.3132530120482
6	282	big	335.81927710843377
6	283	or	339.9879518072289
6	284	he	335.83132530120486
6	285	wouldn't	329.43373493975906
6	286	be	325.03614457831327
6	287	cute	336.9638554216868
6	288	anymore.	372.28395061728384
6	289	'Small	384.7777777777777
6	290	things,	357.48192771084337
6	291	not	360.56626506024094
6	292	big	342.4457831325301
6	293	things,	350.3855421686747
6	294	are	338.6746987951807
6	295	cute,	325.09638554216866
6	296	right?'	383.3012048192771
6	297	she	381.0240963855422
6	298	asked,	343.89156626506025
6	299	half	353.289156626506
6	300	to	333.95180722891564
6	301	herself.	372.1204819277108
6	302	The	403.22891566265054
6	303	next	366.9277108433735
6	304	day	352.890243902439
6	305	in	322.0975609756098
6	306	art	336.68292682926824
6	307	class,	342.28915662650604
6	308	Abby	331.3614457831326
6	309	needed	320.7951807228916
6	310	two	313.1686746987952
6	311	pieces	336.4698795180723
6	312	of	319.1566265060241
6	313	paper	308.5853658536585
6	314	that	324.8888888888889
6	315	were	319.5121951219512
6	316	very	367.4166666666666
6	317	expensive,	357.0975609756098
6	318	to	406.1829268292683
6	319	draw	340.12048192771084
6	320	an	335.2168674698795
6	321	elephant,	397.78313253012055
6	322	but	435.4691358024691
6	323	the	368.578313253012
6	324	teacher	336.2048192771084
6	325	didn't	315.3132530120482
6	326	mind	310.73493975903614
6	327	Abby	344.28915662650604
6	328	using	349.6219512195122
6	329	the	341.7710843373494
6	330	expensive	350.4578313253012
6	331	paper	377.3975903614458
6	332	because	358.48192771084337
6	333	she	328.421686746988
6	334	was	313.0853658536586
6	335	pleased	303.83132530120486
6	336	with	335.3132530120482
6	337	the	319.66265060240966
6	338	drawing	320.43373493975906
6	339	and	357.32926829268297
6	340	wanted	336.6585365853658
6	341	it	316.26506024096386
6	342	on	321.43373493975906
6	343	the	337.8928571428572
6	344	wall.	341.5357142857143
6	345	The	380.64634146341473
6	346	teacher,	333.0120481927711
6	347	who	325.3132530120482
6	348	was	330.2409638554217
6	349	always	323.95180722891564
6	350	very	331.719512195122
6	351	encouraging,	364.90123456790127
6	352	remarked	393.8658536585365
6	353	that	358.16666666666663
6	354	the	318.5357142857143
6	355	drawing	320.0481927710844
6	356	Abby	324.2857142857143
6	357	had	342.14457831325296
6	358	made	337.7469879518072
6	359	was	323.72289156626505
6	360	very	339.6829268292683
6	361	creative	388.1325301204819
6	362	and	316.2530120481928
6	363	beamed	315.3253012048193
6	364	at	379.3493975903615
6	365	Abby,	366.14814814814815
6	366	giving	402.0240963855422
6	367	her	325.95180722891564
6	368	the	316.4390243902439
6	369	seal	327.6265060240964
6	370	of	336.9397590361445
6	371	approval.	373.0243902439024
6	372	Back	393.90123456790127
6	373	at	337.0722891566265
6	374	home,	315.3734939759036
6	375	Mom,	359.41666666666663
6	376	convinced	337.30120481927713
6	377	by	352.9759036144578
6	378	Abby	340.8795180722892
6	379	to	350.9397590361445
6	380	clean	335.5421686746988
6	381	out	306.2530120481928
6	382	the	322.89156626506025
6	383	tank,	311.5542168674699
6	384	was	342.4878048780488
6	385	cleaning	388.0853658536586
6	386	with	332.86746987951807
6	387	a	313.9879518072289
6	388	special	319.6144578313253
6	389	vacuum,	339.7710843373494
6	390	or	342.95
6	391	'hoover'.	388.3536585365854
6	392	'Where's	464.1951219512195
6	393	Mr.	420.0853658536585
6	394	Sticky?'	398.1975308641975
6	395	Abby	399.843373493976
6	396	asked	361.2289156626506
6	397	first	355.48192771084337
6	398	thing	335.3253012048193
6	399	when	345.3614457831325
6	400	she	334.06024096385545
6	401	came	306.5421686746988
6	402	home	316.65060240963857
6	403	from	315.4096385542169
6	404	school.	323.33734939759034
6	405	'On	366.6024096385543
6	406	the	332.4698795180723
6	407	side,'	327.1686746987952
6	408	Mom	363.7439024390244
6	409	replied.	358.2048192771084
6	410	And	343.49397590361446
6	411	then	346.2530120481928
6	412	she	313.30379746835445
6	413	added,	308.8888888888889
6	414	'Don't	343.8536585365853
6	415	worry.	328.86746987951807
6	416	I	339.3614457831326
6	417	went	331.3734939759036
6	418	extra	305.6867469879518
6	419	slowly	318.6951219512195
6	420	since	328.2926829268293
6	421	it's	329.8658536585366
6	422	better	350.578313253012
6	423	to	327.12048192771084
6	424	be	314.0481927710844
6	425	safe	319.18072289156623
6	426	than	312.5421686746988
6	427	sorry.'	323.7590361445783
6	428	Abby	377.62195121951225
6	429	looked	324.6144578313253
6	430	on	312.2771084337349
6	431	all	294.132530120482
6	432	sides	324.4268292682927
6	433	of	311.132530120482
6	434	the	294.2771084337349
6	435	tank,	308.65060240963857
6	436	but	314.4457831325301
6	437	there	307.9638554216868
6	438	was	298.9638554216868
6	439	no	304.3855421686747
6	440	sign	306.6265060240964
6	441	of	312.5542168674699
6	442	the	300.06024096385545
6	443	water	301.132530120482
6	444	snail	333.7037037037037
6	445	that	335.4146341463414
6	446	she	318.890243902439
6	447	had	317.6219512195122
6	448	discovered	322.1463414634146
6	449	a	321.43902439024384
6	450	couple	326.5
6	451	of	306.51807228915663
6	452	days	301.9879518072289
6	453	ago.	322.15662650602405
6	454	She	338.0963855421686
6	455	was	293.26506024096386
6	456	very	295.03614457831327
6	457	sad.	303.12048192771084
6	458	Her	323.0120481927711
6	459	mom	312.6024096385542
6	460	said	295.09638554216866
6	461	to	288.6024096385542
6	462	wait	302.3132530120482
6	463	a	307.9638554216868
6	464	few	310.0
6	465	hours	309.7469879518072
6	466	until	309.3855421686747
6	467	the	295.2289156626506
6	468	water	292.9638554216868
6	469	clears	330.2771084337349
6	470	to	321.1566265060241
6	471	take	318.65060240963857
6	472	another	308.2048192771084
6	473	careful	336.8795180722892
6	474	look.	310.6707317073171
6	475	That	343.289156626506
6	476	evening,	330.3614457831325
6	477	Abby	324.132530120482
6	478	went	307.9512195121951
6	479	up	301.5421686746988
6	480	to	282.73493975903614
6	481	her	295.1566265060241
6	482	bedroom	289.6341463414634
6	483	to	296.30120481927713
6	484	check	322.0722891566265
6	485	the	295.41975308641975
6	486	tank	310.95061728395063
6	487	again.	335.57317073170736
6	488	The	321.7951807228916
6	489	water	299.0853658536585
6	490	had	300.5243902439024
6	491	settled	304.5432098765432
6	492	and	295.2962962962963
6	493	looked	299.3536585365854
6	494	clear,	304.9512195121951
6	495	but	311.0617283950617
6	496	Abby	309.1829268292683
6	497	could	300.4878048780488
6	498	not	293.34939759036143
6	499	see	290.34939759036143
6	500	Mr.	286.6951219512195
6	501	Sticky.	289.0
6	502	Abby	315.1219512195122
6	503	kneeled	341.8780487804878
6	504	down	316.67073170731703
6	505	to	321.7682926829268
6	506	have	312.5975609756098
6	507	another	306.9512195121951
6	508	look	292.4390243902439
6	509	in	290.96296296296293
6	510	the	281.82716049382714
6	511	tank	277.425
6	512	that	280.8024691358025
6	513	her	285.1975308641975
6	514	mom	303.8395061728395
6	515	had	293.4
6	516	cleared	326.5365853658537
6	517	so	326.9024390243902
6	518	thoroughly,	358.219512195122
6	519	but	325.7682926829268
6	520	Mr.	330.6219512195122
6	521	Sticky	300.3780487804878
6	522	was	294.2439024390244
6	523	still	289.890243902439
6	524	nowhere	308.2073170731707
6	525	to	334.219512195122
6	526	be	286.8048780487805
6	527	found.	289.6463414634146
6	528	Abby	332.1585365853658
6	529	was	298.7926829268293
6	530	a	296.7926829268293
6	531	bundle	304.6463414634146
6	532	of	319.15662650602405
6	533	nerves	297.51807228915663
6	534	as	310.890243902439
6	535	she	291.0609756097561
6	536	descended	301.3048780487805
6	537	the	356.0246913580247
6	538	stairs.	308.4756097560976
6	539	In	327.86585365853654
6	540	the	323.81481481481484
6	541	study,	293.3658536585366
6	542	surrounded	333.8536585365854
6	543	by	385.890243902439
6	544	books	323.4074074074074
6	545	and	315.0
6	546	papers,	305.280487804878
6	547	her	332.9512195121951
6	548	mom	324.4756097560976
6	549	was	323.0487804878049
6	550	working	296.890243902439
6	551	and	295.5975609756098
6	552	she	300.609756097561
6	553	looked	308.7037037037037
6	554	impatient	306.8170731707317
6	555	when	312.1341463414634
6	556	she	362.85365853658527
6	557	saw	311.5301204819277
6	558	Abby	296.0609756097561
6	559	in	311.5609756097561
6	560	the	303.109756097561
6	561	doorway	317.2560975609756
6	562	and	329.2926829268293
6	563	even	315.4390243902439
6	564	more	301.6296296296296
6	565	worried	306.0975609756098
6	566	when	303.5487804878049
6	567	she	295.3703703703704
6	568	heard	283.0609756097561
6	569	the	300.4024390243902
6	570	bad	296.8170731707317
6	571	news.	316.2317073170732
6	572	'He'll	388.5625
6	573	turn	331.390243902439
6	574	up,'	313.7560975609756
6	575	Mom	328.17283950617286
6	576	said,	313.9135802469136
6	577	and	316.2098765432099
6	578	that	311.68292682926824
6	579	was	303.4878048780488
6	580	that.	304.9634146341463
6	581	Then,	319.1951219512195
6	582	to	329.51851851851853
6	583	add	316.4878048780488
6	584	fuel	324.8780487804878
6	585	to	296.8658536585366
6	586	the	289.9390243902439
6	587	flames,	290.109756097561
6	588	she	329.8414634146342
6	589	raised	311.7560975609756
6	590	her	308.55555555555554
6	591	tone	309.4268292682927
6	592	of	296.3536585365854
6	593	voice	296.8414634146341
6	594	and	296.9146341463415
6	595	said	307.280487804878
6	596	dismissively,	327.61728395061726
6	597	'For	379.37804878048775
6	598	the	328.28395061728395
6	599	time	334.1463414634146
6	600	being,	356.0243902439024
6	601	go	346.0987654320988
6	602	to	311.8780487804878
6	603	bed,	317.0365853658537
6	604	Abby.	334.0
6	605	I've	344.5365853658537
6	606	got	311.5121951219512
6	607	masses	318.0843373493976
6	608	of	313.1927710843373
6	609	work	320.30120481927713
6	610	to	293.1084337349397
6	611	catch	309.9397590361445
6	612	up	316.2168674698795
6	613	on.'	301.9390243902439
6	614	Abby	338.0121951219512
6	615	had	326.7857142857143
6	616	a	314.6385542168675
6	617	quick	301.4457831325301
6	618	temper	292.8192771084337
6	619	and	295.5609756097561
6	620	she	315.8072289156627
6	621	was	307.49397590361446
6	622	angry	293.1084337349397
6	623	as	308.5903614457831
6	624	hell.	336.1084337349397
6	625	'You've	409.8395061728395
6	626	hoovered	435.0843373493976
6	627	him	421.9759036144578
6	628	up,	407.0963855421687
6	629	haven't	375.9879518072289
6	630	you?'	365.0487804878049
6	631	she	355.0481927710844
6	632	said	321.28915662650604
6	633	accusingly.	344.0
6	634	Abby's	391.7710843373494
6	635	mom	374.13414634146346
6	636	denied	326.2409638554217
6	637	Abby's	338.4698795180723
6	638	version	366.77777777777777
6	639	of	328.8536585365854
6	640	the	293.0975609756098
6	641	story	287.6707317073171
6	642	was	316.3975903614458
6	643	true	319.3855421686747
6	644	and	349.4166666666667
6	645	said	305.09638554216866
6	646	that	306.49397590361446
6	647	she	301.56626506024094
6	648	was	295.5903614457831
6	649	careful,	332.6867469879518
6	650	but	317.66265060240966
6	651	because	317.8333333333333
6	652	Mr.	313.6547619047619
6	653	Sticky	320.7469879518072
6	654	was	299.2168674698795
6	655	so	301.0481927710844
6	656	small	304.9879518072289
6	657	he	306.4096385542169
6	658	was	298.3253012048193
6	659	hard	311.6626506024096
6	660	to	292.1951219512195
6	661	see.	295.3658536585366
6	662	'What's	342.3132530120482
6	663	wrong	339.8536585365854
6	664	with	318.6385542168675
6	665	being	310.4578313253012
6	666	small?'	329.9759036144578
6	667	'Nothing	374.4024390243902
6	668	at	330.4268292682927
6	669	all,	301.03614457831327
6	670	but	303.6265060240964
6	671	it	301.65060240963857
6	672	makes	302.3095238095238
6	673	things	316.2261904761905
6	674	hard	298.23809523809524
6	675	to	292.92857142857144
6	676	find.'	339.3690476190476
6	677	'Or	345.0121951219512
6	678	notice,'	348.43373493975906
6	679	Abby	356.3734939759036
6	680	said,	386.9879518072289
6	681	suddenly	383.2409638554216
6	682	feeling	337.83132530120486
6	683	like	324.9878048780488
6	684	the	323.0722891566265
6	685	small,	314.3614457831325
6	686	overlooked	340.8536585365854
6	687	Mr.	339.6867469879518
6	688	Sticky	327.4457831325301
6	689	herself	322.28915662650604
6	690	and	319.2098765432099
6	691	storming	331.6190476190476
6	692	from	327.6746987951807
6	693	the	336.4698795180723
6	694	room.	296.9879518072289
6	695	The	337.51807228915663
6	696	door	355.3132530120482
6	697	to	341.28915662650604
6	698	the	312.3658536585366
6	699	bedroom	305.9024390243902
6	700	opened	328.7073170731707
6	701	a	323.6385542168674
6	702	few	314.2289156626506
6	703	minutes	300.3780487804878
6	704	later	293.132530120482
6	705	and	304.2168674698795
6	706	Mom's	329.5903614457831
6	707	face	346.51807228915663
6	708	appeared.	327.7317073170732
6	709	She	356.2926829268293
6	710	was	338.280487804878
6	711	there	305.6585365853658
6	712	to	306.28915662650604
6	713	try	305.9879518072289
6	714	to	281.3048780487805
6	715	make	289.56626506024094
6	716	up	281.2771084337349
6	717	for	296.578313253012
6	718	having	288.4390243902439
6	719	been	283.73493975903614
6	720	insensitive	340.132530120482
6	721	earlier.	404.0240963855422
6	722	She	383.5180722891567
6	723	had	302.855421686747
6	724	put	297.7469879518072
6	725	her	296.9879518072289
6	726	work	287.65060240963857
6	727	on	295.51807228915663
6	728	the	305.1084337349397
6	729	back	290.421686746988
6	730	burner	293.1807228915663
6	731	and	324.8780487804878
6	732	occupied	311.710843373494
6	733	herself	301.65060240963857
6	734	with	299.7590361445783
6	735	Sticky.	308.30120481927713
6	736	Abby,	464.0120481927711
6	737	who	439.4024390243902
6	738	was	369.27710843373495
6	739	breathing	313.73493975903614
6	740	fire	313.65060240963857
6	741	all	334.7951807228916
6	742	on	343.578313253012
6	743	account	344.0843373493976
6	744	of	325.6265060240964
6	745	the	299.9879518072289
6	746	little	297.7831325301205
6	747	snail,	325.6867469879518
6	748	tried	325.0843373493976
6	749	to	330.1325301204819
6	750	ignore	338.95180722891564
6	751	her,	301.89156626506025
6	752	but	318.855421686747
6	753	it	313.0
6	754	was	299.9638554216868
6	755	hard	293.73493975903614
6	756	when	305.0843373493976
6	757	Mom	300.86746987951807
6	758	walked	312.34939759036143
6	759	over	310.18072289156623
6	760	to	286.95180722891564
6	761	the	283.1807228915663
6	762	bed	297.2168674698795
6	763	and	287.5609756097561
6	764	sat	280.5238095238095
6	765	next	288.86746987951807
6	766	to	310.62195121951225
6	767	her.	294.43373493975906
6	768	Mom,	305.9625
6	769	who	323.0987654320988
6	770	Abby	346.25609756097555
6	771	still	326.609756097561
6	772	strained	319.4878048780488
6	773	to	374.5679012345679
6	774	remain	332.4756097560976
6	775	upset	315.1707317073171
6	776	with,	341.9390243902439
6	777	had	335.3780487804878
6	778	gone	325.4512195121951
6	779	out	311.7407407407407
6	780	to	290.2317073170732
6	781	find	300.719512195122
6	782	her	298.4024390243902
6	783	glasses	308.1341463414634
6	784	in	325.66666666666663
6	785	order	304.2073170731707
6	786	to	295.8658536585366
6	787	search	278.7654320987654
6	788	for	293.1125
6	789	Sticky	287.719512195122
6	790	more	310.9753086419753
6	791	effectively.	335.82716049382714
6	792	'This	367.780487804878
6	793	is	314.1341463414634
6	794	my	276.4024390243902
6	795	new	286.1707317073171
6	796	and	296.67073170731703
6	797	extra	303.780487804878
6	798	powerful	305.890243902439
6	799	pair	323.0365853658537
6	800	I	297.6707317073171
6	801	have	316.8536585365854
6	802	for	308.51851851851853
6	803	important	316.1358024691358
6	804	occasions	302.4268292682927
6	805	like	318.44444444444446
6	806	snail	317.1481481481481
6	807	hunting,'	335.8536585365854
6	808	she	370.7407407407408
6	809	said.	316.9875
6	810	She	316.4390243902439
6	811	smiled	311.4878048780488
6	812	at	305.8414634146342
6	813	Abby,	296.8658536585366
6	814	trying	310.7283950617284
6	815	to	298.9390243902439
6	816	butter	297.53086419753083
6	817	her	300.8536585365854
6	818	up,	312.719512195122
6	819	but	298.3375
6	820	Abby	313.9878048780488
6	821	didn't	297.8048780487805
6	822	smile	301.1585365853658
6	823	back.	307.12345679012344
6	824	Abby	321.5121951219512
6	825	believed	358.7831325301205
6	826	her	294.4512195121951
6	827	mom's	319.1829268292683
6	828	idea	306.0987654320988
6	829	would	293.55
6	830	not	306.44444444444446
6	831	succeed,	330.109756097561
6	832	but	335.3414634146342
6	833	then	320.58024691358025
6	834	she	340.12345679012344
6	835	had	293.6463414634146
6	836	an	303.4691358024692
6	837	idea	287.6341463414634
6	838	of	283.6543209876544
6	839	her	290.2125
6	840	own.	323.6875
6	841	'I've	333.5443037974684
6	842	got	322.8125
6	843	a	297.85
6	844	magnifying	312.9259259259259
6	845	glass,'	330.08641975308643
6	846	Abby	327.34567901234567
6	847	suddenly	333.98765432098764
6	848	remembered	317.890243902439
6	849	and	336.2875
6	850	rushed	325.7407407407408
6	851	off	322.12345679012344
6	852	to	293.61728395061726
6	853	find	296.5061728395062
6	854	it.	295.9382716049383
6	855	On	295.8780487804878
6	856	the	287.6219512195122
6	857	floor	293.1851851851852
6	858	beside	289.4691358024692
6	859	each	321.0246913580247
6	860	other	317.9375
6	861	they	310.69135802469134
6	862	sat,	295.1111111111111
6	863	shuffling	298.5609756097561
6	864	around	319.4074074074074
6	865	the	303.9259259259259
6	866	tank,	299.6666666666667
6	867	looking	317.1975308641976
6	868	all	313.39506172839504
6	869	over	304.98765432098764
6	870	the	287.6625
6	871	place	285.25
6	872	and	279.6
6	873	peering	274.675
6	874	into	293.875
6	875	the	321.9382716049383
6	876	corners	292.4375
6	877	among	295.9753086419753
6	878	the	291.625
6	879	big	294.7875
6	880	pebbles	314.2375
6	881	and	290.1975308641975
6	882	the	295.34567901234567
6	883	pond	294.3048780487805
6	884	weed.	288.890243902439
6	885	Abby	324.9390243902439
6	886	tried	342.04878048780495
6	887	to	321.6707317073171
6	888	imagine,	289.7926829268293
6	889	if	289.1358024691358
6	890	she	279.5061728395062
6	891	were	290.5679012345679
6	892	Sticky,	282.98765432098764
6	893	a	292.9878048780488
6	894	little	289.975
6	895	water	302.5487804878049
6	896	snail,	306.9512195121951
6	897	where	298.2073170731707
6	898	would	297.719512195122
6	899	she	278.0121951219512
6	900	hide	300.6951219512195
6	901	out?	275.8536585365854
6	902	At	310.1219512195122
6	903	one	329.5421686746988
6	904	point	292.0240963855422
6	905	she	294.5853658536586
6	906	thought	282.3170731707317
6	907	she	281.2317073170732
6	908	saw	276.8780487804878
6	909	him,	291.8780487804878
6	910	but	311.6219512195122
6	911	it	292.69135802469134
6	912	wasn't	276.87654320987656
6	913	the	290.358024691358
6	914	water	312.1111111111111
6	915	snail.	340.125
6	916	It	350.1518987341772
6	917	was	295.35
6	918	a	268.77777777777777
6	919	large	270.17283950617286
6	920	speck	278.25925925925924
6	921	of	299.2048192771084
6	922	dust	286.4390243902439
6	923	that	324.30864197530866
6	924	was	294.109756097561
6	925	deceptively	309.6951219512195
6	926	bobbing	369.6219512195122
6	927	around	336.2926829268293
6	928	in	310.3292682926829
6	929	the	298.6707317073171
6	930	water	279.1604938271605
6	931	like	268.2926829268293
6	932	a	290.0617283950617
6	933	live	277.2926829268293
6	934	animal.	291.6341463414634
6	935	They	363.9390243902439
6	936	were	317.41975308641975
6	937	ready	277.9024390243902
6	938	to	270.8414634146341
6	939	call	289.6951219512195
6	940	it	276.4146341463414
6	941	quits,	262.2682926829268
6	942	when	278.2682926829268
6	943	suddenly	278.3658536585366
6	944	Mom	302.5853658536585
6	945	cried,	314.4634146341463
6	946	'Ah	297.0243902439024
6	947	ha!'	323.9634146341463
6	948	Tucked	330.890243902439
6	949	in	319.4024390243902
6	950	a	306.9878048780488
6	951	curve	297.7073170731707
6	952	of	323.0243902439024
6	953	the	299.1585365853658
6	954	archway,	365.9512195121951
6	955	perfectly	399.2926829268293
6	956	hidden	366.0740740740741
6	957	against	333.1341463414634
6	958	a	321.280487804878
6	959	pitch	309.3780487804878
6	960	dark	314.0731707317073
6	961	stone,	325.0853658536585
6	962	sat	347.75308641975306
6	963	Mr.	332.34939759036143
6	964	Sticky,	316.0240963855422
6	965	safe	329.0
6	966	and	299.0121951219512
6	967	sound.	294.2560975609756
6	968	'You,	308.1219512195122
6	969	I	292.0731707317073
6	970	can	346.3950617283951
6	971	always	394.170731707317
6	972	count	339.57317073170736
6	973	on,'	354.719512195122
6	974	Abby	407.0123456790123
6	975	said	378.175
6	976	to	318.75
6	977	her	337.71604938271605
6	978	mom,	306.6875
6	979	with	337.4875
6	980	relief.	301.7625
6	981	Then	329.98765432098764
6	982	she	335.85
6	983	noticed	300.8
6	984	another	301.8
6	985	water	309.825
6	986	snail	296.8
6	987	was	308.7625
6	988	right	303.7625
6	989	next	308.85
6	990	to	311.17721518987344
6	991	Sticky	321.9
6	992	and	350.73417721518985
6	993	asked	327.55
6	994	where	310.2125
6	995	this	303.9375
6	996	new	294.3544303797468
6	997	addition	299.9240506329114
6	998	to	326.6125
6	999	the	316.675
6	1000	family	293.9873417721519
6	1001	could	279.05128205128204
6	1002	have	286.1666666666667
6	1003	come	298.1518987341772
6	1004	from.	290.8205128205128
6	1005	'I'm	322.4102564102564
6	1006	beginning	318.253164556962
6	1007	to	319.7721518987342
6	1008	suspect	317.4177215189873
6	1009	the	297.0
6	1010	pond	290.0
6	1011	weed	309.9
6	1012	is	328.3125
6	1013	guilty,	333.475
6	1014	don't	400.8148148148149
6	1015	you	368.55555555555554
6	1016	think?'	347.1012658227848
6	1017	replied	372.475
6	1018	Mom.	363.8227848101266
6	1019	They	358.2375
6	1020	both	338.6625
6	1021	laughed	299.9
6	1022	and	307.72151898734177
6	1023	climbed	306.975
6	1024	into	322.38461538461536
6	1025	Abby's	312.2875
6	1026	bed	301.35
6	1027	together	310.1
6	1028	and,	329.873417721519
6	1029	though	321.1
6	1030	it	315.35
6	1031	was	289.5875
6	1032	cozy,	339.38750000000005
6	1033	it	312.3375
6	1034	was	294.8875
6	1035	a	280.4625
6	1036	bit	283.65
6	1037	of	273.3625
6	1038	a	264.73417721518985
6	1039	squeeze.	281.525
6	1040	'Budge	359.5949367088608
6	1041	up,'	349.493670886076
6	1042	Mom	393.7974683544304
6	1043	said,	357.7721518987342
6	1044	giving	333.34177215189874
6	1045	Abby	315.2692307692308
6	1046	a	292.87179487179486
6	1047	push	280.4871794871795
6	1048	with	287.825
6	1049	her	285.48148148148147
6	1050	bottom.	284.05
6	1051	'I	333.85
6	1052	can't	356.4125
6	1053	because	347.8875
6	1054	I'm	331.6296296296296
6	1055	already	344.7037037037037
6	1056	on	296.61728395061726
6	1057	the	292.425
6	1058	edge.'	278.4177215189873
6	1059	'Good	329.5875
6	1060	heavens,	358.9259259259259
6	1061	you've	321.9
6	1062	grown	319.55
6	1063	then.	323.2875
6	1064	When	335.2875
6	1065	did	390.45
6	1066	that	329.6296296296297
6	1067	happen?	310.08641975308643
6	1068	You	315.641975308642
6	1069	could've	310.320987654321
6	1070	put	339.8
6	1071	an	300.30864197530866
6	1072	elephant	344.6049382716049
6	1073	in	317.85185185185185
6	1074	here	308.58024691358025
6	1075	last	303.25925925925924
6	1076	time	308.5432098765432
6	1077	we	306.2345679012346
6	1078	did	297.4567901234568
6	1079	this.	290.6296296296296
6	1080	Before	336.12345679012344
6	1081	I	313.9135802469136
6	1082	know	310.5679012345679
6	1083	it,	326.2716049382716
6	1084	you'll	296.9
6	1085	be	302.2962962962963
6	1086	all	284.7875
6	1087	grown	283.45
6	1088	up.'	301.0365853658537
6	1089	On	297.1951219512195
6	1090	her	318.0853658536586
6	1091	mom's	316.4512195121951
6	1092	chest	305.8395061728395
6	1093	Abby	305.0365853658537
6	1094	then	314.7710843373494
6	1095	put	328.28915662650604
6	1096	her	311.30120481927713
6	1097	head	324.2261904761905
6	1098	and	333.4117647058824
6	1099	smiled.	445.7294117647059
7	1	The	523.8271604938271
7	2	text	402.4375
7	3	message	380.6708860759493
7	4	said	403.87179487179486
7	5	that	371.126582278481
7	6	Lucy	360.5384615384616
7	7	Josephs	400.7662337662338
7	8	was	501.1772151898733
7	9	a	387.79487179487177
7	10	failure.	419.9615384615384
7	11	It	460.52
7	12	said	374.5394736842106
7	13	she	373.974025974026
7	14	was	328.62337662337666
7	15	ugly,	367.4675324675324
7	16	had	376.4210526315789
7	17	no	385.0133333333333
7	18	style	340.1891891891892
7	19	and	350.66666666666663
7	20	the	364.9342105263157
7	21	world	366.8552631578947
7	22	hated	355.7894736842106
7	23	her.	360.1891891891892
7	24	At	370.8026315789474
7	25	least	358.33333333333337
7	26	that	339.6447368421053
7	27	was	350.8684210526316
7	28	what	310.4736842105264
7	29	it	330.2631578947368
7	30	said	337.8684210526316
7	31	to	307.7368421052632
7	32	Lucy.	362.4266666666666
7	33	It	399.0789473684212
7	34	said	346.7894736842106
7	35	that	361.6842105263158
7	36	and	349.3421052631579
7	37	a	387.1184210526315
7	38	whole	376.8815789473685
7	39	lot	322.8933333333333
7	40	more	323.7105263157894
7	41	that	339.5526315789474
7	42	she	338.4605263157894
7	43	was	315.4473684210526
7	44	struggling	365.3815789473685
7	45	to	352.17105263157896
7	46	understand.	380.3815789473685
7	47	The	400.1842105263157
7	48	actual	374.9333333333333
7	49	text	367.328947368421
7	50	of	334.4078947368421
7	51	the	339.9605263157894
7	52	note	356.9868421052631
7	53	said	364.55844155844153
7	54	that	342.77631578947364
7	55	Lucy	384.6710526315789
7	56	better	357.2236842105264
7	57	not	349.72
7	58	show	353.02631578947364
7	59	up	341.4868421052632
7	60	at	344.7567567567568
7	61	the	337.67105263157896
7	62	party	339.27631578947364
7	63	tonight,	361.3648648648649
7	64	because	404.73333333333335
7	65	it	361.9078947368421
7	66	was	338.2236842105263
7	67	going	321.27631578947364
7	68	to	321.8947368421053
7	69	be	300.4342105263157
7	70	bad	331.8933333333333
7	71	enough	398.64473684210526
7	72	already!	446.33333333333337
7	73	Lucy,	463.29333333333335
7	74	who	376.7236842105264
7	75	had	372.60526315789474
7	76	started	354.65333333333336
7	77	receiving	387.0
7	78	these	380.6184210526316
7	79	messages	359.67999999999995
7	80	a	362.2894736842106
7	81	few	345.2368421052632
7	82	weeks	341.3421052631579
7	83	ago,	347.7333333333333
7	84	tapped	370.5394736842106
7	85	the	359.5526315789474
7	86	mobile	419.6973684210526
7	87	screen	379.9078947368421
7	88	to	367.9736842105264
7	89	make	385.2236842105264
7	90	the	335.7236842105264
7	91	message	346.44
7	92	disappear	379.2162162162162
7	93	from	392.8421052631579
7	94	view.	389.10666666666674
7	95	She	402.76
7	96	only	374.67105263157896
7	97	wished	374.4736842105264
7	98	it	353.88
7	99	was	321.4868421052632
7	100	as	309.5
7	101	easy	351.0526315789474
7	102	to	320.1558441558442
7	103	tap	319.4025974025974
7	104	her	314.6363636363637
7	105	heart	327.1842105263158
7	106	and	345.52
7	107	erase	346.9736842105264
7	108	the	328.09333333333336
7	109	trace	343.32000000000005
7	110	the	371.28
7	111	message	440.6133333333332
7	112	had	360.2666666666668
7	113	left	364.09333333333336
7	114	there.	349.0
7	115	'Was	405.3066666666667
7	116	that	385.9466666666666
7	117	another	358.97333333333336
7	118	one	354.9594594594594
7	119	of	330.92
7	120	those	330.1466666666667
7	121	messages?'	375.9333333333333
7	122	her	369.33333333333337
7	123	mom	348.38666666666666
7	124	asked,	358.67999999999995
7	125	who	387.4736842105264
7	126	was	334.6184210526316
7	127	driving	367.80263157894734
7	128	the	335.2236842105264
7	129	car.	365.1184210526315
7	130	Lucy	451.6973684210527
7	131	confirmed	371.8311688311688
7	132	her	358.7236842105264
7	133	mother's	359.7066666666667
7	134	suspicion	380.2133333333333
7	135	was	359.2666666666668
7	136	founded	368.328947368421
7	137	as	369.8533333333333
7	138	she	382.6933333333334
7	139	answered	380.4605263157894
7	140	dejectedly,	445.12000000000006
7	141	'I'm	440.5263157894736
7	142	sorry	385.5394736842106
7	143	to	349.49333333333334
7	144	say	335.75
7	145	it	359.48
7	146	was.'	365.8684210526315
7	147	'Haven't	396.96
7	148	you	381.961038961039
7	149	reported	347.94666666666666
7	150	it	372.6447368421052
7	151	yet?'	333.4594594594594
7	152	asked	363.5394736842106
7	153	Jill,	363.5733333333334
7	154	Lucy's	407.39473684210526
7	155	older	444.53333333333336
7	156	sister	387.1733333333333
7	157	who	417.8266666666667
7	158	was	374.0
7	159	sitting	336.3648648648649
7	160	in	320.4
7	161	the	305.28
7	162	passenger	354.0394736842106
7	163	seat.	380.6052631578947
7	164	'Yes,'	397.4
7	165	Lucy	386.72
7	166	replied,	358.52631578947364
7	167	lying	357.0921052631579
7	168	through	403.8666666666666
7	169	her	357.14666666666665
7	170	teeth.	342.8266666666667
7	171	That	398.76
7	172	Lucy	346.67105263157896
7	173	should	373.89473684210526
7	174	not	360.50666666666666
7	175	let	336.62337662337666
7	176	the	334.8947368421053
7	177	messages	333.4266666666666
7	178	get	322.4473684210526
7	179	to	309.28
7	180	her	332.8026315789474
7	181	and	348.96
7	182	that	335.02631578947364
7	183	the	348.26666666666665
7	184	sender	347.02666666666664
7	185	was	353.8666666666666
7	186	only	321.05333333333334
7	187	jealous	335.96
7	188	were	366.1333333333334
7	189	Lucy's	382.09333333333336
7	190	mom's	383.4533333333333
7	191	arguments,	420.13698630136986
7	192	in	423.2567567567568
7	193	an	364.17105263157896
7	194	effort	371.1095890410959
7	195	to	329.6973684210526
7	196	comfort	331.8933333333333
7	197	her	369.1066666666667
7	198	daughter.	355.2
7	199	Lucy's	408.8266666666667
7	200	mom	349.8552631578947
7	201	suddenly	382.3200000000001
7	202	felt	331.0921052631579
7	203	guilty,	369.17105263157896
7	204	for	385.8947368421052
7	205	she	324.92
7	206	had	324.34666666666664
7	207	been	347.50666666666666
7	208	the	325.6315789473685
7	209	one	314.4266666666666
7	210	to	305.7894736842105
7	211	buy	322.26666666666665
7	212	the	339.25
7	213	phone	333.26666666666665
7	214	for	325.82894736842104
7	215	Lucy	320.6933333333333
7	216	just	334.38157894736844
7	217	a	331.70666666666665
7	218	couple	318.0657894736842
7	219	of	315.50666666666666
7	220	months	313.4342105263158
7	221	ago.	324.3157894736842
7	222	She	330.64473684210526
7	223	then	319.16
7	224	admitted	321.2631578947368
7	225	her	318.42105263157896
7	226	regret	341.7894736842106
7	227	about	357.6
7	228	the	317.4605263157895
7	229	phone	314.4605263157895
7	230	was	323.2266666666667
7	231	still	352.6184210526316
7	232	bugging	343.0533333333334
7	233	her	352.2105263157894
7	234	out	353.49333333333334
7	235	loud	358.33333333333337
7	236	as	358.67105263157896
7	237	she	359.27631578947364
7	238	sighed,	338.9078947368421
7	239	'I	384.94594594594594
7	240	never	364.1578947368421
7	241	should	336.0135135135135
7	242	have	323.67999999999995
7	243	given	310.7972972972973
7	244	you	311.8378378378378
7	245	that	302.6216216216216
7	246	phone	311.7162162162162
7	247	Lucy.'	357.5131578947368
7	248	'No,	365.3157894736842
7	249	it's	338.63157894736844
7	250	fine.	330.8
7	251	I	322.8157894736842
7	252	love	321.32000000000005
7	253	it,'	310.38157894736844
7	254	said	324.36
7	255	Lucy	346.9868421052632
7	256	knowing	333.61333333333334
7	257	that	320.4342105263158
7	258	affording	324.48
7	259	the	383.6184210526316
7	260	phone	339.53333333333336
7	261	had	319.3947368421053
7	262	been	321.0133333333333
7	263	no	322.1973684210526
7	264	small	322.49333333333334
7	265	thing	313.2133333333333
7	266	for	324.47297297297297
7	267	her	301.3333333333333
7	268	mother.	315.4594594594594
7	269	It	400.3684210526316
7	270	had	308.84000000000003
7	271	been	297.2236842105264
7	272	nothing	313.8666666666666
7	273	but	318.6266666666667
7	274	trouble	319.33333333333337
7	275	though.	324.3026315789474
7	276	Lucy	379.6933333333333
7	277	did	344.77631578947364
7	278	not	320.1842105263158
7	279	know	307.0657894736842
7	280	who	306.9736842105264
7	281	it	311.70666666666665
7	282	was	308.5526315789474
7	283	that	294.8666666666667
7	284	was	354.4078947368421
7	285	sending	309.88
7	286	her	300.6842105263158
7	287	the	306.7866666666667
7	288	messages,	312.4868421052632
7	289	and	349.5526315789474
7	290	she	303.50666666666666
7	291	did	299.02666666666664
7	292	not	300.0526315789474
7	293	know	296.49333333333334
7	294	how	311.5131578947368
7	295	they	305.72
7	296	had	309.67105263157896
7	297	got	312.9605263157894
7	298	her	305.5733333333333
7	299	number,	324.24
7	300	but	352.0133333333333
7	301	whoever	337.1842105263158
7	302	it	310.1184210526316
7	303	was,	309.4
7	304	he	304.3466666666667
7	305	or	360.50666666666666
7	306	she	316.1447368421053
7	307	had	296.42105263157896
7	308	slowly	301.9736842105264
7	309	taken	338.72
7	310	over	315.0
7	311	Lucy's	304.9866666666667
7	312	life.	311.5
7	313	She	335.8666666666667
7	314	was	299.5
7	315	getting	322.5394736842106
7	316	several	314.38157894736844
7	317	texts	303.5131578947368
7	318	a	323.67105263157896
7	319	day	301.8421052631579
7	320	now,	316.6
7	321	all	335.8493150684932
7	322	of	316.7297297297297
7	323	which	309.7027027027027
7	324	were	300.74666666666667
7	325	abusive	331.74666666666667
7	326	and	360.4666666666666
7	327	hurtful.	301.2133333333333
7	328	Lucy	343.48
7	329	wondered	370.3561643835616
7	330	what	343.3421052631579
7	331	the	345.64000000000004
7	332	person	311.4533333333333
7	333	who	308.82894736842104
7	334	was	325.08000000000004
7	335	messaging	343.02631578947364
7	336	her	335.4736842105264
7	337	might	327.2933333333333
7	338	be	317.8684210526316
7	339	thinking	310.96
7	340	or	334.2368421052632
7	341	trying	344.53333333333336
7	342	to	297.67105263157896
7	343	achieve	310.24
7	344	with	309.05333333333334
7	345	all	351.6184210526316
7	346	of	306.49333333333334
7	347	their	337.2631578947369
7	348	hateful	314.04
7	349	messages.	330.9473684210526
7	350	As	362.70666666666665
7	351	the	317.44
7	352	car	306.0921052631579
7	353	pulled	302.50666666666666
7	354	up	355.18666666666667
7	355	outside	303.3157894736842
7	356	the	328.3552631578947
7	357	school,	313.38666666666666
7	358	which	379.5394736842106
7	359	looked	349.85333333333324
7	360	like	306.8266666666667
7	361	a	307.5135135135135
7	362	large	298.8918918918919
7	363	shadow	313.8533333333333
7	364	in	332.9864864864865
7	365	the	305.16
7	366	darkness	328.6756756756757
7	367	of	335.1333333333334
7	368	a	299.2432432432432
7	369	November	315.7333333333333
7	370	evening,	335.9189189189189
7	371	Lucy	393.89333333333326
7	372	felt	363.1466666666667
7	373	a	306.3466666666667
7	374	shiver	326.9866666666667
7	375	run	322.0
7	376	down	308.08
7	377	her	306.2162162162162
7	378	spine.	313.3513513513513
7	379	Hastened	364.2567567567568
7	380	by	344.04
7	381	Jill,	316.94520547945206
7	382	who	370.0533333333334
7	383	did	342.3513513513513
7	384	not	302.6891891891892
7	385	want	309.3918918918919
7	386	to	299.16
7	387	be	290.25333333333333
7	388	late	299.36986301369865
7	389	to	312.96
7	390	her	317.41095890410963
7	391	own	312.2133333333333
7	392	concert,	352.7837837837838
7	393	Lucy	382.64
7	394	hesitantly	469.9054054054054
7	395	stepped	382.7866666666667
7	396	out	378.8933333333333
7	397	of	310.4594594594595
7	398	the	285.16
7	399	car	300.09333333333336
7	400	and	304.82666666666665
7	401	walked	320.8783783783784
7	402	toward	307.5733333333333
7	403	the	290.0810810810811
7	404	school.	314.70666666666665
7	405	It	373.3108108108109
7	406	was	306.8
7	407	Jill	305.1756756756757
7	408	who	293.4133333333333
7	409	in	305.5945945945946
7	410	her	300.9864864864865
7	411	final	320.1621621621622
7	412	year	316.7027027027027
7	413	of	308.61333333333334
7	414	high	333.8243243243243
7	415	school	330.3733333333333
7	416	had	346.3918918918919
7	417	become	330.9324324324324
7	418	involved	326.6891891891892
7	419	in	318.05405405405406
7	420	helping	364.4054054054054
7	421	organize	339.7162162162162
7	422	this	323.6575342465753
7	423	year's	338.81333333333333
7	424	school	330.9864864864865
7	425	talent	336.3918918918919
7	426	show,	333.64864864864865
7	427	and	325.3783783783784
7	428	she	319.5405405405406
7	429	took	307.7733333333333
7	430	her	316.8513513513513
7	431	position	333.64864864864865
7	432	very	323.52702702702703
7	433	seriously.	335.97297297297297
7	434	Lucy	373.4027777777777
7	435	hurried	341.2837837837838
7	436	behind	368.7567567567568
7	437	Jill,	342.8
7	438	pulling	390.8493150684932
7	439	on	360.18666666666667
7	440	the	327.02666666666664
7	441	worn,	331.2933333333333
7	442	oversized	382.7567567567568
7	443	coat	381.09333333333336
7	444	that	342.7567567567568
7	445	had	325.4864864864865
7	446	originally	305.3333333333333
7	447	belonged	326.7162162162162
7	448	to	322.8767123287671
7	449	Jill,	309.8533333333333
7	450	in	370.5675675675676
7	451	order	360.44
7	452	to	306.32876712328766
7	453	keep	328.7808219178082
7	454	her	336.91891891891885
7	455	dry	321.5733333333334
7	456	as	333.9054054054054
7	457	the	322.4189189189189
7	458	raindrops	327.4
7	459	fell	323.2027027027027
7	460	all	304.81333333333333
7	461	around	314.0810810810811
7	462	them.	320.0405405405405
7	463	As	338.5810810810811
7	464	the	331.1066666666667
7	465	sisters	318.2432432432432
7	466	entered	321.2
7	467	the	332.1506849315069
7	468	hall	313.46666666666664
7	469	where	334.2837837837838
7	470	the	330.1866666666666
7	471	show	301.7702702702703
7	472	was	306.34666666666664
7	473	to	303.2837837837838
7	474	take	312.8933333333333
7	475	place,	315.05405405405406
7	476	Jill	320.0810810810811
7	477	filled	307.0405405405405
7	478	with	313.1216216216216
7	479	excitement	365.39726027397256
7	480	while	344.3243243243243
7	481	Lucy	342.5866666666667
7	482	regretted	345.0405405405405
7	483	that	329.9189189189189
7	484	she	306.2432432432432
7	485	had	306.77027027027026
7	486	promised	307.9866666666667
7	487	her	323.9864864864865
7	488	mother	297.37333333333333
7	489	she	315.09333333333336
7	490	would	302.9054054054054
7	491	participate	308.53333333333336
7	492	in	323.52054794520546
7	493	the	298.36
7	494	show.	302.7260273972603
7	495	'To	344.96
7	496	waste	334.67123287671234
7	497	your	319.8
7	498	talent	308.55405405405406
7	499	would	310.7972972972973
7	500	be	305.4594594594595
7	501	a	299.8533333333333
7	502	real	314.9054054054054
7	503	shame,	293.3513513513513
7	504	for	312.2739726027397
7	505	you	293.90666666666664
7	506	have	291.1891891891892
7	507	such	299.33333333333337
7	508	a	300.5810810810811
7	509	beautiful	314.88
7	510	voice,'	331.6081081081081
7	511	her	319.5
7	512	mother	306.88
7	513	had	311.8918918918919
7	514	argued	305.9866666666667
7	515	two	303.32
7	516	months	312.6891891891892
7	517	back,	329.7027027027027
7	518	when	301.027397260274
7	519	the	299.5405405405405
7	520	concert	304.4931506849315
7	521	was	320.67123287671234
7	522	first	301.69444444444446
7	523	announced.	313.5890410958904
7	524	Lucy	320.52777777777777
7	525	had	315.1891891891892
7	526	been	289.83561643835617
7	527	considering	299.55405405405406
7	528	it,	319.24657534246575
7	529	for	314.1756756756757
7	530	she	289.4864864864865
7	531	did	301.5342465753425
7	532	love	312.88
7	533	to	290.52054794520546
7	534	sing.	293.0133333333333
7	535	That	300.55405405405406
7	536	very	305.72
7	537	night,	297.7567567567568
7	538	the	314.14666666666665
7	539	first	297.2432432432432
7	540	text	322.4054054054054
7	541	message	355.1891891891892
7	542	had	316.6081081081081
7	543	come	310.68
7	544	through.	321.05479452054794
7	545	'How	334.4
7	546	does	317.3648648648649
7	547	it	306.1066666666667
7	548	feel	293.5733333333333
7	549	to	293.32
7	550	be	285.5810810810811
7	551	tall	279.02666666666664
7	552	and	307.3513513513513
7	553	lanky	318.1066666666667
7	554	like	328.4054054054054
7	555	a	314.50666666666666
7	556	giraffe?'	350.88
7	557	it	351.64
7	558	had	313.02666666666664
7	559	asked,	315.46666666666664
7	560	taking	342.972602739726
7	561	Lucy	393.2162162162162
7	562	by	313.1506849315068
7	563	surprise.	318.1756756756757
7	564	One	331.75342465753425
7	565	of	306.94520547945206
7	566	the	302.041095890411
7	567	popular	326.2297297297297
7	568	girls,	320.81944444444446
7	569	Lucy	315.75342465753425
7	570	had	311.5810810810811
7	571	always	307.7945205479452
7	572	known	298.86301369863014
7	573	she	302.6621621621622
7	574	wasn't,	367.4246575342466
7	575	but	370.7432432432432
7	576	before	422.1917808219178
7	577	the	398.5
7	578	messages	365.041095890411
7	579	began,	344.7808219178082
7	580	Lucy	343.94520547945206
7	581	had	324.3783783783784
7	582	always	302.7916666666667
7	583	been	290.4864864864865
7	584	quite	291.9178082191781
7	585	proud	311.5135135135135
7	586	of	293.46666666666664
7	587	being	304.7808219178082
7	588	a	296.2837837837838
7	589	little	308.8918918918919
7	590	different.	361.1066666666667
7	591	But	344.69863013698625
7	592	text	334.56164383561645
7	593	by	325.6756756756757
7	594	text,	313.7671232876712
7	595	Lucy's	339.44594594594594
7	596	self-confidence	357.2933333333333
7	597	had	332.33333333333337
7	598	deflated	324.64864864864865
7	599	and,	346.4266666666666
7	600	in	328.1351351351352
7	601	the	295.27631578947364
7	602	end,	288.9594594594595
7	603	it	331.97333333333336
7	604	had	300.7808219178082
7	605	taken	284.96
7	606	some	299.14864864864865
7	607	doing	298.14666666666665
7	608	to	317.8648648648649
7	609	get	303.88
7	610	her	311.9864864864865
7	611	to	295.8933333333333
7	612	agree	310.97297297297297
7	613	to	294.53333333333336
7	614	perform	291.4189189189189
7	615	in	284.7733333333333
7	616	the	280.8783783783784
7	617	show.	291.33333333333337
7	618	Now,	319.1081081081081
7	619	however,	330.62666666666667
7	620	Lucy	294.1081081081081
7	621	had	290.3466666666667
7	622	no	287.1081081081081
7	623	choice	286.8533333333333
7	624	but	271.9866666666667
7	625	to	269.4864864864865
7	626	make	266.58666666666664
7	627	her	291.7567567567568
7	628	way	286.4657534246575
7	629	towards	279.06666666666666
7	630	the	291.8
7	631	stage	285.7837837837838
7	632	where	282.94594594594594
7	633	Jill	303.77027027027026
7	634	was	288.25333333333333
7	635	beckoning	296.6351351351351
7	636	encouragingly	361.52
7	637	to	334.46666666666664
7	638	her.	319.31081081081084
7	639	She	349.87999999999994
7	640	was	312.77027027027026
7	641	the	289.97333333333336
7	642	first	298.36
7	643	performer.	300.16438356164383
7	644	Lucy,	357.3698630136986
7	645	announced	350.05333333333334
7	646	by	339.72972972972974
7	647	her	318.25333333333333
7	648	sister	327.3918918918919
7	649	to	324.0
7	650	the	310.4054054054054
7	651	audience,	312.0133333333333
7	652	was	327.2027027027027
7	653	all	304.3066666666667
7	654	nerves	295.7432432432432
7	655	as	310.46666666666664
7	656	she	322.527027027027
7	657	walked	298.7333333333333
7	658	out	286.45205479452056
7	659	onto	287.88
7	660	the	284.31081081081084
7	661	middle	294.9866666666667
7	662	of	295.56
7	663	the	288.3918918918919
7	664	stage,	297.16
7	665	where	307.33333333333337
7	666	there	284.8783783783784
7	667	was	281.8
7	668	nothing	289.36486486486484
7	669	but	284.8
7	670	a	300.22972972972974
7	671	microphone	295.49333333333334
7	672	and	320.05405405405406
7	673	her.	298.3648648648649
7	674	She	385.4864864864865
7	675	heard	339.37333333333333
7	676	the	307.3378378378378
7	677	audience	316.43243243243245
7	678	applaud	305.1733333333333
7	679	and	313.75342465753425
7	680	could	284.9866666666667
7	681	feel	302.6351351351351
7	682	a	292.96
7	683	sense	288.5753424657534
7	684	of	286.31081081081084
7	685	anticipation	299.3378378378378
7	686	emanate	322.7945205479452
7	687	from	367.5
7	688	the	316.5890410958904
7	689	other	298.5135135135135
7	690	side	312.13698630136986
7	691	of	296.43243243243245
7	692	the	281.7808219178082
7	693	heavy	278.4594594594595
7	694	curtain.	362.2328767123288
7	695	As	353.7972972972973
7	696	the	324.4657534246575
7	697	curtains	306.7432432432432
7	698	began	319.4931506849315
7	699	to	310.3243243243243
7	700	part,	323.35616438356163
7	701	she	313.5945945945946
7	702	cast	311.05479452054794
7	703	a	341.6575342465753
7	704	worried	305.9864864864865
7	705	look	309.67123287671234
7	706	at	294.6351351351351
7	707	Jill	294.013698630137
7	708	in	314.4594594594595
7	709	the	301.8513513513513
7	710	wings,	326.27397260273966
7	711	who	366.9054054054054
7	712	assured	320.9864864864865
7	713	her	357.32876712328766
7	714	with	285.6351351351351
7	715	a	301.5342465753425
7	716	positive	314.5405405405406
7	717	thumbs	313.82191780821915
7	718	up.	354.1095890410959
7	719	Lucy	369.2083333333333
7	720	thought	316.05479452054794
7	721	to	319.8082191780822
7	722	herself	300.5675675675676
7	723	that	300.4864864864865
7	724	she	307.5675675675676
7	725	could	288.86301369863014
7	726	not	287.7260273972603
7	727	go	288.3378378378378
7	728	through	293.7397260273973
7	729	with	293.06756756756755
7	730	this	277.6575342465753
7	731	and	295.7702702702703
7	732	that	296.9178082191781
7	733	she,	284.3918918918919
7	734	unlike	291.67123287671234
7	735	her	312.8378378378378
7	736	older	278.0
7	737	sister,	294.6301369863014
7	738	was	291.22222222222223
7	739	not	286.54794520547944
7	740	confident	290.3648648648649
7	741	enough	295.2027027027027
7	742	to	291.93243243243245
7	743	put	275.52054794520546
7	744	herself	282.47297297297297
7	745	before	293.3013698630137
7	746	the	284.2027027027027
7	747	judging	287.45205479452056
7	748	audience.	344.1081081081081
7	749	The	343.3243243243243
7	750	crowd	339.63380281690144
7	751	looked	305.2837837837838
7	752	up	294.6891891891892
7	753	at	291.75
7	754	her	290.5405405405405
7	755	and	289.17808219178085
7	756	Lucy	292.7972972972973
7	757	was	285.4594594594595
7	758	ready	320.1643835616439
7	759	to	288.41095890410963
7	760	run	296.93150684931504
7	761	when	329.3972602739726
7	762	the	305.47297297297297
7	763	first	313.8082191780822
7	764	notes	295.5733333333333
7	765	of	306.4054054054054
7	766	the	292.5068493150685
7	767	music	289.0945945945946
7	768	sounded	301.81081081081084
7	769	out	290.6575342465753
7	770	and	300.027397260274
7	771	a	313.55555555555554
7	772	sudden	307.2739726027397
7	773	calm	307.72972972972974
7	774	settled	307.3611111111111
7	775	over	315.22972972972974
7	776	her.	316.3611111111111
7	777	She	328.4864864864865
7	778	closed	307.52054794520546
7	779	her	292.4054054054054
7	780	eyes	289.17808219178085
7	781	and	283.02702702702703
7	782	shut	289.8513513513513
7	783	everything	300.3888888888889
7	784	out,	296.2191780821918
7	785	including	322.9594594594595
7	786	the	321.73972602739724
7	787	audience,	302.0405405405405
7	788	the	301.4931506849315
7	789	nerves	306.05405405405406
7	790	that	307.5890410958904
7	791	threatened	284.6756756756757
7	792	to	301.28767123287673
7	793	take	303.05479452054794
7	794	over,	278.27027027027026
7	795	the	306.94520547945206
7	796	text	285.6621621621622
7	797	messages,	306.52054794520546
7	798	and	333.31081081081084
7	799	the	299.7671232876712
7	800	way	286.6891891891892
7	801	they	296.6027397260274
7	802	made	292.6438356164384
7	803	her	295.7260273972603
7	804	feel.	286.7945205479452
7	805	It	306.13698630136986
7	806	was	291.28767123287673
7	807	just	283.8783783783784
7	808	her	279.6301369863013
7	809	and	271.3378378378378
7	810	the	283.0405405405405
7	811	music,	283.2191780821918
7	812	and	280.14864864864865
7	813	it	280.24657534246575
7	814	was	281.75342465753425
7	815	a	268.43243243243245
7	816	love	284.09589041095893
7	817	story	290.1081081081081
7	818	that	287.6301369863013
7	819	had	285.72972972972974
7	820	been	277.0
7	821	going	280.22972972972974
7	822	on	271.7808219178082
7	823	her	272.3783783783784
7	824	whole	317.80821917808214
7	825	life.	281.52702702702703
7	826	She	310.4246575342466
7	827	began	272.95890410958907
7	828	to	282.4864864864865
7	829	sing,	288.4189189189189
7	830	and	275.2432432432432
7	831	all	267.94520547945206
7	832	the	270.1756756756757
7	833	pain	271.6301369863014
7	834	and	283.082191780822
7	835	confusion	279.8378378378378
7	836	that	279.93150684931504
7	837	the	276.5068493150685
7	838	messages	272.527027027027
7	839	had	289.93150684931504
7	840	been	291.31081081081084
7	841	causing	284.7027027027027
7	842	inside	303.6301369863014
7	843	her	315.8918918918919
7	844	just	296.82191780821915
7	845	flowed	284.6891891891892
7	846	out.	298.31081081081084
7	847	The	331.7837837837838
7	848	words	291.6575342465753
7	849	were	293.8767123287671
7	850	not	281.7837837837838
7	851	important,	291.86301369863014
7	852	for	294.2567567567568
7	853	it	282.0821917808219
7	854	was	280.3918918918919
7	855	the	301.7945205479452
7	856	feeling	282.6216216216216
7	857	behind	283.4109589041096
7	858	them	282.55405405405406
7	859	that	299.04109589041093
7	860	she	278.3972602739726
7	861	latched	276.7837837837838
7	862	onto.	309.2739726027397
7	863	Lucy	302.6621621621622
7	864	was	305.5890410958904
7	865	in	314.0135135135135
7	866	the	296.02777777777777
7	867	heart	272.97297297297297
7	868	of	292.55555555555554
7	869	the	296.4583333333333
7	870	song	306.3972602739725
7	871	with	300.31944444444446
7	872	the	295.5205479452055
7	873	rest	285.86301369863014
7	874	of	279.55555555555554
7	875	the	256.86301369863014
7	876	world	269.9861111111111
7	877	slipping	292.93055555555554
7	878	away.	310.4657534246575
7	879	When	312.44444444444446
7	880	the	307.1232876712329
7	881	song	296.8888888888889
7	882	finished	292.68055555555554
7	883	and	303.32394366197184
7	884	the	280.0945945945946
7	885	last	290.24657534246575
7	886	note	279.6756756756757
7	887	died	287.7808219178082
7	888	away,	290.2432432432432
7	889	she	294.013698630137
7	890	opened	289.73972602739724
7	891	her	293.05405405405406
7	892	eyes.	296.32876712328766
7	893	To	301.5890410958904
7	894	see	290.986301369863
7	895	the	292.24657534246575
7	896	whole	300.3835616438356
7	897	audience	294.2027027027027
7	898	on	292.0135135135135
7	899	their	284.47945205479454
7	900	feet	280.9054054054054
7	901	and	279.13698630136986
7	902	the	297.47297297297297
7	903	hall	286.5945945945946
7	904	filled	287.2972972972973
7	905	with	291.16438356164383
7	906	cheers	305.60273972602744
7	907	and	284.5068493150685
7	908	applause	276.34722222222223
7	909	was	283.35616438356163
7	910	not	312.17567567567573
7	911	what	305.7808219178082
7	912	Lucy	297.6301369863013
7	913	had	309.1351351351351
7	914	expected.	323.3783783783784
7	915	Lucy	320.72
7	916	allowed	303.5135135135135
7	917	herself	297.16
7	918	to	300.77027027027026
7	919	enjoy	290.6533333333333
7	920	the	287.2162162162162
7	921	sense	286.0405405405405
7	922	of	283.2933333333333
7	923	achievement	278.8783783783784
7	924	and	294.26666666666665
7	925	belonging	284.2054794520548
7	926	that	307.28767123287673
7	927	she	301.06849315068496
7	928	had	297.0135135135135
7	929	not	317.56164383561645
7	930	felt	300.5135135135135
7	931	in	313.1232876712329
7	932	a	271.44594594594594
7	933	very	268.6301369863013
7	934	long	263.93243243243245
7	935	time.	286.35616438356163
7	936	Then	293.45205479452056
7	937	she	291.1621621621622
7	938	saw	277.09589041095893
7	939	her	271.6351351351352
7	940	mother,	289.97222222222223
7	941	who	277.7945205479452
7	942	was	286.5068493150685
7	943	cheering	276.2567567567568
7	944	the	280.6849315068493
7	945	loudest	281.6621621621622
7	946	of	275.3918918918919
7	947	all	277.2162162162162
7	948	in	282.0
7	949	the	267.8082191780822
7	950	crowd,	272.2054794520548
7	951	and	303.94444444444446
7	952	Jill,	269.5890410958904
7	953	who	287.6027397260274
7	954	was	289.68055555555554
7	955	beaming	281.09589041095893
7	956	at	295.3150684931507
7	957	her	271.56756756756755
7	958	with	291.40277777777777
7	959	pride	277.0821917808219
7	960	from	284.0
7	961	the	278.6575342465753
7	962	wings.	289.8918918918919
7	963	She	326.4794520547945
7	964	knew	283.9054054054054
7	965	she	280.4657534246575
7	966	owed	283.7972972972973
7	967	them	293.1506849315069
7	968	big	334.0810810810811
7	969	time	289.3698630136986
7	970	for	285.06756756756755
7	971	reminding	301.8513513513513
7	972	her	317.2567567567568
7	973	what	294.3150684931507
7	974	she	287.7972972972973
7	975	was	283.6216216216216
7	976	capable	282.2328767123288
7	977	of	271.3918918918919
7	978	and	281.05405405405406
7	979	who	278.3783783783784
7	980	she	298.13698630136986
7	981	really	294.97297297297297
7	982	was.	292.31081081081084
7	983	The	279.47297297297297
7	984	next	281.31081081081084
7	985	time	281.16438356164383
7	986	her	283.5810810810811
7	987	phone	272.94594594594594
7	988	bleeped	297.6184210526316
7	989	she	337.6184210526316
7	990	would	344.3421052631579
7	991	tap	340.13157894736844
7	992	the	300.4342105263158
7	993	message	328.75
7	994	straight	350.3333333333333
7	995	into	324.5
7	996	oblivion	350.54794520547944
7	997	where	383.72972972972974
7	998	it	347.0263157894737
7	999	belonged.	442.42105263157896
8	1	The	580.2564102564103
8	2	Roswell	456.9342105263157
8	3	UFO	426.2236842105264
8	4	Incident	458.9594594594594
8	5	was	372.828947368421
8	6	the	387.7702702702703
8	7	alleged	411.1184210526315
8	8	recovery	444.1866666666667
8	9	of	385.39726027397256
8	10	extra-terrestrial	507.375
8	11	debris,	467.0675675675676
8	12	including	440.32
8	13	alien	384.35526315789474
8	14	corpses,	404.45945945945937
8	15	from	406.19178082191786
8	16	an	406.35526315789474
8	17	object	401.8133333333333
8	18	that	363.1428571428572
8	19	crashed	354.4868421052632
8	20	near	351.1466666666668
8	21	Roswell,	346.013698630137
8	22	New	387.6216216216216
8	23	Mexico,	392.4133333333333
8	24	on	365.5131578947368
8	25	or	340.0666666666667
8	26	about	347.1866666666666
8	27	July	340.3815789473685
8	28	eighth,	393.5675675675676
8	29	nineteen	510.4933333333333
8	30	forty-seven.	652.0428571428572
8	31	Since	621.13698630137
8	32	the	460.16
8	33	late	349.7866666666667
8	34	nineteen	393.75
8	35	seventies,	488.5199999999999
8	36	the	427.21333333333337
8	37	incident	408.96
8	38	has	366.0657894736842
8	39	been	332.0131578947368
8	40	the	328.9466666666666
8	41	subject	369.2000000000001
8	42	of	387.3815789473685
8	43	intense	368.1486486486485
8	44	controversy	415.361111111111
8	45	and	357.88
8	46	the	335.4533333333333
8	47	subject	341.28000000000003
8	48	of	319.5526315789474
8	49	conspiracy	327.3733333333333
8	50	theories	330.6266666666667
8	51	as	334.7894736842105
8	52	to	356.6666666666667
8	53	the	340.55405405405395
8	54	true	366.9054054054054
8	55	nature	335.1466666666667
8	56	of	297.7297297297297
8	57	the	297.48
8	58	object	320.31081081081084
8	59	that	339.1780821917808
8	60	crashed.	328.97333333333336
8	61	The	338.1643835616439
8	62	United	353.5135135135135
8	63	States	342.35616438356163
8	64	military	390.0135135135136
8	65	maintains	340.7837837837838
8	66	the	359.04109589041093
8	67	debris	334.82432432432427
8	68	recovered	397.4054054054054
8	69	was	328.48
8	70	from	346.3999999999999
8	71	an	316.08000000000004
8	72	experimental	359.1891891891892
8	73	high-altitude	394.50684931506856
8	74	surveillance	438.12000000000006
8	75	balloon	448.0666666666667
8	76	that	378.8082191780821
8	77	belonged	367.56000000000006
8	78	to	377.2133333333333
8	79	a	310.8
8	80	classified	313.36
8	81	program	338.4594594594594
8	82	named	355.28
8	83	'Mogul'.	477.6478873239435
8	84	However,	574.9166666666667
8	85	many	415.2027027027027
8	86	UFO	356.31081081081084
8	87	proponents	407.391891891892
8	88	maintain	440.4189189189189
8	89	that,	403.0810810810811
8	90	in	379.12
8	91	fact,	352.6933333333333
8	92	a	313.4133333333333
8	93	crashed	358.4266666666666
8	94	alien	369.44
8	95	craft	348.9466666666666
8	96	and	395.6266666666667
8	97	bodies	387.45333333333326
8	98	were	354.08000000000004
8	99	recovered,	332.90666666666664
8	100	and	336.9333333333333
8	101	that	321.81333333333333
8	102	the	327.34666666666664
8	103	military	330.6533333333334
8	104	then	335.1466666666667
8	105	engaged	348.3733333333333
8	106	in	332.5733333333334
8	107	a	341.25333333333333
8	108	cover-up.	338.6
8	109	The	369.8648648648649
8	110	incident	352.4533333333333
8	111	has	337.8918918918919
8	112	turned	309.9324324324324
8	113	into	364.5
8	114	a	338.43999999999994
8	115	widely	312.4133333333333
8	116	known	332.8933333333333
8	117	pop	350.7297297297297
8	118	culture	343.8648648648649
8	119	phenomenon,	326.5866666666667
8	120	making	352.1081081081081
8	121	the	323.14666666666665
8	122	name	299.2105263157895
8	123	Roswell	342.04
8	124	synonymous	372.82432432432427
8	125	with	399.2133333333333
8	126	UFOs.	368.8243243243243
8	127	It	406.21621621621614
8	128	ranks	380.0810810810811
8	129	as	327.0135135135135
8	130	one	312.6027397260274
8	131	of	300.5135135135135
8	132	the	303.47297297297297
8	133	most	332.77027027027026
8	134	publicized	326.0675675675676
8	135	and	354.56164383561645
8	136	controversial	371.0394736842106
8	137	alleged	342.4324324324324
8	138	UFO	372.04
8	139	incidents.	329.4054054054054
8	140	On	380.48
8	141	July	335.9324324324324
8	142	ninth,	378.34722222222223
8	143	nineteen	504.38356164383566
8	144	forty-seven,	552.6805555555554
8	145	a	424.55555555555554
8	146	press	438.85135135135135
8	147	release	371.972602739726
8	148	that	362.9189189189189
8	149	Roswell	351.82432432432427
8	150	Army	349.46666666666664
8	151	Air	367.33333333333337
8	152	Field	348.32432432432427
8	153	issued	374.1643835616439
8	154	stated	360.8378378378378
8	155	that	386.9324324324324
8	156	personnel	350.8648648648649
8	157	from	348.5405405405406
8	158	the	347.4533333333333
8	159	field's	327.4324324324324
8	160	Bomb	335.75342465753425
8	161	Group	437.7972972972972
8	162	had	358.082191780822
8	163	recovered	341.7027027027027
8	164	a	322.67567567567573
8	165	crashed	347.67567567567573
8	166	'flying	365.35135135135135
8	167	disc'	409.60810810810807
8	168	from	381.7702702702703
8	169	a	337.8666666666667
8	170	ranch	329.49333333333334
8	171	near	351.1756756756757
8	172	Roswell,	349.4324324324324
8	173	sparking	376.82432432432427
8	174	intense	373.7702702702703
8	175	media	401.08
8	176	interest.	404.1733333333333
8	177	Later	400.6133333333333
8	178	the	342.2297297297297
8	179	same	318.1466666666667
8	180	day,	314.32
8	181	the	324.92
8	182	Commanding	355.7837837837838
8	183	General	410.66666666666674
8	184	of	346.33333333333337
8	185	the	326.7733333333333
8	186	Eighth	318.14666666666665
8	187	Air	377.8378378378378
8	188	Force	367.6
8	189	stated	333.986301369863
8	190	that,	360.4324324324324
8	191	in	348.1066666666667
8	192	fact,	329.66666666666663
8	193	a	318.4
8	194	weather	318.65333333333336
8	195	balloon	321.7763157894737
8	196	had	346.2837837837838
8	197	been	326.1333333333334
8	198	recovered	318.26666666666665
8	199	by	335.7702702702703
8	200	the	302.68
8	201	Roswell	303.04
8	202	Army	324.46666666666664
8	203	Air	331.5466666666667
8	204	Field	321.88
8	205	personnel,	377.9864864864865
8	206	rather	370.1866666666666
8	207	than	312.28
8	208	a	284.1333333333333
8	209	'flying	307.6533333333333
8	210	saucer'.	363.013698630137
8	211	A	373.9459459459461
8	212	subsequent	366.3243243243243
8	213	press	373.45205479452056
8	214	conference	363.2702702702703
8	215	was	341.8513513513513
8	216	called,	322.0405405405405
8	217	featuring	337.0
8	218	debris	351.41333333333336
8	219	from	359.53333333333336
8	220	the	346.52
8	221	crashed	316.2297297297297
8	222	object	362.68
8	223	that	324.36
8	224	confirmed	335.0675675675676
8	225	the	330.1733333333333
8	226	weather	319.3561643835616
8	227	balloon	340.88
8	228	description.	363.8533333333333
8	229	The	375.4189189189189
8	230	case	348.8
8	231	was	349.0533333333334
8	232	quickly	327.87999999999994
8	233	forgotten	299.08
8	234	and	321.50666666666666
8	235	almost	307.8266666666667
8	236	completely	336.81333333333333
8	237	ignored,	327.87999999999994
8	238	even	316.48
8	239	by	330.77631578947364
8	240	UFO	323.44594594594594
8	241	researchers,	353.27397260273966
8	242	for	350.6486486486486
8	243	more	312.8266666666667
8	244	than	316.9594594594595
8	245	thirty	318.6891891891892
8	246	years.	390.4864864864865
8	247	Then,	367.8
8	248	in	363.7297297297297
8	249	nineteen	319.43243243243245
8	250	seventy-eight,	574.6164383561644
8	251	nuclear	557.4864864864863
8	252	physicist	478.28
8	253	and	373.9324324324324
8	254	author	355.62666666666667
8	255	Stanton	363.28
8	256	Friedman	416.9027777777777
8	257	interviewed	412.44
8	258	Jesse	395.0666666666667
8	259	Marcel,	396.8767123287671
8	260	the	387.958904109589
8	261	only	335.05405405405406
8	262	person	332.5733333333334
8	263	known	340.8666666666666
8	264	to	315.027027027027
8	265	have	313.64473684210526
8	266	accompanied	348.90666666666664
8	267	the	397.5
8	268	Roswell	353.5
8	269	debris	373.8815789473685
8	270	from	342.0133333333333
8	271	where	348.64
8	272	it	328.35526315789474
8	273	was	347.1710526315789
8	274	recovered	338.9473684210526
8	275	to	337.88157894736844
8	276	Fort	325.9078947368421
8	277	Worth.	424.0533333333334
8	278	Over	408.1506849315068
8	279	the	362.09333333333336
8	280	next	335.4266666666666
8	281	few	325.05333333333334
8	282	years,	314.3066666666667
8	283	the	321.84000000000003
8	284	accounts	318.94666666666666
8	285	he	310.8666666666667
8	286	and	303.4266666666666
8	287	others	335.13157894736844
8	288	gave	315.52
8	289	elevated	326.8783783783784
8	290	Roswell	372.0266666666666
8	291	from	329.2837837837838
8	292	a	314.4533333333333
8	293	forgotten	312.97333333333336
8	294	incident	314.27027027027026
8	295	to	323.74666666666667
8	296	perhaps	307.25333333333333
8	297	the	310.2432432432432
8	298	most	337.8933333333333
8	299	famous	299.6933333333333
8	300	UFO	315.04
8	301	case	321.2133333333333
8	302	of	318.70666666666665
8	303	all	294.31081081081084
8	304	time.	330.06849315068496
8	305	By	331.17808219178085
8	306	the	303.4594594594595
8	307	early	306.2837837837838
8	308	nineteen	331.527027027027
8	309	nineties,	364.3648648648649
8	310	UFO	419.1232876712329
8	311	researchers	424.3648648648649
8	312	had	396.7027027027027
8	313	interviewed	341.4189189189189
8	314	several	335.95890410958907
8	315	hundred	361.7183098591549
8	316	people	381.5675675675676
8	317	who	342.6756756756757
8	318	had,	338.1621621621622
8	319	or	350.0
8	320	who	340.28
8	321	claimed	315.8783783783784
8	322	to	343.8933333333333
8	323	have	306.72
8	324	had,	308.87999999999994
8	325	a	327.2933333333333
8	326	connection	316.2133333333333
8	327	with	343.56000000000006
8	328	the	301.32894736842104
8	329	events	289.49333333333334
8	330	at	335.2933333333333
8	331	Roswell	315.7671232876712
8	332	in	314.1216216216216
8	333	nineteen	326.9864864864865
8	334	forty-seven.	411.5833333333333
8	335	Additionally,	524.081081081081
8	336	hundreds	418.2972972972973
8	337	of	360.33333333333337
8	338	documents	376.09333333333336
8	339	were	343.0
8	340	obtained	330.1486486486486
8	341	by	328.14666666666665
8	342	Freedom	322.53333333333336
8	343	of	351.24
8	344	Information	320.16
8	345	Act	357.9333333333333
8	346	requests,	354.4133333333333
8	347	as	348.88
8	348	were	339.28
8	349	some	356.74666666666656
8	350	that	311.1081081081081
8	351	insiders	359.9466666666666
8	352	apparently	410.28
8	353	leaked.	387.54666666666674
8	354	Their	439.6438356164384
8	355	conclusions	369.2
8	356	were	345.7333333333333
8	357	that	330.9054054054054
8	358	at	310.90666666666664
8	359	least	307.3466666666667
8	360	one	303.96
8	361	alien	313.46666666666664
8	362	craft	324.92
8	363	had	314.16
8	364	crashed	331.7631578947368
8	365	in	317.4054054054054
8	366	the	313.5135135135135
8	367	Roswell	326.2027027027027
8	368	vicinity,	342.4444444444445
8	369	that	347.2972972972973
8	370	aliens,	344.0273972602739
8	371	some	350.8513513513513
8	372	possibly	337.43835616438355
8	373	still	355.2432432432432
8	374	alive,	341.9594594594595
8	375	were	345.80821917808214
8	376	recovered,	339.33333333333337
8	377	and	334.47297297297297
8	378	that	328.36
8	379	a	308.4054054054054
8	380	massive	316.72
8	381	cover-up	323.3918918918919
8	382	of	319.0945945945946
8	383	any	309.3378378378378
8	384	knowledge	322.16
8	385	of	342.32876712328766
8	386	the	314.08000000000004
8	387	incident	309.94594594594594
8	388	was	318.7972972972973
8	389	put	322.4
8	390	in	298.5810810810811
8	391	place.	318.6621621621622
8	392	Numerous	374.0405405405406
8	393	books,	348.1232876712329
8	394	articles,	364.0694444444445
8	395	television	363.6301369863014
8	396	specials	358.09333333333336
8	397	and	338.6756756756757
8	398	even	350.62666666666667
8	399	a	316.1756756756757
8	400	made-for-TV	335.89333333333326
8	401	movie	370.5733333333333
8	402	brought	341.2
8	403	the	339.48
8	404	nineteen	317.92
8	405	forty-seven	361.44
8	406	incident	381.3066666666667
8	407	fame	370.44594594594594
8	408	and	348.5405405405405
8	409	notoriety,	357.2266666666667
8	410	so	359.945945945946
8	411	that	332.1351351351351
8	412	by	319.04109589041093
8	413	the	303.9864864864865
8	414	mid	302.0945945945946
8	415	nineteen	351.60810810810807
8	416	nineties,	362.2328767123288
8	417	strong	402.225352112676
8	418	majorities	395.7432432432432
8	419	in	361.2972972972973
8	420	polls,	319.7567567567568
8	421	such	384.2054794520548
8	422	as	341.5405405405406
8	423	a	297.4794520547945
8	424	nineteen	342.13698630136986
8	425	ninety-seven	430.554054054054
8	426	CNN	503.6216216216216
8	427	Time	433.4324324324324
8	428	poll,	386.1780821917808
8	429	believed	389.027397260274
8	430	that	357.986301369863
8	431	aliens	347.4794520547945
8	432	had	324.90277777777777
8	433	visited	326.7638888888889
8	434	earth	331.5753424657534
8	435	and	315.1891891891892
8	436	specifically	347.3243243243243
8	437	that	325.16438356164383
8	438	aliens	311.47945205479454
8	439	had	301.7945205479452
8	440	landed	312.93055555555554
8	441	at	313.5890410958904
8	442	Roswell	305.013698630137
8	443	and	342.2602739726027
8	444	the	348.8904109589041
8	445	government	387.5205479452055
8	446	was	308.44444444444446
8	447	covering	319.69444444444446
8	448	up	316.8333333333333
8	449	the	317.91666666666663
8	450	fact.	313.3943661971831
8	451	During	326.92857142857144
8	452	the	375.41428571428577
8	453	nineteen	304.8142857142857
8	454	eighties	373.9014084507042
8	455	and	370.82608695652175
8	456	nineteen	354.1428571428572
8	457	nineties,	365.0289855072464
8	458	a	341.84507042253523
8	459	new	329.3943661971831
8	460	narrative	329.4647887323944
8	461	emerged	333.3333333333333
8	462	which	383.31944444444446
8	463	was	347.0
8	464	at	330.7464788732394
8	465	strong	326.6760563380282
8	466	odds	362.1267605633803
8	467	with	327.8904109589041
8	468	what	300.72222222222223
8	469	was	311.55555555555554
8	470	reported	306.2083333333333
8	471	in	331.97222222222223
8	472	nineteen	313.1267605633803
8	473	forty-seven.	450.4305555555555
8	474	This	385.0810810810811
8	475	narrative	362.06849315068496
8	476	evolved	327.0138888888889
8	477	over	356.69014084507046
8	478	the	322.30555555555554
8	479	years	319.774647887324
8	480	from	322.3943661971831
8	481	the	307.17808219178085
8	482	time	306.3472222222223
8	483	the	314.2054794520548
8	484	first	311.83561643835617
8	485	book	318.8767123287671
8	486	on	297.1506849315068
8	487	Roswell	308.3698630136986
8	488	was	311.94444444444446
8	489	published	336.30555555555554
8	490	in	318.0821917808219
8	491	nineteen	309.2602739726027
8	492	eighty,	362.1111111111111
8	493	as	417.169014084507
8	494	many	352.5753424657534
8	495	new	317.6027397260274
8	496	witnesses	343.31081081081084
8	497	and	334.2112676056338
8	498	accounts	335.7397260273973
8	499	emerged,	333.16438356164383
8	500	drawn	339.24657534246575
8	501	out	339.45833333333337
8	502	in	323.6301369863014
8	503	part	287.6575342465753
8	504	by	301.82191780821915
8	505	the	299.28767123287673
8	506	publicity	304.40277777777777
8	507	on	327.0
8	508	the	306.09722222222223
8	509	incident.	318.09589041095893
8	510	Of	362.3888888888889
8	511	the	310.3783783783784
8	512	hundreds	317.7945205479452
8	513	of	320.6756756756757
8	514	witnesses	337.8918918918919
8	515	that	335.6164383561644
8	516	the	346.24657534246575
8	517	various	327.5945945945946
8	518	researchers	344.5890410958904
8	519	interviewed,	357.38356164383566
8	520	a	424.0547945205479
8	521	seemingly	367.3561643835616
8	522	impressive	342.41095890410963
8	523	figure,	354.43835616438355
8	524	a	352.81944444444446
8	525	comparable	401.3698630136986
8	526	few	356.90410958904107
8	527	were	343.09589041095893
8	528	true	346.69863013698625
8	529	'witnesses'	421.38356164383566
8	530	who	398.2916666666666
8	531	claimed	378.5138888888889
8	532	to	319.830985915493
8	533	have	329.774647887324
8	534	actually	305.0
8	535	seen	306.6027397260274
8	536	debris	322.5342465753425
8	537	or	327.24657534246575
8	538	aliens.	319.5753424657534
8	539	Most	356.6438356164384
8	540	of	305.7260273972603
8	541	these	303.3611111111111
8	542	so-called	334.2638888888889
8	543	witnesses	329.38028169014086
8	544	were	314.75
8	545	repeating	312.2361111111111
8	546	the	340.125
8	547	claims	315.986301369863
8	548	of	323.2739726027397
8	549	others,	338.07042253521126
8	550	and	314.98571428571427
8	551	their	320.2898550724637
8	552	testimony	368.6571428571429
8	553	would	322.3142857142857
8	554	be	313.7887323943662
8	555	inadmissible	350.7714285714286
8	556	hearsay	405.65277777777777
8	557	in	399.4166666666667
8	558	an	349.16666666666663
8	559	American	346.49295774647885
8	560	court.	334.35714285714283
8	561	As	368.6619718309859
8	562	for	318.74285714285713
8	563	the	312.80000000000007
8	564	several	331.2957746478873
8	565	accounts	355.0
8	566	from	315.30985915492954
8	567	those	308.1267605633803
8	568	who	302.5633802816901
8	569	claimed	297.32394366197184
8	570	to	308.25714285714287
8	571	have	309.14084507042253
8	572	seen	323.7361111111111
8	573	aliens,	356.55555555555554
8	574	critics	349.07042253521126
8	575	identified	375.611111111111
8	576	a	338.15277777777777
8	577	variety	333.40277777777777
8	578	of	312.5211267605634
8	579	problems	307.11267605633805
8	580	with	319.6666666666667
8	581	them.	373.6056338028168
8	582	These	380.25352112676063
8	583	problems	314.34722222222223
8	584	ranged	322.1643835616439
8	585	from	339.44444444444446
8	586	the	325.75
8	587	reliability	350.20833333333337
8	588	of	363.51388888888897
8	589	second-hand	346.9444444444445
8	590	accounts,	427.0422535211267
8	591	to	338.0833333333333
8	592	serious	315.1111111111111
8	593	credibility	349.3150684931507
8	594	problems	378.8356164383561
8	595	with	377.38356164383566
8	596	witnesses	331.83561643835617
8	597	making	342.625
8	598	demonstrably	373.2191780821918
8	599	false	400.2916666666666
8	600	or	343.3972602739726
8	601	internally-inconsistent	562.7260273972603
8	602	claims,	641.7083333333333
8	603	to	413.67123287671234
8	604	dubious	361.5416666666666
8	605	death-bed	413.6301369863014
8	606	'confessions'	530.3472222222222
8	607	or	383.958904109589
8	608	accounts	344.24657534246575
8	609	from	351.6666666666667
8	610	elderly	350.34722222222223
8	611	or	339.0416666666667
8	612	easily	339.7777777777777
8	613	confused	350.6388888888889
8	614	witnesses.	402.6056338028169
8	615	A	374.2777777777777
8	616	basic	341.9014084507042
8	617	problem	324.32394366197184
8	618	with	332.943661971831
8	619	all	302.5633802816901
8	620	the	308.5
8	621	witness	314.375
8	622	accounts,	353.70833333333337
8	623	according	387.21428571428567
8	624	to	343.9718309859155
8	625	the	301.91666666666663
8	626	critics,	310.27777777777777
8	627	is	315.95833333333337
8	628	that	303.84722222222223
8	629	they	310.19444444444446
8	630	all	312.33333333333337
8	631	came	294.1111111111111
8	632	a	290.6849315068493
8	633	minimum	334.5
8	634	of	331.8611111111111
8	635	thirty-one	359.58333333333337
8	636	years	376.6571428571429
8	637	after	382.3239436619718
8	638	the	333.09859154929575
8	639	events	319.774647887324
8	640	in	324.2676056338028
8	641	question,	363.7183098591549
8	642	and	324.59154929577466
8	643	in	326.9154929577465
8	644	many	325.0845070422535
8	645	cases	327.56164383561645
8	646	were	320.79166666666663
8	647	recounted	313.0277777777777
8	648	more	350.25
8	649	than	338.19718309859155
8	650	forty	327.0845070422535
8	651	years	355.4027777777777
8	652	after	342.72222222222223
8	653	the	316.9861111111111
8	654	fact.	313.2054794520548
8	655	Not	372.4861111111111
8	656	only	340.4444444444445
8	657	are	316.15277777777777
8	658	memories	340.80555555555554
8	659	this	351.25
8	660	old	316.68055555555554
8	661	of	320.34722222222223
8	662	dubious	330.28571428571433
8	663	reliability,	357.98591549295776
8	664	they	358.71830985915494
8	665	were	339.09859154929575
8	666	also	335.16666666666663
8	667	subject	311.3472222222223
8	668	to	319.056338028169
8	669	contamination	354.47945205479454
8	670	from	370.2191780821918
8	671	other	341.97222222222223
8	672	accounts	311.68055555555554
8	673	the	328.09859154929575
8	674	witnesses	368.5138888888889
8	675	may	328.5492957746479
8	676	have	311.0416666666667
8	677	been	324.3333333333333
8	678	exposed	315.3380281690141
8	679	to.	317.36619718309856
8	680	Though	396.0985915492958
8	681	there	375.7605633802817
8	682	had	360.0281690140845
8	683	always	343.30555555555554
8	684	been	326.7361111111111
8	685	skeptics	326.93055555555554
8	686	who	321.54166666666663
8	687	had	319.0416666666667
8	688	many	312.92957746478874
8	689	objections	348.88732394366195
8	690	to	334.6619718309859
8	691	the	311.97222222222223
8	692	plausibility	327.8611111111111
8	693	of	328.63380281690144
8	694	these	324.98591549295776
8	695	accounts,	353.0428571428571
8	696	it	365.4366197183099
8	697	was	293.23943661971833
8	698	not	287.43055555555554
8	699	until	298.2191780821918
8	700	the	296.54166666666663
8	701	mid	297.85714285714283
8	702	nineteen	307.71014492753625
8	703	nineties	385.9857142857143
8	704	that	352.4428571428572
8	705	a	322.85714285714283
8	706	strong	314.55555555555554
8	707	counter-argument	384.5915492957746
8	708	to	407.8450704225352
8	709	the	332.3333333333333
8	710	presence	315.34722222222223
8	711	of	319.4246575342466
8	712	aliens	317.8904109589041
8	713	was	315.0
8	714	widely	313.05555555555554
8	715	publicized.	350.6478873239437
8	716	The	345.8611111111111
8	717	General	349.75
8	718	Accounting	330.43835616438355
8	719	Office	340.88732394366195
8	720	launched	345.972602739726
8	721	an	367.65277777777777
8	722	inquiry	363.19178082191786
8	723	and	338.90140845070425
8	724	directed	310.7361111111111
8	725	the	299.94444444444446
8	726	Office	319.2222222222223
8	727	of	307.59722222222223
8	728	the	301.7916666666667
8	729	Secretary	312.55555555555554
8	730	of	307.22535211267603
8	731	the	362.6027397260274
8	732	Air	335.0
8	733	Force	368.5428571428571
8	734	to	331.47887323943667
8	735	conduct	328.9
8	736	an	341.0
8	737	internal	305.3428571428572
8	738	investigation.	331.3142857142857
8	739	The	346.1617647058823
8	740	result	346.0422535211267
8	741	was	318.5072463768116
8	742	summarized	355.22058823529414
8	743	in	331.8260869565217
8	744	two	311.3768115942029
8	745	reports.	303.536231884058
8	746	The	337.7916666666667
8	747	first,	319.66666666666663
8	748	released	299.70833333333337
8	749	in	304.05555555555554
8	750	nineteen	306.82191780821915
8	751	ninety-five,	398.28571428571433
8	752	concluded	434.2112676056338
8	753	that	352.7808219178082
8	754	the	305.8333333333333
8	755	reported	303.88732394366195
8	756	recovered	340.5915492957746
8	757	material	397.4084507042254
8	758	in	368.28169014084506
8	759	nineteen	339.79166666666663
8	760	forty-seven	344.2463768115942
8	761	was	361.9285714285714
8	762	likely	328.2028985507246
8	763	debris	362.6478873239437
8	764	from	321.6714285714286
8	765	a	309.59154929577466
8	766	secret	334.6142857142857
8	767	government	359.32394366197184
8	768	program	343.05797101449275
8	769	called	337.0
8	770	Project	338.07246376811594
8	771	Mogul,	397.3188405797102
8	772	which	368.27536231884056
8	773	involved	337.8857142857143
8	774	high	330.33333333333337
8	775	altitude	330.3
8	776	balloons	350.08571428571423
8	777	meant	329.3623188405797
8	778	to	330.5857142857143
8	779	detect	304.7714285714286
8	780	sound	317.4
8	781	waves	334.11267605633805
8	782	generated	348.8285714285714
8	783	by	338.2957746478873
8	784	Soviet	320.66197183098586
8	785	atomic	322.67605633802816
8	786	bomb	363.4714285714286
8	787	tests	359.8169014084507
8	788	and	349.9154929577465
8	789	ballistic	336.24285714285713
8	790	missiles.	370.9285714285714
8	791	The	368.9014084507042
8	792	second	372.2112676056338
8	793	report,	348.92957746478874
8	794	released	341.6521739130435
8	795	two	328.0571428571428
8	796	years	323.53521126760563
8	797	later,	316.8142857142857
8	798	in	316.19718309859155
8	799	nineteen	314.0714285714286
8	800	ninety-seven,	356.15714285714284
8	801	concluded	466.9859154929578
8	802	that	362.33333333333337
8	803	reports	315.27142857142854
8	804	of	360.5774647887324
8	805	recovered	342.3285714285714
8	806	alien	353.8169014084507
8	807	bodies	338.943661971831
8	808	were	347.07042253521126
8	809	likely	326.3
8	810	a	335.48571428571427
8	811	combination	350.7042253521127
8	812	of	329.35714285714283
8	813	innocently	355.5555555555555
8	814	transformed	364.9154929577465
8	815	memories	402.3188405797102
8	816	of	382.2
8	817	military	340.36619718309856
8	818	accidents	369.1
8	819	involving	399.2957746478873
8	820	injured	389.056338028169
8	821	or	347.35714285714283
8	822	killed	338.65714285714284
8	823	personnel,	338.8260869565217
8	824	innocently	364.5285714285714
8	825	transformed	412.1126760563381
8	826	memories	386.6
8	827	of	401.2676056338029
8	828	the	330.53521126760563
8	829	recovery	321.49295774647885
8	830	of	336.1857142857143
8	831	anthropomorphic	490.6478873239435
8	832	dummies	528.1739130434783
8	833	in	401.4857142857143
8	834	military	366.3571428571428
8	835	programs	364.1285714285714
8	836	US	373.0714285714286
8	837	conducted	413.82608695652175
8	838	in	338.7857142857143
8	839	the	324.8428571428572
8	840	nineteen	326.7323943661972
8	841	fifties,	373.0285714285714
8	842	and	375.2394366197183
8	843	hoaxes	344.95714285714286
8	844	that	375.6000000000001
8	845	various	326.0857142857143
8	846	witnesses	339.71428571428567
8	847	and	312.4714285714286
8	848	UFO	302.0869565217391
8	849	proponents	331.28169014084506
8	850	perpetrated.	407.056338028169
8	851	The	402.9154929577465
8	852	psychological	408.05633802816897
8	853	effects	379.07042253521126
8	854	of	319.76056338028167
8	855	time	307.50704225352115
8	856	compression	341.54285714285714
8	857	and	391.9577464788733
8	858	confusion	353.1549295774648
8	859	about	377.3428571428572
8	860	when	316.52112676056333
8	861	events	336.3802816901408
8	862	occurred	324.8142857142857
8	863	explained	329.90277777777777
8	864	the	326.94444444444446
8	865	discrepancy	325.7887323943662
8	866	with	345.9722222222223
8	867	the	315.2535211267606
8	868	years	306.5068493150685
8	869	in	365.4714285714287
8	870	question.	353.88888888888897
8	871	In	376.8450704225353
8	872	January	326.58333333333337
8	873	nineteen	357.59722222222223
8	874	ninety-seven,	474.5915492957746
8	875	Karl	434.72222222222223
8	876	Pflock,	444.3382352941177
8	877	one	401.75
8	878	of	347.3802816901408
8	879	the	300.7887323943662
8	880	more	299.52777777777777
8	881	prominent	330.98571428571427
8	882	pro-UFO	365.9166666666666
8	883	researchers,	446.3676470588236
8	884	said,	419.11428571428576
8	885	'Based	352.6478873239437
8	886	on	351.98571428571427
8	887	my	308.2676056338028
8	888	research	308.9154929577465
8	889	and	323.8169014084507
8	890	that	337.7285714285714
8	891	of	322.6714285714286
8	892	others,	316.1267605633803
8	893	I'm	327.1428571428572
8	894	as	307.0281690140845
8	895	certain	327.4084507042254
8	896	as	307.32394366197184
8	897	it's	307.2957746478873
8	898	possible	333.169014084507
8	899	to	319.3943661971831
8	900	be	306.90140845070425
8	901	without	328.3380281690141
8	902	absolute	356.38571428571424
8	903	proof,	331.1857142857143
8	904	that	351.51428571428573
8	905	no	308.98591549295776
8	906	flying	325.05555555555554
8	907	saucer	321.79166666666663
8	908	or	316.88571428571424
8	909	saucers	322.50704225352115
8	910	crashed	334.67605633802816
8	911	in	327.7042253521127
8	912	the	305.7323943661972
8	913	general	337.2112676056338
8	914	vicinity	316.74285714285713
8	915	of	320.7285714285714
8	916	Roswell	310.4927536231884
8	917	or	334.9
8	918	on	296.49295774647885
8	919	the	316.3142857142857
8	920	Plains	296.3521126760563
8	921	of	332.0285714285713
8	922	San	318.7464788732394
8	923	Agustin	338.21428571428567
8	924	in	394.4366197183099
8	925	nineteen	360.37142857142857
8	926	forty-seven.'	378.7647058823529
8	927	He	388.6197183098592
8	928	then	340.056338028169
8	929	added,	309.8285714285714
8	930	'The	326.11428571428576
8	931	debris	356.14084507042253
8	932	found	312.1470588235294
8	933	was	324.3943661971832
8	934	the	305.4428571428571
8	935	remains	309.85915492957747
8	936	of	299.2857142857143
8	937	something	292.7887323943662
8	938	very	316.2
8	939	earthly,	310.943661971831
8	940	all	355.69999999999993
8	941	but	348.2394366197183
8	942	certainly	356.1714285714286
8	943	something	345.3521126760563
8	944	from	352.2676056338028
8	945	the	315.2714285714286
8	946	Top	291.4225352112676
8	947	Secret	319.4647887323944
8	948	Project	316.87142857142857
8	949	Mogul.'	343.0144927536232
8	950	Although	407.7714285714286
8	951	most	371.7391304347826
8	952	now	327.9142857142857
8	953	agree	335.8260869565217
8	954	with	322.5285714285714
8	955	this	300.3
8	956	conclusion,	320.3188405797101
8	957	each	342.8428571428572
8	958	year,	354.6231884057972
8	959	during	330.69999999999993
8	960	July	327.1014492753623
8	961	Fourth	326.4
8	962	weekend,	370.1764705882353
8	963	the	376.8285714285714
8	964	City	312.6714285714286
8	965	of	314.25714285714287
8	966	Roswell	329.4492753623188
8	967	hosts	314.7971014492754
8	968	the	352.9428571428572
8	969	Roswell	323.768115942029
8	970	UFO	302.54285714285714
8	971	Festival	322.2647058823529
8	972	celebrating	339.30985915492954
8	973	all	345.4507042253521
8	974	things	315.69444444444446
8	975	UFO,	333.4861111111111
8	976	featuring	347.56164383561645
8	977	prominent	339.013698630137
8	978	UFOlogists	407.1571428571429
8	979	and	403.7260273972603
8	980	discussions.	476.3611111111111
9	1	Tulip	592.1162790697674
9	2	mania	495.5180722891568
9	3	was	463.9277108433735
9	4	a	346.6428571428572
9	5	period	343.3614457831325
9	6	in	350.91666666666663
9	7	the	322.0714285714286
9	8	Dutch	358.9
9	9	Golden	387.72619047619054
9	10	Age	391.0722891566265
9	11	during	431.8148148148149
9	12	which	407.15662650602405
9	13	contract	425.5061728395061
9	14	prices	449.5243902439024
9	15	for	448.109756097561
9	16	bulbs	384.325
9	17	of	366.890243902439
9	18	the	329.3703703703703
9	19	recently	383.7654320987655
9	20	introduced	406.974358974359
9	21	tulip	406.7875
9	22	reached	397.4
9	23	extraordinarily	408.7088607594936
9	24	high	388.65
9	25	levels	381.37179487179486
9	26	and	373.1794871794871
9	27	then	376.5875
9	28	suddenly	343.875
9	29	collapsed.	413.8101265822785
9	30	At	417.5249999999999
9	31	the	346.27848101265823
9	32	peak	354.7901234567902
9	33	of	342.2926829268293
9	34	tulip	316.125
9	35	mania	340.5
9	36	in	364.4
9	37	February	375.54545454545456
9	38	sixteen	465.55696202531647
9	39	thirty-seven,	862.1111111111111
9	40	tulip	800.172839506173
9	41	contracts	584.2207792207793
9	42	sold	466.2875
9	43	for	366.53164556962025
9	44	more	393.44303797468353
9	45	than	364.77777777777777
9	46	ten	383.6125
9	47	times	381.3375
9	48	the	371.65
9	49	annual	374.9240506329114
9	50	income	346.43589743589746
9	51	of	348.3924050632912
9	52	a	370.46753246753246
9	53	skilled	362.43037974683546
9	54	craftsman.	429.89473684210526
9	55	It	439.2051282051282
9	56	is	359.30000000000007
9	57	generally	368.6875
9	58	considered	410.875
9	59	the	358.34177215189874
9	60	first	349.1375
9	61	recorded	378.0379746835444
9	62	economic	413.95
9	63	bubble.	408.24050632911394
9	64	The	472.1948051948052
9	65	tulip,	467.8375
9	66	introduced	465.2564102564103
9	67	to	372.9875
9	68	Europe	351.4
9	69	in	358.60759493670884
9	70	the	337.1875
9	71	mid	359.4375
9	72	sixteenth	388.126582278481
9	73	century	455.3116883116883
9	74	from	410.37974683544303
9	75	the	406.1375
9	76	Ottoman	415.91139240506334
9	77	Empire,	423.948717948718
9	78	became	414.78481012658233
9	79	very	404.0375
9	80	popular	363.7875
9	81	in	374.6538461538461
9	82	the	324.7974683544304
9	83	United	327.1625
9	84	Provinces,	394.0875
9	85	which	536.2051282051282
9	86	we	359.55
9	87	now	331.175
9	88	know	337.8125
9	89	as	338.62025316455697
9	90	the	331.9875
9	91	Netherlands.	399.4556962025316
9	92	Tulip	520.3552631578948
9	93	cultivation	527.0875
9	94	in	418.8625
9	95	the	348.41975308641975
9	96	United	341.3625
9	97	Provinces	390.925
9	98	is	373.5
9	99	generally	364.6125
9	100	thought	371.2875
9	101	to	342.35
9	102	have	328.875
9	103	started	336.05128205128204
9	104	in	347.375
9	105	earnest	405.325
9	106	around	393.3625
9	107	fifteen	384.71794871794873
9	108	ninety-three,	639.7179487179487
9	109	after	526.2658227848101
9	110	the	438.825
9	111	Flemish	398.0
9	112	botanist	455.9493670886076
9	113	Charles	451.3246753246753
9	114	de	406.4567901234568
9	115	l'Ecluse	502.1578947368421
9	116	had	467.4177215189874
9	117	taken	380.2125
9	118	up	341.0632911392405
9	119	a	332.3
9	120	post	380.725
9	121	at	324.675
9	122	the	311.5949367088608
9	123	University	357.1111111111111
9	124	of	354.1375
9	125	Leiden	364.0519480519481
9	126	and	382.16455696202536
9	127	established	391.775
9	128	a	337.15
9	129	botanical	363.62025316455697
9	130	garden,	401.948717948718
9	131	which	432.1139240506329
9	132	is	340.7
9	133	famous	343.55
9	134	as	347.6875
9	135	one	323.63291139240505
9	136	of	319.975
9	137	the	325.8375
9	138	oldest	306.253164556962
9	139	in	325.15
9	140	the	325.0375
9	141	world.	348.6153846153846
9	142	There,	395.126582278481
9	143	he	364.3375
9	144	planted	361.7564102564103
9	145	his	306.2625
9	146	collection	317.5375
9	147	of	307.1898734177215
9	148	tulip	320.4
9	149	bulbs	326.45
9	150	that	346.8205128205128
9	151	the	321.625
9	152	Emperor's	330.525
9	153	ambassador	399.5897435897436
9	154	sent	420.36708860759495
9	155	to	341.075
9	156	him	333.7721518987342
9	157	from	326.9113924050633
9	158	Turkey,	375.2307692307692
9	159	which	421.1794871794872
9	160	were	350.9873417721519
9	161	able	323.425
9	162	to	344.3333333333333
9	163	tolerate	347.8625
9	164	the	334.6835443037975
9	165	harsher	336.9125
9	166	conditions	355.87179487179486
9	167	of	320.5875
9	168	the	311.325
9	169	northern	331.25
9	170	climate.	351.0909090909091
9	171	It	391.6625
9	172	was	347.1875
9	173	shortly	340.8333333333333
9	174	thereafter	358.1392405063291
9	175	that	351.06410256410254
9	176	the	359.63291139240505
9	177	tulips	335.45569620253167
9	178	began	362.33333333333337
9	179	to	313.9873417721519
9	180	grow	311.8589743589744
9	181	in	332.43037974683546
9	182	popularity.	381.0632911392405
9	183	The	393.8076923076923
9	184	flower	342.7974683544304
9	185	rapidly	334.62025316455697
9	186	became	343.9493670886076
9	187	a	321.30379746835445
9	188	coveted	329.0632911392405
9	189	luxury	346.2692307692308
9	190	item	382.44303797468353
9	191	and	337.17721518987344
9	192	a	330.5189873417722
9	193	status	333.07594936708864
9	194	symbol,	331.5974025974026
9	195	and	326.82278481012656
9	196	a	314.6923076923077
9	197	profusion	326.60759493670884
9	198	of	353.7974683544304
9	199	varieties	343.5822784810127
9	200	followed.	377.12820512820514
9	201	They	401.7435897435897
9	202	were	322.1898734177215
9	203	classified	330.40506329113924
9	204	in	317.67088607594934
9	205	groups:	340.7974683544304
9	206	one-colored	440.4805194805195
9	207	tulips	484.37974683544303
9	208	of	427.974358974359
9	209	red,	409.6708860759494
9	210	yellow,	425.5949367088608
9	211	or	383.26582278481015
9	212	white	438.1818181818182
9	213	were	401.9102564102564
9	214	known	347.3333333333333
9	215	as	324.7051282051282
9	216	Couleren,	561.6578947368422
9	217	but	534.6315789473684
9	218	it	357.0769230769231
9	219	was	323.78205128205127
9	220	the	321.79487179487177
9	221	multicolored	388.4050632911392
9	222	Rosen	406.5064935064935
9	223	(red	486.7922077922078
9	224	or	396.0759493670886
9	225	pink	381.11538461538464
9	226	on	375.1538461538461
9	227	white	387.75949367088606
9	228	background),	494.3506493506494
9	229	Violetten	569.2467532467533
9	230	(purple	533.7051282051282
9	231	or	366.46835443037975
9	232	lilac	345.8589743589744
9	233	on	345.6923076923077
9	234	white	376.4556962025316
9	235	background),	430.4025974025974
9	236	and,	400.4050632911392
9	237	to	334.575
9	238	a	368.0126582278481
9	239	lesser	350.5443037974684
9	240	extent,	320.3670886075949
9	241	the	329.46835443037975
9	242	Bizarden	382.9871794871795
9	243	(red,	468.82278481012656
9	244	brown	409.506329113924
9	245	or	377.7974683544304
9	246	purple	371.62820512820514
9	247	on	355.52564102564105
9	248	yellow	347.85
9	249	background)	412.474358974359
9	250	that	396.9358974358975
9	251	were	345.3544303797468
9	252	the	313.0506329113924
9	253	most	313.72151898734177
9	254	popular.	356.8101265822785
9	255	These	350.4743589743589
9	256	spectacular	399.7692307692308
9	257	and	387.3037974683545
9	258	highly	362.1794871794872
9	259	sought-after	362.126582278481
9	260	tulip	383.0769230769231
9	261	bulbs	351.8607594936709
9	262	would	356.1898734177215
9	263	grow	354.0506329113924
9	264	flowers	348.3544303797468
9	265	with	354.61538461538464
9	266	vivid	358.2278481012658
9	267	colors,	384.5128205128205
9	268	lines,	383.9746835443038
9	269	and	366.28205128205127
9	270	flames	399.1139240506329
9	271	on	334.2911392405063
9	272	the	321.0379746835443
9	273	petals,	362.72151898734177
9	274	as	354.2857142857143
9	275	a	323.32911392405066
9	276	result,	317.126582278481
9	277	it	330.5949367088608
9	278	is	307.82278481012656
9	279	now	296.5128205128205
9	280	understood,	332.78205128205127
9	281	of	337.4177215189873
9	282	being	351.73417721518985
9	283	infected	346.375
9	284	with	386.35
9	285	tulip-specific	440.0
9	286	virus	452.7875
9	287	known	401.8987341772152
9	288	as	346.3205128205128
9	289	the	345.3333333333333
9	290	'Tulip	390.6315789473685
9	291	breaking	406.4473684210526
9	292	virus'.	446.42105263157896
9	293	The	419.45454545454544
9	294	Dutch	361.87179487179486
9	295	Golden	350.126582278481
9	296	Age	349.425
9	297	growers	359.34615384615387
9	298	named	387.6962025316456
9	299	their	364.75949367088606
9	300	new	348.8101265822785
9	301	varieties	354.3670886075949
9	302	with	340.3291139240506
9	303	exalted	367.474358974359
9	304	titles.	392.0
9	305	Many	370.2692307692308
9	306	early	347.1558441558442
9	307	forms	369.0769230769231
9	308	were	338.93589743589746
9	309	prefixed	337.0
9	310	with	375.80769230769226
9	311	'admiral',	431.7894736842105
9	312	often	419.62820512820514
9	313	combined	390.3333333333333
9	314	with	343.88461538461536
9	315	the	341.3376623376623
9	316	growers'	353.7368421052632
9	317	names.	380.3026315789474
9	318	'General'	438.3333333333333
9	319	was	412.974025974026
9	320	another	373.53333333333336
9	321	prefix	359.2077922077922
9	322	that	363.5714285714286
9	323	found	338.6233766233766
9	324	its	324.9736842105263
9	325	way	336.0
9	326	into	311.1973684210526
9	327	the	295.4935064935065
9	328	names	309.4736842105263
9	329	of	303.7142857142857
9	330	around	302.94805194805195
9	331	thirty	347.5974025974026
9	332	varieties.	394.7368421052632
9	333	Later	463.92
9	334	came	357.36
9	335	varieties	359.0526315789474
9	336	with	352.0128205128205
9	337	even	357.76623376623377
9	338	more	328.8961038961039
9	339	superb	320.06493506493507
9	340	names,	342.1168831168831
9	341	such	343.0263157894737
9	342	as	313.1948051948052
9	343	even	337.038961038961
9	344	'Admiral	460.22077922077926
9	345	of	426.0921052631579
9	346	Admirals'	453.84
9	347	and	408.54545454545456
9	348	'General	371.4415584415584
9	349	of	354.57142857142856
9	350	Generals'.	349.1578947368421
9	351	Most	369.54545454545456
9	352	of	366.46753246753246
9	353	these	316.3636363636364
9	354	varieties	343.57142857142856
9	355	have	327.83116883116884
9	356	now	329.7402597402597
9	357	died	300.48
9	358	out,	315.02597402597405
9	359	though	344.2597402597403
9	360	similar	364.76623376623377
9	361	'broken'	362.64
9	362	tulips	406.4266666666667
9	363	continue	411.6233766233767
9	364	in	342.2631578947368
9	365	the	333.7179487179488
9	366	trade.	342.75
9	367	Tulips	364.24
9	368	grow	331.2077922077922
9	369	from	355.46753246753246
9	370	bulbs,	336.84415584415586
9	371	and	356.82894736842104
9	372	can	342.961038961039
9	373	be	303.9090909090909
9	374	propagated	349.961038961039
9	375	through	392.7894736842105
9	376	both	351.27272727272725
9	377	seeds	349.27631578947364
9	378	and	325.44
9	379	buds.	363.904109589041
9	380	Seeds	494.80263157894734
9	381	from	431.9473684210526
9	382	a	343.1466666666667
9	383	tulip	347.4736842105264
9	384	will	350.35526315789474
9	385	form	379.30263157894734
9	386	a	314.2133333333333
9	387	flowering	331.88311688311694
9	388	bulb	337.57142857142856
9	389	after	397.6883116883117
9	390	seven-twelve	584.9864864864863
9	391	years.	873.1142857142856
9	392	When	597.7466666666667
9	393	a	424.92
9	394	bulb	380.7894736842105
9	395	grows	372.8181818181818
9	396	into	344.28571428571433
9	397	the	327.72727272727275
9	398	flower,	363.7012987012987
9	399	the	393.0131578947368
9	400	original	372.22077922077926
9	401	bulb	357.02631578947364
9	402	will	336.7894736842105
9	403	disappear,	407.2236842105264
9	404	but	402.1184210526316
9	405	a	382.328947368421
9	406	clone	346.60526315789474
9	407	bulb	380.6753246753247
9	408	forms	357.4805194805195
9	409	in	354.5921052631579
9	410	its	347.4415584415584
9	411	place,	357.0657894736842
9	412	as	363.7272727272728
9	413	do	353.06493506493507
9	414	several	359.2077922077922
9	415	buds.	352.81818181818187
9	416	Properly	517.0933333333334
9	417	cultivated,	448.1428571428572
9	418	these	410.1315789473685
9	419	buds	337.7012987012987
9	420	will	361.9736842105264
9	421	become	318.2631578947368
9	422	bulbs	330.03846153846155
9	423	of	353.8441558441558
9	424	their	336.4155844155844
9	425	own.	406.0394736842106
9	426	The	423.10526315789474
9	427	'tulip	385.525641025641
9	428	breaking'	365.9358974358975
9	429	virus,	398.5584415584415
9	430	which	387.92105263157896
9	431	many	357.8311688311689
9	432	botanists	353.38157894736844
9	433	have	355.2763157894737
9	434	studied,	338.72
9	435	spreads	412.0
9	436	only	344.57894736842104
9	437	through	351.2857142857143
9	438	buds,	356.3116883116883
9	439	not	408.4868421052632
9	440	seeds,	424.5394736842106
9	441	and	378.9866666666667
9	442	so	376.5657894736842
9	443	cultivating	374.6493506493506
9	444	the	388.9605263157894
9	445	most	333.2207792207792
9	446	appealing	352.45454545454544
9	447	varieties	387.1168831168831
9	448	takes	386.7792207792208
9	449	years.	396.828947368421
9	450	Propagation	512.2236842105264
9	451	is	405.45454545454544
9	452	greatly	372.7012987012987
9	453	slowed	405.9740259740259
9	454	down	375.5064935064935
9	455	by	330.13157894736844
9	456	the	322.1038961038961
9	457	virus.	329.62337662337666
9	458	Tulips	480.5064935064936
9	459	bloom	410.57142857142856
9	460	in	386.7763157894736
9	461	April	346.24675324675326
9	462	and	393.3896103896104
9	463	May	327.2368421052632
9	464	for	338.2597402597403
9	465	about	352.2236842105264
9	466	a	326.06493506493507
9	467	week,	330.88157894736844
9	468	and	345.9342105263158
9	469	the	331.7792207792208
9	470	secondary	347.68831168831167
9	471	buds	345.05194805194805
9	472	appear	383.5974025974026
9	473	shortly	397.0
9	474	thereafter.	393.4230769230769
9	475	Bulbs	479.0
9	476	can	373.7763157894737
9	477	be	366.0519480519481
9	478	uprooted	354.88157894736844
9	479	and	362.46153846153845
9	480	moved	349.9871794871795
9	481	about	335.3589743589744
9	482	from	359.8846153846154
9	483	June	355.53246753246754
9	484	to	362.4556962025316
9	485	September,	386.6753246753247
9	486	and	386.5394736842105
9	487	thus	354.72727272727275
9	488	actual	349.18181818181813
9	489	purchases	388.974025974026
9	490	occurred	415.3116883116883
9	491	during	393.4805194805195
9	492	these	357.63157894736844
9	493	months.	324.5128205128205
9	494	As	407.4736842105264
9	495	the	391.28571428571433
9	496	flowers	386.3506493506494
9	497	grew	339.2105263157895
9	498	in	345.28571428571433
9	499	popularity,	337.72727272727275
9	500	professional	388.9078947368421
9	501	growers	343.17105263157896
9	502	paid	352.3636363636364
9	503	higher	354.72727272727275
9	504	and	338.27272727272725
9	505	higher	335.8831168831169
9	506	prices	335.9871794871795
9	507	for	320.83333333333337
9	508	bulbs	307.4533333333333
9	509	with	312.961038961039
9	510	the	301.9090909090909
9	511	virus.	309.28571428571433
9	512	By	358.5844155844156
9	513	sixteen	392.974025974026
9	514	thirty-four,	592.1466666666668
9	515	in	442.28571428571433
9	516	part	428.5384615384616
9	517	as	362.4871794871795
9	518	a	338.53246753246754
9	519	result	320.5974025974026
9	520	of	313.9078947368421
9	521	demand	321.71428571428567
9	522	from	336.08
9	523	the	308.3636363636364
9	524	French,	341.83116883116884
9	525	speculators	406.4155844155844
9	526	began	395.0131578947368
9	527	to	338.92105263157896
9	528	enter	316.83116883116884
9	529	the	317.7142857142857
9	530	market.	301.0394736842105
9	531	In	338.6533333333333
9	532	sixteen	343.0133333333333
9	533	thirty-six,	449.7368421052632
9	534	the	435.89473684210526
9	535	Dutch	347.5844155844156
9	536	created	333.987012987013
9	537	a	315.5897435897436
9	538	type	306.474358974359
9	539	of	298.1948051948052
9	540	formal	306.8589743589744
9	541	futures	327.1645569620253
9	542	markets,	410.56410256410254
9	543	which	419.5
9	544	merchants	350.70512820512823
9	545	used	330.0769230769231
9	546	to	326.4285714285714
9	547	sell	324.53246753246754
9	548	and	319.96153846153845
9	549	buy	317.10256410256414
9	550	contracts	332.15384615384613
9	551	to	349.1794871794872
9	552	buy	335.7435897435897
9	553	bulbs	350.34666666666664
9	554	at	324.7532467532468
9	555	the	316.61038961038963
9	556	end	311.5194805194805
9	557	of	305.1038961038961
9	558	the	290.15584415584414
9	559	season.	308.2987012987013
9	560	Traders	401.0128205128205
9	561	met	377.78205128205127
9	562	at	362.92
9	563	taverns	373.6623376623377
9	564	and	353.54545454545456
9	565	buyers	345.97402597402595
9	566	were	325.42105263157896
9	567	required	322.7142857142857
9	568	to	322.24675324675326
9	569	pay	309.2467532467532
9	570	a	333.14102564102564
9	571	fee	312.29487179487177
9	572	per	308.64935064935065
9	573	trade.	355.2105263157895
9	574	People	395.1558441558442
9	575	were	370.5844155844156
9	576	purchasing	352.7402597402597
9	577	bulbs	370.57142857142856
9	578	at	359.5
9	579	higher	309.3333333333333
9	580	and	297.1794871794872
9	581	higher	303.3974358974359
9	582	prices,	348.0769230769231
9	583	intending	368.3589743589744
9	584	to	339.43589743589746
9	585	re-sell	311.62820512820514
9	586	them	328.1558441558442
9	587	for	319.525641025641
9	588	a	302.79487179487177
9	589	profit.	322.56410256410254
9	590	However,	371.0769230769231
9	591	such	344.76623376623377
9	592	a	310.5064935064935
9	593	scheme	342.8974358974359
9	594	could	311.20512820512823
9	595	not	301.2435897435897
9	596	last	290.974358974359
9	597	unless	310.20512820512823
9	598	someone	294.9230769230769
9	599	was	319.8974358974359
9	600	ultimately	321.7402597402597
9	601	willing	355.974358974359
9	602	to	315.7088607594937
9	603	pay	284.7564102564103
9	604	such	293.8205128205128
9	605	high	296.16666666666663
9	606	prices	309.5949367088608
9	607	and	300.4871794871795
9	608	take	299.6578947368421
9	609	possession	314.37179487179486
9	610	of	346.5512820512821
9	611	the	310.0769230769231
9	612	bulbs.	313.05128205128204
9	613	In	350.05128205128204
9	614	February	313.46153846153845
9	615	sixteen	380.2467532467532
9	616	thirty-seven,	486.50666666666666
9	617	tulip	476.5512820512821
9	618	traders	377.76623376623377
9	619	could	345.5
9	620	no	354.8589743589744
9	621	longer	337.5844155844156
9	622	find	307.7402597402597
9	623	new	321.6153846153846
9	624	buyers	328.7402597402597
9	625	willing	314.4871794871795
9	626	to	341.987012987013
9	627	pay	302.8333333333333
9	628	increasingly	339.84615384615387
9	629	inflated	337.3116883116883
9	630	prices	330.62820512820514
9	631	for	319.14102564102564
9	632	their	310.15384615384613
9	633	bulbs.	307.92105263157896
9	634	As	332.0263157894737
9	635	this	317.6363636363636
9	636	realization	312.2179487179488
9	637	set	330.987012987013
9	638	in,	312.83333333333337
9	639	the	317.8076923076923
9	640	demand	335.22077922077926
9	641	for	339.15384615384613
9	642	tulips	306.64935064935065
9	643	collapsed,	300.62820512820514
9	644	and	367.61538461538464
9	645	prices	313.64102564102564
9	646	plummeted.	308.75324675324674
9	647	The	361.525641025641
9	648	speculative	341.1818181818182
9	649	bubble	379.3896103896104
9	650	burst.	333.02597402597405
9	651	Some	345.7368421052632
9	652	were	344.7142857142857
9	653	left	331.974358974359
9	654	holding	320.3076923076923
9	655	contracts	326.80769230769226
9	656	to	327.11538461538464
9	657	purchase	320.3246753246753
9	658	tulips	321.34615384615387
9	659	at	315.5
9	660	prices	315.6923076923077
9	661	now	303.70512820512823
9	662	ten	309.34615384615387
9	663	times	333.96153846153845
9	664	greater	314.7179487179488
9	665	than	315.8181818181818
9	666	those	307.93589743589746
9	667	on	293.525641025641
9	668	the	298.12820512820514
9	669	open	296.03846153846155
9	670	market,	358.1428571428572
9	671	while	344.4342105263158
9	672	others	347.8961038961039
9	673	found	322.2435897435897
9	674	themselves	295.7307692307692
9	675	in	324.83333333333337
9	676	possession	323.6923076923077
9	677	of	310.46153846153845
9	678	bulbs	297.55128205128204
9	679	now	312.6794871794872
9	680	worth	301.5921052631579
9	681	a	306.79487179487177
9	682	fraction	319.4230769230769
9	683	of	301.62820512820514
9	684	the	292.16666666666663
9	685	price	302.9743589743589
9	686	they	292.1666666666667
9	687	had	305.66666666666663
9	688	paid.	318.6153846153846
9	689	The	339.8666666666667
9	690	event	304.0526315789474
9	691	was	324.65384615384613
9	692	popularized	334.83333333333337
9	693	in	341.8051948051948
9	694	eighteen	337.65384615384613
9	695	forty-one	359.62820512820514
9	696	by	420.0259740259741
9	697	the	330.84615384615387
9	698	book	306.78205128205127
9	699	'Extraordinary	415.6666666666666
9	700	Popular	404.71794871794873
9	701	Delusions	440.9342105263158
9	702	and	400.1538461538461
9	703	the	352.3974358974359
9	704	Madness	339.3376623376623
9	705	of	338.46753246753246
9	706	Crowds',	381.4933333333333
9	707	that	399.6153846153846
9	708	a	345.0
9	709	British	320.75
9	710	journalist	329.9090909090909
9	711	Charles	345.2236842105263
9	712	Mackay	369.5405405405406
9	713	wrote.	396.5769230769231
9	714	That	389.2987012987013
9	715	crowds	354.2857142857143
9	716	of	378.4805194805195
9	717	people	331.7432432432432
9	718	often	323.46753246753246
9	719	behave	311.8846153846154
9	720	irrationally	347.66666666666663
9	721	was	341.83116883116884
9	722	the	305.3589743589744
9	723	main	317.0
9	724	thesis	326.37662337662334
9	725	of	324.3076923076923
9	726	the	311.4230769230769
9	727	book,	281.7564102564103
9	728	and	322.65384615384613
9	729	tulip	300.126582278481
9	730	mania	343.0921052631579
9	731	was	309.97402597402595
9	732	one	294.3506493506493
9	733	of	279.56410256410254
9	734	the	272.84615384615387
9	735	primary	303.525641025641
9	736	examples.	319.1392405063291
9	737	According	339.2658227848101
9	738	to	321.5657894736842
9	739	Mackay,	320.37179487179486
9	740	at	337.2597402597403
9	741	one	317.05128205128204
9	742	point	340.78205128205127
9	743	twelve	315.2025316455696
9	744	acres	326.4025974025974
9	745	of	335.5128205128205
9	746	land	303.9230769230769
9	747	were	298.4415584415584
9	748	offered	301.9102564102564
9	749	for	317.2784810126583
9	750	a	309.7179487179488
9	751	Semper	305.87012987012986
9	752	Augustus	439.7631578947368
9	753	bulb.	455.9868421052632
9	754	He	468.025641025641
9	755	claims	377.474358974359
9	756	that	334.7307692307692
9	757	many	323.29487179487177
9	758	such	345.3026315789474
9	759	investors	345.7402597402597
9	760	ruined	331.1038961038961
9	761	by	332.6842105263158
9	762	the	355.961038961039
9	763	fall	310.9220779220779
9	764	in	304.13157894736844
9	765	prices	323.0394736842105
9	766	were	320.8243243243243
9	767	desperate,	326.6842105263158
9	768	and	337.4736842105264
9	769	Dutch	317.6578947368421
9	770	commerce	323.87012987012986
9	771	suffered	354.88461538461536
9	772	a	318.4025974025974
9	773	severe	308.24675324675326
9	774	shock.	340.1688311688311
9	775	In	356.3246753246753
9	776	Mackay's	337.8589743589744
9	777	account,	356.0909090909091
9	778	the	357.3896103896104
9	779	panicked	332.987012987013
9	780	tulip	344.1558441558442
9	781	speculators	344.9473684210526
9	782	sought	371.12
9	783	help	350.3376623376623
9	784	from	326.3506493506493
9	785	the	301.64935064935065
9	786	government	311.6842105263158
9	787	of	330.2236842105264
9	788	the	320.0394736842105
9	789	Netherlands,	371.8666666666666
9	790	which	334.67105263157896
9	791	responded	317.0657894736842
9	792	by	320.94805194805195
9	793	declaring	313.72727272727275
9	794	that	310.64473684210526
9	795	anyone	304.4415584415584
9	796	who	305.6184210526316
9	797	had	303.7922077922078
9	798	bought	282.3116883116884
9	799	contracts	298.2987012987013
9	800	to	342.58974358974353
9	801	purchase	315.7402597402597
9	802	bulbs	305.6363636363636
9	803	in	295.961038961039
9	804	the	284.7012987012987
9	805	future	301.5064935064935
9	806	could	316.88157894736844
9	807	void	312.3333333333333
9	808	their	305.7402597402597
9	809	contract	300.948717948718
9	810	by	319.2207792207792
9	811	payment	312.06493506493507
9	812	of	317.5974025974026
9	813	a	296.76623376623377
9	814	ten	325.3026315789474
9	815	percent	372.4736842105264
9	816	fee.	350.24675324675326
9	817	Attempts	384.986301369863
9	818	that	383.48
9	819	were	339.4025974025974
9	820	made	327.1168831168831
9	821	to	320.3376623376623
9	822	resolve	301.12987012987014
9	823	the	316.22077922077926
9	824	situation	299.3506493506493
9	825	to	323.6623376623377
9	826	the	330.82894736842104
9	827	satisfaction	339.5194805194805
9	828	of	324.1168831168831
9	829	all	284.961038961039
9	830	parties	288.20512820512823
9	831	were	301.4805194805195
9	832	unsuccessful.	353.02631578947364
9	833	The	357.6578947368421
9	834	mania	348.3157894736842
9	835	finally	340.1948051948052
9	836	ended,	333.1558441558442
9	837	Mackay	320.3636363636364
9	838	says,	349.38157894736844
9	839	with	313.038961038961
9	840	individuals	313.6623376623377
9	841	stuck	316.2987012987013
9	842	with	325.2987012987013
9	843	the	347.038961038961
9	844	bulbs	317.10526315789474
9	845	they	311.4868421052632
9	846	held	308.76623376623377
9	847	at	312.0909090909091
9	848	the	313.038961038961
9	849	end	309.4025974025974
9	850	of	300.6883116883117
9	851	the	283.3157894736842
9	852	crash.	306.2467532467532
9	853	No	383.3733333333333
9	854	court	321.27272727272725
9	855	would	326.2207792207792
9	856	enforce	329.3766233766234
9	857	payment	329.2077922077922
9	858	of	310.12987012987014
9	859	a	297.63157894736844
9	860	contract,	303.88157894736844
9	861	since	364.4868421052632
9	862	judges	317.9743589743589
9	863	regarded	314.92
9	864	the	338.49333333333334
9	865	debts	314.2972972972973
9	866	as	316.06666666666666
9	867	contracted	344.85526315789474
9	868	through	372.4078947368421
9	869	gambling,	358.5131578947368
9	870	and	365.8918918918919
9	871	thus	342.2368421052632
9	872	not	326.76623376623377
9	873	enforceable	324.68831168831167
9	874	by	319.6756756756757
9	875	law.	372.1232876712329
9	876	Although	363.94594594594594
9	877	Mackay's	339.4054054054054
9	878	book	338.72
9	879	is	313.7866666666667
9	880	a	290.68
9	881	classic	290.0921052631579
9	882	that	308.4736842105263
9	883	many	299.92
9	884	publishing	313.0
9	885	houses	317.2631578947368
9	886	continue	338.81081081081084
9	887	reprinting	308.77631578947364
9	888	today,	374.97333333333336
9	889	his	355.3066666666668
9	890	account	322.88
9	891	is	302.5394736842105
9	892	contested.	320.49333333333334
9	893	Many	416.4666666666666
9	894	modern	342.8157894736842
9	895	scholars	317.5657894736842
9	896	believe	312.3333333333333
9	897	the	324.24
9	898	mania	301.10526315789474
9	899	was	303.2266666666667
9	900	not	297.4805194805195
9	901	as	291.9868421052632
9	902	extraordinary	300.6933333333333
9	903	as	305.5526315789474
9	904	Mackay	292.9866666666667
9	905	described,	336.4473684210526
9	906	with	324.5263157894737
9	907	some	318.84
9	908	arguing	305.2266666666667
9	909	that	325.8026315789474
9	910	the	284.84
9	911	price	277.9866666666667
9	912	changes	277.2763157894737
9	913	may	301.57894736842104
9	914	not	295.32894736842104
9	915	have	298.2236842105263
9	916	constituted	314.1081081081081
9	917	a	362.8026315789474
9	918	bubble.	323.26666666666665
9	919	Research	363.9605263157895
9	920	on	377.2133333333333
9	921	the	316.6052631578947
9	922	tulip	289.8831168831169
9	923	mania	316.4324324324324
9	924	is	311.5921052631579
9	925	difficult	309.4342105263158
9	926	because	312.37662337662334
9	927	of	304.1558441558442
9	928	the	302.5
9	929	limited	290.2894736842105
9	930	data	287.12
9	931	from	298.39473684210526
9	932	the	294.2631578947368
9	933	sixteen	297.25
9	934	thirties.	306.02631578947364
9	935	However,	413.4054054054054
9	936	some	358.14473684210526
9	937	modern	349.2933333333333
9	938	economists	386.8026315789474
9	939	have	341.13157894736844
9	940	proposed	308.6973684210526
9	941	rational	331.85526315789474
9	942	explanations,	397.7922077922078
9	943	rather	355.0
9	944	than	333.67105263157896
9	945	a	314.3421052631579
9	946	speculative	322.0394736842105
9	947	mania,	359.6052631578948
9	948	for	333.9736842105263
9	949	the	329.53333333333336
9	950	rise	302.7631578947368
9	951	and	293.61038961038963
9	952	fall	284.5733333333333
9	953	in	305.3378378378378
9	954	prices.	319.4605263157895
9	955	For	351.4736842105264
9	956	example,	305.7866666666667
9	957	other	317.57894736842104
9	958	flowers,	318.04
9	959	such	354.7631578947368
9	960	as	290.22972972972974
9	961	the	277.2763157894737
9	962	hyacinth,	291.0131578947368
9	963	also	371.8421052631579
9	964	had	320.89473684210526
9	965	high	302.6575342465753
9	966	prices	296.32894736842104
9	967	on	307.2894736842105
9	968	the	291.4133333333333
9	969	flower's	301.65333333333336
9	970	introduction,	365.6621621621622
9	971	which	348.3066666666667
9	972	then	321.64864864864865
9	973	fell	305.2266666666667
9	974	dramatically.	311.82432432432427
9	975	The	329.75
9	976	high	322.81333333333333
9	977	prices	331.72972972972974
9	978	may	311.472972972973
9	979	also	285.2432432432432
9	980	have	287.3513513513513
9	981	been	293.61333333333334
9	982	driven	298.7567567567568
9	983	by	280.1333333333333
9	984	expectations	316.3013698630137
9	985	of	325.1081081081081
9	986	a	296.94594594594594
9	987	parliamentary	323.62666666666667
9	988	decree	386.4864864864865
9	989	that	394.5263157894736
9	990	contracts	334.1447368421053
9	991	could	335.1842105263157
9	992	be	317.09333333333336
9	993	voided	300.7894736842105
9	994	for	313.4324324324324
9	995	a	311.3066666666667
9	996	small	303.32000000000005
9	997	cost,	335.92
9	998	thus	307.5526315789474
9	999	lowering	348.28000000000003
9	1000	the	356.8
9	1001	risk	299.38666666666666
9	1002	to	306.77631578947364
9	1003	buyers.	320.94666666666666
9	1004	Despite	387.92105263157896
9	1005	these	337.5405405405405
9	1006	disagreements	317.3026315789474
9	1007	about	368.50666666666666
9	1008	whether	329.8157894736842
9	1009	the	336.7368421052632
9	1010	phenomenon	307.56
9	1011	technically	339.33333333333337
9	1012	constituted	379.1184210526315
9	1013	an	367.1688311688311
9	1014	economic	333.70666666666665
9	1015	bubble,	331.5394736842106
9	1016	the	364.6891891891892
9	1017	term	333.1184210526315
9	1018	'tulip	308.89473684210526
9	1019	mania'	340.14666666666665
9	1020	is	345.16
9	1021	still	309.7837837837838
9	1022	often	294.60526315789474
9	1023	used	302.9736842105263
9	1024	metaphorically	335.93506493506493
9	1025	to	349.3648648648649
9	1026	refer	315.1578947368421
9	1027	to	292.4078947368421
9	1028	any	286.2133333333333
9	1029	large	314.1818181818182
9	1030	economic	320.23376623376623
9	1031	bubble,	315.37662337662334
9	1032	when	390.10126582278485
9	1033	asset	307.12820512820514
9	1034	prices	328.0657894736842
9	1035	deviate	342.6623376623377
9	1036	from	367.3291139240506
9	1037	intrinsic	397.37662337662334
9	1038	values.	516.5064935064935
10	1	Tourette's	728.051282051282
10	2	syndrome,	522.8181818181818
10	3	a	464.75
10	4	neurological	447.6623376623377
10	5	disorder	427.23376623376623
10	6	characterized	463.6351351351352
10	7	by	394.92105263157896
10	8	repetitive,	421.4473684210526
10	9	involuntary	437.7027027027027
10	10	movements,	427.4657534246575
10	11	was	487.6891891891892
10	12	named	359.6351351351351
10	13	for	365.6216216216216
10	14	Dr.	337.9722222222223
10	15	Georges	427.125
10	16	Gilles	473.7638888888889
10	17	de	470.25
10	18	la	413.44444444444446
10	19	Tourette,	486.3802816901408
10	20	the	440.8082191780821
10	21	pioneering	432.1621621621622
10	22	French	393.5890410958904
10	23	neurologist	398.6666666666667
10	24	who	414.4084507042254
10	25	first	381.1000000000001
10	26	described	371.43055555555554
10	27	the	387.6986301369863
10	28	condition	383.0273972602739
10	29	in	346.3918918918919
10	30	an	335.54794520547944
10	31	eighty-six-year-old	687.3661971830985
10	32	French	596.4444444444445
10	33	noblewoman.	694.7916666666667
10	34	It	559.6849315068494
10	35	is	390.61643835616434
10	36	almost	379.7027027027027
10	37	always	407.36
10	38	in	410.8082191780822
10	39	childhood	356.7297297297297
10	40	that	370.0675675675676
10	41	the	341.80821917808214
10	42	early	372.71232876712327
10	43	symptoms	456.4109589041096
10	44	of	349.55405405405406
10	45	Tourette's	337.6438356164384
10	46	are	339.1232876712329
10	47	first	365.375
10	48	noticed,	354.43835616438355
10	49	with	350.8904109589041
10	50	the	357.95890410958907
10	51	average	377.16438356164383
10	52	onset	375.3802816901408
10	53	between	374.875
10	54	the	338.02777777777777
10	55	ages	331.36986301369865
10	56	of	375.027397260274
10	57	seven	382.7671232876712
10	58	and	373.3424657534247
10	59	ten	374.6111111111111
10	60	years.	381.7222222222223
10	61	It	431.2739726027397
10	62	is	357.6575342465753
10	63	estimated	365.4383561643836
10	64	that	355.8904109589041
10	65	two	366.35135135135135
10	66	hundred	354.91666666666663
10	67	thousand	366.5416666666666
10	68	Americans	422.056338028169
10	69	have	432.93150684931504
10	70	the	397.5068493150685
10	71	most	369.6164383561644
10	72	severe	352.169014084507
10	73	form	398.8888888888889
10	74	of	358.71232876712327
10	75	Tourette's,	375.2191780821918
10	76	and	360.47945205479454
10	77	as	341.8472222222223
10	78	many	379.4246575342465
10	79	as	340.0135135135135
10	80	one	330.7027027027027
10	81	in	327.47297297297297
10	82	a	368.3150684931507
10	83	hundred	375.4054054054054
10	84	people	413.0405405405406
10	85	exhibit	415.82432432432427
10	86	milder	349.0
10	87	and	442.4189189189189
10	88	less	364.8378378378378
10	89	complex	356.31081081081084
10	90	symptoms	365.972972972973
10	91	that	365.2328767123288
10	92	include	392.8918918918919
10	93	chronic	365.1486486486487
10	94	motor	360.3648648648648
10	95	and	383.2297297297297
10	96	vocal	407.7297297297297
10	97	tics	373.72602739726034
10	98	or	427.5479452054794
10	99	transient	449.5675675675676
10	100	tics	372.4109589041096
10	101	of	409.7297297297297
10	102	childhood.	445.0821917808219
10	103	For	433.5138888888889
10	104	the	361.8783783783784
10	105	majority	396.8108108108109
10	106	of	355.64864864864865
10	107	people	367.94594594594594
10	108	diagnosed	383.2465753424657
10	109	with	380.7808219178082
10	110	the	339.2739726027397
10	111	disorder,	399.7945205479452
10	112	Tourette's	385.7945205479452
10	113	is	387.0547945205479
10	114	not	358.4794520547945
10	115	a	375.5068493150685
10	116	chronic	351.8243243243243
10	117	condition	404.013698630137
10	118	with	401.3013698630137
10	119	symptoms	373.88
10	120	lasting	372.4594594594595
10	121	a	349.2432432432432
10	122	lifetime.	371.7702702702703
10	123	Rather	399.8918918918919
10	124	it	341.5405405405405
10	125	is	319.36486486486484
10	126	a	348.13698630136986
10	127	condition	378.1111111111111
10	128	whose	348.30136986301375
10	129	severity	349.83561643835617
10	130	peaks	368.1891891891892
10	131	in	334.3783783783784
10	132	the	342.3783783783784
10	133	early	333.0945945945946
10	134	teens,	322.7027027027027
10	135	with	358.30136986301375
10	136	improvement	393.67123287671234
10	137	occurring	369.9054054054054
10	138	in	396.3783783783784
10	139	the	318.0405405405405
10	140	late	315.3513513513513
10	141	teens	328.19178082191786
10	142	and	332.2328767123288
10	143	continuing	324.31081081081084
10	144	into	346.2297297297297
10	145	adulthood.	358.70666666666665
10	146	However,	375.5
10	147	approximately	363.0810810810812
10	148	ten	391.45205479452056
10	149	percent	388.3835616438356
10	150	of	350.60273972602744
10	151	those	339.5135135135135
10	152	affected	355.4246575342466
10	153	have	340.8767123287671
10	154	a	327.1095890410959
10	155	progressive	340.375
10	156	or	356.5890410958904
10	157	disabling	345.5753424657534
10	158	course	357.75342465753425
10	159	that	370.19999999999993
10	160	lasts	355.97297297297297
10	161	into	333.2027027027027
10	162	adulthood.	390.0
10	163	It	360.3424657534247
10	164	is	335.0
10	165	not	315.8378378378378
10	166	uncommon	326.5810810810811
10	167	for	335.1891891891892
10	168	symptoms	352.60273972602744
10	169	to	348.6301369863014
10	170	be	341.95890410958907
10	171	present	369.05479452054783
10	172	for	332.8513513513513
10	173	an	347.8028169014085
10	174	extended	346.2972972972973
10	175	period	345.5753424657534
10	176	of	318.05555555555554
10	177	time	312.7837837837838
10	178	before	322.1081081081081
10	179	a	326.7432432432432
10	180	formal	332.1232876712329
10	181	diagnosis	336.6575342465753
10	182	of	326.9594594594595
10	183	Tourette's	340.2432432432432
10	184	is	364.52702702702703
10	185	obtained.	360.2702702702703
10	186	The	368.3150684931507
10	187	reasons	348.05405405405406
10	188	for	327.56164383561645
10	189	this	340.8783783783784
10	190	are	356.5694444444445
10	191	many	369.7702702702703
10	192	and	320.6164383561644
10	193	may	336.04109589041093
10	194	include	406.2739726027397
10	195	the	343.17567567567573
10	196	fact	340.8493150684932
10	197	that	323.46666666666664
10	198	for	314.97333333333336
10	199	families	338.95890410958907
10	200	and	331.7397260273973
10	201	physicians	351.81081081081084
10	202	unfamiliar	352.7027027027027
10	203	with	349.4583333333333
10	204	Tourette's,	348.6438356164384
10	205	mild	376.32876712328766
10	206	and	339.44594594594594
10	207	even	351.3783783783784
10	208	moderate	352.90410958904107
10	209	tic	330.13698630136986
10	210	symptoms	333.2972972972973
10	211	may	346.3150684931507
10	212	be	335.2432432432432
10	213	considered	324.94520547945206
10	214	inconsequential,	431.3513513513514
10	215	part	438.94444444444446
10	216	of	360.1232876712329
10	217	a	335.1111111111111
10	218	developmental	397.85135135135135
10	219	phase,	393.3108108108109
10	220	or	339.3648648648649
10	221	the	350.54166666666663
10	222	result	327.6351351351351
10	223	of	312.2837837837838
10	224	another	313.1095890410959
10	225	condition.	382.5205479452055
10	226	For	372.7945205479452
10	227	example,	347.6301369863013
10	228	parents	331.79166666666663
10	229	may	319.2191780821918
10	230	think	350.86301369863014
10	231	that	314.93055555555554
10	232	eye	318.77777777777777
10	233	blinking	333.0
10	234	is	358.04166666666663
10	235	related	336.7323943661972
10	236	to	313.1388888888889
10	237	vision	334.8888888888889
10	238	problems	319.0138888888889
10	239	or	333.45205479452056
10	240	that	323.0138888888889
10	241	sniffing	319.986301369863
10	242	is	374.59722222222223
10	243	related	343.27777777777777
10	244	to	323.55555555555554
10	245	seasonal	384.75
10	246	allergies.	345.4492753623188
10	247	There	403.01408450704224
10	248	are	336.61971830985914
10	249	many	321.8888888888889
10	250	patients	354.7323943661972
10	251	who	346.47887323943667
10	252	are	319.07042253521126
10	253	self-diagnosed	378.5555555555555
10	254	after	378.7323943661972
10	255	they,	349.27777777777777
10	256	their	374.1666666666666
10	257	parents,	380.8169014084508
10	258	other	365.958904109589
10	259	relatives,	355.24657534246575
10	260	or	349.9189189189189
10	261	friends	322.31081081081084
10	262	read	324.47945205479454
10	263	or	316.09589041095893
10	264	hear	315.43835616438355
10	265	about	302.6621621621622
10	266	Tourette's	335.6575342465753
10	267	from	331.93150684931504
10	268	others.	344.47222222222223
10	269	Tics	361.8918918918919
10	270	are	343.3835616438356
10	271	classified	344.6756756756757
10	272	as	347.6111111111111
10	273	either	324.0
10	274	simple	308.0
10	275	or	357.94520547945206
10	276	complex.	327.04109589041093
10	277	Simple	365.958904109589
10	278	motor	356.24657534246575
10	279	tics	370.1643835616439
10	280	are	330.3835616438356
10	281	sudden,	331.7361111111111
10	282	brief,	400.1506849315068
10	283	repetitive	347.55555555555554
10	284	movements	384.83561643835617
10	285	that	352.43835616438355
10	286	involve	326.875
10	287	a	333.6891891891892
10	288	limited	340.09589041095893
10	289	number	338.6301369863013
10	290	of	316.6164383561644
10	291	muscle	328.17808219178085
10	292	groups.	355.5753424657534
10	293	Some	347.1917808219178
10	294	of	317.59722222222223
10	295	the	313.93055555555554
10	296	more	326.2676056338028
10	297	common	312.40277777777777
10	298	simple	313.31944444444446
10	299	tics	342.8082191780822
10	300	include	308.18055555555554
10	301	eye	358.875
10	302	blinking,	367.7042253521127
10	303	facial	352.6575342465753
10	304	grimacing,	397.8888888888889
10	305	shoulder	472.94444444444446
10	306	shrugging,	465.68055555555554
10	307	and	406.55555555555554
10	308	head	353.90277777777777
10	309	or	363.68055555555554
10	310	shoulder	364.22222222222223
10	311	jerking.	374.2112676056338
10	312	Simple	372.5
10	313	vocalizations,	476.0555555555555
10	314	which	382.34722222222223
10	315	motor	373.28169014084506
10	316	tics	389.3888888888889
10	317	typically	366.72222222222223
10	318	precede,	376.40277777777777
10	319	might	510.08333333333337
10	320	include	416.4246575342466
10	321	repetitive	402.8356164383561
10	322	throat-clearing,	484.8169014084508
10	323	sniffing,	523.8356164383562
10	324	or	402.27777777777777
10	325	grunting	375.83561643835617
10	326	sounds.	400.6849315068493
10	327	Complex	431.6301369863014
10	328	tics	395.4246575342466
10	329	are	375.2222222222223
10	330	distinct,	366.40277777777777
10	331	coordinated	404.7605633802817
10	332	patterns	394.7323943661972
10	333	of	353.8169014084507
10	334	movement	343.25
10	335	that	351.2328767123288
10	336	involve	321.2054794520548
10	337	several	327.2222222222223
10	338	muscle	350.5
10	339	groups.	347.35616438356163
10	340	Complex	345.5068493150685
10	341	motor	344.05555555555554
10	342	tics	329.52054794520546
10	343	might	345.5
10	344	include	327.5774647887324
10	345	facial	320.67605633802816
10	346	grimacing	352.6478873239437
10	347	combined	394.81944444444446
10	348	with	337.013698630137
10	349	a	315.6301369863013
10	350	head	326.8493150684932
10	351	twist	340.98591549295776
10	352	and	351.3521126760563
10	353	a	364.9577464788733
10	354	shoulder	335.88732394366195
10	355	shrug.	349.69444444444446
10	356	Other	361.9295774647888
10	357	complex	344.8611111111111
10	358	motor	338.80555555555554
10	359	tics	316.30555555555554
10	360	may	317.7887323943662
10	361	actually	323.43055555555554
10	362	appear	323.40277777777777
10	363	purposeful,	320.4861111111111
10	364	including	401.28169014084506
10	365	sniffing	371.625
10	366	or	368.84722222222223
10	367	touching	352.8888888888889
10	368	objects,	389.01408450704224
10	369	hopping,	405.0422535211268
10	370	jumping,	438.8028169014085
10	371	bending,	437.5211267605633
10	372	or	400.3521126760563
10	373	twisting.	383.40277777777777
10	374	Complex	397.68055555555554
10	375	vocal	412.9295774647888
10	376	tics	338.66197183098586
10	377	include	354.77777777777777
10	378	words	349.1549295774648
10	379	or	341.2112676056338
10	380	phrases.	341.169014084507
10	381	Perhaps	352.70833333333337
10	382	the	344.20833333333337
10	383	most	313.93055555555554
10	384	dramatic	354.06944444444446
10	385	and	330.20833333333337
10	386	disabling	323.69444444444446
10	387	tics	329.97222222222223
10	388	include	324.6666666666667
10	389	motor	326.55555555555554
10	390	movements	348.0138888888889
10	391	that	355.5774647887324
10	392	result	329.01408450704224
10	393	in	322.80281690140845
10	394	self-harm	342.90140845070425
10	395	such	346.33802816901414
10	396	as	346.92957746478874
10	397	punching	336.12676056338034
10	398	oneself	344.3380281690141
10	399	in	367.4225352112676
10	400	the	320.8611111111111
10	401	face,	326.59722222222223
10	402	or	328.80555555555554
10	403	vocal	321.5492957746479
10	404	tics	359.69014084507046
10	405	including	334.2957746478873
10	406	coprolalia,	485.41428571428577
10	407	which	504.9577464788733
10	408	involves	439.68055555555554
10	409	uttering	375.30555555555554
10	410	swear	385.06944444444446
10	411	words,	392.4722222222223
10	412	or	388.80555555555554
10	413	echolalia,	600.0555555555554
10	414	which	430.47222222222223
10	415	involves	358.20833333333337
10	416	repeating	402.3888888888889
10	417	the	355.09722222222223
10	418	words	346.2638888888889
10	419	or	358.95714285714286
10	420	phrases	368.5211267605634
10	421	of	366.5070422535212
10	422	others.	352.69014084507046
10	423	Tics	406.1142857142857
10	424	are	412.69014084507046
10	425	often	341.0
10	426	worse	336.55555555555554
10	427	with	342.59722222222223
10	428	excitement	347.8888888888889
10	429	or	361.30555555555554
10	430	anxiety	368.830985915493
10	431	and	340.02777777777777
10	432	better	333.47222222222223
10	433	during	321.55555555555554
10	434	calm,	316.6388888888889
10	435	focused	326.75
10	436	activities.	373.58333333333337
10	437	Certain	399.93055555555554
10	438	physical	359.77777777777777
10	439	experiences	385.09859154929575
10	440	can	366.125
10	441	trigger	323.625
10	442	or	344.05555555555554
10	443	worsen	345.1388888888889
10	444	tics.	343.45070422535207
10	445	For	320.84507042253523
10	446	example,	339.28169014084506
10	447	tight	387.8591549295775
10	448	collars	377.6197183098592
10	449	may	394.3521126760563
10	450	trigger	351.1971830985916
10	451	neck	349.19718309859155
10	452	tics,	346.19444444444446
10	453	or	340.04166666666663
10	454	hearing	342.9718309859155
10	455	another	327.0138888888889
10	456	person	357.80555555555554
10	457	sniff	322.34722222222223
10	458	or	332.30555555555554
10	459	throat-clear	345.5416666666667
10	460	may	339.6901408450704
10	461	trigger	336.40277777777777
10	462	the	321.375
10	463	production	308.80555555555554
10	464	of	302.2916666666667
10	465	similar	311.1666666666667
10	466	sounds.	326.6666666666667
10	467	Tics	349.7857142857143
10	468	come	366.6478873239436
10	469	and	330.14084507042253
10	470	go	333.5633802816901
10	471	over	320.8169014084507
10	472	time,	319.40277777777777
10	473	varying	314.09722222222223
10	474	in	326.6111111111111
10	475	type,	309.5
10	476	frequency,	321.79166666666663
10	477	location,	334.95833333333337
10	478	and	324.7857142857143
10	479	severity.	348.5492957746479
10	480	The	340.14084507042253
10	481	first	321.0571428571429
10	482	symptoms	328.8405797101449
10	483	Tourette's	362.7571428571429
10	484	patients	381.5774647887324
10	485	experience	423.5633802816901
10	486	usually	356.9154929577465
10	487	occur	348.14084507042253
10	488	in	316.6338028169014
10	489	the	311.91666666666663
10	490	head	310.4428571428572
10	491	and	322.0857142857143
10	492	neck	330.2714285714286
10	493	area,	359.2
10	494	though	341.35714285714283
10	495	they	336.1830985915493
10	496	may	315.9718309859155
10	497	progress	320.71830985915494
10	498	to	324.93055555555554
10	499	include	328.5694444444445
10	500	muscles	326.2638888888889
10	501	of	340.7887323943662
10	502	the	302.375
10	503	trunk	298.58333333333337
10	504	and	355.59722222222223
10	505	extremities.	347.79166666666663
10	506	The	391.6478873239437
10	507	symptoms	356.4507042253521
10	508	of	349.14084507042253
10	509	Tourette's	318.2957746478873
10	510	are	315.34722222222223
10	511	involuntary,	340.15277777777777
10	512	but	332.40277777777777
10	513	there	334.27777777777777
10	514	are	317.33333333333337
10	515	some	328.80555555555554
10	516	people	316.90277777777777
10	517	who	307.5492957746479
10	518	can	298.2957746478873
10	519	sometimes	305.49295774647885
10	520	suppress,	336.8611111111111
10	521	camouflage,	357.34722222222223
10	522	or	363.9166666666667
10	523	otherwise	362.40277777777777
10	524	manage	348.3333333333333
10	525	their	321.84722222222223
10	526	tics	307.1666666666667
10	527	in	321.98591549295776
10	528	an	314.875
10	529	effort	327.80555555555554
10	530	to	300.625
10	531	minimize	291.55555555555554
10	532	their	301.8732394366197
10	533	impact	315.84722222222223
10	534	on	304.25
10	535	functioning.	329.25714285714287
10	536	However,	417.5555555555555
10	537	people	351.4647887323944
10	538	affected	331.84507042253523
10	539	by	328.0281690140845
10	540	Tourette's	326.0571428571429
10	541	often	338.830985915493
10	542	report	321.8732394366197
10	543	a	314.92957746478874
10	544	substantial	326.95714285714286
10	545	buildup	320.65714285714284
10	546	in	319.4714285714286
10	547	tension	360.9714285714286
10	548	when	324.7285714285714
10	549	suppressing	332.78571428571433
10	550	their	341.0724637681159
10	551	tics	328.65714285714284
10	552	to	303.3521126760563
10	553	the	314.943661971831
10	554	point	303.6714285714286
10	555	where	299.95714285714286
10	556	they	306.5571428571428
10	557	often	316.8985507246377
10	558	feel	317.51428571428573
10	559	that	306.5211267605634
10	560	the	298.19718309859155
10	561	tic	289.07042253521126
10	562	must	305.5492957746479
10	563	be	302.6714285714286
10	564	expressed.	323.45714285714286
10	565	Tics	379.8550724637681
10	566	in	376.37142857142857
10	567	response	327.0
10	568	to	304.6857142857143
10	569	an	318.2142857142857
10	570	environmental	336.774647887324
10	571	trigger	335.9428571428571
10	572	can	323.2957746478873
10	573	appear	320.2112676056338
10	574	to	363.830985915493
10	575	be	297.3285714285714
10	576	voluntary	312.85714285714283
10	577	or	325.2285714285714
10	578	purposeful,	363.4285714285714
10	579	but	336.6521739130435
10	580	are	331.7714285714286
10	581	not.	363.1428571428572
10	582	Many	328.7042253521127
10	583	people	330.69014084507046
10	584	with	336.7605633802817
10	585	Tourette's	320.80281690140845
10	586	experience	316.2112676056338
10	587	additional	352.7042253521127
10	588	neurobehavioral	417.7605633802817
10	589	problems	480.8169014084508
10	590	that	372.8591549295775
10	591	include	345.1549295774648
10	592	inattention,	379.7464788732394
10	593	hyperactivity	566.2394366197183
10	594	and	438.3802816901408
10	595	impulsivity.	380.37142857142857
10	596	People	415.225352112676
10	597	with	368.07042253521126
10	598	Tourette's	342.8732394366197
10	599	have	341.38028169014086
10	600	also	345.30985915492954
10	601	reported	335.0422535211268
10	602	problems	314.3098591549296
10	603	with	317.9718309859155
10	604	depression	332.3380281690141
10	605	or	341.943661971831
10	606	anxiety	338.6619718309859
10	607	disorders,	390.875
10	608	as	350.9718309859155
10	609	well	327.1285714285715
10	610	as	329.8732394366197
10	611	other	338.5774647887324
10	612	difficulties	344.4366197183099
10	613	Tourette's	357.4507042253521
10	614	syndrome	389.4788732394367
10	615	may	326.0281690140845
10	616	or	309.2957746478873
10	617	may	322.1549295774648
10	618	not	312.7464788732394
10	619	directly	322.2714285714286
10	620	cause.	327.7887323943662
10	621	Tourette's	389.8028169014085
10	622	is	407.28169014084506
10	623	a	396.9577464788733
10	624	diagnosis	342.75714285714287
10	625	doctors	355.5857142857143
10	626	make	433.87323943661966
10	627	after	373.2676056338028
10	628	verifying	320.056338028169
10	629	that	332.4366197183099
10	630	the	310.92957746478874
10	631	patient	317.4788732394366
10	632	has	326.2
10	633	had	300.774647887324
10	634	both	317.9154929577465
10	635	motor	318.4366197183099
10	636	and	323.92957746478874
10	637	vocal	322.7
10	638	tics	324.2857142857143
10	639	for	321.74285714285713
10	640	at	302.0289855072464
10	641	least	315.24285714285713
10	642	one	298.98571428571427
10	643	year.	332.6521739130435
10	644	The	378.7391304347827
10	645	existence	342.9130434782609
10	646	of	324.95522388059703
10	647	other	309.92753623188406
10	648	neurological	328.75
10	649	or	366.5652173913044
10	650	psychiatric	341.42028985507244
10	651	conditions	349.60869565217394
10	652	can	324.75714285714287
10	653	also	314.98571428571427
10	654	help	303.42028985507244
10	655	doctors	297.9
10	656	establish	313.38571428571424
10	657	the	314.11428571428576
10	658	diagnosis	299.48571428571427
10	659	of	305.536231884058
10	660	Tourette's	312.74285714285713
10	661	is	355.51428571428573
10	662	the	333.25714285714287
10	663	correct	336.9154929577465
10	664	one.	357.3285714285714
10	665	Knowledgeable	446.63380281690144
10	666	clinicians	409.5211267605634
10	667	consulted	458.8169014084508
10	668	by	387.5714285714286
10	669	patients	326.7605633802817
10	670	do	334.5652173913044
10	671	not	339.3380281690141
10	672	often	320.78571428571433
10	673	misdiagnose	321.2142857142857
10	674	common	423.7464788732394
10	675	tics.	359.19718309859155
10	676	However,	371.6478873239437
10	677	atypical	385.09859154929575
10	678	symptoms	412.1830985915493
10	679	or	363.01408450704224
10	680	atypical	329.7323943661972
10	681	presentation	376.36619718309856
10	682	such	328.6056338028169
10	683	as	316.95714285714286
10	684	onset	318.63380281690144
10	685	of	322.3521126760563
10	686	symptoms	318.7464788732394
10	687	in	317.59154929577466
10	688	adulthood	308.01408450704224
10	689	may	344.71830985915494
10	690	require	330.6478873239437
10	691	specialty	348.0281690140845
10	692	expertise	346.1830985915493
10	693	for	340.8169014084507
10	694	diagnosis.	355.943661971831
10	695	There	354.6714285714286
10	696	are	327.9428571428572
10	697	no	313.8857142857143
10	698	blood	339.7857142857143
10	699	or	317.07042253521126
10	700	laboratory	345.01408450704224
10	701	tests	311.9130434782609
10	702	needed	318.74285714285713
10	703	for	318.3428571428572
10	704	diagnosis.	330.3142857142857
10	705	However,	358.4571428571429
10	706	neuroimaging	418.84722222222223
10	707	studies,	476.875
10	708	which	420.6388888888889
10	709	include	378.18309859154925
10	710	magnetic	353.12676056338034
10	711	resonance	366.9142857142857
10	712	imaging,	380.75
10	713	computerized	405.1527777777777
10	714	tomography,	450.3472222222223
10	715	and	438.3611111111111
10	716	electroencephalograms,	569.8823529411764
10	717	as	432.9718309859155
10	718	well	353.9166666666667
10	719	as	307.76056338028167
10	720	certain	318.2112676056338
10	721	lab	323.5633802816901
10	722	tests	339.4225352112676
10	723	may	329.3521126760563
10	724	be	322.01408450704224
10	725	used	316.0140845070422
10	726	to	309.80281690140845
10	727	rule	309.6478873239437
10	728	out	301.04285714285714
10	729	other	299.6086956521739
10	730	conditions	315.33333333333337
10	731	that	330.07246376811594
10	732	Tourette's	335.0144927536232
10	733	might	374.2463768115942
10	734	be	319.3333333333333
10	735	confused	316.92753623188406
10	736	with.	326.9565217391304
10	737	In	341.25
10	738	terms	329.57352941176475
10	739	of	302.3235294117647
10	740	the	284.7391304347826
10	741	role	283.7536231884058
10	742	of	281.95652173913044
10	743	genes	302.4492753623189
10	744	in	314.2463768115942
10	745	the	328.40579710144925
10	746	disorder,	325.44117647058823
10	747	evidence	355.2058823529412
10	748	from	336.75
10	749	twin	301.8695652173913
10	750	and	326.1159420289855
10	751	family	332.71014492753625
10	752	studies	320.3623188405797
10	753	suggests	356.7391304347826
10	754	that	314.59420289855075
10	755	Tourette's	311.64179104477614
10	756	is	320.55882352941177
10	757	an	298.54411764705884
10	758	inherited	320.38235294117646
10	759	disorder.	377.7462686567165
10	760	Although	404.9850746268656
10	761	early	329.97058823529414
10	762	family	337.94117647058823
10	763	studies	357.2058823529412
10	764	suggested	318.0735294117647
10	765	an	319.8840579710145
10	766	autosomal	379.4347826086957
10	767	dominant	507.9275362318841
10	768	mode	441.0869565217391
10	769	of	364.8840579710145
10	770	inheritance	371.3478260869565
10	771	characterized	403.77941176470586
10	772	the	365.1304347826087
10	773	condition,	374.6666666666666
10	774	more	368.3333333333333
10	775	recent	352.15942028985506
10	776	studies	336.80882352941177
10	777	discovered	331.27941176470586
10	778	the	353.7536231884058
10	779	pattern	345.07352941176475
10	780	of	322.9852941176471
10	781	inheritance	346.0
10	782	was	348.42424242424244
10	783	much	340.04477611940297
10	784	more	358.8059701492537
10	785	complex.	351.44776119402985
10	786	Although	362.5522388059702
10	787	there	364.7910447761194
10	788	may	323.2537313432836
10	789	be	324.94029850746267
10	790	a	322.9852941176471
10	791	few	319.5507246376812
10	792	genes	302.38235294117646
10	793	that	338.54411764705884
10	794	have	317.4927536231884
10	795	substantial	317.7971014492754
10	796	effects,	331.8695652173913
10	797	it's	340.84057971014494
10	798	also	360.33333333333337
10	799	possible	301.3768115942029
10	800	that	322.0
10	801	many	325.6086956521739
10	802	genes	311.5072463768116
10	803	with	311.4492753623188
10	804	smaller	312.463768115942
10	805	effects	323.4927536231884
10	806	and	335.2173913043478
10	807	environmental	327.3529411764706
10	808	factors	351.8695652173913
10	809	may	335.0882352941177
10	810	play	318.94202898550725
10	811	a	311.39130434782606
10	812	role	292.40579710144925
10	813	in	297.8840579710145
10	814	the	289.27536231884056
10	815	development	301.3623188405797
10	816	of	309.7536231884058
10	817	Tourette's.	351.6617647058823
10	818	Genetic	386.75
10	819	studies	346.6521739130435
10	820	also	327.71014492753625
10	821	suggest	321.11764705882354
10	822	that	306.1449275362319
10	823	some	309.0285714285714
10	824	forms	304.4852941176471
10	825	of	294.6764705882353
10	826	Attention	324.5
10	827	Deficit	351.6376811594203
10	828	Hyperactivity	386.7826086956522
10	829	Disorder	380.3970588235294
10	830	and	385.2173913043479
10	831	Obsessive	327.2173913043478
10	832	Compulsive	329.8260869565217
10	833	Disorder	341.0144927536232
10	834	are	339.0289855072464
10	835	genetically	314.54411764705884
10	836	related	316.9130434782609
10	837	to	322.0869565217391
10	838	Tourette's,	313.5797101449276
10	839	but	329.9710144927536
10	840	there	314.15942028985506
10	841	is	291.9855072463768
10	842	less	308.39130434782606
10	843	evidence	304.1159420289855
10	844	for	294.3333333333333
10	845	a	295.4492753623188
10	846	genetic	308.7391304347826
10	847	relationship	303.5507246376812
10	848	between	319.3188405797101
10	849	Tourette's	319.40579710144925
10	850	and	320.4492753623188
10	851	other	301.40579710144925
10	852	neurobehavioral	320.1304347826087
10	853	problems	375.1304347826087
10	854	that	321.4927536231884
10	855	Tourette's	326.5652173913044
10	856	commonly	335.3333333333333
10	857	co-occurs	364.0142857142857
10	858	with.	400.04285714285714
10	859	An	363.1304347826087
10	860	important	322.3
10	861	role	365.6231884057971
10	862	in	324.3913043478261
10	863	Tourette's	316.0
10	864	gene	364.78571428571433
10	865	expression	347.6376811594203
10	866	is	339.2857142857143
10	867	played	324.0289855072464
10	868	by	309.0144927536232
10	869	the	297.2173913043478
10	870	sex	313.07142857142856
10	871	of	307.0
10	872	the	335.4285714285714
10	873	person.	322.45070422535207
10	874	In	325.1549295774648
10	875	particular,	309.95833333333337
10	876	males	302.5774647887324
10	877	affected	322.44444444444446
10	878	by	308.63380281690144
10	879	the	299.55555555555554
10	880	gene	293.22222222222223
10	881	are	301.1267605633803
10	882	more	306.1388888888889
10	883	likely	289.84507042253523
10	884	to	285.85915492957747
10	885	have	293.056338028169
10	886	tics	301.67605633802816
10	887	and	308.7536231884058
10	888	females	315.92957746478874
10	889	who	310.55555555555554
10	890	have	288.7638888888889
10	891	a	294.0571428571429
10	892	genetic	317.28169014084506
10	893	predisposition	343.11428571428576
10	894	are	350.3428571428572
10	895	more	317.50704225352115
10	896	likely	298.2957746478873
10	897	to	300.49295774647885
10	898	have	300.12857142857143
10	899	obsessive-compulsive	423.4428571428572
10	900	symptoms.	510.6212121212121
10	901	Much	422.1159420289855
10	902	current	357.2714285714286
10	903	research	469.4714285714286
10	904	is	372.7
10	905	aimed	323.3142857142857
10	906	at	316.62857142857143
10	907	better	305.3428571428572
10	908	understanding	337.3428571428572
10	909	the	338.4428571428572
10	910	genetic	311.74285714285713
10	911	basis	320.7285714285714
10	912	and	304.6857142857143
10	913	symptomology	357.8428571428572
10	914	of	394.4
10	915	Tourette's,	417.88571428571424
10	916	as	359.7605633802817
10	917	well	315.0281690140845
10	918	as	299.7
10	919	its	309.9714285714286
10	920	relationship	338.0434782608696
10	921	to	330.12857142857143
10	922	related	316.9142857142857
10	923	disorders.	311.1428571428572
10	924	The	338.4492753623189
10	925	hope	317.3098591549296
10	926	is	313.80281690140845
10	927	that	321.3380281690141
10	928	this	296.9577464788732
10	929	research	313.0422535211268
10	930	leads	316.14084507042253
10	931	to	313.09859154929575
10	932	better	301.2957746478873
10	933	diagnostic	304.8550724637681
10	934	tools	351.50704225352115
10	935	and	323.5857142857143
10	936	better	317.4142857142857
10	937	treatments	335.2676056338028
10	938	for	359.8611111111111
10	939	Tourette's.	506.7285714285714
