text_id	word_id	word	context_limited_surprisal_context_1	context_limited_surprisal_context_2	context_limited_surprisal_context_3	context_limited_surprisal_context_4
0	0	If	5.34943151473999	5.34943151473999	5.34943151473999	5.34943151473999
0	1	you	3.4436850547790527	3.4436850547790527	3.4436850547790527	3.4436850547790527
0	2	were	5.303854465484619	4.035775184631348	4.035775184631348	4.035775184631348
0	3	to	3.6347150802612305	3.6129302978515625	1.6135976314544678	1.6135976314544678
0	4	journey	10.333481788635254	10.272201538085938	9.746158599853516	9.830822944641113
0	5	to	2.519725799560547	1.3162596225738525	1.431513786315918	1.737770915031433
0	6	the	2.6109485626220703	1.6577951908111572	1.2629132270812988	1.5035377740859985
0	7	North	8.165366172790527	6.818999290466309	5.060429096221924	5.106800556182861
0	8	of	3.4532811641693115	4.21140193939209	4.1920037269592285	5.259407043457031
0	9	England,	10.236966133117676	4.112003803253174	3.197296142578125	3.6887407302856445
0	10	you	5.623764991760254	5.721442222595215	5.927940368652344	5.765074729919434
0	11	would	5.169724941253662	3.5105292797088623	3.216782569885254	3.268535852432251
0	12	come	5.482730388641357	6.290242671966553	6.149904251098633	6.240232944488525
0	13	to	2.318758010864258	1.9922305345535278	1.864969253540039	1.2551636695861816
0	14	a	3.5429835319519043	3.0280399322509766	2.485161781311035	2.752903938293457
0	15	valley	11.31416130065918	11.102584838867188	10.19809341430664	10.31915283203125
0	16	that	4.104865074157715	2.9693613052368164	2.913912296295166	2.8818225860595703
0	17	is	3.9693126678466797	2.537058115005493	2.249579668045044	2.0214107036590576
0	18	surrounded	9.861527442932129	8.920601844787598	4.531238079071045	4.596556663513184
0	19	by	3.7818994522094727	0.1276206374168396	0.13309723138809204	0.06857053190469742
0	20	moors	14.874739646911621	11.430256843566895	11.410643577575684	11.936559677124023
0	21	as	4.074493408203125	4.259688377380371	4.80866813659668	4.835064888000488
0	22	high	7.166975975036621	6.770123481750488	6.098620891571045	5.88530969619751
0	23	as	4.965353012084961	0.4788348078727722	0.12374899536371231	0.08396725356578827
0	24	mountains.	13.746655464172363	12.628312110900879	12.871450424194336	9.482742309570312
0	25	It	3.3362865447998047	3.2388970851898193	3.206437349319458	3.167050838470459
0	26	is	2.683084726333618	1.2378019094467163	1.3593999147415161	1.2858121395111084
0	27	in	3.9126744270324707	4.863044738769531	4.837442398071289	4.777895450592041
0	28	this	4.710419654846191	4.421207904815674	2.4570465087890625	1.6801825761795044
0	29	valley	11.767276763916016	9.676751136779785	8.935514450073242	9.25662612915039
0	30	where	5.950242519378662	4.295348644256592	3.8535547256469727	3.335562229156494
0	31	you	4.139718055725098	4.222626209259033	3.792283058166504	4.080333709716797
0	32	would	5.169724941253662	3.881303310394287	3.6060521602630615	3.670729637145996
0	33	find	5.966501235961914	4.599626064300537	3.679677963256836	2.4012532234191895
0	34	the	2.438876152038574	2.5830442905426025	2.8110010623931885	2.4954779148101807
0	35	city	7.235669136047363	7.701358795166016	6.983864784240723	7.781208038330078
0	36	of	2.86104154586792	1.5507380962371826	1.7388560771942139	2.4777584075927734
0	37	Bradford,	13.415138244628906	9.159603118896484	9.118562698364258	9.765560150146484
0	38	where	5.128676414489746	3.5658702850341797	3.045313835144043	2.9020988941192627
0	39	once	7.972922325134277	8.863057136535645	8.695169448852539	8.834671974182129
0	40	a	3.4601612091064453	2.350715160369873	2.2241413593292236	2.0683891773223877
0	41	thousand	9.096305847167969	6.823872089385986	6.915531158447266	7.109278678894043
0	42	spinning	11.19184684753418	11.526249885559082	11.633275985717773	11.723812103271484
0	43	jennies	16.956594467163086	16.049564361572266	15.280174255371094	15.699913024902344
0	44	that	3.7990801334381104	2.868699312210083	2.7218849658966064	3.1441736221313477
0	45	hummed	14.86338996887207	12.790124893188477	13.230971336364746	11.723597526550293
0	46	and	1.9666526317596436	1.5879913568496704	1.3319612741470337	1.178015947341919
0	47	clattered	15.499605178833008	10.485002517700195	8.68161392211914	8.232919692993164
0	48	spun	14.082662582397461	14.087331771850586	13.786172866821289	14.219141006469727
0	49	wool	11.73212718963623	8.168977737426758	8.548385620117188	9.25485897064209
0	50	into	6.194986343383789	3.4668960571289062	3.268336296081543	3.0682730674743652
0	51	money	8.370491027832031	10.30745792388916	9.76980209350586	11.591299057006836
0	52	for	3.587296485900879	3.2044711112976074	3.1781225204467773	2.947178363800049
0	53	the	2.3598663806915283	1.7512139081954956	2.0005650520324707	1.5811868906021118
0	54	long-bearded	18.179977416992188	18.7263126373291	20.01730728149414	20.805261611938477
0	55	mill	11.819681167602539	11.937171936035156	11.699151992797852	10.56916332244873
0	56	owners.	12.109505653381348	10.446333885192871	9.098946571350098	7.986486434936523
0	57	That	4.549959659576416	4.650913715362549	5.22844123840332	5.1954803466796875
0	58	all	5.765558242797852	6.116235733032227	6.292007923126221	5.860538482666016
0	59	mill	13.42257308959961	16.291223526000977	16.053226470947266	14.387886047363281
0	60	owners	9.622491836547852	7.113255977630615	4.117825031280518	3.443371295928955
0	61	were	5.226836204528809	3.8444762229919434	3.873948097229004	3.5844502449035645
0	62	generally	7.955162048339844	6.9929704666137695	7.020486831665039	7.565584182739258
0	63	busy	9.912781715393066	9.230829238891602	8.319589614868164	8.283674240112305
0	64	as	4.591896057128906	4.586600303649902	4.639856815338135	4.982605457305908
0	65	beavers	14.254585266113281	13.120439529418945	12.883034706115723	12.336339950561523
0	66	and	1.6101449728012085	1.4454050064086914	1.6031346321105957	1.4206629991531372
0	67	quite	8.405824661254883	9.570348739624023	9.446186065673828	8.889586448669434
0	68	pleased	10.014427185058594	6.786498069763184	7.813750267028809	7.103366851806641
0	69	with	3.654204845428467	0.8522903323173523	0.897600531578064	0.8942602872848511
0	70	themselves	9.092802047729492	8.411863327026367	7.463569641113281	7.169516086578369
0	71	for	4.015523910522461	3.995331287384033	3.009887218475342	1.1581120491027832
0	72	being	6.371798038482666	5.433402061462402	4.679032802581787	3.23104190826416
0	73	so	5.726731777191162	4.515517234802246	3.072096586227417	2.992187738418579
0	74	successful	8.97064208984375	5.918509006500244	5.758349895477295	6.35753870010376
0	75	and	3.209713935852051	3.454585075378418	3.121711492538452	2.8180761337280273
0	76	well	7.827500343322754	5.633664131164551	5.894537448883057	6.230851173400879
0	77	off	6.8854780197143555	6.044215679168701	7.409089088439941	7.282597541809082
0	78	was	5.676175117492676	7.427207946777344	6.513797760009766	7.343396186828613
0	79	known	7.226391315460205	7.289259910583496	8.08324909210205	6.626668930053711
0	80	to	2.995891571044922	1.3905516862869263	1.4446015357971191	1.6691590547561646
0	81	the	2.6109485626220703	4.501118183135986	2.8393032550811768	2.3729004859924316
0	82	residents	9.080373764038086	8.703252792358398	7.326969146728516	6.111920356750488
0	83	of	2.6468982696533203	0.7710930705070496	0.44235947728157043	0.30305948853492737
0	84	Bradford,	13.415138244628906	10.087491035461426	10.026371002197266	9.78790283203125
0	85	and	3.336076498031616	3.0174295902252197	3.4008889198303223	3.481322765350342
0	86	if	6.234033584594727	5.812018394470215	5.28985595703125	6.063380718231201
0	87	you	3.583247661590576	1.5524705648422241	1.914344072341919	2.1662936210632324
0	88	were	5.303854465484619	3.8303637504577637	4.124868392944336	3.270634174346924
0	89	to	3.6347150802612305	3.6129302978515625	1.8572535514831543	1.265958547592163
0	90	go	5.814408779144287	4.373475074768066	3.6556262969970703	3.617525577545166
0	91	into	5.053764343261719	3.2092981338500977	2.917419195175171	2.7819128036499023
0	92	the	2.0434412956237793	1.4296159744262695	1.3771663904190063	1.5303130149841309
0	93	city	7.235669136047363	5.765581130981445	5.977550983428955	5.889360427856445
0	94	to	3.369431734085083	2.9866578578948975	2.7377874851226807	2.3379716873168945
0	95	visit	8.07663631439209	5.894489765167236	6.452235698699951	4.906103134155273
0	96	the	2.608187675476074	1.6253769397735596	1.6704645156860352	1.7364445924758911
0	97	stately	14.201433181762695	12.16160774230957	12.721456527709961	12.09032154083252
0	98	City	10.183708190917969	8.93620491027832	8.461701393127441	8.364714622497559
0	99	Hall,	10.369518280029297	3.9789414405822754	3.01772141456604	2.8623363971710205
0	100	you	5.948695182800293	6.359941482543945	6.093181610107422	5.923597812652588
0	101	would	5.169724941253662	4.257861137390137	4.018967151641846	3.587873935699463
0	102	see	5.3790388107299805	4.394067764282227	3.6418635845184326	3.15877628326416
0	103	there	5.913416385650635	6.449563026428223	5.463754177093506	5.772880554199219
0	104	the	3.727299690246582	6.178388595581055	6.174162864685059	5.870009422302246
0	105	Crest	13.171119689941406	13.606620788574219	13.266915321350098	13.706521034240723
0	106	of	3.287527561187744	1.001907467842102	1.0694053173065186	0.8982641696929932
0	107	the	2.347175359725952	3.8504741191864014	1.7400906085968018	1.9823319911956787
0	108	City	8.173524856567383	7.349497318267822	6.23293924331665	6.828512191772461
0	109	of	2.7432827949523926	0.6106187701225281	0.4857083559036255	0.5835888385772705
0	110	Bradford,	13.415138244628906	10.980046272277832	9.876846313476562	9.763439178466797
0	111	which	4.9948320388793945	4.069588661193848	3.769069194793701	3.692575693130493
0	112	those	7.0686774253845215	9.500450134277344	9.450702667236328	9.994186401367188
0	113	same	7.276355743408203	4.65688419342041	4.0544538497924805	4.206565856933594
0	114	mill	13.00243854522705	12.987120628356934	13.545816421508789	13.256913185119629
0	115	owners	9.622491836547852	8.64483642578125	5.584129810333252	2.794084310531616
0	116	created	8.241910934448242	8.640210151672363	8.340253829956055	8.48495101928711
0	117	to	3.0789432525634766	3.973210334777832	4.669111251831055	4.6659040451049805
0	118	celebrate	9.199726104736328	6.095122337341309	5.888460159301758	7.07611608505249
0	119	their	5.093438625335693	2.7453954219818115	4.045682430267334	2.682630777359009
0	120	achievements.	11.956022262573242	6.9053730964660645	7.158061981201172	6.372566223144531
0	121	It	3.556983470916748	3.529261589050293	3.7059621810913086	3.596914768218994
0	122	shows	7.212276458740234	5.607251167297363	5.234357833862305	5.205561637878418
0	123	a	3.326772451400757	2.5824503898620605	3.025484323501587	3.2276358604431152
0	124	sinister	10.81811809539795	8.81994342803955	9.557869911193848	9.514891624450684
0	125	looking	8.088005065917969	6.386350154876709	5.342107772827148	5.547467231750488
0	126	boar's	18.17833709716797	15.104642868041992	15.24364948272705	15.560596466064453
0	127	head	3.0621678829193115	2.6125295162200928	2.1759862899780273	2.320500373840332
0	128	sitting	9.46942138671875	8.546419143676758	8.063895225524902	6.778750419616699
0	129	on	3.342496395111084	1.4033982753753662	0.8119840025901794	0.8669230937957764
0	130	top	7.099169731140137	3.4341063499450684	2.74173903465271	2.949354410171509
0	131	of	2.765568971633911	0.10847601294517517	0.060611724853515625	0.03668772056698799
0	132	a	3.3830296993255615	3.291506052017212	2.3981363773345947	1.5371931791305542
0	133	well	7.629184722900391	7.911194801330566	7.160024166107178	6.984426021575928
0	134	which	6.209943771362305	6.81494140625	6.358563423156738	6.525533676147461
0	135	seems	7.350561618804932	5.69619607925415	5.596251487731934	5.738938331604004
0	136	puzzling	12.363797187805176	9.697704315185547	8.720808029174805	9.934321403503418
0	137	at	4.433762550354004	3.9806299209594727	2.916517496109009	3.2082791328430176
0	138	first,	7.298910617828369	2.7339580059051514	1.9385422468185425	2.0753109455108643
0	139	but	3.3919575214385986	1.4909967184066772	0.6825078725814819	1.0921911001205444
0	140	the	2.825763463973999	2.826930046081543	3.2324037551879883	3.118349075317383
0	141	reason	7.752744674682617	6.53262996673584	6.294124603271484	7.151939868927002
0	142	for	3.551753520965576	1.6520469188690186	1.7216112613677979	1.9132378101348877
0	143	this	4.915605545043945	2.4661624431610107	1.6909009218215942	1.0228887796401978
0	144	symbol	9.796464920043945	10.09504222869873	11.341968536376953	11.818337440490723
0	145	is	3.828967809677124	1.6731531620025635	2.0447916984558105	1.0894874334335327
0	146	a	3.012261152267456	2.5872833728790283	2.6869494915008545	2.937990188598633
0	147	matter	7.787863254547119	5.922895908355713	7.329375267028809	7.023369789123535
0	148	of	2.57875657081604	0.08987271040678024	0.13183718919754028	0.07758747041225433
0	149	legend.	12.57017993927002	12.730152130126953	11.2936429977417	10.034123420715332
0	150	There	4.661294937133789	4.4794793128967285	4.377198219299316	4.423844337463379
0	151	was	3.5214571952819824	1.747353196144104	2.053744316101074	2.111140251159668
0	152	once,	11.84225082397461	10.520727157592773	10.631519317626953	9.595113754272461
0	153	legend	13.262726783752441	11.793169021606445	12.061497688293457	10.891364097595215
0	154	has	5.276021480560303	0.5327391028404236	0.6111752986907959	0.7849271297454834
0	155	it,	8.175423622131348	8.565529823303223	1.055929183959961	0.14389978349208832
0	156	a	4.839449405670166	5.040617942810059	4.030576705932617	3.3446097373962402
0	157	fearsome	11.63521957397461	10.765417098999023	10.622466087341309	9.08824634552002
0	158	boar,	12.974302291870117	10.993575096130371	11.348273277282715	11.22986888885498
0	159	which	3.45688533782959	3.229057788848877	3.1833362579345703	3.408130407333374
0	160	lived	9.048521041870117	7.113719940185547	6.016036033630371	6.63191556930542
0	161	in	2.90824031829834	0.9806023836135864	1.0456225872039795	1.0141857862472534
0	162	a	3.1250689029693604	1.6454840898513794	2.631958246231079	1.8644793033599854
0	163	wood	9.801236152648926	9.43084716796875	8.13901424407959	7.628544330596924
0	164	located	9.617770195007324	9.245235443115234	8.269014358520508	8.779293060302734
0	165	just	6.37851619720459	4.264096736907959	3.9731407165527344	3.8201513290405273
0	166	outside	7.956415176391602	1.5550751686096191	1.5084161758422852	1.4374909400939941
0	167	the	2.5615901947021484	1.2710521221160889	1.1912339925765991	1.1605209112167358
0	168	manor	14.067855834960938	12.006239891052246	10.785873413085938	11.148107528686523
0	169	of	2.556215763092041	1.5086413621902466	2.0358381271362305	2.164968490600586
0	170	Bradford.	14.580039024353027	12.84324836730957	12.833494186401367	12.736140251159668
0	171	A	4.201545715332031	4.043573379516602	3.7895009517669678	3.7758357524871826
0	172	source	7.6083807945251465	6.182831764221191	5.680301189422607	6.287978172302246
0	173	of	2.548672914505005	3.240619659423828	4.891837120056152	4.6300859451293945
0	174	great	7.562162399291992	7.384077548980713	3.963017702102661	2.72701096534729
0	175	trouble	9.54373550415039	7.6929402351379395	8.238240242004395	6.413012504577637
0	176	to	2.9577932357788086	1.8847318887710571	1.9958820343017578	2.1342391967773438
0	177	the	2.6109485626220703	5.106316566467285	4.021650314331055	2.1306421756744385
0	178	local	7.2533721923828125	6.775047302246094	6.240555763244629	6.191511631011963
0	179	folk	10.151731491088867	9.320430755615234	9.715902328491211	8.499117851257324
0	180	the	3.8099734783172607	6.252325534820557	6.135286331176758	5.798803329467773
0	181	boar	13.856025695800781	11.064445495605469	12.386183738708496	11.909318923950195
0	182	was,	9.746074676513672	8.34531021118164	6.695075035095215	6.916403293609619
0	183	bringing	10.500548362731934	9.737462043762207	10.365715026855469	9.056696891784668
0	184	terror	10.28982925415039	8.221264839172363	8.461771011352539	8.349897384643555
0	185	to	3.8803694248199463	2.684469699859619	0.7840225100517273	0.8077424764633179
0	186	the	2.6109485626220703	3.039639949798584	1.698581337928772	1.3513720035552979
0	187	peaceful	10.317294120788574	10.823651313781738	9.264803886413574	8.959722518920898
0	188	flocks	11.403985977172852	12.044371604919434	12.053338050842285	11.500113487243652
0	189	and	2.4898629188537598	2.200909376144409	2.6147048473358154	2.7056796550750732
0	190	ravaging	13.246524810791016	13.848505020141602	12.659446716308594	12.71851634979248
0	191	the	1.5252999067306519	1.7640371322631836	2.3776628971099854	2.5281789302825928
0	192	countryside	11.924689292907715	4.638286590576172	4.514346122741699	4.080101013183594
0	193	around.	11.732154846191406	10.890090942382812	10.544008255004883	9.442988395690918
0	194	Even	5.395271301269531	5.510200500488281	5.430108070373535	5.352908134460449
0	195	worse,	9.929428100585938	5.241479873657227	5.495020866394043	5.618534564971924
0	196	however,	6.08298921585083	6.616118431091309	6.382735729217529	6.159899711608887
0	197	the	2.2545557022094727	2.8285834789276123	2.510748863220215	2.232426166534424
0	198	boar	13.856025695800781	13.845087051391602	14.143013000488281	14.918976783752441
0	199	most	8.811542510986328	8.641790390014648	8.720071792602539	8.616937637329102
0	200	liked	10.082046508789062	8.921236991882324	8.45555591583252	7.870024681091309
0	201	to	2.6944801807403564	3.4651501178741455	2.1510233879089355	1.5075043439865112
0	202	go	5.814408779144287	4.024579048156738	4.6685943603515625	4.891282558441162
0	203	to	2.438727617263794	1.7507703304290771	1.448439121246338	1.4729942083358765
0	204	the	2.6109485626220703	1.8007031679153442	1.5153952836990356	1.8731460571289062
0	205	well	8.144021987915039	9.110292434692383	8.956231117248535	9.751771926879883
0	206	that	4.188153266906738	4.112104415893555	3.9397778511047363	3.9009227752685547
0	207	was	4.685856819152832	6.4129438400268555	3.1784541606903076	3.141747236251831
0	208	in	3.7711281776428223	4.456906318664551	4.822653293609619	3.9309470653533936
0	209	the	2.2516236305236816	1.6064380407333374	1.6264771223068237	1.7818701267242432
0	210	wood	9.871780395507812	9.922184944152832	9.073683738708496	9.196306228637695
0	211	and	2.9122955799102783	2.4349639415740967	2.4815945625305176	2.515730142593384
0	212	drink	9.893228530883789	7.651218414306641	8.360150337219238	8.300148963928223
0	213	its	6.71412467956543	5.967931747436523	6.281789779663086	4.654323101043701
0	214	fresh	9.036601066589355	6.413726329803467	6.2213640213012695	5.0817718505859375
0	215	water,	9.17236042022705	6.60455322265625	4.744656562805176	3.783555507659912
0	216	so	3.8173418045043945	4.251372337341309	4.180158615112305	4.560544490814209
0	217	that	3.718966245651245	2.2478015422821045	2.1540799140930176	1.7243030071258545
0	218	the	2.915968894958496	2.1770448684692383	1.8809890747070312	1.753113865852356
0	219	people	6.290622234344482	5.811760902404785	5.331876754760742	6.612013816833496
0	220	of	3.262610912322998	1.521154522895813	1.809922456741333	1.8506821393966675
0	221	Bradford	12.276647567749023	10.489373207092285	9.696549415588379	9.282949447631836
0	222	had	5.398543357849121	6.017865180969238	4.659640312194824	5.001461029052734
0	223	second	8.026063919067383	8.824525833129883	8.942450523376465	9.186375617980957
0	224	thoughts	10.05825138092041	1.0651724338531494	3.543349504470825	1.151216745376587
0	225	about	4.892497539520264	2.6141860485076904	0.9665093421936035	0.9148885011672974
0	226	visiting	9.930636405944824	9.816856384277344	8.751673698425293	7.124884605407715
0	227	the	2.3898913860321045	1.5425904989242554	1.5658537149429321	1.586260437965393
0	228	well.	10.143603324890137	11.24892520904541	10.944795608520508	10.680915832519531
0	229	That	4.823705196380615	4.799640655517578	5.009153842926025	4.955382347106934
0	230	the	3.4138245582580566	4.8651041984558105	4.563156604766846	4.8816142082214355
0	231	people	6.290622234344482	5.692538261413574	5.193657875061035	5.136258125305176
0	232	of	3.262610912322998	1.521154522895813	2.0063250064849854	1.2651171684265137
0	233	Bradford	12.276647567749023	10.489373207092285	9.696549415588379	9.219781875610352
0	234	bore	11.236434936523438	11.756330490112305	9.959953308105469	10.372814178466797
0	235	the	2.5484163761138916	1.7322516441345215	1.5968319177627563	1.4027459621429443
0	236	brunt	12.472100257873535	4.074130535125732	0.31350478529930115	2.069660186767578
0	237	of	1.8356817960739136	0.027434952557086945	0.029933784157037735	0.013703042641282082
0	238	the	2.347175359725952	1.0301337242126465	0.948526918888092	0.7649422883987427
0	239	beast's	12.659703254699707	11.46062183380127	10.185175895690918	10.122220039367676
0	240	ferocity	10.762651443481445	9.722504615783691	10.166312217712402	9.079473495483398
0	241	was	4.165797233581543	3.393209934234619	2.980698585510254	2.74930739402771
0	242	unfair	11.113273620605469	10.969364166259766	10.826369285583496	10.647690773010254
0	243	in	4.1858439445495605	3.597644090652466	3.0458643436431885	3.2767038345336914
0	244	the	2.2516236305236816	1.9012961387634277	1.6905665397644043	1.4664193391799927
0	245	eyes	8.564825057983398	6.137861251831055	2.6616199016571045	2.152009963989258
0	246	of	2.8619446754455566	0.29659804701805115	0.020657507702708244	0.00934823788702488
0	247	the	2.347175359725952	1.5551539659500122	1.1770864725112915	1.1685583591461182
0	248	people	6.290622234344482	6.082788467407227	4.413053512573242	3.6178090572357178
0	249	of	3.262610912322998	1.5211546421051025	1.9631617069244385	2.2209181785583496
0	250	the	2.347175359725952	2.1518752574920654	1.6150802373886108	1.3717374801635742
0	251	region.	10.061332702636719	9.040215492248535	6.808454990386963	6.411886215209961
0	252	Eventually,	8.572315216064453	8.365039825439453	8.658991813659668	8.582488059997559
0	253	the	2.045053005218506	1.574641227722168	1.5434932708740234	1.4661903381347656
0	254	issue	8.00527572631836	6.616795063018799	7.513178825378418	7.044302940368652
0	255	reached	9.548535346984863	8.842374801635742	5.8382110595703125	5.378283500671387
0	256	the	2.395747661590576	2.1541318893432617	1.575482964515686	1.5800206661224365
0	257	ears	10.842541694641113	8.872465133666992	6.842463493347168	6.367616653442383
0	258	of	3.0954480171203613	0.6967535614967346	0.05420791357755661	0.007740149740129709
0	259	the	2.347175359725952	1.5226558446884155	1.5852441787719727	1.6046983003616333
0	260	kindly	12.163118362426758	13.572877883911133	11.002975463867188	11.335765838623047
0	261	Lord	9.863394737243652	6.796435356140137	7.107961654663086	6.1784987449646
0	262	of	2.8297629356384277	2.340679168701172	1.5339503288269043	2.0142664909362793
0	263	the	2.347175359725952	1.3718472719192505	0.8142780661582947	0.8118326663970947
0	264	Manor	12.581694602966309	11.97282886505127	7.192266941070557	5.451076984405518
0	265	who	6.351305961608887	7.404763698577881	6.996936798095703	5.356464385986328
0	266	the	3.7334821224212646	5.6167497634887695	5.804785251617432	6.173887729644775
0	267	people	6.290622234344482	5.49582052230835	6.094634056091309	5.999085903167725
0	268	had	5.4095306396484375	6.695376396179199	5.047025680541992	3.556978464126587
0	269	often	7.420112609863281	7.990260124206543	7.965857982635498	8.218247413635254
0	270	asked	7.864679336547852	4.366559028625488	4.744683265686035	4.386141300201416
0	271	for	3.4858055114746094	2.544868230819702	2.428825616836548	2.3190412521362305
0	272	help.	9.775908470153809	4.296846389770508	4.922080993652344	5.33748722076416
0	273	The	2.7706377506256104	2.864501714706421	2.60444712638855	2.6652896404266357
0	274	Lord	8.543113708496094	8.19399356842041	7.815173149108887	8.460369110107422
0	275	saw	8.331067085266113	6.33806037902832	6.021790504455566	6.006147861480713
0	276	the	2.243356704711914	1.8917113542556763	2.3248865604400635	2.578914165496826
0	277	severity	10.662561416625977	8.871607780456543	8.404659271240234	8.847249984741211
0	278	of	2.234745740890503	0.150346577167511	0.07194341719150543	0.13647747039794922
0	279	the	2.347175359725952	2.2835426330566406	0.7316799759864807	0.6767600774765015
0	280	problem	8.016181945800781	7.513164520263672	6.0130815505981445	3.3675272464752197
0	281	the	3.613555431365967	5.569871425628662	5.542428016662598	6.482218265533447
0	282	people	6.290622234344482	5.633007049560547	5.464029788970947	5.467452049255371
0	283	faced	9.63248348236084	10.328682899475098	8.803089141845703	6.836241722106934
0	284	and	3.650933027267456	4.098008155822754	4.312343120574951	3.544556140899658
0	285	suggested	9.147744178771973	9.641508102416992	9.15686321258545	9.68400764465332
0	286	a	3.2492640018463135	2.950878143310547	3.6414687633514404	3.4885499477386475
0	287	contest	9.677040100097656	8.903207778930664	8.57830810546875	8.201144218444824
0	288	could	6.7095746994018555	7.177872657775879	6.476835250854492	5.831752300262451
0	289	solve	8.826874732971191	8.49559497833252	7.98378324508667	7.020481586456299
0	290	the	2.4953532218933105	1.1474485397338867	1.2022331953048706	1.390941858291626
0	291	problem.	9.447561264038086	3.690032720565796	2.8266491889953613	3.027163028717041
0	292	He	4.183243274688721	4.064757347106934	4.587557792663574	3.866197109222412
0	293	said	4.621365070343018	2.66459321975708	2.3749148845672607	2.7975730895996094
0	294	that	3.348794460296631	2.0399506092071533	1.9592562913894653	1.9616020917892456
0	295	whoever	10.798580169677734	8.925764083862305	8.183147430419922	8.357861518859863
0	296	could	5.3925886154174805	6.383009910583496	5.723686218261719	5.235001087188721
0	297	kill	7.505826950073242	6.236859321594238	5.087645530700684	5.22664737701416
0	298	the	2.7031569480895996	2.76340913772583	3.032853126525879	2.5443060398101807
0	299	boar	13.856025695800781	10.44680118560791	11.036443710327148	11.183808326721191
0	300	and	2.2159371376037598	2.810126781463623	2.0157203674316406	2.0001461505889893
0	301	bring	8.31883430480957	7.209572792053223	7.656497955322266	4.939826011657715
0	302	as	5.133980751037598	6.598740100860596	6.750028610229492	7.277629852294922
0	303	proof	9.802138328552246	6.448631286621094	10.628181457519531	10.776615142822266
0	304	its	6.847891807556152	6.915434837341309	6.24212646484375	5.619716644287109
0	305	head	7.156017303466797	8.844274520874023	7.564977169036865	8.382570266723633
0	306	to	3.1398961544036865	3.168738603591919	2.7743921279907227	5.628169536590576
0	307	the	2.6109485626220703	2.0029995441436768	1.5896847248077393	1.1073163747787476
0	308	Manor	12.581694602966309	12.103935241699219	11.473499298095703	12.301457405090332
0	309	House	7.18735933303833	3.688720941543579	3.7815489768981934	4.413225173950195
0	310	would	6.044317245483398	6.562624931335449	6.220917701721191	6.793161392211914
0	311	be	3.1582038402557373	2.2893519401550293	1.0411553382873535	1.1464860439300537
0	312	rewarded	10.378148078918457	8.242136001586914	8.189724922180176	9.893218040466309
0	313	with	3.8816123008728027	1.262696623802185	1.2278560400009155	0.9858583211898804
0	314	land	9.45146656036377	9.816292762756348	8.75770378112793	8.580103874206543
0	315	and	2.9396963119506836	1.6745363473892212	1.62112295627594	1.5068726539611816
0	316	fame.	12.576332092285156	12.253560066223145	13.15602970123291	10.064952850341797
0	317	It	3.4329638481140137	3.536837100982666	3.3715806007385254	3.5197372436523438
0	318	was	3.412656545639038	1.1725775003433228	1.359130620956421	1.4256336688995361
0	319	the	2.8936266899108887	2.8882861137390137	2.7543468475341797	2.771135091781616
0	320	people	6.290622234344482	7.95707893371582	7.577672004699707	7.456613540649414
0	321	of	3.262610912322998	1.521154522895813	2.0970847606658936	1.9904468059539795
0	322	Bradford	12.276647567749023	10.489373207092285	9.696549415588379	9.411375045776367
0	323	and	3.034026622772217	2.540630340576172	2.090085506439209	2.2726891040802
0	324	the	3.0785820484161377	3.3281829357147217	2.7986488342285156	2.7404024600982666
0	325	people	6.290622234344482	5.6566667556762695	7.509022235870361	6.481634616851807
0	326	who	4.398918151855469	1.6086602210998535	1.323891282081604	1.7195454835891724
0	327	knew	7.465272903442383	5.562248706817627	5.7218499183654785	5.407910346984863
0	328	them	6.477248191833496	5.050727844238281	3.7635321617126465	2.9565980434417725
0	329	who	5.826930999755859	6.070976257324219	6.377922534942627	5.8582892417907715
0	330	rejoiced	11.580427169799805	11.426546096801758	13.697394371032715	11.892070770263672
0	331	at	0.6806985139846802	1.283205270767212	1.3936514854431152	1.7343212366104126
0	332	this	4.5872297286987305	4.723476409912109	4.292106628417969	3.9813392162323
0	333	proclamation	12.486927032470703	13.687545776367188	9.38212776184082	8.971210479736328
0	334	but	5.948294162750244	5.749040126800537	5.373824596405029	3.894690752029419
0	335	one	5.401059150695801	5.1914286613464355	5.436347961425781	5.62213134765625
0	336	question	8.127570152282715	5.790823936462402	7.759581565856934	8.924824714660645
0	337	remained:	11.855879783630371	9.430590629577637	6.1813645362854	5.267529487609863
0	338	who	8.099885940551758	5.852658271789551	4.597426414489746	4.269747734069824
0	339	would	4.810914993286133	2.149174451828003	1.8761628866195679	1.9579312801361084
0	340	kill	7.717747688293457	5.943694114685059	6.364687919616699	6.242004871368408
0	341	the	2.7031569480895996	2.661708354949951	3.1187052726745605	2.583888530731201
0	342	boar?	19.30496597290039	15.38430404663086	15.463790893554688	15.531227111816406
0	343	By	7.010721206665039	6.721410751342773	6.606788635253906	6.465700149536133
0	344	the	2.3180384635925293	1.578914761543274	1.5639028549194336	1.7252099514007568
0	345	handsome	11.865365028381348	11.971238136291504	11.156038284301758	10.791741371154785
0	346	reward	9.999213218688965	11.20907211303711	10.741042137145996	11.28691291809082
0	347	many	7.46290922164917	9.729650497436523	8.353252410888672	7.8539934158325195
0	348	felt	9.086957931518555	10.469592094421387	6.217167854309082	6.200064182281494
0	349	tempted,	15.694993019104004	11.929997444152832	12.740139961242676	12.68773365020752
0	350	but	2.0425217151641846	1.6892426013946533	2.571885347366333	2.0518863201141357
0	351	the	2.825763463973999	3.040550470352173	3.266254425048828	2.9221444129943848
0	352	thought	8.20659065246582	7.799290657043457	6.204481601715088	4.599040508270264
0	353	of	3.022214889526367	1.0382883548736572	0.4655162990093231	0.829328715801239
0	354	the	2.347175359725952	2.662268877029419	3.3898138999938965	3.3753952980041504
0	355	boar	13.856025695800781	14.189581871032715	12.247542381286621	12.782073020935059
0	356	with	3.993009090423584	4.652067184448242	4.861300468444824	4.699723243713379
0	357	its	5.705611705780029	4.3778767585754395	2.9761619567871094	3.0932252407073975
0	358	deadly	9.678820610046387	8.864879608154297	7.011896133422852	7.642251968383789
0	359	tusks	12.182321548461914	13.742036819458008	12.903599739074707	8.686126708984375
0	360	and	1.958548665046692	1.8061285018920898	1.6361833810806274	0.8785300254821777
0	361	face	8.33787727355957	8.912383079528809	8.606836318969727	8.440494537353516
0	362	like	6.261178016662598	7.190215110778809	6.480221748352051	5.7874298095703125
0	363	thunder	12.714958190917969	9.812909126281738	9.257054328918457	8.92795181274414
0	364	soon	8.872038841247559	8.548290252685547	8.376813888549805	8.806272506713867
0	365	put	7.027361869812012	7.703627586364746	8.292095184326172	8.090415954589844
0	366	an	4.704488754272461	4.0139875411987305	2.5869407653808594	2.7380940914154053
0	367	end	6.673842906951904	1.0819621086120605	0.13450516760349274	0.015572021715342999
0	368	to	3.1168053150177	0.5424394011497498	0.020027685910463333	0.009966772049665451
0	369	their	5.579488754272461	4.154087543487549	4.055269241333008	3.623243570327759
0	370	ambitions.	12.170478820800781	11.306354522705078	10.98546028137207	9.095791816711426
0	371	However,	4.842202186584473	4.731727600097656	4.794747352600098	4.810887336730957
0	372	there	3.4856479167938232	3.434880256652832	3.6209616661071777	3.554140567779541
0	373	was	3.6963109970092773	2.46580171585083	2.413573980331421	2.216615676879883
0	374	one	5.032920837402344	4.140566349029541	3.441133499145508	2.6692464351654053
0	375	huntsman,	19.50371551513672	18.89681625366211	17.821395874023438	19.28196144104004
0	376	who	3.735887289047241	3.5393388271331787	3.0591251850128174	2.0871987342834473
0	377	was	4.020086288452148	2.314809560775757	2.7312583923339844	1.9836390018463135
0	378	still	5.6678900718688965	5.093621253967285	5.674351692199707	5.967648506164551
0	379	wet	10.497151374816895	8.99925422668457	9.395746231079102	8.66800308227539
0	380	behind	8.39972972869873	7.533263206481934	6.391741752624512	6.622152805328369
0	381	the	2.2769851684570312	1.5235576629638672	1.0178556442260742	1.3249096870422363
0	382	ears,	12.611648559570312	10.664030075073242	7.059601783752441	5.345883846282959
0	383	who	5.849266052246094	6.591200828552246	6.632745742797852	6.878650665283203
0	384	decided	7.695898056030273	7.139068603515625	7.304069519042969	6.713068962097168
0	385	the	2.677116632461548	3.611112356185913	4.155744552612305	3.7633602619171143
0	386	prize	10.244481086730957	8.28641128540039	7.776369571685791	7.974948406219482
0	387	was	5.090450286865234	3.88875150680542	1.5063270330429077	1.1470777988433838
0	388	worth	8.22459602355957	5.742246627807617	4.475168704986572	2.2838644981384277
0	389	a	3.3533496856689453	2.5323078632354736	2.629960536956787	3.103147029876709
0	390	shot,	11.020284652709961	8.537195205688477	4.7748236656188965	6.958211421966553
0	391	in	5.119962692260742	5.614553928375244	5.539355278015137	5.206526756286621
0	392	spite	10.269159317016602	5.501728534698486	4.846072673797607	4.053191661834717
0	393	of	2.143378496170044	0.009927590377628803	0.00891297496855259	0.009433982893824577
0	394	the	2.347175359725952	1.3749946355819702	1.5383836030960083	1.347524881362915
0	395	boar's	15.732891082763672	16.22933006286621	15.86351490020752	15.874021530151367
0	396	reputation.	10.424832344055176	10.437782287597656	9.961297988891602	8.40527057647705
0	397	The	2.588364839553833	2.6407740116119385	2.46047306060791	2.377972364425659
0	398	huntsman	13.282247543334961	14.073040008544922	11.012200355529785	10.25084400177002
0	399	discovered	9.336237907409668	7.347991466522217	8.086095809936523	7.541242599487305
0	400	the	2.491511106491089	1.789646029472351	1.7883118391036987	2.0154833793640137
0	401	boar	13.856025695800781	13.230816841125488	8.724433898925781	8.644325256347656
0	402	preferred	11.900548934936523	12.297869682312012	13.288936614990234	12.969286918640137
0	403	to	2.745418071746826	1.0866131782531738	1.0699751377105713	1.4625399112701416
0	404	come	6.327090263366699	5.952273368835449	6.151994705200195	5.656825065612793
0	405	out	4.4244279861450195	2.459329843521118	2.279216766357422	2.3931777477264404
0	406	in	3.412907600402832	3.0391016006469727	3.091310977935791	2.1889536380767822
0	407	the	2.2516236305236816	1.3858311176300049	1.898680329322815	1.9340870380401611
0	408	middle	7.912604331970215	4.918560028076172	3.66440749168396	3.3201546669006348
0	409	of	2.408236026763916	0.5702997446060181	0.1830044388771057	0.09509659558534622
0	410	the	2.347175359725952	0.8364382386207581	0.8794835805892944	0.9465250968933105
0	411	day.	8.981739044189453	7.300812721252441	4.799667835235596	4.683828353881836
0	412	So	4.682859420776367	4.586317539215088	4.575522422790527	4.218903541564941
0	413	he	4.985019683837891	3.7995095252990723	3.661850690841675	3.8118128776550293
0	414	went	6.231133460998535	4.496294975280762	3.4677038192749023	3.4889755249023438
0	415	to	2.382143497467041	1.2466912269592285	1.3976466655731201	1.1778124570846558
0	416	the	2.6109485626220703	1.7679568529129028	1.7086347341537476	1.4307326078414917
0	417	wood	9.871780395507812	10.763016700744629	9.481945037841797	9.343805313110352
0	418	by	4.865800857543945	4.8564653396606445	4.437110900878906	5.075589179992676
0	419	the	2.3163957595825195	1.9936896562576294	1.7919700145721436	1.9970203638076782
0	420	well	8.144021987915039	9.42892074584961	7.8224101066589355	7.763365745544434
0	421	with	4.275513648986816	4.119685173034668	5.978970527648926	4.809881210327148
0	422	his	5.090669631958008	4.081701278686523	3.7722277641296387	3.5818302631378174
0	423	good	6.900204658508301	6.759479522705078	6.0959367752075195	6.326967239379883
0	424	bow,	13.342631340026855	13.604177474975586	13.200128555297852	13.179398536682129
0	425	to	4.830928325653076	4.851114273071289	4.7474164962768555	4.979578018188477
0	426	bide	11.53028678894043	12.743592262268066	12.64741325378418	10.835345268249512
0	427	his	2.294203281402588	2.6348459720611572	1.032330870628357	1.7718721628189087
0	428	time.	8.68229866027832	2.054687261581421	1.8674808740615845	1.924638032913208
0	429	Around	8.54190444946289	8.55118179321289	8.504114151000977	8.52932357788086
0	430	noontime,	16.204870223999023	13.695804595947266	13.521875381469727	12.447488784790039
0	431	the	3.34032940864563	2.321837902069092	2.0519227981567383	2.493260383605957
0	432	boar,	15.864739418029785	15.077797889709473	15.713374137878418	15.337578773498535
0	433	feared	11.23627758026123	11.246614456176758	11.845854759216309	11.280604362487793
0	434	by	4.680011749267578	2.1791772842407227	2.3738796710968018	2.2626094818115234
0	435	the	2.3163957595825195	1.5165578126907349	2.140349864959717	1.7185957431793213
0	436	locals,	12.657047271728516	10.868204116821289	9.625309944152832	4.5777130126953125
0	437	came	7.75457763671875	7.940733909606934	7.524404525756836	7.562294006347656
0	438	out,	7.654549598693848	6.3296637535095215	5.849858283996582	6.4411702156066895
0	439	as	4.414343357086182	4.683096885681152	4.53278923034668	4.86129093170166
0	440	slow	9.844217300415039	10.54409122467041	10.798134803771973	11.267409324645996
0	441	as	4.911027908325195	0.4930729866027832	0.3025149703025818	0.22498755156993866
0	442	a	2.9151878356933594	2.8749027252197266	2.0300612449645996	2.874579668045044
0	443	snail,	14.538614273071289	12.641754150390625	8.990133285522461	5.625025749206543
0	444	from	6.206778526306152	6.436209678649902	6.475667476654053	6.681797981262207
0	445	among	8.292640686035156	7.355672359466553	6.9351348876953125	7.343217849731445
0	446	the	2.1298060417175293	0.8608179092407227	0.8296999931335449	0.8468084335327148
0	447	trees,	11.62320613861084	10.705315589904785	9.006532669067383	4.99505615234375
0	448	just	6.126019477844238	6.129067420959473	6.261337757110596	6.212770938873291
0	449	as	4.5761566162109375	2.1794981956481934	2.024670124053955	1.9124139547348022
0	450	the	2.6557557582855225	3.0196664333343506	2.156672954559326	2.002805471420288
0	451	huntsman	13.899499893188477	13.578703880310059	12.50944709777832	11.514772415161133
0	452	had	5.415078639984131	4.220974922180176	4.72011661529541	3.2456583976745605
0	453	predicted.	12.064604759216309	10.677338600158691	9.964513778686523	7.569127082824707
0	454	The	2.209289073944092	2.46500825881958	2.477130889892578	2.4634878635406494
0	455	huntsman	13.282246589660645	15.203561782836914	14.574153900146484	8.15329647064209
0	456	leaped	13.097573280334473	9.461894989013672	9.566831588745117	9.217445373535156
0	457	from	2.5610923767089844	1.5556769371032715	1.4959278106689453	1.7261818647384644
0	458	his	5.118797302246094	2.3257813453674316	2.4317469596862793	2.1828742027282715
0	459	hiding	10.37765884399414	10.539491653442383	6.2077155113220215	3.5221667289733887
0	460	place	8.494709968566895	1.1045877933502197	0.7776976823806763	0.9638442993164062
0	461	and	3.2065629959106445	2.617788791656494	1.8321613073349	2.222508192062378
0	462	through	7.475924491882324	7.865157127380371	8.146358489990234	7.98173713684082
0	463	the	2.067089796066284	1.690180778503418	1.551527976989746	1.7077856063842773
0	464	heart	8.061223983764648	6.183920860290527	6.613901138305664	6.091742992401123
0	465	with	4.573138236999512	5.291390419006348	4.907546043395996	5.94846248626709
0	466	his	5.090669631958008	3.6270294189453125	3.2961928844451904	3.626251697540283
0	467	fine	9.229499816894531	8.70041275024414	7.704998016357422	7.283076286315918
0	468	arrows	11.873817443847656	10.678325653076172	10.908682823181152	10.477483749389648
0	469	shot	8.101279258728027	7.716427803039551	6.41223669052124	6.377047538757324
0	470	the	3.0954442024230957	4.468476295471191	4.605859756469727	4.440222263336182
0	471	boar.	15.915671348571777	15.056514739990234	12.778666496276855	12.676408767700195
0	472	Now	6.118093013763428	5.751457691192627	6.4076948165893555	5.981439590454102
0	473	the	3.2764639854431152	2.961113929748535	2.526944398880005	2.0764596462249756
0	474	problem	8.016181945800781	5.437585353851318	5.117132186889648	5.303413391113281
0	475	was	4.520212173461914	3.151024341583252	2.9262161254882812	3.5942811965942383
0	476	no	5.426092147827148	5.866261959075928	6.070613384246826	5.837542533874512
0	477	longer	7.117554187774658	2.8876852989196777	1.545624852180481	0.652967631816864
0	478	to	3.425283432006836	5.769307613372803	5.764654159545898	5.268182754516602
0	479	kill	7.83472204208374	6.717703819274902	6.556952476501465	6.9652099609375
0	480	the	2.7031569480895996	2.4021196365356445	2.399897575378418	2.703975200653076
0	481	boar.	15.915671348571777	11.546534538269043	11.453401565551758	11.000080108642578
0	482	It	3.6200268268585205	3.2710232734680176	3.4647152423858643	3.4309887886047363
0	483	was	3.412656545639038	1.6229734420776367	1.4699642658233643	1.9357705116271973
0	484	to	3.693138599395752	5.408651351928711	5.872182369232178	5.949742317199707
0	485	find	6.090666770935059	4.790567398071289	5.603404998779297	6.075152397155762
0	486	a	3.0617332458496094	1.8064007759094238	1.767045259475708	1.873739242553711
0	487	way	6.006070137023926	1.6621915102005005	2.0433006286621094	1.398043155670166
0	488	to	2.4642276763916016	0.600456714630127	0.27606797218322754	0.21675583720207214
0	489	carry	7.4287567138671875	6.755237102508545	6.7396087646484375	6.905257701873779
0	490	the	2.5577595233917236	2.6957602500915527	2.8721976280212402	2.595533847808838
0	491	boar	13.856025695800781	12.800813674926758	12.799356460571289	12.905351638793945
0	492	back.	8.928234100341797	10.948774337768555	7.242946624755859	7.397862434387207
0	493	The	2.6817681789398193	2.6984102725982666	2.4066860675811768	2.3232810497283936
0	494	head	7.376174449920654	6.8661017417907715	6.447275161743164	5.998536109924316
0	495	was	4.907967567443848	5.090200901031494	3.265077829360962	2.6194958686828613
0	496	too	6.420818328857422	5.973981857299805	5.857205867767334	5.054133892059326
0	497	heavy	8.393087387084961	5.067478656768799	3.667729616165161	3.7825136184692383
0	498	for	4.603858947753906	2.9325783252716064	1.1540017127990723	0.8852863311767578
0	499	the	2.3598663806915283	2.1506590843200684	2.296579360961914	1.976716160774231
0	500	little	7.1267242431640625	7.871838569641113	7.164983749389648	6.727626323699951
0	501	huntsman	14.376680374145508	12.47433090209961	12.911932945251465	12.853421211242676
0	502	to	4.00398063659668	3.4930014610290527	4.4990434646606445	3.433777093887329
0	503	carry	7.428757190704346	6.097846031188965	5.030631065368652	5.747599124908447
0	504	back	6.298442363739014	6.747337341308594	6.13700008392334	6.313422679901123
0	505	to	2.5989134311676025	1.8776582479476929	2.2852399349212646	1.9657706022262573
0	506	the	2.6109485626220703	1.4857101440429688	1.5125820636749268	1.3825916051864624
0	507	Manor	12.581694602966309	12.103935241699219	10.75304889678955	10.97293472290039
0	508	House,	8.300265312194824	4.8773274421691895	4.861515998840332	5.226677894592285
0	509	but	4.037580490112305	4.28415584564209	3.7843644618988037	3.493814468383789
0	510	the	2.825763463973999	2.7194557189941406	2.5581014156341553	2.609403133392334
0	511	huntsman,	15.273978233337402	16.598169326782227	18.505626678466797	16.11951446533203
0	512	who	3.735887289047241	3.2250030040740967	2.004432201385498	1.768206000328064
0	513	was	4.020085334777832	2.314809560775757	2.2520720958709717	1.9468525648117065
0	514	as	4.954616546630859	7.03294563293457	6.960165500640869	6.444045066833496
0	515	quick-witted	15.927581787109375	12.65356731414795	11.5008544921875	10.439741134643555
0	516	and	2.525163412094116	1.4552357196807861	1.5939135551452637	1.3147587776184082
0	517	cunning	12.479265213012695	5.536228179931641	5.161055564880371	4.911926746368408
0	518	as	4.864322185516357	3.664156436920166	3.950066566467285	0.8863728046417236
0	519	ever,	9.210735321044922	4.754830360412598	4.678201675415039	3.3554959297180176
0	520	asked	8.868939399719238	8.984210968017578	9.465031623840332	9.676465034484863
0	521	himself,	9.582883834838867	6.576135635375977	7.212584972381592	6.648062705993652
0	522	'What	9.961761474609375	4.996569633483887	4.789838790893555	3.9977834224700928
0	523	else	5.121429443359375	4.811764717102051	4.398989677429199	4.9539594650268555
0	524	can	5.593338966369629	1.4547404050827026	1.1664806604385376	1.3387956619262695
0	525	I	5.150261402130127	7.410980224609375	1.1600048542022705	0.7612653970718384
0	526	do	5.131683826446533	3.240607738494873	3.1921627521514893	1.5074489116668701
0	527	to	3.3024492263793945	6.268407344818115	2.8727917671203613	2.659083366394043
0	528	prove	8.37920093536377	6.820584297180176	5.997239112854004	5.202024936676025
0	529	I	5.585140705108643	5.136586666107178	4.952800750732422	3.806387186050415
0	530	killed	8.383212089538574	7.842784881591797	6.944357872009277	6.600432395935059
0	531	the	2.829268455505371	2.5697224140167236	2.9167699813842773	2.7707903385162354
0	532	boar?'	26.2061710357666	23.59055519104004	19.923015594482422	19.8563175201416
0	533	The	3.3709936141967773	3.2498528957366943	3.1391429901123047	3.770918846130371
0	534	next	6.751924514770508	5.042634963989258	5.3445868492126465	5.173828125
0	535	instance	9.775923728942871	8.324810981750488	8.679997444152832	8.667363166809082
0	536	he	5.556878566741943	5.356245994567871	6.297718048095703	5.080498695373535
0	537	opened	8.387271881103516	7.4721832275390625	7.158379554748535	6.946357727050781
0	538	the	2.6260504722595215	1.3628664016723633	1.50694739818573	1.5352609157562256
0	539	boar's	15.732891082763672	16.697404861450195	15.893924713134766	15.112608909606934
0	540	mouth	4.980273246765137	5.000480651855469	2.7700109481811523	1.1635390520095825
0	541	and	2.8202438354492188	2.0972888469696045	1.7978227138519287	1.1242784261703491
0	542	cut	8.109209060668945	6.535472393035889	5.963662624359131	6.393247127532959
0	543	out	5.292291164398193	3.1811580657958984	3.464322328567505	4.081823348999023
0	544	its	6.344507694244385	5.120970726013184	5.739696502685547	5.480160713195801
0	545	tongue,	11.948732376098633	10.807247161865234	10.831443786621094	8.033390045166016
0	546	taking	7.459994316101074	7.162788391113281	6.420251846313477	5.911979675292969
0	547	that	4.224942207336426	5.234145641326904	5.183424949645996	5.271852493286133
0	548	as	5.30098819732666	5.155109405517578	2.903168201446533	2.7278521060943604
0	549	proof	9.802138328552246	8.205081939697266	5.4944329261779785	4.371916770935059
0	550	for	3.7070817947387695	4.605215549468994	4.464161396026611	4.518597602844238
0	551	the	2.3598663806915283	1.523299217224121	1.5668513774871826	1.5719610452651978
0	552	Lord.	11.8439359664917	10.617547988891602	12.089567184448242	10.597655296325684
0	553	He	2.740760564804077	2.8839590549468994	2.930953025817871	2.864380359649658
0	554	set	6.974885940551758	6.925543785095215	6.586458683013916	6.621635437011719
0	555	out	5.154877185821533	1.5759367942810059	1.8251631259918213	2.7214088439941406
0	556	for	3.933685064315796	2.956979274749756	3.086581230163574	2.601926803588867
0	557	the	2.3598663806915283	2.2638156414031982	1.89090096950531	1.7032743692398071
0	558	Manor	12.581694602966309	12.523719787597656	13.04886245727539	11.987091064453125
0	559	House	7.18735933303833	3.688720941543579	3.725955009460449	3.8161566257476807
0	560	as	5.049008369445801	5.027899742126465	4.53996467590332	4.635569095611572
0	561	quickly	8.172842025756836	6.819643020629883	7.418116092681885	7.011537551879883
0	562	as	4.5489397048950195	0.11889143288135529	0.08487188816070557	0.035121072083711624
0	563	he	4.9196062088012695	3.701653003692627	3.819270133972168	3.6977717876434326
0	564	could	4.925746917724609	5.4911980628967285	2.530860662460327	1.8094940185546875
0	565	and	4.3943376541137695	5.956156253814697	4.453860282897949	3.3731255531311035
0	566	he	5.580050468444824	4.431701183319092	2.606717348098755	2.8945934772491455
0	567	had	4.253153324127197	3.4382259845733643	3.258610725402832	3.129472494125366
0	568	only	5.523695468902588	5.4222869873046875	5.0916852951049805	5.309383392333984
0	569	been	6.899971961975098	2.3361570835113525	2.2503409385681152	2.5835399627685547
0	570	gone	8.402989387512207	9.334228515625	8.630680084228516	7.817743301391602
0	571	a	3.955535411834717	4.562177658081055	4.185065746307373	2.3970754146575928
0	572	few	6.295514106750488	3.9076735973358154	2.5913443565368652	1.9310543537139893
0	573	minutes	7.607523441314697	3.6819605827331543	3.549116611480713	3.8512039184570312
0	574	when	5.293795108795166	4.708010673522949	5.108510971069336	4.954364776611328
0	575	a	3.3873562812805176	3.5004570484161377	3.929659128189087	3.9725570678710938
0	576	second	6.549013137817383	6.14729642868042	5.161068916320801	5.492178916931152
0	577	huntsman,	15.60145378112793	18.011829376220703	18.957216262817383	18.074600219726562
0	578	not	5.596316814422607	5.859148025512695	6.247293472290039	5.99440860748291
0	579	so	5.562569618225098	4.454361438751221	4.766575813293457	4.622687816619873
0	580	bold	10.305256843566895	7.019528388977051	9.432344436645508	9.925439834594727
0	581	as	4.964615345001221	0.7913047671318054	0.8035019636154175	0.673479437828064
0	582	the	2.6557562351226807	2.248891830444336	2.9419124126434326	3.987489938735962
0	583	first	5.465792655944824	4.371285438537598	5.177875518798828	4.880400657653809
0	584	but	6.520570755004883	8.043547630310059	7.767592430114746	6.5877227783203125
0	585	a	3.591928243637085	3.873027801513672	4.625417709350586	4.48143196105957
0	586	little	6.145646095275879	4.0818305015563965	3.1537883281707764	3.147444725036621
0	587	more	4.923010349273682	2.3833160400390625	2.681436061859131	2.50870943069458
0	588	cunning,	13.229721069335938	12.132885932922363	11.288081169128418	10.50108814239502
0	589	came	9.130205154418945	9.518247604370117	8.837242126464844	8.630863189697266
0	590	on	3.668105125427246	4.3404693603515625	4.649662494659424	4.468090534210205
0	591	the	2.1509437561035156	1.632190227508545	1.746030330657959	1.7771435976028442
0	592	scene.	10.22392463684082	7.540626049041748	4.8895649909973145	4.960666656494141
0	593	Seeing	8.193947792053223	7.918176651000977	8.114675521850586	8.067296981811523
0	594	the	2.41404390335083	1.9589226245880127	1.8692339658737183	1.928267002105713
0	595	slain	11.812271118164062	12.769482612609863	10.862054824829102	10.42510986328125
0	596	carcass	14.434691429138184	12.47093677520752	9.996320724487305	9.939657211303711
0	597	of	1.698907494544983	1.1182448863983154	1.626352071762085	1.081464171409607
0	598	the	2.347175359725952	1.9593888521194458	2.6999545097351074	2.222844362258911
0	599	boar,	15.864739418029785	16.109386444091797	10.778610229492188	10.607884407043457
0	600	the	3.8203883171081543	2.9542274475097656	2.9801290035247803	3.0425078868865967
0	601	huntsman	13.899499893188477	10.337202072143555	10.20931625366211	10.144333839416504
0	602	rejoiced	14.723417282104492	13.606152534484863	11.299717903137207	10.754424095153809
0	603	in	3.6827750205993652	1.8745161294937134	1.6816447973251343	2.0565030574798584
0	604	his	5.190221786499023	2.0750701427459717	1.7672500610351562	1.81040620803833
0	605	good	6.900204658508301	8.051889419555664	5.772024154663086	5.870321273803711
0	606	fortune.	12.783461570739746	5.555368423461914	4.754095077514648	2.589336633682251
0	607	The	2.3775742053985596	2.6776530742645264	2.7688260078430176	2.7918944358825684
0	608	second	6.754308700561523	5.756964206695557	5.755111217498779	5.770027160644531
0	609	huntsman	14.055570602416992	16.25432586669922	15.577637672424316	15.576446533203125
0	610	knew	9.724214553833008	8.710264205932617	8.141220092773438	7.1414971351623535
0	611	a	3.465590000152588	3.722501277923584	3.828620433807373	3.9078938961029053
0	612	shortcut	11.02781867980957	8.899288177490234	7.926123142242432	7.9511895179748535
0	613	to	2.7029218673706055	0.7802325487136841	0.8364067077636719	0.7249769568443298
0	614	the	2.6109485626220703	1.7166625261306763	2.162200450897217	2.5337467193603516
0	615	Manor	12.581694602966309	12.103935241699219	12.552590370178223	12.0276460647583
0	616	House	7.18735933303833	3.688720941543579	3.7815489768981934	4.803208351135254
0	617	was	4.848036766052246	3.788069248199463	3.7887752056121826	4.682606220245361
0	618	just	5.208093643188477	4.715879440307617	4.921784400939941	4.994497299194336
0	619	around	7.280670166015625	6.5202765464782715	6.174097061157227	4.593669891357422
0	620	the	2.13470721244812	1.31671941280365	0.2145366668701172	0.048097528517246246
0	621	nearby	9.652169227600098	9.20307731628418	10.083649635314941	12.865030288696289
0	622	pond,	13.300341606140137	9.682169914245605	8.375434875488281	8.1589937210083
0	623	and,	7.823566436767578	8.343753814697266	7.874205589294434	8.30398941040039
0	624	being	6.250992298126221	5.759252071380615	6.118778228759766	5.90972900390625
0	625	a	3.146820068359375	2.028301954269409	2.3937792778015137	2.040738582611084
0	626	bigger	8.55076789855957	7.065431594848633	8.198906898498535	8.489511489868164
0	627	man	7.755390167236328	6.925250053405762	5.57094144821167	3.9145560264587402
0	628	than	6.845574378967285	3.8591997623443604	1.943928837776184	0.6407070159912109
0	629	the	2.5739622116088867	2.5060014724731445	2.2571325302124023	2.8517377376556396
0	630	first,	10.457347869873047	8.763494491577148	8.298751831054688	8.065579414367676
0	631	was	6.083278656005859	5.520083427429199	5.762542724609375	5.805129528045654
0	632	able	6.929534912109375	5.827136993408203	5.696343898773193	5.142335891723633
0	633	to	1.2900562286376953	0.01705671101808548	0.012929773889482021	0.012795205228030682
0	634	pick	7.820620536804199	5.57430362701416	5.537050247192383	5.463292598724365
0	635	up	4.891385078430176	0.7754185795783997	0.5141047835350037	0.3927738070487976
0	636	the	2.90431547164917	1.8890447616577148	1.6817787885665894	1.9387283325195312
0	637	boar's	15.732891082763672	15.881889343261719	15.955215454101562	16.955469131469727
0	638	head	3.0621678829193115	2.677870512008667	2.2228469848632812	2.9085693359375
0	639	and	3.1108596324920654	2.235556125640869	2.0192878246307373	1.4513294696807861
0	640	carry	8.651359558105469	7.392428874969482	7.610782623291016	8.441372871398926
0	641	it	4.812394618988037	2.651212692260742	2.1807050704956055	1.2411261796951294
0	642	through	6.654393196105957	4.47952938079834	3.9607934951782227	3.861116886138916
0	643	the	2.067089796066284	1.5252618789672852	1.1159861087799072	0.9612166881561279
0	644	wood	9.871780395507812	8.905302047729492	9.30355453491211	8.351619720458984
0	645	towards	8.696257591247559	7.691591262817383	6.869515419006348	7.660373687744141
0	646	the	1.8153254985809326	0.5337701439857483	0.6845384836196899	0.5480203628540039
0	647	prize	10.244482040405273	9.488165855407715	10.186086654663086	10.110817909240723
0	648	that	4.20401668548584	4.729552268981934	5.1871538162231445	5.334144592285156
0	649	awaited	11.981566429138184	10.082185745239258	9.405749320983887	8.821666717529297
0	650	him.	8.22569465637207	3.8970742225646973	3.428830146789551	3.499030828475952
0	651	The	2.9779417514801025	2.876173496246338	2.709449529647827	2.7273592948913574
0	652	Lord	8.543113708496094	7.487903594970703	6.618305683135986	6.64804744720459
0	653	of	2.8297629356384277	2.458920955657959	3.884423017501831	2.7841053009033203
0	654	the	2.347175359725952	1.3718479871749878	0.3856653571128845	1.1941816806793213
0	655	Manor	12.581694602966309	11.97282886505127	7.192266941070557	8.03747844696045
0	656	was	4.802933692932129	4.6194963455200195	4.293393135070801	4.685283184051514
0	657	seated	10.908547401428223	8.325960159301758	9.214334487915039	9.119564056396484
0	658	in	3.0242295265197754	1.642735242843628	1.710047721862793	1.832679271697998
0	659	his	5.190221786499023	2.8757686614990234	2.638143539428711	2.6020259857177734
0	660	hall	11.13789176940918	10.180213928222656	8.63157844543457	8.414938926696777
0	661	when	5.9417643547058105	4.829251289367676	4.302725315093994	5.081327438354492
0	662	the	2.3767354488372803	2.366957187652588	2.389493465423584	2.3135907649993896
0	663	second	6.599425792694092	6.244997978210449	6.160830497741699	6.172492027282715
0	664	huntsman	14.055570602416992	17.234872817993164	15.482606887817383	15.32099723815918
0	665	burst	10.195770263671875	9.305784225463867	8.852245330810547	7.553221225738525
0	666	through	5.878103256225586	1.6903544664382935	1.6173107624053955	1.5559120178222656
0	667	the	2.067089796066284	0.7556943297386169	0.4375211298465729	0.54441237449646
0	668	door	8.940532684326172	6.991489410400391	4.839605331420898	2.4812653064727783
0	669	and	3.0439133644104004	2.2528297901153564	1.8577183485031128	1.3175264596939087
0	670	began	8.413771629333496	5.882949352264404	5.464576244354248	5.412445545196533
0	671	to	2.496319532394409	1.0986628532409668	0.9309858679771423	0.8854373097419739
0	672	spin	9.64124584197998	8.534518241882324	7.917157173156738	6.9764251708984375
0	673	a	4.040322303771973	2.3287668228149414	3.653024911880493	3.1190946102142334
0	674	line.	10.384014129638672	9.426368713378906	8.838778495788574	9.39693546295166
0	675	'The	9.934280395507812	9.225506782531738	9.970159530639648	9.958990097045898
0	676	woes	13.752931594848633	12.822786331176758	12.59402084350586	13.093035697937012
0	677	of	2.7095155715942383	0.23897883296012878	0.5317499041557312	0.45957404375076294
0	678	Bradford	12.276647567749023	12.34811019897461	10.287130355834961	10.202601432800293
0	679	are	5.222562789916992	5.720394134521484	4.342287540435791	1.9880783557891846
0	680	ended!'	22.507183074951172	24.436729431152344	23.8968563079834	24.161762237548828
0	681	he	3.4890129566192627	3.7370917797088623	3.3586440086364746	3.2384939193725586
0	682	announced.	11.33832836151123	7.205239295959473	7.060298442840576	7.028887748718262
0	683	'With	11.069695472717285	10.955215454101562	6.435596466064453	6.5231170654296875
0	684	my	3.8683595657348633	3.9839930534362793	3.527491331100464	3.2595787048339844
0	685	own	5.706334114074707	3.3500478267669678	3.7769131660461426	3.7817678451538086
0	686	hand	7.78983211517334	6.339183330535889	4.431819915771484	5.08241605758667
0	687	I	5.500787734985352	5.895489692687988	4.677414894104004	1.1286091804504395
0	688	have	3.6506552696228027	3.3379318714141846	4.037666320800781	3.2449939250946045
0	689	slain	11.079174041748047	11.187268257141113	10.891290664672852	10.57404899597168
0	690	the	3.2205522060394287	3.085556745529175	2.286133289337158	2.181016445159912
0	691	boar!'	25.335525512695312	20.990171432495117	19.773286819458008	17.28630256652832
0	692	And,	7.672868728637695	7.526744842529297	7.356517791748047	7.227427005767822
0	693	with	4.76240873336792	4.0482964515686035	4.095303535461426	3.903212070465088
0	694	that,	7.364751815795898	3.7032785415649414	2.771977424621582	2.6848678588867188
0	695	at	3.8590426445007324	5.7425971031188965	6.648863792419434	6.381877899169922
0	696	the	2.1856894493103027	1.6325855255126953	2.2649624347686768	1.489223599433899
0	697	feet	9.730910301208496	7.9664459228515625	9.174458503723145	8.463810920715332
0	698	of	2.7138402462005615	0.5212054252624512	0.04540751874446869	0.015717443078756332
0	699	his	5.284255027770996	4.874170303344727	3.3629631996154785	3.2115724086761475
0	700	lord	10.81129264831543	11.056802749633789	12.120354652404785	8.816597938537598
0	701	he	5.344919204711914	6.426111221313477	6.105475425720215	6.448766708374023
0	702	dropped	8.429618835449219	9.823160171508789	8.653585433959961	7.873044490814209
0	703	the	2.819178819656372	2.017643928527832	2.23557710647583	1.915225863456726
0	704	boar's	15.732891082763672	18.185474395751953	17.114498138427734	12.946066856384277
0	705	enormous	9.279459953308105	8.113422393798828	9.059402465820312	9.216215133666992
0	706	head.	10.040788650512695	4.698397636413574	3.979487895965576	3.9520821571350098
0	707	'Then	11.46619987487793	12.241894721984863	11.362366676330566	11.554235458374023
0	708	you	2.7446069717407227	2.79872989654541	2.8716700077056885	2.995771884918213
0	709	will	4.633077144622803	2.573408842086792	2.6156463623046875	2.979774236679077
0	710	be	3.2658822536468506	1.8606113195419312	1.8032094240188599	1.8674752712249756
0	711	rewarded,	12.860292434692383	10.489953994750977	9.064889907836914	8.348336219787598
0	712	as	3.706153631210327	3.454169511795044	3.0676097869873047	3.2725768089294434
0	713	I	4.7043843269348145	4.147282600402832	4.3624420166015625	4.736069679260254
0	714	promised.'	18.586837768554688	15.340447425842285	14.405237197875977	12.98375129699707
0	715	'But	6.780314922332764	6.836808204650879	7.1212873458862305	6.757971286773682
0	716	first,	6.482338905334473	7.889037132263184	7.88004732131958	7.594111442565918
0	717	let	6.571742534637451	3.1293892860412598	2.987201690673828	3.2851319313049316
0	718	me	5.11383056640625	1.442077875137329	0.24171090126037598	0.3240165710449219
0	719	examine	10.727489471435547	7.852538585662842	7.861633777618408	8.509708404541016
0	720	the	2.096346855163574	1.1715326309204102	1.4418882131576538	1.2443623542785645
0	721	head	7.254368782043457	8.828587532043457	8.342360496520996	8.349320411682129
0	722	of	2.648611307144165	0.5451048612594604	0.9582469463348389	0.7018414735794067
0	723	this	4.987600326538086	5.312349319458008	4.95326566696167	3.7328431606292725
0	724	monster,'	19.852148056030273	18.070358276367188	18.061111450195312	16.25499725341797
0	725	said	2.1631226539611816	2.1422030925750732	2.020914077758789	1.9951587915420532
0	726	the	2.6468472480773926	2.7595436573028564	2.4287424087524414	2.3370399475097656
0	727	Lord	9.569809913635254	9.405009269714355	7.691620826721191	7.148907661437988
0	728	of	2.8297629356384277	2.509718656539917	4.269094467163086	2.1446213722229004
0	729	the	2.347175359725952	1.3718472719192505	0.8428730368614197	1.080390214920044
0	730	Manor.	15.19774055480957	14.278646469116211	9.517003059387207	9.24225902557373
0	731	To	5.2970476150512695	5.255492210388184	5.237898826599121	5.270144462585449
0	732	not	5.593724250793457	7.246432304382324	7.2303667068481445	7.125150203704834
0	733	examine	9.970650672912598	9.298320770263672	10.078173637390137	9.723167419433594
0	734	the	2.096346855163574	1.3133877515792847	1.2717646360397339	1.3555386066436768
0	735	head	7.254368782043457	8.828587532043457	8.646522521972656	8.528549194335938
0	736	in	3.5962271690368652	4.587284564971924	4.367308616638184	4.055637836456299
0	737	advance	9.223238945007324	7.994330883026123	8.262771606445312	7.668722629547119
0	738	had	6.576979637145996	7.3169403076171875	6.620491027832031	6.841691970825195
0	739	not	4.589385986328125	3.246337890625	3.9006943702697754	4.363719940185547
0	740	been	6.5128397941589355	1.4170047044754028	0.9065858721733093	0.9587885141372681
0	741	very	6.0129804611206055	5.914752960205078	6.279983043670654	5.9294538497924805
0	742	clever	9.62249755859375	6.963761806488037	7.14184045791626	6.432309150695801
0	743	on	4.852771759033203	5.378385543823242	4.248652458190918	3.8074798583984375
0	744	the	2.1509437561035156	1.5277761220932007	1.5968793630599976	1.6176954507827759
0	745	part	7.192131042480469	6.305720806121826	3.023002862930298	2.7587807178497314
0	746	of	1.9853240251541138	0.3288932144641876	0.021537672728300095	0.011835607700049877
0	747	the	2.347175359725952	0.8324563503265381	0.9771314263343811	1.050634503364563
0	748	huntsman.	15.679680824279785	16.823972702026367	18.751501083374023	15.107342720031738
0	749	Right	7.904421329498291	7.9037089347839355	8.148015022277832	8.130132675170898
0	750	away,	8.422209739685059	5.090193271636963	4.937859535217285	4.909688949584961
0	751	the	3.332913875579834	2.5712900161743164	2.342233657836914	2.2928953170776367
0	752	Lord	9.569809913635254	8.062727928161621	8.277559280395508	9.230392456054688
0	753	noticed	10.362220764160156	10.290000915527344	8.572744369506836	8.106300354003906
0	754	the	2.3548171520233154	1.945257306098938	2.132368803024292	2.1749277114868164
0	755	tongue	11.314519882202148	10.110977172851562	10.00716781616211	9.749031066894531
0	756	of	2.8790225982666016	1.6946340799331665	1.7822190523147583	1.7258937358856201
0	757	the	2.347175359725952	1.5926324129104614	1.4218499660491943	1.3320441246032715
0	758	boar	13.856025695800781	14.189581871032715	10.850349426269531	10.358869552612305
0	759	was	4.587860107421875	3.1197729110717773	3.615950107574463	3.6478352546691895
0	760	missing	8.621652603149414	7.689767360687256	7.8382463455200195	7.611952304840088
0	761	and	3.7258925437927246	3.6458511352539062	2.024068832397461	1.8503086566925049
0	762	exclaimed,	13.169715881347656	12.695489883422852	13.113429069519043	12.608839988708496
0	763	'What	7.93115234375	5.28346061706543	5.12978458404541	4.725312232971191
0	764	is	2.04483699798584	2.4190492630004883	2.220097541809082	2.2004401683807373
0	765	this?	8.228224754333496	4.637365818023682	4.022549152374268	3.8025245666503906
0	766	A	4.788021564483643	4.233497619628906	3.3791913986206055	3.588099241256714
0	767	boar	12.972652435302734	12.418509483337402	12.37617015838623	10.565253257751465
0	768	with	3.993009567260742	4.082339763641357	3.761202335357666	3.5327582359313965
0	769	no	5.755979537963867	4.747677326202393	3.9092278480529785	3.305495023727417
0	770	tongue?'	20.88207244873047	21.380495071411133	16.321409225463867	16.39522361755371
0	771	He	3.2716407775878906	3.1535534858703613	3.2092936038970947	3.235462188720703
0	772	looked	6.878530025482178	3.423349142074585	3.545234203338623	3.8615946769714355
0	773	at	3.2939419746398926	1.4421676397323608	0.7793248295783997	0.7823454141616821
0	774	the	2.1856894493103027	1.4644972085952759	1.7199457883834839	2.05788516998291
0	775	huntsman,	15.273978233337402	19.57889175415039	15.376883506774902	13.410577774047852
0	776	dubiously.	18.80183982849121	19.815505981445312	20.35138702392578	18.917007446289062
0	777	'How	11.369701385498047	10.926445007324219	10.207571029663086	9.96396255493164
0	778	come	5.214492321014404	4.388211250305176	4.147712707519531	4.158734321594238
0	779	this	5.135826110839844	4.014899730682373	3.879673480987549	4.1020917892456055
0	780	creature	10.002635955810547	10.367897987365723	7.9127349853515625	7.799820899963379
0	781	has	5.022855758666992	3.1521098613739014	5.316359519958496	2.551896572113037
0	782	no	5.144894123077393	2.994269609451294	2.4926953315734863	2.3203959465026855
0	783	tongue?'	20.88207244873047	22.00529670715332	22.00491714477539	26.582921981811523
0	784	he	3.212900400161743	3.2854793071746826	3.2135021686553955	4.012785911560059
0	785	demanded.	11.78880500793457	6.483614444732666	6.089382171630859	6.233581066131592
0	786	All	5.514388084411621	6.186299800872803	7.206942558288574	6.910705089569092
0	787	eyes	9.06213665008545	5.342820167541504	5.296010971069336	3.9446775913238525
0	788	were	5.295945644378662	2.35134220123291	0.7150705456733704	0.8054348230361938
0	789	on	4.57750940322876	5.059464454650879	0.6557914614677429	0.36937832832336426
0	790	the	2.1509437561035156	1.1240960359573364	1.3246105909347534	1.4729300737380981
0	791	huntsman.	15.679680824279785	17.702381134033203	19.752456665039062	15.865802764892578
0	792	The	2.5669894218444824	2.4882664680480957	2.524336576461792	2.657546281814575
0	793	huntsman	13.282246589660645	8.432430267333984	5.05711555480957	5.112802505493164
0	794	questioned	12.364134788513184	10.291794776916504	11.39519214630127	10.47348690032959
0	795	by	4.297714710235596	2.3558576107025146	4.620497226715088	5.0344014167785645
0	796	the	2.3163957595825195	1.8385506868362427	2.2496414184570312	1.5243663787841797
0	797	Lord	9.569809913635254	8.297018051147461	8.57559585571289	9.27088451385498
0	798	replied,	10.534124374389648	9.013946533203125	10.493823051452637	10.054094314575195
0	799	'I	5.90012788772583	4.3019208908081055	4.962978839874268	5.091974258422852
0	800	cannot	5.684140682220459	5.18980598449707	4.0045037269592285	4.118973731994629
0	801	say,	8.978363037109375	6.79770040512085	7.054544448852539	5.882111549377441
0	802	my	6.427103042602539	6.865074157714844	4.889261245727539	4.555293083190918
0	803	Lord.'	16.89256477355957	13.136481285095215	12.954408645629883	8.983826637268066
0	804	He	2.8011345863342285	2.7642359733581543	2.711203098297119	2.687633991241455
0	805	was	3.2936904430389404	2.581477403640747	2.6340725421905518	2.849302291870117
0	806	suddenly	8.687776565551758	8.000883102416992	7.7235517501831055	7.605788230895996
0	807	realizing	10.253774642944336	8.209832191467285	9.165188789367676	9.957164764404297
0	808	his	5.18483829498291	3.9405505657196045	3.7764594554901123	3.4503231048583984
0	809	tricky	11.133173942565918	12.00906753540039	12.126728057861328	11.85966682434082
0	810	situation	9.29049301147461	5.153556823730469	4.580935001373291	3.896162509918213
0	811	could	5.893118858337402	5.219603061676025	5.110057830810547	4.617404937744141
0	812	end	6.521134853363037	4.685300827026367	4.971048355102539	4.221986770629883
0	813	badly	11.44454574584961	6.940497398376465	4.895810127258301	4.51251220703125
0	814	for	4.095370292663574	1.8316078186035156	0.3727150559425354	0.2928466200828552
0	815	him.	8.291546821594238	4.832268714904785	4.223133087158203	4.054732322692871
0	816	Through	7.7041168212890625	7.588897705078125	8.04149341583252	7.864585876464844
0	817	the	2.1582913398742676	1.8440495729446411	1.782524824142456	1.7034715414047241
0	818	door	8.940532684326172	8.152426719665527	7.2562713623046875	7.549527645111084
0	819	at	4.713406562805176	3.54056978225708	4.259120464324951	3.7989540100097656
0	820	this	4.5872297286987305	4.728312015533447	4.359338283538818	4.9203081130981445
0	821	moment,	9.263252258300781	4.673768043518066	5.194025993347168	4.306756973266602
0	822	the	2.8000710010528564	2.7267656326293945	2.80561900138855	3.172361373901367
0	823	first	5.465792655944824	5.019701957702637	5.101770401000977	5.209549903869629
0	824	huntsman	14.17575454711914	15.16745376586914	13.529983520507812	13.485313415527344
0	825	burst.	16.68824577331543	17.54277801513672	16.859790802001953	14.911545753479004
0	826	'The	9.69369888305664	9.412647247314453	9.250138282775879	9.082931518554688
0	827	woes	13.75293254852295	12.90483283996582	13.230168342590332	13.46337890625
0	828	of	2.7095155715942383	0.23897883296012878	0.672674834728241	0.523375928401947
0	829	Bradford	12.276647567749023	12.34811019897461	10.287130355834961	10.593308448791504
0	830	are	5.222562789916992	5.720394134521484	4.342287540435791	1.9880783557891846
0	831	ended!'	22.507183074951172	24.436729431152344	23.8968563079834	24.161762237548828
0	832	he	3.4890127182006836	3.7370917797088623	3.3586442470550537	3.2384939193725586
0	833	cried.	12.331869125366211	5.310836315155029	5.137270927429199	5.405280590057373
0	834	'I	6.734570503234863	6.238368988037109	2.625272512435913	2.8771474361419678
0	835	have	3.1503710746765137	3.149721622467041	3.161473274230957	2.9958887100219727
0	836	slain	11.079174041748047	10.776196479797363	10.889486312866211	9.09099292755127
0	837	the	3.2205522060394287	3.085556745529175	2.4054436683654785	2.5841758251190186
0	838	boar	13.856025695800781	9.977092742919922	9.703231811523438	9.782963752746582
0	839	the	6.825249195098877	6.288908004760742	5.483839988708496	5.812227249145508
0	840	people	6.290622234344482	7.041259765625	7.186097145080566	7.62562894821167
0	841	of	3.262610912322998	1.521154522895813	1.8035235404968262	1.8125412464141846
0	842	Bradford	12.276647567749023	10.489373207092285	9.696549415588379	9.6343355178833
0	843	dreaded!'	26.17454719543457	29.322586059570312	28.14281463623047	28.025236129760742
0	844	All	6.304035663604736	6.349639892578125	6.452341556549072	6.470863342285156
0	845	eyes	9.06213665008545	5.718883514404297	5.023836135864258	4.821935176849365
0	846	turned	8.218450546264648	4.86838436126709	1.9894434213638306	1.844940423965454
0	847	to	2.5603086948394775	1.3463737964630127	0.6156381964683533	0.41802313923835754
0	848	the	2.6109485626220703	2.0453081130981445	3.149249792098999	1.569800615310669
0	849	man	7.190958023071289	7.1837382316589355	5.127480506896973	5.970930099487305
0	850	who	4.530838966369629	1.7619082927703857	1.3484928607940674	1.635907530784607
0	851	now	6.226640701293945	6.501692771911621	6.564386367797852	6.641895294189453
0	852	stood	9.636778831481934	9.04611587524414	8.561447143554688	7.188764572143555
0	853	in	2.817253589630127	2.4597628116607666	1.8329218626022339	1.898983120918274
0	854	the	2.2516236305236816	1.3947240114212036	1.419970989227295	1.3822941780090332
0	855	doorway.	13.339516639709473	11.494633674621582	7.061270236968994	6.3151936531066895
0	856	'The	9.641458511352539	9.583710670471191	9.656848907470703	9.396045684814453
0	857	reward	11.011955261230469	9.361940383911133	9.6923828125	9.536486625671387
0	858	is	4.161409854888916	1.4567712545394897	1.1655055284500122	1.2239658832550049
0	859	already	6.532217979431152	6.353307723999023	5.525261402130127	6.0583014488220215
0	860	given,'	19.435535430908203	19.084619522094727	14.365424156188965	9.24494743347168
0	861	said	2.2284178733825684	2.51568603515625	2.324978828430176	2.2095859050750732
0	862	the	2.6468472480773926	2.620436429977417	2.5674726963043213	2.6620192527770996
0	863	Lord	9.569809913635254	9.405009269714355	8.077369689941406	7.810036659240723
0	864	of	2.8297629356384277	2.509718656539917	4.269094467163086	1.9523241519927979
0	865	the	2.347175359725952	1.3718479871749878	0.8428730368614197	1.0803903341293335
0	866	Manor.	15.19774055480957	14.278646469116211	9.517003059387207	9.24225902557373
0	867	'The	9.740579605102539	9.433533668518066	9.195100784301758	9.647984504699707
0	868	man	6.539410591125488	5.368494987487793	4.738864898681641	4.725568771362305
0	869	here	7.4556121826171875	6.575201988220215	6.0517897605896	5.530367374420166
0	870	has	5.184714317321777	3.9599380493164062	3.137937545776367	2.905154228210449
0	871	brought	7.25640344619751	6.349386215209961	6.229053974151611	5.924291610717773
0	872	to	2.608173131942749	2.5703601837158203	2.2953402996063232	2.6863389015197754
0	873	me	7.021017074584961	4.578986644744873	5.707023620605469	4.87055778503418
0	874	the	3.4563302993774414	4.16990852355957	3.249481678009033	2.3083338737487793
0	875	boar's	15.732891082763672	16.997028350830078	16.719711303710938	14.730579376220703
0	876	head.'	10.982318878173828	10.887706756591797	11.049653053283691	11.12087345123291
0	877	'Then	8.14390754699707	7.841574668884277	7.868784427642822	7.882165908813477
0	878	where	5.9622087478637695	5.513972759246826	5.198991775512695	5.052208423614502
0	879	is	4.14198637008667	1.5840401649475098	1.512632966041565	1.4057655334472656
0	880	its	6.393299579620361	5.633249282836914	6.829400062561035	7.874826431274414
0	881	tongue?'	21.38840675354004	22.074296951293945	17.83406639099121	11.451784133911133
0	882	the	5.021236896514893	4.962543487548828	4.894660949707031	5.080836772918701
0	883	first	5.465792655944824	5.511111259460449	5.472705841064453	5.4745025634765625
0	884	huntsman	14.17575454711914	15.16745376586914	12.56265926361084	12.24850082397461
0	885	replied.	14.817903518676758	14.164183616638184	13.656340599060059	3.689291477203369
0	886	And,	8.839563369750977	8.970661163330078	8.853944778442383	8.74482250213623
0	887	so	5.85006856918335	5.739773273468018	5.409409046173096	5.300477981567383
0	888	saying,	10.087660789489746	8.31542682647705	7.045760631561279	6.61745548248291
0	889	he	5.748430252075195	4.633056640625	2.928037643432617	1.6425317525863647
0	890	drew	8.718390464782715	7.937318325042725	7.753432273864746	6.522208213806152
0	891	out	4.969815254211426	4.324349403381348	3.970454692840576	3.888953924179077
0	892	the	2.8194780349731445	2.035046100616455	1.8695123195648193	1.8299046754837036
0	893	boar's	15.732891082763672	15.716477394104004	16.08066177368164	13.612160682678223
0	894	tongue	5.442591190338135	5.913418769836426	6.277581214904785	4.948269844055176
0	895	he	5.832704544067383	6.531632900238037	6.384971618652344	6.597380638122559
0	896	had	4.253153324127197	2.731964111328125	3.703993558883667	3.633953332901001
0	897	put	6.613815784454346	5.972955226898193	5.162503719329834	5.384696006774902
0	898	in	3.494046926498413	2.4940006732940674	2.349010944366455	2.145061492919922
0	899	his	5.190221786499023	4.52628231048584	3.140855550765991	1.9381134510040283
0	900	hunting	9.856681823730469	10.659936904907227	11.138744354248047	10.16710090637207
0	901	pouch	12.978623390197754	12.971634864807129	11.303413391113281	10.552362442016602
0	902	and	2.875835657119751	2.3160881996154785	1.6070524454116821	1.8770495653152466
0	903	related	8.296880722045898	9.698481559753418	8.624679565429688	9.141794204711914
0	904	how	7.2657084465026855	10.352402687072754	11.16006088256836	11.83137321472168
0	905	he	4.753945350646973	4.405571937561035	4.928934097290039	4.644486427307129
0	906	had	4.253153324127197	3.301748514175415	3.9197006225585938	3.561760902404785
0	907	ambushed	11.612493515014648	10.705123901367188	10.572373390197754	10.182003021240234
0	908	the	2.3298113346099854	1.7373322248458862	1.749515175819397	1.5014516115188599
0	909	creature	9.78983211517334	8.330944061279297	9.592499732971191	8.55441665649414
0	910	in	3.3052077293395996	3.3698930740356445	2.478743314743042	2.354006290435791
0	911	the	2.2516236305236816	1.4283504486083984	1.747726559638977	1.1514002084732056
0	912	wood	9.871780395507812	9.922184944152832	8.770570755004883	8.234062194824219
0	913	and	2.9122955799102783	2.4349639415740967	2.4815945625305176	2.4921698570251465
0	914	cut	8.109209060668945	6.155721664428711	5.133945941925049	5.255885601043701
0	915	out	5.292291164398193	3.1811578273773193	3.076521158218384	2.8786258697509766
0	916	its	6.344507694244385	5.120970726013184	5.739696502685547	6.230378150939941
0	917	tongue	10.95138931274414	9.78503704071045	9.535736083984375	6.890021324157715
0	918	as	4.509479999542236	3.485764265060425	3.61765193939209	3.55924391746521
0	919	proof	9.802138328552246	9.103384971618652	7.404485702514648	7.967358112335205
0	920	of	2.144042491912842	1.0697166919708252	0.9544880390167236	1.0093902349472046
0	921	his	5.284255027770996	3.2635018825531006	2.8049073219299316	1.676893949508667
0	922	victory.	10.347038269042969	9.63740348815918	8.642074584960938	7.401846885681152
0	923	Listening	10.94171142578125	10.024970054626465	10.026622772216797	10.16096019744873
0	924	to	1.5592644214630127	0.14370222389698029	0.13085699081420898	0.1436113715171814
0	925	the	2.6109485626220703	1.7832149267196655	1.784116268157959	1.8334496021270752
0	926	tale,	12.474411964416504	11.752613067626953	10.938825607299805	10.816583633422852
0	927	the	3.0226783752441406	2.7842514514923096	2.9851913452148438	2.5831639766693115
0	928	Lord	9.569809913635254	7.353635311126709	7.404858589172363	7.152179718017578
0	929	of	2.8297629356384277	2.509718656539917	2.2453420162200928	2.4216830730438232
0	930	the	2.347175359725952	1.3718479871749878	0.8428730368614197	0.6124565005302429
0	931	Manor	12.581694602966309	11.97282886505127	7.192266941070557	7.6493730545043945
0	932	tried	9.357638359069824	10.789139747619629	10.597740173339844	9.679962158203125
0	933	to	1.998463749885559	0.15049631893634796	0.18904200196266174	0.17313793301582336
0	934	discern	11.224102020263672	8.50366497039795	9.601171493530273	9.382292747497559
0	935	which	5.770103931427002	3.7493977546691895	3.880704879760742	4.020550727844238
0	936	huntsman	24.11717987060547	15.029476165771484	13.637439727783203	13.025766372680664
0	937	was	4.034423351287842	4.138922691345215	2.633483409881592	1.9088987112045288
0	938	telling	8.397892951965332	9.029141426086426	9.346405029296875	7.427278518676758
0	939	him	5.6273980140686035	2.935563802719116	2.8141729831695557	2.6527280807495117
0	940	the	3.3044605255126953	2.799560785293579	3.3589959144592285	3.123903274536133
0	941	truth	8.986493110656738	5.966053009033203	4.9054365158081055	2.9530043601989746
0	942	and	3.082782506942749	2.508615255355835	1.9094513654708862	2.1692376136779785
0	943	what	6.378758907318115	4.3936767578125	4.346757888793945	5.352994918823242
0	944	the	2.8438918590545654	3.178020477294922	3.066389322280884	2.656294107437134
0	945	two	6.0009965896606445	6.228185653686523	6.357915878295898	6.801648139953613
0	946	huntsmen	13.382383346557617	12.297524452209473	11.87543773651123	12.654336929321289
0	947	were	3.3390097618103027	2.6504180431365967	2.3238778114318848	1.5864977836608887
0	948	thinking	8.739141464233398	9.27306079864502	10.40728759765625	8.841806411743164
0	949	as	4.460447311401367	5.551765441894531	4.852809429168701	5.1093573570251465
0	950	they	5.027637481689453	3.975836992263794	2.40926194190979	0.8574397563934326
0	951	waited	10.248320579528809	6.827348709106445	6.46360969543457	4.283148765563965
0	952	for	3.5253653526306152	1.3739393949508667	0.5681127309799194	0.44394564628601074
0	953	him	7.072070598602295	2.863720417022705	2.9301986694335938	3.0077197551727295
0	954	to	2.7160751819610596	0.8437983989715576	0.38693782687187195	0.34703782200813293
0	955	make	5.160298824310303	4.297240734100342	4.071131706237793	4.41634464263916
0	956	a	2.8889083862304688	2.1536026000976562	1.7104493379592896	1.7050467729568481
0	957	decision.	10.162270545959473	6.168671607971191	5.759079456329346	5.089042663574219
0	958	Almost	8.384095191955566	8.262104988098145	8.23552131652832	8.16079330444336
0	959	instantly,	11.161401748657227	5.9892449378967285	5.577521324157715	5.508720397949219
0	960	the	3.0545806884765625	2.127798080444336	1.8119046688079834	1.8087942600250244
0	961	Lord	9.569809913635254	8.452329635620117	8.831756591796875	8.329986572265625
0	962	saw	8.331067085266113	7.582833290100098	6.053691864013672	5.50464391708374
0	963	that	3.5719146728515625	2.0955357551574707	2.1468825340270996	1.631354570388794
0	964	the	2.915968894958496	2.186526298522949	1.8837603330612183	2.044895648956299
0	965	second	6.599425792694092	6.706467628479004	6.215399265289307	7.04903507232666
0	966	huntsman	14.055570602416992	17.234872817993164	15.526297569274902	14.89816951751709
0	967	had	5.415078639984131	4.468066215515137	4.895272731781006	2.5781502723693848
0	968	fed	9.98961353302002	8.213964462280273	10.049090385437012	9.934391021728516
0	969	him	6.515152931213379	3.0974631309509277	2.905959129333496	3.9020423889160156
0	970	a	3.6065475940704346	2.54736590385437	2.1608545780181885	2.518601179122925
0	971	pack	9.004146575927734	8.123879432678223	7.319972515106201	6.1567277908325195
0	972	of	3.0088274478912354	0.3218362033367157	0.08626379817724228	0.039803482592105865
0	973	lies	10.01777458190918	9.844247817993164	8.648612022399902	8.01797103881836
0	974	and	3.015223741531372	1.1028344631195068	1.3743809461593628	1.5985078811645508
0	975	it	5.259035587310791	5.421526908874512	6.9085373878479	7.0583600997924805
0	976	was	3.875565528869629	2.145947217941284	2.262333869934082	2.2727911472320557
0	977	the	2.8936269283294678	3.2203640937805176	3.489717483520508	3.5408260822296143
0	978	first	5.465792655944824	2.61710524559021	3.1722724437713623	2.5858867168426514
0	979	huntsman	14.17575454711914	15.16745376586914	14.098033905029297	15.069981575012207
0	980	who	4.015984535217285	2.6243278980255127	3.600571870803833	2.789067268371582
0	981	was	4.020086288452148	2.598489999771118	2.461496591567993	2.4342329502105713
0	982	the	2.8936266899108887	3.8303637504577637	4.381989479064941	4.214378356933594
0	983	true	7.740100860595703	6.967273712158203	7.565021514892578	6.6985321044921875
0	984	savior	12.649027824401855	9.743927001953125	6.869607925415039	5.962585926055908
0	985	of	2.849745750427246	1.0702756643295288	0.40970587730407715	0.24984927475452423
0	986	Bradford.	14.580041885375977	13.144915580749512	13.139477729797363	13.590943336486816
0	987	The	2.4712343215942383	2.244708776473999	2.4643051624298096	2.5627453327178955
0	988	Lord	8.543113708496094	9.9205322265625	8.537614822387695	9.356928825378418
0	989	believed	9.540223121643066	7.363656044006348	7.298590183258057	7.818909645080566
0	990	the	2.797147035598755	2.9921317100524902	3.1685950756073	2.7720203399658203
0	991	second	6.599425792694092	6.800436973571777	6.909968852996826	7.161337375640869
0	992	huntsman	14.055570602416992	17.234872817993164	15.908557891845703	16.271081924438477
0	993	had	5.415078639984131	4.468066215515137	4.895272731781006	1.6785649061203003
0	994	tried	7.732661724090576	5.957179546356201	6.326030731201172	6.199842929840088
0	995	to	1.998463749885559	0.5661734938621521	0.29014456272125244	0.3966498076915741
0	996	steal	9.178791999816895	5.849196910858154	5.703138828277588	3.884801149368286
0	997	the	2.6197867393493652	2.0681662559509277	1.9426589012145996	1.9767401218414307
0	998	first	5.465792655944824	5.427543640136719	5.942573547363281	6.17059326171875
0	999	huntsman's	17.580554962158203	19.04045295715332	18.77175521850586	17.895381927490234
0	1000	prize	9.23029899597168	8.130961418151855	7.262820243835449	6.715337753295898
0	1001	and	3.4056758880615234	3.1952507495880127	3.2787973880767822	3.110748767852783
0	1002	so	6.035863876342773	6.404488563537598	6.407102108001709	6.1615800857543945
0	1003	proclaimed	12.230196952819824	12.604555130004883	12.84561538696289	12.177193641662598
0	1004	the	2.402644395828247	2.557046413421631	2.2814579010009766	2.2376463413238525
0	1005	first	5.465792655944824	4.264583587646484	4.727912902832031	5.090310096740723
0	1006	huntsman	14.17575454711914	15.16745376586914	15.066349983215332	14.417243957519531
0	1007	the	5.900032043457031	6.031318187713623	5.875408172607422	5.87411642074585
0	1008	true	7.740100860595703	7.661562919616699	7.778188705444336	8.296181678771973
0	1009	victor.	14.768492698669434	11.091440200805664	8.856209754943848	8.577054977416992
0	1010	The	2.543022871017456	2.563849687576294	2.4507486820220947	2.5918736457824707
0	1011	Lord	8.543113708496094	6.589799880981445	7.182811737060547	7.053679466247559
0	1012	wondered	11.098475456237793	9.887763023376465	9.50070858001709	9.689912796020508
0	1013	for	3.8080973625183105	4.670122146606445	4.515163421630859	4.395708084106445
0	1014	a	3.074423313140869	1.9034337997436523	0.3231591582298279	0.5606213212013245
0	1015	moment	8.050395965576172	5.897998809814453	3.9167139530181885	0.9918378591537476
0	1016	why	8.202740669250488	9.047582626342773	7.301211833953857	4.394223690032959
0	1017	he	4.556209087371826	2.649200201034546	2.7945425510406494	3.179365634918213
0	1018	always	7.001408576965332	6.886016845703125	5.904359817504883	6.446524620056152
0	1019	encountered	10.44875717163086	10.282034873962402	9.972186088562012	10.691190719604492
0	1020	so	5.927761554718018	5.390198230743408	5.678452014923096	5.7071943283081055
0	1021	much	5.336871147155762	1.8305070400238037	3.4090237617492676	1.5775667428970337
0	1022	chicanery	14.055628776550293	12.769547462463379	11.971219062805176	11.128875732421875
0	1023	in	3.0224149227142334	2.639068126678467	2.3232803344726562	1.8782517910003662
0	1024	his	5.190221786499023	3.898402690887451	3.384770154953003	3.4306740760803223
0	1025	everyday	9.68017578125	8.60650634765625	8.622462272644043	8.193470001220703
0	1026	interactions.	12.262289047241211	8.692293167114258	8.697826385498047	8.162727355957031
0	1027	The	2.3867104053497314	2.863844871520996	3.0298469066619873	3.070448875427246
0	1028	huntsman	13.282246589660645	14.257513999938965	15.051355361938477	13.695429801940918
0	1029	who	4.015984535217285	3.941786289215088	4.3498005867004395	4.17484188079834
0	1030	had	4.7185211181640625	2.9300098419189453	3.159039258956909	3.811953544616699
0	1031	earned	9.197745323181152	7.244546413421631	7.350188732147217	6.7874274253845215
0	1032	his	5.4946818351745605	2.6861801147460938	2.495307445526123	1.3471934795379639
0	1033	prize	10.410969734191895	8.273201942443848	8.116035461425781	8.06494426727295
0	1034	fair	9.665199279785156	9.595094680786133	11.231374740600586	11.066015243530273
0	1035	and	3.2117512226104736	2.0850989818573	2.226494550704956	2.850416660308838
0	1036	square	10.41889762878418	6.847022533416748	9.171969413757324	6.348978042602539
0	1037	received	9.282402038574219	11.089008331298828	10.204276084899902	10.08769702911377
0	1038	as	4.733953475952148	4.570399284362793	4.545042991638184	4.198058605194092
0	1039	his	5.612754821777344	5.366489410400391	6.0386962890625	6.761122703552246
0	1040	reward	10.269257545471191	9.766294479370117	7.386099815368652	6.604978084564209
0	1041	a	3.958386182785034	6.1783857345581055	7.257425308227539	4.441164016723633
0	1042	piece	7.294848442077637	5.373671531677246	5.619789123535156	5.549497604370117
0	1043	of	2.291795492172241	0.24094553291797638	0.10466676205396652	0.044584404677152634
0	1044	land	8.749920845031738	5.109015941619873	4.422555923461914	4.695662498474121
0	1045	just	6.550899982452393	7.094817161560059	5.237307548522949	5.337612628936768
0	1046	outside	7.95641565322876	2.474372386932373	2.119992733001709	1.9383063316345215
0	1047	the	2.5615901947021484	1.2710521221160889	1.071395754814148	1.0465832948684692
0	1048	town,	10.87457275390625	7.884709358215332	7.134230613708496	5.536513328552246
0	1049	known	7.161919116973877	7.100247383117676	7.399457931518555	8.040953636169434
0	1050	thereafter	11.90845775604248	11.10556411743164	10.346649169921875	10.828068733215332
0	1051	as	4.3602166175842285	2.496828556060791	0.10331433266401291	0.11373473703861237
0	1052	Hunt	12.213930130004883	12.485414505004883	11.527791023254395	11.24945068359375
0	1053	Yard.	13.549676895141602	16.525100708007812	13.736211776733398	11.952406883239746
0	1054	His	5.013531684875488	5.075033187866211	4.514952659606934	4.196184158325195
0	1055	fame	9.968109130859375	8.57824993133545	8.624491691589355	8.778586387634277
0	1056	was	4.555543422698975	2.498457193374634	2.1906416416168213	2.3073551654815674
0	1057	indeed	8.48324966430664	7.301967620849609	7.1800217628479	7.761734962463379
0	1058	assured,	13.621112823486328	13.42518424987793	12.158723831176758	10.485546112060547
0	1059	but	2.68221378326416	2.8180251121520996	2.202672004699707	1.767510175704956
0	1060	it	4.478123664855957	2.8636670112609863	2.8392465114593506	2.7561323642730713
0	1061	was	3.875565528869629	2.110074281692505	1.8429194688796997	2.1897144317626953
0	1062	not	4.223220348358154	3.506971597671509	3.2182393074035645	2.601128339767456
0	1063	nearly	7.8607096672058105	6.893252372741699	6.692829132080078	5.958769798278809
0	1064	as	4.746142387390137	0.504701554775238	0.5238809585571289	0.642218828201294
0	1065	lasting	11.540675163269043	11.384860038757324	10.2722749710083	10.076125144958496
0	1066	as	4.8796868324279785	1.8604180812835693	0.2663204073905945	0.2272876799106598
0	1067	that	4.5704851150512695	5.661594867706299	4.356746673583984	4.634652614593506
0	1068	of	4.3750481605529785	1.5294537544250488	2.034609317779541	0.8741654753684998
0	1069	the	2.347177028656006	1.4720325469970703	1.6798489093780518	1.6707006692886353
0	1070	fearsome	12.116119384765625	11.556844711303711	11.224945068359375	10.738298416137695
0	1071	Bradford	13.074446678161621	12.26025676727295	12.420854568481445	12.714615821838379
0	1072	Boar.	18.52345085144043	17.694015502929688	16.024280548095703	14.826175689697266
1	0	A	4.005311489105225	4.005311965942383	4.005311489105225	4.005311965942383
1	1	clear	8.414997100830078	8.414997100830078	8.414997100830078	8.414997100830078
1	2	and	3.4365320205688477	2.6708731651306152	2.6708731651306152	2.6708731651306152
1	3	joyous	13.012069702148438	11.024127960205078	10.629220008850098	10.629220008850098
1	4	day	5.017364025115967	5.627895355224609	5.974796772003174	5.420478343963623
1	5	it	5.12089729309082	6.30672025680542	6.470749855041504	6.289381504058838
1	6	was	3.875565528869629	1.579332947731018	1.4485948085784912	1.7603447437286377
1	7	and	4.467535972595215	6.860447883605957	6.521607398986816	3.556673765182495
1	8	out	6.935659885406494	9.378863334655762	9.350704193115234	8.45704174041748
1	9	on	4.006978988647461	4.300117015838623	4.910714626312256	4.970058917999268
1	10	the	2.1509437561035156	1.7282211780548096	0.8302370309829712	0.9357539415359497
1	11	wide	8.87624740600586	9.282470703125	8.920762062072754	6.953100681304932
1	12	open	7.328296184539795	2.911223888397217	2.1656382083892822	1.7470556497573853
1	13	sea,	11.927018165588379	7.598884105682373	5.904816627502441	6.025594234466553
1	14	thousands	8.479037284851074	7.950949192047119	8.079401016235352	8.27137565612793
1	15	upon	7.786223411560059	5.0750732421875	5.081469535827637	4.552489757537842
1	16	thousands	8.636914253234863	0.9856377243995667	0.03149256482720375	0.020891591906547546
1	17	of	1.992161750793457	0.07001990079879761	0.4679325222969055	0.14247140288352966
1	18	sparkling	12.46019458770752	12.511035919189453	12.759016036987305	13.016366958618164
1	19	water	6.966530799865723	2.718924045562744	2.914332866668701	3.165762424468994
1	20	drops,	11.453889846801758	10.041654586791992	10.00752067565918	9.097883224487305
1	21	excited	12.045087814331055	11.43523120880127	10.442863464355469	10.373775482177734
1	22	by	4.407637596130371	1.9239248037338257	1.516037940979004	1.83139169216156
1	23	getting	7.1575727462768555	7.679783821105957	7.955204010009766	8.307330131530762
1	24	to	3.206266403198242	3.310269355773926	2.349331855773926	2.160001516342163
1	25	play	6.613509178161621	4.518004417419434	5.244206428527832	2.970186233520508
1	26	in	3.340085029602051	2.9451985359191895	2.7653350830078125	2.7064263820648193
1	27	the	2.2516236305236816	1.4980344772338867	1.1586565971374512	1.2983485460281372
1	28	ocean,	11.55059814453125	9.264552116394043	9.406517028808594	11.45776081085205
1	29	danced	13.635637283325195	12.794229507446289	12.543530464172363	12.000683784484863
1	30	all	5.438961505889893	5.464437484741211	5.372573375701904	5.393679141998291
1	31	around.	9.746793746948242	5.491177558898926	4.810301780700684	5.193045616149902
1	32	One	5.274289608001709	5.215930938720703	4.9165358543396	4.75290584564209
1	33	of	2.689824342727661	1.255876064300537	1.174457311630249	1.2453665733337402
1	34	these	6.075137615203857	3.4468393325805664	3.340129852294922	3.323103666305542
1	35	was	5.80836820602417	6.420351028442383	3.7430689334869385	3.6416196823120117
1	36	a	3.061190605163574	2.09763240814209	2.9486985206604004	2.1395580768585205
1	37	merry	11.997117042541504	11.155994415283203	10.986504554748535	11.426671028137207
1	38	little	7.085048675537109	4.3092360496521	3.693085193634033	3.826632261276245
1	39	fellow	9.751602172851562	6.9373555183410645	8.001128196716309	6.732165813446045
1	40	named	8.925909996032715	6.070070743560791	5.6635661125183105	3.8696749210357666
1	41	Aqua,	14.962919235229492	13.184370994567871	13.305620193481445	12.925429344177246
1	42	who	3.7536230087280273	2.167670249938965	1.3185181617736816	1.2115297317504883
1	43	danced	11.01198959350586	8.820027351379395	8.48166275024414	9.060615539550781
1	44	on	3.72239351272583	2.837045907974243	3.132476329803467	3.0714235305786133
1	45	the	2.1509437561035156	1.3269377946853638	0.9300349950790405	1.1403077840805054
1	46	silver	9.596841812133789	8.94705581665039	7.577121734619141	7.259471893310547
1	47	backs	10.546463966369629	10.035930633544922	10.084328651428223	9.807846069335938
1	48	of	2.9552574157714844	2.5266780853271484	0.7413712739944458	0.3119978606700897
1	49	the	2.347175359725952	1.8234649896621704	2.057122230529785	1.4447213411331177
1	50	fishes	12.926685333251953	11.789040565490723	11.095454216003418	11.17534065246582
1	51	as	4.269181251525879	4.399582386016846	4.4735026359558105	4.026886463165283
1	52	they	5.027637481689453	2.3888156414031982	2.1310062408447266	2.435577392578125
1	53	plunged	11.462623596191406	10.24238395690918	9.695343971252441	9.087139129638672
1	54	up	5.398704528808594	6.134244918823242	6.486999988555908	6.117877960205078
1	55	and	3.3984153270721436	2.5860848426818848	2.5385499000549316	2.619931936264038
1	56	down	8.158365249633789	3.3678250312805176	2.939838409423828	0.24186921119689941
1	57	in	3.3849029541015625	3.956225872039795	3.814380168914795	2.411447048187256
1	58	the	2.2516236305236816	1.3188163042068481	1.000439167022705	1.1407546997070312
1	59	waves,	12.549074172973633	13.15620231628418	11.208694458007812	10.373263359069824
1	60	and,	7.645009994506836	7.484622001647949	7.83882999420166	7.989038467407227
1	61	no	6.555257320404053	6.376967906951904	6.223824977874756	6.134985446929932
1	62	matter	6.766922950744629	1.7209116220474243	1.5936628580093384	1.9426183700561523
1	63	how	6.5468597412109375	1.1214752197265625	0.5132417678833008	0.42735472321510315
1	64	high	7.156290054321289	6.46898889541626	5.434640407562256	5.929420471191406
1	65	he	6.322312355041504	4.3778581619262695	4.038269996643066	4.9525146484375
1	66	sprung,	15.751169204711914	14.798892974853516	16.379596710205078	15.926730155944824
1	67	he	3.863218069076538	3.3478024005889893	3.7462756633758545	2.948127031326294
1	68	always	7.001408576965332	7.206362724304199	7.624880313873291	6.886516094207764
1	69	came	7.394900321960449	5.434935092926025	4.613698482513428	3.990034580230713
1	70	down	6.162004470825195	3.1690642833709717	3.858272075653076	3.4121460914611816
1	71	again	8.032499313354492	6.74724006652832	8.407486915588379	8.303082466125488
1	72	into	6.279458045959473	5.260464191436768	5.1191229820251465	6.145590305328369
1	73	his	5.079943656921387	3.4499294757843018	3.9934024810791016	4.4117021560668945
1	74	mother's	9.383859634399414	6.256925582885742	5.645423412322998	5.546407699584961
1	75	lap.	9.831937789916992	10.461946487426758	6.509251594543457	5.268333435058594
1	76	His	5.125743865966797	4.673974990844727	4.113773822784424	3.452920913696289
1	77	mother,	9.198810577392578	8.622626304626465	6.452877044677734	4.655884742736816
1	78	you	5.723090648651123	8.327727317810059	8.812829971313477	7.0977582931518555
1	79	know,	7.261396408081055	2.824221611022949	1.8601945638656616	1.1059863567352295
1	80	was	5.577343940734863	5.675428867340088	5.63401985168457	2.5823960304260254
1	81	the	2.8936266899108887	3.011850357055664	2.87648344039917	3.4409987926483154
1	82	ocean,	11.55059814453125	12.79288387298584	12.53050708770752	12.507753372192383
1	83	and	1.9855988025665283	2.057290554046631	1.7601933479309082	2.0645618438720703
1	84	very	6.942043304443359	7.449407577514648	7.37814474105835	7.376863956451416
1	85	beautiful	8.693897247314453	7.017539978027344	7.163315773010254	7.016025543212891
1	86	she	7.078909873962402	7.8476643562316895	6.818600654602051	8.438654899597168
1	87	looked	6.829082012176514	3.6339480876922607	3.375673770904541	3.392817974090576
1	88	that	3.894679069519043	6.882687568664551	5.486056327819824	5.96504020690918
1	89	summer	9.733224868774414	7.459774017333984	8.85166072845459	6.650759220123291
1	90	day	7.290431976318359	7.208970546722412	5.87238073348999	5.626699924468994
1	91	in	3.489725112915039	2.277125120162964	3.085523843765259	1.9635785818099976
1	92	her	5.995519161224365	4.756265640258789	4.913888931274414	4.889698028564453
1	93	dark	9.097810745239258	8.256482124328613	8.52813720703125	8.33234691619873
1	94	blue	8.262107849121094	4.346468448638916	2.8341283798217773	2.8789010047912598
1	95	dress	9.629201889038086	6.722416400909424	3.893929958343506	3.2480053901672363
1	96	and	2.848912239074707	1.996071219444275	1.9029676914215088	1.399257779121399
1	97	white	8.324496269226074	5.647957801818848	4.390183448791504	3.3391923904418945
1	98	ruffles.	14.132255554199219	12.69301986694336	9.348142623901367	10.38083267211914
1	99	By	6.194304466247559	6.24715518951416	6.180020809173584	6.382632255554199
1	100	and	4.656588077545166	5.845369815826416	6.135644912719727	6.055260181427002
1	101	by,	12.427825927734375	3.3548994064331055	2.2600088119506836	2.403517723083496
1	102	the	3.8828155994415283	4.440427303314209	2.8977999687194824	1.8449721336364746
1	103	happy	9.305553436279297	9.976861953735352	9.510274887084961	8.667001724243164
1	104	water	8.685469627380371	8.859821319580078	8.766071319580078	9.042170524597168
1	105	drop	9.193735122680664	8.278219223022461	7.949741363525391	7.834000587463379
1	106	tired	11.393367767333984	14.649171829223633	14.449565887451172	13.591850280761719
1	107	of	2.826127052307129	2.0637619495391846	3.505239963531494	1.016541838645935
1	108	his	5.284255027770996	3.821291208267212	4.176446914672852	4.2411088943481445
1	109	play,	10.205349922180176	10.597249984741211	9.65878677368164	8.467844009399414
1	110	and	2.2605841159820557	2.253849744796753	2.26460599899292	2.0248355865478516
1	111	looking	8.073580741882324	7.71646785736084	7.983774185180664	7.963139533996582
1	112	up	4.9149065017700195	4.369801044464111	4.496931076049805	4.4240570068359375
1	113	to	2.7407917976379395	2.4072842597961426	2.0341672897338867	2.1365866661071777
1	114	the	2.6109485626220703	2.918210744857788	1.9095669984817505	1.527355432510376
1	115	clear	8.632865905761719	9.574420928955078	9.676958084106445	8.951043128967285
1	116	sky	10.5181884765625	6.482140064239502	6.116024971008301	5.606110095977783
1	117	above	7.4442338943481445	3.529597043991089	3.3677163124084473	3.8464155197143555
1	118	him,	8.70547103881836	6.222623825073242	6.019438743591309	5.257073879241943
1	119	thought	8.782730102539062	8.701939582824707	8.560476303100586	8.654526710510254
1	120	he	4.935490131378174	2.139305591583252	1.6965891122817993	1.984984040260315
1	121	would	4.52719259262085	2.530750274658203	2.3817367553710938	2.3385329246520996
1	122	like	5.2202534675598145	3.608748435974121	3.8650166988372803	5.018624782562256
1	123	to	3.4138166904449463	0.19908738136291504	0.27192527055740356	0.27459007501602173
1	124	have	4.388607978820801	3.7519726753234863	4.4381585121154785	4.097654819488525
1	125	a	2.9780991077423096	1.9199589490890503	1.5441296100616455	1.6278983354568481
1	126	sail	11.948712348937988	11.658143997192383	11.163867950439453	10.751911163330078
1	127	on	3.962779998779297	3.008598804473877	2.2992544174194336	2.6718263626098633
1	128	one	5.452967643737793	4.97575044631958	4.70623254776001	5.346610069274902
1	129	of	2.689915180206299	1.7064350843429565	0.6875479817390442	0.6854720115661621
1	130	the	2.347175359725952	0.6228668093681335	0.9156619906425476	0.860075831413269
1	131	white,	11.989007949829102	12.014079093933105	13.369455337524414	12.72480583190918
1	132	marshmallow-like	15.385106086730957	12.322162628173828	13.027433395385742	12.876595497131348
1	133	clouds,	9.783928871154785	9.366679191589355	9.260772705078125	8.8256196975708
1	134	instead	7.611234664916992	7.2638421058654785	7.620240688323975	7.257416725158691
1	135	of	2.2866904735565186	0.2485577017068863	0.1736566126346588	0.1300133317708969
1	136	spending	9.323787689208984	6.100357532501221	7.296790599822998	9.153749465942383
1	137	his	6.096713542938232	6.215693473815918	4.560849666595459	4.616546154022217
1	138	whole	7.4680891036987305	5.366603374481201	5.077207565307617	4.524021625518799
1	139	life	7.139212131500244	1.7066363096237183	0.8316678404808044	0.5312756896018982
1	140	in	3.216904401779175	2.58412766456604	3.0517730712890625	1.665252685546875
1	141	the	2.2516236305236816	1.5125876665115356	1.493874192237854	1.5002474784851074
1	142	ocean.	11.574753761291504	9.210801124572754	8.992546081542969	7.99964714050293
1	143	Of	6.258508682250977	6.315148830413818	6.376810073852539	6.261204719543457
1	144	the	2.518221616744995	2.0475988388061523	2.2318649291992188	2.262272596359253
1	145	sky,	10.999244689941406	11.071269989013672	9.921331405639648	10.419194221496582
1	146	little	8.628813743591309	8.804818153381348	8.069586753845215	7.5296525955200195
1	147	Aqua	13.04057788848877	11.514488220214844	11.56666374206543	10.672602653503418
1	148	had	6.17647123336792	6.26145076751709	3.7864620685577393	3.269089698791504
1	149	always	6.738304615020752	5.424720287322998	6.3033342361450195	5.73920202255249
1	150	been	5.956865310668945	1.3033031225204468	0.8203228116035461	1.7693842649459839
1	151	afraid,	12.670111656188965	11.978553771972656	10.436416625976562	10.873677253723145
1	152	but	1.8822101354599	2.0107169151306152	2.057802677154541	1.8396129608154297
1	153	he	4.87763786315918	3.1162314414978027	2.865043878555298	3.057030200958252
1	154	decided	7.358502388000488	6.029807090759277	5.69274377822876	5.325429439544678
1	155	to	2.192457675933838	0.3408549427986145	0.36120691895484924	0.4609704613685608
1	156	finally	8.44320011138916	7.797791957855225	7.229887008666992	7.584405899047852
1	157	face	8.028969764709473	6.354638576507568	5.851822853088379	5.934184551239014
1	158	his	6.057549476623535	3.391167640686035	2.7838687896728516	2.2799201011657715
1	159	demons	11.191030502319336	9.287839889526367	5.728391170501709	4.655150890350342
1	160	and	2.9369959831237793	2.1000442504882812	1.414594292640686	1.1139039993286133
1	161	suggested	9.147744178771973	9.583250045776367	9.551194190979004	8.92885684967041
1	162	a	3.2492640018463135	2.950878143310547	3.3108787536621094	3.4305641651153564
1	163	solution	8.82857894897461	5.361693859100342	5.214115142822266	4.95937442779541
1	164	involving	9.70185375213623	6.903707981109619	5.898245334625244	5.373937606811523
1	165	the	2.286992073059082	2.1085364818573	2.3863236904144287	2.4033002853393555
1	166	sun	9.234325408935547	9.283214569091797	8.467263221740723	8.785041809082031
1	167	carrying	9.69941520690918	10.260695457458496	10.081445693969727	9.217660903930664
1	168	him	6.61469841003418	5.005241394042969	5.043508529663086	6.446804046630859
1	169	up	5.948285102844238	4.309106349945068	4.029285430908203	3.7573153972625732
1	170	to	2.7407917976379395	1.6958435773849487	1.6480598449707031	1.3856678009033203
1	171	the	2.6109485626220703	2.918210744857788	2.4160633087158203	1.8987996578216553
1	172	sky	9.817280769348145	8.277322769165039	8.237201690673828	6.435512065887451
1	173	would	5.731419563293457	5.307991027832031	5.810788154602051	6.373416900634766
1	174	be	3.1582038402557373	1.3091187477111816	1.254303216934204	1.2557308673858643
1	175	ideal.	12.178174018859863	9.842729568481445	9.59118366241455	10.714390754699707
1	176	The	2.6162710189819336	2.59781551361084	2.4935901165008545	2.297081232070923
1	177	sun	9.062779426574707	7.794849872589111	7.660157680511475	7.821321487426758
1	178	understood	10.511048316955566	11.800098419189453	11.888643264770508	12.993475914001465
1	179	Aqua's	15.950319290161133	14.881617546081543	13.294507026672363	13.691814422607422
1	180	request	8.4967041015625	8.171503067016602	9.40894889831543	7.818115234375
1	181	came	7.913304328918457	5.189002990722656	7.0430521965026855	6.332395076751709
1	182	from	3.980830192565918	1.1567600965499878	1.1241910457611084	0.9909911155700684
1	183	his	5.118797302246094	4.200373649597168	4.272544860839844	3.6189124584198
1	184	heart,	9.146049499511719	7.469249725341797	6.4961724281311035	8.624107360839844
1	185	so	4.299546718597412	4.341999053955078	4.433260917663574	3.6885576248168945
1	186	he	4.975505352020264	3.2006425857543945	2.184480667114258	1.7275207042694092
1	187	acquiesced	12.738334655761719	11.519381523132324	11.2273530960083	9.81092643737793
1	188	and	3.358241319656372	2.863705635070801	2.1359734535217285	1.6778461933135986
1	189	also	5.846307754516602	6.250901222229004	6.370269298553467	6.72991943359375
1	190	took	7.513886451721191	6.713700294494629	4.789843559265137	4.282987594604492
1	191	ever	7.69678258895874	9.642763137817383	10.123373031616211	9.668947219848633
1	192	so	5.7602715492248535	2.8640472888946533	3.3473095893859863	3.919689178466797
1	193	many	5.75398588180542	3.8263440132141113	6.154236793518066	6.076544284820557
1	194	other	5.006143569946289	4.376613616943359	4.442206382751465	5.640536308288574
1	195	drops,	12.374539375305176	13.05368423461914	12.888262748718262	12.697273254394531
1	196	so	3.827580213546753	3.701931953430176	3.7931036949157715	3.230466365814209
1	197	that	3.718966245651245	3.092312812805176	2.8122005462646484	3.37752366065979
1	198	Aqua	13.050341606140137	12.885065078735352	12.384976387023926	11.632055282592773
1	199	might	7.732055187225342	5.588356971740723	4.048793315887451	3.8618478775024414
1	200	not	3.7964706420898438	2.4369521141052246	2.274278163909912	2.1499617099761963
1	201	be	4.456109046936035	1.1920651197433472	0.8013145923614502	1.0082933902740479
1	202	lonesome	14.04913330078125	15.239334106445312	15.002944946289062	15.472180366516113
1	203	on	4.477171897888184	2.965850353240967	3.1948890686035156	3.0012106895446777
1	204	the	2.1509437561035156	1.4116644859313965	1.084589958190918	1.158280611038208
1	205	way.	8.85708999633789	7.072723388671875	7.243037700653076	7.77808141708374
1	206	It	3.2453231811523438	3.2737679481506348	3.4391770362854004	3.4436397552490234
1	207	was	3.412656545639038	1.9422054290771484	1.7760573625564575	1.7987655401229858
1	208	only	5.405376434326172	3.8262808322906494	4.273188591003418	4.311666488647461
1	209	the	3.4759767055511475	3.217172622680664	3.259531021118164	3.5362517833709717
1	210	sun	9.234325408935547	8.597304344177246	9.448089599609375	8.771897315979004
1	211	that	4.172293663024902	4.9599504470825195	4.221652507781982	2.8063089847564697
1	212	knew	8.905130386352539	8.507996559143066	9.468538284301758	9.877439498901367
1	213	this,	7.3217949867248535	6.545636177062988	7.523187637329102	7.059079647064209
1	214	however,	5.644172191619873	6.617546558380127	6.920424461364746	7.126336097717285
1	215	for	5.419895172119141	5.770517349243164	5.12435245513916	6.175572872161865
1	216	all	5.221357822418213	3.6000988483428955	4.187245845794678	4.352922439575195
1	217	the	2.9048948287963867	2.4534800052642822	1.670854091644287	1.6641489267349243
1	218	other	5.777846336364746	3.6997082233428955	3.9431445598602295	5.217495918273926
1	219	drops	10.541836738586426	11.138327598571777	10.427692413330078	10.472613334655762
1	220	had	6.328401565551758	6.649443626403809	6.242747783660889	6.342289447784424
1	221	been	4.648682117462158	1.3683942556381226	1.2588343620300293	1.7894165515899658
1	222	changed	8.392937660217285	7.566290378570557	6.14426326751709	7.007622718811035
1	223	into	5.664720058441162	5.154204368591309	4.104581356048584	4.890399932861328
1	224	fine	9.299677848815918	9.244420051574707	8.863619804382324	9.100675582885742
1	225	mist	11.34505844116211	9.559182167053223	9.507613182067871	8.905778884887695
1	226	or	4.728994846343994	3.3325908184051514	2.95194149017334	2.896881103515625
1	227	vapor	12.907768249511719	9.688432693481445	6.8697357177734375	7.147497653961182
1	228	and	3.1981256008148193	4.5834503173828125	3.65669584274292	3.6279869079589844
1	229	Aqua	13.06257438659668	11.398738861083984	13.070344924926758	13.799888610839844
1	230	could	6.796771049499512	5.976781845092773	5.297324180603027	5.649754524230957
1	231	not	3.865295886993408	2.6004390716552734	2.4486494064331055	3.0265815258026123
1	232	see	6.259698390960693	4.782188415527344	5.042038440704346	4.880795478820801
1	233	them.	8.30601978302002	5.998419284820557	6.030431270599365	5.781343936920166
1	234	Do	6.78730583190918	6.2646613121032715	6.625635623931885	7.461157321929932
1	235	you	3.930790424346924	0.7756718397140503	0.8010938167572021	0.7233553528785706
1	236	know	5.896665096282959	2.534754753112793	2.0623691082000732	1.9975366592407227
1	237	what	4.997813701629639	2.012535572052002	1.5849709510803223	1.4664217233657837
1	238	vapor	12.865106582641602	13.602214813232422	13.689237594604492	13.236102104187012
1	239	is?	13.22214126586914	6.858945846557617	5.689687728881836	3.2633979320526123
1	240	If	3.8894619941711426	3.7464308738708496	3.742636203765869	3.757850170135498
1	241	you	3.4436850547790527	1.563051700592041	1.7251884937286377	1.284106731414795
1	242	breathe	10.64548397064209	10.816075325012207	10.231823921203613	8.17933464050293
1	243	into	5.58608341217041	4.368837833404541	4.088420867919922	3.727874279022217
1	244	the	2.043440341949463	1.2858808040618896	1.8671284914016724	1.6913790702819824
1	245	air,	9.639824867248535	7.374549865722656	5.126290798187256	4.118316650390625
1	246	when	5.551267623901367	5.609109878540039	5.753097057342529	5.917750358581543
1	247	it	3.971879243850708	2.6777303218841553	2.7427642345428467	2.7466044425964355
1	248	is	3.211789131164551	2.673914670944214	2.403191089630127	2.5300323963165283
1	249	cold	10.210953712463379	9.332230567932129	7.684389591217041	6.099273681640625
1	250	enough,	10.203109741210938	5.6208367347717285	5.494935989379883	4.817741394042969
1	251	you	3.954239845275879	3.56077241897583	3.652076005935669	3.4656100273132324
1	252	will	4.633077144622803	2.7292635440826416	3.1244895458221436	3.255167007446289
1	253	see	5.320405960083008	2.931082010269165	3.159698963165283	3.0907607078552246
1	254	it	4.497487545013428	3.5457208156585693	3.489502191543579	3.330460548400879
1	255	coming	8.708197593688965	6.6286702156066895	4.882330894470215	5.502469539642334
1	256	out	4.543686866760254	3.1828129291534424	4.76972770690918	4.084683895111084
1	257	of	2.5660271644592285	0.596908688545227	0.9138797521591187	1.5718470811843872
1	258	your	5.8950347900390625	4.086503982543945	5.0142316818237305	3.7117865085601807
1	259	mouth	9.061874389648438	7.372261047363281	5.16439151763916	4.0367279052734375
1	260	thick	10.925222396850586	10.372504234313965	11.26615047454834	11.120357513427734
1	261	and	3.081587314605713	1.3156802654266357	1.164113998413086	1.3781834840774536
1	262	fast	9.37153434753418	7.229464530944824	7.3807573318481445	6.915834903717041
1	263	like	6.453395843505859	6.765485763549805	5.144700527191162	3.9515442848205566
1	264	steam.	13.634346961975098	11.017539978027344	10.946881294250488	10.243797302246094
1	265	When	4.790423393249512	4.795426845550537	4.088800430297852	4.260039329528809
1	266	the	2.5399932861328125	1.9006867408752441	2.5000524520874023	1.9680556058883667
1	267	vapor	11.890434265136719	10.291041374206543	9.14649772644043	8.062679290771484
1	268	is	3.9242024421691895	3.5009074211120605	1.9016427993774414	2.2661142349243164
1	269	quite	7.346121788024902	5.9564008712768555	5.663160800933838	7.409595966339111
1	270	near	7.62681770324707	7.958230018615723	7.771533966064453	7.830151557922363
1	271	the	2.410109758377075	1.5467861890792847	1.5670764446258545	1.5649487972259521
1	272	earth,	11.115111351013184	9.578750610351562	9.992891311645508	10.3516263961792
1	273	we	4.413225173950195	4.302082061767578	4.591310024261475	4.681493759155273
1	274	call	6.674217224121094	5.07304573059082	5.243934154510498	5.1048455238342285
1	275	it	4.242238521575928	1.53859281539917	0.9104491472244263	0.9650697708129883
1	276	'fog'.	22.5505313873291	17.59124755859375	16.389833450317383	16.006742477416992
1	277	Into	10.596245765686035	10.174513816833496	10.717150688171387	10.328110694885254
1	278	vapor	13.076549530029297	12.66195011138916	11.933412551879883	12.362020492553711
1	279	the	4.268887519836426	5.823540687561035	4.295291423797607	4.189729690551758
1	280	water	7.943147659301758	4.640660285949707	5.066306114196777	5.11489200592041
1	281	drops	9.587381362915039	8.47824764251709	8.349071502685547	7.0011749267578125
1	282	that	4.024801731109619	4.240511417388916	3.889538049697876	5.395929336547852
1	283	danced	12.525741577148438	12.99672794342041	10.55624771118164	10.29307746887207
1	284	in	3.084918975830078	2.335085391998291	2.3706421852111816	1.720840334892273
1	285	the	2.2516236305236816	1.7570111751556396	0.9396535158157349	1.0007879734039307
1	286	ocean	9.995542526245117	8.242730140686035	7.75285530090332	7.327181816101074
1	287	had	5.9659624099731445	5.908767223358154	6.435275554656982	6.5126471519470215
1	288	been	4.648682117462158	1.537529706954956	1.950587272644043	1.6866707801818848
1	289	changed,	10.58536434173584	9.933085441589355	8.90769100189209	8.597091674804688
1	290	because	4.5981550216674805	4.521817684173584	4.432611465454102	5.119336128234863
1	291	in	3.9758708477020264	4.587185859680176	4.515115737915039	4.50679874420166
1	292	their	5.2173357009887695	4.687845230102539	4.676161766052246	4.857732772827148
1	293	own	5.318136692047119	2.844075918197632	2.901304244995117	3.1582114696502686
1	294	shape	9.800097465515137	9.876041412353516	9.993037223815918	10.261484146118164
1	295	they	5.835352420806885	6.565432548522949	6.64473295211792	6.1953349113464355
1	296	were	4.352205276489258	3.199632167816162	2.8908615112304688	3.3795015811920166
1	297	too	6.447568893432617	5.780608177185059	5.750552177429199	4.425250053405762
1	298	heavy	8.393087387084961	5.578682899475098	5.592909336090088	4.594375133514404
1	299	for	4.603858947753906	2.9325783252716064	1.2732641696929932	1.2511612176895142
1	300	the	2.3598663806915283	2.1506590843200684	2.296579360961914	1.9544093608856201
1	301	sunbeams	17.102630615234375	15.931163787841797	15.348505020141602	14.721673965454102
1	302	that	3.7083218097686768	3.6067287921905518	2.8214712142944336	3.16737699508667
1	303	the	2.915968894958496	4.328099250793457	3.7119836807250977	3.8419408798217773
1	304	sun	9.234325408935547	7.6685943603515625	4.849974155426025	3.9128990173339844
1	305	let	8.293116569519043	9.153374671936035	9.961272239685059	9.280374526977539
1	306	out	5.584776401519775	1.8362631797790527	1.0862960815429688	1.1040921211242676
1	307	to	2.9914560317993164	5.021306991577148	5.05889368057251	4.962559223175049
1	308	carry.	12.118661880493164	12.300689697265625	13.447256088256836	14.199326515197754
1	309	Higher	9.736186981201172	9.55592155456543	9.915031433105469	10.393566131591797
1	310	and	3.6922781467437744	5.063160419464111	5.229165554046631	5.019585609436035
1	311	higher	8.93571662902832	3.1123669147491455	0.6182221174240112	0.5494450926780701
1	312	they	6.3142242431640625	7.472780227661133	7.833042144775391	6.060837268829346
1	313	sailed,	15.596992492675781	14.9237699508667	13.56365966796875	13.89239501953125
1	314	and	1.662926197052002	1.6343542337417603	1.731703519821167	1.3327301740646362
1	315	though	8.093148231506348	6.524267196655273	6.290365219116211	6.030418395996094
1	316	it	4.1039581298828125	2.4169228076934814	2.328005313873291	2.7037899494171143
1	317	was	3.875565528869629	2.1245176792144775	2.0148582458496094	1.0968856811523438
1	318	grand,	12.712809562683105	12.705371856689453	12.843280792236328	10.772469520568848
1	319	Aqua	13.953654289245605	15.183094024658203	16.036890029907227	15.931649208068848
1	320	and	3.430257558822632	3.075813055038452	2.7018725872039795	2.858808755874634
1	321	his	5.751666069030762	3.6415138244628906	3.9049227237701416	3.2266130447387695
1	322	friends	7.555681228637695	4.415768146514893	3.1187775135040283	2.7307090759277344
1	323	were	5.2375898361206055	3.5875632762908936	2.5256519317626953	3.1148407459259033
1	324	like	6.003976821899414	6.703068256378174	6.528925895690918	7.210415840148926
1	325	fish	10.423130989074707	7.5880842208862305	9.02631950378418	8.304068565368652
1	326	out	5.698652267456055	5.468958854675293	2.7826695442199707	1.6513371467590332
1	327	of	2.5660271644592285	0.3557678163051605	0.14465142786502838	0.07675838470458984
1	328	water,	9.984663009643555	8.562586784362793	7.398743152618408	2.980339527130127
1	329	so	3.8173418045043945	4.076223850250244	3.7166943550109863	3.814290761947632
1	330	they	5.050557613372803	3.1014842987060547	3.1212990283966064	2.88930082321167
1	331	grew	8.448090553283691	7.786815166473389	7.252032279968262	7.658273696899414
1	332	quite	7.942606449127197	7.087035179138184	6.227960586547852	5.7456865310668945
1	333	dizzy.	13.142940521240234	10.48356819152832	10.201343536376953	9.960893630981445
1	334	They	4.281371116638184	4.5933122634887695	4.522334098815918	2.599243640899658
1	335	enjoyed	9.205048561096191	7.99970817565918	8.363699913024902	7.733231544494629
1	336	looking	7.969757556915283	7.741839408874512	6.632925510406494	6.372267723083496
1	337	down	6.414035797119141	5.127398490905762	4.588898658752441	4.291948318481445
1	338	on	3.8818418979644775	1.9170986413955688	1.4569815397262573	1.239687442779541
1	339	the	2.1509437561035156	1.5433982610702515	1.921085000038147	1.6129004955291748
1	340	world	6.605999946594238	6.36042594909668	6.190165042877197	5.442830562591553
1	341	below,	10.743438720703125	10.162014961242676	10.102279663085938	10.103174209594727
1	342	while	5.650318145751953	5.0257158279418945	5.11298131942749	5.286381721496582
1	343	the	2.48003888130188	1.746713399887085	1.7858749628067017	2.037348747253418
1	344	wind	9.329268455505371	7.0121002197265625	7.870449542999268	5.735732078552246
1	345	scattered	10.968493461608887	10.561817169189453	10.709400177001953	9.571121215820312
1	346	them	6.52883243560791	7.303658485412598	3.8546743392944336	3.178267002105713
1	347	across	7.728531360626221	5.758970737457275	2.617997646331787	2.8135554790496826
1	348	the	1.9771651029586792	0.4568214416503906	0.4250120520591736	0.29339921474456787
1	349	four	7.431680679321289	8.023626327514648	7.520538330078125	6.68124532699585
1	350	corners	9.9573392868042	4.060473442077637	1.903305172920227	1.9662823677062988
1	351	of	2.5537688732147217	0.710716187953949	0.4897099733352661	0.3776642382144928
1	352	the	2.347175359725952	0.8746113777160645	0.5615732073783875	0.5354246497154236
1	353	earth,	11.115111351013184	8.95022201538086	6.801793098449707	6.463655471801758
1	354	but	3.2393274307250977	3.031533718109131	3.1909613609313965	3.2430076599121094
1	355	after	6.210691452026367	6.171738147735596	6.293015956878662	6.32416296005249
1	356	a	3.135173797607422	2.1324191093444824	2.5765461921691895	2.6004133224487305
1	357	while	7.911489963531494	5.689704895019531	3.0668599605560303	1.8425867557525635
1	358	it	4.407476425170898	5.834153175354004	3.593005895614624	2.4171547889709473
1	359	grew	9.28335952758789	7.296135902404785	6.476100444793701	5.932180404663086
1	360	nearly	7.730900764465332	7.996435642242432	7.16663122177124	8.590147018432617
1	361	time	6.481414794921875	10.079559326171875	9.737818717956543	10.606391906738281
1	362	for	3.850735902786255	4.1107072830200195	3.390185832977295	2.78074312210083
1	363	the	2.3598663806915283	1.9795582294464111	2.203187942504883	1.9009530544281006
1	364	sun	9.234325408935547	9.7138671875	8.070314407348633	7.620916366577148
1	365	to	3.648921489715576	3.409219741821289	1.24842369556427	0.13819105923175812
1	366	go	5.814409255981445	4.749551773071289	4.4667253494262695	4.282130241394043
1	367	to	2.438727617263794	1.7507703304290771	2.204047679901123	2.9660756587982178
1	368	bed.	11.075030326843262	5.880366325378418	5.849179744720459	4.5425214767456055
1	369	He	3.1229248046875	2.9384961128234863	3.509169816970825	3.1741700172424316
1	370	became	6.741261005401611	6.876134872436523	6.357815265655518	7.133062362670898
1	371	very	6.06939697265625	4.5345940589904785	2.8004353046417236	2.9763405323028564
1	372	red	8.197731971740723	8.739529609680176	9.316497802734375	7.900541305541992
1	373	in	3.999890089035034	3.144848585128784	1.687252402305603	1.1684256792068481
1	374	the	2.2516236305236816	1.4629876613616943	1.5665429830551147	1.5891311168670654
1	375	face,	10.520389556884766	9.107484817504883	5.68701696395874	3.9944112300872803
1	376	and	2.266866445541382	2.224142074584961	2.2195987701416016	2.054863452911377
1	377	began	8.413771629333496	6.816930770874023	7.0163726806640625	7.110551357269287
1	378	to	2.496319532394409	1.0986628532409668	0.8409662246704102	0.8437599539756775
1	379	sink	9.79060173034668	6.220154285430908	7.063194274902344	6.8682637214660645
1	380	lower	9.180157661437988	7.81744384765625	7.015234470367432	7.027281284332275
1	381	and	3.605597734451294	1.646729826927185	1.6826300621032715	0.8498798608779907
1	382	lower,	12.045011520385742	6.181342601776123	3.343270778656006	3.495939016342163
1	383	until	7.426991939544678	7.353954315185547	5.849457263946533	4.836369037628174
1	384	suddenly	9.495807647705078	6.929778099060059	7.661096572875977	7.080218315124512
1	385	he	5.587276458740234	3.118227005004883	3.0684614181518555	3.435532331466675
1	386	went	6.231133460998535	4.426844120025635	4.8923492431640625	5.439059734344482
1	387	clear	8.58288860321045	8.971407890319824	9.251813888549805	8.826099395751953
1	388	out	5.528792381286621	5.672608852386475	4.375375270843506	3.9787631034851074
1	389	of	2.5660271644592285	5.541600227355957	0.6955581903457642	0.8309903144836426
1	390	sight!	16.295530319213867	10.079565048217773	10.42849063873291	11.047491073608398
1	391	Poor	8.705787658691406	8.530488967895508	8.590538024902344	8.596323013305664
1	392	little	7.55864143371582	3.4285054206848145	3.398505449295044	3.4291839599609375
1	393	Aqua,	15.952781677246094	15.80297565460205	13.675106048583984	14.055225372314453
1	394	frightened	13.085030555725098	13.20077133178711	10.804882049560547	11.271018028259277
1	395	by	4.140939235687256	1.3355027437210083	1.6107831001281738	1.5165679454803467
1	396	the	2.3163957595825195	0.7933491468429565	0.9334722757339478	0.811630368232727
1	397	impending	10.939796447753906	10.864972114562988	7.252100467681885	6.612226963043213
1	398	cold	9.678380966186523	8.903095245361328	9.532291412353516	8.760961532592773
1	399	and	3.0128278732299805	2.169542074203491	3.297147274017334	3.469343900680542
1	400	darkness,	12.487340927124023	10.399757385253906	8.224803924560547	6.489958763122559
1	401	wished	12.147029876708984	11.813111305236816	11.558612823486328	11.031461715698242
1	402	he	5.444887161254883	3.5235228538513184	3.6822509765625	3.208709239959717
1	403	could	4.925746917724609	1.4498764276504517	1.2886230945587158	1.3287702798843384
1	404	sleep	8.871061325073242	7.709506034851074	6.839409351348877	6.280393123626709
1	405	not	5.930036544799805	7.889212608337402	7.878077983856201	7.591551780700684
1	406	in	4.0437092781066895	4.372702121734619	3.474076509475708	4.031028747558594
1	407	the	2.2516236305236816	1.4998559951782227	1.79948890209198	1.5521230697631836
1	408	sky,	10.999244689941406	8.19658088684082	9.237770080566406	8.209881782531738
1	409	but	3.196906328201294	3.244731903076172	3.179888963699341	1.7708430290222168
1	410	somewhere	10.051040649414062	9.728409767150879	9.734774589538574	9.71384334564209
1	411	closer	9.499870300292969	7.260165214538574	6.860436916351318	7.235801696777344
1	412	to	2.3491218090057373	0.17329305410385132	0.12588441371917725	0.2597171664237976
1	413	earth.	11.599117279052734	8.825881958007812	9.086469650268555	8.643362998962402
1	414	Then	5.557297706604004	5.97703218460083	6.051604270935059	5.539773464202881
1	415	Aqua	12.607301712036133	12.014710426330566	12.020660400390625	11.698615074157715
1	416	heard	10.001907348632812	8.781063079833984	7.707974910736084	7.705014228820801
1	417	the	2.6586434841156006	1.4263955354690552	1.3003867864608765	1.373056411743164
1	418	wind	9.329268455505371	7.808239936828613	6.425714492797852	6.375555038452148
1	419	blow	10.165426254272461	7.341185569763184	5.354498386383057	4.770684719085693
1	420	and	3.572782278060913	2.478032350540161	2.909095048904419	3.0745980739593506
1	421	conjectured	14.682886123657227	18.119972229003906	17.449867248535156	18.442293167114258
1	422	that	0.9880631566047668	0.951397716999054	0.9762368202209473	0.9559463262557983
1	423	maybe	8.512960433959961	7.503752708435059	6.921063423156738	6.391378879547119
1	424	the	2.785315990447998	2.707775115966797	1.8937506675720215	2.00421142578125
1	425	wind	9.329268455505371	7.713706016540527	7.7258830070495605	7.29600715637207
1	426	could	6.488744735717773	5.051146984100342	3.7509584426879883	3.2127139568328857
1	427	take	5.21893835067749	4.934530735015869	4.357108116149902	4.29539155960083
1	428	him	6.497925281524658	3.904073715209961	5.36585807800293	3.3375468254089355
1	429	back	6.255467891693115	3.238884925842285	3.6443426609039307	4.161698341369629
1	430	down	6.558539867401123	4.607913017272949	5.038005828857422	4.953485012054443
1	431	to	2.8821322917938232	1.2581225633621216	0.6466077566146851	0.790148138999939
1	432	the	2.6109485626220703	2.0523905754089355	1.3097350597381592	1.4744399785995483
1	433	ocean.	11.574753761291504	10.021076202392578	8.713891983032227	7.4731550216674805
1	434	Indeed,	6.9147233963012695	7.002193450927734	7.052996635437012	7.681836128234863
1	435	the	1.9873919486999512	1.7146081924438477	1.753970742225647	1.757321834564209
1	436	wind	9.329268455505371	8.999624252319336	6.781071662902832	6.953458786010742
1	437	took	8.312822341918945	6.629434585571289	6.1257429122924805	6.024880409240723
1	438	pity	11.105757713317871	9.443041801452637	8.332292556762695	8.853546142578125
1	439	on	4.312793254852295	0.09779879450798035	0.11208102852106094	0.08726809173822403
1	440	him	7.607416152954102	4.224370956420898	3.382966995239258	3.245587110519409
1	441	and	3.1736719608306885	2.1221210956573486	1.8713449239730835	0.881607174873352
1	442	fanned	12.30253791809082	12.554947853088379	11.537895202636719	12.828083038330078
1	443	him,	7.337899208068848	9.545463562011719	7.386356353759766	7.623989582061768
1	444	together	8.87187671661377	9.76054859161377	9.230372428894043	8.536760330200195
1	445	with	3.4943833351135254	0.19055339694023132	0.2397501915693283	0.32445472478866577
1	446	all	5.309150695800781	4.783474922180176	4.111942768096924	4.671268939971924
1	447	of	3.203413963317871	1.9896646738052368	1.867580533027649	2.1254830360412598
1	448	his	5.284255027770996	3.3054661750793457	3.170041084289551	3.375089406967163
1	449	brothers	9.376214981079102	8.085015296936035	7.379283905029297	7.25031042098999
1	450	and	2.741725206375122	1.7277464866638184	1.5320838689804077	1.6122015714645386
1	451	sisters,	12.987678527832031	5.664501190185547	2.1259255409240723	1.926967978477478
1	452	into	8.176423072814941	8.243736267089844	8.322830200195312	8.26300048828125
1	453	a	2.7688488960266113	2.0144267082214355	2.11157488822937	2.0602481365203857
1	454	heavy	7.913150787353516	8.089118957519531	8.330802917480469	8.530689239501953
1	455	gray	10.082399368286133	8.580550193786621	6.8898091316223145	6.617830276489258
1	456	cloud,	11.939845085144043	8.519134521484375	6.764639854431152	6.275171279907227
1	457	after	6.816482067108154	6.730332374572754	7.012057781219482	7.051235675811768
1	458	which	6.1253509521484375	2.8992245197296143	2.399930953979492	2.0267856121063232
1	459	he	4.897995948791504	2.2276968955993652	2.6011908054351807	2.434779644012451
1	460	blew	9.549598693847656	9.715903282165527	8.729130744934082	8.07917594909668
1	461	them	5.778940677642822	5.088213920593262	5.349221706390381	5.980963706970215
1	462	apart	10.100377082824707	6.159877300262451	5.174656867980957	4.224760055541992
1	463	and	3.0819718837738037	1.6374133825302124	1.2739015817642212	1.9636694192886353
1	464	told	7.800607204437256	6.770120143890381	6.431718349456787	5.84654426574707
1	465	them	5.550660610198975	2.349290132522583	2.0373053550720215	1.8704098463058472
1	466	to	2.7773094177246094	2.282747507095337	1.418825387954712	1.2557125091552734
1	467	hurry	11.132054328918457	9.419148445129395	6.84285306930542	6.452014923095703
1	468	down,	9.826394081115723	7.297727584838867	7.646965503692627	7.047928810119629
1	469	fast	10.020989418029785	9.280421257019043	8.941073417663574	9.1593017578125
1	470	and	3.1385984420776367	1.6136409044265747	1.530857801437378	1.5534255504608154
1	471	furious	11.798596382141113	6.028416633605957	3.6601998805999756	4.429919242858887
1	472	to	3.5519800186157227	3.860426425933838	3.487816095352173	3.2410545349121094
1	473	the	2.6109485626220703	3.686950922012329	2.951998472213745	2.9543516635894775
1	474	earth,	11.115111351013184	9.983854293823242	9.712669372558594	9.538065910339355
1	475	so	4.245792865753174	4.123524188995361	4.131478309631348	4.258264541625977
1	476	they	5.050557613372803	3.368805170059204	3.3439064025878906	3.295759439468384
1	477	could	4.902050971984863	3.665346145629883	3.2645373344421387	3.2559008598327637
1	478	have	3.357830286026001	2.6597743034362793	2.6366775035858154	3.038346529006958
1	479	a	2.9780993461608887	3.6437528133392334	3.4779324531555176	3.594249963760376
1	480	fighting	8.411669731140137	9.127588272094727	9.389636993408203	8.151893615722656
1	481	chance	9.2921142578125	3.2591018676757812	0.4515502452850342	0.3118871748447418
1	482	of	2.5207746028900146	1.8996679782867432	2.0724284648895264	1.4951449632644653
1	483	reaching	9.988068580627441	6.0057172775268555	5.411337852478027	5.815810203552246
1	484	the	2.314018964767456	1.998577356338501	1.5800175666809082	1.418695330619812
1	485	ocean.	11.574753761291504	8.894521713256836	9.395759582519531	10.276424407958984
1	486	Down	9.572772979736328	9.263483047485352	9.251301765441895	9.258745193481445
1	487	they	6.7079925537109375	6.353518962860107	6.231589317321777	5.97983455657959
1	488	went,	10.67634391784668	4.921422958374023	2.982348918914795	2.9240810871124268
1	489	rolling	9.141525268554688	10.187348365783691	8.765593528747559	7.9072136878967285
1	490	over	5.942167282104492	2.7735238075256348	2.7500128746032715	2.6694326400756836
1	491	each	6.720590114593506	5.390061855316162	6.4077301025390625	4.88535213470459
1	492	other	5.761356353759766	1.6532541513442993	1.1000020503997803	0.817509651184082
1	493	until	8.382349967956543	5.473356246948242	4.849369049072266	4.869629859924316
1	494	with	5.314213752746582	8.660587310791016	8.7461519241333	8.571769714355469
1	495	a	2.9099040031433105	2.3158726692199707	2.825270652770996	2.6857569217681885
1	496	patter	12.666976928710938	11.783215522766113	11.891302108764648	12.179424285888672
1	497	and	2.6293528079986572	3.6913700103759766	3.542231559753418	3.3843698501586914
1	498	clatter	14.480494499206543	7.6720781326293945	7.198657035827637	7.056489944458008
1	499	and	2.4802870750427246	2.9823617935180664	2.5225656032562256	2.6612136363983154
1	500	spatter	15.292520523071289	8.43714427947998	8.181428909301758	7.916625022888184
1	501	they	7.288917541503906	6.899621486663818	7.3041181564331055	7.016726493835449
1	502	touched	9.731683731079102	9.136673927307129	9.531717300415039	9.815043449401855
1	503	the	2.6139419078826904	1.8322312831878662	2.215710163116455	2.1366055011749268
1	504	ground,	9.678616523742676	6.505879878997803	4.270620346069336	3.634469747543335
1	505	and	2.095781087875366	2.1804087162017822	2.041795015335083	2.2548744678497314
1	506	all	5.6630988121032715	5.450632095336914	5.358794689178467	5.543269157409668
1	507	the	2.9048948287963867	1.893864631652832	1.736379623413086	1.7328381538391113
1	508	people	6.290622234344482	4.345627307891846	3.9459800720214844	4.223334312438965
1	509	that	3.989194631576538	3.346353530883789	2.5701398849487305	2.2952139377593994
1	510	the	2.915968894958496	5.063145160675049	4.66943359375	5.183505535125732
1	511	raindrops	15.280550003051758	13.731736183166504	13.657594680786133	13.747426986694336
1	512	fell	5.990157127380371	4.5303874015808105	4.477190971374512	4.696650505065918
1	513	on	3.804788589477539	1.5244868993759155	1.4864577054977417	1.7262321710586548
1	514	cried,	16.195701599121094	17.52267074584961	19.74496841430664	19.146745681762695
1	515	'It's	7.961104393005371	10.170141220092773	9.526103973388672	11.8104248046875
1	516	raining',	10.899847030639648	11.78954029083252	10.491487503051758	10.511126518249512
1	517	and	2.486856698989868	2.359914779663086	1.0095083713531494	1.228668212890625
1	518	took	8.150971412658691	6.807250499725342	8.429283142089844	6.230463981628418
1	519	out	5.001133918762207	3.9136102199554443	3.7402853965759277	3.552349090576172
1	520	their	5.652926921844482	4.213351726531982	3.9909634590148926	4.225655555725098
1	521	umbrellas.	15.653205871582031	13.741985321044922	12.38587760925293	11.558564186096191
1	522	Some	5.117056369781494	5.244171142578125	5.231589317321777	5.449064254760742
1	523	of	2.7151377201080322	1.7879923582077026	2.0381970405578613	1.9104212522506714
1	524	the	2.347175359725952	0.9390389919281006	0.9057477712631226	0.9865307807922363
1	525	drops	10.892855644226074	11.87510871887207	10.07095718383789	9.578089714050293
1	526	that	4.024801731109619	2.9447267055511475	2.8639719486236572	3.258572816848755
1	527	were	5.662384510040283	3.899543046951294	3.3229148387908936	2.930293321609497
1	528	the	3.1983580589294434	4.169332504272461	5.125124931335449	5.514321804046631
1	529	most	5.893077850341797	3.1079261302948	2.8715505599975586	3.0250966548919678
1	530	fortunate,	13.474925994873047	11.854297637939453	10.56112003326416	10.83456039428711
1	531	including	7.463702201843262	6.006686687469482	6.135873794555664	6.400125503540039
1	532	Aqua,	15.462163925170898	13.677001953125	13.539772987365723	13.681611061096191
1	533	fell	10.663036346435547	11.063912391662598	9.941587448120117	10.488283157348633
1	534	on	3.80478835105896	3.222720146179199	2.8971152305603027	3.369915008544922
1	535	a	3.149167776107788	2.980207920074463	2.5713980197906494	2.6674442291259766
1	536	mountainside,	13.265206336975098	13.733169555664062	12.446357727050781	10.7754487991333
1	537	and	2.3923988342285156	2.2454755306243896	2.395526647567749	2.0605685710906982
1	538	down	8.158365249633789	7.173790454864502	7.217403411865234	7.372628688812256
1	539	the	2.669891357421875	1.29348623752594	1.3977835178375244	1.2966289520263672
1	540	rocky	11.007661819458008	9.227688789367676	9.777322769165039	5.717948913574219
1	541	cliff	10.862747192382812	5.967324733734131	4.9467453956604	5.244117259979248
1	542	they	6.201304912567139	6.828983306884766	6.0996503829956055	6.218073844909668
1	543	ran.	11.79168701171875	9.03187370300293	9.735312461853027	9.705385208129883
1	544	Together	8.747901916503906	8.794869422912598	8.9016752243042	8.511005401611328
1	545	they	5.977529525756836	0.8930183053016663	0.7736719846725464	0.490366131067276
1	546	plunged	11.462623596191406	10.0202054977417	8.634456634521484	8.823509216308594
1	547	into	4.903499126434326	0.8838541507720947	0.6610763669013977	0.8876379728317261
1	548	a	2.7688488960266113	1.3932009935379028	1.6143885850906372	1.5310792922973633
1	549	mountain	9.307635307312012	8.126063346862793	7.324511528015137	6.906365394592285
1	550	brook,	12.937609672546387	11.422730445861816	11.094882011413574	12.088608741760254
1	551	which	3.7065329551696777	3.3564343452453613	3.4070003032684326	3.635798931121826
1	552	came	6.751413345336914	5.947536468505859	6.506527423858643	6.365229606628418
1	553	foaming	13.504762649536133	13.471725463867188	12.92004680633545	11.855219841003418
1	554	and	3.0299243927001953	3.5689640045166016	3.2277960777282715	2.9942641258239746
1	555	dashing	11.974313735961914	9.040067672729492	8.60384464263916	8.905435562133789
1	556	along,	7.670788764953613	7.901479721069336	9.110376358032227	6.709362983703613
1	557	leaping	9.961193084716797	7.601587295532227	7.184429168701172	8.152673721313477
1	558	over	5.6993913650512695	2.5585522651672363	2.435264825820923	2.5102429389953613
1	559	rocks	11.242039680480957	7.113095760345459	5.502950191497803	4.996885299682617
1	560	and	2.7191245555877686	1.0321190357208252	0.7799258232116699	0.4671705365180969
1	561	rushing	10.955083847045898	9.138583183288574	9.791818618774414	8.023308753967285
1	562	down	6.382570743560791	3.550135850906372	3.0176708698272705	2.734830379486084
1	563	the	2.6698906421661377	0.9854608774185181	0.5402882099151611	0.9714596271514893
1	564	hillside,	14.194953918457031	10.930437088012695	12.093783378601074	12.27160358428955
1	565	until	7.8149261474609375	7.560027122497559	7.004815578460693	7.343067169189453
1	566	in	4.123478889465332	6.471451759338379	6.494722366333008	6.703917026519775
1	567	the	2.2516236305236816	1.7016911506652832	1.1110202074050903	0.7599494457244873
1	568	valley	11.127013206481934	8.692675590515137	9.089298248291016	7.804194450378418
1	569	below	8.017537117004395	4.561115264892578	4.525455951690674	4.829014778137207
1	570	they	6.069675922393799	7.448478698730469	6.726953506469727	6.791999816894531
1	571	heard	7.799252033233643	7.891066074371338	7.104811668395996	5.825542449951172
1	572	the	2.6586434841156006	2.1812379360198975	1.797443151473999	1.4199409484863281
1	573	strangest	11.714343070983887	10.232989311218262	10.45125675201416	10.419951438903809
1	574	clattering	12.539896965026855	11.958105087280273	11.134642601013184	10.593555450439453
1	575	noise.	6.538891792297363	6.131824493408203	5.644708633422852	4.7203521728515625
1	576	The	2.386399269104004	2.2299656867980957	2.2366292476654053	2.2375550270080566
1	577	little	7.3687310218811035	7.229181289672852	6.7021331787109375	6.614238739013672
1	578	water	7.8344526290893555	7.518457889556885	7.0525970458984375	7.265362739562988
1	579	drops	9.587381362915039	7.766744613647461	6.515796184539795	5.700702667236328
1	580	were	6.090446472167969	4.4909796714782715	4.51469612121582	3.5480334758758545
1	581	then	6.2921037673950195	6.365605354309082	5.895918846130371	5.822666168212891
1	582	able	8.161737442016602	3.9781408309936523	6.793137073516846	7.025864601135254
1	583	to	1.2900562286376953	0.034288935363292694	0.013334918767213821	0.012653368525207043
1	584	make	5.160298824310303	3.8888490200042725	4.0123701095581055	4.120919704437256
1	585	out	5.643854141235352	6.832610130310059	5.892725467681885	5.44677734375
1	586	a	3.5363123416900635	3.009589672088623	3.0237877368927	2.778104782104492
1	587	flour	11.625296592712402	12.54344367980957	12.05958366394043	12.315841674804688
1	588	mill	10.427838325500488	3.9780936241149902	4.556947708129883	5.766709327697754
1	589	that	4.462832450866699	3.554910659790039	2.801783800125122	2.64349627494812
1	590	was	4.685856819152832	2.7135980129241943	2.3592286109924316	2.7609217166900635
1	591	standing	8.674281120300293	8.644147872924805	6.654286861419678	7.880599498748779
1	592	on	3.8454136848449707	2.1771461963653564	2.3587229251861572	1.3678925037384033
1	593	the	2.1509437561035156	1.1189502477645874	0.7327577471733093	0.8639687299728394
1	594	bank.	11.177062034606934	9.947895050048828	8.793106079101562	8.410454750061035
1	595	Inside	9.324075698852539	8.935199737548828	8.572449684143066	8.0225191116333
1	596	the	2.784838914871216	1.097625494003296	0.831792950630188	0.8092172145843506
1	597	mill,	12.954585075378418	10.818321228027344	9.377006530761719	9.820964813232422
1	598	the	3.7424583435058594	2.840672016143799	2.282996416091919	1.8952865600585938
1	599	water	7.943147659301758	4.60276985168457	5.458582401275635	5.787050724029541
1	600	drops	9.587381362915039	8.47824764251709	7.105935096740723	6.951043128967285
1	601	saw	9.763245582580566	10.507710456848145	10.215699195861816	12.044756889343262
1	602	two	6.268682956695557	5.852626800537109	5.843228340148926	5.711977958679199
1	603	great	7.309661865234375	6.138916969299316	6.51035213470459	6.829459190368652
1	604	stones,	12.488089561462402	10.759819030761719	10.462921142578125	11.148249626159668
1	605	which	3.571235179901123	3.33638596534729	3.0581772327423096	2.6520681381225586
1	606	the	3.1918256282806396	3.9884557723999023	3.8616676330566406	3.8515889644622803
1	607	big	6.988163471221924	7.942719459533691	8.780384063720703	9.108726501464844
1	608	wheel	10.23853588104248	8.328393936157227	8.836441040039062	8.717676162719727
1	609	kept	8.647686004638672	9.778367042541504	9.55342960357666	7.619136810302734
1	610	whizzing	13.904458045959473	11.566701889038086	9.379341125488281	9.372820854187012
1	611	round	5.670319080352783	6.540812015533447	6.023754596710205	6.178179740905762
1	612	and	3.353677749633789	3.5491318702697754	3.121401786804199	2.891911506652832
1	613	round.	12.390217781066895	8.007701873779297	4.522293567657471	3.5472793579101562
1	614	The	2.416788101196289	2.1910314559936523	2.317645311355591	2.5787134170532227
1	615	stones,	14.110727310180664	13.74117374420166	11.774150848388672	12.567987442016602
1	616	smoothed	11.633650779724121	10.35292911529541	10.463104248046875	10.167047500610352
1	617	by	3.5026731491088867	4.104936122894287	3.275883436203003	3.125718116760254
1	618	the	2.3163957595825195	1.425161361694336	1.7740252017974854	1.5972967147827148
1	619	spinning,	15.348963737487793	16.520111083984375	13.27435302734375	12.966565132141113
1	620	were	7.782968997955322	8.579228401184082	8.88404369354248	8.597670555114746
1	621	busy	9.42541217803955	7.949777603149414	8.357863426208496	8.736364364624023
1	622	grinding	11.892772674560547	8.028461456298828	6.942360877990723	6.353296279907227
1	623	the	3.25915265083313	3.5999157428741455	2.4197089672088623	2.5352001190185547
1	624	wheat	10.859292984008789	8.518310546875	8.133317947387695	6.993478298187256
1	625	into	6.334773063659668	5.497500419616699	2.74269962310791	2.8179757595062256
1	626	flour	12.00741195678711	6.425514221191406	3.972784996032715	3.377209424972534
1	627	and	2.9191088676452637	1.1330653429031372	1.1208386421203613	1.0698713064193726
1	628	the	3.0785820484161377	3.712925910949707	4.577446937561035	4.6543426513671875
1	629	corn	10.784600257873535	11.20782470703125	6.298583030700684	6.411529064178467
1	630	into	6.255366325378418	6.019776821136475	6.601839065551758	5.752898216247559
1	631	golden	10.911920547485352	9.5065279006958	8.743877410888672	9.105622291564941
1	632	meal.	11.501871109008789	10.724262237548828	9.017339706420898	8.69882583618164
1	633	But	3.94870924949646	4.059298515319824	4.310157299041748	5.152820587158203
1	634	what	5.59443473815918	3.9547433853149414	3.7573060989379883	3.781074047088623
1	635	giant	9.98132610321045	12.82922077178955	12.753917694091797	12.579055786132812
1	636	do	8.247368812561035	8.489246368408203	6.232422828674316	6.589025497436523
1	637	you	4.1368608474731445	2.463320732116699	0.6217145323753357	0.3947138488292694
1	638	suppose	10.090699195861816	6.27774715423584	5.254332542419434	5.731554985046387
1	639	it	4.351197242736816	2.370408058166504	2.5890204906463623	2.7622451782226562
1	640	was	3.875565528869629	1.6681859493255615	2.2640700340270996	2.261795997619629
1	641	who	6.362119674682617	8.703879356384277	8.970211029052734	7.542652130126953
1	642	could	5.280340671539307	6.154703140258789	6.080009460449219	6.01723575592041
1	643	turn	6.5601019859313965	5.936614036560059	5.225675582885742	5.326891899108887
1	644	and	3.595405101776123	5.760198593139648	5.767526149749756	5.214381217956543
1	645	swing	10.575763702392578	8.522560119628906	6.942075729370117	5.642159938812256
1	646	that	4.227413177490234	4.733977317810059	4.536625862121582	4.802387237548828
1	647	tremendous	11.174978256225586	11.764095306396484	9.208735466003418	9.34498405456543
1	648	wheel?	16.57366180419922	18.41400718688965	16.3714542388916	13.153541564941406
1	649	No	5.103554725646973	4.871468544006348	5.433064937591553	5.444307327270508
1	650	giant	9.628850936889648	10.145185470581055	9.534929275512695	9.091560363769531
1	651	at	5.23121452331543	8.131366729736328	7.610616683959961	6.991313457489014
1	652	all.	6.578267574310303	4.703591823577881	2.694854974746704	1.399654507637024
1	653	It	3.411815643310547	3.32066011428833	3.1864373683929443	3.148529291152954
1	654	was	3.412656545639038	1.8069262504577637	1.750148057937622	1.839673638343811
1	655	just	5.208093643188477	4.0572381019592285	3.6021697521209717	3.555720329284668
1	656	our	6.8835954666137695	6.815404415130615	6.316232681274414	6.261486053466797
1	657	tiny	9.248570442199707	9.175888061523438	8.690164566040039	8.537823677062988
1	658	little	6.27518367767334	2.665733814239502	2.3445730209350586	1.759416103363037
1	659	water	7.8344526290893555	7.744014739990234	9.004838943481445	9.561127662658691
1	660	drops,	11.453889846801758	9.667669296264648	9.288086891174316	9.651161193847656
1	661	who	7.089888572692871	7.415433883666992	7.509416580200195	7.231962203979492
1	662	sprang	11.557045936584473	10.652610778808594	11.199501991271973	10.93932819366455
1	663	on	3.969365119934082	4.435469150543213	4.319726943969727	4.443352699279785
1	664	it	5.7450761795043945	6.042211055755615	4.487296104431152	4.433341026306152
1	665	by	5.453008651733398	4.104011535644531	3.7776994705200195	3.9654979705810547
1	666	hundreds	8.877942085266113	8.945781707763672	8.993426322937012	8.239992141723633
1	667	and	3.3002219200134277	4.4715576171875	3.768622398376465	3.5886917114257812
1	668	thousands,	13.732510566711426	5.3575897216796875	4.891374588012695	4.191080570220947
1	669	and	2.035331964492798	2.401946544647217	2.1780993938446045	2.206120491027832
1	670	whirled	14.285630226135254	16.073904037475586	14.410990715026855	15.034841537475586
1	671	it	5.176183700561523	3.684192180633545	4.611001014709473	5.199775695800781
1	672	over	6.835352897644043	4.198702812194824	4.079303741455078	4.456550598144531
1	673	and	3.675727367401123	2.5827479362487793	1.4148085117340088	2.179196357727051
1	674	over.	9.78228759765625	3.0778961181640625	3.4299962520599365	4.879868507385254
1	675	It	3.541823625564575	3.3659160137176514	3.1863532066345215	2.9693970680236816
1	676	was	3.412656545639038	1.902078628540039	1.9448778629302979	1.8017230033874512
1	677	lucky	10.068023681640625	8.740606307983398	8.861307144165039	8.927993774414062
1	678	for	3.922273635864258	3.976038932800293	2.094576358795166	1.915399432182312
1	679	the	2.3598663806915283	2.383300304412842	2.8545026779174805	2.8794727325439453
1	680	water	7.943147659301758	9.076162338256836	9.005468368530273	7.938262939453125
1	681	drops	9.587381362915039	8.47824764251709	9.43963623046875	9.01733112335205
1	682	that	4.024801731109619	4.240511417388916	3.889538049697876	2.7208449840545654
1	683	the	2.915968894958496	4.031558990478516	4.129735946655273	3.783566474914551
1	684	brook	12.879674911499023	13.807720184326172	13.015276908874512	12.473443984985352
1	685	where	7.108486175537109	4.961882591247559	7.812646389007568	8.529199600219727
1	686	they	4.319696426391602	2.5697734355926514	2.7267730236053467	2.4915573596954346
1	687	were	4.352205276489258	2.6864898204803467	2.918426036834717	2.005206823348999
1	688	swimming	10.75581169128418	9.591660499572754	9.56515884399414	8.358255386352539
1	689	next	7.495940208435059	5.8492255210876465	6.121957302093506	5.760444641113281
1	690	emptied	13.31019401550293	17.02386474609375	18.743776321411133	18.510061264038086
1	691	into	5.796850204467773	4.586225509643555	4.404579162597656	4.357766151428223
1	692	a	2.7688488960266113	1.35403573513031	1.7797043323516846	1.5909068584442139
1	693	beautiful	8.855427742004395	7.136321544647217	7.701414108276367	7.969952583312988
1	694	pond	12.027846336364746	9.256319046020508	8.324926376342773	6.794544219970703
1	695	where	6.1893134117126465	3.7069203853607178	3.778573989868164	3.559370994567871
1	696	ducks	12.688233375549316	10.269843101501465	8.578067779541016	7.935543060302734
1	697	and	2.872699499130249	1.7596790790557861	1.8307507038116455	1.4294873476028442
1	698	geese	14.131027221679688	7.108216285705566	1.4618639945983887	1.7486872673034668
1	699	were	3.688743829727173	3.7280466556549072	3.6133296489715576	4.257181167602539
1	700	living	7.720754146575928	5.315662860870361	5.515146732330322	5.194459915161133
1	701	peacefully.	13.866615295410156	9.30837631225586	9.701447486877441	9.09943675994873
1	702	Aqua	13.852657318115234	13.563150405883789	13.336326599121094	11.40267276763916
1	703	liked	11.031840324401855	9.529617309570312	8.652994155883789	7.631986141204834
1	704	to	2.6944801807403564	1.5143532752990723	1.1043152809143066	1.034850835800171
1	705	play	6.613509178161621	3.129283905029297	3.207646608352661	3.405620574951172
1	706	hide-and-seek	13.50384521484375	10.309483528137207	9.493758201599121	8.202244758605957
1	707	in	3.7956018447875977	2.728513479232788	2.1959433555603027	2.476384162902832
1	708	this	4.71042013168335	3.9814484119415283	4.370165824890137	4.139886856079102
1	709	pond,	13.530106544494629	12.408390998840332	12.087943077087402	12.649015426635742
1	710	and	2.1565184593200684	2.2137763500213623	2.2172932624816895	1.6473817825317383
1	711	it	5.259035587310791	3.7954273223876953	3.3039841651916504	3.23567533493042
1	712	was	3.875565528869629	2.145947217941284	1.55182683467865	1.9045954942703247
1	713	his	5.76707649230957	4.721619606018066	5.396511077880859	5.585061073303223
1	714	brother	8.332794189453125	6.175349712371826	5.627580165863037	5.451672077178955
1	715	water	9.498546600341797	11.98841667175293	13.106103897094727	13.824930191040039
1	716	drop	9.193735122680664	8.021371841430664	9.201506614685059	9.186471939086914
1	717	who	6.792374134063721	8.290769577026367	7.613790035247803	8.075678825378418
1	718	he	4.975992202758789	3.867926836013794	6.021963119506836	6.305747985839844
1	719	fooled	11.595269203186035	10.955063819885254	11.25436782836914	9.736007690429688
1	720	by	4.006704330444336	4.870771408081055	2.111666202545166	2.3819632530212402
1	721	swimming	11.200435638427734	11.71522331237793	8.770227432250977	8.780805587768555
1	722	to	3.480739116668701	3.4022128582000732	4.178493976593018	3.4724831581115723
1	723	a	3.5429835319519043	2.7894492149353027	2.624145984649658	2.28005313873291
1	724	big	6.232789039611816	6.4991302490234375	6.283877849578857	5.756223678588867
1	725	pool	9.430034637451172	8.965544700622559	6.9577250480651855	4.792909622192383
1	726	of	2.6699488162994385	0.6837239265441895	0.4711449146270752	0.381185919046402
1	727	water	8.199493408203125	5.960920810699463	5.1879425048828125	4.592763900756836
1	728	and	3.0145046710968018	2.246865749359131	2.5128402709960938	2.6338560581207275
1	729	pretending	11.445674896240234	12.663021087646484	12.350667953491211	12.425200462341309
1	730	to	2.5105350017547607	0.7131967544555664	0.8186756372451782	0.695448637008667
1	731	hide	8.8052978515625	6.2525506019592285	7.036548614501953	6.69715690612793
1	732	there,	7.899932384490967	8.307121276855469	8.639488220214844	8.623370170593262
1	733	but	2.4467625617980957	2.3899734020233154	2.1901750564575195	2.06659197807312
1	734	then	5.818209648132324	4.564579010009766	4.459534645080566	4.295978546142578
1	735	sneaking	11.977093696594238	11.780126571655273	12.597993850708008	11.411128997802734
1	736	under	6.69868803024292	5.301474094390869	5.222468376159668	5.235610485076904
1	737	a	3.0148627758026123	2.886707067489624	2.1956639289855957	2.1691648960113525
1	738	rock	8.976665496826172	9.247577667236328	3.7394208908081055	4.532692909240723
1	739	into	5.9069976806640625	6.211206436157227	6.977376461029053	5.51167106628418
1	740	an	4.482958793640137	4.151589393615723	3.8705391883850098	3.2683298587799072
1	741	obscured	12.078513145446777	11.421268463134766	10.748059272766113	11.221086502075195
1	742	little	7.931116104125977	7.602115631103516	8.007349014282227	7.942159175872803
1	743	puddle.	15.110166549682617	12.586028099060059	8.448468208312988	8.227411270141602
1	744	His	5.196106910705566	5.0750274658203125	4.470276355743408	4.609837532043457
1	745	brother	7.876201629638672	5.677169322967529	6.269184589385986	6.160958766937256
1	746	had	5.110259056091309	3.6088809967041016	3.6791672706604004	3.4323365688323975
1	747	blatantly	11.94491195678711	11.838947296142578	12.433917045593262	12.50210189819336
1	748	peeked	13.300594329833984	14.160393714904785	13.119318008422852	13.389348983764648
1	749	and	4.076811790466309	4.9169206619262695	5.227506637573242	5.362890243530273
1	750	even	6.189765930175781	6.877527236938477	5.824858665466309	5.810829162597656
1	751	followed	8.559700012207031	9.299668312072754	6.9766645431518555	6.866646766662598
1	752	Aqua	13.626254081726074	12.819549560546875	12.438680648803711	12.240555763244629
1	753	as	5.444669723510742	6.112586975097656	3.324824333190918	3.2571914196014404
1	754	he	4.9196062088012695	3.1611204147338867	2.3831958770751953	1.731130599975586
1	755	entered	8.580093383789062	5.777514457702637	5.831757545471191	4.832875728607178
1	756	the	2.440420389175415	0.8682858347892761	0.6435855031013489	0.5220173597335815
1	757	big	6.988163471221924	7.656004905700684	7.688577175140381	7.639179229736328
1	758	pool	9.430034637451172	8.991965293884277	8.799477577209473	8.218228340148926
1	759	of	2.6699488162994385	0.6837239265441895	0.9390402436256409	1.1457116603851318
1	760	water,	9.984663009643555	7.963505744934082	7.226407051086426	8.074946403503418
1	761	so	3.8173418045043945	4.076223850250244	4.3249006271362305	3.675873279571533
1	762	when	5.647326469421387	4.791896820068359	4.690777778625488	4.785652160644531
1	763	he	4.355210304260254	2.689473867416382	3.27634334564209	3.307589530944824
1	764	searched	10.387126922607422	8.89262866973877	8.394710540771484	8.209914207458496
1	765	there	6.437043190002441	7.669257164001465	7.758942604064941	6.6207275390625
1	766	and	3.5950143337249756	2.536888837814331	2.18027400970459	2.5593037605285645
1	767	could	6.790335655212402	7.0047101974487305	5.585318088531494	5.394783973693848
1	768	not	3.865295886993408	2.602306365966797	2.42326021194458	0.9768951535224915
1	769	find	6.922511100769043	3.6898810863494873	2.8257384300231934	2.860166311264038
1	770	him,	8.982873916625977	7.331092357635498	6.626225471496582	7.277899265289307
1	771	he	3.3123810291290283	2.9650638103485107	2.711787700653076	2.501589298248291
1	772	was	3.423234701156616	2.45479154586792	2.568913221359253	2.2103769779205322
1	773	extremely	8.416791915893555	7.381629943847656	6.214829444885254	6.279919624328613
1	774	surprised	9.318900108337402	5.556789398193359	5.063276290893555	4.908081531524658
1	775	and	3.4660820960998535	2.7458231449127197	2.0769615173339844	2.2628333568573
1	776	gave	8.52323055267334	5.935182094573975	7.017197132110596	6.178544044494629
1	777	up.	7.815338611602783	5.852793216705322	4.675697326660156	4.261198997497559
1	778	Aqua	12.6525239944458	13.09718132019043	12.964134216308594	12.788185119628906
1	779	liked	11.031840324401855	8.966869354248047	8.200164794921875	7.971542835235596
1	780	this	4.948519706726074	3.086470365524292	3.4203712940216064	3.702353000640869
1	781	pond	12.254732131958008	12.029594421386719	12.774897575378418	11.949502944946289
1	782	where	6.1893134117126465	4.868359565734863	5.340134620666504	5.667070388793945
1	783	he	4.555023193359375	2.5172548294067383	2.914337396621704	3.2192814350128174
1	784	could	4.925746917724609	4.261718273162842	3.73469614982605	4.1423420906066895
1	785	play	6.57664680480957	5.166866302490234	5.469585418701172	5.414918899536133
1	786	all	5.540452003479004	5.170965671539307	4.737232208251953	5.0165557861328125
1	787	day,	9.11922836303711	4.427399158477783	4.354251861572266	4.231029987335205
1	788	so	4.874960422515869	4.239170551300049	3.680851936340332	3.6308517456054688
1	789	he	4.975505352020264	3.3271987438201904	3.63818359375	3.7625269889831543
1	790	stayed	8.6415376663208	6.767855644226074	6.00178337097168	6.173768043518066
1	791	a	3.374802589416504	4.3464460372924805	4.3420844078063965	4.109584808349609
1	792	good	6.11648416519165	3.838256597518921	4.5051727294921875	4.190671920776367
1	793	while,	9.394891738891602	10.198769569396973	5.366147994995117	4.563423156738281
1	794	sailing	12.3530855178833	12.204193115234375	12.28326416015625	10.953911781311035
1	795	up	6.041018009185791	3.9550185203552246	3.9216108322143555	3.7258243560791016
1	796	and	3.3984153270721436	2.623809337615967	2.035951852798462	1.9494482278823853
1	797	down,	10.395503997802734	5.690452575683594	3.262120485305786	3.0322606563568115
1	798	taking	6.464838981628418	6.860677719116211	6.075024127960205	5.378632545471191
1	799	the	2.4550089836120605	2.444005250930786	2.6477246284484863	2.8785152435302734
1	800	ducks'	16.20960807800293	17.452247619628906	15.605525970458984	15.501642227172852
1	801	backs	8.638895034790039	5.400732040405273	6.256561279296875	4.92230224609375
1	802	for	3.8954367637634277	4.3027119636535645	4.4609375	4.439668655395508
1	803	ships	10.438279151916504	11.42880916595459	12.045860290527344	11.972330093383789
1	804	and	3.000539779663086	1.7411268949508667	1.7944029569625854	1.6645798683166504
1	805	the	3.0785820484161377	3.3302996158599854	4.219170570373535	4.186428070068359
1	806	frogs	12.353368759155273	11.745206832885742	12.633977890014648	13.465166091918945
1	807	for	4.038755416870117	4.626307964324951	5.4522929191589355	4.868089199066162
1	808	horses,	12.44031047821045	9.96364974975586	11.807326316833496	10.827899932861328
1	809	but	3.4037604331970215	3.344858169555664	3.5229501724243164	3.2988433837890625
1	810	after	6.210691452026367	5.816346168518066	6.000354766845703	5.835724353790283
1	811	a	3.135173797607422	2.1324191093444824	2.1397929191589355	2.313020706176758
1	812	time	6.020461559295654	6.4577531814575195	5.219815731048584	4.021711349487305
1	813	he	5.306600570678711	5.830965995788574	3.09950590133667	2.043480396270752
1	814	tired	10.041997909545898	10.91868782043457	10.493142127990723	10.826251983642578
1	815	of	2.826127052307129	0.38391488790512085	0.4936668276786804	0.5150067210197449
1	816	the	2.347175359725952	1.8235141038894653	2.4168484210968018	2.722667932510376
1	817	dull	11.566458702087402	11.821166038513184	9.563497543334961	7.876950263977051
1	818	life,	8.833800315856934	8.282119750976562	8.193807601928711	7.064822673797607
1	819	and	2.0482046604156494	2.0884854793548584	2.0435538291931152	1.928696870803833
1	820	he	5.580050468444824	4.007126331329346	3.560342311859131	3.8796985149383545
1	821	and	3.7777562141418457	5.040657997131348	4.9161200523376465	5.303242206573486
1	822	his	5.751666069030762	1.5593234300613403	1.3860212564468384	0.9940013885498047
1	823	brothers	9.376214981079102	6.651651382446289	5.833498954772949	5.5954484939575195
1	824	floated	11.592425346374512	11.946582794189453	11.306410789489746	10.538398742675781
1	825	under	6.400939464569092	5.798716068267822	5.847925186157227	5.849010467529297
1	826	a	3.0148627758026123	2.453078508377075	2.7867095470428467	2.792658567428589
1	827	bridge	9.496248245239258	7.641939163208008	3.5113816261291504	2.900886297225952
1	828	for	4.072696685791016	3.6323177814483643	4.769858360290527	4.413556098937988
1	829	a	3.074422836303711	2.6018049716949463	3.338890790939331	2.5728375911712646
1	830	long	6.154791355133057	3.9710469245910645	3.8325982093811035	4.610864162445068
1	831	distance,	11.058578491210938	7.757779121398926	8.866734504699707	6.49283504486084
1	832	until	7.383952617645264	7.1606550216674805	6.970524787902832	6.873908996582031
1	833	they	4.637302398681641	2.8705692291259766	2.8308005332946777	2.944699287414551
1	834	saw	7.413834571838379	5.353917598724365	5.669649600982666	5.193661689758301
1	835	another	6.4519500732421875	6.797928810119629	6.082551002502441	5.406586170196533
1	836	brook	13.5614013671875	12.192654609680176	12.752461433410645	12.420942306518555
1	837	tumbling	13.635679244995117	11.965157508850098	11.39380931854248	11.50432300567627
1	838	down	2.3936400413513184	1.568587303161621	1.4807987213134766	1.3742492198944092
1	839	a	3.3898422718048096	2.4583795070648193	2.3199028968811035	2.2365596294403076
1	840	hillside.	15.299941062927246	12.815750122070312	8.9292573928833	8.873977661132812
1	841	'Come,	16.207202911376953	15.460213661193848	15.269498825073242	14.571968078613281
1	842	let's	2.9705891609191895	3.0010082721710205	3.115837812423706	3.0445523262023926
1	843	join	7.471590518951416	5.861866474151611	6.369693279266357	6.500888347625732
1	844	hands!'	20.63499641418457	13.348983764648438	6.196596622467041	4.02988862991333
1	845	cried	7.26025915145874	7.210084438323975	7.477973937988281	7.367522239685059
1	846	Aqua	13.157146453857422	12.753068923950195	12.798929214477539	12.462432861328125
1	847	and	3.430257558822632	2.2925453186035156	2.4297120571136475	2.2464406490325928
1	848	because	7.012833595275879	8.992429733276367	9.75362777709961	9.256669044494629
1	849	the	2.4231858253479004	2.4644651412963867	2.688258171081543	3.327566623687744
1	850	water	7.943147659301758	7.094236850738525	7.132580757141113	6.280411720275879
1	851	drops	9.587381362915039	8.47824764251709	8.308231353759766	7.819319725036621
1	852	were	6.090446472167969	4.4909796714782715	4.063750267028809	4.076041221618652
1	853	all	5.042396545410156	4.575708389282227	4.896993160247803	4.917964458465576
1	854	together,	9.211456298828125	10.08385181427002	10.021438598632812	10.15616226196289
1	855	overcoming	10.898775100708008	10.762730598449707	11.245808601379395	11.826107025146484
1	856	the	2.0351438522338867	1.669405460357666	1.7051162719726562	1.8030328750610352
1	857	brook	12.879674911499023	14.968623161315918	16.59609603881836	16.537931442260742
1	858	was	5.13491153717041	3.789924383163452	5.362235069274902	6.725292205810547
1	859	child's	12.76050853729248	13.232762336730957	13.410423278808594	12.761569023132324
1	860	play.	9.384637832641602	1.9002718925476074	1.5396671295166016	1.550047755241394
1	861	It	3.4761180877685547	3.426565647125244	3.1508402824401855	2.9052462577819824
1	862	was	3.412656545639038	1.6628347635269165	1.6977684497833252	0.9764961004257202
1	863	by	5.291417121887207	6.128890037536621	6.701001167297363	6.407851219177246
1	864	the	2.3163957595825195	2.3254542350769043	3.0037808418273926	3.120746612548828
1	865	help	7.967433929443359	8.383331298828125	7.015292644500732	6.318430423736572
1	866	of	3.714602470397949	0.24170376360416412	0.03590850159525871	0.027166146785020828
1	867	Aqua	12.673636436462402	13.422508239746094	12.228680610656738	11.998777389526367
1	868	and	3.430257558822632	3.0188004970550537	2.435948133468628	2.370120048522949
1	869	his	5.751666069030762	3.6415138244628906	4.483010292053223	2.6230669021606445
1	870	brothers	9.376214981079102	6.651651382446289	5.62468147277832	5.815703392028809
1	871	that	4.20625114440918	5.139393329620361	5.766812801361084	5.957724094390869
1	872	the	2.915968894958496	4.184996604919434	2.5776872634887695	3.123196601867676
1	873	bewitching	12.413053512573242	14.010993003845215	14.003721237182617	13.72393798828125
1	874	river	11.351953506469727	10.321351051330566	9.220588684082031	8.918600082397461
1	875	was	4.768907070159912	5.600226402282715	5.32258415222168	3.0138728618621826
1	876	able	6.929534912109375	6.53021764755249	6.392723560333252	6.126402378082275
1	877	to	1.2900562286376953	0.01705671101808548	0.012012948282063007	0.00891028717160225
1	878	float	9.87899398803711	8.754274368286133	8.936005592346191	6.905126571655273
1	879	heavy	9.478622436523438	9.81672477722168	9.506525993347168	9.757270812988281
1	880	ships,	10.646162033081055	8.432231903076172	7.573770523071289	6.533709526062012
1	881	though	6.338205337524414	6.077132701873779	6.1796064376831055	5.776045799255371
1	882	not	4.977353096008301	3.6989409923553467	3.4855456352233887	3.494318723678589
1	883	so	5.562569618225098	4.76629114151001	4.374148845672607	4.051025390625
1	884	long	6.257523536682129	4.376875877380371	4.09244441986084	4.530210018157959
1	885	ago	8.515214920043945	3.7444262504577637	1.0498747825622559	0.8772655725479126
1	886	it	5.12033224105835	3.6713149547576904	3.0769810676574707	4.0038957595825195
1	887	was	3.875565528869629	1.4344050884246826	0.6007486581802368	0.7789623737335205
1	888	only	5.4053754806518555	4.126838684082031	4.317713737487793	4.164497375488281
1	889	a	3.63690185546875	2.159651279449463	1.754414439201355	1.7848563194274902
1	890	little	6.145646095275879	3.996410369873047	4.1223907470703125	4.711165428161621
1	891	stream.	13.004898071289062	12.96649169921875	13.365253448486328	12.40721321105957
1	892	As	4.598397731781006	4.479639053344727	4.565210342407227	4.534195899963379
1	893	the	2.734726905822754	2.526979446411133	2.3294966220855713	2.4488272666931152
1	894	river	9.600613594055176	8.816734313964844	8.312065124511719	5.465200424194336
1	895	grew	10.105623245239258	9.30829906463623	6.226566791534424	5.344071388244629
1	896	wider	10.365656852722168	8.46152114868164	6.145918369293213	5.4575581550598145
1	897	and	3.479227304458618	1.4099867343902588	0.8163278698921204	0.5572196245193481
1	898	he	5.580050468444824	7.119936943054199	6.570563316345215	6.679471015930176
1	899	could	4.925746917724609	4.353025913238525	3.8352482318878174	3.456763744354248
1	900	almost	6.94229793548584	6.74702262878418	5.98909330368042	6.001644134521484
1	901	see	7.531120300292969	5.798768520355225	2.5123724937438965	2.32155442237854
1	902	the	2.385699987411499	2.0328209400177	1.9601086378097534	1.504536747932434
1	903	ocean,	11.55059814453125	11.08504867553711	11.567543983459473	11.061660766601562
1	904	Aqua	11.941272735595703	11.441422462463379	11.221866607666016	11.588400840759277
1	905	realized	10.803815841674805	10.978853225708008	8.536826133728027	7.891229629516602
1	906	his	5.328354835510254	3.1822988986968994	3.771087646484375	4.044383525848389
1	907	journey	9.057426452636719	8.031331062316895	7.844003677368164	7.017404556274414
1	908	was	4.654516220092773	3.6451425552368164	2.0031418800354004	1.4613276720046997
1	909	almost	6.811521530151367	5.3969011306762695	5.791584014892578	5.888680458068848
1	910	over	6.476410388946533	6.678489685058594	3.7426726818084717	4.343245029449463
1	911	and	3.675727367401123	4.279494285583496	3.1114580631256104	1.7154033184051514
1	912	he	5.580050468444824	5.079484939575195	3.9484217166900635	3.0395050048828125
1	913	had	4.253153324127197	3.4382259845733643	3.72019624710083	3.4220707416534424
1	914	come	6.240243911743164	4.835092067718506	5.349649429321289	5.645689487457275
1	915	full	7.72123908996582	6.370881080627441	7.478102207183838	6.673239231109619
1	916	circle.	11.991090774536133	3.1187057495117188	1.5315136909484863	1.520253300666809
1	917	Back	7.940260887145996	7.903803825378418	7.228507995605469	7.078024387359619
1	918	in	3.475196361541748	1.8521043062210083	1.871638298034668	0.839373767375946
1	919	the	2.2516236305236816	1.806516170501709	1.537873387336731	1.5875686407089233
1	920	ocean,	11.55059814453125	9.264552116394043	10.584527969360352	10.06450080871582
1	921	he	4.901261329650879	4.334539413452148	4.277307987213135	3.8826045989990234
1	922	felt	7.336794853210449	6.089684009552002	5.494442462921143	5.534429550170898
1	923	right	7.145596981048584	5.926790237426758	7.346833229064941	7.315332412719727
1	924	at	4.740679740905762	3.160773277282715	0.8509418368339539	0.17337997257709503
1	925	home.	9.190934181213379	5.503532409667969	2.064976215362549	1.8456158638000488
1	926	For	4.992478370666504	4.865187168121338	5.041642189025879	5.05998420715332
1	927	him,	7.572155952453613	5.321384429931641	5.19036865234375	4.813154697418213
1	928	this	5.446239471435547	4.32479190826416	3.3825533390045166	3.447957992553711
1	929	was	4.899322509765625	2.8186020851135254	2.354503631591797	1.420345664024353
1	930	the	2.8936266899108887	2.3219094276428223	2.183589220046997	1.794965147972107
1	931	safest,	14.21058464050293	10.95138931274414	11.183859825134277	11.468772888183594
1	932	sweetest	10.95682144165039	7.23992919921875	7.225547790527344	7.491835594177246
1	933	place	4.338906288146973	3.3894715309143066	2.517610549926758	1.5344622135162354
1	934	in	3.133809804916382	1.505645513534546	2.3640499114990234	1.6448768377304077
1	935	the	2.2516236305236816	1.2870240211486816	0.46925288438796997	0.33143526315689087
1	936	whole	7.295782566070557	7.416224956512451	6.533779144287109	3.8916492462158203
1	937	wide	8.956605911254883	8.542304992675781	8.027596473693848	7.865350723266602
1	938	world.	8.907276153564453	6.99826192855835	2.928290605545044	2.2553696632385254
1	939	During	6.499605655670166	6.556800842285156	6.928441047668457	6.928684234619141
1	940	the	1.9087936878204346	0.8545566201210022	0.9690061807632446	0.9119604825973511
1	941	warm	10.069419860839844	8.982037544250488	8.529842376708984	8.09117317199707
1	942	summer	8.696020126342773	4.055551052093506	3.1438584327697754	3.4905948638916016
1	943	evenings,	12.71790885925293	6.666987419128418	5.638669490814209	7.143970489501953
1	944	if	5.5071940422058105	5.628661155700684	5.769228935241699	5.910486698150635
1	945	you	3.583247661590576	1.227667212486267	1.3712950944900513	1.2243107557296753
1	946	take	5.871837615966797	5.0879011154174805	5.257275581359863	5.054645538330078
1	947	a	2.864459753036499	1.9157214164733887	1.6962348222732544	1.639193058013916
1	948	walk	8.935271263122559	5.34686279296875	5.132534027099609	5.453774452209473
1	949	on	3.843703269958496	2.9816741943359375	2.8092761039733887	3.0552823543548584
1	950	the	2.1509437561035156	1.2871190309524536	0.8355351686477661	0.9357350468635559
1	951	sea	9.235836029052734	8.052080154418945	7.933884620666504	7.032965183258057
1	952	beach,	11.735462188720703	11.287736892700195	10.215152740478516	9.066282272338867
1	953	you	4.7332305908203125	5.197992324829102	4.623062610626221	4.750431060791016
1	954	will	4.633077144622803	2.60239315032959	2.5498857498168945	2.6346874237060547
1	955	hear	7.608916759490967	4.634451866149902	4.028964996337891	4.163750648498535
1	956	the	2.5829896926879883	2.7291147708892822	2.551701784133911	1.789381504058838
1	957	gentle	11.091391563415527	9.019515037536621	9.11570930480957	8.180704116821289
1	958	rippling	12.385087966918945	10.39362621307373	9.283914566040039	9.345027923583984
1	959	swash	18.08481216430664	17.030548095703125	17.613361358642578	17.589136123657227
1	960	of	1.79298734664917	1.7594494819641113	0.7017583847045898	0.2566155195236206
1	961	the	2.347175359725952	3.61177659034729	3.2875683307647705	2.8828394412994385
1	962	waves	10.561661720275879	10.72823429107666	8.933862686157227	7.465045928955078
1	963	and	3.038188934326172	2.6224327087402344	2.6295390129089355	2.0379269123077393
1	964	some	6.244052886962891	5.999391555786133	7.035101413726807	6.412329196929932
1	965	say	7.422702312469482	6.625171661376953	8.078903198242188	6.991765975952148
1	966	that	3.3253400325775146	1.0613960027694702	1.7921063899993896	2.0998740196228027
1	967	it	4.577120780944824	3.1404128074645996	3.156477451324463	2.8393707275390625
1	968	must	6.697515487670898	5.16308069229126	5.096600532531738	5.3999433517456055
1	969	be	3.21785569190979	0.6628227233886719	0.6513717174530029	0.5215109586715698
1	970	the	3.040605306625366	3.847322940826416	3.9751431941986084	3.967054843902588
1	971	gurgling	14.460309982299805	16.88011932373047	16.741636276245117	15.74142074584961
1	972	voices	7.650363445281982	6.882970809936523	6.591458320617676	7.1841630935668945
1	973	of	2.893247127532959	2.2505924701690674	0.44723349809646606	0.44735389947891235
1	974	Aqua	12.673635482788086	14.3082275390625	13.273788452148438	12.414533615112305
1	975	and	3.430257558822632	3.0188004970550537	2.1886003017425537	2.0101158618927
1	976	his	5.751666069030762	3.6415138244628906	4.483010292053223	3.4311559200286865
1	977	brother	8.332794189453125	4.552192211151123	4.154077053070068	4.5422844886779785
1	978	water	9.498547554016113	11.98841667175293	11.958915710449219	11.160015106201172
1	979	drops	9.587381362915039	7.817617416381836	7.851930618286133	8.303430557250977
1	980	telling	9.937171936035156	11.690792083740234	11.487201690673828	11.279671669006348
1	981	each	6.614139556884766	6.759347915649414	6.407832145690918	6.039618492126465
1	982	other	5.761356353759766	0.8368074893951416	0.329181432723999	0.8418130278587341
1	983	about	6.437553405761719	5.349161624908447	2.641530990600586	1.982279658317566
1	984	their	5.296270370483398	3.569021463394165	2.4088661670684814	1.8523435592651367
1	985	wonderful	9.878482818603516	9.343042373657227	9.213040351867676	9.434887886047363
1	986	journey	9.811166763305664	6.590333938598633	6.421293258666992	5.91342306137085
1	987	around	6.743407249450684	5.044577598571777	4.622100353240967	5.031918048858643
1	988	the	2.134700298309326	0.693162202835083	0.3414362668991089	0.23019422590732574
1	989	world.	7.8494720458984375	3.229250431060791	2.6748483180999756	1.7949154376983643
2	0	It	5.194624900817871	5.194624900817871	5.194624900817871	5.194624900817871
2	1	was	3.412656545639038	3.412656545639038	3.412656545639038	3.412656545639038
2	2	cold	9.9821195602417	8.206482887268066	8.20648193359375	8.206482887268066
2	3	and	3.0128278732299805	0.8716902732849121	0.7345389127731323	0.7345389127731323
2	4	nearly	8.113353729248047	8.178797721862793	7.8301801681518555	7.937696933746338
2	5	dark	9.330243110656738	11.02755355834961	5.542685508728027	5.933112144470215
2	6	on	4.802661895751953	4.656008243560791	4.312034606933594	4.22960901260376
2	7	the	2.1509437561035156	1.0669703483581543	1.1022026538848877	0.8074714541435242
2	8	last	6.058514595031738	6.084271430969238	6.603899002075195	6.609358310699463
2	9	evening	9.053800582885742	9.230080604553223	7.369187355041504	7.253434181213379
2	10	of	3.2186107635498047	3.025578260421753	0.9779043197631836	0.6540125012397766
2	11	the	2.347175359725952	1.3690564632415771	2.0421526432037354	1.3949534893035889
2	12	old	7.383727073669434	6.938941955566406	8.261545181274414	7.875354766845703
2	13	year,	8.379890441894531	8.597566604614258	8.258329391479492	4.456423759460449
2	14	and	2.7752766609191895	2.3575639724731445	2.2310800552368164	2.09334397315979
2	15	the	3.0785820484161377	2.711846351623535	2.825923442840576	2.324903726577759
2	16	snow	9.847015380859375	9.355325698852539	9.263630867004395	7.562139511108398
2	17	was	4.594987869262695	3.3343544006347656	2.9165921211242676	2.558481216430664
2	18	falling	9.272671699523926	5.357240676879883	3.7310473918914795	2.8868372440338135
2	19	fast	8.989706993103027	6.574285507202148	6.406595230102539	5.240736484527588
2	20	and	3.1385984420776367	1.3106865882873535	1.311583161354065	0.9650458097457886
2	21	furious.	13.225427627563477	7.28565788269043	3.043351650238037	2.7731215953826904
2	22	A	4.22403621673584	4.181367874145508	4.052833557128906	3.9169516563415527
2	23	little	6.719359874725342	4.504925727844238	4.553760528564453	4.670413017272949
2	24	girl	8.837699890136719	5.208179473876953	4.036342144012451	3.498356342315674
2	25	no	6.822402000427246	8.078363418579102	8.900418281555176	9.02656364440918
2	26	one	4.971702575683594	3.016657590866089	2.52475905418396	3.1574199199676514
2	27	sheltered	12.621784210205078	13.1847505569458	13.851192474365234	13.318199157714844
2	28	from	4.3231377601623535	2.540342330932617	2.164616823196411	2.6443705558776855
2	29	the	2.1682446002960205	1.3796436786651611	0.6350898742675781	1.0216805934906006
2	30	gelid	19.56136703491211	19.290393829345703	18.748241424560547	19.258485794067383
2	31	air	10.962706565856934	10.609224319458008	10.112601280212402	9.168025016784668
2	32	roamed	13.629780769348145	19.047040939331055	17.77738380432129	19.716341018676758
2	33	through	3.9381611347198486	3.4089012145996094	2.3140602111816406	2.707188606262207
2	34	the	2.067089796066284	0.9114802479743958	0.6897767186164856	0.6210238933563232
2	35	streets	9.672029495239258	6.072388172149658	3.5051145553588867	3.187366247177124
2	36	with	4.093687057495117	3.9305572509765625	3.9874234199523926	3.49857497215271
2	37	a	2.9099040031433105	2.5777196884155273	2.3100979328155518	2.402252674102783
2	38	bare	10.172225952148438	7.819718360900879	7.333988666534424	6.426398277282715
2	39	head	7.7408647537231445	5.140055179595947	4.408498764038086	5.367476940155029
2	40	and	3.1108596324920654	1.6841695308685303	1.600958228111267	1.3268227577209473
2	41	naked	11.522254943847656	10.507499694824219	7.663900375366211	7.363217353820801
2	42	feet,	10.630683898925781	9.090740203857422	8.583366394042969	6.457187652587891
2	43	looking	7.108920097351074	6.8026227951049805	6.801951885223389	6.467072486877441
2	44	as	4.3987202644348145	4.196033000946045	4.134181976318359	3.726654291152954
2	45	poor	8.993647575378418	7.579868793487549	8.795583724975586	8.83259391784668
2	46	as	4.67732048034668	0.7043862342834473	0.2786964774131775	0.13559426367282867
2	47	a	2.9151878356933594	2.9652373790740967	3.40450382232666	3.3347020149230957
2	48	church	9.050215721130371	8.525373458862305	8.39559555053711	7.736003398895264
2	49	mouse.	13.564382553100586	13.684718132019043	12.467398643493652	10.209736824035645
2	50	It's	4.890986442565918	4.428287029266357	4.292784690856934	4.30479621887207
2	51	true	5.14835786819458	6.56942892074585	6.389646530151367	6.772029399871826
2	52	she	6.7046685218811035	6.683216094970703	7.134854316711426	6.61121129989624
2	53	had	4.2017951011657715	2.4441537857055664	2.930375576019287	2.8192138671875
2	54	on	5.1026811599731445	6.654257297515869	7.0641889572143555	7.992330551147461
2	55	a	3.149167776107788	2.8429818153381348	2.106104612350464	3.6244382858276367
2	56	pair	8.166519165039062	7.27748966217041	6.076848030090332	4.611568927764893
2	57	of	2.2196147441864014	0.0550975501537323	0.022798702120780945	0.028614962473511696
2	58	slippers	13.476872444152832	8.949697494506836	7.250827789306641	7.77719259262085
2	59	her	8.146644592285156	8.903236389160156	8.489665031433105	8.698705673217773
2	60	mother	7.964726448059082	5.19578218460083	3.6721444129943848	3.1662654876708984
2	61	had	5.1506805419921875	3.605870246887207	1.8671550750732422	1.918599247932434
2	62	once	7.0362701416015625	6.491865158081055	5.552042484283447	5.3633527755737305
2	63	given	7.5290913581848145	6.058343887329102	5.08324670791626	4.693195343017578
2	64	her	6.138810634613037	4.469198226928711	3.17010235786438	1.9448606967926025
2	65	when	6.4516448974609375	6.448342323303223	7.7080183029174805	8.369068145751953
2	66	she	5.305711269378662	1.1475136280059814	0.8003985285758972	0.8243895769119263
2	67	left	6.549648761749268	4.346262454986572	4.224624156951904	3.739790916442871
2	68	home,	9.632122039794922	6.245151996612549	5.477296829223633	6.034503936767578
2	69	but	3.101245641708374	3.226179838180542	3.0206449031829834	3.438166379928589
2	70	they	4.851510047912598	3.578021287918091	3.5753307342529297	4.078062057495117
2	71	were	4.352205276489258	2.7296500205993652	2.3502917289733887	2.122735023498535
2	72	as	5.068646430969238	6.105592250823975	6.252312660217285	6.447383880615234
2	73	much	5.979201316833496	2.683070182800293	3.3179001808166504	3.102273464202881
2	74	use	7.215505599975586	7.844707489013672	8.967364311218262	9.458712577819824
2	75	to	3.174888849258423	2.9180874824523926	3.8378710746765137	2.9613993167877197
2	76	her	6.340870380401611	8.05223560333252	5.269742012023926	4.982010841369629
2	77	as	5.208383560180664	5.156902313232422	4.521594524383545	3.7126026153564453
2	78	a	2.9151878356933594	1.903571367263794	1.8836753368377686	1.669037103652954
2	79	chocolate	10.407401084899902	10.886727333068848	10.40410041809082	10.828941345214844
2	80	teapot.	16.860551834106445	12.290262222290039	11.569382667541504	11.610732078552246
2	81	The	2.464496374130249	2.492974281311035	2.477022647857666	2.4799652099609375
2	82	slippers	13.077305793762207	11.38577938079834	12.282049179077148	11.585526466369629
2	83	owned	9.893396377563477	11.172157287597656	11.848943710327148	11.727107048034668
2	84	by	3.7817482948303223	0.1570092886686325	0.1720445156097412	0.23933322727680206
2	85	her	6.156216621398926	5.774472236633301	5.203578948974609	4.825425148010254
2	86	mother	7.964726448059082	4.603247165679932	4.313604354858398	4.152797222137451
2	87	were	5.733821868896484	5.381861686706543	5.404386520385742	5.662451267242432
2	88	so	5.454387664794922	5.0938005447387695	5.142864227294922	5.370204925537109
2	89	large	7.752864360809326	5.831503391265869	7.554882049560547	7.97538948059082
2	90	that	5.110443115234375	1.4661369323730469	0.8617724776268005	0.8518194556236267
2	91	the	2.915968894958496	2.7818241119384766	2.216435432434082	2.398820161819458
2	92	emaciated	13.332853317260742	13.748420715332031	13.376044273376465	13.391862869262695
2	93	little	7.310520648956299	6.66162633895874	7.404691696166992	7.321386814117432
2	94	creature	10.118429183959961	6.724504470825195	5.597904205322266	5.194303512573242
2	95	had	5.809367656707764	5.1637372970581055	5.106810569763184	3.9347989559173584
2	96	lost	7.0954790115356445	5.224118232727051	5.902946472167969	5.217779159545898
2	97	them	6.854942321777344	6.082691669464111	6.892818450927734	7.613879680633545
2	98	while	6.951543807983398	4.878471851348877	5.179241180419922	5.045448303222656
2	99	running	7.594199180603027	5.633225440979004	5.894038677215576	5.168481826782227
2	100	across	7.414431095123291	5.894674301147461	4.84411096572876	4.9785943031311035
2	101	the	1.9771652221679688	0.9683408141136169	1.2464113235473633	0.744414210319519
2	102	street	9.298876762390137	5.889285087585449	4.148263454437256	2.97922945022583
2	103	to	3.4587790966033936	3.038937568664551	2.4335379600524902	1.8084559440612793
2	104	avoid	7.487624168395996	4.696488857269287	4.37639045715332	4.110352993011475
2	105	two	6.49334192276001	7.9391679763793945	7.810701370239258	7.797876358032227
2	106	carriages	9.507963180541992	10.409862518310547	12.617247581481934	10.077472686767578
2	107	that	3.4627716541290283	3.647986888885498	4.110194206237793	3.329496383666992
2	108	were	5.662384510040283	2.5403339862823486	2.110135555267334	2.5214405059814453
2	109	rolling	10.038241386413574	9.564701080322266	7.330451965332031	7.321394920349121
2	110	along	7.495465278625488	4.653890132904053	3.955127239227295	2.0369362831115723
2	111	at	4.65772008895874	3.1424808502197266	2.4769115447998047	2.59553599357605
2	112	a	3.121413469314575	2.392796516418457	1.62662672996521	1.950456142425537
2	113	terrible	9.29179859161377	8.39136028289795	8.000608444213867	7.887869834899902
2	114	rate.	10.572883605957031	11.684503555297852	5.435068130493164	3.203009605407715
2	115	One	5.54142951965332	5.207040309906006	5.201000213623047	5.1276140213012695
2	116	of	2.689824342727661	1.6142680644989014	1.5915627479553223	1.5565648078918457
2	117	the	2.347175359725952	0.5464785099029541	0.4331798851490021	0.47419440746307373
2	118	slippers	13.207710266113281	13.874953269958496	12.745307922363281	13.845375061035156
2	119	she	7.400030136108398	5.246827602386475	5.785581111907959	4.914856910705566
2	120	could	4.9642133712768555	3.935698986053467	5.187383651733398	5.120943069458008
2	121	not	3.865295886993408	2.5151450634002686	2.588411569595337	2.3685317039489746
2	122	find,	12.44710922241211	9.10863208770752	8.690977096557617	5.647037982940674
2	123	and	2.373077154159546	2.606008768081665	2.4225611686706543	2.250748634338379
2	124	a	3.8303797245025635	4.613059997558594	4.897469520568848	4.889638900756836
2	125	boy	9.008321762084961	8.303213119506836	8.206941604614258	7.79866886138916
2	126	seized	10.517005920410156	10.264410018920898	9.789216995239258	9.874449729919434
2	127	upon	7.162168025970459	2.792569637298584	4.92814826965332	4.426596641540527
2	128	the	2.1021764278411865	1.5233978033065796	0.9331743121147156	2.853107213973999
2	129	other,	8.503791809082031	7.696629524230957	8.567917823791504	10.142386436462402
2	130	saying	7.262679100036621	6.356709957122803	7.120676040649414	6.690436363220215
2	131	that	3.1492629051208496	1.3443394899368286	1.3654509782791138	1.1211419105529785
2	132	he	4.918147087097168	2.446599006652832	2.4499666690826416	2.1826839447021484
2	133	could	4.925746917724609	3.7226951122283936	3.6929211616516113	3.9920382499694824
2	134	use	5.540154933929443	4.340053558349609	4.142430305480957	4.268283843994141
2	135	it	4.775339126586914	3.0317959785461426	3.2256407737731934	3.087103843688965
2	136	as	4.647400856018066	2.53248929977417	2.427534580230713	2.5374433994293213
2	137	a	2.9151878356933594	1.2589974403381348	0.9299928545951843	0.6244408488273621
2	138	home	7.662050724029541	7.286503791809082	7.343038558959961	6.1484198570251465
2	139	for	4.008401870727539	2.3259730339050293	2.1421945095062256	1.890726923942566
2	140	his	5.392496109008789	3.4889633655548096	3.448458433151245	3.375239372253418
2	141	little	6.9639506340026855	7.557566165924072	6.981069087982178	6.327908515930176
2	142	pet	10.711570739746094	6.7648210525512695	6.801825523376465	6.858603000640869
2	143	mouse.	12.65422534942627	10.648237228393555	7.693915367126465	7.804615497589111
2	144	So	4.83255672454834	5.277761459350586	4.722716331481934	5.132528305053711
2	145	with	5.039899826049805	5.243013858795166	5.268755912780762	5.239490985870361
2	146	her	5.927338600158691	5.129308700561523	6.265027046203613	5.386821746826172
2	147	naked	10.347002029418945	8.73829174041748	7.662221908569336	6.633073806762695
2	148	feet,	10.630683898925781	8.103468894958496	7.9472246170043945	7.860003471374512
2	149	which	3.9494316577911377	3.8841092586517334	4.131932735443115	3.845245361328125
2	150	were	5.147941589355469	3.767850875854492	2.876232624053955	2.1580090522766113
2	151	quite	7.44300651550293	6.526766777038574	5.7450714111328125	5.422311305999756
2	152	red	8.465896606445312	9.247007369995117	9.352385520935059	9.250360488891602
2	153	and	3.4094698429107666	1.8667799234390259	1.7951167821884155	1.692153811454773
2	154	blue	9.245555877685547	3.545908212661743	4.002403259277344	3.9482102394104004
2	155	with	4.744964122772217	5.734922409057617	3.7377941608428955	2.628906726837158
2	156	the	2.270246982574463	2.490630626678467	2.740814208984375	2.5263850688934326
2	157	cold,	11.069549560546875	10.972691535949707	11.472562789916992	11.668011665344238
2	158	the	4.305328845977783	2.609956979751587	2.9513278007507324	4.040019512176514
2	159	little	7.1267242431640625	6.677316188812256	7.241383075714111	7.266265869140625
2	160	girl	8.837699890136719	3.4394304752349854	2.891871213912964	3.115997791290283
2	161	went	7.115131378173828	6.914755344390869	5.846397399902344	5.164087772369385
2	162	on,	7.597301483154297	6.853977680206299	7.196179389953613	6.228305816650391
2	163	wondering	9.177953720092773	7.6621551513671875	7.181448459625244	7.382143020629883
2	164	how	5.529950141906738	2.0126054286956787	1.9773156642913818	2.2204408645629883
2	165	she	5.753652572631836	4.3511786460876465	3.5761818885803223	3.025585174560547
2	166	would	4.5683794021606445	3.4301908016204834	2.3730196952819824	2.3236336708068848
2	167	get	4.7561798095703125	4.25391960144043	4.521001815795898	3.987992525100708
2	168	through	6.586725234985352	4.687244892120361	5.625747203826904	4.551173686981201
2	169	this	4.725348949432373	2.7749218940734863	2.8355040550231934	2.576603412628174
2	170	dreadful	11.644987106323242	9.760086059570312	9.44500732421875	9.701560020446777
2	171	night.	9.546981811523438	6.275297164916992	6.464876174926758	6.480799198150635
2	172	She	4.05523681640625	4.033483505249023	4.125866889953613	4.175734519958496
2	173	approached	9.309309959411621	7.596804618835449	7.523789882659912	7.721070766448975
2	174	an	5.264230728149414	4.962651252746582	5.3728437423706055	5.520484924316406
2	175	old	6.997714042663574	4.640858173370361	2.827122926712036	2.659938335418701
2	176	hovel	14.102447509765625	11.844862937927246	12.245570182800293	11.62790584564209
2	177	she	7.198441982269287	6.348362922668457	6.131893634796143	6.021092891693115
2	178	had	4.2017951011657715	2.4687743186950684	1.9632278680801392	1.4565930366516113
2	179	used	6.556766033172607	5.435908794403076	5.204141616821289	5.365677833557129
2	180	as	4.242681503295898	5.10659122467041	4.404871940612793	2.9925107955932617
2	181	a	2.9151878356933594	1.0297629833221436	1.1024094820022583	0.6170676946640015
2	182	shelter	10.361937522888184	9.649505615234375	8.264677047729492	7.398561477661133
2	183	a	4.086560249328613	6.224020481109619	7.588139057159424	7.333780288696289
2	184	few	6.295514106750488	3.842773675918579	1.3753011226654053	2.108884572982788
2	185	times	6.669694900512695	4.68961238861084	3.418853282928467	4.033202648162842
2	186	before,	8.613192558288574	5.364958763122559	5.3343000411987305	7.155031204223633
2	187	and	2.499903917312622	2.4203507900238037	2.224501132965088	2.1217527389526367
2	188	found	7.485674858093262	7.585626125335693	6.872780799865723	6.587451934814453
2	189	the	2.5804600715637207	2.649854898452759	2.741478681564331	2.7940502166748047
2	190	entrance	9.444188117980957	8.019935607910156	8.050081253051758	7.354349136352539
2	191	was	5.035229682922363	5.20230770111084	4.546525955200195	3.571316719055176
2	192	locked.	12.79604434967041	8.82490348815918	6.412439346313477	5.809333801269531
2	193	Tough	10.914937019348145	11.656400680541992	12.14003849029541	12.12256908416748
2	194	luck	10.268909454345703	3.639200210571289	3.1313931941986084	4.055848598480225
2	195	for	3.654118537902832	2.7209603786468506	2.620586395263672	2.335613250732422
2	196	the	2.3598663806915283	1.8247112035751343	2.25246262550354	1.9843456745147705
2	197	girl!	16.7498722076416	15.12125015258789	13.08638858795166	10.313488006591797
2	198	This	4.337315559387207	4.292426586151123	4.211056232452393	4.251652717590332
2	199	day	7.163273811340332	7.305506706237793	7.209299087524414	7.219403266906738
2	200	was	4.862380027770996	2.565356492996216	2.5984513759613037	2.3231899738311768
2	201	even	5.814495086669922	6.238846302032471	5.668853759765625	5.310023307800293
2	202	worse	9.852458000183105	3.588883638381958	3.0954947471618652	2.9887497425079346
2	203	than	4.990086078643799	1.3366703987121582	1.4617424011230469	0.7918550372123718
2	204	the	2.5739622116088867	1.8515863418579102	1.6155494451522827	1.6690831184387207
2	205	others.	9.855888366699219	6.611159324645996	5.674463272094727	6.646866798400879
2	206	No	5.84124755859375	5.9373908042907715	5.849624156951904	5.788352012634277
2	207	Good	9.099876403808594	10.80517864227295	10.97641658782959	11.147136688232422
2	208	Samaritan	11.472092628479004	7.859518051147461	4.797010898590088	5.841561317443848
2	209	had	5.132908821105957	4.877743721008301	5.936345100402832	4.659540176391602
2	210	given	6.853522300720215	5.559200286865234	5.373566627502441	5.86277437210083
2	211	her	6.138810634613037	3.281205654144287	2.312161922454834	2.214216709136963
2	212	even	6.852766990661621	7.933614730834961	7.647366046905518	8.484085083007812
2	213	a	3.4648122787475586	4.811128616333008	2.3597311973571777	2.595609426498413
2	214	penny.	12.805402755737305	10.061797142028809	10.0965576171875	8.085409164428711
2	215	And	3.7309629917144775	3.3404572010040283	3.3292102813720703	3.4501774311065674
2	216	she	6.210233688354492	5.028759956359863	4.803981781005859	4.9566192626953125
2	217	had	4.2017951011657715	3.0883941650390625	3.123459815979004	3.2870023250579834
2	218	no	5.174587249755859	3.7407050132751465	2.8499250411987305	2.725512981414795
2	219	luck	10.180262565612793	7.268230438232422	7.3984832763671875	7.2488813400268555
2	220	selling	10.201013565063477	7.380417823791504	7.21365213394165	6.908394813537598
2	221	any	6.175374507904053	6.077641010284424	4.182003974914551	4.006652355194092
2	222	matches	10.070816040039062	9.66682243347168	9.38005542755127	9.194253921508789
2	223	that	3.828932523727417	3.142070770263672	3.062511920928955	3.02317214012146
2	224	she	6.105948448181152	6.137293815612793	6.370939254760742	5.918825149536133
2	225	carried	8.356264114379883	7.958553791046143	7.122496604919434	8.135462760925293
2	226	in	3.08154296875	3.8917460441589355	4.247711181640625	2.7154459953308105
2	227	the	2.2516236305236816	1.9659507274627686	2.6610774993896484	2.9216866493225098
2	228	old	7.383727073669434	7.025047302246094	7.346367359161377	7.319949150085449
2	229	apron	11.48537826538086	10.792047500610352	11.846264839172363	11.67525577545166
2	230	her	8.424370765686035	8.005435943603516	9.377949714660645	9.755937576293945
2	231	grandmother	10.689046859741211	7.430373191833496	5.32738733291626	4.929871559143066
2	232	had	5.25175666809082	3.654726982116699	2.140857696533203	1.7900168895721436
2	233	given	6.853522300720215	4.832542419433594	4.128777980804443	2.636582851409912
2	234	her.	10.13982105255127	8.561666488647461	6.0218825340271	4.231181621551514
2	235	Poor	8.785757064819336	8.991247177124023	9.06055736541748	8.756776809692383
2	236	little	7.55864143371582	3.165186643600464	3.5751023292541504	3.2201991081237793
2	237	child,	10.107349395751953	7.575801372528076	7.450102806091309	7.805481910705566
2	238	she	3.7144086360931396	3.9033024311065674	3.541963815689087	2.219916582107544
2	239	looked	6.829082012176514	6.028216361999512	5.395906448364258	5.2985944747924805
2	240	the	3.3053836822509766	5.336179256439209	5.254177093505859	5.050609588623047
2	241	picture	8.863739967346191	7.390399932861328	7.777485370635986	7.9579267501831055
2	242	of	2.5681614875793457	1.8626025915145874	1.1102361679077148	1.6987639665603638
2	243	misery.	13.307330131530762	13.404815673828125	12.314523696899414	12.157094955444336
2	244	On	5.439464569091797	5.116751670837402	5.047049522399902	5.107685565948486
2	245	her	5.998165130615234	4.869655609130859	5.297358512878418	4.632040977478027
2	246	long,	9.782687187194824	9.243825912475586	9.23814868927002	9.113450050354004
2	247	fair	9.076711654663086	8.307100296020508	9.04677963256836	9.474720001220703
2	248	hair,	10.478440284729004	10.213706970214844	2.1332831382751465	1.9364492893218994
2	249	which	3.8932249546051025	3.9079599380493164	4.572628498077393	3.412477970123291
2	250	hung	10.522261619567871	9.223225593566895	8.455816268920898	8.15563678741455
2	251	in	3.128072738647461	1.9739556312561035	2.400552272796631	2.5280508995056152
2	252	curls	14.286001205444336	13.637134552001953	12.358036041259766	9.176102638244629
2	253	on	3.988192081451416	3.7810235023498535	2.7757744789123535	2.1717638969421387
2	254	her	5.904718399047852	2.244184970855713	2.646466016769409	2.3665168285369873
2	255	shoulders,	11.612987518310547	6.194797515869141	5.102264881134033	5.272147178649902
2	256	the	3.7325010299682617	4.106078147888184	4.016293525695801	4.074050426483154
2	257	snowflakes	15.000876426696777	11.730952262878418	10.39139175415039	10.627640724182129
2	258	kept	8.046394348144531	6.981986999511719	5.900491237640381	5.818999290466309
2	259	landing,	13.056836128234863	10.64781665802002	9.464332580566406	9.267885208129883
2	260	but	2.851548194885254	2.441413402557373	2.5054118633270264	2.325430154800415
2	261	she	6.026896953582764	4.430946350097656	4.122957229614258	4.779873847961426
2	262	did	5.624976634979248	4.065741062164307	3.6598520278930664	3.4467246532440186
2	263	not	3.4299685955047607	0.8826605081558228	0.7634173631668091	0.720399022102356
2	264	notice	9.20274829864502	6.047664165496826	5.597282409667969	5.3882527351379395
2	265	them	6.989116668701172	4.797284126281738	4.976998329162598	5.02496337890625
2	266	as	4.382835388183594	2.0933282375335693	3.127732753753662	3.016852378845215
2	267	she	6.180377960205078	5.778744697570801	5.902992248535156	5.086954116821289
2	268	shivered	10.282299041748047	8.89217758178711	8.584858894348145	9.192296981811523
2	269	along.	10.009476661682129	11.990455627441406	11.103477478027344	10.371559143066406
2	270	She	4.754202842712402	3.007006883621216	2.229260206222534	2.0106372833251953
2	271	was	3.3951942920684814	2.429014205932617	2.287051200866699	2.2623188495635986
2	272	losing	9.103824615478516	8.367396354675293	8.514184951782227	7.693392753601074
2	273	strength	9.068150520324707	6.4338226318359375	5.639769077301025	5.416144847869873
2	274	and	2.818443536758423	1.640837550163269	1.335555911064148	1.0371148586273193
2	275	beginning	9.053200721740723	11.221760749816895	9.507498741149902	8.37513256072998
2	276	to	2.7294023036956787	1.6211655139923096	0.7780851721763611	0.19942045211791992
2	277	doubt	9.407857894897461	6.8314924240112305	6.290542125701904	7.109957695007324
2	278	she	6.480488300323486	7.089803695678711	7.52254581451416	7.787043571472168
2	279	could	4.9642133712768555	2.9564197063446045	2.910426139831543	2.4498450756073
2	280	weather	9.50658130645752	10.74565601348877	10.163553237915039	9.61217975616455
2	281	this	5.693764686584473	3.602123260498047	4.206117153167725	3.620990753173828
2	282	storm.	12.225912094116211	11.021247863769531	3.149723529815674	3.2323222160339355
2	283	It	3.360198974609375	2.9897637367248535	3.0045199394226074	3.207962989807129
2	284	was	3.412656545639038	1.4332611560821533	1.3998342752456665	1.579391360282898
2	285	New	8.657022476196289	9.323290824890137	9.522528648376465	8.955092430114746
2	286	Year's,	12.179113388061523	9.248786926269531	7.961872577667236	7.694174766540527
2	287	and	2.9875481128692627	2.7141778469085693	1.8035515546798706	1.0510025024414062
2	288	the	3.0785820484161377	2.641855001449585	2.7745394706726074	2.9187541007995605
2	289	girl	9.051715850830078	7.979005813598633	9.579684257507324	8.67349624633789
2	290	asked	7.777588367462158	5.6001081466674805	5.852712631225586	5.971799850463867
2	291	herself	9.024559020996094	7.229503631591797	6.817889213562012	6.796398162841797
2	292	why,	12.064626693725586	6.380906105041504	5.636932373046875	5.567777633666992
2	293	as	3.459540605545044	3.420290470123291	3.4524688720703125	3.5461959838867188
2	294	lights	10.7316255569458	12.776535034179688	12.866931915283203	12.369901657104492
2	295	shone	11.898177146911621	6.369288921356201	6.810603141784668	5.664348125457764
2	296	from	4.4694600105285645	2.870985984802246	2.299842357635498	2.638061046600342
2	297	every	6.732704162597656	5.61548376083374	5.072788238525391	5.446039199829102
2	298	window,	10.928037643432617	10.00833797454834	6.924905300140381	4.322971343994141
2	299	and	2.1979501247406006	2.336958646774292	2.149641513824463	1.7286807298660278
2	300	the	3.0785820484161377	2.7592856884002686	2.868842363357544	2.8996198177337646
2	301	savory	13.832735061645508	12.980216979980469	12.825222969055176	13.268606185913086
2	302	smell	7.0170674324035645	6.07628870010376	5.457352638244629	4.960582256317139
2	303	of	2.7689971923828125	0.8936812281608582	0.3415004312992096	0.28958913683891296
2	304	roast	12.841854095458984	8.943520545959473	6.57068395614624	6.851706504821777
2	305	goose	11.693412780761719	9.023200988769531	7.530398368835449	7.62674617767334
2	306	crept	12.498825073242188	14.992220878601074	14.840105056762695	14.103974342346191
2	307	out	4.831850051879883	2.9610674381256104	2.8441827297210693	2.7689156532287598
2	308	on	4.006978988647461	4.136262893676758	4.888098239898682	4.271420955657959
2	309	the	2.1509437561035156	1.7282207012176514	1.4225537776947021	1.5668822526931763
2	310	streets,	11.266798973083496	8.008417129516602	7.017719268798828	5.027651786804199
2	311	she	5.574078559875488	4.982106685638428	5.109304904937744	5.198844909667969
2	312	was	3.420480251312256	2.7714083194732666	2.507092237472534	2.598562479019165
2	313	outside	8.12479305267334	8.777899742126465	8.926460266113281	8.834285736083984
2	314	all	5.790624141693115	5.8467326164245605	6.204179286956787	6.061148166656494
2	315	alone.	10.727073669433594	12.246259689331055	8.42292594909668	6.430721759796143
2	316	Exhausted,	13.005565643310547	13.386895179748535	13.094173431396484	11.867868423461914
2	317	she	4.9528021812438965	2.2578225135803223	2.792691707611084	2.3024208545684814
2	318	finally	7.864079475402832	5.576552391052246	5.643144607543945	5.693653106689453
2	319	sat	9.035030364990234	6.137335777282715	5.21550989151001	4.18467903137207
2	320	down	6.116163730621338	1.3043192625045776	0.7982312440872192	0.6448044180870056
2	321	in	3.3849029541015625	2.796501636505127	3.384465456008911	2.9924609661102295
2	322	a	3.1250689029693604	2.7026405334472656	1.8993250131607056	2.023742914199829
2	323	corner	9.228827476501465	7.372786045074463	4.84109354019165	3.64772367477417
2	324	behind	7.9953508377075195	6.510968208312988	5.644987106323242	5.2517476081848145
2	325	the	2.2769851684570312	1.3490122556686401	1.137449860572815	1.0840556621551514
2	326	little	7.1267242431640625	7.980579853057861	8.079122543334961	7.483482360839844
2	327	bakery.	14.558640480041504	13.818384170532227	11.859947204589844	10.772823333740234
2	328	She	4.933632850646973	4.158249855041504	3.3612101078033447	3.36446213722229
2	329	put	6.509782791137695	6.495084285736084	5.949733257293701	5.6482696533203125
2	330	a	3.049067497253418	2.4629759788513184	2.3582208156585693	2.3623640537261963
2	331	rag	12.532291412353516	8.669305801391602	7.402338027954102	7.390057563781738
2	332	she	6.954014778137207	7.154994010925293	8.103961944580078	6.391801357269287
2	333	had	4.2017951011657715	2.890474796295166	2.0894532203674316	1.8592313528060913
2	334	found	6.525012016296387	4.964500427246094	4.805000305175781	4.3889617919921875
2	335	over	6.095335960388184	7.349857807159424	7.953753471374512	5.93972110748291
2	336	her	6.163549423217773	6.633687973022461	6.6931681632995605	3.1640374660491943
2	337	legs	9.318940162658691	5.818356513977051	7.603691577911377	8.68579387664795
2	338	to	2.972766876220703	3.0929176807403564	2.758138656616211	3.1838252544403076
2	339	cover	7.542843341827393	5.64001989364624	4.785068511962891	4.567949295043945
2	340	herself,	11.938494682312012	10.46645736694336	8.084745407104492	5.689723968505859
2	341	but	3.122974395751953	2.9867594242095947	2.235020637512207	2.468623638153076
2	342	she	6.026896953582764	2.3061683177948	2.01705265045166	2.0522608757019043
2	343	could	4.9642133712768555	4.236085891723633	4.160113334655762	4.090470790863037
2	344	not	3.865295886993408	2.5151450634002686	2.014056444168091	1.2502775192260742
2	345	keep	7.071688175201416	5.6731157302856445	4.749031066894531	4.605227470397949
2	346	off	6.52067232131958	6.973403453826904	6.977766036987305	6.8710174560546875
2	347	the	2.492638349533081	1.7642284631729126	0.9954370260238647	1.0595428943634033
2	348	cold.	11.335807800292969	9.975919723510742	8.411397933959961	9.06500244140625
2	349	The	2.5023481845855713	2.233442783355713	2.4160804748535156	2.54402756690979
2	350	girl,	11.53239631652832	9.854708671569824	10.413164138793945	10.427035331726074
2	351	who	2.7243893146514893	1.2719669342041016	1.4649876356124878	1.5153992176055908
2	352	the	3.733482599258423	6.002363204956055	6.405982494354248	6.781170845031738
2	353	night	8.245865821838379	8.823380470275879	7.18731164932251	7.873545169830322
2	354	air	8.91440486907959	7.143861293792725	6.944651126861572	9.750986099243164
2	355	had	6.063493728637695	6.305319786071777	4.912683963775635	4.289082050323486
2	356	completely	7.95701789855957	7.00299072265625	6.215827941894531	5.810065269470215
2	357	enveloped,	15.702177047729492	12.909198760986328	11.743670463562012	11.587190628051758
2	358	dared	12.948065757751465	13.151265144348145	12.24741268157959	14.437775611877441
2	359	not	4.855157852172852	1.8376796245574951	1.9807636737823486	1.7351778745651245
2	360	go	6.097469329833984	4.90206241607666	4.364402770996094	4.563843250274658
2	361	home,	9.201884269714355	7.97152042388916	5.960501670837402	6.2330732345581055
2	362	for	5.35774040222168	5.86104679107666	5.21828556060791	3.9848997592926025
2	363	she	7.49530029296875	6.792961597442627	6.637088775634766	5.378251075744629
2	364	had	4.2017951011657715	2.7580981254577637	2.2344579696655273	2.2025673389434814
2	365	sold	8.496220588684082	7.099525451660156	6.969890594482422	6.934125900268555
2	366	no	6.434924602508545	7.138325214385986	7.663795471191406	7.526055812835693
2	367	matches.	11.643987655639648	10.418608665466309	11.464820861816406	11.979598999023438
2	368	Her	6.99782657623291	7.742981910705566	6.65131950378418	5.797720432281494
2	369	father	8.25574779510498	5.141042709350586	4.674590110778809	4.042261123657227
2	370	had	5.059264183044434	2.7926154136657715	2.9135022163391113	2.718620538711548
2	371	been	4.648682117462158	1.9165269136428833	1.7118241786956787	1.7725584506988525
2	372	mean	9.420588493347168	10.875091552734375	10.422368049621582	11.107027053833008
2	373	and	3.540905714035034	2.5122010707855225	2.546717405319214	1.9794398546218872
2	374	moody	14.024091720581055	13.697879791259766	10.25877571105957	9.715418815612793
2	375	ever	10.13353443145752	8.864794731140137	8.137818336486816	7.164642810821533
2	376	since	6.57215690612793	1.1892348527908325	0.868715226650238	0.8210558891296387
2	377	his	5.377950668334961	3.702544689178467	3.7850167751312256	3.7844998836517334
2	378	wife	8.265032768249512	4.422724723815918	5.257207870483398	4.943860054016113
2	379	had	5.282764911651611	4.350401878356934	3.4128453731536865	3.3418564796447754
2	380	gone	7.37124490737915	5.0090861320495605	4.7242536544799805	4.515994071960449
2	381	to	2.486459493637085	1.663761019706726	0.9136326313018799	0.9200924634933472
2	382	meet	7.344027519226074	5.591745376586914	5.563329696655273	4.390251159667969
2	383	her	5.985042572021484	4.313876152038574	3.1021885871887207	2.810472249984741
2	384	Maker.	15.10512638092041	13.695083618164062	10.106359481811523	11.158632278442383
2	385	He	3.7283010482788086	2.7627506256103516	3.348050832748413	2.854421377182007
2	386	would	4.5598931312561035	5.045246124267578	3.91788387298584	3.854416847229004
2	387	certainly	7.462980270385742	6.18595027923584	6.128633499145508	6.377906322479248
2	388	beat	9.049115180969238	7.413351058959961	7.525372505187988	7.6775712966918945
2	389	her,	8.614485740661621	6.434783935546875	6.5759053230285645	6.248526096343994
2	390	as	4.330739974975586	4.427316665649414	4.252011299133301	3.8595800399780273
2	391	he	4.9196062088012695	2.8482115268707275	3.343317747116089	3.2839419841766357
2	392	has	4.172833442687988	3.8279788494110107	4.427756309509277	4.3655476570129395
2	393	done	6.701653957366943	4.034882068634033	2.437610149383545	1.4019219875335693
2	394	several	7.661622524261475	6.584470272064209	6.490993022918701	6.435033321380615
2	395	times	6.516780853271484	3.548872709274292	3.6549367904663086	2.5790622234344482
2	396	in	3.406792640686035	2.2816355228424072	2.29024338722229	1.9071167707443237
2	397	the	2.2516236305236816	1.6122125387191772	1.0715303421020508	1.135080099105835
2	398	weeks	9.281957626342773	7.641053199768066	6.606167793273926	6.2710065841674805
2	399	past,	11.274079322814941	8.797491073608398	7.897892951965332	7.834427833557129
2	400	because	5.043432712554932	5.62229061126709	5.651642799377441	5.604741096496582
2	401	she	5.638143062591553	4.481112480163574	3.8790059089660645	3.915130615234375
2	402	had	4.2017951011657715	2.45265793800354	2.729314088821411	2.101391077041626
2	403	not	4.589385986328125	4.304533958435059	3.598519802093506	3.9996559619903564
2	404	earned	10.969244003295898	6.661765098571777	7.29752779006958	7.055418014526367
2	405	any	6.315536975860596	3.997684955596924	2.722033977508545	2.6485090255737305
2	406	money	7.617058753967285	3.3404946327209473	3.045166492462158	2.94136381149292
2	407	today.	8.947697639465332	8.756508827209473	8.861495018005371	8.092021942138672
2	408	Besides,	8.369340896606445	7.981016159057617	7.642077445983887	7.932099342346191
2	409	it	3.017834424972534	3.1369099617004395	3.1639187335968018	3.289478063583374
2	410	was	3.875565528869629	1.9610158205032349	1.978592872619629	2.4549968242645264
2	411	almost	6.811520576477051	5.902368068695068	5.490459442138672	5.085421562194824
2	412	as	4.839903831481934	1.821272850036621	2.1260528564453125	2.2063589096069336
2	413	cold	9.777177810668945	7.427194118499756	7.570262908935547	8.515914916992188
2	414	at	4.9633049964904785	5.041680812835693	5.02230167388916	5.017567157745361
2	415	home	7.606544494628906	4.348776817321777	4.791780471801758	4.795158386230469
2	416	as	4.70482063293457	3.986248731613159	3.68161678314209	2.899930000305176
2	417	outside,	12.0880708694458	13.95815658569336	14.309513092041016	13.126596450805664
2	418	for	5.694127082824707	5.413137912750244	5.402276515960693	5.339156150817871
2	419	they	6.492469310760498	5.71110725402832	5.258656978607178	5.703375816345215
2	420	had	4.714663505554199	3.6717042922973633	3.410029649734497	3.8717386722564697
2	421	only	5.523695468902588	5.615643501281738	5.726431846618652	5.268287658691406
2	422	a	3.63690185546875	2.585872173309326	2.5841710567474365	2.735368013381958
2	423	patchy	13.965202331542969	13.071569442749023	13.07674503326416	12.44104290008545
2	424	roof	8.737470626831055	9.15017318725586	9.920394897460938	8.959345817565918
2	425	to	3.378797769546509	4.332963943481445	4.45047664642334	4.103948593139648
2	426	cover	7.542843341827393	5.902499198913574	4.532135009765625	4.401337146759033
2	427	them.	8.743362426757812	6.58357048034668	5.573159217834473	6.019377708435059
2	428	The	2.674905300140381	2.656826972961426	2.503908634185791	2.176629066467285
2	429	girl's	11.177175521850586	9.565340042114258	9.614367485046387	9.809365272521973
2	430	little	6.919563293457031	6.938468933105469	6.685332298278809	6.639864921569824
2	431	hands	8.718657493591309	4.9622087478637695	3.8604578971862793	3.735722541809082
2	432	were	5.516392707824707	4.9565229415893555	2.578444004058838	1.2476862668991089
2	433	almost	6.8915534019470215	5.953956604003906	7.293154239654541	6.492161273956299
2	434	frozen	10.450026512145996	8.393732070922852	7.835208892822266	7.388036727905273
2	435	solid	9.444427490234375	6.548810005187988	5.316486358642578	5.41619348526001
2	436	so	6.491825103759766	6.297435283660889	5.18198299407959	5.42087984085083
2	437	she	6.08936882019043	5.868069648742676	5.01575231552124	5.350996971130371
2	438	decided	7.390305042266846	5.4116902351379395	5.786103248596191	7.574175834655762
2	439	that	3.287909507751465	2.839456081390381	2.8029794692993164	3.683741331100464
2	440	a	3.9401769638061523	3.8578054904937744	4.28080415725708	4.565053939819336
2	441	burning	9.488040924072266	9.784613609313965	9.82177734375	9.48627758026123
2	442	match	9.163076400756836	6.882660388946533	5.451657295227051	4.8971734046936035
2	443	might	7.919225215911865	7.287938594818115	6.834891319274902	3.7308387756347656
2	444	be	3.328758955001831	1.1281919479370117	1.2436542510986328	1.3330987691879272
2	445	of	4.306572437286377	5.624979496002197	5.433430194854736	5.656303882598877
2	446	some	6.060845851898193	3.959167957305908	3.246535301208496	2.751779556274414
2	447	good.	10.66360855102539	10.477025985717773	9.765302658081055	10.915639877319336
2	448	'Scratch!'	23.931350708007812	23.64506721496582	24.0185489654541	24.355195999145508
2	449	sounded	9.099810600280762	8.640963554382324	8.369115829467773	8.319616317749023
2	450	the	3.075885534286499	4.035561561584473	2.692246675491333	3.005406379699707
2	451	match	8.968645095825195	8.336347579956055	9.754188537597656	10.537084579467773
2	452	as	4.684659957885742	4.396186351776123	3.6124322414398193	4.052927017211914
2	453	she	6.180377960205078	5.908659934997559	4.722902297973633	3.437941074371338
2	454	drew	8.855613708496094	6.966927528381348	6.85794734954834	6.4734015464782715
2	455	it	4.551445484161377	4.566219806671143	4.468033313751221	5.61745548248291
2	456	out.	7.716556549072266	5.3788557052612305	3.938060760498047	3.2011916637420654
2	457	How	6.076290130615234	6.053256511688232	6.530536651611328	6.581972122192383
2	458	it	4.382526397705078	5.189523696899414	4.701101779937744	4.513593673706055
2	459	sputtered	12.703152656555176	14.513775825500488	13.046921730041504	13.247106552124023
2	460	as	2.954176187515259	3.0126302242279053	4.552447319030762	4.662728309631348
2	461	it	4.5123610496521	2.624157190322876	1.6487653255462646	1.5056188106536865
2	462	burnt!	17.47768783569336	19.63361930847168	17.60980987548828	17.28919219970703
2	463	It	3.5246689319610596	3.215150833129883	3.059894561767578	2.682727336883545
2	464	gave	7.276817321777344	6.1801066398620605	6.0376691818237305	5.716441631317139
2	465	a	2.73927903175354	3.429657459259033	3.0857622623443604	2.974273204803467
2	466	warm,	11.361335754394531	10.001574516296387	8.980488777160645	8.681927680969238
2	467	candle-like	14.80803108215332	13.478028297424316	14.76287841796875	13.106980323791504
2	468	bright	8.37511920928955	6.45025634765625	8.113585472106934	9.598810195922852
2	469	light	7.158481121063232	2.740070104598999	2.4460442066192627	2.2143301963806152
2	470	that	4.3004469871521	3.2917845249176025	2.2883224487304688	2.030224323272705
2	471	the	2.915968894958496	3.414199113845825	4.229857444763184	5.041220188140869
2	472	girl	9.051715850830078	7.6544318199157715	6.602254867553711	6.7919769287109375
2	473	hid	11.178370475769043	9.674044609069824	9.287117004394531	8.049393653869629
2	474	from	4.358238220214844	3.3676645755767822	3.426302671432495	3.1958093643188477
2	475	the	2.1682446002960205	1.1064882278442383	1.199759840965271	1.2421377897262573
2	476	world	6.605999946594238	6.247110843658447	6.375190734863281	3.7695086002349854
2	477	as	4.689404487609863	3.540347099304199	3.7493555545806885	3.2532124519348145
2	478	she	6.180377960205078	5.672255039215088	5.38482666015625	5.613790512084961
2	479	held	7.62526798248291	5.583128929138184	6.384702682495117	6.332540035247803
2	480	her	5.954375743865967	2.3822693824768066	1.7722947597503662	1.8825297355651855
2	481	hand	7.659484386444092	4.226259708404541	2.0336618423461914	2.4757800102233887
2	482	over	6.041574001312256	3.698621988296509	2.5487608909606934	3.0711236000061035
2	483	it.	6.167673110961914	5.520459175109863	5.400416851043701	5.193547248840332
2	484	Why	6.27140474319458	6.180188179016113	6.766705513000488	7.455999851226807
2	485	had	5.785760402679443	6.353046417236328	6.341561794281006	6.170039176940918
2	486	no	5.174587249755859	5.558694362640381	4.903810977935791	4.995275974273682
2	487	one	4.971702575683594	5.576409339904785	0.82892245054245	0.5859741568565369
2	488	wanted	8.337824821472168	4.759159088134766	8.088894844055176	5.854924201965332
2	489	to	2.048875093460083	0.5427355766296387	0.42373016476631165	0.35260188579559326
2	490	buy	7.516767978668213	5.466046333312988	5.25667667388916	5.328576564788818
2	491	even	6.459427833557129	7.039572715759277	7.222131729125977	7.271218776702881
2	492	one	5.279129505157471	4.838120460510254	3.6105337142944336	3.9546961784362793
2	493	match?	14.989078521728516	12.970827102661133	13.397449493408203	13.121234893798828
2	494	A	5.066965579986572	4.581630229949951	4.498560428619385	4.520688533782959
2	495	wonderful	9.87515640258789	8.131197929382324	8.236316680908203	8.244702339172363
2	496	light,	9.671128273010254	9.24261474609375	10.54767894744873	10.580517768859863
2	497	it	4.104632377624512	3.972912073135376	3.8304460048675537	4.637063026428223
2	498	was	3.875565528869629	2.2235052585601807	2.460634708404541	2.854609966278076
2	499	really.	13.675941467285156	11.019890785217285	11.875412940979004	11.503244400024414
2	500	It	3.2210657596588135	2.724557399749756	2.4967169761657715	2.214834690093994
2	501	seemed	7.377038478851318	5.341325759887695	4.372269153594971	4.39765739440918
2	502	to	2.4551029205322266	1.6915886402130127	1.619944453239441	1.7858095169067383
2	503	the	2.6109485626220703	5.791765213012695	5.517360687255859	6.348507881164551
2	504	girl	9.051715850830078	9.044567108154297	6.3754963874816895	5.820757865905762
2	505	that	4.235207557678223	4.534008979797363	3.801255702972412	1.9673386812210083
2	506	she	6.105948448181152	3.0091872215270996	2.635955333709717	2.38476300239563
2	507	was	3.420480251312256	1.8710832595825195	2.351133108139038	1.8712785243988037
2	508	sitting	8.562363624572754	5.373042583465576	6.516648292541504	6.446491718292236
2	509	by	4.641102313995361	4.438610076904297	4.243988990783691	4.213328838348389
2	510	a	3.2117414474487305	2.7560293674468994	2.1864635944366455	2.7176525592803955
2	511	large	6.534195899963379	4.996879577636719	4.973730087280273	4.9727463722229
2	512	iron	9.657373428344727	8.34333610534668	8.400614738464355	6.497306823730469
2	513	stove,	13.522655487060547	9.036346435546875	8.474339485168457	8.19528865814209
2	514	with	4.414982318878174	4.319622039794922	3.957124710083008	3.8796226978302
2	515	polished	12.167097091674805	10.935463905334473	9.520792007446289	8.658349990844727
2	516	brass	10.756203651428223	6.424205780029297	4.606128692626953	3.47662353515625
2	517	feet	10.547857284545898	8.62278938293457	8.13671588897705	8.357587814331055
2	518	and	2.8297483921051025	1.52715265750885	1.174369215965271	0.7208890914916992
2	519	a	3.8303797245025635	2.8464226722717285	2.1655139923095703	1.9376667737960815
2	520	brass	10.937234878540039	10.676639556884766	10.41788101196289	7.299640655517578
2	521	ornament.	14.747615814208984	9.970399856567383	9.567849159240723	9.368046760559082
2	522	How	6.815825939178467	7.100080490112305	6.989832878112793	7.2490925788879395
2	523	the	3.182124137878418	4.06954288482666	3.8387856483459473	4.085916042327881
2	524	fire	8.372429847717285	8.376460075378418	7.081611633300781	7.075747966766357
2	525	burned!	17.98861312866211	13.609416007995605	9.220246315002441	9.832633972167969
2	526	The	3.0476057529449463	2.7849180698394775	2.547685146331787	2.9591705799102783
2	527	girl	8.878656387329102	6.284728050231934	6.509061813354492	5.888303756713867
2	528	was	4.128326416015625	2.122943878173828	2.133524179458618	2.0542068481445312
2	529	pleased	9.80897331237793	9.5421781539917	9.438285827636719	9.507349014282227
2	530	and	3.4096248149871826	3.6041529178619385	2.817322254180908	2.6515772342681885
2	531	the	3.0785820484161377	4.435262203216553	4.87488317489624	4.822698593139648
2	532	fire	8.372429847717285	8.232428550720215	7.430562973022461	6.932623386383057
2	533	actually	8.43802547454834	7.788057804107666	7.139060974121094	7.049170017242432
2	534	seemed	8.547842025756836	6.770114898681641	7.053494453430176	6.145841121673584
2	535	so	5.188072204589844	4.580593109130859	5.258643627166748	6.021771430969238
2	536	warm	10.308036804199219	7.042410850524902	8.477010726928711	8.218342781066895
2	537	that	4.65226936340332	3.5338377952575684	2.117964267730713	2.9750919342041016
2	538	the	2.915968894958496	2.4204795360565186	2.44336199760437	2.6479485034942627
2	539	child	8.376208305358887	7.019989967346191	6.959440231323242	7.660414695739746
2	540	stretched	11.487685203552246	13.05700397491455	13.697772979736328	12.38187026977539
2	541	out	5.075238227844238	1.7522571086883545	1.1370562314987183	1.1428658962249756
2	542	her	6.410962104797363	4.257576942443848	2.3545520305633545	2.357877016067505
2	543	feet	9.03943920135498	6.902691841125488	6.088685035705566	6.50300931930542
2	544	as	4.493259906768799	3.1542208194732666	2.939047336578369	3.1967239379882812
2	545	if	5.695194721221924	4.045992851257324	3.3738889694213867	3.307854175567627
2	546	to	4.071876049041748	4.513793468475342	2.3587796688079834	1.9947587251663208
2	547	warm	9.740618705749512	9.71267318725586	8.756141662597656	8.057868003845215
2	548	them,	9.36916732788086	7.427772521972656	6.714372634887695	6.902058124542236
2	549	when	5.497408866882324	5.369488716125488	5.365049362182617	5.249722480773926
2	550	suddenly	9.017168998718262	7.172201156616211	6.752872943878174	6.9222211837768555
2	551	the	3.5408787727355957	2.443889856338501	2.1361680030822754	2.10360050201416
2	552	flame	10.730123519897461	8.987054824829102	8.477670669555664	7.504179000854492
2	553	of	3.3137285709381104	1.7450087070465088	1.3888152837753296	1.9992388486862183
2	554	the	2.347175359725952	2.023308753967285	1.9996355772018433	2.2238588333129883
2	555	match	8.968645095825195	9.42700481414795	10.158536911010742	8.947562217712402
2	556	went	8.152953147888184	5.3483476638793945	5.892901420593262	6.400297164916992
2	557	out.	8.727540969848633	6.148921966552734	7.250512599945068	7.249045372009277
2	558	It	3.4125945568084717	3.187196731567383	3.0194828510284424	3.117180109024048
2	559	was	3.412656545639038	1.6117517948150635	0.6567230224609375	0.8603503704071045
2	560	a	3.061190605163574	2.0511252880096436	1.9386146068572998	1.808115005493164
2	561	short,	10.805219650268555	9.610005378723145	9.070749282836914	9.088993072509766
2	562	stubby	11.860142707824707	7.144644737243652	6.400924205780029	7.5452399253845215
2	563	match	10.32603931427002	11.92503547668457	10.66129207611084	10.606743812561035
2	564	that	4.055039405822754	3.7920124530792236	2.82546329498291	2.259742021560669
2	565	the	2.915968894958496	4.008852481842041	3.6708266735076904	3.9063642024993896
2	566	little	7.1267242431640625	8.358293533325195	8.61677074432373	8.38534927368164
2	567	girl	8.837699890136719	3.4394304752349854	2.4488115310668945	2.185253381729126
2	568	next	7.852848052978516	6.693673133850098	5.874481678009033	7.063424110412598
2	569	rubbed	13.225908279418945	12.42740249633789	16.045211791992188	13.910102844238281
2	570	on	4.028756141662598	3.1970484256744385	5.643507480621338	4.755198001861572
2	571	the	2.1509437561035156	1.6485052108764648	1.5452203750610352	1.9495093822479248
2	572	wall.	10.730249404907227	8.080951690673828	7.505464553833008	7.512495517730713
2	573	It	3.3864870071411133	3.385711193084717	3.4553608894348145	3.241910696029663
2	574	burst	10.579352378845215	9.649215698242188	9.264442443847656	9.318073272705078
2	575	into	5.21339750289917	1.0540540218353271	1.0633467435836792	1.2387094497680664
2	576	a	2.7688488960266113	1.481939673423767	3.385544538497925	3.857318162918091
2	577	flame,	13.108172416687012	11.07344913482666	7.78529167175293	6.5509867668151855
2	578	and	2.1002960205078125	1.9705722332000732	1.992871880531311	1.739927053451538
2	579	lo	11.955209732055664	9.698901176452637	9.728686332702637	9.861632347106934
2	580	and	3.522369146347046	1.0729761123657227	0.7391568422317505	0.6320693492889404
2	581	behold,	12.69152545928955	7.589982986450195	0.6499629020690918	0.8139297962188721
2	582	the	2.7499382495880127	1.9151054620742798	1.917372703552246	1.83949875831604
2	583	girl	9.051715850830078	8.251873970031738	7.245326042175293	6.7048563957214355
2	584	was	4.128326416015625	2.5432255268096924	2.6007039546966553	2.0502853393554688
2	585	transported	10.504552841186523	8.323984146118164	7.768138408660889	8.39571475982666
2	586	from	4.164257049560547	2.683142900466919	2.2691943645477295	2.8035199642181396
2	587	her	6.0681304931640625	4.984079360961914	4.553107738494873	2.1224684715270996
2	588	dank	13.026458740234375	13.005178451538086	12.549742698669434	12.522071838378906
2	589	city	7.411685943603516	7.1809258460998535	8.141986846923828	7.141936779022217
2	590	to	3.369431495666504	3.336860418319702	3.241865634918213	4.180862903594971
2	591	a	3.5429835319519043	4.16384220123291	3.3818624019622803	3.667814254760742
2	592	beautiful,	11.644567489624023	10.371707916259766	9.719979286193848	8.659453392028809
2	593	sunny	7.2487077713012695	6.580759525299072	5.857247829437256	4.569766521453857
2	594	forest.	11.353857040405273	8.43718147277832	8.48141860961914	7.995354652404785
2	595	She	5.224300384521484	4.917877674102783	4.682210922241211	4.818146705627441
2	596	heard	7.272639751434326	6.18241024017334	5.827348709106445	6.109384059906006
2	597	the	2.6586434841156006	1.8148901462554932	1.6444411277770996	1.542534351348877
2	598	birds	10.307703018188477	8.386009216308594	7.163688659667969	5.4514594078063965
2	599	chirping	11.279617309570312	8.85903549194336	6.426483154296875	3.9086098670959473
2	600	and	2.162177801132202	1.642171859741211	1.5377029180526733	1.4949814081192017
2	601	she	6.636758804321289	7.26569938659668	8.419392585754395	7.889767646789551
2	602	was	3.420480251312256	2.177940845489502	2.073854923248291	1.6264630556106567
2	603	surrounded	9.632826805114746	7.84860372543335	7.3930768966674805	7.5434441566467285
2	604	by	3.7818994522094727	0.22367294132709503	0.12215741723775864	0.08878175169229507
2	605	wildflowers	15.060724258422852	10.114277839660645	10.067329406738281	11.029926300048828
2	606	and	1.8350329399108887	1.5272903442382812	0.5779974460601807	0.5391985177993774
2	607	birches	16.87643051147461	9.417659759521484	9.889483451843262	9.145893096923828
2	608	as	4.90205717086792	4.676145553588867	4.259416580200195	3.774263858795166
2	609	white	8.252251625061035	7.482524871826172	7.539130687713623	7.180704593658447
2	610	as	5.151021957397461	0.9400738477706909	1.4946069717407227	1.373207688331604
2	611	snow.	12.604251861572266	6.5187225341796875	5.753364086151123	4.97329044342041
2	612	A	4.141299247741699	4.10586404800415	4.013820648193359	4.0989298820495605
2	613	little	6.719359874725342	4.455163955688477	4.566512584686279	4.431887626647949
2	614	squirrel	12.430068969726562	10.837380409240723	8.710349082946777	9.300692558288574
2	615	hid	11.22397232055664	10.144234657287598	8.517524719238281	7.833262920379639
2	616	some	5.959798812866211	5.274105072021484	6.228288650512695	5.886754989624023
2	617	food	8.01835823059082	6.058620452880859	4.456387519836426	3.9544520378112793
2	618	in	3.504425048828125	3.446941375732422	2.3217554092407227	1.0712027549743652
2	619	the	2.2516236305236816	1.5447304248809814	1.4447829723358154	1.3168483972549438
2	620	ground	8.382575988769531	8.157100677490234	7.80417537689209	7.266539573669434
2	621	and	3.097825288772583	2.0817885398864746	2.0480921268463135	1.8996540307998657
2	622	scurried	13.78170394897461	12.776792526245117	11.483806610107422	11.922174453735352
2	623	off	3.39974308013916	2.417943000793457	2.9685795307159424	2.9951376914978027
2	624	into	6.1128082275390625	2.1916704177856445	2.189035415649414	1.8010672330856323
2	625	the	2.0434412956237793	1.0642728805541992	0.591347336769104	0.39311647415161133
2	626	underbrush.	14.193620681762695	13.019356727600098	11.613940238952637	11.116339683532715
2	627	The	2.371842384338379	2.2574453353881836	2.3559248447418213	2.3529915809631348
2	628	girl	8.878656387329102	8.492460250854492	8.195079803466797	7.9172587394714355
2	629	was	4.128326416015625	2.122943878173828	2.2939865589141846	2.353766918182373
2	630	curious,	12.571760177612305	10.14057731628418	9.846650123596191	9.020195960998535
2	631	so	4.055978298187256	3.617091178894043	3.5132033824920654	3.3476552963256836
2	632	she	6.08936882019043	4.957364082336426	2.344309091567993	0.8518130779266357
2	633	dug	10.672988891601562	8.451972007751465	7.357799530029297	5.853481292724609
2	634	some	6.136153697967529	5.445521354675293	5.632408142089844	4.83627986907959
2	635	squirrel	13.156018257141113	11.088676452636719	10.603447914123535	10.877248764038086
2	636	food	8.163511276245117	5.745151996612549	4.454798221588135	4.972897529602051
2	637	up	6.394596576690674	7.768810272216797	7.518069267272949	4.890305519104004
2	638	to	2.7407917976379395	1.7217838764190674	1.4386956691741943	1.8919756412506104
2	639	see	5.82431697845459	6.075439453125	8.832193374633789	9.062088966369629
2	640	what	5.079941749572754	2.6866540908813477	2.1215362548828125	2.5445234775543213
2	641	it	4.156280040740967	3.0808324813842773	3.2350540161132812	3.3872323036193848
2	642	was,	8.588781356811523	4.889881610870361	5.344208240509033	5.325449466705322
2	643	but	3.7584774494171143	2.8830738067626953	2.9722161293029785	2.347381591796875
2	644	then	5.818209648132324	4.576416969299316	4.206043243408203	4.5222296714782715
2	645	she	5.989041328430176	3.9771785736083984	3.3310563564300537	3.3940889835357666
2	646	forgot	10.42514419555664	7.099860668182373	6.645107269287109	5.970463275909424
2	647	to	2.9902992248535156	0.9331205487251282	0.9651389718055725	1.2564464807510376
2	648	put	6.714383125305176	4.468529224395752	3.2018728256225586	3.01833438873291
2	649	it	3.789682149887085	2.6186907291412354	2.3913955688476562	2.6619584560394287
2	650	back.	8.840506553649902	6.2669477462768555	7.727411270141602	6.254145622253418
2	651	The	2.6817681789398193	2.7301249504089355	2.9280946254730225	2.780118942260742
2	652	squirrel	12.07746696472168	10.617291450500488	10.734668731689453	10.58948040008545
2	653	came	7.429327011108398	5.5187668800354	4.957568168640137	5.057228088378906
2	654	back	5.5104570388793945	3.634913921356201	2.316680908203125	2.228817939758301
2	655	and	3.2530722618103027	2.2701361179351807	1.8954174518585205	1.6622694730758667
2	656	looked	8.73189926147461	6.283531188964844	4.792836666107178	4.890659332275391
2	657	in	3.1013693809509277	4.528591156005859	4.251944541931152	4.432713508605957
2	658	its	5.822312355041504	5.752400875091553	5.683998107910156	6.027519226074219
2	659	hiding	10.300944328308105	11.5492582321167	7.547556400299072	9.52308177947998
2	660	place,	9.95478630065918	2.112109899520874	2.1535263061523438	1.7527785301208496
2	661	but	2.8260316848754883	2.6505212783813477	2.713090181350708	2.64083194732666
2	662	the	2.825763463973999	2.8004260063171387	2.7653188705444336	2.740293502807617
2	663	food	8.157721519470215	7.926894664764404	7.006276607513428	7.698570728302002
2	664	was	4.9576735496521	4.166803359985352	2.1175787448883057	1.5138468742370605
2	665	nowhere	9.820938110351562	9.393901824951172	9.32225513458252	8.321070671081543
2	666	to	3.0304532051086426	0.8210011124610901	0.7656429409980774	0.8527973294258118
2	667	be	4.1436285972595215	1.2362236976623535	0.012673087418079376	0.017325062304735184
2	668	found.	9.282110214233398	8.302772521972656	3.007939338684082	1.2334548234939575
2	669	Then	5.65711784362793	5.52122688293457	5.745207786560059	6.136870384216309
2	670	the	2.8072352409362793	2.245236873626709	2.08345627784729	2.1382954120635986
2	671	match	8.968645095825195	7.974983215332031	8.075318336486816	8.028151512145996
2	672	went	8.1529541015625	5.3483476638793945	4.104546546936035	4.320803165435791
2	673	out,	8.051108360290527	6.178953170776367	7.430264472961426	7.165532112121582
2	674	and	2.449030637741089	1.9793448448181152	2.1231298446655273	2.245187520980835
2	675	it	5.259035587310791	3.6467397212982178	3.6823017597198486	3.200188159942627
2	676	wasn't	7.279474258422852	4.586036205291748	3.9844744205474854	3.361142158508301
2	677	the	2.7853775024414062	3.1713736057281494	3.588066577911377	3.557908773422241
2	678	forest	10.134474754333496	11.350407600402832	10.484261512756348	10.288222312927246
2	679	that	4.344854831695557	3.8510031700134277	2.1000375747680664	1.9257577657699585
2	680	remained	9.41172981262207	7.678854465484619	7.584646224975586	8.138347625732422
2	681	before	6.408359527587891	5.853243827819824	7.13219690322876	5.054689407348633
2	682	her	6.037137508392334	4.688592910766602	4.673254013061523	4.989041328430176
2	683	eyes.	9.612954139709473	7.188381195068359	5.1179962158203125	4.7686262130737305
2	684	It	3.5008769035339355	3.887924909591675	3.6233792304992676	3.398566722869873
2	685	was	3.412656545639038	1.2784310579299927	0.8167071342468262	0.7998342514038086
2	686	only	5.4053754806518555	3.8262808322906494	4.2122039794921875	4.056600570678711
2	687	the	3.4759767055511475	3.217172384262085	3.259531021118164	3.4826245307922363
2	688	thick,	12.43745231628418	12.22456169128418	12.924788475036621	12.134476661682129
2	689	damp,	9.844597816467285	9.291672706604004	9.640167236328125	9.545138359069824
2	690	cold	6.035397529602051	4.370009422302246	4.222420692443848	4.333751201629639
2	691	wall.	10.99265193939209	9.996306419372559	9.235397338867188	8.843744277954102
2	692	The	2.2424354553222656	2.36531138420105	2.458270788192749	2.175567150115967
2	693	girl	8.878656387329102	6.929598331451416	7.244396209716797	8.163467407226562
2	694	looked	7.921234130859375	4.649697303771973	3.865994453430176	3.9124646186828613
2	695	despondently	15.777042388916016	15.396125793457031	13.21886157989502	12.612890243530273
2	696	into	5.964355945587158	5.381392955780029	4.285196781158447	3.7796196937561035
2	697	the	2.043440341949463	0.9153314828872681	0.8562328815460205	1.007337212562561
2	698	sky	9.817280769348145	6.598625183105469	6.946120738983154	6.384571552276611
2	699	that	4.365035057067871	4.459588050842285	4.98824405670166	4.663539409637451
2	700	was	4.685856819152832	2.8278231620788574	3.36655592918396	3.611515760421753
2	701	now	5.622115135192871	6.408170700073242	4.912209510803223	5.031469345092773
2	702	fully	8.129799842834473	6.1508893966674805	6.016801357269287	6.082876205444336
2	703	darkened	12.345988273620605	12.297775268554688	11.37188720703125	11.472455978393555
2	704	and	3.35646653175354	2.2876429557800293	1.7050344944000244	1.0494604110717773
2	705	suddenly	9.497806549072266	7.43061637878418	8.300747871398926	7.655367851257324
2	706	she	6.484469890594482	3.852024793624878	3.768752098083496	5.478747367858887
2	707	saw	7.151843070983887	5.082215309143066	4.470641136169434	3.6022565364837646
2	708	a	2.9347341060638428	2.51849627494812	2.184347152709961	2.1114327907562256
2	709	star	8.535239219665527	7.289208889007568	6.850780487060547	6.77375602722168
2	710	fall,	11.910974502563477	11.705625534057617	8.654694557189941	8.266051292419434
2	711	leaving	5.9061198234558105	6.237632751464844	6.149078369140625	5.70994758605957
2	712	behind	8.075359344482422	3.760188102722168	3.5827550888061523	3.5163474082946777
2	713	it	5.478314399719238	5.637659549713135	5.672529697418213	6.082019805908203
2	714	a	4.058171272277832	5.141407012939453	3.400972604751587	1.3741081953048706
2	715	bright	8.978352546691895	8.008808135986328	7.954482078552246	6.689064979553223
2	716	streak	10.500237464904785	6.93671989440918	7.558390140533447	7.408329010009766
2	717	of	2.806037187576294	1.534220576286316	0.9064076542854309	0.7151891589164734
2	718	fire.	10.74482536315918	10.685577392578125	8.10571002960205	8.330574035644531
2	719	'Someone	14.340753555297852	14.433774948120117	14.472420692443848	14.258915901184082
2	720	is	3.258223295211792	3.04628324508667	3.1145172119140625	3.2082810401916504
2	721	dying,'	18.2877197265625	7.736739635467529	6.887056827545166	6.931868076324463
2	722	thought	8.63935375213623	9.010433197021484	8.74626350402832	8.12063217163086
2	723	the	3.0338802337646484	2.0787508487701416	2.1121442317962646	2.2898447513580322
2	724	little	7.1267242431640625	7.618871688842773	5.3147406578063965	5.8669610023498535
2	725	girl.	10.566167831420898	5.278873443603516	8.93105697631836	2.4357175827026367
2	726	It	3.6821141242980957	3.4961297512054443	3.4390716552734375	3.231358051300049
2	727	was	3.412656545639038	1.2477383613586426	1.0426381826400757	0.8838770389556885
2	728	her	6.49186897277832	5.930809020996094	4.003931999206543	4.037491321563721
2	729	old	7.659824371337891	7.072258949279785	7.146610260009766	7.223269462585449
2	730	grandmother,	12.475528717041016	9.514171600341797	8.882146835327148	8.945228576660156
2	731	the	4.070759296417236	3.7087161540985107	3.8628580570220947	3.6593260765075684
2	732	one	5.771688461303711	5.262197017669678	4.926085472106934	4.949024200439453
2	733	who	5.831320762634277	2.806394100189209	0.970125138759613	0.7861928939819336
2	734	had	4.7185211181640625	3.3205854892730713	3.6775319576263428	2.6762351989746094
2	735	loved	9.532279014587402	7.70786190032959	7.450936317443848	7.252280235290527
2	736	her	6.406109809875488	2.9368746280670166	2.558398485183716	2.6967532634735107
2	737	the	3.9097845554351807	3.8315372467041016	4.040797233581543	4.026432991027832
2	738	most,	11.320906639099121	8.93468952178955	4.335809230804443	3.181659698486328
2	739	and	2.5244174003601074	2.056340217590332	2.009632110595703	1.7187144756317139
2	740	the	3.0785820484161377	2.898637533187866	2.6955573558807373	3.445944309234619
2	741	one	5.771688461303711	6.364908218383789	5.481667995452881	4.649634838104248
2	742	who	5.831320762634277	2.806394100189209	2.5916073322296143	3.5258448123931885
2	743	the	3.7334821224212646	7.097980499267578	7.20304012298584	7.1861371994018555
2	744	girl	9.051715850830078	6.653247833251953	7.412199020385742	6.436731338500977
2	745	used	6.879372596740723	6.992208480834961	5.888916492462158	6.116995811462402
2	746	to	2.499582052230835	0.878919243812561	0.744098424911499	0.47389712929725647
2	747	visit	8.07663631439209	7.7557373046875	5.935173511505127	6.158352851867676
2	748	every	6.716854572296143	6.1560516357421875	5.576458930969238	5.729862689971924
2	749	Sunday,	10.548734664916992	7.047287464141846	7.478595733642578	7.893526554107666
2	750	who	6.644763946533203	7.371099472045898	8.216476440429688	7.922272682189941
2	751	had	4.718522071838379	3.3306307792663574	4.913548469543457	4.699763298034668
2	752	told	6.967341423034668	6.063203811645508	5.473261833190918	6.333731174468994
2	753	her	5.375619411468506	2.574984073638916	2.0395145416259766	2.562453269958496
2	754	that	4.961895942687988	1.5378317832946777	1.5065512657165527	1.6122612953186035
2	755	when	6.098936557769775	5.677795886993408	4.898711204528809	4.8460469245910645
2	756	a	3.3873562812805176	3.1896750926971436	4.420994758605957	4.5587897300720215
2	757	star	8.535239219665527	7.499549865722656	7.225179672241211	7.110400199890137
2	758	falls,	12.851600646972656	13.052842140197754	6.953736305236816	6.243645191192627
2	759	a	4.478387355804443	4.159289836883545	3.7688074111938477	3.5491604804992676
2	760	soul	10.306602478027344	8.4630126953125	7.363877296447754	6.366025924682617
2	761	leaves	9.045190811157227	10.018226623535156	7.148223876953125	6.028475761413574
2	762	this	4.805807590484619	4.847426891326904	4.231361389160156	5.049298286437988
2	763	earth.	11.977582931518555	9.683258056640625	5.463000297546387	5.493183612823486
2	764	It	3.2028939723968506	3.0577263832092285	2.967127799987793	2.969325065612793
2	765	was	3.412656545639038	1.9589792490005493	2.268658399581909	2.9493002891540527
2	766	her	6.49186897277832	5.930809020996094	6.519489765167236	6.569458484649658
2	767	last	6.436327934265137	4.102045059204102	4.1103291511535645	4.746094703674316
2	768	match	8.48843002319336	6.912324905395508	6.715671539306641	6.315066814422607
2	769	that	4.055039405822754	4.320467948913574	5.256591796875	5.669634819030762
2	770	the	2.915968894958496	4.008852481842041	3.189512252807617	4.758434772491455
2	771	little	7.1267242431640625	8.358293533325195	8.61677074432373	9.018911361694336
2	772	girl	8.837699890136719	3.4394304752349854	2.4488115310668945	2.185253381729126
2	773	now	6.998621940612793	7.077103614807129	6.951534271240234	7.020149230957031
2	774	rubbed	12.466073989868164	10.014481544494629	10.889249801635742	9.327866554260254
2	775	on	4.028756141662598	3.8666343688964844	5.652654647827148	4.838411808013916
2	776	the	2.1509437561035156	1.6485052108764648	1.622279405593872	1.9803632497787476
2	777	wall	9.288022994995117	6.664839267730713	6.082927703857422	6.130353927612305
2	778	and	3.0086939334869385	2.169729232788086	2.2078847885131836	1.6855038404464722
2	779	the	3.0785820484161377	3.018641471862793	3.194514513015747	3.450944185256958
2	780	light	7.732865333557129	7.9241180419921875	6.39658260345459	6.022617816925049
2	781	again	8.335247039794922	8.985251426696777	9.055438995361328	9.222691535949707
2	782	shone	13.379600524902344	11.377437591552734	8.946531295776367	4.30648136138916
2	783	round	8.463348388671875	9.006342887878418	7.813140392303467	7.044434547424316
2	784	her.	11.643630027770996	4.947611331939697	3.771761655807495	3.398655414581299
2	785	Her	4.143409729003906	3.8815317153930664	3.4600343704223633	3.2181408405303955
2	786	old	7.737312316894531	7.274991512298584	7.478715419769287	7.2295684814453125
2	787	grandmother	11.336271286010742	7.387856960296631	7.404192924499512	7.4827351570129395
2	788	in	3.7363100051879883	2.9930243492126465	4.598062515258789	5.2430338859558105
2	789	the	2.2516236305236816	1.8877688646316528	1.9764893054962158	1.9303171634674072
2	790	brightness	11.188523292541504	11.828577041625977	13.28056526184082	13.029062271118164
2	791	stood,	14.121251106262207	15.43861198425293	15.699600219726562	14.623960494995117
2	792	loving	10.92557144165039	12.698220252990723	11.933252334594727	11.349883079528809
2	793	in	4.0096025466918945	5.2214555740356445	5.357084274291992	4.959856986999512
2	794	her	5.995519161224365	3.581439733505249	2.555004835128784	3.358466863632202
2	795	appearance.	10.55436897277832	9.640932083129883	7.682920455932617	10.133341789245605
2	796	The	2.4704480171203613	2.860111713409424	2.732668876647949	3.0494563579559326
2	797	girl	8.878656387329102	6.936408042907715	4.807563781738281	4.930236339569092
2	798	understood	9.857511520385742	9.29039192199707	9.103391647338867	8.967988014221191
2	799	her	6.333603858947754	3.446378231048584	3.0490047931671143	2.8963284492492676
2	800	grandmother	10.689046859741211	7.923141002655029	8.508132934570312	7.806999683380127
2	801	would	5.576519966125488	5.105620384216309	3.6907570362091064	3.9697651863098145
2	802	soon	7.123762607574463	6.414643287658691	5.3878865242004395	5.021420478820801
2	803	disappear,	12.66991138458252	7.988922119140625	7.907649993896484	7.158235549926758
2	804	but	2.662113666534424	2.2677502632141113	2.245850086212158	2.7539985179901123
2	805	she	6.026896953582764	4.088693141937256	4.138328552246094	4.220752716064453
2	806	tried	7.3632354736328125	6.174590587615967	6.169896125793457	6.774351119995117
2	807	to	1.998463749885559	0.21242855489253998	0.2688780128955841	0.319340318441391
2	808	play	6.613509178161621	4.846745014190674	5.036334991455078	5.203211784362793
2	809	for	4.070319175720215	3.8018975257873535	4.217595100402832	5.292799472808838
2	810	time.	8.826386451721191	8.538057327270508	9.434500694274902	9.894477844238281
2	811	'Grandmother,'	22.03891372680664	22.499107360839844	23.11766242980957	23.219980239868164
2	812	cried	9.808650970458984	7.543512344360352	7.9061408042907715	8.743556022644043
2	813	the	3.210996150970459	1.759094476699829	1.6274440288543701	1.7555204629898071
2	814	little	7.1267242431640625	6.043604850769043	3.6842586994171143	3.436166524887085
2	815	one,	7.824049472808838	7.577217102050781	7.313389778137207	5.146313190460205
2	816	'O	13.452272415161133	14.2239351272583	12.464798927307129	8.756745338439941
2	817	take	9.16859245300293	8.994218826293945	9.159152030944824	9.111644744873047
2	818	me	6.288516521453857	3.7144293785095215	3.1962246894836426	3.0987823009490967
2	819	with	4.439881324768066	5.692105293273926	3.861910104751587	3.5687994956970215
2	820	you!	9.339530944824219	9.614287376403809	8.56951904296875	4.02590274810791
2	821	I	3.0335545539855957	3.2796154022216797	2.3431313037872314	2.349221706390381
2	822	know	5.69232177734375	3.3461294174194336	3.3914079666137695	3.025235414505005
2	823	you	4.818241119384766	2.881253719329834	1.8101780414581299	1.8315504789352417
2	824	will	4.633077144622803	4.190370082855225	3.7721009254455566	3.599222183227539
2	825	go	5.256894588470459	5.661413192749023	5.3188371658325195	5.010144233703613
2	826	away	7.425225734710693	5.060153961181641	6.030576705932617	5.127655982971191
2	827	when	5.486128807067871	5.136445045471191	3.7490475177764893	4.891899108886719
2	828	the	2.3767354488372803	2.2817089557647705	2.3680672645568848	1.7661317586898804
2	829	match	8.968645095825195	7.483240604400635	7.3842902183532715	7.112765312194824
2	830	burns	11.8470458984375	12.350163459777832	10.62439250946045	10.935011863708496
2	831	out!'	17.601503372192383	14.215782165527344	12.765864372253418	12.86063289642334
2	832	The	3.681490659713745	3.489042043685913	3.2942891120910645	3.2723731994628906
2	833	girl	8.878656387329102	5.445381164550781	5.372126579284668	5.696463584899902
2	834	decided	8.487175941467285	7.141511917114258	7.019322395324707	7.382421493530273
2	835	to	2.192457675933838	0.33605679869651794	0.36327868700027466	0.3908372223377228
2	836	light	7.85512113571167	8.781288146972656	8.959015846252441	8.91319465637207
2	837	the	3.606091260910034	1.9241867065429688	1.6868314743041992	1.5535688400268555
2	838	whole	7.295782566070557	5.177855491638184	5.37495231628418	5.545822620391846
2	839	bundle	10.895668029785156	9.418745994567871	9.360613822937012	8.93002986907959
2	840	of	2.741962194442749	1.0236150026321411	1.8213483095169067	1.6730140447616577
2	841	matches,	11.995298385620117	10.442501068115234	10.635780334472656	10.0508451461792
2	842	in	4.801527976989746	5.054025173187256	5.0929670333862305	5.0130743980407715
2	843	order	6.852506160736084	2.5653157234191895	2.7806968688964844	2.4777328968048096
2	844	to	2.372631549835205	0.07205632328987122	0.4592476487159729	0.21654681861400604
2	845	keep	6.156685829162598	5.210033416748047	4.298295974731445	4.353145599365234
2	846	her	5.735268592834473	3.711040496826172	4.347999572753906	4.042047500610352
2	847	grandmother	10.689046859741211	9.1947603225708	8.427935600280762	8.46320629119873
2	848	there.	7.964482307434082	8.919907569885254	6.879382133483887	6.487236976623535
2	849	The	2.756155490875244	3.0506985187530518	2.850787401199341	2.9965620040893555
2	850	girl	8.878656387329102	7.192874431610107	4.166123390197754	4.00607967376709
2	851	saw	8.263359069824219	6.934045791625977	6.782256126403809	6.475663185119629
2	852	the	2.243356704711914	2.0719571113586426	1.5459169149398804	1.8570175170898438
2	853	matches	10.26883602142334	10.175079345703125	10.483787536621094	10.417652130126953
2	854	glowed	15.062085151672363	15.29102897644043	15.606693267822266	16.199562072753906
2	855	with	1.624140739440918	1.8437833786010742	1.4716376066207886	1.6773698329925537
2	856	a	2.9099040031433105	2.0973927974700928	2.030616283416748	2.14145565032959
2	857	light	7.5932722091674805	6.773957252502441	3.271876335144043	3.475015163421631
2	858	that	4.300447463989258	4.847753524780273	5.181140422821045	4.115581035614014
2	859	was	4.685856819152832	3.399993419647217	3.3998594284057617	3.0014662742614746
2	860	brighter	12.040775299072266	11.3658447265625	8.022599220275879	4.51331901550293
2	861	than	5.129098892211914	1.1124650239944458	0.650473952293396	0.38333800435066223
2	862	the	2.5739622116088867	1.7758488655090332	1.477901816368103	1.1064821481704712
2	863	day,	8.879124641418457	11.285632133483887	11.089590072631836	9.78888988494873
2	864	and	2.649778366088867	2.3503520488739014	2.3138439655303955	1.8246592283248901
2	865	her	6.551247596740723	5.802394866943359	6.064273834228516	6.297906875610352
2	866	grandmother	10.689046859741211	7.615856170654297	6.770797252655029	7.0454912185668945
2	867	had	5.25175666809082	3.654726982116699	3.225963592529297	2.9725100994110107
2	868	never	6.26790189743042	4.20005464553833	4.721085548400879	4.704061031341553
2	869	appeared	8.747076988220215	7.175795078277588	7.52212381362915	7.645801544189453
2	870	so	5.579564094543457	5.1492509841918945	4.512203693389893	4.211211681365967
2	871	large	7.752864360809326	4.704022407531738	5.757758140563965	5.105676174163818
2	872	or	4.969249725341797	4.372683525085449	5.397849082946777	2.5177083015441895
2	873	so	6.46611213684082	5.476812839508057	2.751384973526001	0.4947272539138794
2	874	beautiful	9.972031593322754	9.96137809753418	9.330789566040039	7.554897785186768
2	875	as	4.681236743927002	2.8695178031921387	2.022850751876831	4.437723159790039
2	876	she	6.180377960205078	4.212981224060059	3.8696413040161133	3.852348566055298
2	877	did	5.624976634979248	4.9947052001953125	4.820580005645752	5.124194622039795
2	878	in	3.7747750282287598	3.694979190826416	1.8901312351226807	2.390432357788086
2	879	the	2.2516236305236816	1.4137765169143677	1.586222529411316	1.423047661781311
2	880	light	7.732865333557129	7.531527519226074	8.389411926269531	8.85459041595459
2	881	of	3.1131601333618164	1.4926713705062866	0.513914167881012	0.17569729685783386
2	882	the	2.347175359725952	1.2712396383285522	1.3693878650665283	1.4349573850631714
2	883	little	7.1267242431640625	8.34877872467041	8.394418716430664	8.585700988769531
2	884	matches.	12.202548027038574	12.731372833251953	12.954319953918457	13.230828285217285
2	885	The	2.4718017578125	2.5958251953125	2.563494920730591	2.472738027572632
2	886	grandmother	11.670807838439941	12.868667602539062	12.27581787109375	11.703145980834961
2	887	then	6.925222396850586	6.012965202331543	5.861708641052246	5.973597526550293
2	888	took	7.5055742263793945	4.323489189147949	3.4275710582733154	3.428959846496582
2	889	the	2.464186668395996	1.9534063339233398	2.0105223655700684	1.746937870979309
2	890	little	7.1267242431640625	8.281787872314453	7.86794376373291	7.002908229827881
2	891	girl	8.837699890136719	3.4394304752349854	2.4283580780029297	2.4526262283325195
2	892	in	3.475320339202881	2.947751760482788	2.9407482147216797	3.7813305854797363
2	893	her	5.995519161224365	2.8156440258026123	2.908862352371216	3.0136733055114746
2	894	arms,	10.58071517944336	6.963329315185547	6.59538459777832	7.438443183898926
2	895	and	2.0664265155792236	2.33450984954834	2.324859857559204	2.3907954692840576
2	896	they	5.7863616943359375	4.255096912384033	4.281030178070068	4.43990421295166
2	897	both	6.903032302856445	5.815847396850586	5.812575340270996	3.3008577823638916
2	898	flew	11.393223762512207	7.6907806396484375	7.293697357177734	6.326360702514648
2	899	upwards	11.08141040802002	9.682891845703125	9.49059772491455	8.632341384887695
2	900	in	3.3059144020080566	2.5525834560394287	2.487126350402832	2.550443172454834
2	901	brightness	12.429427146911621	8.501470565795898	9.773119926452637	10.219139099121094
2	902	and	2.739623546600342	1.4168519973754883	1.5546435117721558	1.351911187171936
2	903	joy	11.137155532836914	11.2445707321167	12.491243362426758	12.869699478149414
2	904	far	8.182159423828125	9.081113815307617	9.18942928314209	8.690132141113281
2	905	above	7.390781879425049	4.737581253051758	4.581408977508545	3.7841055393218994
2	906	the	2.7173941135406494	0.9931654930114746	1.0199451446533203	1.5525106191635132
2	907	earth,	11.115111351013184	8.999788284301758	7.090992450714111	7.2706708908081055
2	908	where	4.45769739151001	4.8504157066345215	4.28173828125	3.9331438541412354
2	909	there	5.468393325805664	2.9631645679473877	2.899068593978882	2.742245674133301
2	910	was	3.6963107585906982	1.9368478059768677	2.4188051223754883	2.4413347244262695
2	911	neither	8.65672492980957	7.870904922485352	7.346511363983154	4.748571395874023
2	912	cold	9.95791244506836	7.639513969421387	7.968787670135498	8.038145065307617
2	913	nor	9.633264541625977	5.620489597320557	0.06729910522699356	0.14576992392539978
2	914	hunger,	12.576434135437012	11.545846939086914	10.984297752380371	9.247804641723633
2	915	and	2.013960123062134	1.9234124422073364	2.129389762878418	2.25266170501709
2	916	the	3.0785820484161377	2.643162250518799	2.864971399307251	2.7727105617523193
2	917	little	7.1267242431640625	7.8001203536987305	7.641119956970215	6.925902843475342
2	918	girl	8.837699890136719	3.4394304752349854	2.8812310695648193	2.9170687198638916
2	919	felt	8.334844589233398	8.074371337890625	7.613981246948242	6.736618995666504
2	920	safe	8.727612495422363	6.075238227844238	5.322902202606201	6.135702133178711
2	921	and	2.921321392059326	1.6466280221939087	1.6407980918884277	1.9944305419921875
2	922	peaceful.	13.884857177734375	7.415071487426758	7.14923095703125	7.549396514892578
2	923	In	3.6514692306518555	3.458073377609253	3.5549135208129883	3.7089741230010986
2	924	the	2.4145195484161377	1.8672540187835693	1.8520036935806274	1.9021308422088623
2	925	dawn	10.7370023727417	9.46066951751709	8.497832298278809	8.713830947875977
2	926	of	2.2754316329956055	0.34042325615882874	0.2121230959892273	0.3228386640548706
2	927	the	2.347175359725952	1.2235788106918335	0.815737247467041	0.8891070485115051
2	928	morning	9.006233215332031	8.235573768615723	8.742159843444824	8.687472343444824
2	929	there	6.165971755981445	7.977163791656494	7.59837532043457	7.435869216918945
2	930	lay	9.411836624145508	10.453372955322266	9.341803550720215	8.937830924987793
2	931	the	2.8817548751831055	3.842714786529541	2.0368824005126953	2.2880966663360596
2	932	poor	8.837892532348633	7.685567378997803	8.127967834472656	7.330495357513428
2	933	little	7.359511375427246	6.561898231506348	5.219446182250977	5.352236747741699
2	934	one,	7.824049472808838	7.551454544067383	6.968801498413086	7.660408973693848
2	935	not	5.174983501434326	4.533469200134277	5.175873756408691	4.995091915130615
2	936	frowning,	16.93150520324707	16.040040969848633	16.601659774780273	15.741756439208984
2	937	but	3.1317427158355713	1.9274390935897827	2.029533624649048	2.0772266387939453
2	938	smiling	11.908187866210938	7.214132308959961	8.042448997497559	4.79017448425293
2	939	and	2.941567897796631	2.434283971786499	2.7362279891967773	2.207768678665161
2	940	with	5.580051898956299	6.04237699508667	5.774135112762451	6.65543270111084
2	941	a	2.9099040031433105	2.2743356227874756	1.2621724605560303	0.831896185874939
2	942	pale	10.32429313659668	8.76253604888916	8.972991943359375	7.381936550140381
2	943	face	8.70854663848877	5.086793899536133	3.7815375328063965	3.411740303039551
2	944	leaning	11.248740196228027	11.106505393981934	9.441980361938477	9.585416793823242
2	945	against	6.208408355712891	1.5999982357025146	2.279264211654663	1.65899658203125
2	946	the	2.0937905311584473	0.8384039998054504	0.5436491370201111	0.523262083530426
2	947	wall,	10.730527877807617	9.153890609741211	2.555910587310791	2.8771820068359375
2	948	frozen	9.91353702545166	10.07634162902832	10.676013946533203	9.132683753967285
2	949	and	3.1271817684173584	3.4847421646118164	3.145142078399658	3.392151355743408
2	950	stone	10.34607219696045	9.873346328735352	9.58537483215332	9.535504341125488
2	951	dead.	11.035571098327637	9.018048286437988	6.4394121170043945	5.549440383911133
2	952	'She	11.545284271240234	11.228516578674316	11.995697021484375	11.95373249053955
2	953	tried	6.006048202514648	5.616716384887695	5.706639289855957	5.863043785095215
2	954	to	1.998463749885559	0.23567555844783783	0.20904050767421722	0.21967408061027527
2	955	warm	9.740618705749512	9.186426162719727	9.794184684753418	9.733661651611328
2	956	herself,'	20.0067195892334	18.112703323364258	16.220670700073242	9.163226127624512
2	957	said	2.208780288696289	2.2070276737213135	2.2140116691589355	2.1650466918945312
2	958	some.	12.344050407409668	9.555925369262695	9.167325973510742	9.626241683959961
2	959	Children	9.272144317626953	9.08967399597168	8.602005958557129	9.061325073242188
2	960	who	5.159598350524902	2.5211329460144043	2.7631280422210693	3.0725393295288086
2	961	saw	7.476705551147461	6.2414679527282715	6.2177534103393555	5.011569023132324
2	962	her	5.76324462890625	3.3822803497314453	3.3186004161834717	4.19980001449585
2	963	were	6.997895240783691	8.30556869506836	7.351992607116699	3.2807605266571045
2	964	asking	8.401039123535156	7.559031009674072	7.120060920715332	7.238382816314697
2	965	their	5.554745674133301	4.960484504699707	5.788147926330566	6.226658344268799
2	966	parents	8.004955291748047	4.0076494216918945	3.311102867126465	2.570188045501709
2	967	why	8.712309837341309	9.127157211303711	4.478641510009766	4.19931173324585
2	968	no	6.315805435180664	6.427860260009766	6.054008960723877	6.221810817718506
2	969	one	4.971702575683594	0.5966454744338989	0.4827984571456909	0.38147836923599243
2	970	helped	9.129894256591797	7.4459028244018555	8.630701065063477	7.478220462799072
2	971	the	2.4892942905426025	3.0628092288970947	3.206620454788208	2.903730630874634
2	972	girl	9.051715850830078	7.403909206390381	6.61934757232666	5.378952503204346
2	973	who	4.828868865966797	2.572510242462158	4.551846981048584	4.034728527069092
2	974	they	5.016838073730469	6.669526100158691	6.279234886169434	6.321751594543457
2	975	knew	7.460691452026367	5.299839973449707	4.041485786437988	4.11765193939209
2	976	looked	8.814576148986816	10.544764518737793	8.729897499084473	7.874760627746582
2	977	dirt	11.435935020446777	14.549734115600586	12.625341415405273	13.607826232910156
2	978	poor	9.272388458251953	5.672438621520996	4.436600685119629	3.9875588417053223
2	979	and	3.3582074642181396	2.609367609024048	1.3166643381118774	1.267025351524353
2	980	helpless.	13.783864974975586	7.9204511642456055	8.221563339233398	7.591558933258057
2	981	Passersby	15.031930923461914	14.689815521240234	14.482715606689453	13.815252304077148
2	982	who	6.538020133972168	5.116279602050781	4.920050621032715	4.832831382751465
2	983	saw	7.476706027984619	5.383709907531738	3.1354782581329346	3.0239148139953613
2	984	her	5.76324462890625	3.3822803497314453	3.7883431911468506	2.1765856742858887
2	985	sitting	9.116886138916016	6.173447132110596	5.725813865661621	6.013209342956543
2	986	motionless	13.278889656066895	9.398693084716797	7.385750770568848	8.164094924926758
2	987	wished	14.229948997497559	15.492366790771484	13.487303733825684	15.739912033081055
2	988	they	5.617544651031494	5.14952278137207	2.5200133323669434	4.4114789962768555
2	989	could	4.902050971984863	1.1829829216003418	1.2804194688796997	0.9933760762214661
2	990	have	3.357830286026001	2.6597745418548584	2.888979911804199	2.8212156295776367
2	991	helped	7.807378768920898	5.25788688659668	5.29935359954834	5.579103946685791
2	992	the	2.4892942905426025	3.313234567642212	2.591029644012451	2.5441744327545166
2	993	girl,	11.136432647705078	10.643489837646484	10.392086029052734	8.710365295410156
2	994	but	3.132347583770752	3.1454720497131348	3.2529101371765137	2.395562171936035
2	995	their	5.92747163772583	5.743191242218018	5.746374130249023	5.5446906089782715
2	996	good	7.0514445304870605	7.856206893920898	7.545406818389893	7.563136100769043
2	997	intentions	11.072155952453613	4.772831916809082	3.248244047164917	3.5882408618927
2	998	were	5.587879657745361	4.427757263183594	4.492125511169434	2.44716477394104
2	999	a	3.4790029525756836	4.45843505859375	5.341053009033203	4.723515510559082
2	1000	day	7.02316427230835	6.9828596115112305	8.050253868103027	7.850458145141602
2	1001	late	8.289002418518066	6.624331474304199	4.021476745605469	4.753939628601074
2	1002	and	3.374326467514038	3.5793559551239014	2.639329671859741	2.4726343154907227
2	1003	a	3.8303797245025635	4.452186584472656	4.798715591430664	4.399350166320801
2	1004	dollar	9.449371337890625	8.724411010742188	8.812186241149902	8.979480743408203
2	1005	short.	10.379782676696777	8.645965576171875	9.143016815185547	6.349509239196777
2	1006	Other	7.203075408935547	6.91363000869751	7.191771030426025	7.130955696105957
2	1007	people	5.79583740234375	3.991940975189209	4.752079486846924	3.7735869884490967
2	1008	suspected	9.816301345825195	8.266168594360352	8.856346130371094	8.840291976928711
2	1009	the	3.1451573371887207	3.5474092960357666	4.0980987548828125	2.635610342025757
2	1010	girl	9.051715850830078	6.751715660095215	6.281492710113525	6.400609970092773
2	1011	had	5.280553340911865	3.3861312866210938	1.6074551343917847	1.4857690334320068
2	1012	fallen	8.785707473754883	5.937051296234131	5.454694747924805	5.449688911437988
2	1013	asleep	11.1525297164917	3.5810914039611816	1.6767303943634033	1.9390385150909424
2	1014	and	2.785355567932129	2.369727373123169	2.385770797729492	2.604820489883423
2	1015	frozen,	13.554861068725586	10.327116012573242	11.325502395629883	12.651765823364258
2	1016	but	3.2568705081939697	2.837686538696289	2.908658027648926	3.1808090209960938
2	1017	no	5.83535623550415	5.08620548248291	4.7313232421875	4.728716850280762
2	1018	one	4.971702575683594	1.688624382019043	1.580018162727356	2.109694480895996
2	1019	imagined	10.763450622558594	8.855056762695312	8.312744140625	8.32318115234375
2	1020	what	5.647397041320801	4.07460880279541	3.1285810470581055	3.3426766395568848
2	1021	beautiful	9.888425827026367	9.709376335144043	9.90695571899414	9.936360359191895
2	1022	things	7.094842910766602	2.535273790359497	2.023923635482788	2.6113691329956055
2	1023	she	6.5437116622924805	5.267515659332275	5.061232089996338	4.973879814147949
2	1024	had	4.2017951011657715	2.3710262775421143	2.2131314277648926	1.8764410018920898
2	1025	seen,	10.26904296875	8.333968162536621	5.699670314788818	4.216758728027344
2	1026	nor	7.843746185302734	6.663818359375	7.091701507568359	7.518496513366699
2	1027	into	7.203168869018555	9.112846374511719	9.994916915893555	9.615935325622559
2	1028	what	5.736172676086426	4.188758850097656	3.967348575592041	2.809889793395996
2	1029	glory	11.168773651123047	13.219305992126465	10.886359214782715	10.126029968261719
2	1030	she	6.819422245025635	4.792881011962891	4.087324142456055	4.712514877319336
2	1031	had	4.2017951011657715	1.7354992628097534	1.4669233560562134	1.6042708158493042
2	1032	entered	8.818886756896973	7.007230758666992	7.471745014190674	8.1937255859375
2	1033	with	4.266359329223633	5.686324596405029	4.656044006347656	4.409943103790283
2	1034	her	5.927334308624268	4.36480712890625	3.662987470626831	1.8322633504867554
2	1035	grandmother,	11.693334579467773	8.867500305175781	8.600112915039062	8.610721588134766
2	1036	on	6.292677402496338	6.679194450378418	6.860912322998047	6.738527297973633
2	1037	New	7.070436000823975	6.649719715118408	6.556643962860107	6.547029972076416
2	1038	Year's	7.832978248596191	1.8296852111816406	0.14923177659511566	0.13931848108768463
2	1039	day.	9.509206771850586	8.309069633483887	6.3815460205078125	5.869741916656494
3	0	Once	7.574269771575928	7.574269771575928	7.574269771575928	7.574269771575928
3	1	upon	8.094117164611816	8.094117164611816	8.094117164611816	8.094117164611816
3	2	a	3.077617883682251	1.5511173009872437	1.551116943359375	1.5511173009872437
3	3	time	6.020461559295654	6.538644790649414	2.494687557220459	2.494687557220459
3	4	the	3.4022328853607178	5.214051723480225	4.511175632476807	2.1626474857330322
3	5	birds	10.307703018188477	7.849120140075684	8.21931266784668	8.542291641235352
3	6	took	7.559736728668213	6.18963623046875	5.330836296081543	5.460508346557617
3	7	it	4.438869953155518	3.8351755142211914	3.920273542404175	4.434205055236816
3	8	into	6.310311794281006	3.9952614307403564	3.6979615688323975	3.5842275619506836
3	9	their	4.953053951263428	4.005743026733398	3.589937448501587	1.0837537050247192
3	10	heads	8.722258567810059	6.260388374328613	4.296903610229492	2.1065897941589355
3	11	that	4.0287017822265625	4.168413162231445	2.7635974884033203	1.11200749874115
3	12	they	4.959284782409668	3.9657962322235107	2.282935619354248	1.71889066696167
3	13	would	4.5666375160217285	3.2527222633361816	3.4867310523986816	3.1838433742523193
3	14	like	5.2202534675598145	3.6501665115356445	3.684340715408325	3.125561237335205
3	15	a	3.1030328273773193	4.314742565155029	4.541614532470703	4.289163112640381
3	16	master,	12.228626251220703	10.347630500793457	12.046978950500488	11.7583589553833
3	17	and	2.3692028522491455	2.1674304008483887	2.326915979385376	2.2191901206970215
3	18	that	4.750967979431152	3.6800613403320312	3.300783157348633	3.288316488265991
3	19	one	5.5138750076293945	5.575322151184082	5.206875801086426	5.0665693283081055
3	20	of	2.689915180206299	1.487619161605835	1.9825599193572998	2.3415708541870117
3	21	their	5.306450843811035	3.997314691543579	3.5155227184295654	3.651883363723755
3	22	number	6.99410343170166	7.439828872680664	7.1459174156188965	7.275845527648926
3	23	must	7.506811141967773	7.936337471008301	6.818613529205322	6.987623691558838
3	24	be	3.21785569190979	0.28471773862838745	0.4488290846347809	0.6338280439376831
3	25	chosen	9.229966163635254	7.1257758140563965	6.132907867431641	6.300874710083008
3	26	king.	11.914036750793457	14.554436683654785	15.698689460754395	17.372943878173828
3	27	A	4.68664026260376	4.446423530578613	4.501473426818848	4.348666191101074
3	28	meeting	8.533944129943848	7.622808456420898	7.804024696350098	7.739132404327393
3	29	of	3.1692655086517334	1.61214017868042	1.2159780263900757	1.0030088424682617
3	30	all	5.540098190307617	4.723921298980713	3.960646152496338	3.413125991821289
3	31	the	2.9048948287963867	1.9055618047714233	1.5899571180343628	1.408199429512024
3	32	birds	10.307703018188477	8.115524291992188	8.148917198181152	9.959258079528809
3	33	was	4.782932758331299	5.0980424880981445	5.987821578979492	6.52705717086792
3	34	called	6.661169052124023	5.792349815368652	6.0637407302856445	6.687483787536621
3	35	and	3.9162778854370117	4.0557861328125	5.385354042053223	5.264156341552734
3	36	though	8.093148231506348	8.917516708374023	8.636687278747559	7.69069766998291
3	37	they	4.584877967834473	2.9836437702178955	2.9520633220672607	2.8314337730407715
3	38	understood	8.965997695922852	8.532003402709961	8.890920639038086	8.112285614013672
3	39	the	2.5628960132598877	1.7215511798858643	1.5363823175430298	1.6963820457458496
3	40	birds	10.307703018188477	10.046711921691895	11.03858470916748	11.88723087310791
3	41	who	5.337180137634277	5.012519836425781	5.398410797119141	5.37635612487793
3	42	were	4.614554405212402	2.3908743858337402	2.7393696308135986	2.1929609775543213
3	43	from	5.346893787384033	6.46247673034668	6.67227840423584	7.124126434326172
3	44	the	2.1682446002960205	1.6579790115356445	1.825903058052063	1.2915064096450806
3	45	most	5.893077850341797	6.256383419036865	6.28439998626709	6.459381103515625
3	46	distant	9.561779975891113	7.786418437957764	6.657944202423096	5.144318580627441
3	47	lands	9.923593521118164	5.2913360595703125	6.076094627380371	5.540364742279053
3	48	would	6.129334926605225	5.516103744506836	5.297995567321777	6.163944721221924
3	49	be	3.1582038402557373	0.9938450455665588	1.0836894512176514	1.1833751201629639
3	50	unable	8.554413795471191	6.782258987426758	7.294651985168457	6.23979377746582
3	51	to	1.3137210607528687	0.05296647921204567	0.03215434029698372	0.01665804721415043
3	52	come,	9.894102096557617	10.504493713378906	10.935748100280762	10.766694068908691
3	53	many	6.708317756652832	6.608087062835693	6.673086643218994	6.832719326019287
3	54	birds	10.075740814208984	8.710880279541016	9.387321472167969	9.267093658447266
3	55	came	6.877040863037109	6.651422500610352	6.057865142822266	5.908758640289307
3	56	from	3.980830192565918	1.9682530164718628	2.92844820022583	3.325192928314209
3	57	faraway	11.586625099182129	9.791890144348145	8.768752098083496	7.979389190673828
3	58	meadows	10.7147798538208	10.480201721191406	11.487712860107422	10.64397144317627
3	59	and	1.2130273580551147	1.1502679586410522	0.930511474609375	0.9877623319625854
3	60	woods.	13.982325553894043	6.093966484069824	6.287234306335449	6.199204444885254
3	61	The	2.3221726417541504	2.227957248687744	2.220740556716919	2.1618142127990723
3	62	eagle,	14.174918174743652	12.242074012756348	12.495877265930176	12.464187622070312
3	63	who	5.017143249511719	4.0227861404418945	3.844778537750244	3.8569798469543457
3	64	already	6.874850749969482	7.451810836791992	7.0301899909973145	7.246339321136475
3	65	thought	7.419189929962158	6.424083709716797	6.739365577697754	7.069094657897949
3	66	himself	8.168193817138672	8.220050811767578	8.081491470336914	5.039989948272705
3	67	the	3.4763665199279785	3.364464044570923	2.876413106918335	2.7395479679107666
3	68	de	9.40812873840332	8.766919136047363	8.047761917114258	7.182004928588867
3	69	facto	9.444646835327148	0.2949570417404175	0.04908543825149536	0.08297169208526611
3	70	king,	11.276444435119629	8.666178703308105	6.875358581542969	7.054022789001465
3	71	arrived	10.410983085632324	9.966631889343262	9.49801254272461	9.41154956817627
3	72	fashionably	15.116612434387207	16.513961791992188	16.37635040283203	16.325754165649414
3	73	late.	9.046348571777344	5.808541297912598	3.9861323833465576	3.2976932525634766
3	74	It	3.358903646469116	3.3573107719421387	3.3710198402404785	3.6922526359558105
3	75	was	3.412656545639038	1.4161524772644043	1.3682955503463745	1.006372094154358
3	76	a	3.061190605163574	2.0511252880096436	1.9430127143859863	2.0063796043395996
3	77	hawk	12.493681907653809	11.776189804077148	12.491451263427734	12.77212905883789
3	78	who	5.406149864196777	4.3152241706848145	2.6890439987182617	3.36047625541687
3	79	was	4.020085334777832	2.871784210205078	2.847461700439453	2.4442298412323
3	80	most	6.189605712890625	7.120139122009277	7.236736297607422	7.244954586029053
3	81	excited	9.517111778259277	4.732542037963867	4.361374378204346	5.289594650268555
3	82	about	5.01124382019043	1.073046326637268	1.1931580305099487	0.6816813349723816
3	83	the	2.222579002380371	1.5277786254882812	1.4930258989334106	1.554550051689148
3	84	meeting,	9.913314819335938	10.12136459350586	9.489609718322754	10.40488338470459
3	85	because	6.008153915405273	6.302361488342285	5.788650035858154	4.458675384521484
3	86	he	4.525615215301514	2.541973352432251	2.2031519412994385	2.2442023754119873
3	87	was	3.423234701156616	1.8676626682281494	1.8981324434280396	1.9883606433868408
3	88	the	2.8936269283294678	3.796795129776001	3.793731212615967	3.621018886566162
3	89	dark	8.687427520751953	8.476829528808594	9.181770324707031	9.26486587524414
3	90	horse	9.99030590057373	5.604836463928223	4.116425514221191	2.710145950317383
3	91	for	4.492856979370117	4.263350963592529	2.254352331161499	1.7844237089157104
3	92	king.	13.258489608764648	12.459203720092773	11.607091903686523	12.19086742401123
3	93	The	2.4605190753936768	2.6926045417785645	2.575498104095459	2.675571918487549
3	94	small	7.5359649658203125	7.93821907043457	7.676217079162598	7.392171859741211
3	95	fry	12.109006881713867	6.877834320068359	7.4219865798950195	6.908586502075195
3	96	came	7.797219276428223	8.14875316619873	6.356834411621094	5.298026084899902
3	97	too,	11.019998550415039	10.328240394592285	12.087474822998047	10.282114028930664
3	98	and	2.5604658126831055	1.9036288261413574	1.9646949768066406	1.7978453636169434
3	99	the	3.0785820484161377	3.157400608062744	2.7170662879943848	2.6091673374176025
3	100	robin,	15.691963195800781	17.56529998779297	18.744611740112305	17.827938079833984
3	101	the	3.5072455406188965	2.905073642730713	2.9141154289245605	3.43202805519104
3	102	bluebird,	16.889677047729492	12.534850120544434	10.512182235717773	9.848431587219238
3	103	the	3.277820587158203	2.6846423149108887	1.5376861095428467	0.958133339881897
3	104	owl,	14.334905624389648	7.3768134117126465	7.269659519195557	5.175410747528076
3	105	the	3.488705635070801	2.737065553665161	1.0952200889587402	0.8491911292076111
3	106	lark,	15.58689022064209	12.293904304504395	9.8438720703125	8.677837371826172
3	107	and	2.3346545696258545	1.9913153648376465	0.8421304821968079	1.0570311546325684
3	108	the	3.0785820484161377	2.910413980484009	2.3983170986175537	0.8191050291061401
3	109	sparrow,	13.805100440979004	15.189053535461426	11.93649673461914	9.956050872802734
3	110	who	5.140995979309082	4.714616298675537	4.479751110076904	4.434974670410156
3	111	had	4.7185211181640625	2.8869361877441406	2.855327606201172	2.978208065032959
3	112	only	5.523695468902588	5.3433942794799805	4.997722625732422	4.97074556350708
3	113	a	3.636901617050171	2.585872173309326	2.733586549758911	2.515857219696045
3	114	chance	7.672565937042236	6.597110748291016	5.207840442657471	6.015040397644043
3	115	in	3.3072428703308105	4.951356410980225	4.426581382751465	3.686152458190918
3	116	a	3.1250689029693604	2.9315080642700195	2.4874844551086426	2.3643898963928223
3	117	million	7.933647632598877	7.229771614074707	7.3243279457092285	6.498090744018555
3	118	to	3.518585205078125	4.492891788482666	5.745800495147705	7.2648420333862305
3	119	be	4.1436285972595215	3.7358481884002686	4.545151233673096	4.232393264770508
3	120	king,	11.934276580810547	11.298957824707031	12.196418762207031	11.461721420288086
3	121	were	6.760820388793945	7.304200172424316	6.394567966461182	6.671926498413086
3	122	all	5.042396545410156	4.582510948181152	4.7390313148498535	4.739665985107422
3	123	present	8.594051361083984	6.720037460327148	5.99990177154541	7.214766025543213
3	124	at	4.73914909362793	1.8896918296813965	1.257817268371582	1.5144102573394775
3	125	the	2.1856894493103027	1.3959465026855469	0.8787784576416016	0.5354668498039246
3	126	meeting.	10.658689498901367	8.783088684082031	7.57054328918457	5.176386833190918
3	127	The	2.3865578174591064	2.3380887508392334	2.414130687713623	2.1562399864196777
3	128	cuckoo,	17.16536521911621	18.9759578704834	19.073511123657227	19.358978271484375
3	129	who	4.37197208404541	3.1273388862609863	2.3010640144348145	2.1427011489868164
3	130	was	4.020086288452148	2.4779109954833984	2.211980104446411	2.007481813430786
3	131	almost	6.811520576477051	7.200239181518555	6.612536430358887	6.2742109298706055
3	132	not	5.024127960205078	6.4011077880859375	6.835810661315918	6.982232570648193
3	133	invited	10.613351821899414	10.073152542114258	9.512151718139648	6.363828659057617
3	134	because	6.474526405334473	5.282327651977539	5.351606845855713	4.807830810546875
3	135	his	5.64675235748291	4.650301933288574	4.654926300048828	4.680210113525391
3	136	call	7.974606037139893	8.074411392211914	7.816154956817627	8.018875122070312
3	137	so	6.388162612915039	7.218298435211182	8.060125350952148	7.827144622802734
3	138	annoyed	11.463504791259766	12.158673286437988	11.435707092285156	8.130975723266602
3	139	the	3.0085558891296387	3.6510260105133057	4.715197563171387	2.5795695781707764
3	140	other	5.777846336364746	5.402647495269775	4.4589643478393555	3.887120008468628
3	141	birds,	11.647555351257324	10.9419584274292	10.332399368286133	10.986865997314453
3	142	came	8.453744888305664	9.120295524597168	8.458183288574219	8.278360366821289
3	143	too.	10.625064849853516	10.334807395935059	11.202534675598145	9.775065422058105
3	144	It	3.369779586791992	3.400175094604492	3.5638039112091064	3.5139529705047607
3	145	was	3.412656545639038	1.873285174369812	1.051329255104065	0.9195798635482788
3	146	the	2.8936269283294678	2.8882861137390137	3.2518503665924072	3.155421018600464
3	147	very	6.381839752197266	5.864340782165527	5.219607830047607	5.164334297180176
3	148	little	6.038973808288574	7.595732688903809	8.18325138092041	8.206761360168457
3	149	bird	10.194551467895508	10.168001174926758	10.48798942565918	8.263957023620605
3	150	who	5.664041519165039	5.51399564743042	6.322405815124512	4.4555559158325195
3	151	had	4.7185211181640625	2.887359619140625	3.275965929031372	3.585266590118408
3	152	no	5.174587249755859	4.188017845153809	4.35224723815918	3.2466580867767334
3	153	name	7.700621604919434	6.709092140197754	6.638254642486572	4.808579921722412
3	154	at	4.923659324645996	4.266600131988525	3.5558080673217773	3.130714178085327
3	155	all,	7.1651611328125	4.64199161529541	2.4967446327209473	2.101067304611206
3	156	however,	6.251994609832764	6.2292022705078125	6.363171577453613	6.473874092102051
3	157	that	3.6827080249786377	3.772724151611328	3.711646795272827	3.703381061553955
3	158	would	5.490446090698242	4.602242469787598	4.849867343902588	5.205806255340576
3	159	end	6.439448356628418	5.622189521789551	6.465862274169922	6.167576789855957
3	160	up	5.594597816467285	0.37348565459251404	0.8339706063270569	0.7607539892196655
3	161	overturning	13.053855895996094	11.507553100585938	10.884222030639648	9.690122604370117
3	162	the	1.0827288627624512	1.1040568351745605	1.1119729280471802	1.0808074474334717
3	163	balance	8.999710083007812	7.8318891525268555	8.277170181274414	7.824678897857666
3	164	of	2.7037346363067627	0.9516658782958984	0.6884692907333374	0.542843222618103
3	165	power	8.029168128967285	5.196788787841797	1.0337324142456055	0.4757012724876404
3	166	among	7.98483419418335	6.244355201721191	4.936185836791992	4.549012184143066
3	167	the	2.1298060417175293	1.539515733718872	1.2148287296295166	1.1087241172790527
3	168	birds.	12.174829483032227	10.297691345214844	9.968067169189453	10.780437469482422
3	169	That	5.05627965927124	5.081390380859375	5.258457183837891	5.1395745277404785
3	170	there	5.9652862548828125	6.618893146514893	6.862942218780518	6.693244934082031
3	171	would	4.867457866668701	4.557638168334961	4.169332027435303	3.797916889190674
3	172	be	3.1582038402557373	0.3532011806964874	0.27819448709487915	0.209342822432518
3	173	great	7.745779991149902	5.75526237487793	5.662939548492432	6.2939453125
3	174	confusion	10.355034828186035	10.733396530151367	11.196938514709473	6.416029930114746
3	175	and	2.7991175651550293	2.011090040206909	1.9700536727905273	2.2017621994018555
3	176	noise	10.388945579528809	8.44221019744873	8.809004783630371	7.418631076812744
3	177	among	7.812936782836914	7.995471000671387	6.468648910522461	5.476263999938965
3	178	the	2.1298060417175293	1.6096954345703125	1.3673641681671143	1.3039089441299438
3	179	birds	10.307703018188477	8.787252426147461	8.275906562805176	7.478343486785889
3	180	at	4.594125747680664	4.398089408874512	4.1689958572387695	3.925795316696167
3	181	the	2.1856894493103027	1.3839259147644043	1.2148447036743164	1.0265752077102661
3	182	meeting	8.817400932312012	7.362637519836426	8.171323776245117	7.237741947174072
3	183	was	5.0149827003479	2.739208221435547	3.580902576446533	3.584869146347046
3	184	to	3.693138599395752	2.815967559814453	3.353672504425049	2.986891031265259
3	185	be	4.1436285972595215	2.08901047706604	2.490762233734131	2.4575467109680176
3	186	expected,	10.573734283447266	8.497652053833008	7.827235221862793	8.243947982788086
3	187	given	5.7657856941223145	5.084278106689453	4.848453044891357	4.0660271644592285
3	188	the	2.7013585567474365	0.9610418081283569	0.8443387746810913	0.8802915215492249
3	189	sheer	10.011248588562012	10.16586685180664	5.757619857788086	5.6187310218811035
3	190	numbers	7.886078834533691	4.221628189086914	4.702816963195801	3.5277962684631348
3	191	of	2.440340757369995	2.0530383586883545	0.3943198025226593	0.6592012047767639
3	192	birds	10.60312271118164	8.270841598510742	8.036521911621094	7.846275806427002
3	193	that	4.038241863250732	2.5878405570983887	2.303210973739624	2.8236775398254395
3	194	have	5.198828220367432	2.8611130714416504	2.696843147277832	2.4733848571777344
3	195	gathered.	11.967087745666504	12.316689491271973	12.061639785766602	12.241178512573242
3	196	There	4.259459018707275	4.1877217292785645	4.212152481079102	4.148745059967041
3	197	was	3.5214571952819824	1.0963318347930908	1.8714511394500732	2.3234634399414062
3	198	piping,	16.560651779174805	17.168720245361328	16.17605972290039	16.339813232421875
3	199	hissing,	13.134944915771484	11.220239639282227	9.793745040893555	8.781379699707031
3	200	and	2.0276801586151123	1.2666672468185425	1.2986323833465576	1.3745938539505005
3	201	clacking,	17.54084014892578	11.680339813232422	9.547811508178711	9.634382247924805
3	202	but	2.9859349727630615	2.6300718784332275	3.906766891479492	3.5403833389282227
3	203	finally	8.530094146728516	7.119361877441406	7.114500045776367	6.541407108306885
3	204	it	5.257155895233154	3.643340587615967	4.131475448608398	3.452744722366333
3	205	was	3.875565528869629	1.5673984289169312	1.5231351852416992	1.3021374940872192
3	206	decided	8.330913543701172	5.990541458129883	4.938619613647461	5.008912086486816
3	207	that	3.287909507751465	1.6404649019241333	0.985643744468689	0.8491759300231934
3	208	the	2.915968894958496	2.088921308517456	1.5659445524215698	1.6847714185714722
3	209	bird	10.218090057373047	9.12048053741455	9.34115982055664	9.56670093536377
3	210	that	4.139640808105469	3.6196823120117188	5.287533760070801	4.807347774505615
3	211	could	5.987543106079102	4.425045967102051	5.314863204956055	5.709902763366699
3	212	fly	8.580101013183594	8.260908126831055	4.961294174194336	4.310625076293945
3	213	the	3.170515775680542	3.6167664527893066	4.828553199768066	5.2857584953308105
3	214	highest	8.425863265991211	8.299886703491211	8.751299858093262	8.255526542663574
3	215	should	7.342475891113281	10.553010940551758	10.804353713989258	10.028603553771973
3	216	be	3.0960607528686523	0.8450706601142883	0.9714474678039551	2.1959786415100098
3	217	king.	11.71064281463623	12.467388153076172	11.339215278625488	10.403478622436523
3	218	The	2.460519313812256	2.800294876098633	2.748692750930786	2.547056198120117
3	219	little	7.3687310218811035	7.998771667480469	7.797362327575684	7.902553558349609
3	220	bird	10.194551467895508	5.698630332946777	5.147082328796387	5.30870246887207
3	221	lay	9.644423484802246	8.733429908752441	6.882934093475342	6.148599624633789
3	222	low	8.436227798461914	5.637158393859863	5.358299732208252	5.03600549697876
3	223	near	8.086458206176758	7.332173824310303	5.512971878051758	5.701939582824707
3	224	the	2.410109758377075	0.9567962884902954	0.6073094010353088	0.7459344863891602
3	225	eagle	11.57166576385498	11.18515396118164	11.302223205566406	10.60643482208252
3	226	at	4.71525764465332	4.134341716766357	3.440944194793701	3.6669421195983887
3	227	first,	7.298910617828369	6.241916656494141	6.054105758666992	6.880604267120361
3	228	but	3.3919575214385986	1.4909967184066772	1.290924310684204	1.081549882888794
3	229	the	2.825763463973999	2.826930046081543	3.2324037551879883	3.045516014099121
3	230	eagle	11.57166576385498	10.251032829284668	10.395600318908691	10.38942813873291
3	231	did	7.122861862182617	5.693990230560303	4.367125511169434	4.000143527984619
3	232	not	3.4299685955047607	0.46873772144317627	0.46222466230392456	0.4038578271865845
3	233	notice	9.20274829864502	6.047664165496826	6.138210773468018	5.590423583984375
3	234	the	3.0063364505767822	1.921905517578125	1.534110426902771	1.4066660404205322
3	235	bird	10.218090057373047	10.322179794311523	9.353163719177246	8.757383346557617
3	236	hopping	11.941781997680664	9.871282577514648	10.14945125579834	7.312819004058838
3	237	onto	8.145657539367676	7.100744247436523	5.197124004364014	5.031229019165039
3	238	his	4.964478492736816	3.569138526916504	3.3524515628814697	2.811062812805176
3	239	back	7.014732360839844	4.246183395385742	3.458512306213379	2.4882638454437256
3	240	right	7.001049041748047	7.4100236892700195	6.988056182861328	7.442227840423584
3	241	as	4.714935302734375	5.294310569763184	4.789057731628418	4.38920259475708
3	242	the	2.6557557582855225	2.161619186401367	2.0004172325134277	2.211477518081665
3	243	competition	9.149565696716309	8.774539947509766	7.784127235412598	7.940852165222168
3	244	was	4.67983341217041	3.6691136360168457	3.1694729328155518	3.1676104068756104
3	245	about	5.527647018432617	5.332986831665039	4.501211643218994	4.463985443115234
3	246	to	3.8202009201049805	1.3730968236923218	1.6685254573822021	1.6285523176193237
3	247	commence.	14.23685359954834	9.798028945922852	9.61060905456543	5.892755508422852
3	248	Into	10.545424461364746	10.743433952331543	10.437034606933594	10.2933988571167
3	249	the	2.492753505706787	1.2044748067855835	1.1609195470809937	1.0205856561660767
3	250	air	8.145994186401367	6.832057952880859	6.297285079956055	5.84074592590332
3	251	in	3.503790855407715	2.9151248931884766	3.0792648792266846	3.8412747383117676
3	252	a	3.1250689029693604	2.836848258972168	2.255117654800415	2.0285356044769287
3	253	great	6.413437843322754	6.773736476898193	7.557621955871582	6.240469932556152
3	254	flock	12.333662033081055	12.630916595458984	10.935832977294922	8.94843864440918
3	255	all	5.843499183654785	6.917381286621094	7.033977508544922	7.420566558837891
3	256	the	2.9048948287963867	2.5589277744293213	2.423126220703125	2.5198442935943604
3	257	birds	10.307703018188477	8.115524291992188	6.377639293670654	5.810849189758301
3	258	flew	9.755988121032715	6.09000825881958	6.3169660568237305	7.64832878112793
3	259	when	5.860060691833496	6.603766441345215	6.4067277908325195	6.752094745635986
3	260	the	2.3767354488372803	2.0521159172058105	2.2029600143432617	1.9567700624465942
3	261	signal	9.820969581604004	8.252606391906738	8.110610961914062	8.444867134094238
3	262	was	4.939042568206787	3.924072504043579	2.5128018856048584	1.1155481338500977
3	263	given.	10.836677551269531	8.223381042480469	8.008106231689453	7.146543502807617
3	264	The	2.547689437866211	2.247663974761963	1.8071119785308838	1.8796113729476929
3	265	air	8.184049606323242	8.63690185546875	8.590726852416992	7.151269912719727
3	266	was	4.934375286102295	2.078929901123047	2.9119880199432373	1.7088797092437744
3	267	full	7.557629585266113	6.70201301574707	4.152010440826416	4.244366645812988
3	268	of	3.2063262462615967	0.2005998194217682	0.4874221384525299	0.13050991296768188
3	269	dust,	12.348800659179688	8.621785163879395	9.323137283325195	6.575667381286621
3	270	and	2.128880262374878	2.305408477783203	1.943355917930603	1.7374498844146729
3	271	it	5.259035587310791	3.792013168334961	3.8863420486450195	3.3311333656311035
3	272	seemed	7.814331531524658	5.388998985290527	4.8306884765625	5.225433349609375
3	273	as	4.17547607421875	2.657662868499756	2.9068076610565186	2.2301583290100098
3	274	if	5.695194721221924	0.6165797114372253	0.6069035530090332	0.5122654438018799
3	275	a	3.3456625938415527	3.8517420291900635	3.782287836074829	3.4251925945281982
3	276	black	7.165595531463623	6.596745491027832	5.9244184494018555	5.579689979553223
3	277	cloud	9.838687896728516	5.974578857421875	7.607638359069824	6.902528762817383
3	278	were	6.056832313537598	6.094398021697998	6.733564853668213	4.879234790802002
3	279	floating	9.920928001403809	8.067657470703125	6.587196350097656	6.257843971252441
3	280	over	5.866023063659668	4.111207008361816	3.382657527923584	2.6959943771362305
3	281	the	2.3967325687408447	1.4172492027282715	0.985573410987854	0.6947295069694519
3	282	field.	9.679679870605469	8.683911323547363	7.881279945373535	7.141554355621338
3	283	You	4.4354095458984375	4.661172389984131	4.917120456695557	4.811680316925049
3	284	could	5.123105525970459	3.4781813621520996	3.1695425510406494	3.050316095352173
3	285	hear	7.576469421386719	5.476312637329102	5.070240497589111	5.0673112869262695
3	286	the	2.5829896926879883	1.9758847951889038	1.3800058364868164	1.1576588153839111
3	287	birds	10.307703018188477	7.820164680480957	7.1875715255737305	6.189594268798828
3	288	chirping	11.279617309570312	8.85903549194336	5.91884183883667	4.06373929977417
3	289	and	2.162177801132202	1.6421723365783691	1.5377029180526733	1.6335285902023315
3	290	flapping	12.628941535949707	7.049717903137207	6.394947528839111	5.372745513916016
3	291	from	4.436712741851807	5.905057907104492	5.982705116271973	5.312731742858887
3	292	fields	10.110527038574219	11.780658721923828	12.157201766967773	11.80545425415039
3	293	that	3.985347270965576	2.3505196571350098	3.8843109607696533	4.196555137634277
3	294	were	5.662384510040283	3.2761778831481934	2.636608362197876	2.206679582595825
3	295	miles	10.081897735595703	10.008417129516602	9.066550254821777	8.720542907714844
3	296	away.	8.748903274536133	2.628913402557373	2.546668291091919	3.0065979957580566
3	297	The	2.593212604522705	2.1723475456237793	2.3000614643096924	2.3298261165618896
3	298	little	7.3687310218811035	7.174431324005127	7.373456954956055	6.827723503112793
3	299	birds	10.186347961425781	7.041842460632324	6.453824520111084	6.557461738586426
3	300	that	4.038241863250732	3.103079080581665	2.914452314376831	3.634812593460083
3	301	soon	8.829981803894043	8.582403182983398	8.716716766357422	8.214046478271484
3	302	grew	9.451662063598633	7.501123428344727	4.411203861236572	4.697615146636963
3	303	tired	10.169466018676758	4.802952766418457	5.888769149780273	4.406635284423828
3	304	fell	10.876143455505371	13.851637840270996	15.846078872680664	16.202926635742188
3	305	back	5.804320812225342	4.748270034790039	3.8400914669036865	3.074418067932129
3	306	quickly	9.007118225097656	7.983580589294434	8.927395820617676	8.632268905639648
3	307	to	3.2890567779541016	1.904905915260315	1.6068671941757202	1.418413758277893
3	308	earth.	11.599117279052734	11.66688346862793	11.638762474060059	8.111631393432617
3	309	The	2.31850266456604	2.3777966499328613	2.287142276763916	2.270859479904175
3	310	fact	7.159149646759033	5.414467811584473	5.164882183074951	5.261274814605713
3	311	that	3.3981359004974365	0.3760415315628052	0.26468518376350403	0.26643189787864685
3	312	the	2.915968894958496	1.8863608837127686	2.0664126873016357	2.0455403327941895
3	313	larger	8.672039031982422	8.632986068725586	8.320786476135254	8.935794830322266
3	314	ones	8.476053237915039	6.1473493576049805	6.137541770935059	6.783293724060059
3	315	held	8.256635665893555	8.968046188354492	8.932312965393066	8.006269454956055
3	316	out	5.285943508148193	4.26752233505249	4.420926570892334	4.4483489990234375
3	317	longer,	11.726112365722656	12.16960334777832	10.73890209197998	8.428133010864258
3	318	and	2.191617488861084	2.0584678649902344	2.0772902965545654	1.8850268125534058
3	319	flew	10.984761238098145	11.748488426208496	10.797624588012695	9.451032638549805
3	320	higher	8.950726509094238	7.848438739776611	6.889785289764404	5.511059761047363
3	321	and	3.428539276123047	0.9609168767929077	1.788140058517456	2.0382895469665527
3	322	higher,	10.843159675598145	4.983139991760254	1.8892693519592285	2.1033072471618652
3	323	but	2.415886878967285	2.9566490650177	3.068424940109253	3.3538928031921387
3	324	the	2.825763463973999	2.7980360984802246	2.591519594192505	2.6490581035614014
3	325	eagle	11.57166576385498	10.251032829284668	10.721817016601562	10.88836669921875
3	326	flew	10.264277458190918	5.432421684265137	4.833517074584961	5.98050594329834
3	327	highest	11.012927055358887	11.545769691467285	11.040966033935547	10.795448303222656
3	328	of	3.3252649307250977	4.421970367431641	4.690273761749268	4.269730567932129
3	329	any,	12.790584564208984	8.221138000488281	9.038264274597168	10.577938079833984
3	330	surprised	11.636981010437012	12.33637809753418	11.46310043334961	10.898744583129883
3	331	no	6.504730701446533	6.701726913452148	5.619171142578125	3.741929292678833
3	332	one.	9.8721923828125	2.664219856262207	1.477271556854248	1.4770417213439941
3	333	Could	7.933154106140137	7.770963191986084	7.69641637802124	8.063211441040039
3	334	anyone	7.789163589477539	4.831772804260254	4.180995941162109	4.44088077545166
3	335	stop	8.501810073852539	5.287726402282715	5.530770301818848	5.174800395965576
3	336	the	2.5327305793762207	3.165135383605957	2.7615480422973633	2.4085824489593506
3	337	eagle	11.57166576385498	12.634883880615234	11.445402145385742	10.92089557647705
3	338	that	4.138857841491699	3.830404043197632	4.169915676116943	4.045317649841309
3	339	seemed	8.520792007446289	6.5550665855407715	7.0066752433776855	7.5012617111206055
3	340	to	2.4551029205322266	0.8964076042175293	0.38273102045059204	0.34358835220336914
3	341	be	4.1436285972595215	1.4734054803848267	1.4430614709854126	1.2849010229110718
3	342	flying	9.381546974182129	9.658428192138672	7.678041458129883	7.70712947845459
3	343	straight	8.581048965454102	6.346473693847656	6.06875467300415	5.538651466369629
3	344	into	5.824097633361816	2.313779830932617	2.0192136764526367	2.027740716934204
3	345	the	2.043440341949463	1.0878618955612183	0.7415446043014526	0.7743722200393677
3	346	sun?	15.490129470825195	12.264284133911133	11.994407653808594	10.366968154907227
3	347	The	2.989863395690918	3.171915292739868	3.1721479892730713	3.166430711746216
3	348	other	5.872735023498535	5.737713813781738	5.5486907958984375	5.658491134643555
3	349	birds	10.058965682983398	10.052639961242676	8.087839126586914	8.096213340759277
3	350	gave	7.963901519775391	8.357824325561523	6.837758541107178	6.486501693725586
3	351	out	5.333835601806641	4.128055572509766	4.710727691650391	4.101929664611816
3	352	one	5.806417942047119	5.180990219116211	5.832472801208496	5.635867118835449
3	353	by	5.488725662231445	5.38338041305542	5.101131439208984	3.7848305702209473
3	354	one	5.4237470626831055	2.6540255546569824	1.9557905197143555	3.9061644077301025
3	355	and	3.762094020843506	5.02501106262207	2.279179573059082	2.439392566680908
3	356	when	6.32520866394043	7.348628044128418	7.5799407958984375	5.876282215118408
3	357	the	2.3767354488372803	2.4227821826934814	2.470635414123535	2.093931198120117
3	358	eagle	11.57166576385498	9.934096336364746	9.674565315246582	9.392531394958496
3	359	saw	8.846742630004883	7.141779899597168	6.147977828979492	5.452112197875977
3	360	this	4.634890556335449	3.800631046295166	4.501163482666016	4.45451545715332
3	361	he	6.336552619934082	7.559206962585449	7.212237358093262	6.765639305114746
3	362	thought,	9.213963508605957	8.000627517700195	7.0900421142578125	6.496730327606201
3	363	'What	5.730019569396973	6.310397148132324	6.885068416595459	5.484215259552002
3	364	is	2.04483699798584	2.421031951904297	2.5749318599700928	2.5554556846618652
3	365	the	2.828490972518921	1.7013555765151978	2.0230023860931396	2.0831828117370605
3	366	use	6.782787322998047	6.929141521453857	5.400883197784424	4.622745513916016
3	367	of	3.086466073989868	0.04984676465392113	0.039600152522325516	0.1080273687839508
3	368	flying	9.653426170349121	9.866449356079102	9.65986442565918	9.847396850585938
3	369	any	6.631288051605225	8.636161804199219	9.408595085144043	9.935676574707031
3	370	higher?	15.4954833984375	11.736629486083984	12.69191837310791	14.876784324645996
3	371	This	4.599344253540039	4.667682647705078	4.430296897888184	4.370028972625732
3	372	victory	9.363987922668457	10.498700141906738	10.395613670349121	10.064652442932129
3	373	is	4.258664608001709	2.04606294631958	1.7358800172805786	1.6509240865707397
3	374	in	3.9126744270324707	4.131925582885742	4.321563720703125	4.25429105758667
3	375	the	2.2516236305236816	1.542031168937683	1.6015262603759766	2.1440651416778564
3	376	bag	9.771397590637207	8.703737258911133	7.09359884262085	5.809464454650879
3	377	and	3.0511507987976074	2.2609550952911377	2.12026047706604	2.247650623321533
3	378	I	4.981740951538086	4.558905601501465	4.295210838317871	3.883573055267334
3	379	am	5.758415222167969	3.2009615898132324	3.6697683334350586	3.8777356147766113
3	380	king!'	19.092140197753906	19.59648895263672	20.012802124023438	19.97426986694336
3	381	Then	4.752943992614746	4.676143646240234	4.762080192565918	4.3968892097473145
3	382	the	2.8072352409362793	2.124563217163086	2.226895332336426	2.377234935760498
3	383	birds	10.307703018188477	7.979775428771973	6.565548896789551	6.784786224365234
3	384	below	8.32728385925293	8.518896102905273	9.451496124267578	10.032073974609375
3	385	called	8.172240257263184	9.228323936462402	8.468236923217773	6.468748092651367
3	386	with	4.591611862182617	8.458671569824219	7.600224494934082	6.662959575653076
3	387	one	5.316082000732422	5.16761589050293	4.885433197021484	5.169670104980469
3	388	accord,	14.051322937011719	12.254935264587402	10.520255088806152	11.413827896118164
3	389	'Come	14.44068431854248	12.612424850463867	12.330108642578125	11.00508975982666
3	390	back,	5.362929344177246	5.826013565063477	6.307038307189941	6.582876205444336
3	391	come	8.02719497680664	3.53521990776062	3.1152901649475098	2.9828407764434814
3	392	back!	11.722588539123535	6.3431220054626465	3.2549498081207275	4.308576583862305
3	393	It	3.8936779499053955	4.324681282043457	4.329294204711914	4.910177230834961
3	394	is	2.683084726333618	1.8842992782592773	1.8024628162384033	1.874084711074829
3	395	you	5.932958602905273	8.884288787841797	8.276009559631348	7.678647994995117
3	396	who	5.936892032623291	5.542487621307373	0.9546016454696655	0.7952446937561035
3	397	must	6.627544403076172	6.912574768066406	5.973934173583984	3.2157912254333496
3	398	be	3.21785569190979	1.8661839962005615	2.279179811477661	2.1685056686401367
3	399	our	6.440534591674805	7.419075012207031	7.921383380889893	7.599516868591309
3	400	king	10.088134765625	8.56302261352539	9.331427574157715	8.310009956359863
3	401	because	6.354644775390625	6.198032855987549	5.244287967681885	5.357759475708008
3	402	no	5.937223434448242	6.4736328125	6.45518684387207	6.137096881866455
3	403	one	4.971702575683594	1.1021291017532349	0.6451864838600159	0.6251392364501953
3	404	can	5.626254081726074	2.9272730350494385	2.9719674587249756	2.6442782878875732
3	405	fly	8.923551559448242	7.261026382446289	8.286771774291992	8.389172554016113
3	406	as	4.62396240234375	4.4759111404418945	4.482084274291992	4.995312213897705
3	407	high	7.166975975036621	4.9085845947265625	3.8159444332122803	3.421903133392334
3	408	as	4.965353012084961	0.4788348078727722	0.09222407639026642	0.09848297387361526
3	409	you.'	17.213645935058594	16.611915588378906	18.37095832824707	17.912370681762695
3	410	'Except	13.034402847290039	12.794825553894043	12.798300743103027	12.635473251342773
3	411	me!'	9.82546615600586	8.92371940612793	9.156648635864258	9.25790786743164
3	412	cried	7.0936079025268555	6.835209369659424	4.866570472717285	4.238059043884277
3	413	a	3.608527660369873	3.449075937271118	3.202704906463623	4.3124895095825195
3	414	shrill,	13.423603057861328	11.284732818603516	10.547576904296875	10.428878784179688
3	415	shrill	7.526750564575195	5.006962776184082	4.878618240356445	4.913961410522461
3	416	voice,	6.661916255950928	4.802934646606445	3.16859769821167	3.6126699447631836
3	417	and	2.2502810955047607	2.3319473266601562	1.9367666244506836	2.117800235748291
3	418	out	6.935659885406494	7.891831398010254	7.69541072845459	8.351048469543457
3	419	of	2.5660271644592285	0.4222431480884552	0.5010225772857666	0.6301511526107788
3	420	the	2.347175359725952	1.4930789470672607	1.634503722190857	1.6882209777832031
3	421	blue	8.55981159210205	8.687234878540039	6.0736846923828125	5.690799713134766
3	422	the	4.083131313323975	7.33610200881958	7.535994529724121	6.9042205810546875
3	423	little	7.1267242431640625	7.171095848083496	7.203272819519043	7.214449882507324
3	424	bird	10.194551467895508	6.57158088684082	6.199601650238037	5.490312576293945
3	425	without	7.093552112579346	6.455656051635742	6.872768878936768	6.419456958770752
3	426	a	3.0183348655700684	2.2420458793640137	1.5476654767990112	2.5805721282958984
3	427	name	7.325292587280273	6.06216287612915	5.4256792068481445	5.285797119140625
3	428	rose	10.526586532592773	12.300053596496582	11.390074729919434	10.246742248535156
3	429	from	4.149162292480469	1.9904277324676514	2.4827051162719727	2.4549574851989746
3	430	the	2.1682446002960205	3.2117207050323486	0.7526861429214478	0.845928430557251
3	431	eagle's	13.291587829589844	12.513818740844727	12.514041900634766	12.134429931640625
3	432	back,	7.452001571655273	6.02579402923584	5.293506622314453	6.151103973388672
3	433	where	5.907991409301758	5.408257484436035	5.439772605895996	4.97254753112793
3	434	he	4.555023193359375	1.9590508937835693	1.8811354637145996	1.9145323038101196
3	435	had	4.253153324127197	3.1679420471191406	3.236908197402954	3.0043225288391113
3	436	lain	9.43923568725586	8.95089054107666	8.536783218383789	8.126047134399414
3	437	hidden	9.870800018310547	5.806138038635254	6.23015022277832	5.941095352172852
3	438	in	3.444890022277832	1.3144421577453613	1.2139273881912231	1.1430778503417969
3	439	the	2.2516236305236816	0.9422727823257446	0.9029547572135925	0.9052796363830566
3	440	feathers.	14.332956314086914	14.511045455932617	12.784910202026367	11.705913543701172
3	441	His	5.125927925109863	5.455552101135254	5.407370567321777	5.219133377075195
3	442	guile	11.563735961914062	12.512459754943848	12.242334365844727	12.407646179199219
3	443	was	4.342014789581299	2.4932825565338135	2.2005608081817627	2.1160709857940674
3	444	the	2.8936269283294678	3.481419086456299	3.989686965942383	3.9004032611846924
3	445	ace	11.24105167388916	10.040305137634277	9.90026569366455	9.491142272949219
3	446	up	6.463343620300293	2.9491169452667236	2.6056180000305176	2.373805046081543
3	447	his	5.814693927764893	3.8921701908111572	1.0105162858963013	1.3130688667297363
3	448	sleeve,	12.480274200439453	6.87746524810791	6.091127872467041	1.6921998262405396
3	449	and	2.205775737762451	2.1725051403045654	2.120621681213379	2.1573541164398193
3	450	he	5.580050468444824	4.547990798950195	2.930323839187622	2.6608643531799316
3	451	laughed	10.282065391540527	7.983773708343506	8.045398712158203	6.637860298156738
3	452	to	2.9336867332458496	3.5969135761260986	3.9137332439422607	3.681624174118042
3	453	himself	9.218533515930176	3.190291404724121	1.5123039484024048	1.2595796585083008
3	454	at	4.49022102355957	4.0020751953125	4.180978298187256	2.832425594329834
3	455	how	6.5482940673828125	7.675337791442871	6.3977227210998535	3.412179470062256
3	456	easy	7.9147868156433105	5.057511329650879	5.011518478393555	4.6731648445129395
3	457	it	5.217960834503174	0.37056079506874084	0.21998484432697296	0.24190983176231384
3	458	had	5.1790266036987305	6.349581718444824	6.720300674438477	7.159426689147949
3	459	been	4.648682117462158	1.6947382688522339	1.3231098651885986	0.2262505292892456
3	460	to	3.5450732707977295	5.2643890380859375	5.013996124267578	0.9779771566390991
3	461	outwit	10.222003936767578	11.947360038757324	12.023285865783691	11.246588706970215
3	462	the	3.295228958129883	1.5291614532470703	1.333229899406433	1.4662305116653442
3	463	other	5.777846336364746	4.5784196853637695	3.884596824645996	4.23996639251709
3	464	birds.	11.72644329071045	10.822391510009766	10.947080612182617	9.303849220275879
3	465	Higher	10.078130722045898	9.154420852661133	9.630523681640625	10.381779670715332
3	466	and	3.6922781467437744	4.889901638031006	5.2265238761901855	4.953269004821777
3	467	higher	8.93571662902832	3.1123669147491455	0.7357259392738342	0.5828303694725037
3	468	he	6.686470031738281	7.713072776794434	7.873527526855469	6.7791595458984375
3	469	mounted,	14.109224319458008	13.390059471130371	13.037554740905762	13.208499908447266
3	470	until	7.81318998336792	7.651670455932617	6.0579609870910645	5.488239288330078
3	471	he	4.619361400604248	2.5627450942993164	1.5467181205749512	1.3530910015106201
3	472	was	3.423234701156616	1.8132342100143433	1.6783076524734497	1.5639816522598267
3	473	lost	8.068843841552734	8.0453462600708	7.395965576171875	6.613964557647705
3	474	to	3.0491085052490234	1.562892198562622	2.148305892944336	1.8470689058303833
3	475	sight,	11.748875617980957	11.721635818481445	8.921371459960938	8.524284362792969
3	476	and	2.1214849948883057	2.1294186115264893	1.9014756679534912	1.8424561023712158
3	477	then	6.091530799865723	3.2479023933410645	3.797851800918579	3.7178075313568115
3	478	folding	11.782886505126953	11.525313377380371	11.590760231018066	11.535431861877441
3	479	his	6.192328929901123	2.7852163314819336	3.4025089740753174	2.5731053352355957
3	480	wings	10.024019241333008	5.765085697174072	5.407970428466797	5.302574157714844
3	481	together,	9.34883975982666	8.41535758972168	7.315786361694336	7.000017166137695
3	482	he	4.01677131652832	4.371957778930664	3.0302894115448	2.6742875576019287
3	483	sank	10.53493881225586	9.405102729797363	8.559338569641113	8.869757652282715
3	484	to	3.214542865753174	2.098041534423828	2.414760112762451	2.4653375148773193
3	485	earth	10.631611824035645	5.0380401611328125	5.143985748291016	6.113651752471924
3	486	crying	11.232090950012207	12.761329650878906	11.010981559753418	8.774208068847656
3	487	shrilly,	15.751142501831055	15.359800338745117	15.516313552856445	14.999832153320312
3	488	'I	10.256299018859863	8.546074867248535	8.213996887207031	7.240176200866699
3	489	am	2.89422345161438	2.571063756942749	2.5538954734802246	1.7801039218902588
3	490	king,	11.941062927246094	10.512899398803711	10.124617576599121	10.118902206420898
3	491	I	4.435047149658203	2.806533098220825	1.919939637184143	1.6956297159194946
3	492	am	5.758415222167969	2.5231940746307373	2.1674675941467285	0.32749053835868835
3	493	king!'	19.092140197753906	19.59648895263672	15.96263313293457	8.669883728027344
3	494	The	3.476555109024048	3.5188987255096436	3.498751163482666	3.3036563396453857
3	495	eagle	11.424564361572266	8.330916404724121	8.508735656738281	8.629717826843262
3	496	tricked	12.44202995300293	12.175213813781738	10.946052551269531	11.082620620727539
3	497	by	4.151028156280518	2.949091672897339	4.734461784362793	6.0409650802612305
3	498	the	2.3163957595825195	1.443595051765442	1.761866807937622	1.3012217283248901
3	499	little	7.1267242431640625	8.67691421508789	8.020722389221191	7.245826721191406
3	500	bird	10.194551467895508	6.571579933166504	6.336207389831543	6.081539154052734
3	501	had	5.763996601104736	5.347260475158691	4.849411964416504	6.273130893707275
3	502	not	4.589385986328125	3.8382489681243896	4.0849080085754395	4.161907196044922
3	503	sensed	13.078155517578125	8.592704772949219	8.479171752929688	7.809457778930664
3	504	the	2.788666009902954	1.930702567100525	1.507016897201538	1.5451425313949585
3	505	bird	10.218090057373047	8.686600685119629	9.301471710205078	9.743959426879883
3	506	in	3.554431915283203	3.318263053894043	3.4545226097106934	2.662407636642456
3	507	his	5.190221786499023	3.123660087585449	3.346912384033203	2.6527249813079834
3	508	feathers	12.19980239868164	13.615377426147461	11.210265159606934	7.1944580078125
3	509	and	2.7385048866271973	1.7469104528427124	1.4701911211013794	1.5638153553009033
3	510	so	6.035863876342773	6.449728965759277	6.404486656188965	6.225756645202637
3	511	had	6.35791015625	6.177892208099365	6.997741222381592	5.477419853210449
3	512	not	4.589385986328125	3.6975197792053223	3.693220615386963	4.4735283851623535
3	513	at	4.920038223266602	6.869673252105713	6.537952899932861	6.922950744628906
3	514	all	6.280516147613525	0.8793883919715881	1.2195826768875122	1.344749927520752
3	515	expected	8.900796890258789	9.04840087890625	6.555747985839844	4.819249153137207
3	516	the	3.1413559913635254	3.7150964736938477	3.666980028152466	4.391489028930664
3	517	bird	10.218090057373047	8.916561126708984	9.186447143554688	9.684120178222656
3	518	to	3.3756675720214844	3.0966453552246094	0.8489194512367249	0.3693009316921234
3	519	come	6.327090263366699	5.433530330657959	4.821384906768799	4.259990692138672
3	520	flying	10.068840980529785	8.909516334533691	7.066512107849121	5.652295112609863
3	521	out	5.39888858795166	3.118408679962158	2.6225905418395996	2.854962110519409
3	522	like	6.331972122192383	6.083376407623291	5.458950996398926	5.87624454498291
3	523	that.	5.347025394439697	4.139601707458496	4.055130481719971	4.241832256317139
3	524	The	2.781597375869751	3.2092816829681396	3.2269198894500732	3.139755964279175
3	525	birds	10.141608238220215	9.064029693603516	8.946094512939453	8.759964942932129
3	526	back	7.1094770431518555	8.571687698364258	9.121217727661133	8.997784614562988
3	527	on	4.003271579742432	3.103311061859131	2.371502637863159	2.4821627140045166
3	528	earth	10.015565872192383	8.151958465576172	5.142127990722656	5.549596786499023
3	529	were	5.963043689727783	5.405129432678223	6.330116271972656	4.362468719482422
3	530	all	5.042396545410156	5.492412567138672	4.574262619018555	4.319215774536133
3	531	up	6.475839614868164	6.878544807434082	7.387904644012451	7.307259559631348
3	532	in	3.2993955612182617	2.6320199966430664	2.0488193035125732	1.4713438749313354
3	533	arms.	11.571134567260742	10.01887035369873	8.361629486083984	2.0213799476623535
3	534	'You,	15.927244186401367	15.279502868652344	14.395219802856445	14.504680633544922
3	535	and	4.383711338043213	4.647837162017822	4.629897117614746	4.825766563415527
3	536	not	5.429503917694092	4.6757965087890625	5.104979038238525	5.02113676071167
3	537	the	3.2334158420562744	3.2192671298980713	2.5602867603302	2.345004081726074
3	538	eagle,	13.608293533325195	14.794466018676758	13.262931823730469	12.161285400390625
3	539	our	7.7188310623168945	7.767682075500488	8.173162460327148	7.87439489364624
3	540	king?'	20.329370498657227	17.40526580810547	17.044038772583008	15.881324768066406
3	541	the	5.033705234527588	4.825758934020996	4.405704498291016	4.266549587249756
3	542	birds	10.307703018188477	8.462818145751953	8.87610149383545	7.787174701690674
3	543	cried,	13.326972961425781	12.920044898986816	4.675196647644043	4.708621501922607
3	544	fuming	11.813920974731445	12.449774742126465	12.553959846496582	11.889891624450684
3	545	with	3.603971004486084	2.83762264251709	2.652125358581543	2.8657307624816895
3	546	anger.	12.379396438598633	4.634929656982422	3.351248025894165	3.948660135269165
3	547	'You	9.498783111572266	8.923515319824219	7.986534118652344	6.534239768981934
3	548	have	2.9799346923828125	2.90620756149292	2.913241147994995	2.900322437286377
3	549	done	6.7329254150390625	4.441548824310303	3.9437313079833984	3.8131253719329834
3	550	this	4.995573043823242	3.6969077587127686	2.678147315979004	2.7237467765808105
3	551	by	5.858198165893555	4.590612411499023	4.839653015136719	4.7755022048950195
3	552	breaking	8.94309139251709	6.768983364105225	6.729281425476074	6.584325790405273
3	553	every	6.92741060256958	5.993309497833252	6.044651985168457	5.5460405349731445
3	554	rule	8.516214370727539	5.063084602355957	1.463450312614441	1.8190124034881592
3	555	in	3.421034812927246	3.1101865768432617	2.352156639099121	1.9199163913726807
3	556	the	2.2516236305236816	1.5718055963516235	1.6169100999832153	0.8653436303138733
3	557	book,	9.424854278564453	7.586259841918945	7.909654140472412	5.915102958679199
3	558	so	5.404618263244629	4.677462577819824	4.649722576141357	4.576004981994629
3	559	we	4.948346138000488	2.984844446182251	3.0408968925476074	3.046022653579712
3	560	will	4.420177459716797	3.3593027591705322	3.4410037994384766	3.1714022159576416
3	561	not	3.965747833251953	2.9463539123535156	3.1176939010620117	2.8680641651153564
3	562	have	4.36834716796875	3.5000181198120117	3.8452553749084473	3.375981330871582
3	563	you,	10.724124908447266	11.397645950317383	11.181629180908203	10.246111869812012
3	564	who	4.950854301452637	5.414431571960449	5.0702714920043945	5.31344747543335
3	565	are	3.830271005630493	2.35688853263855	2.612645149230957	3.274137496948242
3	566	simply	7.217040061950684	6.480487823486328	6.608946800231934	7.317564964294434
3	567	tricky	12.181168556213379	10.559154510498047	12.35395622253418	12.428326606750488
3	568	and	3.3055856227874756	2.7860107421875	2.6566524505615234	2.791987895965576
3	569	cunning,	13.728902816772461	11.029674530029297	12.170416831970215	12.759398460388184
3	570	to	5.132765769958496	4.323738098144531	4.494688034057617	4.237221717834473
3	571	reign	11.47278118133545	8.880363464355469	8.287530899047852	9.073537826538086
3	572	over	5.902721405029297	2.9676175117492676	1.6389055252075195	1.7348376512527466
3	573	us.'	14.891538619995117	13.814163208007812	12.3018217086792	12.510475158691406
3	574	The	3.263414144515991	3.2174606323242188	2.839279890060425	3.0250885486602783
3	575	bird	10.08375358581543	9.163788795471191	8.788446426391602	9.073533058166504
3	576	without	7.093552112579346	8.543713569641113	9.232500076293945	9.197670936584473
3	577	a	3.0183348655700684	2.2420458793640137	2.2384157180786133	2.2693686485290527
3	578	name	7.325292587280273	6.06216287612915	5.4256792068481445	3.4070260524749756
3	579	then	7.275263786315918	8.084239959716797	7.277542591094971	7.4588727951049805
3	580	decided	8.39409065246582	6.979054927825928	8.128564834594727	9.07072639465332
3	581	to	2.192457675933838	0.4437258243560791	0.46551984548568726	0.44896388053894043
3	582	clear	7.8739237785339355	7.417449951171875	8.05636978149414	7.986636161804199
3	583	the	3.2161471843719482	1.4570534229278564	1.416476845741272	1.3097357749938965
3	584	air	8.145994186401367	6.548068523406982	3.730574131011963	3.220172166824341
3	585	and	3.174133777618408	2.5519111156463623	2.5581486225128174	1.703885793685913
3	586	said,	8.380643844604492	7.70841646194458	6.774952411651611	6.859128952026367
3	587	'Then	10.789348602294922	8.751629829406738	8.682093620300293	8.303048133850098
3	588	let	4.73419189453125	4.215285301208496	4.012147426605225	4.058237075805664
3	589	everyone	7.387936592102051	6.219721794128418	6.108005523681641	6.071635723114014
3	590	start	7.898198127746582	6.362275123596191	5.543398380279541	6.080763816833496
3	591	with	4.247706890106201	3.2078096866607666	3.4570159912109375	3.929893970489502
3	592	a	2.9099040031433105	1.8121237754821777	1.7998998165130615	2.0701847076416016
3	593	clean	8.652515411376953	6.77871561050415	5.7574462890625	5.4013800621032715
3	594	slate	11.594712257385254	2.3165578842163086	2.8137454986572266	2.1345009803771973
3	595	and	3.123215913772583	2.1584763526916504	2.0230841636657715	1.63066565990448
3	596	perform	9.560196876525879	9.724641799926758	7.9669294357299805	8.362253189086914
3	597	a	3.050049304962158	2.3095149993896484	3.1211416721343994	2.220731496810913
3	598	new	5.2342987060546875	4.629015922546387	5.615870475769043	5.324095726013184
3	599	challenging	10.127174377441406	11.35462760925293	11.317529678344727	10.711891174316406
3	600	task.	10.89995002746582	6.2654948234558105	7.032770156860352	5.523897171020508
3	601	Then	5.808599948883057	6.319547653198242	6.633698463439941	6.59061336517334
3	602	we	4.900119781494141	2.6611361503601074	2.7070717811584473	2.585585594177246
3	603	can	4.306895732879639	2.5775954723358154	2.383923053741455	3.004643678665161
3	604	decide	7.594361305236816	6.99433708190918	6.436546325683594	5.1697564125061035
3	605	who	6.035804748535156	3.5366690158843994	3.748086452484131	3.9737908840179443
3	606	should	5.859029769897461	3.8843116760253906	3.687697172164917	3.199164390563965
3	607	be	3.0960607528686523	1.2593121528625488	1.0666135549545288	1.0970433950424194
3	608	the	3.040605306625366	3.8427164554595947	3.8510138988494873	1.996982455253601
3	609	real	6.983242988586426	5.668737411499023	6.0095133781433105	5.795567512512207
3	610	king.'	19.082901000976562	16.303516387939453	14.247618675231934	14.520317077636719
3	611	Then	4.554080963134766	4.756793975830078	4.7259368896484375	4.688941955566406
3	612	the	2.8072352409362793	1.9051603078842163	2.2177231311798096	1.9671032428741455
3	613	birds	10.307703018188477	7.979775428771973	6.919098854064941	7.6366801261901855
3	614	gathered	9.933340072631836	9.32978343963623	7.788455486297607	7.603681564331055
3	615	together	7.429070472717285	3.0650806427001953	2.515918254852295	2.564082622528076
3	616	again	7.851212024688721	5.977365016937256	7.078710079193115	6.492076873779297
3	617	and	2.9586129188537598	1.714058756828308	1.519706130027771	1.0734981298446655
3	618	decided	8.71368408203125	6.82383394241333	7.827449321746826	3.8990907669067383
3	619	the	2.677116632461548	4.087892532348633	4.446081161499023	4.549579620361328
3	620	case	7.346896171569824	5.398299217224121	6.00221061706543	6.416387557983398
3	621	would	5.795811653137207	5.4568963050842285	2.3701090812683105	2.0474159717559814
3	622	be	3.1582038402557373	1.1458884477615356	0.9488313794136047	0.8496354818344116
3	623	resolved	10.162324905395508	8.596386909484863	8.088031768798828	6.162834644317627
3	624	by	4.010237216949463	1.8136335611343384	1.4701966047286987	1.3847843408584595
3	625	making	6.873608589172363	6.558088779449463	5.4264960289001465	5.077006816864014
3	626	a	2.9629225730895996	2.1366658210754395	1.8591355085372925	1.7327630519866943
3	627	new	5.2342987060546875	4.881087303161621	4.609251499176025	3.8483591079711914
3	628	condition,	10.84587287902832	10.136042594909668	11.592436790466309	11.08395004272461
3	629	which	3.465562343597412	3.403554677963257	3.1470770835876465	3.4152121543884277
3	630	was	4.219122409820557	3.062701463699341	2.9131267070770264	3.1363468170166016
3	631	that	4.29754638671875	6.3021392822265625	5.528750419616699	4.444901466369629
3	632	he	4.918147087097168	2.6780200004577637	2.6933271884918213	2.573481321334839
3	633	should	5.470157146453857	4.739975929260254	5.116493225097656	5.244842052459717
3	634	be	3.0960607528686523	1.903971791267395	1.6567871570587158	1.8522696495056152
3	635	king	10.507875442504883	11.170912742614746	9.613457679748535	9.258122444152832
3	636	who	5.345267295837402	6.558863162994385	6.263827323913574	5.950546741485596
3	637	could	5.280341148376465	4.499330997467041	4.396968841552734	5.075096130371094
3	638	go	5.19956111907959	4.933627128601074	5.357918739318848	5.1771559715271
3	639	the	3.559231758117676	4.310750961303711	4.884922981262207	4.791182994842529
3	640	deepest	10.699655532836914	10.408451080322266	10.731891632080078	10.059966087341309
3	641	into	6.733321189880371	6.927361488342285	2.6056981086730957	2.0459296703338623
3	642	the	2.043440341949463	0.7514225244522095	0.7607905268669128	0.9904862642288208
3	643	earth.	11.298848152160645	9.507472038269043	7.756141185760498	5.58920955657959
3	644	So	4.546782493591309	4.427835464477539	4.415740966796875	4.479402542114258
3	645	the	3.053480863571167	2.743342399597168	2.773087978363037	2.6974897384643555
3	646	little	7.1267242431640625	7.508617401123047	7.567508220672607	7.487641334533691
3	647	bird	10.194551467895508	6.57158088684082	5.737403869628906	4.723976135253906
3	648	who	5.664041519165039	5.51399564743042	3.7790915966033936	5.2163920402526855
3	649	the	3.7334821224212646	6.443263530731201	7.017613410949707	7.027157306671143
3	650	other	5.777846336364746	5.412599563598633	4.874971866607666	4.911211967468262
3	651	birds	10.058965682983398	9.59625244140625	8.596936225891113	7.017213821411133
3	652	despised	13.01856803894043	14.8118314743042	13.73248291015625	13.086507797241211
3	653	was	5.704473495483398	6.913687705993652	6.883067607879639	8.149988174438477
3	654	now	5.622115135192871	5.7732696533203125	5.941059112548828	6.34440803527832
3	655	back	6.647693634033203	6.196270942687988	7.784787654876709	7.60542106628418
3	656	to	2.5989134311676025	1.2364290952682495	1.541845679283142	1.880859136581421
3	657	square	9.536561012268066	7.299986839294434	5.539468288421631	5.5439863204956055
3	658	one.	7.6538214683532715	6.102163314819336	1.4340060949325562	1.2746429443359375
3	659	Confident,	15.12686538696289	15.424976348876953	14.984382629394531	14.303115844726562
3	660	he	4.598310470581055	3.020883560180664	2.68851375579834	2.5018234252929688
3	661	remained,	12.620916366577148	12.954219818115234	12.439390182495117	12.17779541015625
3	662	however,	4.876609802246094	4.837136268615723	4.256463050842285	4.797632217407227
3	663	that	3.6827080249786377	2.6065070629119873	5.6774797439575195	6.807854652404785
3	664	if	5.853152275085449	4.890025615692139	4.763545989990234	4.051347732543945
3	665	he	4.518531799316406	3.0949747562408447	3.012951135635376	2.2253193855285645
3	666	played	7.691464424133301	7.080465316772461	6.4195475578308105	6.67667293548584
3	667	his	5.6472673416137695	3.7598865032196045	3.498141288757324	3.3733863830566406
3	668	cards	9.44174575805664	6.0006842613220215	4.328487873077393	3.2052102088928223
3	669	right,	11.834222793579102	9.915754318237305	3.3399031162261963	2.279662609100342
3	670	he	4.458015441894531	5.841217041015625	3.5251846313476562	3.253061294555664
3	671	could	4.925746917724609	3.872694969177246	3.221040964126587	3.213313102722168
3	672	be	3.223848342895508	2.828237533569336	2.6140613555908203	2.7482213973999023
3	673	king.	11.71064281463623	12.602384567260742	10.304128646850586	9.91895866394043
3	674	How	5.947811126708984	5.8917236328125	5.814019680023193	5.791469573974609
3	675	the	3.182123899459839	4.3936357498168945	4.861091613769531	4.603547096252441
3	676	goose	12.080720901489258	12.463159561157227	10.709611892700195	10.29153060913086
3	677	wallowed	18.59305191040039	17.737632751464844	15.42400074005127	12.400959968566895
3	678	in	0.6631367206573486	0.4496799409389496	0.41060972213745117	0.612695038318634
3	679	the	2.2516236305236816	1.8965861797332764	1.7130546569824219	1.934022068977356
3	680	sand,	12.282074928283691	10.239128112792969	7.356319427490234	6.919069766998291
3	681	and	2.2427632808685303	2.0450782775878906	2.1432883739471436	2.4111697673797607
3	682	the	3.0785820484161377	2.6887786388397217	2.2652130126953125	2.508497476577759
3	683	duck	11.67249870300293	11.2744140625	8.831713676452637	9.369789123535156
3	684	strove	15.502934455871582	15.981402397155762	16.02598762512207	15.0883207321167
3	685	to	0.19897206127643585	0.4507305920124054	0.5277147889137268	0.5055135488510132
3	686	dig	9.553596496582031	8.0618896484375	8.091994285583496	7.405355453491211
3	687	a	3.5467958450317383	2.46118426322937	2.923642873764038	2.8500518798828125
3	688	hole	9.05933666229248	2.952414035797119	1.4919836521148682	2.0451931953430176
3	689	for	3.939180374145508	4.717484951019287	4.267735958099365	2.477945566177368
3	690	the	2.3598663806915283	1.923393964767456	1.963822364807129	1.905235767364502
3	691	new	5.709493160247803	5.520871162414551	4.851861000061035	5.6395368576049805
3	692	task!	15.466043472290039	15.799272537231445	15.034811973571777	14.639199256896973
3	693	All	5.384500980377197	5.455060958862305	5.325148105621338	5.339480400085449
3	694	the	3.10433292388916	2.2875571250915527	2.5238490104675293	2.2806410789489746
3	695	other	5.777846336364746	3.7056100368499756	4.0551910400390625	4.390769004821777
3	696	birds	10.058965682983398	9.596253395080566	7.992443084716797	7.966666221618652
3	697	tried	8.761676788330078	8.833043098449707	7.500741481781006	6.629210472106934
3	698	to	1.998463749885559	0.2236492931842804	0.17850875854492188	0.20294152200222015
3	699	hide	8.8052978515625	5.157764434814453	5.046573638916016	4.807168483734131
3	700	themselves	8.22408390045166	5.547381401062012	6.351853370666504	3.428049325942993
3	701	in	3.211292266845703	1.515985131263733	1.5231432914733887	1.6364537477493286
3	702	the	2.2516236305236816	1.5272334814071655	1.6574329137802124	1.4956908226013184
3	703	ground,	9.678616523742676	9.163647651672363	9.269070625305176	7.660009384155273
3	704	too,	8.392329216003418	8.074411392211914	8.248542785644531	8.311811447143555
3	705	until	6.310184955596924	6.3205156326293945	6.168787479400635	6.2373504638671875
3	706	they	4.637302398681641	3.2415218353271484	2.7924249172210693	2.564218521118164
3	707	were	4.352205276489258	2.5587005615234375	2.8997063636779785	2.1124629974365234
3	708	practically	9.569666862487793	9.279311180114746	9.266143798828125	7.0034589767456055
3	709	blue	9.311997413635254	9.88766098022461	10.112767219543457	10.258869171142578
3	710	in	4.005194187164307	2.633096218109131	1.7665510177612305	1.6489479541778564
3	711	the	2.2516236305236816	1.4389885663986206	2.1880569458007812	1.7918424606323242
3	712	face.	10.59611701965332	8.90092658996582	5.92251443862915	4.465593338012695
3	713	The	2.6991050243377686	2.5123186111450195	2.6217868328094482	2.4421043395996094
3	714	nameless	11.386445999145508	10.160528182983398	10.306869506835938	10.464356422424316
3	715	little	6.084497928619385	5.173872470855713	5.528293609619141	5.5325140953063965
3	716	bird	10.194551467895508	6.466949462890625	5.685580253601074	5.581019878387451
3	717	that	4.139640808105469	3.0991249084472656	1.6618139743804932	2.1665914058685303
3	718	was	4.685856819152832	2.5295798778533936	3.215510129928589	3.3365652561187744
3	719	as	4.954615592956543	6.27519416809082	6.735389232635498	6.059898376464844
3	720	bold	10.507268905639648	7.33144474029541	7.059545040130615	7.028330326080322
3	721	as	4.964615345001221	0.32322564721107483	0.2830389440059662	0.4041438400745392
3	722	brass	11.68283748626709	10.477010726928711	11.583395004272461	11.291617393493652
3	723	found	7.637295246124268	8.588152885437012	8.28231430053711	8.580713272094727
3	724	a	3.1788203716278076	3.6050639152526855	3.928375005722046	2.7968688011169434
3	725	pitch	9.914933204650879	9.482165336608887	10.141738891601562	8.968110084533691
3	726	dark	10.202634811401367	9.758071899414062	8.931148529052734	7.882147312164307
3	727	mouse's	15.706851959228516	18.169422149658203	17.84552764892578	18.219758987426758
3	728	hole,	10.978060722351074	10.348194122314453	10.651382446289062	9.521308898925781
3	729	and	2.18827486038208	2.1831564903259277	2.218665361404419	2.2427420616149902
3	730	creeping	11.819031715393066	10.878124237060547	11.768399238586426	10.847020149230957
3	731	in	3.6436915397644043	3.726261615753174	4.066952705383301	4.015908241271973
3	732	cried,	16.392423629760742	17.69244956970215	16.64691925048828	17.05597496032715
3	733	'I	5.89311408996582	8.015382766723633	6.895172119140625	5.41137170791626
3	734	am	2.89422345161438	2.5982048511505127	2.040285587310791	2.047539234161377
3	735	king,	11.941062927246094	10.512898445129395	9.651176452636719	9.331509590148926
3	736	I	4.435047149658203	2.806533098220825	1.9199399948120117	1.440242052078247
3	737	am	5.758415222167969	2.5231940746307373	2.1674671173095703	0.32749053835868835
3	738	king!'	19.092140197753906	19.59648895263672	15.96263313293457	8.669883728027344
3	739	but	5.009361743927002	4.736733436584473	4.993833065032959	5.098065376281738
3	740	it	4.478124141693115	3.2703609466552734	3.4504287242889404	3.336644172668457
3	741	was	3.875565528869629	2.110074281692505	1.235134243965149	1.2117112874984741
3	742	of	4.439495086669922	6.607028007507324	6.9324493408203125	5.797652244567871
3	743	no	6.693289756774902	3.0837111473083496	2.3328282833099365	2.230337619781494
3	744	avail.	11.605019569396973	6.763586044311523	4.125226974487305	3.821568012237549
3	745	'You,	18.40123748779297	17.67928123474121	17.18340492248535	16.184587478637695
3	746	our	6.701010704040527	5.321291923522949	5.972491264343262	5.692208766937256
3	747	king?'	20.329370498657227	11.69028091430664	10.959342002868652	9.849530220031738
3	748	all	8.291817665100098	7.784318923950195	8.078365325927734	7.9846906661987305
3	749	the	2.9048948287963867	1.5783138275146484	1.5595256090164185	1.7318848371505737
3	750	remaining	8.18326473236084	7.322973728179932	8.671502113342285	8.61578369140625
3	751	birds	10.553054809570312	8.943624496459961	8.240462303161621	6.434140205383301
3	752	who	5.337180137634277	5.0708513259887695	5.202154159545898	4.980786323547363
3	753	the	3.7334821224212646	7.443816184997559	7.538932800292969	7.987831115722656
3	754	littlest	11.717406272888184	12.979570388793945	12.883907318115234	12.511494636535645
3	755	bird	8.185853958129883	7.72783899307251	7.360940933227539	6.604202747344971
3	756	had	5.7639970779418945	5.9336323738098145	6.420536041259766	4.393873691558838
3	757	outwitted	12.401754379272461	13.357190132141113	14.089449882507324	14.019969940185547
3	758	cried	13.96158504486084	16.149744033813477	16.242080688476562	15.128942489624023
3	759	again,	8.316582679748535	8.138582229614258	8.602865219116211	8.024543762207031
3	760	even	5.330330848693848	6.015635013580322	5.590329170227051	5.073195457458496
3	761	more	4.737868785858154	4.5764617919921875	3.5734384059906006	3.7984299659729004
3	762	angrily	12.852121353149414	10.696651458740234	9.826873779296875	5.744968414306641
3	763	than	6.972111701965332	1.0795395374298096	1.253300666809082	0.9124563932418823
3	764	before.	8.465126037597656	6.124267578125	4.926709175109863	3.976189136505127
3	765	'Do	11.862099647521973	12.498007774353027	10.489550590515137	9.668482780456543
3	766	you	0.8369978070259094	0.589854896068573	0.5904222726821899	0.3732315003871918
3	767	think	5.8600945472717285	2.0941250324249268	2.1764309406280518	2.1265690326690674
3	768	we	4.915037155151367	3.845266819000244	3.3171706199645996	3.0276055335998535
3	769	would	4.602784156799316	4.047142028808594	4.59238862991333	3.605802536010742
3	770	reward	9.639970779418945	9.604886054992676	9.211160659790039	9.957174301147461
3	771	your	6.1174516677856445	4.491115093231201	4.796483516693115	5.228795528411865
3	772	cunning	12.002516746520996	11.75611686706543	10.313385963439941	10.397616386413574
3	773	in	3.889705181121826	3.832685708999634	3.3801751136779785	3.6099791526794434
3	774	this	4.710419654846191	4.115790367126465	2.8504257202148438	2.525611639022827
3	775	way?	10.869834899902344	8.260741233825684	7.602648735046387	7.421609878540039
3	776	No,	6.040293216705322	5.844648361206055	5.973306179046631	5.70011043548584
3	777	no!	7.092915058135986	6.734261512756348	6.684682846069336	6.8745269775390625
3	778	You	3.3254764080047607	2.925849676132202	3.1852569580078125	3.044084072113037
3	779	shall	7.4592084884643555	6.490569114685059	6.091891288757324	7.045252799987793
3	780	stay	7.358307838439941	7.455433368682861	6.169763565063477	5.687424659729004
3	781	in	3.1466054916381836	1.2460118532180786	1.398162603378296	2.1076455116271973
3	782	the	2.2516236305236816	1.5034843683242798	2.0317916870117188	1.5086736679077148
3	783	earth	9.77770709991455	9.885090827941895	9.996184349060059	10.109463691711426
3	784	till	9.798239707946777	8.845234870910645	7.925179481506348	7.1359405517578125
3	785	you	4.5172343254089355	3.3230457305908203	3.252723217010498	3.46811842918396
3	786	die	9.222346305847168	5.270206451416016	5.070353031158447	4.998709678649902
3	787	of	2.9644312858581543	3.2822539806365967	2.6702942848205566	2.2423782348632812
3	788	hunger!'	22.39533805847168	18.241592407226562	11.842399597167969	11.9081449508667
3	789	So	5.196296691894531	4.793308258056641	4.810912132263184	4.712588787078857
3	790	they	5.040797233581543	3.1425387859344482	2.8642990589141846	2.864119529724121
3	791	shut	8.872658729553223	8.698394775390625	7.113092422485352	7.39316987991333
3	792	up	4.8274736404418945	2.8324437141418457	2.9220094680786133	1.4977385997772217
3	793	the	2.90431547164917	2.129455804824829	4.138021945953369	3.9904754161834717
3	794	little	7.1267242431640625	8.078216552734375	7.778266429901123	6.526269435882568
3	795	bird	10.194551467895508	6.571579933166504	7.130857467651367	6.856301307678223
3	796	in	3.554431915283203	2.901557445526123	3.2641873359680176	2.881659984588623
3	797	the	2.2516236305236816	1.2761458158493042	0.7238167524337769	0.9447661638259888
3	798	mouse's	13.334193229675293	13.000866889953613	11.40664005279541	11.771031379699707
3	799	hole	9.613710403442383	9.87795639038086	10.031026840209961	8.402414321899414
3	800	that	4.0252790451049805	5.10333776473999	5.465217590332031	5.113253116607666
3	801	the	2.915968894958496	3.931755304336548	3.8621554374694824	3.6757473945617676
3	802	mouse	10.510074615478516	9.895757675170898	8.442675590515137	5.25911808013916
3	803	gave	8.439908981323242	8.476962089538574	7.6324567794799805	7.152495384216309
3	804	up	5.069389343261719	3.4981513023376465	3.5095112323760986	2.6028125286102295
3	805	most	6.840360164642334	6.0520219802856445	6.945674896240234	6.290555477142334
3	806	unwillingly,	18.778564453125	18.526166915893555	17.942867279052734	16.531747817993164
3	807	and	3.1627357006073	3.172711133956909	2.3270726203918457	2.102320909500122
3	808	bade	14.774863243103027	11.25986099243164	12.475728034973145	12.15494441986084
3	809	the	4.103469371795654	2.589611291885376	2.1176490783691406	2.2038304805755615
3	810	owl	12.437280654907227	9.666433334350586	9.840089797973633	9.469152450561523
3	811	watch	9.5411376953125	9.798874855041504	7.525883674621582	6.982275485992432
3	812	him	6.841618537902832	6.757930755615234	8.610570907592773	4.187455177307129
3	813	carefully	10.461088180541992	7.793588638305664	6.776362419128418	6.550601959228516
3	814	night	9.08425521850586	10.441658973693848	10.112841606140137	9.423116683959961
3	815	and	3.0588765144348145	2.354114532470703	1.0809515714645386	0.6529829502105713
3	816	day.	10.1146821975708	6.4152326583862305	2.1146275997161865	1.3540040254592896
3	817	Then	5.360804557800293	5.8062567710876465	5.813203811645508	5.875856399536133
3	818	all	5.575148582458496	5.419694900512695	5.218930244445801	5.273738861083984
3	819	the	2.9048948287963867	2.1767709255218506	1.7378405332565308	1.7554733753204346
3	820	birds	10.307703018188477	8.115524291992188	7.043686389923096	6.566718578338623
3	821	went	7.381970405578613	6.6497955322265625	6.771396636962891	5.059113502502441
3	822	home	7.350174427032471	5.103206157684326	4.796385288238525	4.437863826751709
3	823	to	3.2113542556762695	1.6905664205551147	1.7895902395248413	2.0345823764801025
3	824	bed,	11.218521118164062	8.6904296875	6.921400547027588	6.84320068359375
3	825	for	5.456327438354492	5.674881935119629	5.5727081298828125	6.474599838256836
3	826	they	6.492469310760498	5.339442729949951	4.045421600341797	5.4710564613342285
3	827	were	4.352205276489258	2.496589422225952	2.0677847862243652	2.1433262825012207
3	828	very	5.963949203491211	5.477167129516602	5.747418403625488	3.9053075313568115
3	829	tired,	11.009467124938965	8.212579727172852	8.300183296203613	8.470623016357422
3	830	but	2.3977510929107666	2.3514492511749268	2.2273974418640137	2.36391544342041
3	831	the	2.825763463973999	3.1642160415649414	3.380825996398926	3.20666766166687
3	832	owl	12.437280654907227	11.066245079040527	10.438331604003906	10.52995777130127
3	833	assigned	10.408234596252441	11.210736274719238	11.233560562133789	11.552871704101562
3	834	by	4.275613307952881	3.5382416248321533	3.9588067531585693	3.9656057357788086
3	835	the	2.3163957595825195	1.5171279907226562	1.555240511894226	1.0195043087005615
3	836	birds	10.307703018188477	10.572628021240234	11.439093589782715	9.486907005310059
3	837	to	3.1696174144744873	3.107767105102539	3.323589324951172	2.0648393630981445
3	838	stand	7.7585530281066895	6.946885585784912	6.377330303192139	6.823253154754639
3	839	guard	9.792139053344727	6.091564178466797	4.8061723709106445	5.573829650878906
3	840	found	7.695094108581543	12.499935150146484	12.72693920135498	12.130278587341309
3	841	his	5.650190353393555	3.501190662384033	3.6556015014648438	3.676971912384033
3	842	job	7.765130519866943	6.446213722229004	6.692907810211182	6.293334007263184
3	843	was	4.67988395690918	3.5572328567504883	2.534414052963257	2.1371169090270996
3	844	lonely	11.880352020263672	11.136343955993652	12.308366775512695	11.842318534851074
3	845	and	3.067330837249756	1.115756869316101	0.6778894066810608	0.7495274543762207
3	846	wearisome	18.303062438964844	17.659027099609375	17.270463943481445	17.314483642578125
3	847	because	5.788887977600098	5.16086483001709	5.185728073120117	3.984248161315918
3	848	he	4.525615215301514	2.97523832321167	3.725086212158203	2.9154725074768066
3	849	was	3.423234701156616	1.8676626682281494	2.1442956924438477	2.1087138652801514
3	850	just	5.208093643188477	4.880862236022949	4.387645244598389	4.581460952758789
3	851	sitting	8.54379940032959	5.529954433441162	4.698733806610107	4.7291412353515625
3	852	alone	8.394672393798828	6.8131537437438965	7.90503454208374	7.1926469802856445
3	853	staring	11.572388648986816	8.469982147216797	7.723298072814941	6.966833114624023
3	854	at	3.6501312255859375	0.6224072575569153	0.2654569149017334	0.15104267001152039
3	855	the	2.1856894493103027	1.5047128200531006	1.4158985614776611	0.888496994972229
3	856	mouse's	13.334193229675293	13.36012077331543	11.363882064819336	11.688697814941406
3	857	hole.	10.875249862670898	11.1034574508667	10.658353805541992	10.174558639526367
3	858	'I	9.592428207397461	9.88243293762207	10.010725021362305	9.737271308898926
3	859	can	3.94545316696167	3.6913957595825195	3.2967801094055176	3.2420852184295654
3	860	close	7.630218982696533	7.957671165466309	7.7960381507873535	7.267211437225342
3	861	one	5.82840633392334	5.417862415313721	5.655275344848633	5.263193607330322
3	862	eye	9.269718170166016	7.468344688415527	3.817838430404663	3.305737018585205
3	863	and	3.048922300338745	2.3480868339538574	2.339547634124756	0.8133719563484192
3	864	watch	8.597074508666992	6.962874412536621	7.4174089431762695	7.047135829925537
3	865	with	4.679014205932617	5.639006614685059	5.596212863922119	5.210070610046387
3	866	the	2.270246982574463	2.258511781692505	3.3054940700531006	3.2472729682922363
3	867	other,'	14.684271812438965	15.022486686706543	15.350275039672852	15.09926700592041
3	868	he	1.6255309581756592	1.8042926788330078	1.787781000137329	1.6713645458221436
3	869	thought.	9.105987548828125	7.907732963562012	7.357870578765869	7.485367298126221
3	870	So	4.800469398498535	4.98108434677124	5.503704071044922	5.477109432220459
3	871	he	4.985019683837891	2.897191286087036	1.4463067054748535	1.401041865348816
3	872	closed	8.957167625427246	8.043747901916504	6.985638618469238	6.882419586181641
3	873	one	5.681174278259277	5.701700210571289	5.796530246734619	5.835300922393799
3	874	eye	9.269718170166016	6.598337173461914	2.777850389480591	2.4704246520996094
3	875	and	3.048922300338745	2.3480868339538574	2.538350820541382	0.7709185481071472
3	876	stared	11.897895812988281	8.003239631652832	8.353057861328125	6.333615303039551
3	877	steadfastly	12.189709663391113	10.219888687133789	10.33229923248291	9.521220207214355
3	878	with	6.488070487976074	4.642646789550781	5.567411422729492	5.877748489379883
3	879	the	2.270246982574463	1.7698874473571777	2.4036245346069336	2.615819215774536
3	880	other,	8.503791809082031	8.473106384277344	7.390869140625	7.057954788208008
3	881	but	2.333845853805542	3.240112543106079	3.2567129135131836	3.0276944637298584
3	882	before	6.6731767654418945	6.958240509033203	6.45935583114624	6.422369480133057
3	883	he	4.7604804039001465	2.715888738632202	3.2076032161712646	2.622891902923584
3	884	knew	7.112435340881348	5.844213485717773	3.989063024520874	3.881669044494629
3	885	it	4.293085098266602	3.492436170578003	3.5552754402160645	1.1743100881576538
3	886	he	5.9494805335998535	6.996608734130859	6.707065105438232	5.353704452514648
3	887	forgot	10.43679141998291	8.043126106262207	7.531338214874268	8.029688835144043
3	888	to	2.9902992248535156	1.0130083560943604	0.8635898232460022	1.0001540184020996
3	889	keep	6.156686305999756	4.8585662841796875	5.0567474365234375	5.095738410949707
3	890	that	3.9722535610198975	4.749965667724609	4.162508010864258	4.678312301635742
3	891	one	5.5138750076293945	5.499931335449219	5.543341636657715	4.619950294494629
3	892	open,	12.122982025146484	14.342540740966797	8.956387519836426	7.393711090087891
3	893	and	2.3055272102355957	2.918816328048706	3.3229072093963623	2.1205036640167236
3	894	both	6.913595199584961	6.935174942016602	6.709843635559082	6.883878707885742
3	895	eyes	8.753569602966309	7.484966278076172	7.008367538452148	6.792351245880127
3	896	were	5.295945644378662	3.7528083324432373	2.2870655059814453	2.4165213108062744
3	897	fast	8.959311485290527	9.458016395568848	9.961831092834473	9.996298789978027
3	898	asleep.	12.830589294433594	4.870923042297363	4.1971435546875	3.9512813091278076
3	899	Then	4.849636077880859	4.824149131774902	4.6222758293151855	4.891761779785156
3	900	the	2.8072352409362793	2.72926664352417	2.525615930557251	2.2493324279785156
3	901	little	7.1267242431640625	6.984954833984375	6.105916500091553	6.4831743240356445
3	902	bird	10.194551467895508	6.57158088684082	5.191503047943115	5.523938179016113
3	903	guarded	11.998677253723145	12.581282615661621	11.711735725402832	10.770757675170898
3	904	by	4.041159629821777	0.6628408432006836	0.9124687910079956	0.8132890462875366
3	905	the	2.3163957595825195	1.6528170108795166	2.5333070755004883	2.615100860595703
3	906	owl	12.437280654907227	12.233839988708496	11.448163986206055	8.848467826843262
3	907	peeped	13.083028793334961	13.097580909729004	17.541994094848633	16.974519729614258
3	908	out,	5.367438316345215	5.231151580810547	4.745532512664795	4.525815963745117
3	909	and	2.449030637741089	2.130829334259033	2.045048713684082	1.679135799407959
3	910	when	6.32520866394043	4.846688270568848	4.52318000793457	4.482244491577148
3	911	he	4.355210304260254	2.674494981765747	2.2317709922790527	1.9363863468170166
3	912	saw	6.97521448135376	4.350982666015625	4.123360633850098	3.5001487731933594
3	913	the	2.243356704711914	2.09858775138855	1.5864683389663696	1.6805999279022217
3	914	owl's	14.339595794677734	12.380769729614258	12.731744766235352	12.589969635009766
3	915	two	7.676637649536133	6.88637638092041	7.503801345825195	7.247609615325928
3	916	eyes	8.560392379760742	2.7463314533233643	2.716726541519165	2.0566887855529785
3	917	tight	10.635824203491211	8.704116821289062	10.00851821899414	10.197588920593262
3	918	shut,	11.426980972290039	8.346870422363281	6.350569725036621	4.424412727355957
3	919	he	3.8560712337493896	3.7479324340820312	3.9157168865203857	3.178480386734009
3	920	slipped	9.911802291870117	6.581809997558594	6.5137529373168945	5.865320205688477
3	921	from	4.479005336761475	4.003168106079102	4.043679714202881	3.9250669479370117
3	922	the	2.1682446002960205	1.623754620552063	1.4002957344055176	0.9555912017822266
3	923	hole	9.620513916015625	9.120563507080078	7.844807147979736	7.025292873382568
3	924	and	3.081634044647217	2.77457594871521	2.5706276893615723	2.671694278717041
3	925	flew	10.984761238098145	7.793169975280762	8.379465103149414	7.977032661437988
3	926	away.	8.889482498168945	5.42842960357666	4.191157341003418	3.8762335777282715
3	927	He	3.3092846870422363	2.7982752323150635	2.4827651977539062	2.7034878730773926
3	928	wanted	6.610855579376221	5.133223533630371	5.262853622436523	5.683116436004639
3	929	to	2.048874855041504	0.4860113561153412	0.5100249648094177	0.34696248173713684
3	930	shout,	13.17153549194336	11.632548332214355	11.787107467651367	9.63447093963623
3	931	'I	6.3153977394104	5.78851318359375	6.210260391235352	6.291257858276367
3	932	am	2.89422345161438	2.1221683025360107	2.2127320766448975	2.2307586669921875
3	933	king'	18.124160766601562	12.651193618774414	11.027515411376953	10.39085865020752
3	934	so	6.773581504821777	5.995222091674805	5.67365837097168	5.626123428344727
3	935	that	3.718966245651245	1.6696765422821045	2.598598003387451	1.754956841468811
3	936	the	2.915968894958496	2.1770448684692383	2.2599241733551025	2.865488290786743
3	937	owl	12.43727970123291	11.063522338867188	10.698634147644043	10.98947525024414
3	938	could	6.1820902824401855	5.187657833099365	3.841697931289673	2.5721051692962646
3	939	hear	7.576469421386719	5.1376752853393555	4.6257243156433105	4.892701148986816
3	940	him	6.85790491104126	3.3317294120788574	3.414193630218506	3.4265148639678955
3	941	as	4.279003143310547	3.4373109340667725	5.028984546661377	4.4871826171875
3	942	he	4.9196062088012695	3.1542022228240967	2.6067328453063965	0.7919558882713318
3	943	flew,	13.841695785522461	11.388898849487305	10.727463722229004	10.684713363647461
3	944	but	2.823637008666992	2.725989580154419	2.8942177295684814	2.6268787384033203
3	945	thought	8.13820743560791	8.428723335266113	8.04193115234375	8.0718994140625
3	946	better	8.604177474975586	7.41739559173584	6.119125843048096	6.196171760559082
3	947	of	3.9171626567840576	3.192592144012451	0.4300712049007416	0.0564521886408329
3	948	it.	6.7061872482299805	4.25034236907959	3.468339443206787	2.6091318130493164
3	949	From	6.370121002197266	6.328143119812012	6.465758323669434	6.681385517120361
3	950	this	5.037606716156006	3.7210869789123535	3.5160775184631348	3.9282097816467285
3	951	time	6.011804580688477	3.868394613265991	4.4498820304870605	4.531797409057617
3	952	on,	8.88077449798584	10.323848724365234	6.914953231811523	1.7613487243652344
3	953	the	3.4149625301361084	3.1790592670440674	3.369039535522461	2.0073633193969727
3	954	owl	12.437280654907227	11.17322826385498	11.28657341003418	11.61829948425293
3	955	fooled	12.451025009155273	12.116189002990723	11.129409790039062	11.574458122253418
3	956	by	4.006704330444336	2.213141441345215	3.0260462760925293	4.64631462097168
3	957	the	2.3163957595825195	1.2960903644561768	1.7825603485107422	1.1672742366790771
3	958	little	7.1267242431640625	8.67691421508789	7.377956390380859	5.852663993835449
3	959	bird	10.194551467895508	6.57158088684082	6.336207389831543	7.165945529937744
3	960	has	5.114945411682129	4.930567741394043	4.778596878051758	5.96470832824707
3	961	not	4.406673431396484	3.892402410507202	4.469277381896973	4.199118137359619
3	962	dared	12.085489273071289	9.527324676513672	9.516647338867188	7.6600189208984375
3	963	to	2.3817927837371826	0.4668225646018982	0.5190060138702393	0.6187436580657959
3	964	show	6.395333290100098	4.960129737854004	5.054513931274414	4.99464225769043
3	965	himself	8.352895736694336	7.601006031036377	4.840859413146973	5.889321327209473
3	966	by	4.866667747497559	5.947965621948242	5.215741157531738	5.281899452209473
3	967	day	8.0879545211792	7.456958770751953	8.266118049621582	8.208494186401367
3	968	for	4.078027248382568	4.547979831695557	4.794427394866943	4.68843936920166
3	969	fear	8.846224784851074	7.787949562072754	7.417375087738037	6.3861613273620605
3	970	the	3.1632094383239746	4.008103370666504	4.342220306396484	4.763925552368164
3	971	birds	10.307703018188477	8.355259895324707	7.540919303894043	7.113148212432861
3	972	should	6.2400994300842285	6.549770355224609	5.4195966720581055	7.209296226501465
3	973	beat	8.567533493041992	9.468461990356445	9.074865341186523	8.950421333312988
3	974	the	2.6539957523345947	1.8266326189041138	1.5064008235931396	1.434045433998108
3	975	living	8.32041072845459	7.756214141845703	7.418604850769043	5.905395030975342
3	976	daylights	12.783217430114746	6.7345428466796875	1.3565599918365479	2.721968412399292
3	977	out	2.7511160373687744	2.294508695602417	1.503913164138794	0.1205381453037262
3	978	of	2.5660271644592285	1.9847264289855957	1.0991333723068237	0.7682890295982361
3	979	him.	8.713852882385254	8.182168960571289	7.617281913757324	7.038654327392578
3	980	He	2.6014015674591064	2.2550411224365234	2.1698970794677734	1.9440279006958008
3	981	flies	10.290298461914062	9.522085189819336	9.538265228271484	9.072507858276367
3	982	about	5.946537971496582	4.917361259460449	5.332651615142822	4.855207443237305
3	983	only	6.510156631469727	7.306412696838379	7.20300817489624	7.501501083374023
3	984	at	5.2068986892700195	7.270172595977783	4.399758338928223	3.8856093883514404
3	985	nighttime,	12.913444519042969	11.285560607910156	11.979255676269531	8.705785751342773
3	986	hating	12.932281494140625	13.991616249084473	14.989874839782715	13.911370277404785
3	987	and	3.3778553009033203	3.594179153442383	4.562595367431641	4.658946990966797
3	988	pursuing	10.699413299560547	9.139993667602539	7.880255699157715	7.950591087341309
3	989	not	5.961602687835693	7.489565372467041	7.112155914306641	6.640909194946289
3	990	the	3.2334158420562744	5.933056831359863	3.787299156188965	3.37143611907959
3	991	bird,	12.411235809326172	13.481884956359863	12.891279220581055	12.283906936645508
3	992	but	3.184746265411377	2.784132719039917	1.4038727283477783	0.6644294261932373
3	993	the	2.825763463973999	2.768972158432007	2.5872457027435303	1.3555487394332886
3	994	mouse	10.510074615478516	9.735430717468262	7.576094150543213	7.951935768127441
3	995	for	4.220518112182617	4.308765888214111	6.421590805053711	7.242891311645508
3	996	having	7.306029319763184	7.775651454925537	8.11298656463623	7.319754600524902
3	997	made	5.855357646942139	5.419539451599121	5.462093830108643	5.519763946533203
3	998	the	2.6245882511138916	2.3111393451690674	2.111685276031494	1.9339922666549683
3	999	hole	9.620513916015625	8.083418846130371	9.324257850646973	9.25938606262207
3	1000	into	5.895627975463867	5.154330253601074	4.219846725463867	4.291197776794434
3	1001	which	6.107710838317871	5.385547637939453	2.698302984237671	4.095264911651611
3	1002	the	3.1918256282806396	2.038918972015381	1.5967894792556763	1.4672868251800537
3	1003	little	7.1267242431640625	8.442039489746094	7.9677324295043945	7.279683589935303
3	1004	bird	10.194551467895508	6.571579933166504	5.17493200302124	5.160070419311523
3	1005	crept.	18.605674743652344	19.130748748779297	16.784820556640625	14.239689826965332
3	1006	And	3.822265863418579	4.00257682800293	3.782740592956543	3.8500654697418213
3	1007	the	2.870161294937134	2.7363595962524414	2.722086191177368	2.657311201095581
3	1008	little	7.1267242431640625	7.093379020690918	6.307196617126465	5.383719444274902
3	1009	bird	10.194551467895508	6.571579933166504	5.486682891845703	5.065914630889893
3	1010	also	6.157427787780762	7.815052032470703	6.933455467224121	5.730066299438477
3	1011	keeps	8.785683631896973	6.672101020812988	7.129763603210449	6.589513301849365
3	1012	out	5.660444736480713	5.820639133453369	5.401559352874756	5.164196014404297
3	1013	of	2.5660271644592285	1.155608057975769	1.7925503253936768	0.91660475730896
3	1014	sight,	11.595327377319336	5.55349588394165	5.163326263427734	3.880089044570923
3	1015	for	5.7321882247924805	5.171426773071289	5.51515531539917	5.195680618286133
3	1016	he	6.497158050537109	3.1144003868103027	3.330881357192993	2.955986499786377
3	1017	fears	9.851309776306152	7.546175003051758	8.085649490356445	7.573785781860352
3	1018	that	3.351101875305176	1.7636083364486694	1.4008768796920776	1.177676796913147
3	1019	the	2.915968894958496	1.8271937370300293	1.8117244243621826	1.9315799474716187
3	1020	other	5.777846336364746	6.110705375671387	6.312055587768555	6.50531005859375
3	1021	birds	10.058965682983398	9.596253395080566	8.415390014648438	8.699691772460938
3	1022	should	6.2400994300842285	6.382891654968262	7.0052008628845215	4.93028450012207
3	1023	punish	10.206212043762207	11.239103317260742	11.542153358459473	11.148828506469727
3	1024	him	6.366774082183838	3.4180731773376465	4.655827045440674	4.526533126831055
3	1025	for	3.943406343460083	1.4624913930892944	0.7861084938049316	1.2446540594100952
3	1026	his	5.392496109008789	2.9815707206726074	2.039442539215088	1.9176677465438843
3	1027	cunning.	14.43641471862793	13.860620498657227	12.926637649536133	12.81171703338623
3	1028	The	2.7770771980285645	2.892305374145508	2.8380088806152344	2.8172523975372314
3	1029	rejection	10.737656593322754	10.886601448059082	11.544539451599121	11.735899925231934
3	1030	by	4.656057357788086	3.7232580184936523	4.0610222816467285	3.9120101928710938
3	1031	the	2.3163957595825195	1.53071928024292	1.2443091869354248	1.2047685384750366
3	1032	other	5.777846336364746	6.148308277130127	5.327054023742676	5.365350723266602
3	1033	birds	10.058965682983398	9.596253395080566	9.975870132446289	10.587471961975098
3	1034	was	4.782932758331299	5.385178565979004	5.190598487854004	5.389454364776611
3	1035	a	3.061190366744995	3.1558468341827393	2.934760332107544	2.7691025733947754
3	1036	bitter	9.90669059753418	8.548552513122559	8.904189109802246	8.875394821166992
3	1037	pill	10.460553169250488	2.5237975120544434	1.6482819318771362	3.189605712890625
3	1038	to	3.4433481693267822	2.4534380435943604	0.6279609799385071	0.5685485005378723
3	1039	swallow	10.689495086669922	7.869165897369385	6.673130035400391	1.4484856128692627
3	1040	for	4.563959121704102	5.3421173095703125	3.6711785793304443	3.1467432975769043
3	1041	the	2.3598663806915283	2.358100652694702	2.254322052001953	2.470587730407715
3	1042	nameless	11.797784805297852	12.426505088806152	11.830789566040039	12.666566848754883
3	1043	bird	9.4555025100708	8.458589553833008	8.858986854553223	8.056757926940918
3	1044	the	3.7709288597106934	6.121143341064453	5.676388740539551	5.714657783508301
3	1045	owl	12.43727970123291	8.360636711120605	6.641624450683594	6.545830249786377
3	1046	had	5.553727626800537	4.37475061416626	5.112387657165527	3.509877920150757
3	1047	let	7.55626916885376	7.258777618408203	6.967750072479248	7.163186073303223
3	1048	slip	9.258381843566895	4.841127395629883	4.562841892242432	4.413209915161133
3	1049	away.	9.090095520019531	5.63299560546875	8.076711654663086	7.927759170532227
3	1050	He	3.3092846870422363	3.4526281356811523	3.4288055896759033	2.576521158218384
3	1051	hides	11.266275405883789	9.18703842163086	8.619233131408691	8.530535697937012
3	1052	in	3.4727392196655273	1.9838197231292725	2.288285732269287	2.616135358810425
3	1053	the	2.2516236305236816	1.265171766281128	1.1254953145980835	1.0578622817993164
3	1054	hedges,	14.697711944580078	14.350484848022461	12.395785331726074	10.881254196166992
3	1055	and	2.5424628257751465	2.0361175537109375	2.02372145652771	1.901184320449829
3	1056	when	6.32520866394043	5.525322914123535	4.8361897468566895	4.575908184051514
3	1057	he	4.355210304260254	2.674494981765747	3.6349687576293945	3.0850086212158203
3	1058	thinks	7.951471328735352	6.269198417663574	6.471685409545898	5.529630661010742
3	1059	himself	7.909226417541504	7.206875801086426	6.555075645446777	6.8968024253845215
3	1060	quite	7.860260009765625	5.930017471313477	5.744381904602051	5.747630596160889
3	1061	safe,	10.433206558227539	10.038370132446289	8.171113967895508	7.4311957359313965
3	1062	he	4.587108135223389	4.726985454559326	3.133150815963745	2.8593156337738037
3	1063	sings	10.710792541503906	9.483602523803711	9.654403686523438	9.996706008911133
3	1064	out,	8.927135467529297	8.53561019897461	8.165059089660645	8.658421516418457
3	1065	'I	9.02617359161377	6.3301239013671875	6.062856197357178	6.3335113525390625
3	1066	am	2.89422345161438	3.228235960006714	2.6393673419952393	2.573479175567627
3	1067	king,	11.941062927246094	10.512899398803711	10.927724838256836	8.066987991333008
3	1068	I	4.435047149658203	2.806533098220825	1.919939637184143	1.5078620910644531
3	1069	am	5.758415222167969	2.5231940746307373	2.1674675941467285	0.3274906575679779
3	1070	king!'	19.092140197753906	19.59648895263672	15.96263313293457	8.669883728027344
3	1071	And	3.4451820850372314	3.279163122177124	3.1989266872406006	2.588437080383301
3	1072	the	2.870161294937134	2.550217866897583	2.6827406883239746	2.7826502323150635
3	1073	other	5.777846336364746	5.107490539550781	4.877871513366699	4.707174777984619
3	1074	birds	10.058965682983398	9.596253395080566	8.94304084777832	6.952319145202637
3	1075	in	3.2110722064971924	2.715191125869751	2.6736857891082764	3.527365207672119
3	1076	mockery	13.233466148376465	14.28840446472168	14.870843887329102	15.552223205566406
3	1077	call	8.278759002685547	11.549437522888184	10.112194061279297	10.730210304260254
3	1078	out,	8.686738967895508	7.919838905334473	8.176775932312012	6.9769392013549805
3	1079	'Yes,	12.269377708435059	9.65198040008545	12.022098541259766	10.91596794128418
3	1080	yes,	4.395743370056152	4.462491989135742	4.761510372161865	4.559988021850586
3	1081	the	3.6105408668518066	5.019679546356201	5.256734371185303	4.983715534210205
3	1082	hedge-king,	25.297000885009766	28.002948760986328	29.433820724487305	28.55559730529785
3	1083	the	3.29227614402771	3.220799684524536	2.662546157836914	1.5289843082427979
3	1084	hedge-king!'	35.077911376953125	20.020912170410156	16.661121368408203	13.766886711120605
4	0	At	6.07420539855957	6.07420539855957	6.07420539855957	6.07420539855957
4	1	ten	9.106511116027832	9.106511116027832	9.106511116027832	9.106511116027832
4	2	years	5.565116882324219	1.1837280988693237	1.1837278604507446	1.1837280988693237
4	3	old,	8.994319915771484	5.029210567474365	1.723853349685669	1.7238534688949585
4	4	I	4.318548202514648	4.463283538818359	4.2455244064331055	2.246197462081909
4	5	could	5.089887619018555	4.090787410736084	4.403695583343506	4.4026780128479
4	6	not	3.865295886993408	2.558573007583618	2.374593734741211	2.255277156829834
4	7	figure	9.04737663269043	6.638362884521484	5.479093074798584	5.861035346984863
4	8	out	5.408144474029541	0.652849555015564	0.18861089646816254	0.09179316461086273
4	9	what	5.985013008117676	1.6916571855545044	1.857862949371338	1.7934834957122803
4	10	it	4.156280040740967	3.1149277687072754	2.966616153717041	2.811433792114258
4	11	was	3.875565528869629	2.5882086753845215	2.014247417449951	2.271333694458008
4	12	that	4.29754638671875	4.8251848220825195	1.552472710609436	2.536820650100708
4	13	this	5.118227958679199	4.166871070861816	4.317944049835205	5.3344879150390625
4	14	Elvis	13.408561706542969	14.811107635498047	13.640021324157715	13.565779685974121
4	15	Presley	9.762167930603027	2.0023627281188965	2.696200132369995	2.8555054664611816
4	16	guy	11.728917121887207	11.687206268310547	9.316999435424805	6.37215518951416
4	17	had	5.3090691566467285	4.9188232421875	5.321808815002441	5.127402305603027
4	18	that	4.481595993041992	5.378025054931641	5.367889881134033	4.871882438659668
4	19	the	2.915968894958496	5.426799774169922	6.362791061401367	6.278803825378418
4	20	rest	7.761649131774902	6.9849772453308105	5.350173473358154	3.94801926612854
4	21	of	1.9675018787384033	0.138026624917984	0.0976637676358223	0.08205391466617584
4	22	us	7.103748321533203	4.2460856437683105	3.335178852081299	1.7838958501815796
4	23	boys	10.401542663574219	8.939024925231934	9.594383239746094	10.776758193969727
4	24	did	6.318179607391357	6.846114635467529	5.755906105041504	5.893675804138184
4	25	not	3.4299685955047607	0.924039900302887	1.4951223134994507	1.0518791675567627
4	26	have.	9.931459426879883	8.921712875366211	9.332887649536133	7.41075325012207
4	27	He	4.224125862121582	4.0728559494018555	2.9744272232055664	4.107703685760498
4	28	seemed	7.453123569488525	6.305831432342529	6.185836315155029	5.970906734466553
4	29	to	2.4551029205322266	0.6764582395553589	0.7866162657737732	0.7861690521240234
4	30	be	4.1436285972595215	1.4734054803848267	1.4079723358154297	1.4093507528305054
4	31	no	5.977869033813477	6.910004138946533	6.142354965209961	6.946776390075684
4	32	different	7.366603374481201	5.16640567779541	3.3223788738250732	2.4693617820739746
4	33	from	4.604520797729492	1.2160589694976807	1.149406909942627	1.0873439311981201
4	34	the	2.1682446002960205	1.3781365156173706	1.673750638961792	1.7259469032287598
4	35	rest	7.761649131774902	6.622432231903076	3.802098035812378	4.1609392166137695
4	36	of	1.9675014019012451	0.13802671432495117	0.04107895493507385	0.09172797203063965
4	37	us.	9.419919967651367	6.51970911026001	4.737687110900879	3.876201868057251
4	38	He	4.272959232330322	4.122895240783691	4.229907035827637	4.318404674530029
4	39	was	3.2936904430389404	2.409339189529419	2.2914047241210938	2.2788610458374023
4	40	simply	7.208004951477051	7.071249961853027	6.572125434875488	6.39482307434082
4	41	a	3.647033452987671	1.9371390342712402	2.00459361076355	2.1774580478668213
4	42	man	6.755624771118164	6.247211933135986	6.562922954559326	3.6219472885131836
4	43	who	4.530838966369629	1.5244898796081543	1.4443835020065308	1.2668460607528687
4	44	had	4.718522071838379	2.9164974689483643	2.7954580783843994	2.9177041053771973
4	45	a	2.9772286415100098	3.731050729751587	3.519606113433838	3.2745864391326904
4	46	head,	10.142602920532227	11.252189636230469	11.584685325622559	11.274823188781738
4	47	two	7.048880577087402	6.341225624084473	6.061968803405762	5.605953693389893
4	48	arms	8.796462059020996	5.783135414123535	3.3843095302581787	3.269770622253418
4	49	and	2.69175386428833	1.9343540668487549	1.7000644207000732	0.5580995678901672
4	50	two	6.431534767150879	5.504415988922119	2.975564479827881	2.1221513748168945
4	51	legs.	10.755474090576172	9.663700103759766	6.569126129150391	1.580094575881958
4	52	It	3.56374454498291	3.5091280937194824	3.5003719329833984	3.508950710296631
4	53	must	6.363122940063477	5.282547950744629	5.200301647186279	5.35449743270874
4	54	have	3.4321632385253906	1.9914793968200684	1.52292799949646	1.2028324604034424
4	55	been	4.553530216217041	1.6470043659210205	0.4806486964225769	0.42491331696510315
4	56	something	7.2966203689575195	8.028962135314941	5.533071517944336	3.617058515548706
4	57	pretty	7.882253170013428	6.939849853515625	6.701998710632324	6.593785285949707
4	58	superlative	15.60423469543457	15.868033409118652	14.814764976501465	15.521355628967285
4	59	that	6.013302803039551	4.101639747619629	3.7822463512420654	2.4552531242370605
4	60	he	4.918147087097168	3.881636381149292	3.0056886672973633	3.5155632495880127
4	61	had	4.253153324127197	2.5477137565612793	2.768158435821533	3.4334044456481934
4	62	hidden	9.478899955749512	8.158476829528809	7.928150653839111	8.986560821533203
4	63	away,	9.851897239685059	7.405699253082275	7.846144676208496	8.133275032043457
4	64	because	5.13785457611084	5.168307781219482	5.129818916320801	5.234071254730225
4	65	he	4.525615215301514	2.870166301727295	3.4070990085601807	2.061502695083618
4	66	had	4.253153324127197	2.643967390060425	2.6265649795532227	2.7146832942962646
4	67	every	6.809722423553467	7.313530921936035	7.677553176879883	7.691950798034668
4	68	young	7.3964128494262695	10.51736831665039	12.369842529296875	11.772695541381836
4	69	girl	8.30007553100586	3.2342145442962646	2.5249979496002197	3.0990142822265625
4	70	at	4.623169898986816	4.195528030395508	4.577995300292969	4.077594757080078
4	71	the	2.1856894493103027	1.3333802223205566	1.1095131635665894	1.673752784729004
4	72	orphanage	12.275590896606445	10.803640365600586	7.937511920928955	6.666393280029297
4	73	wrapped	10.834278106689453	10.570819854736328	11.190427780151367	10.428610801696777
4	74	around	6.276349067687988	3.328453302383423	2.3758039474487305	2.5084168910980225
4	75	his	5.399013519287109	2.508315324783325	2.793214797973633	2.6330854892730713
4	76	little	6.9639506340026855	6.748330116271973	6.769937992095947	5.844882011413574
4	77	finger.	12.47357177734375	7.708987712860107	4.887800216674805	4.14642333984375
4	78	At	5.602366924285889	5.667750835418701	5.608329772949219	5.581426620483398
4	79	about	6.108060836791992	5.264520645141602	5.48681640625	5.346529006958008
4	80	nine	8.68045711517334	6.115753650665283	5.542459011077881	5.6531982421875
4	81	o'clock	8.434743881225586	6.253785610198975	2.850905418395996	2.6368460655212402
4	82	on	2.759634494781494	2.2675976753234863	2.2415480613708496	1.517402172088623
4	83	Saturday	8.782609939575195	3.711763858795166	3.4978842735290527	3.701585292816162
4	84	morning,	8.431940078735352	4.028924942016602	2.7937140464782715	2.579965591430664
4	85	I	3.6393373012542725	4.54812479019165	5.11589241027832	3.9723868370056152
4	86	figured	9.378400802612305	6.705724716186523	6.801474094390869	6.619111061096191
4	87	a	3.5179991722106934	4.890384197235107	4.931513786315918	4.835559368133545
4	88	good	6.11648416519165	3.7969720363616943	3.3656907081604004	3.4221184253692627
4	89	solution	9.723167419433594	7.295660018920898	6.1150617599487305	5.656641483306885
4	90	was	4.587761878967285	4.060815334320068	5.297945022583008	4.091099262237549
4	91	to	3.693138599395752	1.8989099264144897	0.7831990122795105	0.859670877456665
4	92	ask	7.462917804718018	6.165717124938965	6.510004043579102	5.448452949523926
4	93	Eugene	12.488180160522461	11.60302448272705	10.20453929901123	10.664855003356934
4	94	Correthers,	27.50773811340332	27.239543914794922	27.99904441833496	27.416290283203125
4	95	who	2.652810573577881	2.4314608573913574	2.1962642669677734	2.356570243835449
4	96	was	4.020086288452148	2.4541702270507812	2.0473697185516357	1.9753738641738892
4	97	one	5.032920837402344	5.431933403015137	4.507899761199951	4.231697082519531
4	98	of	2.689915180206299	0.22382569313049316	0.05780483037233353	0.022669946774840355
4	99	the	2.347175359725952	0.6228668093681335	0.489441454410553	0.5350066423416138
4	100	older	8.88944149017334	8.43714714050293	7.684261322021484	7.845527648925781
4	101	and	3.3748104572296143	4.227362632751465	4.452169418334961	4.718659400939941
4	102	smarter	12.14653491973877	9.57079029083252	6.841642379760742	7.243430137634277
4	103	boys,	11.910675048828125	10.768610954284668	8.83637809753418	8.306153297424316
4	104	what	6.512004852294922	6.101744651794434	6.005141735076904	6.485759735107422
4	105	it	4.156280040740967	4.913921356201172	5.158750534057617	5.091893672943115
4	106	was	3.875565528869629	2.5882086753845215	2.3795037269592285	3.283923625946045
4	107	that	4.297545433044434	4.8251848220825195	1.552472710609436	2.9690396785736084
4	108	made	6.723212718963623	8.933968544006348	8.820231437683105	2.5464558601379395
4	109	this	4.880002975463867	3.746267795562744	4.700274467468262	4.556982517242432
4	110	Elvis	13.408561706542969	13.546453475952148	13.573561668395996	13.21728515625
4	111	guy	10.145076751708984	8.532004356384277	8.031477928161621	7.6760783195495605
4	112	so	5.966398239135742	6.1654815673828125	6.15462589263916	5.067130088806152
4	113	special.	9.683917045593262	8.913046836853027	8.72528076171875	9.387516021728516
4	114	He	3.6433658599853516	3.7901949882507324	2.561565399169922	2.4498543739318848
4	115	told	5.773049354553223	4.471861839294434	4.436506271362305	5.294543743133545
4	116	me	5.561542510986328	1.801350712776184	1.3221075534820557	0.8431137204170227
4	117	that	4.064903259277344	1.3028686046600342	1.219588279724121	1.1581660509109497
4	118	it	4.577120780944824	3.0973153114318848	2.9807963371276855	3.401675224304199
4	119	was	3.875565528869629	1.8138201236724854	1.3524373769760132	0.8506047129631042
4	120	not	4.223221302032471	3.506971597671509	3.0545148849487305	3.3257532119750977
4	121	anything	7.898036003112793	7.812287330627441	7.408938407897949	7.7550506591796875
4	122	about	5.039413928985596	4.040435314178467	5.560140132904053	5.205171585083008
4	123	Elvis's	15.83505630493164	14.442782402038574	14.82642936706543	14.166536331176758
4	124	personality,	9.40031623840332	8.139652252197266	6.975629806518555	6.7996063232421875
4	125	but	2.9370100498199463	2.5493040084838867	2.522249460220337	2.3491718769073486
4	126	his	5.794790267944336	4.215709686279297	3.3907926082611084	3.6891555786132812
4	127	wavy	12.809576988220215	12.635712623596191	12.96767807006836	12.136584281921387
4	128	hair,	4.193857669830322	3.0205419063568115	3.9426443576812744	3.6849617958068848
4	129	and	2.0958755016326904	2.444063663482666	2.048152208328247	3.599557399749756
4	130	the	3.0785820484161377	2.9773507118225098	3.337033748626709	2.602151870727539
4	131	way	6.267070770263672	6.144937515258789	5.193617820739746	4.814146995544434
4	132	he	5.418303966522217	3.0620601177215576	2.4205992221832275	2.2398324012756348
4	133	moved	7.935917377471924	6.919631004333496	5.904025554656982	5.747676372528076
4	134	his	5.600587368011475	3.307526111602783	3.024984121322632	1.988130807876587
4	135	body.	8.625370025634766	7.655369281768799	7.101851463317871	5.874585151672363
4	136	About	7.236289978027344	7.656337261199951	7.707375526428223	7.4403977394104
4	137	a	3.5366411209106445	2.6938374042510986	2.4004440307617188	2.245786190032959
4	138	half	7.593323707580566	5.661018371582031	3.2175045013427734	3.1099143028259277
4	139	an	5.578453063964844	4.906651496887207	3.926950216293335	2.5842113494873047
4	140	hour	8.34247875213623	0.6757307648658752	0.35472631454467773	0.386745423078537
4	141	later,	8.278307914733887	4.285767555236816	4.348692417144775	3.661212205886841
4	142	the	2.608858823776245	2.3466293811798096	2.5443599224090576	2.2925503253936768
4	143	boys	9.441234588623047	8.223033905029297	7.250082969665527	7.266134262084961
4	144	in	3.20123291015625	3.429274559020996	5.501455307006836	5.487805366516113
4	145	the	2.2516236305236816	1.6453251838684082	1.1753151416778564	1.1890548467636108
4	146	orphanage	12.275590896606445	12.433130264282227	9.186690330505371	8.626401901245117
4	147	called	8.494477272033691	6.409106254577637	6.380525588989258	5.556832790374756
4	148	down	7.343767166137695	9.942668914794922	10.549169540405273	11.277174949645996
4	149	to	2.8821322917938232	1.5708842277526855	0.8566616773605347	0.9987436532974243
4	150	the	2.6109485626220703	2.0523905754089355	2.004865884780884	1.3373522758483887
4	151	main	6.858865261077881	6.618646621704102	5.824922561645508	6.183051586151123
4	152	dining	10.6207275390625	9.160527229309082	8.268023490905762	7.161546230316162
4	153	room	7.708505630493164	1.8171747922897339	1.25052809715271	1.1405482292175293
4	154	by	4.777231693267822	5.322046279907227	5.837118625640869	5.660858154296875
4	155	the	2.3163957595825195	1.460798740386963	1.508980393409729	1.232053518295288
4	156	matron	14.714680671691895	14.54414176940918	15.84782600402832	13.962968826293945
4	157	were	8.123392105102539	6.062910079956055	6.800741195678711	7.078570365905762
4	158	told	7.100659370422363	7.237082481384277	6.017125129699707	6.051458835601807
4	159	that	3.3194656372070312	1.6107639074325562	1.7195196151733398	1.6213644742965698
4	160	they	4.959284782409668	3.1083273887634277	2.441126585006714	1.944149136543274
4	161	were	4.352205276489258	2.4428446292877197	1.6742634773254395	1.5515693426132202
4	162	all	5.042396545410156	4.236546516418457	4.431097030639648	4.772057056427002
4	163	going	7.0259833335876465	5.412602424621582	4.627162933349609	4.406965255737305
4	164	to	1.8994945287704468	0.9087240695953369	0.49768000841140747	0.4640641510486603
4	165	downtown	11.009929656982422	13.247145652770996	12.186235427856445	11.751633644104004
4	166	Jacksonville,	12.248607635498047	8.021859169006348	8.781678199768066	9.344022750854492
4	167	Florida	5.887107849121094	2.6996960639953613	4.007120132446289	3.6754350662231445
4	168	to	3.706449031829834	4.663806915283203	3.903824806213379	2.8492023944854736
4	169	get	5.017148017883301	4.141199111938477	4.471449375152588	4.517158508300781
4	170	a	2.987117052078247	2.5393409729003906	2.28599214553833	2.017998695373535
4	171	new	5.2342987060546875	3.8876430988311768	3.918078660964966	3.3891780376434326
4	172	pair	8.764338493347168	7.5539727210998535	6.2365593910217285	5.411404609680176
4	173	of	2.2196147441864014	0.15445436537265778	0.11422044783830643	0.20133844017982483
4	174	Buster	12.668636322021484	12.270720481872559	11.138779640197754	11.621284484863281
4	175	Brown	8.947193145751953	6.163605213165283	5.139115333557129	5.095492362976074
4	176	shoes	10.902851104736328	10.496352195739746	10.928796768188477	5.48867130279541
4	177	and	2.774954080581665	1.7219018936157227	2.058596134185791	1.8688887357711792
4	178	a	3.8303797245025635	3.022327184677124	2.0432369709014893	2.184021472930908
4	179	haircut.	13.312633514404297	11.415764808654785	8.89597225189209	9.616509437561035
4	180	That	4.718023300170898	4.744332313537598	4.7949066162109375	5.103383541107178
4	181	is	3.3752217292785645	2.32979416847229	2.38623309135437	2.5202548503875732
4	182	when	6.1811370849609375	4.546368598937988	4.22360372543335	4.1412553787231445
4	183	I	4.046890735626221	2.771803379058838	2.328256607055664	1.7681787014007568
4	184	got	5.886598587036133	3.5206165313720703	3.703641653060913	3.8389735221862793
4	185	this	5.204524993896484	3.768458127975464	4.129988193511963	4.248125076293945
4	186	big	7.187410831451416	5.37397575378418	6.142890453338623	6.293017864227295
4	187	idea,	9.326626777648926	7.381897926330566	6.481503486633301	7.510819435119629
4	188	which	3.510524272918701	3.7694473266601562	3.608069896697998	3.2705202102661133
4	189	hit	7.890314102172852	8.873286247253418	8.788715362548828	8.804549217224121
4	190	me	6.856169700622559	4.416479110717773	1.6303596496582031	0.9030354022979736
4	191	like	5.874817371368408	3.626077175140381	2.966776132583618	2.0448379516601562
4	192	a	3.1030328273773193	1.848280668258667	0.7889835238456726	0.4004765450954437
4	193	ton	9.575643539428711	7.889634132385254	7.777061462402344	5.9976420402526855
4	194	of	1.9614503383636475	0.11832619458436966	0.08312278985977173	0.17896217107772827
4	195	bricks.	13.55154800415039	10.527244567871094	9.235527038574219	7.994441986083984
4	196	If	4.467747211456299	4.254803657531738	4.291701316833496	4.016018390655518
4	197	the	2.5614535808563232	2.381204605102539	2.2809197902679443	2.521080493927002
4	198	Elvis	12.593143463134766	12.962984085083008	13.989036560058594	15.327442169189453
4	199	haircut	13.137228012084961	8.679500579833984	7.396615505218506	6.818748474121094
4	200	was	4.399466514587402	3.386894941329956	2.9512453079223633	1.9139258861541748
4	201	the	2.8936266899108887	4.005352020263672	3.2436890602111816	2.9892497062683105
4	202	big	6.988163471221924	6.639416694641113	6.08697509765625	5.995776653289795
4	203	secret,	10.655472755432129	10.458392143249512	8.646041870117188	8.039512634277344
4	204	then	5.567578315734863	6.026335716247559	5.457406044006348	5.745397567749023
4	205	Elvis's	16.920528411865234	17.212587356567383	16.56214714050293	16.24887466430664
4	206	haircut	9.82593059539795	9.181185722351074	9.89676570892334	8.930309295654297
4	207	I	5.270723819732666	6.440242290496826	7.074948310852051	7.93205451965332
4	208	was	3.87487530708313	2.8271753787994385	2.823564052581787	2.8002614974975586
4	209	going	5.832247734069824	3.709033489227295	3.1979005336761475	3.8266420364379883
4	210	to	1.8994945287704468	0.248429074883461	0.20993992686271667	0.32500189542770386
4	211	get.	11.117469787597656	8.251847267150879	9.509657859802246	10.297017097473145
4	212	I	2.880790948867798	2.940514326095581	2.673837423324585	2.377974510192871
4	213	was	3.87487530708313	3.000710964202881	2.7935633659362793	3.1172802448272705
4	214	going	5.832248687744141	3.709033489227295	3.679609537124634	3.6928203105926514
4	215	to	1.8994945287704468	0.248429074883461	0.20993992686271667	0.2200474590063095
4	216	have	4.388607978820801	2.6223695278167725	3.4372470378875732	3.5892412662506104
4	217	my	6.195562362670898	5.213871955871582	6.019347190856934	5.909034729003906
4	218	day	7.304312705993652	7.343048095703125	6.9816155433654785	6.558670520782471
4	219	in	3.489725112915039	2.5942845344543457	1.2741096019744873	1.4178221225738525
4	220	the	2.2516236305236816	1.9719105958938599	1.8417450189590454	1.821591854095459
4	221	sun,	11.103716850280762	9.273470878601074	8.125370025634766	5.036343097686768
4	222	and	2.0563066005706787	1.835779070854187	1.975343942642212	1.914381742477417
4	223	all	5.6630988121032715	4.700937747955322	4.588127613067627	4.889090538024902
4	224	the	2.9048948287963867	1.893864631652832	1.5151963233947754	1.4247225522994995
4	225	way	6.267070770263672	3.4882736206054688	4.159386157989502	4.733147621154785
4	226	to	2.4642274379730225	2.401684522628784	1.3756296634674072	1.428728461265564
4	227	town	10.569960594177246	12.746079444885254	9.96860122680664	8.40307331085205
4	228	that	4.160531997680664	4.261363983154297	4.005984783172607	4.258222579956055
4	229	was	4.685856819152832	2.464521646499634	3.683990716934204	3.5232455730438232
4	230	all	5.286409378051758	4.962414741516113	6.8977155685424805	5.805455207824707
4	231	I	5.252031326293945	3.4142374992370605	3.868852376937866	5.66451358795166
4	232	talked	8.338032722473145	8.224702835083008	7.9975433349609375	8.186225891113281
4	233	about.	7.569054126739502	5.487708568572998	2.7202887535095215	1.627536416053772
4	234	The	2.847148895263672	3.164280414581299	2.959336757659912	2.6728057861328125
4	235	fact	7.159149646759033	4.879639148712158	4.6608781814575195	4.435317039489746
4	236	that	3.3981359004974365	0.37604162096977234	0.2610858380794525	0.32834160327911377
4	237	I	4.66649866104126	3.7392566204071045	3.74568772315979	3.2427947521209717
4	238	was	3.87487530708313	2.6108503341674805	2.561964273452759	2.356096029281616
4	239	getting	6.926885604858398	4.927933216094971	4.773468494415283	5.202455520629883
4	240	an	4.770918846130371	4.943624973297119	4.607248783111572	4.554167747497559
4	241	Elvis	12.223169326782227	10.948407173156738	10.670029640197754	10.784664154052734
4	242	haircut,	13.975324630737305	9.162347793579102	7.341095924377441	5.948705196380615
4	243	not	5.278769493103027	5.67356014251709	5.241298675537109	5.054028511047363
4	244	just	5.218837738037109	2.850818634033203	3.7272558212280273	3.606339454650879
4	245	the	3.1845192909240723	2.3102426528930664	2.582671642303467	2.772430419921875
4	246	simple	8.347197532653809	6.853058338165283	7.042670249938965	6.574772834777832
4	247	fact	8.16081714630127	2.1264286041259766	3.4996790885925293	2.648792028427124
4	248	that	3.3981359004974365	1.219583511352539	0.19437266886234283	0.33536452054977417
4	249	we	5.067743301391602	3.6796066761016846	3.4375922679901123	3.1922097206115723
4	250	were	4.649266242980957	3.4401743412017822	3.6446681022644043	4.148766994476318
4	251	getting	6.805235862731934	4.723018646240234	4.786639213562012	5.013115406036377
4	252	out	4.969624996185303	4.725615501403809	4.686349868774414	4.755523204803467
4	253	of	2.5660271644592285	1.0507739782333374	0.3578265905380249	0.48498886823654175
4	254	the	2.347175359725952	1.4930789470672607	1.6417853832244873	1.8183671236038208
4	255	orphanage,	13.643060684204102	13.21772289276123	12.266403198242188	12.120339393615723
4	256	made	8.12338924407959	7.435532093048096	7.18569278717041	7.503391742706299
4	257	me	6.256525039672852	4.8746256828308105	4.6006340980529785	4.619552135467529
4	258	particularly	8.946714401245117	7.8505144119262695	7.743003845214844	8.220353126525879
4	259	loquacious.	16.79157257080078	13.6768798828125	12.398195266723633	12.742376327514648
4	260	I	3.444705009460449	3.636213779449463	2.2689616680145264	1.6051019430160522
4	261	told	6.450305461883545	5.3028082847595215	5.609450340270996	4.961838722229004
4	262	everybody,	11.878152847290039	8.473639488220215	9.755973815917969	9.822358131408691
4	263	including	4.797619819641113	5.247414588928223	6.493369102478027	5.978212833404541
4	264	the	2.350114345550537	2.1194658279418945	1.9121015071868896	1.9593545198440552
4	265	orphanage	12.275590896606445	12.175663948059082	13.072590827941895	13.47663402557373
4	266	matron	13.146963119506836	13.921177864074707	13.892858505249023	12.546429634094238
4	267	I	7.1375532150268555	5.4920477867126465	5.701471328735352	6.725966453552246
4	268	normally	8.780631065368652	9.09712028503418	9.311986923217773	9.123799324035645
4	269	feared,	12.507120132446289	14.108030319213867	13.789088249206543	11.477917671203613
4	270	that	4.294058799743652	4.927245140075684	3.5969128608703613	4.193136215209961
4	271	I	4.66649866104126	4.237875461578369	4.900697708129883	2.3790931701660156
4	272	was	3.87487530708313	2.6108503341674805	1.9288256168365479	1.795731782913208
4	273	going	5.832248687744141	3.709033727645874	3.1593730449676514	3.231267213821411
4	274	to	1.8994945287704468	0.2484288364648819	0.20993992686271667	0.1364579051733017
4	275	look	6.447134017944336	5.028048038482666	5.512786865234375	5.713977336883545
4	276	just	5.60186243057251	6.958713054656982	6.820464611053467	5.771057605743408
4	277	like	5.5123186111450195	1.7412660121917725	0.2512345612049103	0.24738213419914246
4	278	Elvis	12.656564712524414	10.557738304138184	10.56847095489502	10.444178581237793
4	279	Presley	9.762167930603027	2.0702290534973145	2.0285165309906006	1.6740906238555908
4	280	and	2.4007608890533447	2.167515993118286	1.6551004648208618	1.9249839782714844
4	281	that	4.750967979431152	6.542665481567383	5.808492660522461	5.294754505157471
4	282	I	4.66649866104126	4.330291748046875	4.811676025390625	4.717162609100342
4	283	would	4.536194801330566	3.1207118034362793	2.709845542907715	2.605081081390381
4	284	learn	7.53649377822876	7.604131698608398	6.823419570922852	6.360029697418213
4	285	to	2.986370086669922	2.1020944118499756	2.1834495067596436	2.270263671875
4	286	move	6.849372863769531	5.9640655517578125	5.540827751159668	5.827001571655273
4	287	around	6.730346202850342	4.754026412963867	3.0419225692749023	2.989931106567383
4	288	just	6.0984015464782715	7.012332916259766	6.686302185058594	6.6344828605651855
4	289	like	5.5123186111450195	4.991064071655273	2.24537992477417	1.4563844203948975
4	290	he	5.385439395904541	4.572334289550781	3.8113725185394287	3.9243216514587402
4	291	did	5.61468505859375	4.096247673034668	1.9847095012664795	1.3186661005020142
4	292	and	3.939038038253784	4.406599044799805	4.144096374511719	5.25445556640625
4	293	that	4.750967979431152	3.134854555130005	3.0585033893585205	2.9173498153686523
4	294	I	4.66649866104126	4.330291748046875	3.068276882171631	3.38883376121521
4	295	would	4.536194801330566	3.1207118034362793	2.709845542907715	2.6982173919677734
4	296	be	3.1582038402557373	2.853935718536377	2.372061252593994	2.121809244155884
4	297	rich	9.464702606201172	9.014276504516602	9.339473724365234	9.020513534545898
4	298	and	2.888134717941284	1.658874750137329	1.9777379035949707	1.7256568670272827
4	299	famous	9.891364097595215	5.382464408874512	3.4085044860839844	3.308227062225342
4	300	one	6.022434234619141	7.567091941833496	7.466245174407959	7.432616233825684
4	301	day,	8.089492797851562	8.034598350524902	5.6307454109191895	4.998935222625732
4	302	just	5.911230087280273	5.649039268493652	5.675471305847168	5.828531265258789
4	303	like	5.5123186111450195	2.0157713890075684	2.3111867904663086	2.156871795654297
4	304	him.	8.439933776855469	7.118951797485352	7.965629577636719	7.601320266723633
4	305	The	2.9779417514801025	3.2884714603424072	3.3327488899230957	3.1945812702178955
4	306	matron	14.371009826660156	13.087872505187988	13.015621185302734	13.497365951538086
4	307	understood	10.868350982666016	8.02695083618164	7.224457740783691	7.141637325286865
4	308	my	6.1039581298828125	5.5151872634887695	5.522539138793945	4.965364456176758
4	309	idea	7.54068660736084	7.4765801429748535	6.7601318359375	7.154657363891602
4	310	was	4.64692497253418	3.59395432472229	4.386048316955566	4.900483131408691
4	311	something	7.120429039001465	5.232283592224121	5.41987943649292	5.376735687255859
4	312	that	3.523303508758545	1.465000867843628	1.3594727516174316	1.3484444618225098
4	313	I	4.66649866104126	2.974100351333618	2.1406195163726807	2.2059903144836426
4	314	was	3.87487530708313	2.6108503341674805	3.3902270793914795	2.493802070617676
4	315	really	6.608538627624512	4.3024749755859375	4.471941947937012	3.349484443664551
4	316	excited	8.994354248046875	5.820235729217529	2.6534509658813477	3.034219741821289
4	317	about	5.01124382019043	1.139013409614563	1.3005025386810303	1.4350441694259644
4	318	and	4.267502784729004	5.426633834838867	5.55841064453125	5.66077995300293
4	319	said	6.527550220489502	5.317296028137207	6.1749773025512695	7.501866340637207
4	320	nothing.	11.220084190368652	7.276655673980713	6.056240081787109	6.884704113006592
4	321	When	4.748751163482666	4.37623405456543	4.049727439880371	4.156717777252197
4	322	I	3.7741549015045166	1.7237427234649658	1.9599480628967285	2.058072328567505
4	323	got	5.886598587036133	3.726559638977051	3.806046962738037	3.6075961589813232
4	324	my	5.716396331787109	3.3216633796691895	3.0851056575775146	3.4039196968078613
4	325	new	5.7971673011779785	5.745491981506348	4.694400787353516	4.849454879760742
4	326	Buster	13.03786563873291	15.013252258300781	13.549935340881348	13.1875
4	327	Brown	8.947193145751953	6.318596839904785	5.637348175048828	6.169946670532227
4	328	shoes,	12.026039123535156	11.778980255126953	9.283552169799805	6.700242042541504
4	329	I	4.277641296386719	5.002586364746094	4.991569519042969	4.9521026611328125
4	330	was	3.87487530708313	2.75079083442688	2.668264150619507	2.733480930328369
4	331	smiling	11.307887077331543	9.228721618652344	8.402022361755371	8.429612159729004
4	332	from	4.511898040771484	4.701601028442383	4.985013961791992	4.976487636566162
4	333	ear	11.105074882507324	6.387811660766602	0.44051316380500793	0.4191429316997528
4	334	to	3.3596808910369873	2.431739568710327	0.011548353359103203	0.002951185218989849
4	335	ear.	13.103175163269043	9.438928604125977	2.079639434814453	1.1766107082366943
4	336	Those	6.488880157470703	6.097878456115723	6.4129838943481445	5.8006367683410645
4	337	shoes,	13.267951011657715	10.302242279052734	11.25304126739502	11.327486038208008
4	338	they	4.8387651443481445	3.105668306350708	2.8494529724121094	3.0557398796081543
4	339	shined	11.511627197265625	10.973155975341797	9.837202072143555	9.715858459472656
4	340	really	8.707172393798828	7.626587867736816	8.007163047790527	6.438179016113281
4	341	brightly,	16.172061920166016	4.662219047546387	5.183804988861084	4.055728912353516
4	342	and	2.4507973194122314	2.370243787765503	1.8753530979156494	1.6068257093429565
4	343	I	4.981740951538086	3.4292142391204834	3.0290873050689697	2.383017063140869
4	344	liked	8.710309982299805	6.609438896179199	6.248640060424805	5.288898944854736
4	345	looking	7.893607139587402	6.8161211013793945	6.703297138214111	6.186045169830322
4	346	at	3.4194605350494385	0.5870079398155212	0.401951402425766	0.33536773920059204
4	347	the	2.1856894493103027	1.5043936967849731	1.6637444496154785	1.5949814319610596
4	348	bones	10.763607025146484	10.803169250488281	9.959773063659668	9.661697387695312
4	349	in	3.274907112121582	3.1732006072998047	3.8969428539276123	2.869269847869873
4	350	my	5.648580551147461	3.9403011798858643	3.8724334239959717	3.8286452293395996
4	351	feet,	10.598416328430176	10.511209487915039	7.905734062194824	6.1682610511779785
4	352	which	3.9494316577911377	4.676003456115723	4.666370868682861	3.7530813217163086
4	353	I	4.691756248474121	4.245306491851807	2.424877882003784	1.8440344333648682
4	354	had	4.6835618019104	3.2128591537475586	3.329700231552124	2.5981509685516357
4	355	never	6.26790189743042	3.876967191696167	2.8360435962677	2.8033077716827393
4	356	seen	6.443864822387695	1.698256015777588	1.598631739616394	1.3675850629806519
4	357	before,	7.894566535949707	5.446773529052734	5.143350124359131	4.017254829406738
4	358	through	7.7184553146362305	7.877203941345215	7.955857276916504	8.220654487609863
4	359	a	2.980877161026001	2.299478054046631	2.394470691680908	2.467940330505371
4	360	special	6.9718217849731445	5.947396278381348	4.923523902893066	5.389951705932617
4	361	x-ray	11.334085464477539	12.023375511169434	10.607346534729004	11.251296997070312
4	362	machine	6.2173871994018555	3.5017881393432617	2.5359315872192383	2.202543258666992
4	363	they	5.9337663650512695	6.274920463562012	5.844600677490234	5.761477947235107
4	364	had	4.714663505554199	3.280493974685669	2.996168851852417	2.843549966812134
4	365	in	4.2381391525268555	5.150530815124512	3.1939432621002197	3.5098516941070557
4	366	the	2.2516236305236816	1.791223406791687	1.7655245065689087	1.7912825345993042
4	367	shoe	10.49350357055664	10.67503547668457	11.345531463623047	11.219209671020508
4	368	store	9.219871520996094	6.035823345184326	4.6915669441223145	5.512450695037842
4	369	that	4.001119613647461	2.9477171897888184	3.0387985706329346	3.580512046813965
4	370	made	6.723212718963623	6.308330059051514	5.596784591674805	5.012704372406006
4	371	the	2.6245882511138916	2.215834617614746	2.3011958599090576	2.299328088760376
4	372	bones	10.763607025146484	8.75380802154541	8.892083168029785	8.458263397216797
4	373	in	3.274907112121582	3.1732006072998047	3.602506637573242	3.8351426124572754
4	374	your	5.7454938888549805	2.9810431003570557	3.2815325260162354	4.86325216293335
4	375	feet	9.067715644836426	8.902445793151855	6.953225612640381	5.464544773101807
4	376	look	8.040695190429688	8.209959983825684	9.55432415008545	8.031769752502441
4	377	green.	11.143390655517578	10.015103340148926	9.31825065612793	10.836241722106934
4	378	I	3.2037429809570312	3.059710741043091	3.1524457931518555	3.121736764907837
4	379	was	3.87487530708313	2.865710496902466	3.016972541809082	3.0532796382904053
4	380	now	5.622115135192871	6.9915361404418945	6.721196174621582	7.0152387619018555
4	381	almost	7.476016998291016	5.640881538391113	5.811896324157715	5.290555953979492
4	382	ready	8.250944137573242	5.713235378265381	4.011225700378418	3.303820848464966
4	383	to	1.7978034019470215	0.36473822593688965	0.434322714805603	0.3016979694366455
4	384	go	5.814409255981445	4.0273237228393555	3.2285590171813965	3.20168399810791
4	385	back	5.685846328735352	2.844996929168701	2.413357734680176	3.9447543621063232
4	386	to	2.5989134311676025	0.7197759747505188	0.7170376777648926	0.633705198764801
4	387	the	2.6109485626220703	1.4857101440429688	1.5533866882324219	1.5838065147399902
4	388	orphanage	12.275590896606445	11.664616584777832	10.788932800292969	10.752320289611816
4	389	and	2.630847692489624	2.308588981628418	2.1043152809143066	1.7219014167785645
4	390	practice	9.026693344116211	9.116202354431152	10.182252883911133	10.008987426757812
4	391	being	6.524883270263672	6.239221572875977	7.874997138977051	7.5158586502075195
4	392	like	6.248658657073975	6.573830604553223	5.975741386413574	8.001739501953125
4	393	the	2.576240301132202	3.185718059539795	2.85337233543396	3.025768995285034
4	394	man	7.190958023071289	6.370142459869385	5.945967197418213	4.963277816772461
4	395	who	4.530838966369629	1.7619082927703857	1.0199415683746338	1.271127700805664
4	396	all	6.060808181762695	8.401805877685547	8.63050651550293	8.612903594970703
4	397	the	2.9048948287963867	3.6701457500457764	2.6366841793060303	1.9397754669189453
4	398	girls	9.21507740020752	7.00279426574707	5.602842330932617	5.839705944061279
4	399	loved,	13.99850845336914	12.456400871276855	11.517590522766113	7.915172576904297
4	400	since	6.67513370513916	7.1007466316223145	6.731875419616699	6.803336143493652
4	401	I	4.377298355102539	2.4555563926696777	3.703214406967163	3.810509204864502
4	402	had	4.6835618019104	3.4238600730895996	2.989755392074585	2.6661362648010254
4	403	my	6.081457138061523	4.345879554748535	3.6684932708740234	4.6399736404418945
4	404	new	5.7971673011779785	6.527534484863281	5.667571544647217	5.180964469909668
4	405	Buster	13.03786563873291	15.013252258300781	13.775409698486328	13.346212387084961
4	406	Brown	8.947193145751953	6.318596839904785	5.637348175048828	6.399533271789551
4	407	shoes.	12.204258918762207	11.665909767150879	9.114051818847656	6.389709949493408
4	408	It	3.4831628799438477	3.721371650695801	3.6360857486724854	3.6584317684173584
4	409	was	3.412656545639038	1.5395296812057495	1.2815020084381104	1.2543083429336548
4	410	the	2.8936266899108887	2.8882861137390137	3.08489990234375	2.7815260887145996
4	411	new	5.709493160247803	6.215816497802734	6.489777565002441	6.322326183319092
4	412	haircut,	13.141578674316406	11.229659080505371	11.292205810546875	10.686478614807129
4	413	though,	7.579248428344727	7.134291648864746	6.420277118682861	6.998679161071777
4	414	that	4.1085968017578125	3.743812084197998	3.925853967666626	4.198448657989502
4	415	I	4.66649866104126	4.783945560455322	3.8967692852020264	4.2505269050598145
4	416	needed	7.378747940063477	5.370018482208252	5.4369120597839355	6.0335822105407715
4	417	to	2.150222063064575	0.6425096988677979	0.4641492962837219	0.6712749004364014
4	418	complete	7.644123077392578	6.850094795227051	7.443699836730957	7.310074806213379
4	419	my	6.371733665466309	4.549532890319824	4.849903583526611	2.0391032695770264
4	420	new	5.7971673011779785	4.906883239746094	4.918709754943848	5.112233638763428
4	421	look.	10.00175666809082	8.412407875061035	7.94002103805542	8.957620620727539
4	422	We	3.8589141368865967	3.7607786655426025	4.4431257247924805	4.895998001098633
4	423	finally	7.705693244934082	7.2463202476501465	6.304157733917236	5.3895039558410645
4	424	arrived	9.147438049316406	5.013182163238525	5.3696770668029785	5.5181355476379395
4	425	at	3.588892936706543	1.0563472509384155	0.5134276747703552	0.4281974136829376
4	426	the	2.1856894493103027	0.9838966131210327	0.8430510759353638	0.8612918853759766
4	427	unassuming,	14.685020446777344	16.642719268798828	15.392097473144531	14.601826667785645
4	428	unembellished	13.069388389587402	12.766742706298828	12.954021453857422	13.194026947021484
4	429	barbershop,	14.225874900817871	13.889423370361328	14.987810134887695	13.07127571105957
4	430	where	3.9074959754943848	3.262251377105713	2.979269027709961	2.564291000366211
4	431	they	4.319696426391602	2.3902063369750977	2.8387041091918945	3.367248058319092
4	432	cut	7.687278747558594	7.541570663452148	5.155317306518555	4.789734363555908
4	433	our	6.459804534912109	5.221797943115234	5.749327659606934	6.159266948699951
4	434	hair	8.849837303161621	4.720039367675781	3.8879785537719727	3.46761417388916
4	435	for	3.8253731727600098	4.207614898681641	4.592149257659912	4.2028117179870605
4	436	free	7.626928329467773	7.317877769470215	6.319643974304199	6.515701770782471
4	437	because	6.574521064758301	5.106012344360352	4.929170608520508	4.080646514892578
4	438	we	4.601466178894043	3.3658077716827393	3.5420901775360107	3.729715585708618
4	439	were	4.649266242980957	2.996107339859009	3.443643569946289	3.4841513633728027
4	440	orphans.	13.952082633972168	14.086069107055664	12.347580909729004	11.57172679901123
4	441	Even	5.5504655838012695	5.423096656799316	5.62539005279541	5.536295413970947
4	442	though	6.509834289550781	2.2285189628601074	2.1282968521118164	1.5993218421936035
4	443	we	4.749639511108398	3.3037755489349365	3.2475996017456055	3.494387149810791
4	444	were	4.649266242980957	3.2006242275238037	3.3049473762512207	3.3157713413238525
4	445	supposed	8.391712188720703	4.810951232910156	5.47402286529541	5.054449558258057
4	446	to	2.1287193298339844	0.03147680312395096	0.03211229294538498	0.029682151973247528
4	447	slowly	9.663355827331543	10.277955055236816	10.757246017456055	10.689967155456543
4	448	wait	9.172505378723145	8.684307098388672	8.627134323120117	8.846687316894531
4	449	to	2.623408079147339	2.4086527824401855	3.2012014389038086	3.456676721572876
4	450	be	4.1436285972595215	3.03120493888855	2.4246320724487305	2.381467342376709
4	451	called,	10.032384872436523	9.957467079162598	7.864081382751465	7.108628273010254
4	452	I	4.656801223754883	4.3032331466674805	4.117458343505859	3.8669912815093994
4	453	ran	7.9551215171813965	7.168745040893555	7.470963478088379	7.140113830566406
4	454	straight	8.497014999389648	6.827394485473633	5.605124473571777	5.570564270019531
4	455	up	5.661340236663818	3.297029733657837	2.934643030166626	2.6191017627716064
4	456	to	2.7407917976379395	2.3920364379882812	1.2065753936767578	1.109043002128601
4	457	one	5.622889518737793	4.891913414001465	5.583280563354492	5.974127769470215
4	458	of	2.689915180206299	1.2352409362792969	2.086716651916504	1.5283323526382446
4	459	the	2.347175359725952	0.6228668093681335	0.8388847708702087	0.9601884484291077
4	460	barber	12.285024642944336	12.328266143798828	14.339517593383789	13.092302322387695
4	461	chairs	9.36710262298584	7.846071720123291	6.95774507522583	4.257058143615723
4	462	and	2.5629446506500244	1.7553749084472656	1.9583442211151123	2.0023059844970703
4	463	climbed	11.72465991973877	9.639400482177734	9.755424499511719	9.67343807220459
4	464	up	4.869277000427246	1.7106037139892578	1.925925612449646	1.9314767122268677
4	465	onto	8.760655403137207	5.340663909912109	3.7960519790649414	2.550943374633789
4	466	the	1.914100170135498	0.8395765423774719	0.7523761987686157	0.7055634260177612
4	467	board	8.104299545288086	6.019777297973633	5.832050323486328	7.081478595733643
4	468	the	3.5386850833892822	5.90208625793457	5.353081703186035	5.1406354904174805
4	469	barber	12.285024642944336	11.709543228149414	12.488958358764648	12.45971393585205
4	470	placed	10.403697967529297	10.023118019104004	11.449578285217285	8.757946968078613
4	471	across	7.663364410400391	6.522048473358154	7.053890705108643	6.248759746551514
4	472	the	1.9771652221679688	0.6738879680633545	0.6825957894325256	0.8233529329299927
4	473	arms	9.039874076843262	9.869623184204102	8.511332511901855	8.268186569213867
4	474	to	3.3860695362091064	3.738041639328003	3.5914154052734375	3.9308767318725586
4	475	make	5.160298824310303	4.523460388183594	4.343213081359863	3.693368434906006
4	476	me	5.925601959228516	5.336540222167969	5.405115127563477	5.34572172164917
4	477	sit	9.320967674255371	6.128129482269287	5.73712682723999	5.508937835693359
4	478	up	5.020763874053955	4.129800796508789	2.655069351196289	1.8002936840057373
4	479	higher.	10.787933349609375	11.343079566955566	11.807394981384277	9.615874290466309
4	480	I	3.9429128170013428	3.5680646896362305	3.0389223098754883	2.089691162109375
4	481	looked	7.168648719787598	5.9946208000183105	5.758721828460693	4.9743266105651855
4	482	at	3.2939419746398926	0.7320080995559692	0.8286604881286621	0.9947867393493652
4	483	the	2.1856894493103027	1.4644972085952759	1.2269153594970703	1.0546458959579468
4	484	man	7.190958023071289	9.142414093017578	6.186833381652832	6.951887130737305
4	485	and	3.0067319869995117	3.812136173248291	3.3985064029693604	1.7001500129699707
4	486	said,	8.380643844604492	6.168375492095947	4.770996570587158	4.0713348388671875
4	487	with	4.645000457763672	5.190289497375488	6.304898738861084	6.346985816955566
4	488	a	2.9099040031433105	2.220695734024048	1.202270746231079	1.013883352279663
4	489	beaming	9.791293144226074	10.578630447387695	7.742260932922363	8.787344932556152
4	490	smile	9.037221908569336	2.6846425533294678	1.510134220123291	2.0066380500793457
4	491	on	3.8911004066467285	2.6726465225219727	1.0871394872665405	0.8787331581115723
4	492	my	5.736854553222656	2.2521231174468994	2.2635793685913086	3.211385726928711
4	493	face,	9.047530174255371	5.694686412811279	2.797435760498047	1.7612990140914917
4	494	'I	9.306105613708496	9.097326278686523	8.702230453491211	7.690615177154541
4	495	want	3.2636361122131348	2.987348794937134	2.9539635181427	3.021017551422119
4	496	an	5.157145023345947	5.595823287963867	5.936901092529297	5.952445030212402
4	497	Elvis	12.223169326782227	10.713791847229004	8.712750434875488	8.65976619720459
4	498	haircut.	14.04987621307373	9.291794776916504	7.4300432205200195	7.31380033493042
4	499	Can	7.4642839431762695	7.729532718658447	7.718443870544434	6.639700889587402
4	500	you	4.237744331359863	0.8331650495529175	0.6803426742553711	0.7936431169509888
4	501	make	5.820371627807617	4.389797210693359	4.523131370544434	4.934359550476074
4	502	my	5.5090460777282715	4.705364227294922	4.4588470458984375	4.319645881652832
4	503	hair	8.43881607055664	4.803245544433594	5.367321968078613	3.950901746749878
4	504	like	6.097650527954102	4.441824913024902	5.701333999633789	5.0818939208984375
4	505	Elvis's?'	28.741539001464844	25.041950225830078	23.809049606323242	24.154644012451172
4	506	I	2.8202059268951416	2.621155261993408	2.7434966564178467	2.4714725017547607
4	507	asked.	10.561360359191895	5.913447380065918	5.8734450340271	5.930346488952637
4	508	The	3.5593321323394775	3.5536086559295654	4.480613708496094	4.558784484863281
4	509	barber,	15.02605152130127	13.28722095489502	13.589132308959961	13.152726173400879
4	510	who	3.3184502124786377	1.7889430522918701	1.210084319114685	1.273966908454895
4	511	was	4.020086288452148	2.4175431728363037	2.268794059753418	1.8839929103851318
4	512	a	3.061190366744995	3.4933559894561768	3.174769163131714	2.846407413482666
4	513	genial	12.478265762329102	12.070711135864258	11.504361152648926	10.459333419799805
4	514	young	9.426251411437988	5.941512584686279	3.8770532608032227	3.2739768028259277
4	515	man,	8.491020202636719	4.606139183044434	2.2972805500030518	2.0078728199005127
4	516	grinned	12.187076568603516	11.699103355407715	11.442585945129395	10.079530715942383
4	517	back	6.365662097930908	4.702893257141113	4.921304225921631	5.363264560699463
4	518	at	4.513969898223877	0.506445050239563	0.6629078984260559	0.6643648743629456
4	519	me	7.263035774230957	4.117694854736328	2.2614521980285645	2.7444944381713867
4	520	and	3.379096031188965	2.331800699234009	2.013221502304077	2.264152765274048
4	521	said	6.527550220489502	5.295306205749512	4.028040885925293	2.891519546508789
4	522	that	3.348794460296631	1.7689766883850098	2.295527935028076	2.5434958934783936
4	523	he	4.918147087097168	2.273827075958252	1.9764307737350464	2.483776330947876
4	524	would	4.52719259262085	2.937864303588867	2.6011550426483154	2.1611225605010986
4	525	try	6.63503885269165	5.046178340911865	5.046462059020996	4.500185966491699
4	526	his	5.90321683883667	5.712775707244873	4.014049053192139	4.103188514709473
4	527	best.	9.69239616394043	4.312121391296387	4.036387920379639	4.300734519958496
4	528	I	2.878847122192383	3.41496205329895	3.4365921020507812	3.426339626312256
4	529	was	3.87487530708313	3.122480869293213	2.813028335571289	3.052325963973999
4	530	so	5.369145393371582	4.254657745361328	3.3792214393615723	3.5343728065490723
4	531	happy	8.704597473144531	4.924213409423828	2.97176456451416	2.1583571434020996
4	532	when	5.493853569030762	4.242035865783691	2.7794744968414307	2.4494576454162598
4	533	he	4.355210304260254	2.5080301761627197	2.7954342365264893	2.0886948108673096
4	534	started	6.6073431968688965	4.668842315673828	4.465906143188477	5.2500529289245605
4	535	to	2.769043207168579	1.725833773612976	2.3415920734405518	2.005603551864624
4	536	cut	7.68137788772583	7.358826637268066	7.090862274169922	6.847357749938965
4	537	my	6.176772117614746	5.22178840637207	4.0706915855407715	4.097210884094238
4	538	hair,	10.034754753112793	5.325717926025391	3.7667484283447266	3.413578510284424
4	539	but	3.288430690765381	2.749743938446045	2.7278897762298584	2.366757869720459
4	540	just	5.7925262451171875	5.976592063903809	5.808577537536621	5.831884860992432
4	541	as	4.5761566162109375	2.2964541912078857	2.153675079345703	2.7630672454833984
4	542	he	4.9196062088012695	4.055201530456543	3.6535606384277344	3.1821775436401367
4	543	started	6.6073431968688965	5.569611549377441	5.099785804748535	5.201983451843262
4	544	to	2.769043207168579	1.725833773612976	2.0432729721069336	1.2847602367401123
4	545	cut,	12.483769416809082	12.066554069519043	10.900087356567383	10.51878547668457
4	546	the	3.0689220428466797	3.8168466091156006	3.411407470703125	3.6771411895751953
4	547	matron,	16.490903854370117	18.474971771240234	18.20763397216797	17.86324691772461
4	548	who	4.473682403564453	3.250199794769287	2.420529842376709	2.414754629135132
4	549	had	4.718522071838379	3.0434789657592773	2.8885724544525146	1.8976428508758545
4	550	been	4.648682117462158	1.55515718460083	1.6281218528747559	1.8017492294311523
4	551	watching	8.62767219543457	6.437641143798828	5.57180643081665	6.024792194366455
4	552	me	6.677309036254883	5.085572242736816	4.370682239532471	4.957165718078613
4	553	and	3.379096031188965	2.8834123611450195	2.5902371406555176	2.895906925201416
4	554	had	6.242798805236816	5.6948041915893555	6.000194549560547	4.8841400146484375
4	555	a	2.9772286415100098	2.4313647747039795	2.0836803913116455	1.8331180810928345
4	556	look	7.182994365692139	6.396470546722412	6.286531925201416	5.241038799285889
4	557	as	4.304500579833984	6.3866777420043945	5.184301376342773	5.839377403259277
4	558	cold	9.777177810668945	8.075990676879883	9.607232093811035	9.013151168823242
4	559	as	4.99318790435791	0.6865354776382446	0.33945268392562866	0.27217069268226624
4	560	ice,	12.59406852722168	5.519411087036133	4.867336750030518	5.3267011642456055
4	561	motioned	17.494739532470703	16.429317474365234	17.010616302490234	17.585777282714844
4	562	for	2.865482807159424	2.059645891189575	2.249821662902832	2.648517370223999
4	563	him	7.072070598602295	3.907618999481201	3.271491289138794	3.160508632659912
4	564	to	2.7160751819610596	0.8437983989715576	0.30586907267570496	0.083287313580513
4	565	come	6.327090263366699	4.354209899902344	3.723435878753662	3.29323148727417
4	566	over	5.619505882263184	4.711650848388672	3.5216245651245117	3.854808807373047
4	567	to	3.5416836738586426	1.4208769798278809	1.3311638832092285	1.5714513063430786
4	568	where	6.851061820983887	5.967363357543945	6.355481147766113	6.431915760040283
4	569	she	5.704207420349121	3.3752059936523438	3.171308994293213	3.5346832275390625
4	570	was	3.420480251312256	1.9590415954589844	1.7305752038955688	1.5415385961532593
4	571	standing.	12.549543380737305	8.94919204711914	7.482975959777832	5.802187919616699
4	572	She	4.064813613891602	2.9654765129089355	2.009826421737671	1.928210735321045
4	573	whispered	11.073424339294434	7.590471267700195	7.315726280212402	7.291261672973633
4	574	something	7.828131675720215	3.7041683197021484	2.790067195892334	2.3649685382843018
4	575	into	6.1160888671875	4.360723972320557	2.987118721008301	2.788785457611084
4	576	his	5.079943656921387	3.680919885635376	1.8553773164749146	1.41353178024292
4	577	ear	9.856172561645508	7.060359001159668	7.124141216278076	2.869805335998535
4	578	that	4.39666748046875	4.326968193054199	4.417964458465576	3.3488054275512695
4	579	caused	8.555438041687012	6.893514633178711	7.295216083526611	7.3007073402404785
4	580	the	2.368701696395874	1.2557094097137451	1.5484216213226318	2.1092336177825928
4	581	barber	12.285024642944336	11.75627613067627	12.336604118347168	12.625201225280762
4	582	to	2.817066192626953	2.4110207557678223	0.21831192076206207	0.19497936964035034
4	583	shake	9.453123092651367	7.673861980438232	7.815743446350098	7.188625335693359
4	584	his	5.586277961730957	3.4070680141448975	1.998206377029419	1.8472011089324951
4	585	head,	8.183223724365234	2.9670703411102295	3.7417471408843994	3.4631571769714355
4	586	like	5.932229518890381	6.165506839752197	6.154962062835693	6.410527229309082
4	587	he	5.385439395904541	3.7488698959350586	3.0088531970977783	2.2012674808502197
4	588	was	3.423234701156616	2.090296506881714	1.7506539821624756	0.9220592975616455
4	589	telling	8.397892951965332	6.59184455871582	6.009944915771484	5.807973384857178
4	590	her,	9.03030014038086	4.997570037841797	4.775808811187744	5.175984859466553
4	591	'No'.	15.775022506713867	12.011720657348633	12.3381929397583	12.99305248260498
4	592	In	4.326778888702393	5.147093296051025	4.9783782958984375	5.050058841705322
4	593	response,	8.749013900756836	6.864010334014893	5.702538013458252	5.007974624633789
4	594	the	2.752173662185669	1.7869385480880737	1.7473678588867188	2.6992247104644775
4	595	matron	14.714680671691895	14.452857971191406	14.173317909240723	12.31459903717041
4	596	walked	11.911767959594727	9.504218101501465	8.039493560791016	7.335208892822266
4	597	over	5.459323406219482	2.4509332180023193	2.7059240341186523	2.614539623260498
4	598	to	3.5416836738586426	0.7955675721168518	0.5608086585998535	0.5559120178222656
4	599	a	3.5429835319519043	3.384796142578125	3.6460471153259277	4.116855144500732
4	600	little	6.145646095275879	6.105349063873291	6.024768829345703	5.453466415405273
4	601	man	7.685299396514893	8.14334774017334	7.379931926727295	7.258429527282715
4	602	sitting	9.29281997680664	6.947720050811768	5.915828227996826	5.064560890197754
4	603	in	2.7015113830566406	1.4481980800628662	1.459415078163147	1.6178497076034546
4	604	an	4.901019096374512	4.034306526184082	4.515197277069092	3.976193904876709
4	605	office	7.882573127746582	5.756885528564453	2.3959293365478516	1.771607756614685
4	606	chair	10.536566734313965	6.425280570983887	5.160058975219727	4.23007345199585
4	607	that	4.213901519775391	4.434504508972168	3.6443073749542236	4.3362226486206055
4	608	squeaked	12.890392303466797	12.938511848449707	12.185504913330078	10.621447563171387
4	609	as	3.3272056579589844	4.50593376159668	4.337329864501953	5.334634780883789
4	610	it	4.5123610496521	2.1632213592529297	1.7436819076538086	2.0212929248809814
4	611	rolled	10.007906913757324	8.440736770629883	4.375916481018066	4.553818702697754
4	612	around	6.600751876831055	3.485689640045166	3.520893096923828	3.272132635116577
4	613	the	2.13470721244812	1.6177482604980469	2.1758439540863037	1.5565240383148193
4	614	floor	9.772116661071777	6.9340386390686035	4.240196228027344	4.731311321258545
4	615	and	3.093390464782715	2.00105881690979	1.7040314674377441	1.420465111732483
4	616	spoke	9.42039966583252	7.366638660430908	7.767735004425049	7.995889663696289
4	617	to	2.850383758544922	1.5995104312896729	1.2857164144515991	1.3606902360916138
4	618	him.	8.225873947143555	5.091091632843018	5.101006984710693	4.217592716217041
4	619	It	3.5403780937194824	3.4883859157562256	3.8753223419189453	3.9250802993774414
4	620	was	3.412656545639038	1.2260148525238037	1.0653483867645264	0.6802932620048523
4	621	the	2.8936269283294678	2.8882861137390137	3.0245916843414307	2.953826904296875
4	622	little	7.1267242431640625	7.784481048583984	7.355083465576172	7.058996200561523
4	623	man	7.685299396514893	4.442564010620117	3.6433768272399902	4.304248809814453
4	624	who	4.530838966369629	3.4996659755706787	2.328892946243286	1.191056728363037
4	625	then	6.22354793548584	7.1271257400512695	7.941494941711426	7.588542461395264
4	626	walked	9.577690124511719	5.641842365264893	5.271820068359375	5.2838311195373535
4	627	over	5.459323406219482	2.678938388824463	4.243783950805664	4.171694755554199
4	628	and	3.675727367401123	2.4055442810058594	2.14776611328125	2.0799944400787354
4	629	said	6.527550220489502	7.182636260986328	4.251984596252441	5.04218864440918
4	630	something	7.801534175872803	5.623547554016113	4.45751953125	2.8459901809692383
4	631	to	3.033090114593506	2.5872910022735596	1.8429909944534302	1.849739670753479
4	632	the	2.6109485626220703	4.3175482749938965	1.0531377792358398	1.1488958597183228
4	633	man	7.190958023071289	7.1837382316589355	6.363998889923096	7.461077690124512
4	634	who	4.530838966369629	1.7619082927703857	1.3484928607940674	1.5662832260131836
4	635	was	4.020086288452148	2.357072353363037	2.7680578231811523	2.6925153732299805
4	636	cutting	9.414512634277344	9.091093063354492	8.7981538772583	8.361315727233887
4	637	my	6.164825439453125	5.1655354499816895	5.963248252868652	5.28619909286499
4	638	hair.	10.030545234680176	4.635185241699219	3.383607864379883	2.83738374710083
4	639	The	2.8844058513641357	3.4020071029663086	3.3286895751953125	3.4951651096343994
4	640	next	6.751924514770508	5.177502155303955	4.321909427642822	4.3443193435668945
4	641	thing	6.836644172668457	3.9654762744903564	3.5489206314086914	3.449702024459839
4	642	I	4.5213775634765625	2.268131732940674	1.110779047012329	0.8739694356918335
4	643	knew,	10.603653907775879	8.124802589416504	6.667717456817627	1.9515419006347656
4	644	the	3.3818912506103516	4.038958549499512	3.8388020992279053	3.62947154045105
4	645	man	7.190958023071289	5.16798210144043	5.0631818771362305	5.281022071838379
4	646	who	4.530838966369629	1.7619082927703857	1.9368226528167725	1.9999761581420898
4	647	was	4.020086288452148	2.357072353363037	2.7680578231811523	2.5096821784973145
4	648	cutting	9.414512634277344	9.091093063354492	8.7981538772583	8.361315727233887
4	649	my	6.164825439453125	5.1655354499816895	5.963248252868652	5.28619909286499
4	650	hair	8.43881607055664	3.052143096923828	1.9433101415634155	1.4243619441986084
4	651	told	7.798493385314941	9.794878005981445	10.839807510375977	11.232606887817383
4	652	me	5.561542987823486	1.4071398973464966	0.4108229875564575	0.24111713469028473
4	653	that	4.064903259277344	1.3028686046600342	1.1801788806915283	1.5314499139785767
4	654	he	4.918147087097168	3.3955774307250977	2.735963821411133	3.373490810394287
4	655	was	3.423234701156616	1.9695590734481812	1.8745938539505005	1.5400795936584473
4	656	no	5.426092147827148	5.847153186798096	5.548851013183594	5.864306926727295
4	657	longer	7.117554187774658	2.8876852989196777	0.6009278297424316	0.3899957835674286
4	658	allowed	8.244343757629395	6.085437774658203	4.826286792755127	4.896671295166016
4	659	to	2.3612539768218994	0.605581521987915	0.47828373312950134	0.33942219614982605
4	660	give	6.255772590637207	5.300653457641602	6.50722599029541	5.948720932006836
4	661	me	5.468561172485352	3.721306562423706	4.948921203613281	4.98256254196167
4	662	an	5.825699329376221	2.8692703247070312	2.948460817337036	3.2951881885528564
4	663	Elvis	12.223169326782227	9.996463775634766	12.197524070739746	11.491451263427734
4	664	cut.	13.106732368469238	10.79896354675293	9.579249382019043	9.665656089782715
4	665	'Why	11.581364631652832	11.618183135986328	11.738426208496094	11.161304473876953
4	666	not?'	8.283549308776855	4.615576267242432	4.223834991455078	4.3271098136901855
4	667	I	2.7195277214050293	2.396420955657959	1.5803248882293701	1.77507746219635
4	668	cried	10.362987518310547	7.262715816497803	7.38618278503418	7.3230814933776855
4	669	desperately.	13.165483474731445	10.3789644241333	8.260857582092285	9.151008605957031
4	670	The	2.715923309326172	3.225121021270752	3.227264404296875	3.7936642169952393
4	671	kindly	12.39809513092041	11.839667320251465	10.570876121520996	10.627622604370117
4	672	barber	13.685067176818848	9.857610702514648	9.964944839477539	9.398509979248047
4	673	stopped	10.246814727783203	11.258706092834473	8.073471069335938	7.342938423156738
4	674	by	4.363677978515625	2.0035057067871094	1.2480524778366089	1.4164646863937378
4	675	the	2.3163957595825195	1.7617937326431274	1.7066099643707275	2.2305119037628174
4	676	matron	14.714680671691895	14.54414176940918	12.970521926879883	12.570335388183594
4	677	did	7.80992317199707	5.59993839263916	7.45416784286499	7.454509735107422
4	678	not	3.4299685955047607	0.4792338013648987	0.4057716727256775	0.47974932193756104
4	679	answer,	11.738532066345215	9.391024589538574	8.77655029296875	8.972217559814453
4	680	but	2.8970441818237305	2.0082125663757324	2.0366110801696777	1.7864080667495728
4	681	from	5.482620716094971	6.428826332092285	6.336515426635742	6.386072635650635
4	682	his	5.118797302246094	4.092523574829102	3.8836629390716553	3.8365530967712402
4	683	expression,	11.23344898223877	10.996543884277344	9.043868064880371	8.529369354248047
4	684	I	4.911088943481445	3.853644847869873	4.180996894836426	2.8160197734832764
4	685	could	5.089887619018555	3.908798933029175	2.79032039642334	2.771756649017334
4	686	tell	6.67689847946167	3.6559624671936035	3.5103554725646973	2.3385720252990723
4	687	that	3.291970729827881	4.257692337036133	2.361423969268799	1.3711096048355103
4	688	he	4.918147087097168	3.305006504058838	2.995175838470459	2.4077396392822266
4	689	wished	9.606444358825684	6.555205345153809	6.969913959503174	6.921090126037598
4	690	he	5.444887161254883	2.864254951477051	3.039883613586426	1.973280668258667
4	691	could	4.925746917724609	1.4498764276504517	1.0267846584320068	1.0281180143356323
4	692	cut	7.325375556945801	6.713951110839844	6.770389556884766	6.7002739906311035
4	693	it	4.857519149780273	2.89898681640625	3.065248727798462	2.607882261276245
4	694	as	4.647400856018066	4.741059303283691	4.9661970138549805	4.47542667388916
4	695	I	4.7043843269348145	5.003277778625488	4.415933609008789	4.546393394470215
4	696	had	4.6835618019104	3.538346529006958	3.7883141040802	3.7741332054138184
4	697	asked.	11.703032493591309	9.862000465393066	7.714293479919434	6.736477851867676
4	698	Within	8.780230522155762	8.122505187988281	8.244598388671875	7.809247016906738
4	699	a	3.3486077785491943	1.4864463806152344	1.4258381128311157	1.2888669967651367
4	700	few	6.295514106750488	2.304255485534668	0.6924290060997009	0.8035986423492432
4	701	minutes,	9.275136947631836	5.422139644622803	3.4777445793151855	1.5563786029815674
4	702	it	4.491121292114258	4.440575122833252	4.500797748565674	4.088618755340576
4	703	wasn't	7.279474258422852	4.9852986335754395	4.707733154296875	4.775546073913574
4	704	an	4.273856163024902	4.2166948318481445	4.658046245574951	4.549131393432617
4	705	Elvis	12.223169326782227	10.153478622436523	10.38705062866211	11.588220596313477
4	706	haircut,	13.975324630737305	9.162347793579102	8.635717391967773	8.474554061889648
4	707	but	3.2288687229156494	3.3426740169525146	2.874223470687866	1.1801657676696777
4	708	a	3.591928243637085	4.282954216003418	4.363032341003418	4.153445243835449
4	709	short	7.08833122253418	6.1412458419799805	6.602132797241211	5.793178081512451
4	710	buzz	11.8275146484375	10.672978401184082	10.787405014038086	10.178336143493652
4	711	cut	8.78636360168457	6.036332130432129	4.329648017883301	4.094940185546875
4	712	that	4.237873554229736	3.5683679580688477	3.270807981491089	2.925874948501587
4	713	the	2.915968894958496	4.801430702209473	4.245359420776367	4.265188217163086
4	714	barber	12.285024642944336	12.204879760742188	12.101985931396484	10.584623336791992
4	715	had	5.205848693847656	5.333466529846191	3.187713384628296	3.454737663269043
4	716	given	6.853522300720215	5.502874851226807	5.142519950866699	4.911530017852783
4	717	me.	9.905600547790527	7.5962982177734375	6.321166038513184	7.073719501495361
4	718	When	4.636384963989258	4.39549446105957	4.375162124633789	4.339221954345703
4	719	he	4.391793251037598	2.9551329612731934	3.2365305423736572	2.9072184562683105
4	720	finished	8.643328666687012	5.319378852844238	5.665238857269287	5.448617935180664
4	721	shaving	12.061326026916504	10.649920463562012	9.142627716064453	8.775452613830566
4	722	off	6.391656875610352	6.082926273345947	3.335664749145508	3.1577095985412598
4	723	all	5.4802374839782715	3.9322705268859863	3.2139692306518555	4.015617847442627
4	724	my	6.03861141204834	3.6920738220214844	3.6654388904571533	4.015411853790283
4	725	hair	8.43881607055664	7.036892414093018	7.196016788482666	2.945375442504883
4	726	and	2.653045177459717	2.054425001144409	1.8845291137695312	1.2749474048614502
4	727	made	6.903185844421387	6.376482963562012	4.949667930603027	5.78411865234375
4	728	me	6.256525039672852	3.9555325508117676	2.6205034255981445	1.7019577026367188
4	729	smell	11.375187873840332	9.172927856445312	8.522104263305664	7.334686756134033
4	730	real	8.449676513671875	7.933379650115967	7.505063056945801	7.799025535583496
4	731	good	6.990507125854492	4.64638614654541	4.628450393676758	3.994483470916748
4	732	with	4.867005348205566	5.088788032531738	3.9063150882720947	3.6100151538848877
4	733	his	5.090669631958008	4.158462047576904	3.7268576622009277	4.981842041015625
4	734	powder,	13.28205394744873	13.625543594360352	13.00833511352539	12.814117431640625
4	735	the	4.184314727783203	3.4909727573394775	3.6365222930908203	4.1585307121276855
4	736	barber	12.285024642944336	11.123918533325195	10.191583633422852	10.028043746948242
4	737	handed	9.859819412231445	9.708382606506348	9.086589813232422	7.496425151824951
4	738	me	6.383305072784424	1.5051522254943848	1.3368456363677979	1.1549642086029053
4	739	a	3.7205073833465576	1.234169602394104	0.7143139839172363	0.7406705021858215
4	740	nickel	11.82302474975586	9.780404090881348	10.836954116821289	8.75521469116211
4	741	and	2.9618372917175293	2.121216297149658	2.3746495246887207	1.9015384912490845
4	742	told	7.800607204437256	9.004433631896973	7.709706783294678	7.376340389251709
4	743	me	5.561542510986328	1.7511852979660034	2.4598965644836426	1.7318203449249268
4	744	to	2.8874616622924805	3.601227283477783	2.264923334121704	1.889115571975708
4	745	go	5.814408779144287	3.936429500579834	3.0958175659179688	2.328233480453491
4	746	outside	8.031014442443848	5.802159786224365	5.4842376708984375	5.331277847290039
4	747	to	3.1648993492126465	1.8192222118377686	2.0903828144073486	2.27205753326416
4	748	the	2.6109485626220703	1.8660013675689697	3.1480395793914795	2.947603464126587
4	749	snack	11.713759422302246	12.049334526062012	10.853743553161621	8.99514389038086
4	750	machine	9.944799423217773	6.6422576904296875	5.801020622253418	5.322751998901367
4	751	and	3.1096503734588623	2.306743621826172	2.4227733612060547	2.0503275394439697
4	752	buy	8.842336654663086	8.285661697387695	6.327971458435059	6.487409591674805
4	753	myself	8.752833366394043	7.241556644439697	7.061810493469238	6.555160045623779
4	754	a	3.8106143474578857	1.7002921104431152	0.8555504083633423	0.7367037534713745
4	755	candy	10.76535415649414	9.931364059448242	8.592813491821289	7.1507134437561035
4	756	bar.	9.463146209716797	2.881589889526367	2.7570414543151855	2.3017735481262207
4	757	I	3.019930362701416	3.0566885471343994	3.0835344791412354	1.8373132944107056
4	758	handed	9.663390159606934	8.085772514343262	8.213133811950684	8.067062377929688
4	759	him	6.379586219787598	2.4523766040802	1.690293550491333	1.8933773040771484
4	760	the	3.3044605255126953	2.338839292526245	1.668595552444458	1.6402723789215088
4	761	nickel	11.993038177490234	11.935240745544434	10.782127380371094	9.714651107788086
4	762	back	6.926910400390625	7.106345176696777	3.0688652992248535	3.0274477005004883
4	763	and	3.2530722618103027	2.9815244674682617	3.0682690143585205	3.4497339725494385
4	764	told	7.800607204437256	5.892784595489502	6.819314956665039	6.952486991882324
4	765	him	5.725894927978516	2.3170156478881836	2.2342422008514404	1.6135196685791016
4	766	that	4.043475151062012	1.3521608114242554	1.4538938999176025	1.6505227088928223
4	767	I	4.66649866104126	3.927119731903076	4.0182271003723145	3.9719672203063965
4	768	was	3.87487530708313	2.6108503341674805	1.8627463579177856	1.3066281080245972
4	769	not	4.223221302032471	4.3214826583862305	3.615488290786743	3.3607237339019775
4	770	hungry.	12.440080642700195	11.766246795654297	8.830280303955078	10.286699295043945
4	771	'I'm	10.629742622375488	10.698164939880371	10.419161796569824	11.461284637451172
4	772	so	3.5040016174316406	2.9734315872192383	3.593708038330078	3.681795120239258
4	773	sorry,	11.362505912780762	3.2639284133911133	3.4575347900390625	4.1382832527160645
4	774	baby,'	14.630403518676758	14.376046180725098	9.15112590789795	6.103533744812012
4	775	he	1.8439013957977295	1.7064526081085205	1.63328218460083	1.9661375284194946
4	776	said,	6.3480916023254395	2.7012555599212646	2.3163342475891113	2.3757710456848145
4	777	as	4.367503643035889	4.490872859954834	3.676016330718994	2.84920334815979
4	778	I	4.7043843269348145	4.119546890258789	4.262543678283691	3.4864602088928223
4	779	climbed	10.845657348632812	8.570927619934082	6.089890956878662	6.165866374969482
4	780	out	4.809734344482422	2.8335609436035156	2.863676071166992	2.702341079711914
4	781	of	2.5660271644592285	1.1632018089294434	0.442902535200119	0.3175223171710968
4	782	his	5.284255027770996	3.505824327468872	2.398277997970581	3.504328489303589
4	783	barber	11.100522994995117	12.642900466918945	13.2479829788208	11.923661231994629
4	784	chair.	10.837045669555664	9.117145538330078	8.744383811950684	6.893591403961182
4	785	'I	8.095056533813477	8.678620338439941	7.944097995758057	7.727753639221191
4	786	am	2.89422345161438	3.053924798965454	3.3364927768707275	3.1957383155822754
4	787	not	4.353311538696289	2.1600732803344727	2.251981496810913	2.233520984649658
4	788	a	3.433638572692871	2.957561492919922	2.1225531101226807	2.3955421447753906
4	789	baby,'	17.074951171875	15.868300437927246	15.155662536621094	10.038178443908691
4	790	I	3.633551597595215	3.977579116821289	3.943004608154297	3.284818172454834
4	791	said,	6.930914402008057	2.688878297805786	3.0485055446624756	2.9404568672180176
4	792	as	4.367503643035889	5.757931709289551	4.111079216003418	4.651178359985352
4	793	I	4.7043843269348145	4.119546890258789	1.673307180404663	1.4811843633651733
4	794	wiped	11.061087608337402	10.973926544189453	7.849559783935547	10.275416374206543
4	795	the	2.983473062515259	1.5847558975219727	1.6024242639541626	1.7620598077774048
4	796	tears	11.10262393951416	9.319144248962402	4.566247940063477	3.981809377670288
4	797	from	4.238037109375	3.790330410003662	1.4618968963623047	1.1054599285125732
4	798	my	5.830957412719727	3.7800636291503906	2.5043370723724365	2.065974473953247
4	799	eyes.	9.399574279785156	6.469731330871582	3.808579444885254	2.1393136978149414
4	800	I	2.9323389530181885	1.9294395446777344	1.6432974338531494	1.338112473487854
4	801	then	6.575216770172119	5.732066631317139	6.374607086181641	5.864628791809082
4	802	sat	9.03772258758545	6.016326427459717	4.657534122467041	4.648180961608887
4	803	down	6.116164207458496	1.3196818828582764	0.472016841173172	0.7337747812271118
4	804	on	3.8818418979644775	3.2336373329162598	2.8902950286865234	2.4220595359802246
4	805	the	2.1509437561035156	1.543398141860962	0.9189507961273193	0.7932186126708984
4	806	floor	9.772116661071777	5.953817367553711	4.763542175292969	2.3048460483551025
4	807	and	3.093390464782715	2.00105881690979	2.04384183883667	1.6765882968902588
4	808	brushed	12.239861488342285	9.731437683105469	9.515098571777344	9.594289779663086
4	809	away	7.212908744812012	3.9423880577087402	4.356252670288086	4.0954203605651855
4	810	the	3.0451035499572754	1.924694538116455	1.3501925468444824	0.848050594329834
4	811	hair	9.322723388671875	9.49722671508789	5.951591491699219	5.467696189880371
4	812	that	4.393210411071777	2.9960665702819824	3.539243459701538	2.3473219871520996
4	813	had	5.777712821960449	3.467129945755005	3.8904387950897217	2.8840980529785156
4	814	accumulated	10.14803695678711	7.635461330413818	6.666871547698975	5.20118522644043
4	815	on	4.2379469871521	4.277403831481934	3.4285380840301514	1.714959740638733
4	816	my	5.736854553222656	5.259612083435059	3.5266990661621094	4.165317535400391
4	817	shiny	10.867178916931152	10.088677406311035	10.11018180847168	11.127923965454102
4	818	new	5.917027950286865	1.097774624824524	0.554463267326355	0.8903956413269043
4	819	Buster	13.03786563873291	13.997005462646484	13.780427932739258	14.45290470123291
4	820	Brown	8.947193145751953	6.318596839904785	7.79388427734375	5.757181167602539
4	821	shoes.	12.204258918762207	11.665909767150879	9.114051818847656	7.731138229370117
4	822	My	5.499983787536621	5.75550651550293	5.993521213531494	5.877665042877197
4	823	head	6.769129753112793	5.4370317459106445	5.68035888671875	5.780454635620117
4	824	was	4.907967567443848	1.8527052402496338	1.6538182497024536	1.7080127000808716
4	825	no	5.426093101501465	6.056517601013184	7.697365760803223	7.392366409301758
4	826	longer	7.117554187774658	2.8876852989196777	0.7305824160575867	1.2120044231414795
4	827	in	3.7390334606170654	5.035508632659912	3.7212250232696533	2.9631705284118652
4	828	the	2.2516236305236816	1.4461086988449097	1.984984040260315	1.7417913675308228
4	829	clouds,	12.642507553100586	11.182332992553711	11.460347175598145	10.531086921691895
4	830	and	1.97203528881073	1.7806463241577148	1.9096581935882568	1.8697971105575562
4	831	I	4.981740951538086	4.769434452056885	3.8548035621643066	3.6541900634765625
4	832	got	5.886598587036133	4.267927169799805	4.683268070220947	4.752650737762451
4	833	up	5.326728343963623	4.7353129386901855	4.54894495010376	3.8884470462799072
4	834	off	6.885821342468262	5.260201930999756	4.885883808135986	4.813852310180664
4	835	the	2.492638349533081	1.3371093273162842	0.7322252988815308	0.6481426954269409
4	836	floor,	10.888504028320312	6.486191749572754	6.452293395996094	4.281569957733154
4	837	brushed	10.666095733642578	10.78032112121582	11.00243091583252	10.995102882385254
4	838	off	6.02541971206665	3.464212417602539	3.103207588195801	2.636138916015625
4	839	my	5.919726371765137	4.560878753662109	4.5668840408325195	4.404532432556152
4	840	short	8.192169189453125	9.296622276306152	8.346550941467285	7.651531219482422
4	841	pants,	12.100619316101074	9.706286430358887	7.669163703918457	6.111997127532959
4	842	and	2.1966617107391357	2.561281442642212	2.075827121734619	1.9022347927093506
4	843	walked	10.149450302124023	8.525737762451172	7.4780473709106445	6.618106842041016
4	844	sullenly	12.133160591125488	13.630111694335938	13.130971908569336	12.707040786743164
4	845	towards	9.750207901000977	4.956736087799072	3.1555392742156982	3.3178293704986572
4	846	the	1.8153254985809326	1.387510895729065	0.9757673740386963	0.8706138730049133
4	847	door.	10.228594779968262	7.595520496368408	8.46409797668457	4.139676094055176
4	848	The	2.4709153175354004	2.565692663192749	2.4974238872528076	2.583587169647217
4	849	matron	14.371009826660156	13.362903594970703	12.888456344604492	12.28594970703125
4	850	was	5.309279441833496	2.629509449005127	2.405526876449585	2.5191810131073
4	851	smiling	11.307887077331543	10.081263542175293	8.026636123657227	6.334129333496094
4	852	at	3.9927706718444824	2.276171922683716	1.8526675701141357	2.1512451171875
4	853	me	7.263035774230957	2.7879385948181152	2.053378105163574	3.0864508152008057
4	854	sort	8.860742568969727	9.722704887390137	11.658610343933105	11.773870468139648
4	855	of	2.005159616470337	0.08692482858896255	0.1032780110836029	0.22031620144844055
4	856	funny	10.991865158081055	6.827051639556885	10.159828186035156	7.740612983703613
4	857	like.	10.839263916015625	12.474968910217285	12.246988296508789	10.692365646362305
4	858	The	3.071100950241089	3.2981574535369873	3.397667169570923	3.4878323078155518
4	859	barber	12.193845748901367	11.274221420288086	11.492485046386719	11.122712135314941
4	860	upset	12.746895790100098	13.394497871398926	13.407666206359863	12.997334480285645
4	861	by	4.495005130767822	3.623852252960205	4.228290557861328	5.262966156005859
4	862	the	2.3163957595825195	1.3916196823120117	1.3459101915359497	1.364932894706726
4	863	matron	14.714680671691895	14.54414176940918	17.34882354736328	15.174681663513184
4	864	said	8.789319038391113	6.483317852020264	8.5874662399292	7.91067361831665
4	865	to	3.1663568019866943	3.8578298091888428	2.9107441902160645	2.944995403289795
4	866	her,	8.853880882263184	6.56298303604126	4.365543842315674	3.3452069759368896
4	867	'You	9.881132125854492	9.863536834716797	5.971498489379883	6.059974193572998
4	868	are	2.672124147415161	2.5903444290161133	2.3638241291046143	2.5152339935302734
4	869	just	5.444219589233398	4.6317973136901855	4.578261852264404	4.642425060272217
4	870	a	3.260197401046753	2.6440718173980713	1.832958459854126	1.6814591884613037
4	871	damn	10.08426570892334	9.135552406311035	10.510520935058594	7.5931396484375
4	872	bitch,	12.48515510559082	8.402207374572754	9.439640045166016	10.421480178833008
4	873	lady.'	16.351905822753906	15.522223472595215	15.65202808380127	16.27469253540039
4	874	She	2.9415132999420166	2.808607339859009	2.9214696884155273	2.874178171157837
4	875	yelled	10.796645164489746	7.8634796142578125	7.117519378662109	6.837350845336914
4	876	back	6.453166961669922	4.009178161621094	3.4420394897460938	3.322916030883789
4	877	at	4.513969898223877	0.8271979093551636	0.9727102518081665	1.3011443614959717
4	878	him	7.709341049194336	4.295596599578857	2.7268636226654053	2.5662386417388916
4	879	at	4.362469673156738	3.488997459411621	4.069213390350342	4.60435152053833
4	880	the	2.1856894493103027	1.4581454992294312	1.325421929359436	1.4162561893463135
4	881	top	6.621331691741943	4.0360541343688965	3.855135202407837	4.520249366760254
4	882	of	2.765568971633911	1.0893757343292236	0.271546334028244	0.21143244206905365
4	883	her	6.009273529052734	4.358487129211426	4.071440696716309	4.197668075561523
4	884	lungs,	12.62311840057373	10.048504829406738	7.214418411254883	4.956227779388428
4	885	before	7.648044586181641	6.382932186126709	6.468019485473633	6.025666236877441
4	886	walking	9.027362823486328	5.53085994720459	5.07593297958374	5.584808826446533
4	887	toward	8.160719871520996	5.821123123168945	5.027143478393555	4.116485595703125
4	888	the	1.9379351139068604	0.9827274084091187	0.934137225151062	0.8762805461883545
4	889	office,	9.930394172668457	9.678105354309082	8.147266387939453	7.895101547241211
4	890	as	4.260605812072754	4.151088714599609	4.037067413330078	4.537938594818115
4	891	fast	8.385191917419434	8.7405424118042	8.513386726379395	8.45186710357666
4	892	as	4.81282901763916	0.207123801112175	0.03805490955710411	0.03129661828279495
4	893	she	6.180377960205078	5.085293292999268	4.670187950134277	3.211477518081665
4	894	could.	9.703868865966797	7.485276222229004	4.099081993103027	3.0583443641662598
4	895	To	5.355904579162598	5.849897384643555	5.803989410400391	5.975447177886963
4	896	show	6.416380405426025	5.702476501464844	5.751954555511475	5.904930114746094
4	897	his	5.947724342346191	4.499534606933594	3.7156360149383545	3.345041275024414
4	898	anger,	11.496010780334473	9.095890045166016	6.943487644195557	6.728301525115967
4	899	the	3.7210960388183594	3.6632111072540283	4.175559997558594	3.211010456085205
4	900	man	7.190958023071289	5.254439830780029	4.143016815185547	3.9369394779205322
4	901	hit	7.94514799118042	7.764425277709961	6.859757423400879	6.431307792663574
4	902	the	2.789400339126587	2.00901460647583	1.6312423944473267	1.6885110139846802
4	903	wall	9.288022994995117	4.860073089599609	4.123960494995117	3.9609408378601074
4	904	with	4.139388561248779	3.2953126430511475	2.2553927898406982	2.0875749588012695
4	905	his	5.090669631958008	3.427055835723877	2.5620133876800537	1.7004356384277344
4	906	hand	7.430054664611816	5.922275543212891	4.055902481079102	3.6000351905822754
4	907	and	3.0287599563598633	1.5025851726531982	2.9137909412384033	2.6271286010742188
4	908	then	6.091530799865723	4.231925010681152	4.381401062011719	3.9970855712890625
4	909	walked	9.577690124511719	7.003485679626465	6.4912824630737305	4.869307518005371
4	910	outside	7.731017589569092	5.620183944702148	5.700294017791748	6.065717697143555
4	911	where	6.281650543212891	6.081321716308594	5.345554351806641	5.048254013061523
4	912	he	4.555023193359375	2.390605926513672	1.8371615409851074	1.2032251358032227
4	913	stood	8.184358596801758	6.5240888595581055	5.589982986450195	4.733884334564209
4	914	against	6.0715436935424805	5.103759288787842	5.223596572875977	6.3242573738098145
4	915	the	2.0937907695770264	1.2423920631408691	1.2102982997894287	1.2313032150268555
4	916	brick	10.863412857055664	11.453108787536621	7.169520378112793	7.722094535827637
4	917	wall,	10.110713958740234	4.217957496643066	3.13260555267334	2.393824577331543
4	918	smoking	9.105790138244629	9.069512367248535	9.066003799438477	9.56809139251709
4	919	a	3.880990505218506	1.3278803825378418	1.5512582063674927	1.8495862483978271
4	920	cigarette.	12.204408645629883	6.84506893157959	2.290174722671509	2.9687819480895996
4	921	I	3.0992867946624756	2.980448007583618	3.872156858444214	2.880693197250366
4	922	understood	8.792646408081055	8.093746185302734	7.95340633392334	8.086902618408203
4	923	right	7.036290168762207	5.743074417114258	6.346858024597168	6.276689529418945
4	924	there	6.7690958976745605	3.564239025115967	4.818338871002197	5.800904273986816
4	925	my	7.05900764465332	8.358155250549316	8.951419830322266	6.829370021820068
4	926	haircut	12.555208206176758	12.154106140136719	11.985602378845215	12.293190956115723
4	927	was	4.399466514587402	3.2872474193573	2.9378950595855713	1.7916815280914307
4	928	something	7.120428085327148	5.923774242401123	5.737677097320557	6.097728729248047
4	929	that	3.523303270339966	1.465000867843628	1.648716688156128	1.8747495412826538
4	930	had	5.777712821960449	5.445003509521484	3.094219446182251	2.903134822845459
4	931	been	4.648682117462158	1.2428728342056274	1.777497410774231	1.7517200708389282
4	932	out	5.797288417816162	6.129134178161621	6.789760589599609	5.69068717956543
4	933	of	2.5660271644592285	0.8496176600456238	0.9345901608467102	0.9966696500778198
4	934	the	2.347175359725952	1.4930784702301025	1.914955735206604	1.9187895059585571
4	935	power	6.9584150314331055	7.335049629211426	7.242016792297363	7.175918102264404
4	936	of	2.9215312004089355	0.7299604415893555	1.116452693939209	1.1591932773590088
4	937	the	2.347175359725952	1.6450791358947754	1.6327550411224365	1.5538640022277832
4	938	barber	12.285024642944336	12.328266143798828	11.981982231140137	12.193800926208496
4	939	and	2.8794867992401123	2.7977402210235596	2.8725829124450684	2.310795307159424
4	940	then	6.091530799865723	5.34526252746582	4.700658798217773	4.66741418838501
4	941	I	4.609212875366211	4.106227874755859	3.943913221359253	3.87215256690979
4	942	slowly	9.141289710998535	8.44405460357666	8.013385772705078	7.982649326324463
4	943	walked	9.302565574645996	4.261295318603516	4.197710037231445	4.036807537078857
4	944	outside	7.731017589569092	5.905552864074707	6.292665958404541	6.232805252075195
4	945	to	3.1648993492126465	1.8351428508758545	1.8875746726989746	1.6728776693344116
4	946	join	7.752588748931885	6.766755104064941	5.573009490966797	4.803505897521973
4	947	the	2.1145849227905273	1.0054861307144165	1.266045093536377	1.4617998600006104
4	948	man.	10.407625198364258	11.292555809020996	11.397919654846191	10.495192527770996
4	949	He	2.615358352661133	2.320645332336426	2.43080735206604	2.2617413997650146
4	950	looked	6.878530502319336	5.4165143966674805	4.691875457763672	4.924129009246826
4	951	down,	8.64733600616455	5.673085689544678	5.9618353843688965	5.65648078918457
4	952	smiled	9.53661823272705	6.958991050720215	6.956676959991455	6.2327752113342285
4	953	at	4.03610897064209	1.720124363899231	1.6278973817825317	1.8068320751190186
4	954	me,	8.32713508605957	3.7178356647491455	2.4047508239746094	2.337106704711914
4	955	then	5.320398330688477	5.2060136795043945	4.04440975189209	2.968688726425171
4	956	he	4.908940315246582	3.7696945667266846	3.389106512069702	3.605105400085449
4	957	patted	9.711233139038086	9.657424926757812	9.587630271911621	9.138806343078613
4	958	me	4.560830593109131	3.059462547302246	2.5024871826171875	0.9959644675254822
4	959	on	4.247602462768555	0.402617484331131	0.23038215935230255	0.28852713108062744
4	960	the	2.1509437561035156	1.8639668226242065	0.02590995654463768	0.020929234102368355
4	961	top	6.621331691741943	5.41377592086792	6.303086757659912	9.554931640625
4	962	of	2.765568971633911	1.0893757343292236	0.9361790418624878	0.8828185200691223
4	963	my	5.841493129730225	3.40873384475708	3.531613349914551	3.6555144786834717
4	964	bald	11.51257610321045	11.621542930603027	11.652132034301758	10.620034217834473
4	965	as	4.920457363128662	7.123524188995361	8.278429985046387	8.930225372314453
4	966	a	2.9151878356933594	1.5472286939620972	1.8098912239074707	1.8352041244506836
4	967	coot	15.897045135498047	17.0773868560791	11.616549491882324	10.98798942565918
4	968	head.	10.392873764038086	10.165247917175293	10.239643096923828	9.235208511352539
4	969	It	3.4954285621643066	3.5463149547576904	3.2789928913116455	3.2190334796905518
4	970	was	3.412656545639038	1.5365391969680786	1.5511016845703125	1.5020817518234253
4	971	a	3.061190366744995	2.0511252880096436	1.903300166130066	1.9700696468353271
4	972	fact	8.039727210998535	7.398886203765869	7.7411885261535645	7.841830253601074
4	973	of	2.7068376541137695	2.1012446880340576	0.9742698073387146	1.498159408569336
4	974	my	5.841493129730225	5.126652240753174	5.748955249786377	6.012559413909912
4	975	life	6.624200820922852	4.226782321929932	3.5267739295959473	1.5937342643737793
4	976	that	4.128939151763916	4.216124057769775	2.9595019817352295	2.372769832611084
4	977	I	4.66649866104126	2.839646100997925	1.347495198249817	1.08478844165802
4	978	was	3.87487530708313	2.6108503341674805	3.089214324951172	2.564035177230835
4	979	not	4.223220348358154	4.3214826583862305	3.615488290786743	4.393776893615723
4	980	gonna	9.504132270812988	9.646523475646973	7.503691673278809	7.623309135437012
4	981	have	3.681229829788208	4.801980018615723	4.234203815460205	3.828655958175659
4	982	hair	10.211496353149414	10.60898494720459	9.998627662658691	10.069344520568848
4	983	that	4.393210411071777	2.6446452140808105	3.025186061859131	3.4686810970306396
4	984	was	4.685856819152832	2.6441047191619873	3.432034492492676	3.451777696609497
4	985	anything	8.181673049926758	8.095778465270996	9.121914863586426	8.329605102539062
4	986	like	5.3695478439331055	2.2067739963531494	2.4796323776245117	2.8358073234558105
4	987	Elvis's	15.969223976135254	15.042890548706055	14.678611755371094	14.888524055480957
4	988	anytime	12.74108600616455	13.00162124633789	11.420669555664062	11.337287902832031
4	989	soon.	9.22851276397705	5.602390289306641	4.079529762268066	2.925607204437256
4	990	I	3.1107735633850098	3.4830825328826904	3.8179092407226562	3.6352224349975586
4	991	then	6.575216770172119	5.93950080871582	7.420619964599609	7.539210319519043
4	992	looked	8.034252166748047	4.6001057624816895	4.611374855041504	4.764078140258789
4	993	up	4.829092502593994	3.0710701942443848	1.9715261459350586	2.0558643341064453
4	994	at	4.469524383544922	1.377058744430542	1.2449511289596558	2.3114733695983887
4	995	the	2.1856894493103027	1.4419580698013306	1.5762803554534912	1.4961446523666382
4	996	barber	12.285024642944336	11.731358528137207	11.747783660888672	13.2197904586792
4	997	with	3.8705711364746094	4.530412673950195	5.785090446472168	5.56621789932251
4	998	my	5.717721939086914	5.064340591430664	4.493614673614502	4.008400917053223
4	999	wet	10.025897979736328	9.394671440124512	8.916580200195312	9.006113052368164
4	1000	red	8.244431495666504	6.926021575927734	7.106234550476074	6.914475440979004
4	1001	eyes	8.768699645996094	4.05439567565918	3.9360148906707764	4.151416778564453
4	1002	and	2.754061460494995	1.093777060508728	0.9241814017295837	1.6054939031600952
4	1003	asked,	11.469353675842285	8.140951156616211	9.3229341506958	8.809306144714355
4	1004	'Do	5.783637046813965	4.615418434143066	4.78962516784668	4.998998165130615
4	1005	you	0.836997926235199	0.2519876956939697	0.1555253267288208	0.15670616924762726
4	1006	know	5.896663665771484	2.038005828857422	1.895382046699524	1.9495759010314941
4	1007	if	5.231340408325195	4.646446228027344	3.3529152870178223	3.1386380195617676
4	1008	Elvis	12.338912963867188	11.242737770080566	12.266489028930664	9.97340202331543
4	1009	Presley	9.762167930603027	3.3914906978607178	3.1177616119384766	2.6466336250305176
4	1010	has	3.9986789226531982	4.076473236083984	4.603056907653809	3.171220302581787
4	1011	green	9.48596477508545	10.652708053588867	10.683490753173828	10.538076400756836
4	1012	bones?'	21.824769973754883	19.357959747314453	22.68916130065918	20.757007598876953
5	0	This	4.8284912109375	4.8284912109375	4.8284912109375	4.8284912109375
5	1	is	2.9764084815979004	2.976408004760742	2.9764084815979004	2.976408004760742
5	2	a	3.012261152267456	1.8667738437652588	1.8667739629745483	1.8667739629745483
5	3	story	7.145939350128174	6.605734348297119	5.912333011627197	5.912333011627197
5	4	of	2.945542812347412	2.7683005332946777	1.581687092781067	1.5558420419692993
5	5	how	6.628426551818848	2.6556284427642822	3.042320966720581	3.441937208175659
5	6	Mr.	8.702832221984863	8.508628845214844	7.629765510559082	7.510202884674072
5	7	Sticky	14.72819995880127	14.432907104492188	14.354433059692383	14.060131072998047
5	8	got	9.117851257324219	7.071343421936035	4.657910346984863	3.8010916709899902
5	9	in	3.916846752166748	3.410346508026123	3.278069257736206	3.566488742828369
5	10	Abby's	14.17236042022705	15.287198066711426	13.580142974853516	14.790871620178223
5	11	fish	10.94970703125	11.68093204498291	10.822054862976074	11.665119171142578
5	12	tank.	11.45206356048584	4.9567155838012695	2.947897434234619	2.861849069595337
5	13	'He's	12.475308418273926	12.676742553710938	11.372954368591309	11.626093864440918
5	14	very	5.0542402267456055	4.159045219421387	3.733346939086914	3.8019418716430664
5	15	small,'	16.114221572875977	9.077574729919434	7.55787992477417	7.027464389801025
5	16	Abby's	15.451221466064453	15.678165435791016	15.117122650146484	14.306280136108398
5	17	mom	5.825200080871582	4.083816051483154	3.654675006866455	2.8550143241882324
5	18	said	6.524510860443115	3.4840240478515625	2.5208849906921387	2.582744836807251
5	19	as	4.640223026275635	4.099525451660156	5.493877410888672	2.288194179534912
5	20	she	6.180377960205078	2.04921817779541	0.3145756125450134	0.6427174210548401
5	21	peered	9.845982551574707	8.746612548828125	7.919661998748779	7.095006942749023
5	22	at	1.6678566932678223	1.7639080286026	2.12739634513855	2.049243927001953
5	23	the	2.1856894493103027	1.7887804508209229	1.3787027597427368	1.0282869338989258
5	24	tiny	9.200651168823242	8.586261749267578	6.61262321472168	6.218633651733398
5	25	water	7.549548625946045	7.02494478225708	7.164854049682617	6.654868125915527
5	26	snail.	16.0013427734375	13.514665603637695	12.778249740600586	13.160171508789062
5	27	Abby	12.566373825073242	12.370670318603516	12.33784294128418	12.116323471069336
5	28	said	6.156314849853516	4.860518932342529	4.684304237365723	4.800770282745361
5	29	that	3.348794460296631	2.382791519165039	2.2370662689208984	2.1682419776916504
5	30	he	4.918147087097168	2.273827075958252	2.5921761989593506	3.967231512069702
5	31	would	4.52719259262085	2.937864303588867	2.6011550426483154	3.1414389610290527
5	32	grow	7.875916481018066	7.514944076538086	7.665857315063477	8.938682556152344
5	33	and	3.3900649547576904	3.166156053543091	4.735537052154541	4.422748565673828
5	34	then	6.091530799865723	5.300960540771484	4.588898181915283	4.949698448181152
5	35	pulled	9.027382850646973	7.068909168243408	8.243927955627441	10.741960525512695
5	36	her	5.89637565612793	2.956911087036133	3.100958824157715	3.7592759132385254
5	37	pajama	12.824678421020508	11.16268539428711	11.021596908569336	11.381163597106934
5	38	bottoms	4.963021278381348	2.269573211669922	0.7771909832954407	0.9931104779243469
5	39	up	4.761303424835205	6.88270378112793	5.240277290344238	2.3582406044006348
5	40	again	7.9685869216918945	6.436232566833496	6.31539249420166	6.745613098144531
5	41	before	6.228222846984863	4.923564434051514	4.391415119171143	4.612218856811523
5	42	she	5.820027828216553	4.0936126708984375	3.795830726623535	4.489940166473389
5	43	got	5.975292205810547	4.027927875518799	3.880856990814209	3.7546703815460205
5	44	into	5.64664888381958	3.1567225456237793	3.149109363555908	3.1667141914367676
5	45	bed,	10.987903594970703	8.421245574951172	7.112875938415527	5.019649505615234
5	46	for	5.456327438354492	6.059470176696777	6.358150482177734	6.544368267059326
5	47	they	6.492469310760498	5.339442729949951	4.768566131591797	5.6271257400512695
5	48	were	4.352205276489258	2.496589422225952	2.0677847862243652	2.2176239490509033
5	49	always	6.867110729217529	5.904078006744385	5.644665241241455	4.432790756225586
5	50	falling	9.579328536987305	8.572114944458008	8.143486022949219	7.898550510406494
5	51	down.	8.367928504943848	4.603802680969238	4.860928535461426	4.242596626281738
5	52	Usually,	9.26565170288086	9.312742233276367	8.978837966918945	8.986775398254395
5	53	Abby's	15.062118530273438	14.788188934326172	14.69562816619873	15.198875427246094
5	54	mom	5.825200080871582	5.104008674621582	4.7663350105285645	5.069438457489014
5	55	got	7.112504005432129	5.824813365936279	5.271055221557617	5.687058448791504
5	56	up	5.326728343963623	3.964272975921631	4.158203125	4.52787446975708
5	57	at	4.469524383544922	3.4672718048095703	3.1660401821136475	3.357243061065674
5	58	the	2.1856894493103027	1.4419580698013306	2.18973970413208	3.000225305557251
5	59	crack	10.447165489196777	9.442228317260742	8.128747940063477	6.563477993011475
5	60	of	3.470712900161743	1.759974718093872	0.28414350748062134	0.31082409620285034
5	61	dawn,	12.81862735748291	10.484010696411133	3.4303386211395264	1.7930164337158203
5	62	but	3.4268510341644287	4.122016906738281	3.7896039485931396	4.02985143661499
5	63	it	4.478123664855957	2.701828956604004	2.948728084564209	2.6207199096679688
5	64	was	3.875565528869629	2.110074281692505	1.4139221906661987	1.1831774711608887
5	65	Abby	13.682611465454102	12.692238807678223	13.32280445098877	14.3440580368042
5	66	who	5.944118499755859	5.513254165649414	2.455653429031372	1.4771147966384888
5	67	jumped	9.730661392211914	7.728429794311523	7.17180871963501	6.472609519958496
5	68	out	4.825283050537109	2.058079957962036	1.896252155303955	1.822922706604004
5	69	of	2.5660271644592285	0.7611178159713745	0.5222741961479187	0.2748887538909912
5	70	bed	10.378034591674805	5.862213134765625	5.003781795501709	3.909362316131592
5	71	first	8.08265495300293	7.755492210388184	6.728385925292969	7.0139570236206055
5	72	the	3.9365010261535645	5.600433349609375	6.112208843231201	6.442594528198242
5	73	next	6.510861873626709	5.358999729156494	3.0867934226989746	2.4558959007263184
5	74	morning	8.687339782714844	5.787837028503418	4.4714813232421875	2.684216260910034
5	75	and	3.0055975914001465	2.4386308193206787	2.1277880668640137	1.8020479679107666
5	76	switched	10.873061180114746	9.277312278747559	8.62818431854248	8.811017990112305
5	77	on	3.9738640785217285	2.51969313621521	2.2088427543640137	2.088913917541504
5	78	the	2.1509437561035156	2.168318510055542	1.3398463726043701	1.0246429443359375
5	79	light	7.732865333557129	8.518491744995117	6.977635383605957	4.365704536437988
5	80	in	3.5550975799560547	3.6795692443847656	4.280444145202637	3.677020788192749
5	81	her	5.995519161224365	4.756699562072754	3.732290744781494	4.48909854888916
5	82	fish	10.026432991027832	10.920190811157227	11.123687744140625	11.703775405883789
5	83	tank,	11.556816101074219	5.188764572143555	3.1743264198303223	3.3956661224365234
5	84	which	3.0825562477111816	3.0009613037109375	3.093691349029541	3.6241703033447266
5	85	contained	9.071054458618164	7.493635177612305	6.071256160736084	5.499912738800049
5	86	three	6.9487199783325195	5.611656665802002	4.281253814697266	4.724938869476318
5	87	fish.	12.113941192626953	11.582687377929688	10.395938873291016	11.588465690612793
5	88	At	5.47683048248291	5.163577079772949	5.087253570556641	4.923503398895264
5	89	first,	6.980130195617676	3.542633533477783	3.3843116760253906	3.1298437118530273
5	90	she	4.862954139709473	4.088189125061035	3.9674437046051025	4.115129470825195
5	91	could	4.9642133712768555	4.905672073364258	4.827360153198242	4.678772449493408
5	92	see	5.271941184997559	2.8743937015533447	3.2858004570007324	2.913339376449585
5	93	neither	9.423815727233887	9.691594123840332	9.209284782409668	9.115804672241211
5	94	hide	9.857256889343262	7.9007368087768555	10.302109718322754	9.719808578491211
5	95	nor	9.794204711914062	6.6590776443481445	0.22841189801692963	0.31142693758010864
5	96	hair	10.181092262268066	8.887125015258789	10.733903884887695	7.9825639724731445
5	97	of	3.221433162689209	3.2549521923065186	3.204536199569702	4.149866104125977
5	98	the	2.347175359725952	1.6486430168151855	1.5680073499679565	1.7704198360443115
5	99	snail,	15.561811447143555	15.330896377563477	11.417882919311523	11.183575630187988
5	100	but	3.4323058128356934	3.0505154132843018	3.2491891384124756	3.290111541748047
5	101	then	5.818209648132324	4.86298942565918	4.582537651062012	4.912899971008301
5	102	she	5.989041328430176	3.9771785736083984	3.2949087619781494	3.073707342147827
5	103	spotted	9.83253002166748	8.115639686584473	8.256916046142578	7.065830230712891
5	104	him.	9.246298789978027	5.944828033447266	4.6910319328308105	4.78516149520874
5	105	It	3.5403780937194824	3.846057891845703	3.9387431144714355	4.102139472961426
5	106	had	4.908970355987549	4.471360683441162	4.128432750701904	3.6674153804779053
5	107	taken	6.6435370445251465	4.168855667114258	3.6331968307495117	3.2168331146240234
5	108	Abby	13.883188247680664	14.190939903259277	12.704916000366211	11.70057487487793
5	109	a	4.838500499725342	3.63316011428833	3.659118413925171	2.2852516174316406
5	110	while	7.911489963531494	4.539577484130859	6.317150115966797	2.28959321975708
5	111	to	4.027027130126953	3.039402961730957	6.254549980163574	4.993688583374023
5	112	find	6.090666770935059	4.344992637634277	3.7058308124542236	3.9788920879364014
5	113	Sticky	14.713748931884766	14.678485870361328	14.48008918762207	15.300517082214355
5	114	because	7.926942825317383	6.666386604309082	6.927665710449219	7.435573577880859
5	115	he	4.525615215301514	2.3761179447174072	1.7255417108535767	1.6402318477630615
5	116	was	3.423234701156616	1.8676626682281494	2.117293119430542	1.990795373916626
5	117	clinging	11.628657341003418	10.294788360595703	9.838749885559082	9.504961013793945
5	118	to	2.315349578857422	0.21515344083309174	0.2484513521194458	0.16658428311347961
5	119	the	2.6109485626220703	1.2897700071334839	1.4530366659164429	1.491182565689087
5	120	glass	9.691620826721191	9.755670547485352	8.791305541992188	6.507415294647217
5	121	near	7.903754234313965	7.92633056640625	7.966891288757324	7.892818927764893
5	122	the	2.410109758377075	0.9509153962135315	0.677449107170105	0.582054853439331
5	123	bottom,	11.211118698120117	7.04781436920166	7.131468296051025	6.296875953674316
5	124	right	5.376759052276611	5.745177745819092	6.039168834686279	6.405059814453125
5	125	next	7.0246992111206055	4.110231876373291	4.479433536529541	3.308720350265503
5	126	to	3.226145029067993	0.32055628299713135	0.024135561659932137	0.02345605194568634
5	127	the	2.6109485626220703	1.53775954246521	1.439027190208435	0.7686935663223267
5	128	gravel.	14.488512992858887	14.47176742553711	13.191821098327637	12.162399291992188
5	129	At	4.96907901763916	4.866976737976074	4.845148086547852	4.728559494018555
5	130	school	8.719310760498047	9.400318145751953	9.84796142578125	10.092132568359375
5	131	that	4.363755226135254	5.751857757568359	5.631210803985596	5.603421211242676
5	132	day,	8.824346542358398	6.990203857421875	2.998098373413086	2.925687313079834
5	133	Abby,	14.703296661376953	15.106706619262695	14.915542602539062	14.037829399108887
5	134	encouraged	10.310338973999023	10.505107879638672	10.500764846801758	9.785961151123047
5	135	by	3.9904794692993164	1.9816104173660278	3.798861026763916	3.813387870788574
5	136	her	6.156216621398926	4.9062299728393555	2.0476582050323486	1.5027416944503784
5	137	teacher,	11.14682674407959	8.73208236694336	8.541485786437988	7.028807640075684
5	138	wrote	6.590539932250977	6.884617328643799	7.296051979064941	7.117069721221924
5	139	excitedly	10.854222297668457	11.51877212524414	11.629884719848633	11.569608688354492
5	140	about	6.848057746887207	1.8573198318481445	1.3315638303756714	1.5076264142990112
5	141	the	2.222579002380371	1.330770492553711	0.9588595628738403	1.1783170700073242
5	142	small	7.365104675292969	7.848585605621338	7.206559181213379	7.655925750732422
5	143	and	3.514665365219116	4.226893901824951	4.196769714355469	3.9422192573547363
5	144	mysterious	10.866708755493164	7.533225059509277	7.699160575866699	7.360533714294434
5	145	Mr.	8.873443603515625	8.70738410949707	9.181598663330078	9.238012313842773
5	146	Sticky,	16.001827239990234	15.162445068359375	14.868319511413574	14.678407669067383
5	147	who	4.464129447937012	1.8656623363494873	2.0976951122283936	2.018649101257324
5	148	you	5.165872097015381	6.643967151641846	8.5485200881958	6.616825580596924
5	149	could	5.4061174392700195	4.4625163078308105	3.9432284832000732	4.618282794952393
5	150	mistake	9.660135269165039	9.78984260559082	9.23449993133545	8.514962196350098
5	151	for	3.610032558441162	2.849154472351074	3.316976547241211	0.3812069296836853
5	152	a	3.074422836303711	3.261936664581299	1.1502031087875366	1.1476013660430908
5	153	piece	7.294848442077637	6.968263626098633	7.798742771148682	6.800379753112793
5	154	of	2.291795492172241	0.24094553291797638	0.17880696058273315	0.20090380311012268
5	155	gravel.	14.594472885131836	10.839065551757812	10.592065811157227	10.586874008178711
5	156	He	3.691314220428467	3.78283953666687	3.0172650814056396	2.9589552879333496
5	157	seemed	7.453123569488525	6.361153602600098	6.580406188964844	6.494913578033447
5	158	an	5.135318756103516	5.964272975921631	6.21392822265625	6.24760627746582
5	159	ideal	8.34463119506836	4.731930255889893	3.027174949645996	3.428825616836548
5	160	pet	10.98928165435791	9.348026275634766	9.332671165466309	9.59035587310791
5	161	for	4.484035491943359	3.7213258743286133	0.945443868637085	0.9657902717590332
5	162	her,	9.092714309692383	6.407224655151367	6.357945442199707	7.157016754150391
5	163	some	7.236926555633545	6.98410701751709	7.261640548706055	7.677218437194824
5	164	of	3.0575342178344727	1.6438944339752197	1.5088450908660889	1.6455782651901245
5	165	the	2.347175359725952	0.8279242515563965	1.5186634063720703	1.5321911573410034
5	166	girls	9.21507740020752	9.13994026184082	7.563631057739258	3.8707168102264404
5	167	in	3.250892162322998	3.2496583461761475	2.6762423515319824	2.786996364593506
5	168	her	5.995519161224365	4.395835876464844	3.578667640686035	3.406520366668701
5	169	class	8.227485656738281	7.253472805023193	4.45652961730957	2.449761152267456
5	170	teased,	15.742145538330078	15.547544479370117	15.12796688079834	13.198616027832031
5	171	because	5.269408702850342	5.559918403625488	5.811892032623291	6.0402679443359375
5	172	Abby	13.010250091552734	12.17979907989502	12.65886402130127	11.372377395629883
5	173	was	4.217650890350342	2.647336959838867	2.230815887451172	2.1154322624206543
5	174	also	5.063274383544922	4.579655170440674	5.800689220428467	5.245316028594971
5	175	very	6.669891357421875	4.588468551635742	4.934253692626953	4.938889503479004
5	176	small.	8.992015838623047	7.064371109008789	7.411053657531738	8.639984130859375
5	177	That	4.871875762939453	4.706107139587402	4.880825996398926	4.825657844543457
5	178	evening,	10.19703197479248	8.203084945678711	9.107784271240234	9.736074447631836
5	179	Abby	10.69583511352539	10.427536010742188	10.346135139465332	10.621529579162598
5	180	turned	8.015752792358398	6.501246452331543	5.678798198699951	5.455768585205078
5	181	on	3.849848747253418	3.323575973510742	2.7418675422668457	2.1846234798431396
5	182	the	2.1509437561035156	1.8325022459030151	1.2285587787628174	0.9062040448188782
5	183	light	7.732865333557129	8.5184907913208	6.824718952178955	3.5801925659179688
5	184	and	3.2570507526397705	2.8178188800811768	2.8007068634033203	1.868673324584961
5	185	found	7.485674858093262	8.03518009185791	6.609920024871826	6.501890182495117
5	186	Mr.	9.0330171585083	8.800453186035156	9.028831481933594	8.724533081054688
5	187	Sticky	14.72819995880127	14.447877883911133	14.03150463104248	13.769719123840332
5	188	clinging	12.465020179748535	12.411617279052734	9.939122200012207	7.8912835121154785
5	189	to	2.315349578857422	0.21392259001731873	0.13131800293922424	0.12754066288471222
5	190	the	2.6109485626220703	1.2897700071334839	1.4685542583465576	1.4928665161132812
5	191	pond	12.03245735168457	10.426002502441406	11.161681175231934	11.148473739624023
5	192	weed	11.599577903747559	11.599571228027344	12.123504638671875	12.22035026550293
5	193	and	2.921243667602539	2.422264814376831	2.806572914123535	2.8250672817230225
5	194	bobbing	13.906956672668457	12.965694427490234	12.637125968933105	11.508621215820312
5	195	about	4.862737655639648	4.767435073852539	4.470459938049316	5.546380996704102
5	196	in	4.36513614654541	1.4678736925125122	1.3020368814468384	1.1930570602416992
5	197	the	2.2516236305236816	1.3658488988876343	1.3582136631011963	1.0771827697753906
5	198	air	8.145994186401367	7.08083438873291	8.253973007202148	4.916334629058838
5	199	bubbles.	13.01305866241455	10.891443252563477	12.084339141845703	11.793031692504883
5	200	'That	12.077716827392578	12.171496391296387	12.12923812866211	12.14043140411377
5	201	looks	4.9813127517700195	5.20464563369751	5.3495941162109375	5.276637077331543
5	202	fun!'	19.058908462524414	11.461203575134277	9.457446098327637	9.38880443572998
5	203	Abby	11.28995132446289	11.749481201171875	12.431188583374023	10.521018028259277
5	204	exclaimed.	12.901351928710938	5.272789001464844	5.022614479064941	5.354855537414551
5	205	She	3.764756441116333	3.157435655593872	3.1307334899902344	3.3298442363739014
5	206	tried	7.215582370758057	5.735922813415527	5.579260349273682	5.57344388961792
5	207	to	1.998463749885559	0.30727747082710266	0.30316829681396484	0.2812539041042328
5	208	imagine	9.176627159118652	7.1658854484558105	7.149510383605957	5.212917327880859
5	209	what	5.089288711547852	2.480482578277588	1.9321295022964478	1.4445233345031738
5	210	it	4.156280040740967	2.6241722106933594	2.0741190910339355	1.8398637771606445
5	211	must	6.697515487670898	5.883046627044678	4.928393363952637	3.741877555847168
5	212	be	3.21785569190979	0.6628227233886719	0.8811337351799011	0.6632683873176575
5	213	like	6.140714645385742	7.826485633850098	7.16003942489624	0.9973764419555664
5	214	to	3.4138166904449463	4.973626136779785	5.378962516784668	4.759645462036133
5	215	have	4.388607978820801	3.7519726753234863	3.5128729343414307	3.523977518081665
5	216	to	3.113623857498169	4.278940200805664	4.131760597229004	3.400524377822876
5	217	hang	8.933112144470215	8.268450736999512	8.072247505187988	7.6815900802612305
5	218	on	3.7626562118530273	1.8465074300765991	1.4694905281066895	1.846468448638916
5	219	to	3.968376636505127	1.7221077680587769	0.5623701810836792	0.7816897034645081
5	220	things	8.179527282714844	7.732394695281982	6.1830902099609375	6.500993728637695
5	221	all	5.507844924926758	6.951564788818359	6.597031593322754	6.353885173797607
5	222	day	8.037469863891602	4.349659442901611	3.6865310668945312	3.2739782333374023
5	223	and	3.234153985977173	2.496302843093872	2.1069860458374023	2.2965102195739746
5	224	decided	8.71368408203125	6.832442760467529	9.156996726989746	8.887581825256348
5	225	the	2.677116632461548	4.087892532348633	4.437107086181641	4.407529830932617
5	226	answer	8.350739479064941	5.5356621742248535	5.972881317138672	5.873482704162598
5	227	was	5.164872169494629	2.652174234390259	1.392827033996582	0.822935163974762
5	228	that	4.29754638671875	1.6998158693313599	2.9538209438323975	4.157697677612305
5	229	it	4.577120780944824	2.9892687797546387	2.8772780895233154	2.4379334449768066
5	230	was	3.875565528869629	1.8138201236724854	0.8647977113723755	0.882664680480957
5	231	probably	7.095670700073242	5.782646179199219	5.70259952545166	5.701295852661133
5	232	very	6.418847560882568	5.619441032409668	5.652597427368164	5.684243202209473
5	233	tiring.	11.913980484008789	10.80140209197998	10.863309860229492	10.200380325317383
5	234	Abby	11.885478973388672	12.219156265258789	12.256993293762207	11.753913879394531
5	235	told	6.331354141235352	5.223475933074951	5.429898738861084	5.690470218658447
5	236	her	5.375619411468506	3.9414377212524414	2.1032752990722656	2.459587335586548
5	237	mom	9.22032356262207	6.752007007598877	5.670485019683838	3.9067740440368652
5	238	that	4.205820083618164	5.237664222717285	1.3325743675231934	1.3671014308929443
5	239	she	6.105948448181152	2.7044599056243896	1.4238580465316772	1.2308428287506104
5	240	thought	6.840832710266113	4.904108047485352	4.823970794677734	4.814761161804199
5	241	Sticky	16.10657501220703	16.144359588623047	15.270790100097656	15.515549659729004
5	242	had	7.54463005065918	4.331862449645996	2.69510817527771	2.881861686706543
5	243	grown	8.67255687713623	6.68424129486084	6.135740280151367	6.258243560791016
5	244	a	3.7540130615234375	3.5150904655456543	2.9969873428344727	2.845470428466797
5	245	bit	6.954408168792725	3.8119451999664307	2.3515379428863525	2.554870843887329
5	246	the	3.554133176803589	6.27463436126709	6.809950828552246	7.7082600593566895
5	247	next	6.510861873626709	6.082622528076172	5.251552581787109	4.812716960906982
5	248	day	6.398184776306152	3.6223602294921875	3.05165958404541	2.538033962249756
5	249	at	4.58612060546875	2.960603713989258	3.4444661140441895	2.7307119369506836
5	250	breakfast.	12.407962799072266	10.176934242248535	9.17769718170166	8.131240844726562
5	251	'Just	12.061758041381836	11.329462051391602	11.84145450592041	11.415013313293457
5	252	as	3.728757858276367	4.06829833984375	3.9714505672454834	3.749910354614258
5	253	well	5.933075904846191	6.551078796386719	5.798144340515137	5.782688140869141
5	254	if	5.575163841247559	6.576704978942871	4.014995574951172	4.272950172424316
5	255	he's	7.0066304206848145	5.3468146324157715	5.857853412628174	4.8878889083862305
5	256	going	3.363590717315674	3.1417462825775146	3.382307767868042	3.4743599891662598
5	257	to	1.8994945287704468	0.11209714412689209	0.10773234814405441	0.09624281525611877
5	258	be	4.1436285972595215	1.6475038528442383	1.6559725999832153	1.9719736576080322
5	259	gobbled	12.414669036865234	11.708603858947754	11.504606246948242	12.000985145568848
5	260	up	1.0252166986465454	0.18303006887435913	0.18944253027439117	0.1835421621799469
5	261	like	6.270238399505615	5.591177463531494	4.949507713317871	5.073792934417725
5	262	that,'	11.96334171295166	10.89598560333252	11.880674362182617	12.824285507202148
5	263	her	7.600326061248779	6.952940940856934	6.87736177444458	6.820165634155273
5	264	mom	9.22032356262207	4.559276580810547	4.21581506729126	4.205255031585693
5	265	responded	10.116230010986328	8.636497497558594	7.6588568687438965	7.492259502410889
5	266	who	6.399510860443115	7.9212260246276855	8.566521644592285	7.593993186950684
5	267	was	4.020086288452148	2.789588451385498	1.9640557765960693	1.9390654563903809
5	268	busy	9.622072219848633	7.723494529724121	9.391703605651855	7.09187126159668
5	269	preparing	10.491294860839844	4.88604736328125	4.807038307189941	5.485616683959961
5	270	breakfast.	13.182637214660645	9.224679946899414	9.576244354248047	8.71035385131836
5	271	Abby	11.831517219543457	11.673377990722656	11.273058891296387	10.662150382995605
5	272	whined	10.876908302307129	10.237482070922852	10.77164363861084	10.677469253540039
5	273	that	2.7225723266601562	1.5762492418289185	1.8332606554031372	1.709450125694275
5	274	she	6.105948448181152	3.375795364379883	1.9402430057525635	0.9737834930419922
5	275	didn't	6.150291442871094	4.0566086769104	3.5678980350494385	2.887509346008301
5	276	want	2.6975629329681396	2.0984606742858887	1.9191031455993652	1.689057469367981
5	277	him	6.540621757507324	3.9533581733703613	3.6130728721618652	3.1887176036834717
5	278	to	2.7160751819610596	0.32825231552124023	0.47407132387161255	0.3698793947696686
5	279	get	5.017148017883301	4.296005725860596	3.6854875087738037	2.8586769104003906
5	280	too	6.504528999328613	7.11424446105957	7.534399032592773	6.586672306060791
5	281	big	6.576189994812012	4.231428146362305	4.624485015869141	4.6406145095825195
5	282	or	5.275594711303711	3.546163320541382	2.575021266937256	2.759366512298584
5	283	he	6.03731632232666	7.552996635437012	6.015450477600098	7.382833003997803
5	284	wouldn't	7.272584915161133	4.800199508666992	4.007547855377197	3.833982467651367
5	285	be	1.5654313564300537	1.9058610200881958	1.6954455375671387	1.7171868085861206
5	286	cute	11.213951110839844	9.927477836608887	11.189852714538574	11.055421829223633
5	287	anymore.	11.221517562866211	8.9163818359375	5.056914329528809	4.8446044921875
5	288	'Small	16.088382720947266	16.536537170410156	16.110708236694336	15.781981468200684
5	289	things,	9.326204299926758	6.844517230987549	6.383056163787842	6.509768962860107
5	290	not	4.381694793701172	3.9841420650482178	4.136124134063721	4.365285396575928
5	291	big	7.844742774963379	8.269889831542969	1.2002038955688477	0.8761792182922363
5	292	things,	9.121797561645508	7.637243270874023	4.285470962524414	2.05061674118042
5	293	are	5.809957981109619	6.476283073425293	6.590146064758301	3.730212926864624
5	294	cute,	12.234673500061035	11.465030670166016	10.806825637817383	9.264363288879395
5	295	right?'	13.70444107055664	11.973392486572266	13.553423881530762	13.250662803649902
5	296	she	4.539921760559082	3.264035224914551	3.380038261413574	3.894228458404541
5	297	asked,	9.118294715881348	4.012086868286133	3.540055751800537	3.566615581512451
5	298	half	10.132287979125977	8.923738479614258	6.905288219451904	6.782281875610352
5	299	to	3.3977577686309814	3.5700273513793945	3.4508743286132812	4.011745452880859
5	300	herself.	10.87066650390625	10.939666748046875	3.990168571472168	1.7436234951019287
5	301	The	3.199725866317749	3.047927141189575	3.0333213806152344	3.325012683868408
5	302	next	6.751924514770508	4.8535380363464355	4.8104777336120605	4.727708339691162
5	303	day	6.398184776306152	2.9284491539001465	1.612001657485962	1.6427483558654785
5	304	in	3.489725112915039	2.8956079483032227	4.116199493408203	4.625876426696777
5	305	art	9.29672622680664	10.499613761901855	11.0322265625	11.992630958557129
5	306	class,	9.516276359558105	8.00146198272705	4.920060157775879	4.870560646057129
5	307	Abby	13.34837818145752	12.788665771484375	12.519874572753906	11.868844032287598
5	308	needed	8.173282623291016	8.217939376831055	8.04240894317627	8.042145729064941
5	309	two	6.495941162109375	5.338068962097168	6.041135787963867	6.167253494262695
5	310	pieces	7.643311500549316	5.718259334564209	5.977730751037598	6.08302116394043
5	311	of	2.3366777896881104	0.54936283826828	0.33525756001472473	0.19374310970306396
5	312	paper	9.01813793182373	3.146254539489746	3.2877166271209717	3.2375998497009277
5	313	that	3.975205421447754	3.3667972087860107	2.411646604537964	2.522200107574463
5	314	were	5.662384510040283	6.2434186935424805	4.224729061126709	2.7166645526885986
5	315	very	5.963950157165527	5.4599504470825195	5.772982597351074	6.074082374572754
5	316	expensive,	10.539158821105957	8.438493728637695	6.973449230194092	7.5712995529174805
5	317	to	4.699797630310059	4.965796947479248	5.192733287811279	5.1178483963012695
5	318	draw	7.969093322753906	7.975050926208496	8.122459411621094	8.558083534240723
5	319	an	4.906837463378906	4.476212501525879	4.9859619140625	4.710058212280273
5	320	elephant,	12.30522346496582	10.434188842773438	10.141929626464844	10.012670516967773
5	321	but	3.2365882396698	3.070108652114868	2.8741917610168457	2.243405342102051
5	322	the	2.825763463973999	2.7193593978881836	2.8761091232299805	2.725404977798462
5	323	teacher	9.994074821472168	8.886171340942383	9.442888259887695	9.498828887939453
5	324	didn't	7.224178314208984	6.181502342224121	4.613537788391113	4.057900428771973
5	325	mind	5.834499359130859	5.479747772216797	6.374835968017578	6.240717887878418
5	326	Abby	13.865798950195312	13.986591339111328	13.358522415161133	13.827522277832031
5	327	using	7.994112968444824	8.863752365112305	5.915153503417969	6.139078617095947
5	328	the	2.240764617919922	1.7598142623901367	1.6491385698318481	1.8489536046981812
5	329	expensive	10.143575668334961	10.392675399780273	10.275211334228516	10.530693054199219
5	330	paper	8.903809547424316	7.805617809295654	7.497556686401367	7.003072738647461
5	331	because	6.424136161804199	6.18698263168335	6.755550384521484	6.934106826782227
5	332	she	5.638143062591553	3.996187686920166	4.811972618103027	4.581031799316406
5	333	was	3.420480251312256	1.7196290493011475	1.8084452152252197	1.9885202646255493
5	334	pleased	9.80897331237793	7.851924896240234	7.751959323883057	7.563858985900879
5	335	with	3.654204845428467	1.5089025497436523	1.4137383699417114	0.9261398315429688
5	336	the	2.270246982574463	1.1329113245010376	0.877575159072876	1.233302116394043
5	337	drawing	9.870160102844238	9.910144805908203	9.980279922485352	9.542411804199219
5	338	and	3.678354024887085	3.8160290718078613	3.827312469482422	2.0570616722106934
5	339	wanted	8.437732696533203	9.0586576461792	7.89492130279541	8.228131294250488
5	340	it	5.116901874542236	3.75637149810791	3.5739083290100098	3.768001079559326
5	341	on	4.6070170402526855	4.844082355499268	4.452114582061768	4.329037189483643
5	342	the	2.1509437561035156	1.6817517280578613	1.6775425672531128	1.5369428396224976
5	343	wall.	10.730249404907227	8.080951690673828	7.302241325378418	7.650976657867432
5	344	The	2.2424354553222656	2.388538360595703	2.460636854171753	2.716918706893921
5	345	teacher,	12.632024765014648	12.564249992370605	11.711411476135254	11.288447380065918
5	346	who	3.0852019786834717	1.5176576375961304	1.5309202671051025	1.4946231842041016
5	347	was	4.020085334777832	2.2083797454833984	1.7645364999771118	1.5896915197372437
5	348	always	6.809567451477051	6.292873382568359	5.707052230834961	6.513350486755371
5	349	very	6.469208717346191	4.088939666748047	4.117457389831543	3.692915916442871
5	350	encouraging,	12.322549819946289	9.397168159484863	8.481014251708984	8.75474739074707
5	351	remarked	12.395216941833496	13.298770904541016	13.751476287841797	14.067839622497559
5	352	that	3.225841760635376	2.408547878265381	3.327086925506592	4.601379871368408
5	353	the	2.915968894958496	1.7689694166183472	1.8712913990020752	1.913649082183838
5	354	drawing	9.870159149169922	9.995955467224121	10.222516059875488	9.957281112670898
5	355	Abby	13.673633575439453	15.786761283874512	16.07013511657715	15.27799129486084
5	356	had	5.094672203063965	5.874197959899902	3.5911388397216797	2.3816633224487305
5	357	made	5.560640335083008	5.135377883911133	4.6863555908203125	4.23362398147583
5	358	was	5.90595817565918	7.471738338470459	7.341327667236328	5.418395042419434
5	359	very	5.932852268218994	5.028836727142334	5.035715103149414	4.677597999572754
5	360	creative	9.446722030639648	7.653846740722656	8.270675659179688	8.878534317016602
5	361	and	3.2073488235473633	1.7984564304351807	1.2121071815490723	0.5526842474937439
5	362	beamed	11.96595573425293	13.026817321777344	14.561514854431152	13.126487731933594
5	363	at	2.6213340759277344	2.4963538646698	2.046812057495117	1.8591251373291016
5	364	Abby,	15.668679237365723	13.62321949005127	13.497365951538086	13.634291648864746
5	365	giving	8.310190200805664	7.170083045959473	5.934986591339111	5.6112380027771
5	366	her	5.399392604827881	1.7333495616912842	1.1846026182174683	0.6982104182243347
5	367	the	3.9097845554351807	2.098010540008545	2.3513846397399902	2.2912545204162598
5	368	seal	10.666885375976562	9.826028823852539	8.943624496459961	8.255661010742188
5	369	of	3.221041202545166	1.3001185655593872	0.7008030414581299	0.4313238263130188
5	370	approval.	12.238896369934082	8.207539558410645	4.702840805053711	4.30079984664917
5	371	Back	8.25262451171875	8.273724555969238	8.260433197021484	8.312637329101562
5	372	at	4.76020622253418	3.860109329223633	3.6521122455596924	3.9767346382141113
5	373	home,	8.630196571350098	5.33134651184082	3.0118584632873535	2.9961230754852295
5	374	Mom,	12.247997283935547	12.316553115844727	10.082331657409668	12.764227867126465
5	375	convinced	11.14407730102539	12.43777847290039	12.191398620605469	13.139044761657715
5	376	by	4.492363929748535	2.5169625282287598	6.7853851318359375	6.267189979553223
5	377	Abby	12.415184020996094	11.35327434539795	10.684149742126465	10.532665252685547
5	378	to	3.999929428100586	4.699704170227051	3.1564416885375977	1.2711865901947021
5	379	clean	8.735427856445312	7.252415657043457	6.58494758605957	6.890622615814209
5	380	out	5.351441383361816	3.6942734718322754	3.1447722911834717	3.0954718589782715
5	381	the	2.8194780349731445	1.2407084703445435	0.8637077212333679	1.079382300376892
5	382	tank,	11.698213577270508	10.157329559326172	10.788727760314941	8.986490249633789
5	383	was	5.338118553161621	5.410922050476074	6.2054829597473145	7.54215145111084
5	384	cleaning	10.686851501464844	10.243973731994629	8.817255973815918	8.441110610961914
5	385	with	4.40643310546875	6.108886241912842	6.276980876922607	5.916377067565918
5	386	a	2.9099040031433105	2.0477325916290283	1.9883766174316406	1.5248613357543945
5	387	special	6.9718217849731445	6.074492454528809	5.374153137207031	6.72210168838501
5	388	vacuum,	13.140799522399902	13.50808334350586	13.541585922241211	9.76685905456543
5	389	or	3.574176073074341	3.825871467590332	3.3735365867614746	3.471107244491577
5	390	'hoover'.	22.243938446044922	22.351661682128906	20.366313934326172	20.263648986816406
5	391	'Where's	13.734272003173828	13.692700386047363	14.944963455200195	15.032150268554688
5	392	Mr.	5.816338539123535	6.366702079772949	6.409834384918213	6.753693580627441
5	393	Sticky?'	27.82115936279297	15.2490873336792	12.978646278381348	13.059308052062988
5	394	Abby	11.646114349365234	11.283376693725586	12.428215026855469	12.810949325561523
5	395	asked	7.858798980712891	4.087085723876953	3.130028009414673	3.8966622352600098
5	396	first	7.512967586517334	8.40036678314209	9.916412353515625	10.107744216918945
5	397	thing	6.888822555541992	4.2842326164245605	4.761638641357422	3.4676473140716553
5	398	when	5.552831649780273	5.742927551269531	5.315861701965332	4.370865345001221
5	399	she	5.305711269378662	4.050246238708496	4.397881031036377	2.669055938720703
5	400	came	6.235476493835449	4.304630279541016	4.266338348388672	3.5410218238830566
5	401	home	7.6302337646484375	3.6763131618499756	3.3113043308258057	3.153043746948242
5	402	from	4.693332195281982	1.7391799688339233	1.3427999019622803	0.9014676809310913
5	403	school.	10.308635711669922	7.214356422424316	5.317987442016602	4.848196506500244
5	404	'On	13.076601028442383	12.719305038452148	12.83620834350586	12.7884521484375
5	405	the	1.1289057731628418	1.2752190828323364	1.3081265687942505	1.256920337677002
5	406	side,'	17.83892059326172	10.630952835083008	8.83306884765625	9.234920501708984
5	407	Mom	11.188593864440918	10.955824851989746	11.614092826843262	8.767004013061523
5	408	replied.	11.890519142150879	6.296257972717285	6.197793483734131	6.377781867980957
5	409	And	5.352158069610596	5.328082084655762	5.026997089385986	5.021947860717773
5	410	then	5.8147172927856445	2.599801540374756	2.046830177307129	2.228299140930176
5	411	she	5.989041328430176	3.5392699241638184	2.1214118003845215	1.391456961631775
5	412	added,	8.810128211975098	6.962615489959717	6.449495315551758	5.133114814758301
5	413	'Don't	9.808208465576172	11.08426284790039	9.162162780761719	8.231781005859375
5	414	worry.	4.824241638183594	4.948669910430908	4.503431797027588	4.386824607849121
5	415	I	2.42464017868042	1.9949743747711182	2.1503334045410156	2.0540385246276855
5	416	went	6.491330146789551	5.367778301239014	6.340789794921875	6.312802314758301
5	417	extra	9.018888473510742	10.334342956542969	10.7868070602417	9.997737884521484
5	418	slowly	10.467924118041992	5.399055480957031	5.528389930725098	5.09425163269043
5	419	since	6.783985137939453	6.3293867111206055	5.591813564300537	5.585607528686523
5	420	it's	6.0645751953125	5.854806900024414	3.5546562671661377	4.874830722808838
5	421	better	5.45371150970459	7.099393844604492	8.988365173339844	5.803647041320801
5	422	to	3.326850414276123	0.5384055376052856	0.9663609266281128	0.5948333144187927
5	423	be	4.1436285972595215	3.034947633743286	2.4534969329833984	2.2216155529022217
5	424	safe	8.310173034667969	6.922555446624756	5.411078453063965	3.8372559547424316
5	425	than	6.4689788818359375	7.019368648529053	6.7701544761657715	2.080946445465088
5	426	sorry.'	19.886608123779297	16.9562931060791	14.578802108764648	13.965709686279297
5	427	Abby	11.628231048583984	12.349706649780273	12.397244453430176	12.204278945922852
5	428	looked	8.270532608032227	4.719677925109863	4.817167282104492	4.044149875640869
5	429	on	3.6425623893737793	5.120243072509766	5.638402938842773	5.724456310272217
5	430	all	5.4920549392700195	6.054288864135742	7.469279766082764	7.641200065612793
5	431	sides	8.831331253051758	4.057509422302246	3.286464214324951	5.655705451965332
5	432	of	2.190699338912964	1.0868847370147705	0.9046922922134399	0.8208484053611755
5	433	the	2.347175359725952	0.9468225240707397	0.6590603590011597	0.4949878752231598
5	434	tank,	11.698213577270508	11.50942611694336	9.487485885620117	11.672391891479492
5	435	but	3.1464197635650635	2.8223166465759277	2.914569854736328	3.1227307319641113
5	436	there	5.520829677581787	4.267519950866699	4.353447437286377	4.264709949493408
5	437	was	3.6963109970092773	1.9655503034591675	1.8947843313217163	1.3473787307739258
5	438	no	5.426092147827148	1.3794400691986084	1.343237042427063	1.2143442630767822
5	439	sign	7.881338119506836	5.387556552886963	4.482504844665527	3.656047821044922
5	440	of	2.536365509033203	0.26752522587776184	0.36657053232192993	0.20897996425628662
5	441	the	2.347175359725952	1.8437209129333496	2.534841775894165	2.432986259460449
5	442	water	7.943147659301758	7.961183547973633	8.87841510772705	7.74952507019043
5	443	snail	13.559887886047363	13.747847557067871	13.266922950744629	13.122886657714844
5	444	that	4.451866626739502	3.6931567192077637	3.581845998764038	3.3684134483337402
5	445	she	6.105948448181152	5.840642929077148	5.706456184387207	5.103515148162842
5	446	had	4.2017951011657715	2.417603015899658	1.917891263961792	1.8606950044631958
5	447	discovered	8.802693367004395	6.477967739105225	6.433581352233887	5.676233768463135
5	448	a	3.260416269302368	2.1737351417541504	2.3305675983428955	2.1051597595214844
5	449	couple	7.371016979217529	5.4480438232421875	5.706498146057129	5.802517890930176
5	450	of	2.1587061882019043	0.3748428225517273	0.39211854338645935	0.30116546154022217
5	451	days	8.831536293029785	4.120088577270508	2.8673925399780273	3.0506293773651123
5	452	ago.	8.851806640625	6.005544185638428	4.471277236938477	2.5742220878601074
5	453	She	4.606461048126221	4.566743850708008	4.782953262329102	4.478752136230469
5	454	was	3.3951942920684814	2.21732234954834	2.199833869934082	2.1817049980163574
5	455	very	5.932852745056152	4.355620384216309	4.3928937911987305	4.2189435958862305
5	456	sad.	10.801807403564453	7.074548721313477	7.598447799682617	7.1567840576171875
5	457	Her	6.150688648223877	6.442978858947754	5.954135417938232	4.310085296630859
5	458	mom	9.290273666381836	5.563040733337402	5.2755022048950195	4.999031066894531
5	459	said	6.524511337280273	3.1035361289978027	2.9511303901672363	3.050698757171631
5	460	to	3.1663568019866943	2.8714334964752197	4.366192817687988	3.305316925048828
5	461	wait	8.254594802856445	7.090511798858643	7.050356864929199	6.4382643699646
5	462	a	3.6588332653045654	2.6149349212646484	2.7099268436431885	2.076164722442627
5	463	few	6.295514106750488	2.104576587677002	1.3029773235321045	1.2104222774505615
5	464	hours	7.208046913146973	3.505305290222168	2.2818830013275146	2.524139165878296
5	465	until	6.960321426391602	5.044769287109375	5.554706573486328	4.122729301452637
5	466	the	2.059206008911133	1.7817844152450562	1.6500418186187744	1.7386999130249023
5	467	water	7.943147659301758	7.294221878051758	6.703192710876465	6.312649250030518
5	468	clears	11.737163543701172	11.75418758392334	7.475011825561523	6.6158599853515625
5	469	to	3.403384208679199	3.506751537322998	3.3868677616119385	3.779756784439087
5	470	take	5.59805154800415	5.344404220581055	5.5716705322265625	5.145724773406982
5	471	another	6.245705604553223	6.120035171508789	5.4234843254089355	5.794137001037598
5	472	careful	10.373720169067383	8.849214553833008	8.941222190856934	9.246302604675293
5	473	look.	10.656972885131836	6.072992324829102	3.1997296810150146	3.4928042888641357
5	474	That	4.7437028884887695	4.995214462280273	5.126811981201172	5.249515533447266
5	475	evening,	10.19703197479248	8.428011894226074	7.437193870544434	6.860682487487793
5	476	Abby	10.69583511352539	10.427536010742188	10.333081245422363	10.325437545776367
5	477	went	7.126238822937012	5.574053764343262	4.709449291229248	4.673816680908203
5	478	up	5.12763786315918	4.264665603637695	4.130006790161133	3.8248467445373535
5	479	to	2.7407917976379395	1.2842936515808105	0.7929793000221252	0.4023675322532654
5	480	her	6.340870380401611	6.304112911224365	3.4733564853668213	1.9413831233978271
5	481	bedroom	10.411551475524902	7.597261905670166	6.81050443649292	6.417069435119629
5	482	to	3.5935559272766113	2.5616278648376465	2.892982006072998	2.5136449337005615
5	483	check	7.383188247680664	6.162301540374756	4.376410484313965	4.294286251068115
5	484	the	2.832468032836914	1.9385297298431396	2.6826438903808594	3.0738227367401123
5	485	tank	9.916657447814941	9.510223388671875	9.769538879394531	8.485891342163086
5	486	again.	9.169214248657227	8.68569564819336	6.549824237823486	6.559748649597168
5	487	The	2.6737217903137207	2.439767599105835	2.2956578731536865	2.756162643432617
5	488	water	8.087892532348633	7.82076358795166	7.132312774658203	6.0595383644104
5	489	had	6.052608013153076	4.6319379806518555	4.231134414672852	4.131272315979004
5	490	settled	9.279001235961914	7.095287799835205	6.570400238037109	6.068915843963623
5	491	and	3.5288093090057373	4.092926979064941	3.3113980293273926	2.4213616847991943
5	492	looked	8.73189926147461	6.855493068695068	6.258997917175293	5.898947715759277
5	493	clear,	10.215648651123047	10.318655967712402	10.738014221191406	10.301300048828125
5	494	but	2.6626648902893066	2.8729248046875	2.180971384048462	1.8900792598724365
5	495	Abby	13.155633926391602	13.06503963470459	11.645401000976562	12.0152006149292
5	496	could	6.004204750061035	4.809334754943848	4.309398651123047	3.0819931030273438
5	497	not	3.865295886993408	2.2599539756774902	2.1592187881469727	2.1024258136749268
5	498	see	6.259698390960693	4.78218936920166	4.540220260620117	3.893608331680298
5	499	Mr.	8.788665771484375	8.209230422973633	7.900327682495117	7.564970970153809
5	500	Sticky.	16.412858963012695	16.72958755493164	16.20003318786621	16.340723037719727
5	501	Abby	12.154266357421875	11.583871841430664	11.598420143127441	11.335599899291992
5	502	kneeled	14.774611473083496	12.867491722106934	12.493128776550293	12.247095108032227
5	503	down	2.5496342182159424	1.0796401500701904	1.361057996749878	1.551672101020813
5	504	to	2.8821322917938232	1.430184006690979	1.4648810625076294	1.773517370223999
5	505	have	4.388607978820801	6.1675825119018555	6.6795525550842285	6.247884273529053
5	506	another	6.747279644012451	6.1956939697265625	5.640739917755127	5.221117973327637
5	507	look	7.512563705444336	5.511877536773682	5.005164623260498	4.442943572998047
5	508	in	3.2990665435791016	3.951371192932129	3.7553906440734863	4.3505449295043945
5	509	the	2.2516236305236816	1.2123465538024902	1.1091364622116089	0.9855759739875793
5	510	tank	9.916657447814941	9.487348556518555	7.8379034996032715	8.790886878967285
5	511	that	4.504508018493652	4.181201934814453	4.17503547668457	4.473214149475098
5	512	her	6.653284072875977	8.312407493591309	7.134024620056152	7.404149055480957
5	513	mom	9.22032356262207	6.204927444458008	5.479663848876953	5.444167137145996
5	514	had	5.41457462310791	3.753659963607788	2.2003657817840576	1.8532634973526
5	515	cleared	9.834376335144043	9.820656776428223	9.31976318359375	9.37238883972168
5	516	so	6.356173992156982	7.051673889160156	6.949808597564697	7.528219699859619
5	517	thoroughly,	12.154260635375977	9.512598991394043	8.941346168518066	8.367409706115723
5	518	but	2.4243123531341553	3.1413745880126953	3.503876209259033	2.8726806640625
5	519	Mr.	8.483355522155762	8.78853988647461	8.643648147583008	8.28271484375
5	520	Sticky	14.72819995880127	14.373281478881836	14.157569885253906	14.151937484741211
5	521	was	6.091466903686523	3.698547840118408	2.5070416927337646	2.8234729766845703
5	522	still	5.6678900718688965	5.09604549407959	5.226548194885254	4.786154747009277
5	523	nowhere	11.314783096313477	7.725431442260742	7.361209392547607	8.556303977966309
5	524	to	3.0304532051086426	1.4484529495239258	0.8548017740249634	0.5012805461883545
5	525	be	4.1436285972595215	1.236223816871643	0.21686308085918427	0.03751823678612709
5	526	found.	9.282110214233398	8.302772521972656	3.007939338684082	1.2161407470703125
5	527	Abby	12.233149528503418	12.968331336975098	12.591239929199219	12.469350814819336
5	528	was	4.217650890350342	2.6534616947174072	3.1314821243286133	2.809126615524292
5	529	a	3.061190605163574	2.9462177753448486	3.413745403289795	3.3118155002593994
5	530	bundle	10.14240837097168	9.739828109741211	10.656888961791992	9.528829574584961
5	531	of	2.741962194442749	0.33101698756217957	0.26256608963012695	0.10872967541217804
5	532	nerves	11.969207763671875	11.839396476745605	8.814916610717773	6.781688690185547
5	533	as	4.296957015991211	4.111715316772461	4.468613624572754	4.035850524902344
5	534	she	6.180377960205078	2.875882625579834	4.884268760681152	3.828577995300293
5	535	descended	11.180770874023438	8.12608528137207	7.458237171173096	7.609709739685059
5	536	the	2.8935604095458984	3.1724677085876465	2.351541519165039	1.1688107252120972
5	537	stairs.	12.941490173339844	9.864376068115234	3.3653793334960938	2.6898980140686035
5	538	In	3.9049134254455566	4.1618242263793945	4.343080997467041	4.666025161743164
5	539	the	2.414519786834717	1.3146278858184814	1.1407321691513062	1.0939061641693115
5	540	study,	9.743406295776367	7.270272254943848	8.362611770629883	8.361266136169434
5	541	surrounded	11.472612380981445	11.761273384094238	12.565271377563477	11.623882293701172
5	542	by	3.7818994522094727	0.05719250068068504	0.06863658875226974	0.029855836182832718
5	543	books	9.816680908203125	9.285102844238281	7.581808567047119	7.026054859161377
5	544	and	2.8231191635131836	1.5253076553344727	0.6408005356788635	0.7882628440856934
5	545	papers,	12.364283561706543	7.530428886413574	6.674860954284668	6.351589202880859
5	546	her	7.507750988006592	7.345441818237305	7.278869152069092	7.515983581542969
5	547	mom	9.22032356262207	6.5338592529296875	6.664307594299316	6.949639320373535
5	548	was	4.519640922546387	2.6591436862945557	3.0019261837005615	2.7344701290130615
5	549	working	7.420442581176758	5.8135223388671875	5.590732097625732	5.143493175506592
5	550	and	3.492021322250366	4.807188987731934	2.9537339210510254	3.168578624725342
5	551	she	6.636758804321289	6.981813430786133	4.160070419311523	2.3793792724609375
5	552	looked	6.829082012176514	5.012636184692383	5.491027355194092	4.933081150054932
5	553	impatient	12.847853660583496	10.379063606262207	10.355705261230469	10.756296157836914
5	554	when	5.533797264099121	3.5632829666137695	3.717345714569092	3.360445499420166
5	555	she	5.305711269378662	2.7417714595794678	2.1143546104431152	1.2488850355148315
5	556	saw	7.151843070983887	4.218212604522705	2.633385181427002	2.0082790851593018
5	557	Abby	13.252553939819336	12.12244987487793	11.802428245544434	11.649117469787598
5	558	in	4.000638008117676	3.5506906509399414	3.057798385620117	3.192472457885742
5	559	the	2.2516236305236816	1.7204608917236328	1.405228853225708	1.1025280952453613
5	560	doorway	11.7908296585083	10.470037460327148	8.91921329498291	6.725584030151367
5	561	and	3.0872604846954346	2.1304445266723633	2.3268771171569824	2.0817456245422363
5	562	even	6.189765930175781	7.069592475891113	7.3884711265563965	7.350082874298096
5	563	more	4.737868785858154	2.6312484741210938	3.769442319869995	4.269824028015137
5	564	worried	9.788464546203613	8.073657989501953	7.923028945922852	6.527371883392334
5	565	when	5.330636024475098	5.327687740325928	5.42506742477417	4.693560600280762
5	566	she	5.305711269378662	3.2123942375183105	3.821948528289795	3.0500681400299072
5	567	heard	7.391254425048828	4.883581638336182	3.4622182846069336	3.297550678253174
5	568	the	2.6586437225341797	1.9699079990386963	1.5935434103012085	1.6415214538574219
5	569	bad	8.292924880981445	7.399740695953369	8.153970718383789	8.206306457519531
5	570	news.	9.521207809448242	4.205561637878418	2.6251657009124756	2.130718231201172
5	571	'He'll	15.09682559967041	15.215381622314453	14.626276969909668	13.285256385803223
5	572	turn	5.467300891876221	5.749973773956299	5.701765060424805	5.585213661193848
5	573	up,'	15.154799461364746	9.089323997497559	6.597714900970459	4.8270063400268555
5	574	Mom	10.095460891723633	10.279398918151855	9.593695640563965	8.267810821533203
5	575	said,	7.23593807220459	2.2902519702911377	2.3839223384857178	2.312783718109131
5	576	and	3.704435348510742	3.272538900375366	2.732294797897339	2.810899496078491
5	577	that	4.750967979431152	3.082183599472046	4.04459285736084	5.083723545074463
5	578	was	4.685856819152832	3.636045217514038	3.193622350692749	1.9997191429138184
5	579	that.	9.122846603393555	9.876237869262695	6.233039855957031	4.720148086547852
5	580	Then,	7.516484260559082	7.496203899383545	7.175104141235352	7.0102081298828125
5	581	to	4.348443031311035	4.506893157958984	4.800218105316162	4.660272121429443
5	582	add	7.091534614562988	4.555634498596191	4.117997646331787	4.036506652832031
5	583	fuel	9.745327949523926	6.683468341827393	5.611684322357178	4.866257190704346
5	584	to	3.434903860092163	1.3245635032653809	0.10134463012218475	0.10795769095420837
5	585	the	2.6109485626220703	2.0728509426116943	0.9365713000297546	0.5846599340438843
5	586	flames,	12.999086380004883	12.054620742797852	11.146231651306152	7.005945205688477
5	587	she	5.365634918212891	4.382428169250488	4.442927360534668	5.1951422691345215
5	588	raised	8.432981491088867	6.232682228088379	6.0765910148620605	6.161287784576416
5	589	her	5.770435333251953	1.7824660539627075	0.33292630314826965	0.40718385577201843
5	590	tone	10.21944522857666	9.402324676513672	8.895560264587402	9.50221061706543
5	591	of	2.4921841621398926	2.9990103244781494	3.1739516258239746	3.1281588077545166
5	592	voice	9.667764663696289	6.901576519012451	1.3825761079788208	0.6336838603019714
5	593	and	2.9992499351501465	2.3514435291290283	1.5782965421676636	2.017810821533203
5	594	said	6.527550220489502	5.9322381019592285	8.157794952392578	7.895856857299805
5	595	dismissively,	13.415287017822266	12.822464942932129	11.284253120422363	11.189689636230469
5	596	'For	12.721527099609375	11.287267684936523	10.485888481140137	10.384488105773926
5	597	the	1.9656065702438354	2.0681257247924805	2.024533748626709	2.290088653564453
5	598	time	6.108946323394775	4.427262306213379	4.2383952140808105	3.741453170776367
5	599	being,	9.5985107421875	6.814510822296143	0.4268149733543396	0.5204494595527649
5	600	go	7.804590702056885	7.7416486740112305	7.8593573570251465	6.760246276855469
5	601	to	2.438727617263794	1.7738163471221924	1.924674153327942	1.7997746467590332
5	602	bed,	11.218521118164062	6.029611110687256	5.907062530517578	6.416985034942627
5	603	Abby.	15.85483455657959	16.47048568725586	15.766860008239746	17.891847610473633
5	604	I've	6.696549415588379	5.9644083976745605	6.045327186584473	5.861634731292725
5	605	got	3.281125545501709	3.583984375	2.2573704719543457	2.310258626937866
5	606	masses	11.351167678833008	12.846498489379883	14.034433364868164	15.172295570373535
5	607	of	2.529191493988037	0.19736234843730927	0.254702627658844	0.1799159198999405
5	608	work	7.36460018157959	7.975245952606201	6.493558406829834	5.702362060546875
5	609	to	3.0089492797851562	3.2721362113952637	3.342623710632324	1.7758268117904663
5	610	catch	8.376737594604492	6.877082347869873	7.918490886688232	7.193272113800049
5	611	up	5.176121711730957	1.4384019374847412	1.063694715499878	0.7897113561630249
5	612	on.'	14.227317810058594	12.47127914428711	12.154016494750977	12.531213760375977
5	613	Abby	12.452041625976562	12.627320289611816	12.472723007202148	12.456023216247559
5	614	had	5.094672203063965	4.183097839355469	3.796571969985962	3.8020682334899902
5	615	a	2.9772286415100098	2.562915325164795	2.4600026607513428	2.4082024097442627
5	616	quick	7.857995986938477	6.618156433105469	6.201772689819336	5.640690803527832
5	617	temper	11.35629940032959	10.216975212097168	7.125124931335449	7.799288749694824
5	618	and	2.9175031185150146	1.4402915239334106	1.8441804647445679	1.6306262016296387
5	619	she	6.636758804321289	6.610936164855957	6.602815628051758	6.099062919616699
5	620	was	3.420480251312256	2.177940845489502	2.038994073867798	2.151197671890259
5	621	angry	10.024717330932617	6.736112594604492	6.662178039550781	6.483033180236816
5	622	as	4.608901023864746	4.34212589263916	4.973387718200684	4.299264430999756
5	623	hell.	12.050929069519043	5.190533638000488	5.75398588180542	5.0678510665893555
5	624	'You've	13.548693656921387	13.276373863220215	12.346328735351562	11.126921653747559
5	625	hoovered	15.968293190002441	15.601387977600098	15.80924129486084	16.06850814819336
5	626	him	4.9172468185424805	4.944883823394775	4.635447978973389	5.011671543121338
5	627	up,	7.905361175537109	2.1942059993743896	2.265096664428711	2.1923394203186035
5	628	haven't	9.640589714050293	9.861469268798828	11.45581340789795	3.9517552852630615
5	629	you?'	16.201671600341797	7.863580703735352	7.9117536544799805	8.657054901123047
5	630	she	3.4270665645599365	3.421461582183838	3.221897602081299	3.255030870437622
5	631	said	5.919218063354492	2.72117018699646	2.6388349533081055	2.660919189453125
5	632	accusingly.	24.205774307250977	19.353729248046875	8.412506103515625	8.479842185974121
5	633	Abby's	14.261892318725586	15.09485149383545	14.56999683380127	14.32890510559082
5	634	mom	5.825200080871582	5.177117347717285	5.435483932495117	5.266116142272949
5	635	denied	9.880851745605469	8.52400016784668	7.3657660484313965	6.598764896392822
5	636	Abby's	15.361089706420898	14.130189895629883	11.075191497802734	7.605783462524414
5	637	version	7.551806449890137	7.504037857055664	6.997278213500977	6.359615802764893
5	638	of	2.277482032775879	0.17114001512527466	0.08882378786802292	0.10186441242694855
5	639	the	2.347175359725952	1.3196704387664795	1.5176812410354614	2.0701935291290283
5	640	story	7.420834064483643	7.028304100036621	6.087316513061523	1.9458590745925903
5	641	was	4.459687232971191	3.5006728172302246	3.546515464782715	3.5215749740600586
5	642	true	8.444969177246094	6.872604846954346	6.076292037963867	6.9283881187438965
5	643	and	3.369058609008789	2.8923964500427246	1.6257946491241455	1.4250457286834717
5	644	said	6.527550220489502	8.38197135925293	6.156397819519043	6.054623603820801
5	645	that	3.348794460296631	1.7689766883850098	1.742018222808838	1.4378631114959717
5	646	she	6.105948448181152	3.530642509460449	2.8971107006073	2.9130170345306396
5	647	was	3.420480251312256	1.8710832595825195	1.772576928138733	1.7336089611053467
5	648	careful,	13.41579532623291	11.224699020385742	11.796477317810059	12.239638328552246
5	649	but	2.103421211242676	1.9670941829681396	1.8123723268508911	1.945523977279663
5	650	because	6.087528228759766	5.835369110107422	6.001406669616699	6.175940036773682
5	651	Mr.	8.140023231506348	8.039938926696777	7.75395393371582	7.587543487548828
5	652	Sticky	14.72819995880127	14.521011352539062	14.30386734008789	14.223051071166992
5	653	was	6.091466903686523	3.698547840118408	2.0657706260681152	2.0991454124450684
5	654	so	5.369146347045898	5.130904197692871	5.074250221252441	5.095098495483398
5	655	small	7.709254741668701	5.408163070678711	5.763298988342285	7.603598117828369
5	656	he	7.498950958251953	5.076504230499268	4.1242756843566895	3.156174659729004
5	657	was	3.423234701156616	3.214977264404297	2.4516992568969727	2.742705821990967
5	658	hard	7.372202396392822	9.021369934082031	7.435173988342285	7.67093563079834
5	659	to	2.4250597953796387	0.4424331784248352	1.477268099784851	0.7097494006156921
5	660	see.	9.575881958007812	6.86068058013916	5.951709747314453	5.291752815246582
5	661	'What's	12.555868148803711	12.165822982788086	12.213201522827148	11.840577125549316
5	662	wrong	3.026718854904175	2.8170504570007324	2.8534722328186035	2.6888017654418945
5	663	with	4.278371810913086	0.10396513342857361	0.1223331093788147	0.13147401809692383
5	664	being	6.483375072479248	5.755694389343262	5.230374813079834	5.204493999481201
5	665	small?'	19.785171508789062	20.08234214782715	18.267532348632812	9.455058097839355
5	666	'Nothing	10.008109092712402	10.017504692077637	9.578425407409668	9.92175006866455
5	667	at	4.357132911682129	2.636437177658081	2.6926050186157227	2.9069414138793945
5	668	all,	7.1651611328125	3.100682020187378	3.2639575004577637	3.179187536239624
5	669	but	2.1159582138061523	2.3352160453796387	3.2444241046905518	3.0944271087646484
5	670	it	4.478124141693115	2.8838067054748535	2.92136812210083	4.080863952636719
5	671	makes	6.461623668670654	4.69550895690918	4.743533134460449	4.719097137451172
5	672	things	6.985994338989258	5.315886497497559	5.213516712188721	5.047603130340576
5	673	hard	8.544207572937012	4.960257053375244	4.764484882354736	4.705533504486084
5	674	to	2.4250597953796387	0.5522773265838623	2.226858139038086	0.8911884427070618
5	675	find.'	17.57807731628418	13.193427085876465	11.774323463439941	12.740188598632812
5	676	'Or	10.431146621704102	10.500688552856445	10.642203330993652	11.073137283325195
5	677	notice,'	17.832372665405273	15.274150848388672	14.144449234008789	14.900981903076172
5	678	Abby	11.864956855773926	12.22604751586914	9.968586921691895	9.939534187316895
5	679	said,	7.43813943862915	2.9595322608947754	3.064000368118286	2.716987133026123
5	680	suddenly	9.960931777954102	10.020118713378906	7.072199821472168	7.110818386077881
5	681	feeling	9.062849044799805	4.492102146148682	3.807415723800659	3.605851650238037
5	682	like	5.3692755699157715	2.3235859870910645	2.980409622192383	2.936992645263672
5	683	the	2.576240301132202	2.8502397537231445	2.983058214187622	2.954169988632202
5	684	small,	10.796778678894043	10.716525077819824	11.205096244812012	10.956351280212402
5	685	overlooked	11.551033020019531	9.57669734954834	10.035161018371582	9.687777519226074
5	686	Mr.	8.738546371459961	13.090015411376953	11.90108871459961	11.667740821838379
5	687	Sticky	14.72819995880127	14.771617889404297	13.929133415222168	13.68714714050293
5	688	herself	11.231094360351562	9.854894638061523	10.242734909057617	10.411154747009277
5	689	and	2.8712196350097656	2.5320422649383545	2.997713565826416	2.1516997814178467
5	690	storming	12.887706756591797	12.82977294921875	11.296648979187012	13.990519523620605
5	691	from	3.863617420196533	4.7267351150512695	4.21082878112793	4.429006099700928
5	692	the	2.1682446002960205	1.5652401447296143	1.4718462228775024	1.1202704906463623
5	693	room.	9.636777877807617	9.347031593322754	11.395028114318848	8.368804931640625
5	694	The	2.542816162109375	2.573296070098877	2.5068116188049316	2.3088793754577637
5	695	door	8.665645599365234	5.476740837097168	4.780391693115234	4.486176490783691
5	696	to	2.9470818042755127	1.6160359382629395	1.94236421585083	2.314892530441284
5	697	the	2.6109485626220703	1.709144949913025	0.7786165475845337	0.3567347824573517
5	698	bedroom	10.585409164428711	9.40556526184082	6.527368545532227	4.95701789855957
5	699	opened	10.06960678100586	8.9476318359375	9.373516082763672	8.770408630371094
5	700	a	3.173584461212158	4.059447765350342	4.1348466873168945	3.236926794052124
5	701	few	6.295514106750488	4.601865768432617	3.4484896659851074	3.3542754650115967
5	702	minutes	7.607523441314697	3.6819605827331543	3.067451000213623	2.3806724548339844
5	703	later	8.33883285522461	4.475052833557129	3.615600824356079	2.364107131958008
5	704	and	3.527315378189087	2.4235565662384033	2.5311319828033447	2.176028251647949
5	705	Mom's	13.606542587280273	14.129514694213867	12.916733741760254	13.014228820800781
5	706	face	5.840740203857422	5.283431529998779	4.413234233856201	3.294189214706421
5	707	appeared.	12.08151626586914	8.080986022949219	8.365325927734375	7.476892471313477
5	708	She	3.881352186203003	3.223440408706665	2.090069055557251	2.2179160118103027
5	709	was	3.3951945304870605	2.300699472427368	2.3381989002227783	2.412461757659912
5	710	there	5.989757061004639	5.602846622467041	5.8573832511901855	6.545565605163574
5	711	to	3.2298405170440674	2.0002574920654297	1.6407842636108398	1.4355008602142334
5	712	try	6.765948295593262	5.1958909034729	5.467901706695557	5.707896709442139
5	713	to	2.0866336822509766	0.9241613745689392	1.315547227859497	0.9377320408821106
5	714	make	5.160298824310303	3.4041996002197266	3.2054319381713867	2.9444196224212646
5	715	up	5.366341590881348	4.293534755706787	4.789798259735107	4.270196914672852
5	716	for	3.9051244258880615	1.9765011072158813	0.48393768072128296	0.4720226228237152
5	717	having	7.306029319763184	8.41175651550293	5.319862365722656	5.47734260559082
5	718	been	5.078187942504883	3.726073980331421	3.171719551086426	2.981553316116333
5	719	insensitive	12.10045051574707	11.850815773010254	11.324517250061035	11.236955642700195
5	720	earlier.	11.737082481384277	12.755000114440918	11.104531288146973	10.70191478729248
5	721	She	4.853390693664551	4.423834800720215	4.055887222290039	3.8480846881866455
5	722	had	4.151407241821289	3.3724279403686523	3.2380166053771973	3.4026966094970703
5	723	put	6.613816261291504	5.853078365325928	6.0479960441589355	6.125903606414795
5	724	her	5.6094231605529785	4.120057106018066	2.1195592880249023	2.079591989517212
5	725	work	6.946038722991943	7.43497896194458	7.077547073364258	6.837047576904297
5	726	on	3.735714912414551	3.083524227142334	2.747610569000244	2.4200868606567383
5	727	the	2.1509437561035156	1.5270949602127075	1.248926043510437	1.7043966054916382
5	728	back	7.138976573944092	5.398751735687256	6.29008150100708	7.2356791496276855
5	729	burner	13.148249626159668	6.760239601135254	4.946911811828613	3.801135778427124
5	730	and	3.1454925537109375	2.278754949569702	2.59972882270813	2.3320109844207764
5	731	occupied	10.385921478271484	11.630021095275879	11.463006973266602	11.276450157165527
5	732	herself	9.817706108093262	8.774694442749023	7.8033857345581055	7.368210315704346
5	733	with	4.2036638259887695	2.4484195709228516	0.5556259155273438	0.41447725892066956
5	734	Sticky.	17.59974479675293	16.42162322998047	18.638368606567383	20.539695739746094
5	735	Abby,	14.962703704833984	15.173664093017578	12.80782413482666	13.394538879394531
5	736	who	2.1758275032043457	2.4286184310913086	2.302324056625366	2.058384418487549
5	737	was	4.020085334777832	2.030411720275879	2.0759124755859375	1.9851222038269043
5	738	breathing	11.038589477539062	10.027766227722168	10.510627746582031	9.40704345703125
5	739	fire	8.920510292053223	6.52689266204834	6.589546203613281	7.712459564208984
5	740	all	5.8454718589782715	5.598982810974121	4.006511688232422	4.360342979431152
5	741	on	4.9600725173950195	5.450675964355469	5.937435626983643	6.688801288604736
5	742	account	8.458603858947754	6.506647109985352	7.173861503601074	7.796808242797852
5	743	of	2.6055636405944824	0.07988621294498444	0.06976082921028137	0.07192987948656082
5	744	the	2.347175359725952	1.608018398284912	1.317419171333313	1.4710875749588013
5	745	little	7.1267242431640625	8.34877872467041	8.575813293457031	7.912898540496826
5	746	snail,	15.472484588623047	13.684318542480469	13.384271621704102	12.72992992401123
5	747	tried	9.830522537231445	9.26927375793457	9.000764846801758	9.272329330444336
5	748	to	1.998463749885559	0.5901613235473633	0.5285637378692627	0.41928309202194214
5	749	ignore	9.096953392028809	6.674225330352783	6.4068403244018555	6.624155521392822
5	750	her,	8.446212768554688	6.358075141906738	5.1616692543029785	3.680570602416992
5	751	but	3.325228452682495	2.03330659866333	2.273641586303711	1.8448847532272339
5	752	it	4.478124141693115	3.3018507957458496	3.2832486629486084	3.3614933490753174
5	753	was	3.875565528869629	2.110074281692505	1.3066160678863525	1.5429539680480957
5	754	hard	7.372202396392822	5.787392616271973	5.004984378814697	4.225634574890137
5	755	when	5.8020124435424805	5.889337062835693	6.313297748565674	6.079351425170898
5	756	Mom	10.846389770507812	10.17782211303711	9.103062629699707	8.853747367858887
5	757	walked	9.345145225524902	7.678517818450928	7.218376159667969	6.710512161254883
5	758	over	5.459323406219482	3.1013734340667725	4.56434965133667	3.5199460983276367
5	759	to	3.5416836738586426	0.7955675721168518	0.7142446041107178	0.691621720790863
5	760	the	2.6109485626220703	1.8187123537063599	1.8670871257781982	1.6377227306365967
5	761	bed	9.619369506835938	9.014886856079102	7.942513465881348	5.417483806610107
5	762	and	2.6907174587249756	1.8333652019500732	1.8822638988494873	1.346017837524414
5	763	sat	9.571342468261719	5.656480312347412	5.398292064666748	5.475186824798584
5	764	next	7.215025424957275	3.8467111587524414	4.1674604415893555	4.569538116455078
5	765	to	3.226144790649414	0.011292550712823868	0.004864145070314407	0.005310099106281996
5	766	her.	8.787799835205078	5.1982951164245605	3.893813133239746	4.101558208465576
5	767	Mom,	11.88906478881836	12.268518447875977	12.29686164855957	12.238303184509277
5	768	who	2.971944808959961	2.7735226154327393	2.4065420627593994	2.490034580230713
5	769	Abby	13.18731689453125	14.186958312988281	14.40656566619873	14.54114055633545
5	770	still	7.719273567199707	7.6802239418029785	6.014711856842041	5.130779266357422
5	771	strained	12.186275482177734	11.316495895385742	12.557073593139648	13.134714126586914
5	772	to	3.4165070056915283	2.5535454750061035	1.3832287788391113	1.3001320362091064
5	773	remain	7.513010025024414	7.188138961791992	6.796879768371582	5.640091419219971
5	774	upset	10.641674995422363	10.53577709197998	9.922624588012695	10.19532585144043
5	775	with,	10.581247329711914	8.488157272338867	8.844679832458496	9.39865779876709
5	776	had	7.240850448608398	6.888758659362793	7.607383728027344	7.640479564666748
5	777	gone	7.371245384216309	5.398403644561768	5.402070045471191	5.661799907684326
5	778	out	4.82279634475708	3.275723457336426	3.2369141578674316	3.353118896484375
5	779	to	2.9914560317993164	1.945337176322937	1.9413293600082397	1.9491095542907715
5	780	find	6.090666770935059	5.082230567932129	4.290095329284668	4.411445140838623
5	781	her	6.113923072814941	5.595644474029541	5.213282585144043	3.7894864082336426
5	782	glasses	10.935407638549805	10.35683822631836	10.17343807220459	9.938331604003906
5	783	in	3.309852123260498	3.0866591930389404	2.8343968391418457	2.514695167541504
5	784	order	6.852506160736084	4.3725152015686035	3.557785987854004	3.8154048919677734
5	785	to	2.372631549835205	0.07205632328987122	0.04231686145067215	0.060296595096588135
5	786	search	7.968448638916016	6.860101699829102	7.677456378936768	7.802929878234863
5	787	for	3.5073537826538086	0.6754860281944275	0.8731076717376709	0.5257628560066223
5	788	Sticky	14.226275444030762	13.612988471984863	14.026930809020996	14.491455078125
5	789	more	9.065631866455078	10.374566078186035	10.490214347839355	10.465526580810547
5	790	effectively.	11.46580696105957	8.287485122680664	5.925260543823242	7.709444999694824
5	791	'This	11.327479362487793	11.530302047729492	11.402803421020508	11.94919490814209
5	792	is	0.8645150661468506	1.0099024772644043	0.9708806276321411	0.9647210836410522
5	793	my	6.195427417755127	3.400576591491699	4.202409744262695	4.121585845947266
5	794	new	5.7971673011779785	5.469446659088135	4.811040878295898	5.233152389526367
5	795	and	4.001640319824219	5.811371326446533	6.167484283447266	6.374306678771973
5	796	extra	9.099242210388184	7.37714958190918	8.335058212280273	8.351048469543457
5	797	powerful	8.935302734375	7.957352638244629	4.61370325088501	5.0895795822143555
5	798	pair	9.014862060546875	8.049570083618164	10.25118637084961	9.089090347290039
5	799	I	6.10233211517334	8.468504905700684	8.797104835510254	8.958450317382812
5	800	have	3.6506552696228027	2.4606173038482666	2.115597724914551	2.3606650829315186
5	801	for	4.913875579833984	6.175408840179443	3.6617541313171387	4.349820137023926
5	802	important	8.378211975097656	10.19398307800293	9.894700050354004	10.342813491821289
5	803	occasions	11.487688064575195	7.900851249694824	6.615317344665527	6.378064155578613
5	804	like	6.145696640014648	4.8782758712768555	3.6384432315826416	4.251955032348633
5	805	snail	13.659319877624512	12.976788520812988	14.172134399414062	13.511319160461426
5	806	hunting,'	19.37718391418457	15.985867500305176	15.09227466583252	13.60129451751709
5	807	she	3.1677329540252686	3.025904417037964	2.9021403789520264	2.7359588146209717
5	808	said.	5.750641822814941	1.2890963554382324	1.3871269226074219	1.3008041381835938
5	809	She	5.083942890167236	3.305224895477295	4.302704811096191	4.225815296173096
5	810	smiled	9.740316390991211	7.20973539352417	7.709611415863037	8.344746589660645
5	811	at	4.03610897064209	1.5141468048095703	1.872175931930542	1.8426711559295654
5	812	Abby,	15.668679237365723	13.25504207611084	11.909919738769531	11.978777885437012
5	813	trying	8.458703994750977	7.279694080352783	6.005247592926025	5.769845008850098
5	814	to	1.7185797691345215	0.12332899868488312	0.10704367607831955	0.17880460619926453
5	815	butter	10.956268310546875	11.216435432434082	10.595406532287598	10.789093017578125
5	816	her	7.181267738342285	5.493393421173096	4.270486831665039	1.7247227430343628
5	817	up,	8.578177452087402	5.955172538757324	4.594540596008301	3.4002490043640137
5	818	but	2.703233242034912	2.8494315147399902	2.7776849269866943	1.860055685043335
5	819	Abby	13.155633926391602	12.83841323852539	11.343290328979492	12.381365776062012
5	820	didn't	6.960820198059082	4.523306846618652	3.228623867034912	2.68477725982666
5	821	smile	9.563857078552246	8.334736824035645	8.007373809814453	8.478286743164062
5	822	back.	8.708971977233887	4.9427876472473145	4.690764904022217	4.366212844848633
5	823	Abby	11.679871559143066	11.114555358886719	11.183172225952148	10.200262069702148
5	824	believed	9.324746131896973	7.484795570373535	8.046113014221191	7.500837326049805
5	825	her	6.441354751586914	3.3125433921813965	2.9881463050842285	2.797309398651123
5	826	mom's	11.251758575439453	9.010137557983398	8.714205741882324	8.440638542175293
5	827	idea	7.502997398376465	7.0202836990356445	7.006067276000977	6.139651298522949
5	828	would	5.758213996887207	6.532607555389404	6.2410078048706055	4.985737323760986
5	829	not	3.8364579677581787	3.6171154975891113	4.018741130828857	4.223440170288086
5	830	succeed,	12.058136940002441	8.957479476928711	8.428647994995117	8.15636157989502
5	831	but	2.127509355545044	2.4286699295043945	2.265050172805786	2.2702040672302246
5	832	then	5.818209648132324	4.4963579177856445	4.621588706970215	4.810545921325684
5	833	she	5.989041328430176	3.9771785736083984	3.7649219036102295	4.2712860107421875
5	834	had	4.2017951011657715	3.355769634246826	3.5215609073638916	3.4391274452209473
5	835	an	4.7620954513549805	4.714565277099609	4.243203163146973	4.0611114501953125
5	836	idea	7.144452095031738	4.221630096435547	4.072461128234863	3.332573413848877
5	837	of	2.5127899646759033	1.5481276512145996	1.784130334854126	1.3927079439163208
5	838	her	6.009273529052734	6.365898609161377	6.141085624694824	5.870426654815674
5	839	own.	9.55495834350586	5.437068939208984	6.94975471496582	3.6209449768066406
5	840	'I've	12.163984298706055	10.889887809753418	10.839264869689941	10.66698169708252
5	841	got	1.6955697536468506	1.8538496494293213	2.063931703567505	2.003876209259033
5	842	a	2.9804909229278564	1.5784238576889038	1.758908987045288	1.7214738130569458
5	843	magnifying	11.027667045593262	10.856244087219238	10.927826881408691	10.85083293914795
5	844	glass,'	13.713384628295898	9.489434242248535	8.763545036315918	3.7668230533599854
5	845	Abby	10.856195449829102	11.812816619873047	11.523308753967285	11.189281463623047
5	846	suddenly	9.643943786621094	7.525704383850098	8.34239387512207	8.510354995727539
5	847	remembered	9.497400283813477	5.970252990722656	5.0799880027771	5.100621700286865
5	848	and	3.595642328262329	4.639098644256592	5.055181980133057	3.169675827026367
5	849	rushed	10.879979133605957	10.624935150146484	7.359508037567139	5.9550676345825195
5	850	off	6.412109375	3.9810385704040527	3.916886806488037	3.810323476791382
5	851	to	3.0373077392578125	2.199352979660034	1.0092473030090332	0.9140965938568115
5	852	find	6.090666770935059	5.429687976837158	4.868556976318359	3.61527681350708
5	853	it.	6.692404270172119	5.793467044830322	5.3099365234375	6.067109107971191
5	854	On	5.719252586364746	5.782848358154297	5.442618370056152	5.3247175216674805
5	855	the	2.2401700019836426	1.1988201141357422	1.1630663871765137	1.1413958072662354
5	856	floor	9.772116661071777	7.664778709411621	7.620341777801514	7.658530235290527
5	857	beside	10.099700927734375	7.67836332321167	6.291010856628418	5.932029724121094
5	858	each	6.876060485839844	6.297072410583496	5.842458724975586	5.9460625648498535
5	859	other	5.761356353759766	1.0917547941207886	1.8653364181518555	1.6118154525756836
5	860	they	6.452269077301025	7.504693031311035	5.993782043457031	7.365839004516602
5	861	sat,	12.714950561523438	11.5414457321167	11.675714492797852	9.606855392456055
5	862	shuffling	8.519904136657715	8.62844467163086	9.299345016479492	8.870627403259277
5	863	around	2.6729636192321777	2.958022356033325	2.5478127002716064	2.660750150680542
5	864	the	2.13470721244812	1.874393105506897	1.673768401145935	1.8115019798278809
5	865	tank,	11.698213577270508	11.140379905700684	9.618842124938965	10.392560958862305
5	866	looking	7.886049270629883	7.289588928222656	5.801551818847656	3.911848306655884
5	867	all	5.3559160232543945	6.390693187713623	6.4272050857543945	6.375697135925293
5	868	over	6.366231918334961	0.6520443558692932	2.628296375274658	2.398500442504883
5	869	the	2.3967325687408447	0.5440848469734192	0.8374541997909546	0.8075369596481323
5	870	place	7.375999927520752	7.021873474121094	3.127488851547241	2.0138046741485596
5	871	and	3.2065629959106445	3.717139959335327	2.3946449756622314	1.7653822898864746
5	872	peering	12.365737915039062	13.685661315917969	13.695889472961426	12.074824333190918
5	873	into	2.201880931854248	1.3262553215026855	1.3961141109466553	1.6424226760864258
5	874	the	2.043440341949463	0.9593185186386108	0.8574537634849548	0.8120582699775696
5	875	corners	10.759931564331055	8.987886428833008	6.954744338989258	6.8536176681518555
5	876	among	7.930304527282715	10.26408576965332	10.189552307128906	10.175511360168457
5	877	the	2.1298060417175293	0.946994423866272	0.8666893839836121	0.9178264141082764
5	878	big	6.988163471221924	6.129297256469727	6.276279449462891	6.373432159423828
5	879	pebbles	13.834175109863281	12.883031845092773	14.227805137634277	12.49075984954834
5	880	and	1.8920085430145264	2.2188761234283447	2.293959140777588	2.6584880352020264
5	881	the	3.0785820484161377	4.6079301834106445	4.076232433319092	2.549687623977661
5	882	pond	12.03245735168457	11.332298278808594	8.943986892700195	8.425683975219727
5	883	weed.	13.387358665466309	13.27927017211914	12.544967651367188	10.428897857666016
5	884	Abby	12.420167922973633	12.474874496459961	12.171142578125	12.253704071044922
5	885	tried	8.310959815979004	5.770251750946045	5.619499206542969	5.321896553039551
5	886	to	1.998463749885559	0.2127501368522644	0.3900364339351654	0.3493846356868744
5	887	imagine,	12.245660781860352	10.908587455749512	12.315206527709961	11.879921913146973
5	888	if	3.7470014095306396	4.043838024139404	4.357324600219727	4.415763854980469
5	889	she	5.698894500732422	4.3655829429626465	4.302409648895264	3.89485764503479
5	890	were	5.239740371704102	3.8919830322265625	2.5576565265655518	2.0232486724853516
5	891	Sticky,	17.614822387695312	19.622575759887695	19.228515625	18.802278518676758
5	892	a	3.4857795238494873	3.0137386322021484	3.8268001079559326	4.8899126052856445
5	893	little	6.145646095275879	5.617498397827148	5.298975944519043	4.316357612609863
5	894	water	7.8344526290893555	8.080424308776855	7.347115516662598	8.163066864013672
5	895	snail,	15.377199172973633	16.093637466430664	15.882967948913574	12.582509994506836
5	896	where	6.195733547210693	6.406359672546387	6.444425582885742	6.4275922775268555
5	897	would	6.108827114105225	7.507086277008057	8.156421661376953	6.957608222961426
5	898	she	6.757451057434082	5.565100193023682	4.206814289093018	4.115845680236816
5	899	hide	10.375984191894531	7.563616752624512	7.513391971588135	6.362192630767822
5	900	out?	12.013010025024414	10.224992752075195	6.9779052734375	6.303801536560059
5	901	At	6.189072132110596	6.149631500244141	6.035809516906738	5.827875137329102
5	902	one	5.292905330657959	4.295191764831543	4.044329643249512	4.064757347106934
5	903	point	7.171633243560791	1.0252244472503662	0.7668293118476868	0.7167503833770752
5	904	she	6.620405197143555	6.522147178649902	3.55863356590271	3.309100389480591
5	905	thought	6.840832710266113	5.588070869445801	5.13414192199707	6.006713390350342
5	906	she	6.0714216232299805	2.399188995361328	1.4672006368637085	2.058669328689575
5	907	saw	7.151843070983887	5.194252967834473	4.12217903137207	4.530488014221191
5	908	him,	9.020563125610352	5.3255133628845215	5.276735305786133	5.8131561279296875
5	909	but	2.955024003982544	3.051011800765991	3.17512845993042	2.3274154663085938
5	910	it	4.478123664855957	3.111873149871826	3.1376006603240967	3.3499579429626465
5	911	wasn't	7.279474258422852	4.127361297607422	3.0615224838256836	2.5294597148895264
5	912	the	2.7853775024414062	3.1713736057281494	3.3150382041931152	3.2377564907073975
5	913	water	7.943147659301758	9.682024955749512	9.160021781921387	9.017109870910645
5	914	snail.	16.0013427734375	15.988879203796387	16.50196647644043	17.035633087158203
5	915	It	3.0708823204040527	3.0123987197875977	2.8418760299682617	1.3985204696655273
5	916	was	3.412656545639038	2.276596784591675	2.011216878890991	2.100524663925171
5	917	a	3.061190605163574	2.0511252880096436	2.3058581352233887	2.4386579990386963
5	918	large	6.534195899963379	5.957123756408691	6.235971927642822	4.847112655639648
5	919	speck	11.706070899963379	10.8611421585083	9.92844009399414	9.701485633850098
5	920	of	1.5591375827789307	0.7066367268562317	0.6918914914131165	0.9893564581871033
5	921	dust	10.741506576538086	3.7755839824676514	3.289478302001953	3.2228212356567383
5	922	that	4.057308673858643	3.3681578636169434	2.6237025260925293	2.5241332054138184
5	923	was	4.685856819152832	3.022472381591797	3.3150439262390137	2.928276777267456
5	924	deceptively	11.030783653259277	11.93612003326416	13.087813377380371	14.008795738220215
5	925	bobbing	13.421985626220703	14.935977935791016	15.383719444274902	13.229045867919922
5	926	around	4.137186050415039	2.238539218902588	1.7506624460220337	1.7484649419784546
5	927	in	3.783773899078369	1.298288106918335	1.4591420888900757	1.364115834236145
5	928	the	2.2516236305236816	1.326235055923462	1.4845056533813477	1.3514196872711182
5	929	water	7.943147659301758	7.53737211227417	7.632195949554443	4.930782318115234
5	930	like	6.596461296081543	6.807984352111816	6.173673629760742	5.199247360229492
5	931	a	3.1030328273773193	2.5812792778015137	1.5340584516525269	1.509739875793457
5	932	live	7.621315956115723	8.07291316986084	8.56280517578125	8.881759643554688
5	933	animal.	12.928727149963379	8.601146697998047	5.782621383666992	4.226210117340088
5	934	They	3.584890842437744	3.5658962726593018	3.7474002838134766	3.9126319885253906
5	935	were	4.150579929351807	2.55076003074646	2.720494031906128	2.6581602096557617
5	936	ready	7.934507846832275	6.771862030029297	7.178263187408447	7.160439968109131
5	937	to	1.7978034019470215	0.3540700376033783	0.43868735432624817	0.4090143144130707
5	938	call	6.799442768096924	5.686440467834473	5.7278642654418945	5.8088202476501465
5	939	it	4.2422380447387695	2.1081807613372803	2.176290512084961	2.4148497581481934
5	940	quits,	13.557357788085938	8.394518852233887	6.36338996887207	4.471399784088135
5	941	when	5.71664571762085	5.895925045013428	5.690410614013672	5.570916175842285
5	942	suddenly	9.017168998718262	6.674647331237793	6.054812431335449	6.743683815002441
5	943	Mom	12.87940788269043	10.53921127319336	11.021080017089844	10.137754440307617
5	944	cried,	12.476974487304688	9.343912124633789	9.488018989562988	9.096406936645508
5	945	'Ah	10.286445617675781	12.268814086914062	11.670805931091309	11.325206756591797
5	946	ha!'	8.061305046081543	5.862675666809082	5.355508327484131	6.4843549728393555
5	947	Tucked	13.923681259155273	14.194652557373047	13.912771224975586	14.053548812866211
5	948	in	1.833966851234436	2.0778942108154297	2.16017484664917	3.0777456760406494
5	949	a	3.1250689029693604	2.530757188796997	2.088441848754883	2.1843085289001465
5	950	curve	10.528562545776367	10.383352279663086	7.921317100524902	9.386289596557617
5	951	of	3.098428249359131	2.2296042442321777	2.3110859394073486	2.3609063625335693
5	952	the	2.347175359725952	1.4241480827331543	2.612945556640625	3.2895686626434326
5	953	archway,	16.846214294433594	16.16672134399414	14.575862884521484	14.161900520324707
5	954	perfectly	10.78885555267334	11.032596588134766	10.884735107421875	9.992225646972656
5	955	hidden	9.419780731201172	5.995348930358887	6.060268402099609	6.033322334289551
5	956	against	7.219443321228027	7.737398147583008	6.822280406951904	6.89115571975708
5	957	a	3.1214587688446045	2.8097164630889893	2.086052656173706	2.0805797576904297
5	958	pitch	9.914933204650879	9.543343544006348	10.288679122924805	9.591691017150879
5	959	dark	10.202634811401367	9.758071899414062	12.016012191772461	5.750429153442383
5	960	stone,	11.51959228515625	10.569550514221191	9.442110061645508	11.294166564941406
5	961	sat	8.349669456481934	7.896342754364014	7.827428817749023	7.207837104797363
5	962	Mr.	8.99273681640625	12.796183586120605	12.581291198730469	11.744486808776855
5	963	Sticky,	16.0018253326416	16.219711303710938	15.425686836242676	15.391958236694336
5	964	safe	10.634167671203613	12.643718719482422	11.94871711730957	11.561453819274902
5	965	and	2.921321392059326	1.8450653553009033	2.316505193710327	1.5219839811325073
5	966	sound.	11.205037117004395	6.413928031921387	4.605352401733398	1.8935823440551758
5	967	'You,	15.516600608825684	17.004840850830078	17.36393928527832	18.39590835571289
5	968	I	4.313146114349365	4.072600364685059	4.495302200317383	4.4520792961120605
5	969	can	4.702664375305176	4.547442436218262	4.280494213104248	4.390021800994873
5	970	always	6.431008815765381	5.345580101013184	5.040275573730469	5.194128513336182
5	971	count	9.16604995727539	5.025323867797852	2.798473358154297	2.9475436210632324
5	972	on,'	16.132537841796875	12.640777587890625	12.90475082397461	10.731188774108887
5	973	Abby	11.602632522583008	12.023473739624023	11.639562606811523	11.526479721069336
5	974	said	6.156314849853516	3.390331745147705	3.425790786743164	3.353337287902832
5	975	to	3.1663568019866943	4.096561431884766	2.5450029373168945	2.5256552696228027
5	976	her	6.340870380401611	4.380133628845215	2.6923892498016357	2.315540313720703
5	977	mom,	10.910259246826172	8.05759048461914	7.845263481140137	7.060297966003418
5	978	with	5.150312900543213	5.818821430206299	5.960743427276611	6.123220443725586
5	979	relief.	12.151514053344727	12.689128875732422	12.064647674560547	12.025402069091797
5	980	Then	5.997433662414551	5.765203952789307	4.940621852874756	4.948620319366455
5	981	she	5.797662734985352	3.4378719329833984	3.2197494506835938	1.4714956283569336
5	982	noticed	8.978744506835938	6.279754161834717	5.887872219085693	6.000631809234619
5	983	another	6.696413040161133	6.167101860046387	5.806146621704102	5.301745891571045
5	984	water	8.312192916870117	8.27381706237793	8.374151229858398	8.213485717773438
5	985	snail	13.559887886047363	12.26947021484375	11.020814895629883	10.458205223083496
5	986	was	4.7335662841796875	4.002167701721191	3.8796911239624023	5.388323783874512
5	987	right	7.148072719573975	7.650081634521484	8.549478530883789	8.536049842834473
5	988	next	7.0246992111206055	4.704127311706543	2.7608277797698975	2.6684248447418213
5	989	to	3.226145029067993	0.32055628299713135	0.24495038390159607	0.10486555099487305
5	990	Sticky	14.885943412780762	14.439933776855469	13.580775260925293	15.043290138244629
5	991	and	3.696815013885498	3.8702664375305176	3.1356728076934814	3.421523332595825
5	992	asked	8.237289428710938	8.662728309631348	8.434025764465332	8.416128158569336
5	993	where	6.219205856323242	5.481992721557617	5.156215667724609	5.075943946838379
5	994	this	4.975849151611328	4.008270263671875	4.639540672302246	4.847970485687256
5	995	new	5.990866661071777	4.514547348022461	4.278801441192627	4.0112409591674805
5	996	addition	8.524046897888184	6.960209846496582	6.532932758331299	6.861322402954102
5	997	to	2.2452120780944824	0.3363552391529083	0.6278200149536133	1.1940820217132568
5	998	the	2.6109485626220703	1.4185389280319214	0.7882131338119507	0.7608247995376587
5	999	family	7.1533918380737305	7.08604097366333	8.176912307739258	5.765109062194824
5	1000	could	6.286700248718262	6.054254531860352	7.246847629547119	8.623785018920898
5	1001	have	3.357830286026001	2.544581413269043	2.325200080871582	2.386502742767334
5	1002	come	6.111520767211914	5.11629581451416	5.133335113525391	5.528981685638428
5	1003	from.	7.278057098388672	6.208891868591309	7.53468132019043	7.600152969360352
5	1004	'I'm	11.14854621887207	11.042068481445312	10.891974449157715	10.591032028198242
5	1005	beginning	8.140079498291016	7.7239274978637695	7.943815231323242	7.77053165435791
5	1006	to	2.7294023036956787	0.10863497108221054	0.06417281925678253	0.07171337306499481
5	1007	suspect	9.703044891357422	7.0792365074157715	4.507880210876465	4.329653739929199
5	1008	the	3.2224438190460205	2.5300493240356445	2.376497268676758	3.046581506729126
5	1009	pond	12.03245735168457	12.229347229003906	12.641093254089355	12.121593475341797
5	1010	weed	11.599577903747559	11.599571228027344	10.558355331420898	10.598690032958984
5	1011	is	3.912339687347412	3.112513303756714	2.6415748596191406	2.0042836666107178
5	1012	guilty,	12.945174217224121	12.438688278198242	12.77506160736084	13.207932472229004
5	1013	don't	8.588644981384277	8.133050918579102	6.737468719482422	6.692238807678223
5	1014	you	7.05647611618042	2.705822229385376	2.6415328979492188	2.7377469539642334
5	1015	think?'	14.235759735107422	7.950438499450684	6.785554885864258	6.798013687133789
5	1016	replied	8.722522735595703	8.504457473754883	8.576566696166992	8.043242454528809
5	1017	Mom.	14.0499849319458	9.854434967041016	9.908580780029297	9.776731491088867
5	1018	They	4.409750461578369	4.837886810302734	5.882917881011963	5.586332321166992
5	1019	both	7.064258098602295	4.4303083419799805	3.2173008918762207	3.020425319671631
5	1020	laughed	11.672685623168945	6.731773853302002	5.466345310211182	3.611142158508301
5	1021	and	2.9896154403686523	1.0698260068893433	1.5105233192443848	1.2425284385681152
5	1022	climbed	11.72465991973877	8.568181037902832	8.702337265014648	8.192830085754395
5	1023	into	5.087855339050293	2.7557826042175293	2.065992832183838	2.231898546218872
5	1024	Abby's	14.580536842346191	12.838604927062988	11.8788423538208	10.966081619262695
5	1025	bed	7.08992338180542	4.906871318817139	4.659891128540039	3.5493478775024414
5	1026	together	8.19919204711914	8.41121768951416	7.878667831420898	7.5692548751831055
5	1027	and,	8.603548049926758	7.541178226470947	7.048398971557617	6.310398101806641
5	1028	though	5.648481369018555	5.603804588317871	5.289560317993164	5.218640327453613
5	1029	it	4.103958606719971	2.4302830696105957	2.6301183700561523	2.6568336486816406
5	1030	was	3.875565528869629	2.1245176792144775	2.1587350368499756	2.012003183364868
5	1031	cozy,	14.705410957336426	14.100423812866211	14.360057830810547	13.358183860778809
5	1032	it	5.73116397857666	4.831762790679932	3.8815481662750244	3.909289836883545
5	1033	was	3.875565528869629	2.071458578109741	0.935711145401001	0.6795414090156555
5	1034	a	3.061190366744995	2.5433082580566406	2.2383852005004883	2.461496591567993
5	1035	bit	6.954408168792725	4.356864929199219	4.385183811187744	3.489370346069336
5	1036	of	2.5482256412506104	1.3369911909103394	1.4691795110702515	1.2862008810043335
5	1037	a	3.3830296993255615	2.2466578483581543	1.4225460290908813	0.3277018666267395
5	1038	squeeze.	13.152000427246094	13.888835906982422	10.359593391418457	9.789436340332031
5	1039	'Budge	21.52664566040039	20.92469024658203	21.011398315429688	21.666336059570312
5	1040	up,'	11.897473335266113	7.793271064758301	7.239533424377441	7.2564802169799805
5	1041	Mom	10.095460891723633	12.350406646728516	7.819869041442871	7.833794116973877
5	1042	said,	7.23593807220459	2.2902517318725586	3.3316330909729004	2.2519679069519043
5	1043	giving	6.886126518249512	6.558461666107178	5.397361755371094	5.7271904945373535
5	1044	Abby	13.393829345703125	12.619122505187988	11.05229377746582	10.577804565429688
5	1045	a	4.838500499725342	2.03639817237854	1.3392231464385986	0.8469336032867432
5	1046	push	8.612897872924805	9.87278938293457	7.424238204956055	6.9210591316223145
5	1047	with	4.794217109680176	5.175086975097656	4.98395299911499	4.18702507019043
5	1048	her	5.927338600158691	4.3056640625	4.286480903625488	1.7533180713653564
5	1049	bottom.	11.202189445495605	10.762530326843262	11.586397171020508	10.474671363830566
5	1050	'I	9.956905364990234	8.211451530456543	8.322932243347168	8.556585311889648
5	1051	can't	3.670490264892578	3.8061423301696777	3.432399034500122	3.4285130500793457
5	1052	because	7.3970136642456055	7.562144756317139	7.496237754821777	7.577707290649414
5	1053	I'm	6.1479363441467285	4.40327262878418	2.1800379753112793	2.2405385971069336
5	1054	already	5.990157604217529	5.319188594818115	5.160088539123535	5.224443435668945
5	1055	on	4.57047700881958	3.4294214248657227	3.3876335620880127	3.6326048374176025
5	1056	the	2.1509437561035156	1.1647833585739136	1.3908733129501343	1.3360974788665771
5	1057	edge.'	19.74007797241211	16.863252639770508	15.36957836151123	14.245183944702148
5	1058	'Good	10.654539108276367	10.601163864135742	10.68138313293457	10.751834869384766
5	1059	heavens,	8.18687915802002	4.7329792976379395	4.387385368347168	4.50959587097168
5	1060	you've	8.898816108703613	5.198728084564209	5.061321258544922	5.034494400024414
5	1061	grown	6.816821575164795	6.078194618225098	5.460019111633301	5.199336528778076
5	1062	then.	9.102760314941406	15.99668025970459	12.112215042114258	12.573988914489746
5	1063	When	4.566701889038086	4.538176536560059	4.402031421661377	4.65924596786499
5	1064	did	6.660952568054199	6.5320329666137695	6.158866882324219	5.710814476013184
5	1065	that	4.084125518798828	4.395813465118408	3.4315905570983887	3.1800971031188965
5	1066	happen?	14.335882186889648	4.753087043762207	1.300316572189331	1.2603307962417603
5	1067	You	4.345500469207764	4.486645221710205	4.422675132751465	4.554335594177246
5	1068	could've	11.024872779846191	8.862488746643066	9.17444896697998	7.501751899719238
5	1069	put	5.273151397705078	4.770552635192871	4.7503533363342285	4.724390983581543
5	1070	an	4.704488754272461	4.432401657104492	4.268149375915527	4.182952880859375
5	1071	elephant	10.504242897033691	7.54249382019043	7.061365127563477	6.342385768890381
5	1072	in	3.4047136306762695	1.6576671600341797	1.1168409585952759	0.798017680644989
5	1073	here	8.084224700927734	9.630802154541016	10.730908393859863	8.326790809631348
5	1074	last	6.84002685546875	7.005752086639404	6.94056510925293	7.217630386352539
5	1075	time	5.524631977081299	4.3991241455078125	4.308204650878906	4.775433540344238
5	1076	we	5.375545501708984	3.6937472820281982	2.219202995300293	2.4022812843322754
5	1077	did	5.904824256896973	4.826111793518066	3.740945339202881	3.4380693435668945
5	1078	this.	7.402443885803223	6.651029586791992	5.953459739685059	3.4740347862243652
5	1079	Before	7.217145919799805	6.897678375244141	6.821651458740234	6.685058116912842
5	1080	I	4.16673469543457	2.082810640335083	1.7059012651443481	1.8587934970855713
5	1081	know	5.69232177734375	6.332938194274902	4.506187915802002	4.0581817626953125
5	1082	it,	6.357789039611816	6.452339172363281	4.018968105316162	0.42385566234588623
5	1083	you'll	5.99294376373291	6.456490516662598	7.150193214416504	6.320046424865723
5	1084	be	2.020059108734131	2.169294834136963	1.9804258346557617	1.9372416734695435
5	1085	all	5.453604698181152	6.573808670043945	6.284674167633057	5.923849105834961
5	1086	grown	9.94196891784668	6.578738689422607	5.984901428222656	5.662792205810547
5	1087	up.'	17.12785530090332	10.354682922363281	8.298853874206543	7.317837715148926
5	1088	On	6.1780290603637695	6.055591106414795	6.0938920974731445	6.031771659851074
5	1089	her	5.998165130615234	4.5566205978393555	4.058697700500488	4.330580234527588
5	1090	mom's	11.251758575439453	8.172223091125488	8.12380599975586	7.166217803955078
5	1091	chest	7.445293426513672	7.383565902709961	7.088749885559082	7.663222312927246
5	1092	Abby	13.828857421875	16.070636749267578	15.313396453857422	12.72508716583252
5	1093	then	6.621282577514648	6.403069496154785	6.3324432373046875	6.031006813049316
5	1094	put	6.641244888305664	5.787803649902344	5.358509540557861	4.836952209472656
5	1095	her	5.6094231605529785	4.1872758865356445	2.175450325012207	1.528220772743225
5	1096	head	6.888038635253906	3.8524508476257324	3.1748127937316895	2.8458638191223145
5	1097	and	3.110860824584961	2.0341811180114746	4.266551971435547	4.92654275894165
5	1098	smiled.	12.742303848266602	9.771673202514648	7.591063976287842	7.37152624130249
6	0	The	3.249835968017578	3.249835968017578	3.249835968017578	3.249835968017578
6	1	text	8.21389389038086	8.21389389038086	8.21389389038086	8.21389389038086
6	2	message	8.478998184204102	6.956748962402344	6.956749439239502	6.956749439239502
6	3	said	7.4562225341796875	8.228343963623047	5.013624668121338	5.013624668121338
6	4	that	3.348794460296631	1.6074329614639282	1.647324800491333	1.4588027000427246
6	5	Lucy	11.905023574829102	11.106943130493164	10.983086585998535	10.416739463806152
6	6	Josephs	14.807674407958984	14.27453899383545	14.796146392822266	14.404827117919922
6	7	was	3.7949721813201904	3.4283220767974854	1.8537118434906006	1.6852061748504639
6	8	a	3.061190605163574	2.694444417953491	2.5419697761535645	2.6327919960021973
6	9	failure.	11.323846817016602	8.24737548828125	9.804179191589355	11.094728469848633
6	10	It	3.3875930309295654	3.3356809616088867	3.0068368911743164	3.6213953495025635
6	11	said	5.778111457824707	5.77362060546875	6.184237480163574	6.496228218078613
6	12	she	5.8266143798828125	4.421793460845947	4.690924644470215	5.099924564361572
6	13	was	3.420480251312256	1.6811672449111938	1.5007147789001465	1.5034542083740234
6	14	ugly,	12.465919494628906	11.449901580810547	13.515501022338867	12.232717514038086
6	15	had	7.257955551147461	6.2265777587890625	4.7790021896362305	4.08636474609375
6	16	no	5.174587249755859	3.319929361343384	2.590381145477295	2.7834951877593994
6	17	style	8.969371795654297	10.483156204223633	8.909197807312012	8.188082695007324
6	18	and	3.116828680038452	3.1819424629211426	2.590799570083618	1.7300584316253662
6	19	the	3.0785820484161377	3.7192203998565674	3.8624305725097656	4.028779029846191
6	20	world	6.605999946594238	5.900906562805176	6.704833984375	5.785817623138428
6	21	hated	11.836666107177734	11.501228332519531	10.269037246704102	12.109283447265625
6	22	her.	7.9439802169799805	4.589977264404297	4.525173664093018	3.8307690620422363
6	23	At	5.4845123291015625	5.384415626525879	5.358854293823242	5.329106330871582
6	24	least	6.489351272583008	2.576106548309326	1.7712607383728027	2.1977133750915527
6	25	that	4.2532806396484375	4.28465461730957	3.6690452098846436	3.7533302307128906
6	26	was	4.685856819152832	4.986340522766113	1.8309593200683594	0.9479906558990479
6	27	what	6.0012311935424805	5.510406970977783	5.494915962219238	1.989641547203064
6	28	it	4.156280040740967	3.0847251415252686	3.2574591636657715	3.187142848968506
6	29	said	6.8439741134643555	5.055539131164551	4.811666011810303	5.082036018371582
6	30	to	3.1663568019866943	3.5905165672302246	3.2760872840881348	3.5789661407470703
6	31	Lucy.	15.178496360778809	14.181537628173828	12.920706748962402	12.179943084716797
6	32	It	3.9015746116638184	3.6769394874572754	4.442410469055176	3.4451732635498047
6	33	said	5.778111457824707	6.334957122802734	6.042481422424316	4.812532901763916
6	34	that	3.348794460296631	1.595861792564392	1.5998185873031616	1.435100793838501
6	35	and	4.3022847175598145	7.153303623199463	7.233682632446289	7.23667573928833
6	36	a	3.8303797245025635	4.124019145965576	4.617747783660889	4.459367275238037
6	37	whole	7.346471309661865	5.764681339263916	4.722511291503906	5.808638572692871
6	38	lot	7.737462997436523	1.5002280473709106	0.8515713214874268	0.8316661715507507
6	39	more	4.891733646392822	3.4387755393981934	1.7524522542953491	2.118770122528076
6	40	that	4.693182945251465	5.381972789764404	5.377388000488281	5.696948051452637
6	41	she	6.105948448181152	4.785900115966797	4.611957550048828	4.603799819946289
6	42	was	3.420480251312256	1.8710832595825195	3.0856852531433105	3.3356428146362305
6	43	struggling	9.235601425170898	6.906133651733398	6.668030738830566	6.850740432739258
6	44	to	2.739330768585205	0.647079586982727	0.7419931888580322	0.7765188813209534
6	45	understand.	11.102944374084473	7.257150650024414	8.202081680297852	6.843149662017822
6	46	The	2.800325870513916	2.631765365600586	2.7529890537261963	3.0332467555999756
6	47	actual	8.039002418518066	7.046916484832764	7.029694557189941	7.468535900115967
6	48	text	8.294361114501953	5.792235374450684	5.930352687835693	5.567126274108887
6	49	of	3.0826830863952637	2.374317169189453	1.083822250366211	1.17103910446167
6	50	the	2.347175359725952	1.4473824501037598	0.9923899173736572	0.5288543701171875
6	51	note	9.043099403381348	9.99657917022705	7.5375657081604	6.52998161315918
6	52	said	7.139578342437744	6.0199689865112305	5.852618217468262	6.218764305114746
6	53	that	3.348794460296631	1.2597647905349731	1.5469149351119995	1.2854115962982178
6	54	Lucy	11.905023574829102	11.106943130493164	10.850994110107422	10.776010513305664
6	55	better	9.107429504394531	10.208327293395996	10.911884307861328	10.885760307312012
6	56	not	5.603894233703613	4.096732139587402	2.545588970184326	2.624697685241699
6	57	show	7.083162307739258	6.937100410461426	5.5639424324035645	5.391975402832031
6	58	up	5.602789878845215	1.210686206817627	1.3744823932647705	1.1018590927124023
6	59	at	4.469524383544922	2.6617050170898438	2.6387453079223633	2.4816789627075195
6	60	the	2.1856894493103027	1.4419580698013306	1.5195059776306152	1.3632267713546753
6	61	party	7.767470359802246	7.627081871032715	7.197560787200928	5.8741254806518555
6	62	tonight,	11.615518569946289	12.162191390991211	9.921586036682129	9.017579078674316
6	63	because	5.699777603149414	5.435646057128906	4.707957744598389	4.977776527404785
6	64	it	3.8437089920043945	2.7801342010498047	3.0246782302856445	2.8852787017822266
6	65	was	3.875565528869629	2.045795202255249	1.3081378936767578	1.5302367210388184
6	66	going	5.832248687744141	4.595795631408691	5.291626930236816	4.555603504180908
6	67	to	1.8994945287704468	0.248429074883461	0.17463243007659912	0.20845802128314972
6	68	be	4.1436285972595215	1.6475038528442383	1.1959110498428345	0.7500619888305664
6	69	bad	8.461602210998535	8.292585372924805	6.990572929382324	6.822278022766113
6	70	enough	7.721493721008301	3.1871371269226074	3.7151732444763184	3.56443190574646
6	71	already!	13.593013763427734	11.506464004516602	11.538689613342285	11.960351943969727
6	72	Lucy,	13.458094596862793	13.498008728027344	13.204801559448242	13.490949630737305
6	73	who	2.6930274963378906	3.6422767639160156	3.480112314224243	3.8231983184814453
6	74	had	4.7185211181640625	3.0097057819366455	2.608198404312134	2.332496404647827
6	75	started	6.933527946472168	5.846052646636963	5.694201469421387	5.237016677856445
6	76	receiving	8.977641105651855	6.564739227294922	7.200535774230957	7.115870475769043
6	77	these	6.464771270751953	4.651710510253906	5.246615409851074	5.654421806335449
6	78	messages	8.886747360229492	5.640488624572754	2.834928035736084	2.782625913619995
6	79	a	4.167426109313965	6.294530391693115	5.836559295654297	4.568634510040283
6	80	few	6.295514106750488	2.824294328689575	2.9938716888427734	1.8006209135055542
6	81	weeks	7.440387725830078	3.231931447982788	2.2759313583374023	2.4728174209594727
6	82	ago,	8.575668334960938	2.8072400093078613	1.7513972520828247	2.1626882553100586
6	83	tapped	13.148125648498535	13.211503028869629	13.292372703552246	13.12408447265625
6	84	the	2.805741548538208	2.3859879970550537	2.643805742263794	2.719327688217163
6	85	mobile	8.847944259643555	7.814445972442627	7.419285297393799	7.728161811828613
6	86	screen	8.487025260925293	7.614467144012451	5.364346504211426	7.0142364501953125
6	87	to	3.517563819885254	3.712083339691162	3.54286789894104	1.7961316108703613
6	88	make	5.160298824310303	4.064788818359375	4.154438495635986	4.010662078857422
6	89	the	2.4014251232147217	2.3118770122528076	2.2091901302337646	2.0456600189208984
6	90	message	8.46557903289795	7.446050643920898	7.507407188415527	6.340312480926514
6	91	disappear	12.552945137023926	12.705299377441406	8.781293869018555	7.580745220184326
6	92	from	4.0731730461120605	2.1416897773742676	1.8726747035980225	1.9754908084869385
6	93	view.	10.82417106628418	7.365359783172607	6.328447341918945	6.713520050048828
6	94	She	5.214770317077637	5.6466240882873535	5.240967750549316	6.205585956573486
6	95	only	6.140678405761719	6.424494743347168	6.33943510055542	6.227187156677246
6	96	wished	10.805084228515625	6.29845666885376	6.265266418457031	6.07007360458374
6	97	it	5.0201029777526855	3.4275379180908203	3.26834774017334	3.195158004760742
6	98	was	3.875565528869629	2.068819761276245	2.1608402729034424	1.4370849132537842
6	99	as	4.954616546630859	5.732375144958496	5.46204948425293	4.621049880981445
6	100	easy	8.43759536743164	5.1396565437316895	4.505916118621826	2.3268768787384033
6	101	to	2.4222865104675293	1.2329587936401367	1.353499174118042	1.6974408626556396
6	102	tap	9.507955551147461	8.140131950378418	8.05151653289795	8.418563842773438
6	103	her	6.3194260597229	5.572861671447754	6.226984977722168	7.544349670410156
6	104	heart	8.112045288085938	7.363464832305908	6.538107395172119	7.088653087615967
6	105	and	3.0351815223693848	2.418898820877075	3.9391441345214844	1.6522655487060547
6	106	erase	11.826144218444824	11.575252532958984	11.425548553466797	9.821967124938965
6	107	the	2.1448493003845215	1.16274094581604	1.4276947975158691	1.7399195432662964
6	108	trace	10.906839370727539	8.253487586975098	6.4433088302612305	6.28926944732666
6	109	the	2.9478235244750977	5.85734748840332	6.147054195404053	6.362637996673584
6	110	message	8.46557903289795	6.947657108306885	6.8935747146606445	6.11672830581665
6	111	had	6.0317230224609375	5.991497993469238	7.772579669952393	6.1255574226379395
6	112	left	6.732569694519043	5.856837272644043	5.681532382965088	5.289829254150391
6	113	there.	8.08649730682373	8.862963676452637	9.523841857910156	8.923033714294434
6	114	'Was	13.85822582244873	12.811415672302246	12.165014266967773	11.706677436828613
6	115	that	1.9200847148895264	1.9387335777282715	1.8953338861465454	1.9922815561294556
6	116	another	7.376193046569824	6.6316399574279785	6.585353851318359	6.5506591796875
6	117	one	5.492701053619385	4.402251243591309	4.000978469848633	4.076720237731934
6	118	of	2.689915180206299	1.826964020729065	1.1824809312820435	0.25947538018226624
6	119	those	6.149105548858643	3.1571719646453857	1.6957770586013794	2.365246295928955
6	120	messages?'	19.657201766967773	17.819725036621094	18.266403198242188	18.857196807861328
6	121	her	7.720242500305176	8.19815444946289	7.991659641265869	7.862216949462891
6	122	mom	9.22032356262207	4.6222310066223145	4.430585861206055	4.563938617706299
6	123	asked,	10.388788223266602	8.670232772827148	4.122053146362305	4.400257110595703
6	124	who	6.716012954711914	5.737793922424316	5.794442176818848	5.956957817077637
6	125	was	4.020085334777832	2.1942665576934814	1.8809462785720825	1.7002670764923096
6	126	driving	8.653316497802734	6.081430912017822	6.390805244445801	6.4080810546875
6	127	the	2.9471869468688965	2.6199100017547607	1.7688299417495728	1.683970332145691
6	128	car.	9.945710182189941	4.596555709838867	3.730372667312622	3.6338706016540527
6	129	Lucy	10.957988739013672	10.312583923339844	10.602027893066406	10.175228118896484
6	130	confirmed	8.867403984069824	7.867575168609619	7.727908611297607	7.762413024902344
6	131	her	6.597127914428711	3.553399085998535	3.329720973968506	3.3381004333496094
6	132	mother's	9.618422508239746	5.823371410369873	6.014404296875	6.124053955078125
6	133	suspicion	11.165535926818848	10.044861793518066	8.381204605102539	6.119565010070801
6	134	was	4.809734344482422	2.7116754055023193	3.476592540740967	3.8644800186157227
6	135	founded	9.509744644165039	7.924640655517578	6.560428142547607	6.591561317443848
6	136	as	4.086884021759033	3.4068922996520996	4.566791534423828	4.690659046173096
6	137	she	6.180377960205078	8.641907691955566	9.135459899902344	7.581652641296387
6	138	answered	9.333563804626465	7.30139684677124	8.254996299743652	7.7647199630737305
6	139	dejectedly,	14.609400749206543	12.01855754852295	12.290003776550293	14.07837200164795
6	140	'I'm	9.736830711364746	8.181965827941895	7.538028240203857	7.1866655349731445
6	141	sorry	4.090472221374512	3.480861186981201	3.138230085372925	3.089219570159912
6	142	to	2.628662347793579	2.2061767578125	2.614424705505371	2.1207780838012695
6	143	say	6.387223243713379	2.1472864151000977	1.8123345375061035	2.22304105758667
6	144	it	4.565539360046387	3.710289478302002	3.2234699726104736	3.41880464553833
6	145	was.'	15.030548095703125	12.573872566223145	12.865619659423828	13.64295768737793
6	146	'Haven't	12.976139068603516	13.059382438659668	12.965607643127441	13.052399635314941
6	147	you	1.3628357648849487	0.5185275077819824	0.5033052563667297	0.5812544226646423
6	148	reported	8.838436126708984	8.054349899291992	8.604069709777832	8.388006210327148
6	149	it	5.000528335571289	3.0755228996276855	2.4118247032165527	1.9312355518341064
6	150	yet?'	15.947293281555176	21.38315773010254	15.409278869628906	5.365359783172607
6	151	asked	5.316249847412109	5.2146100997924805	5.031065940856934	5.647004127502441
6	152	Jill,	15.110716819763184	11.15999698638916	11.268655776977539	12.006673812866211
6	153	Lucy's	12.437274932861328	12.008646965026855	11.629034996032715	11.817038536071777
6	154	older	7.540278911590576	4.896446228027344	5.045777320861816	4.6814045906066895
6	155	sister	8.990992546081543	1.4942855834960938	1.579174518585205	1.745797872543335
6	156	who	5.42789363861084	2.8802871704101562	4.035008430480957	2.5581555366516113
6	157	was	4.020086288452148	2.003751754760742	1.7525839805603027	1.7182180881500244
6	158	sitting	8.562363624572754	5.072422981262207	5.759331226348877	6.273147106170654
6	159	in	2.7015113830566406	1.3539817333221436	1.3780090808868408	1.4307600259780884
6	160	the	2.2516236305236816	1.2353250980377197	1.1892619132995605	0.7306857109069824
6	161	passenger	10.004905700683594	9.289650917053223	6.605074405670166	4.950489044189453
6	162	seat.	10.2135591506958	3.4664337635040283	2.295192241668701	2.1120235919952393
6	163	'Yes,'	14.830489158630371	15.268659591674805	15.123744010925293	15.162168502807617
6	164	Lucy	10.520294189453125	9.791722297668457	9.587996482849121	9.553078651428223
6	165	replied,	10.871036529541016	3.665004253387451	3.138880729675293	3.1240148544311523
6	166	lying	10.324043273925781	9.807401657104492	7.997685432434082	8.036642074584961
6	167	through	6.209339141845703	6.7398881912231445	6.959776401519775	7.706413269042969
6	168	her	5.968757152557373	3.7474308013916016	1.150575876235962	0.2718474268913269
6	169	teeth.	11.117499351501465	8.172723770141602	6.430281162261963	1.9405043125152588
6	170	That	4.941625118255615	5.0362396240234375	5.154462814331055	5.0207672119140625
6	171	Lucy	11.640843391418457	13.473508834838867	12.273834228515625	11.976353645324707
6	172	should	6.884346008300781	6.3773908615112305	5.4025092124938965	5.182964324951172
6	173	not	3.783109664916992	2.904754400253296	3.1090874671936035	3.0271291732788086
6	174	let	6.82791805267334	5.477971076965332	6.825458526611328	6.208173751831055
6	175	the	2.7030482292175293	2.4970922470092773	2.187952756881714	2.5379178524017334
6	176	messages	9.744771003723145	9.071285247802734	8.906755447387695	8.95788860321045
6	177	get	6.895708084106445	6.302087783813477	3.0676610469818115	2.1503472328186035
6	178	to	3.132279396057129	3.9522085189819336	3.368943214416504	2.535332441329956
6	179	her	6.340870380401611	7.029937744140625	6.656635284423828	5.306625843048096
6	180	and	3.800236940383911	3.9950830936431885	2.966721773147583	2.558209180831909
6	181	that	4.750967979431152	5.545044422149658	4.61066198348999	5.421796798706055
6	182	the	2.915968894958496	2.38321590423584	3.3128066062927246	3.373687505722046
6	183	sender	12.250602722167969	9.843465805053711	10.025764465332031	10.068509101867676
6	184	was	4.863912582397461	4.692946434020996	3.1319637298583984	2.885586738586426
6	185	only	5.4053754806518555	5.848239898681641	5.46758508682251	5.276416778564453
6	186	jealous	12.460344314575195	11.441363334655762	13.263541221618652	10.577686309814453
6	187	were	6.447171688079834	7.979475975036621	9.491171836853027	10.180763244628906
6	188	Lucy's	14.5320405960083	12.681649208068848	12.567656517028809	12.268566131591797
6	189	mom's	10.02206039428711	8.399219512939453	9.122735023498535	9.7150297164917
6	190	arguments,	12.791783332824707	12.654473304748535	15.733591079711914	13.187015533447266
6	191	in	4.598106861114502	5.3375654220581055	5.167627811431885	5.335114479064941
6	192	an	4.901019096374512	4.537814140319824	4.034512519836426	3.9170942306518555
6	193	effort	7.471580505371094	2.3876163959503174	1.765587568283081	1.559647560119629
6	194	to	2.288289785385132	0.15314017236232758	0.021256176754832268	0.018090732395648956
6	195	comfort	10.214259147644043	10.428850173950195	9.754359245300293	9.536530494689941
6	196	her	6.834492206573486	3.518603563308716	4.421334266662598	4.219738483428955
6	197	daughter.	10.439356803894043	6.738790512084961	6.373291492462158	5.922755241394043
6	198	Lucy's	11.560630798339844	11.81182861328125	11.850614547729492	11.811144828796387
6	199	mom	6.573025703430176	4.690281867980957	4.564168930053711	4.678173542022705
6	200	suddenly	9.079030990600586	7.730790615081787	7.8732523918151855	7.498245716094971
6	201	felt	7.962960243225098	5.344311714172363	5.854109764099121	5.068017482757568
6	202	guilty,	11.664667129516602	7.487975120544434	7.148252487182617	7.195052146911621
6	203	for	4.29283332824707	4.803147792816162	4.606951713562012	4.967347145080566
6	204	she	7.49530029296875	6.75526237487793	3.1991899013519287	2.6948795318603516
6	205	had	4.2017951011657715	2.7580981254577637	2.253793716430664	1.648117184638977
6	206	been	4.648682117462158	2.0574307441711426	2.130532741546631	1.8837809562683105
6	207	the	3.2251641750335693	3.8865890502929688	4.729892730712891	4.174169540405273
6	208	one	5.771688461303711	4.225527763366699	4.345568656921387	2.2063446044921875
6	209	to	3.512295722961426	4.400184631347656	2.0277950763702393	1.848375678062439
6	210	buy	7.516767978668213	6.213525772094727	6.192171096801758	5.78277063369751
6	211	the	2.6170542240142822	2.4496424198150635	2.6350257396698	1.6460140943527222
6	212	phone	8.652684211730957	5.650221824645996	6.439416885375977	6.525257110595703
6	213	for	3.9554591178894043	4.235715866088867	2.7957205772399902	2.6932435035705566
6	214	Lucy	12.073176383972168	11.953534126281738	12.191307067871094	13.45691967010498
6	215	just	6.70751953125	7.730037689208984	6.986110210418701	6.867809295654297
6	216	a	3.260197401046753	5.316319465637207	3.238375186920166	2.929617404937744
6	217	couple	7.371016979217529	3.23047137260437	2.908586025238037	2.449280261993408
6	218	of	2.1587061882019043	0.3748428225517273	0.44153329730033875	0.5460634231567383
6	219	months	9.433832168579102	4.088992118835449	3.465291976928711	3.2655158042907715
6	220	ago.	8.791084289550781	5.024953365325928	3.11216139793396	2.263275384902954
6	221	She	4.606461048126221	4.2748517990112305	4.369314670562744	4.19752311706543
6	222	then	6.287081241607666	5.3008809089660645	5.3366007804870605	5.337812423706055
6	223	admitted	10.16287612915039	6.816547870635986	6.468074798583984	5.868094444274902
6	224	her	6.147306442260742	4.5917534828186035	4.2522478103637695	3.8325421810150146
6	225	regret	11.624382019042969	8.849557876586914	8.224910736083984	7.920611381530762
6	226	about	4.919956684112549	2.5458741188049316	2.319300651550293	2.4637551307678223
6	227	the	2.222579002380371	1.5847985744476318	2.032198667526245	1.7318851947784424
6	228	phone	8.652684211730957	8.131684303283691	8.187405586242676	7.3271803855896
6	229	was	4.808544635772705	3.5748684406280518	4.869046211242676	4.529535293579102
6	230	still	5.6678900718688965	4.538247585296631	4.125819683074951	4.543608665466309
6	231	bugging	12.802214622497559	9.183757781982422	9.239180564880371	9.512475967407227
6	232	her	4.041964054107666	3.6718475818634033	2.72658109664917	2.524777412414551
6	233	out	6.445755958557129	3.9572949409484863	3.30511474609375	4.938446521759033
6	234	loud	11.313838958740234	6.359649658203125	6.425252914428711	5.706202507019043
6	235	as	4.689563751220703	3.766848564147949	3.974576950073242	4.178712368011475
6	236	she	6.180377960205078	3.145681619644165	2.8971452713012695	1.1269822120666504
6	237	sighed,	12.28929328918457	9.113849639892578	8.708579063415527	8.874658584594727
6	238	'I	8.467941284179688	7.652734756469727	7.208911895751953	7.287201881408691
6	239	never	4.903468132019043	4.505195617675781	4.538877964019775	4.581352233886719
6	240	should	6.53222131729126	6.392825126647949	5.829930782318115	5.586000442504883
6	241	have	3.462352752685547	0.20795001089572906	0.03550826013088226	0.025649070739746094
6	242	given	6.784311294555664	5.150458335876465	4.808163642883301	4.939428806304932
6	243	you	5.220086097717285	4.122045993804932	3.555408477783203	4.4684529304504395
6	244	that	4.696462154388428	3.0591070652008057	3.716864585876465	3.566682815551758
6	245	phone	9.653312683105469	9.849334716796875	10.544533729553223	8.071898460388184
6	246	Lucy.'	25.60712432861328	28.29707908630371	26.071062088012695	27.222625732421875
6	247	'No,	8.794320106506348	8.009758949279785	8.077117919921875	7.830139636993408
6	248	it's	2.947856903076172	3.081256866455078	3.10288143157959	2.982168436050415
6	249	fine.	7.680268287658691	4.0388898849487305	5.254456996917725	5.117433547973633
6	250	I	2.7321970462799072	2.5558102130889893	1.886592149734497	1.814925193786621
6	251	love	6.75756311416626	4.534014701843262	4.201796054840088	3.9736361503601074
6	252	it,'	13.108023643493652	10.974398612976074	11.593280792236328	11.061262130737305
6	253	said	2.4465789794921875	2.6090357303619385	2.881373167037964	2.1184303760528564
6	254	Lucy	11.624924659729004	8.532565116882324	8.324243545532227	8.426681518554688
6	255	knowing	10.643303871154785	11.859453201293945	14.302355766296387	13.438457489013672
6	256	that	3.2433619499206543	1.1242365837097168	1.2668155431747437	1.2278724908828735
6	257	affording	15.036258697509766	14.977420806884766	16.515899658203125	16.9827880859375
6	258	the	2.4048409461975098	2.1777384281158447	2.5433731079101562	2.563756227493286
6	259	phone	8.652684211730957	8.347195625305176	8.94597053527832	7.745917320251465
6	260	had	5.973381519317627	5.3716654777526855	7.003404140472412	6.4761223793029785
6	261	been	4.648682117462158	1.3223415613174438	1.3759746551513672	1.4839577674865723
6	262	no	6.0640668869018555	7.241184234619141	8.430810928344727	8.431139945983887
6	263	small	7.079914093017578	6.683018207550049	5.467669486999512	6.648763656616211
6	264	thing	7.609311103820801	4.162188529968262	4.226587295532227	3.340677261352539
6	265	for	3.892578601837158	3.393244743347168	2.4887945652008057	1.5234479904174805
6	266	her	6.054143905639648	4.904510498046875	3.997349500656128	4.176236629486084
6	267	mother.	9.73166561126709	6.773818016052246	7.874703407287598	8.351937294006348
6	268	It	3.7404963970184326	3.86464262008667	3.802833318710327	3.547396183013916
6	269	had	4.908970355987549	4.434291362762451	4.148336887359619	4.210084438323975
6	270	been	4.648682117462158	1.419908881187439	0.9255251884460449	0.7964255213737488
6	271	nothing	8.247662544250488	8.221940994262695	6.910468101501465	7.047971248626709
6	272	but	5.4041361808776855	1.3009121417999268	0.9048569202423096	1.0670137405395508
6	273	trouble	10.234461784362793	7.160258769989014	6.401313304901123	6.381916522979736
6	274	though.	9.158496856689453	9.930261611938477	8.816146850585938	9.081575393676758
6	275	Lucy	10.830039978027344	10.772440910339355	10.44853401184082	10.305221557617188
6	276	did	6.618280410766602	5.056480884552002	5.162204742431641	5.244290828704834
6	277	not	3.4299685955047607	0.73479825258255	1.0891841650009155	1.2287505865097046
6	278	know	6.398475646972656	3.2433481216430664	3.028452157974243	2.900919198989868
6	279	who	5.364781856536865	3.5253958702087402	3.6621499061584473	3.975255250930786
6	280	it	5.343515396118164	3.379934072494507	3.2733688354492188	3.749664306640625
6	281	was	3.875565528869629	2.2029993534088135	1.4204206466674805	1.19254469871521
6	282	that	4.297545433044434	4.8251848220825195	2.6325740814208984	1.1667015552520752
6	283	was	4.685856819152832	7.15802526473999	6.998046875	3.2140679359436035
6	284	sending	9.081052780151367	9.475885391235352	10.185673713684082	9.208009719848633
6	285	her	5.556342601776123	3.379427194595337	3.953627824783325	4.040201663970947
6	286	the	3.9097845554351807	3.42231822013855	4.480690956115723	4.5416364669799805
6	287	messages,	12.314947128295898	10.985750198364258	9.491762161254883	7.063318252563477
6	288	and	2.3466410636901855	2.2329554557800293	2.1599860191345215	2.4754650592803955
6	289	she	6.636758804321289	6.687211036682129	5.278644561767578	2.4653480052948
6	290	did	5.624976634979248	4.400170803070068	4.30115270614624	4.319389820098877
6	291	not	3.4299685955047607	0.8826605081558228	0.9130438566207886	0.9456949830055237
6	292	know	6.398475646972656	3.2433481216430664	2.537713050842285	2.901905059814453
6	293	how	5.352901458740234	2.262023448944092	2.2784571647644043	2.3781819343566895
6	294	they	4.67595911026001	3.5643298625946045	3.9623093605041504	4.408215045928955
6	295	had	4.714663505554199	4.56258487701416	5.1137542724609375	4.8236541748046875
6	296	got	6.530953884124756	6.6536455154418945	5.9112043380737305	4.728283882141113
6	297	her	6.139558792114258	4.674922943115234	5.632490158081055	5.22501277923584
6	298	number,	9.58212661743164	8.011795043945312	8.77283763885498	8.468316078186035
6	299	but	2.8996362686157227	2.9834182262420654	2.60984468460083	2.4810876846313477
6	300	whoever	10.647920608520508	10.177108764648438	8.652363777160645	8.20407485961914
6	301	it	4.708388328552246	3.5012478828430176	4.240723133087158	3.061826705932617
6	302	was,	8.588781356811523	3.6497092247009277	2.2496438026428223	2.289712429046631
6	303	he	4.419210433959961	3.525012731552124	3.6540770530700684	2.3843045234680176
6	304	or	5.301513671875	6.956105709075928	7.260319709777832	5.528477191925049
6	305	she	6.99397087097168	0.19835564494132996	0.05387270450592041	0.047473207116127014
6	306	had	4.2017951011657715	3.7193942070007324	3.9625306129455566	2.8663172721862793
6	307	slowly	9.56360912322998	9.440913200378418	10.457966804504395	11.388589859008789
6	308	taken	7.755247116088867	4.096456527709961	4.438606262207031	4.603989601135254
6	309	over	5.406643867492676	2.777714252471924	2.2258965969085693	3.451122283935547
6	310	Lucy's	14.091400146484375	14.33204460144043	15.368465423583984	13.29019832611084
6	311	life.	7.1494340896606445	6.319043159484863	3.8080999851226807	3.0567638874053955
6	312	She	4.273969650268555	2.652365207672119	2.3744547367095947	2.3053371906280518
6	313	was	3.3951942920684814	2.1776092052459717	2.0457606315612793	2.421851396560669
6	314	getting	6.926886558532715	5.962423324584961	6.823590278625488	7.030183792114258
6	315	several	7.603226661682129	7.852729320526123	8.135135650634766	8.583666801452637
6	316	texts	9.897468566894531	8.327048301696777	5.934474945068359	4.605105400085449
6	317	a	4.325641632080078	6.6273193359375	2.383607864379883	2.948817729949951
6	318	day	7.02316427230835	4.407793045043945	2.1184020042419434	0.7590625286102295
6	319	now,	7.595973014831543	7.347649574279785	7.591383457183838	8.03754997253418
6	320	all	5.7083024978637695	5.736690521240234	5.75689697265625	5.550168037414551
6	321	of	3.20341420173645	1.954140543937683	1.8221005201339722	1.8878116607666016
6	322	which	6.10041618347168	3.186852216720581	2.446800947189331	2.710230588912964
6	323	were	5.147941589355469	3.136486530303955	2.71462345123291	3.022808074951172
6	324	abusive	11.831113815307617	10.863471031188965	10.541563987731934	10.191681861877441
6	325	and	3.2640302181243896	1.5837674140930176	1.3928757905960083	1.4358028173446655
6	326	hurtful.	15.101658821105957	10.338277816772461	8.083453178405762	7.703740119934082
6	327	Lucy	10.744100570678711	10.892208099365234	11.253117561340332	10.759617805480957
6	328	wondered	10.651973724365234	7.399260520935059	7.840385913848877	8.547327995300293
6	329	what	5.111053466796875	1.8831830024719238	1.6656205654144287	1.7024695873260498
6	330	the	2.8438918590545654	2.2588610649108887	2.1891257762908936	2.52500057220459
6	331	person	7.24521017074585	6.583296775817871	6.0553483963012695	6.269758701324463
6	332	who	4.764710903167725	1.679682731628418	2.616351842880249	2.593742609024048
6	333	was	4.020085334777832	2.608182430267334	3.1477737426757812	2.8817481994628906
6	334	messaging	11.826024055480957	12.57712459564209	12.360394477844238	11.55093765258789
6	335	her	7.381654262542725	3.3986072540283203	2.479275941848755	2.471546173095703
6	336	might	8.1232271194458	6.557107448577881	10.21187686920166	8.138680458068848
6	337	be	3.328758955001831	1.7972615957260132	1.8843967914581299	2.0843734741210938
6	338	thinking	8.788833618164062	7.77771520614624	6.811983108520508	5.105799674987793
6	339	or	4.797675132751465	5.906886100769043	6.02138614654541	4.967408180236816
6	340	trying	8.11691665649414	5.232680320739746	5.122284889221191	4.977328777313232
6	341	to	1.7185797691345215	0.07242558896541595	0.07917361706495285	0.1431584358215332
6	342	achieve	8.729697227478027	6.274533271789551	6.342189788818359	5.741793155670166
6	343	with	4.888479232788086	5.686909198760986	5.382160186767578	6.5816874504089355
6	344	all	5.309150695800781	4.413392066955566	4.557458400726318	4.419699668884277
6	345	of	3.20341420173645	1.9896646738052368	2.1706981658935547	1.8344792127609253
6	346	their	5.306450843811035	3.5180752277374268	3.3345329761505127	3.3115410804748535
6	347	hateful	11.241089820861816	10.30431079864502	10.60576057434082	10.64086627960205
6	348	messages.	11.225708961486816	5.55942440032959	5.470317840576172	5.00271463394165
6	349	As	4.689060688018799	4.517291069030762	4.317975997924805	4.281196117401123
6	350	the	2.734726905822754	2.8138885498046875	2.7816600799560547	2.7102036476135254
6	351	car	8.044900894165039	7.3311991691589355	7.574560165405273	8.882330894470215
6	352	pulled	8.728609085083008	6.47927713394165	4.4988298416137695	3.801163911819458
6	353	up	4.81260871887207	0.9904791116714478	1.4277046918869019	1.3630460500717163
6	354	outside	8.316020011901855	6.517077445983887	4.619791507720947	4.698413848876953
6	355	the	2.5615901947021484	1.2631783485412598	1.240824818611145	1.2659399509429932
6	356	school,	9.989008903503418	8.16710376739502	7.265260696411133	6.966398239135742
6	357	which	3.704242706298828	3.0056965351104736	3.5300474166870117	3.8646669387817383
6	358	looked	8.228313446044922	7.794548511505127	7.89119815826416	8.037272453308105
6	359	like	4.689913749694824	0.9948785305023193	0.922416090965271	1.0283695459365845
6	360	a	3.1030328273773193	1.5834661722183228	1.1968268156051636	1.061907410621643
6	361	large	6.534195899963379	6.587888240814209	5.970914363861084	5.7374982833862305
6	362	shadow	10.087148666381836	8.349743843078613	8.320598602294922	7.632614612579346
6	363	in	3.842782974243164	3.4968369007110596	3.0821917057037354	2.9766132831573486
6	364	the	2.2516236305236816	0.9975087642669678	0.7713685035705566	0.6227920651435852
6	365	darkness	10.706307411193848	9.099003791809082	6.230914115905762	5.59437894821167
6	366	of	2.822049617767334	0.993645966053009	0.9174948930740356	1.2794981002807617
6	367	a	3.383030652999878	3.389038562774658	3.4416096210479736	3.318418502807617
6	368	November	9.535880088806152	10.370804786682129	10.121237754821777	10.223485946655273
6	369	evening,	10.464080810546875	8.242156982421875	7.989833354949951	5.033651351928711
6	370	Lucy	10.297128677368164	10.411919593811035	10.761247634887695	10.592560768127441
6	371	felt	8.623208999633789	6.836984634399414	7.666312217712402	7.046846866607666
6	372	a	3.05336332321167	2.751739263534546	2.2585577964782715	2.104728937149048
6	373	shiver	12.037057876586914	7.205301284790039	5.325047492980957	5.2745771408081055
6	374	run	6.733657360076904	2.3210113048553467	1.1977652311325073	0.9772703647613525
6	375	down	6.6172990798950195	1.8647277355194092	1.0374077558517456	0.2857828140258789
6	376	her	6.487753868103027	5.355673313140869	2.3110647201538086	2.625441789627075
6	377	spine.	12.503252983093262	7.727705955505371	7.929973602294922	2.7821664810180664
6	378	Hastened	15.86739730834961	14.940230369567871	14.227161407470703	14.583602905273438
6	379	by	1.6984038352966309	1.6293838024139404	1.2845838069915771	1.4628865718841553
6	380	Jill,	14.680583953857422	15.01638412475586	14.902148246765137	13.012417793273926
6	381	who	2.4113385677337646	2.2659707069396973	2.9513490200042725	3.0166430473327637
6	382	did	5.786778450012207	5.431491851806641	5.559207439422607	5.685276031494141
6	383	not	3.4299685955047607	0.5547382831573486	0.7428532838821411	0.7856125831604004
6	384	want	6.326842308044434	3.5354995727539062	2.9734156131744385	1.8072168827056885
6	385	to	1.9617061614990234	0.3859182298183441	0.356037974357605	0.27371111512184143
6	386	be	4.1436285972595215	2.7326276302337646	2.081226110458374	1.9644136428833008
6	387	late	8.775299072265625	8.869068145751953	8.306635856628418	7.307382583618164
6	388	to	3.296112537384033	1.1806855201721191	1.756463646888733	1.3958336114883423
6	389	her	6.340870380401611	4.729653358459473	5.10998010635376	5.251430511474609
6	390	own	6.259532928466797	3.7594001293182373	3.9831883907318115	4.070601940155029
6	391	concert,	12.56583023071289	12.239315032958984	12.056239128112793	10.504491806030273
6	392	Lucy	10.420438766479492	10.603437423706055	9.820100784301758	9.217550277709961
6	393	hesitantly	15.466922760009766	14.90752124786377	13.929407119750977	13.141790390014648
6	394	stepped	8.208467483520508	5.588809013366699	5.259425640106201	5.289303779602051
6	395	out	4.69972038269043	2.0869524478912354	1.962936282157898	1.6754990816116333
6	396	of	2.5660271644592285	0.778153121471405	0.34963494539260864	0.3035934269428253
6	397	the	2.347175359725952	1.4930789470672607	1.2097885608673096	0.5790337324142456
6	398	car	8.044900894165039	7.780091762542725	6.2993903160095215	5.891967296600342
6	399	and	2.986806631088257	2.3670644760131836	2.388794422149658	1.238915205001831
6	400	walked	10.149450302124023	7.44731330871582	6.471124649047852	6.757031440734863
6	401	toward	8.116796493530273	4.417347431182861	4.473197937011719	3.8638668060302734
6	402	the	1.9379351139068604	1.0122060775756836	0.7955080270767212	0.7942864894866943
6	403	school.	10.404130935668945	9.78565788269043	9.149213790893555	8.451834678649902
6	404	It	3.5933523178100586	3.472691535949707	3.6650710105895996	3.538912773132324
6	405	was	3.412656545639038	1.3746029138565063	1.1977627277374268	1.2605297565460205
6	406	Jill	12.761341094970703	12.29902172088623	12.516761779785156	12.949108123779297
6	407	who	5.696645736694336	6.070828914642334	3.0261151790618896	3.336357593536377
6	408	in	4.433585166931152	5.837563991546631	6.021780014038086	6.658288478851318
6	409	her	5.995519161224365	4.472164154052734	2.3670809268951416	2.225658416748047
6	410	final	7.732765197753906	5.5308637619018555	5.694840431213379	5.230772018432617
6	411	year	6.799805641174316	3.425870656967163	1.9029510021209717	1.3897366523742676
6	412	of	2.9612414836883545	1.146430253982544	1.2365802526474	1.2101706266403198
6	413	high	7.358968257904053	5.323750972747803	4.598980903625488	1.216554045677185
6	414	school	7.140124797821045	2.01483416557312	1.3286190032958984	0.927819550037384
6	415	had	5.652096748352051	6.4981689453125	6.954740524291992	5.176977634429932
6	416	become	6.599264144897461	4.968575477600098	4.279128551483154	3.761590003967285
6	417	involved	7.469525337219238	5.566836357116699	5.461857795715332	7.3050336837768555
6	418	in	2.5772154331207275	0.3427426815032959	0.45434683561325073	0.4625762104988098
6	419	helping	9.10555362701416	6.402490139007568	6.1140336990356445	6.529196739196777
6	420	organize	10.914620399475098	7.500277996063232	6.5900750160217285	6.806626796722412
6	421	this	5.0499091148376465	3.520296573638916	3.6345324516296387	3.4595296382904053
6	422	year's	7.639763355255127	7.075315475463867	3.809058666229248	3.490861177444458
6	423	school	6.410153388977051	7.212844371795654	6.832942962646484	6.5662713050842285
6	424	talent	10.270092964172363	11.781723976135254	9.784648895263672	11.063519477844238
6	425	show,	9.421771049499512	8.69293212890625	5.844775199890137	5.365698337554932
6	426	and	2.591485023498535	2.5313568115234375	2.6526854038238525	2.8300397396087646
6	427	she	6.636758804321289	4.78223991394043	4.726275444030762	3.9664344787597656
6	428	took	6.33833122253418	4.986733436584473	5.084260940551758	5.255784034729004
6	429	her	5.532533645629883	2.7251548767089844	2.6958112716674805	3.1122047901153564
6	430	position	7.922364234924316	7.145440578460693	6.451006889343262	6.1110968589782715
6	431	very	7.249838829040527	8.062150955200195	6.526933670043945	7.0252251625061035
6	432	seriously.	10.456602096557617	7.194090843200684	6.075013160705566	3.5291635990142822
6	433	Lucy	11.057937622070312	11.545939445495605	11.758761405944824	10.174670219421387
6	434	hurried	12.28526782989502	10.172846794128418	10.603398323059082	10.428730010986328
6	435	behind	7.788006782531738	6.146308898925781	6.277653217315674	6.443875312805176
6	436	Jill,	14.604720115661621	12.608443260192871	11.691781997680664	10.775290489196777
6	437	pulling	9.9540433883667	8.707503318786621	4.805617809295654	4.211338996887207
6	438	on	4.105446815490723	3.731220245361328	3.3108463287353516	3.2654531002044678
6	439	the	2.1509437561035156	1.6555070877075195	1.988037347793579	2.060242176055908
6	440	worn,	15.294286727905273	15.78425407409668	13.157675743103027	11.962682723999023
6	441	oversized	10.072562217712402	8.26235580444336	8.331106185913086	8.204065322875977
6	442	coat	10.21841049194336	5.999064922332764	5.731729984283447	6.547455310821533
6	443	that	4.343599319458008	3.131051540374756	3.51719069480896	2.826855421066284
6	444	had	5.777712821960449	3.871999502182007	4.2706146240234375	3.2132885456085205
6	445	originally	8.266307830810547	6.035989284515381	6.342324256896973	6.931029319763184
6	446	belonged	10.751556396484375	6.455111980438232	4.7854461669921875	2.685204267501831
6	447	to	2.057572364807129	0.035959575325250626	0.02985772117972374	0.03085583820939064
6	448	Jill,	15.582077026367188	13.408228874206543	12.472257614135742	11.946221351623535
6	449	in	4.609241962432861	5.100164413452148	5.293547630310059	5.387232303619385
6	450	order	6.852506160736084	4.393609046936035	2.8374691009521484	2.701399564743042
6	451	to	2.372631549835205	0.07205584645271301	0.07105463743209839	0.0719408169388771
6	452	keep	6.156686305999756	5.210033416748047	4.298295974731445	3.8150243759155273
6	453	her	5.735268592834473	3.711040496826172	4.347999572753906	4.042047500610352
6	454	dry	9.739340782165527	8.948490142822266	8.883598327636719	9.381205558776855
6	455	as	4.827446937561035	7.429428577423096	5.279621124267578	3.607255458831787
6	456	the	2.6557562351226807	2.7371153831481934	2.8885889053344727	3.3733487129211426
6	457	raindrops	15.280550003051758	13.244377136230469	10.087373733520508	8.922409057617188
6	458	fell	5.990157127380371	4.5303874015808105	3.8321938514709473	3.8289504051208496
6	459	all	5.535745620727539	4.725961208343506	5.043680191040039	5.443482398986816
6	460	around	7.47377347946167	3.623971700668335	2.4745705127716064	2.6697707176208496
6	461	them.	7.397136688232422	4.432470321655273	3.8431196212768555	3.459050416946411
6	462	As	4.563077926635742	4.447939872741699	4.437925815582275	4.402571678161621
6	463	the	2.734726905822754	2.6503429412841797	2.4760982990264893	2.5377280712127686
6	464	sisters	10.916093826293945	10.22208023071289	9.273487091064453	8.559579849243164
6	465	entered	9.523795127868652	8.45957088470459	6.386075973510742	6.423440933227539
6	466	the	2.440420389175415	0.7669069766998291	0.6397178769111633	0.4251234829425812
6	467	hall	10.544689178466797	6.543439865112305	4.968086242675781	4.983489990234375
6	468	where	6.065962791442871	3.694780111312866	4.137820243835449	4.400223731994629
6	469	the	2.3747594356536865	1.8788319826126099	1.69258451461792	1.731310486793518
6	470	show	7.785793304443359	7.701949596405029	7.2876296043396	6.801006317138672
6	471	was	5.134247303009033	3.137709617614746	2.2107086181640625	1.5996562242507935
6	472	to	3.693138599395752	4.649637222290039	4.563530921936035	4.632782936096191
6	473	take	5.59805154800415	4.223941326141357	4.524740695953369	4.195291519165039
6	474	place,	9.426856994628906	7.094120025634766	6.761029243469238	7.0081467628479
6	475	Jill	12.078346252441406	12.712709426879883	12.595193862915039	12.207830429077148
6	476	filled	9.516231536865234	8.633235931396484	9.426616668701172	9.144843101501465
6	477	with	3.7490451335906982	3.886528491973877	4.500284194946289	4.591704368591309
6	478	excitement	11.446521759033203	8.486448287963867	4.8910722732543945	4.195905685424805
6	479	while	6.5222930908203125	5.931759834289551	5.502468109130859	4.440328598022461
6	480	Lucy	11.755427360534668	12.316368103027344	12.106832504272461	10.878518104553223
6	481	regretted	12.777613639831543	11.655641555786133	12.183744430541992	12.02363109588623
6	482	that	3.373995065689087	2.2910969257354736	2.538454532623291	2.561600923538208
6	483	she	6.105948448181152	3.040442943572998	1.8069496154785156	1.1060757637023926
6	484	had	4.2017951011657715	2.417603015899658	1.9402375221252441	1.329413652420044
6	485	promised	8.987459182739258	6.580885887145996	6.567014694213867	7.705211639404297
6	486	her	6.172133445739746	3.8325486183166504	2.7209291458129883	2.607445001602173
6	487	mother	7.964726448059082	5.388877868652344	5.851788520812988	4.395780563354492
6	488	she	6.175540924072266	7.059746742248535	6.916893005371094	3.0533053874969482
6	489	would	4.5683794021606445	4.028555870056152	3.159013032913208	1.1201598644256592
6	490	participate	9.1813383102417	7.798527240753174	8.590953826904297	8.569414138793945
6	491	in	2.712986946105957	0.23088963329792023	0.23604178428649902	0.45509403944015503
6	492	the	2.2516236305236816	1.591176152229309	1.0760118961334229	1.5254594087600708
6	493	show.	9.351438522338867	9.238520622253418	7.488217830657959	7.675437927246094
6	494	'To	12.025665283203125	12.257840156555176	12.496339797973633	12.490078926086426
6	495	waste	9.007909774780273	9.143420219421387	9.415094375610352	9.419930458068848
6	496	your	6.077653408050537	2.0878541469573975	1.941046953201294	2.0521674156188965
6	497	talent	9.182211875915527	8.787186622619629	6.774214267730713	6.236543655395508
6	498	would	5.8789825439453125	5.671692848205566	6.4124274253845215	5.249085426330566
6	499	be	3.1582038402557373	1.3105511665344238	0.956779956817627	0.8102478384971619
6	500	a	3.0803616046905518	2.615035057067871	2.5693087577819824	3.5285134315490723
6	501	real	6.694791316986084	4.8400774002075195	4.484035491943359	4.735869884490967
6	502	shame,	12.159921646118164	8.823783874511719	7.7321600914001465	6.6184844970703125
6	503	for	5.229422569274902	4.401928424835205	4.3019256591796875	4.285983085632324
6	504	you	5.812978744506836	3.956145763397217	3.723992347717285	3.8806040287017822
6	505	have	3.6668319702148438	6.132031440734863	2.670605182647705	2.6624910831451416
6	506	such	6.280553817749023	7.068309783935547	6.572452068328857	6.222064018249512
6	507	a	3.223393201828003	0.8465961217880249	0.7979622483253479	0.9592146873474121
6	508	beautiful	8.855427742004395	7.323637962341309	5.754876613616943	4.68170166015625
6	509	voice,'	18.035888671875	16.05109977722168	16.265132904052734	14.143166542053223
6	510	her	6.495057106018066	5.96732234954834	6.123849391937256	6.481908321380615
6	511	mother	7.964726448059082	2.321633815765381	2.244417428970337	2.2393765449523926
6	512	had	5.1506805419921875	3.605870246887207	4.856781005859375	5.104218006134033
6	513	argued	9.487593650817871	8.86817455291748	8.464673042297363	8.398255348205566
6	514	two	6.666901588439941	7.417934417724609	7.2833147048950195	7.84275484085083
6	515	months	7.010464668273926	3.9036550521850586	3.202500104904175	2.6760902404785156
6	516	back,	7.676312446594238	6.356904983520508	7.841030120849609	8.999937057495117
6	517	when	5.291579246520996	3.896353244781494	3.907254219055176	3.364838123321533
6	518	the	2.3767354488372803	2.329468011856079	2.3452272415161133	2.14382266998291
6	519	concert	10.362010955810547	9.696944236755371	9.601842880249023	10.019021987915039
6	520	was	4.981187343597412	2.5184171199798584	1.2628427743911743	1.3923217058181763
6	521	first	6.253538131713867	6.884680271148682	6.741344451904297	6.5087080001831055
6	522	announced.	13.00217056274414	9.313947677612305	7.332516670227051	5.630903244018555
6	523	Lucy	11.064862251281738	11.238103866577148	11.076550483703613	10.921112060546875
6	524	had	5.512795448303223	4.395869731903076	4.241507530212402	3.918596029281616
6	525	been	4.648682117462158	2.0896644592285156	1.9753925800323486	1.7762056589126587
6	526	considering	8.718724250793457	7.93748664855957	8.115580558776855	7.276754379272461
6	527	it,	6.756464004516602	5.3183674812316895	5.65103006362915	5.774465084075928
6	528	for	5.227103233337402	5.427693843841553	5.393928050994873	5.117565155029297
6	529	she	7.49530029296875	5.219837665557861	5.558314800262451	5.774352550506592
6	530	did	5.624976634979248	4.319844722747803	3.9602267742156982	4.061264991760254
6	531	love	8.189794540405273	7.776850700378418	7.954044342041016	6.594596862792969
6	532	to	3.0071582794189453	2.1109166145324707	2.942399501800537	3.4968621730804443
6	533	sing.	12.082306861877441	8.938051223754883	8.267329216003418	6.294288635253906
6	534	That	5.388649940490723	4.843548774719238	4.866876602172852	4.7197794914245605
6	535	very	7.078339576721191	7.003318786621094	7.079319477081299	6.976738929748535
6	536	night,	10.036163330078125	5.071807384490967	3.759643316268921	3.94797945022583
6	537	the	2.9236297607421875	3.5199337005615234	2.380037546157837	2.6881327629089355
6	538	first	5.465792655944824	4.742369651794434	4.850068092346191	5.033341407775879
6	539	text	8.748711585998535	9.623333930969238	9.057186126708984	9.060376167297363
6	540	message	8.478998184204102	4.969213485717773	4.174258232116699	1.7176185846328735
6	541	had	6.0317230224609375	6.827191352844238	5.4716668128967285	5.647749423980713
6	542	come	6.240243911743164	3.521519184112549	4.236823081970215	4.173318862915039
6	543	through.	8.389603614807129	7.57783317565918	5.731039047241211	4.9942450523376465
6	544	'How	11.52098560333252	11.579687118530273	10.621091842651367	10.739931106567383
6	545	does	3.751490592956543	3.6249194145202637	3.8722147941589355	4.237480163574219
6	546	it	3.951251983642578	1.565598726272583	1.5989396572113037	1.4910824298858643
6	547	feel	8.297065734863281	4.823030471801758	0.9926795959472656	0.9490199089050293
6	548	to	3.321582078933716	4.2286553382873535	3.3735599517822266	0.34822168946266174
6	549	be	4.1436285972595215	2.31653094291687	2.402766227722168	1.8258695602416992
6	550	tall	10.419052124023438	10.931407928466797	10.634140968322754	11.101390838623047
6	551	and	2.922219753265381	1.0919957160949707	1.0749783515930176	1.0467857122421265
6	552	lanky	14.43402099609375	8.874074935913086	7.497982501983643	7.159761428833008
6	553	like	7.102896690368652	6.424242973327637	5.109814167022705	4.175851821899414
6	554	a	3.1030328273773193	2.047347068786621	1.345640778541565	1.1272035837173462
6	555	giraffe?'	21.302724838256836	19.09468650817871	18.014324188232422	18.623048782348633
6	556	it	5.697040557861328	6.013390064239502	6.436389446258545	6.04569673538208
6	557	had	5.1790266036987305	4.88210916519165	4.821551322937012	4.804098606109619
6	558	asked,	11.206040382385254	11.700457572937012	6.8705596923828125	7.987645149230957
6	559	taking	8.441699981689453	8.591976165771484	7.938136100769043	5.677454948425293
6	560	Lucy	12.736624717712402	12.24341106414795	12.046432495117188	11.918689727783203
6	561	by	5.444000720977783	6.244161128997803	3.9646739959716797	4.558377742767334
6	562	surprise.	11.525903701782227	11.142253875732422	5.202994346618652	2.5343704223632812
6	563	One	5.355871200561523	5.31948184967041	5.6461710929870605	6.1563801765441895
6	564	of	2.689824342727661	1.1447808742523193	1.1085842847824097	0.9030746221542358
6	565	the	2.347175359725952	0.5464785099029541	0.603705883026123	0.563011884689331
6	566	popular	8.387744903564453	7.929774284362793	8.181024551391602	8.271882057189941
6	567	girls,	11.586540222167969	12.370024681091309	11.913665771484375	10.811171531677246
6	568	Lucy	10.82926082611084	10.837689399719238	10.11483383178711	9.323257446289062
6	569	had	5.512795448303223	3.491244077682495	3.800153970718384	4.431452751159668
6	570	always	6.738304615020752	5.1755547523498535	4.111995220184326	3.8713622093200684
6	571	known	7.662986755371094	4.195711612701416	3.8953638076782227	4.108191013336182
6	572	she	6.69957160949707	6.194659233093262	3.915210485458374	3.2724125385284424
6	573	wasn't,	12.061381340026855	9.308387756347656	8.503220558166504	9.309270858764648
6	574	but	2.0667619705200195	2.137516498565674	1.6588400602340698	1.2812116146087646
6	575	before	6.6731767654418945	7.029271125793457	6.828437328338623	6.717274188995361
6	576	the	2.3761520385742188	2.5359461307525635	3.015132427215576	3.284442901611328
6	577	messages	9.744771003723145	10.67410659790039	10.380265235900879	10.27757453918457
6	578	began,	11.516700744628906	10.916009902954102	8.155338287353516	6.963551998138428
6	579	Lucy	10.706764221191406	10.613626480102539	10.475862503051758	10.095928192138672
6	580	had	5.512795448303223	3.1198348999023438	3.711531162261963	3.5020318031311035
6	581	always	6.738304138183594	5.1755547523498535	5.227654933929443	5.90098762512207
6	582	been	5.956865310668945	1.3033030033111572	1.2020798921585083	1.0836684703826904
6	583	quite	7.348023414611816	6.144565582275391	5.4403228759765625	4.482257843017578
6	584	proud	9.735790252685547	5.635174751281738	8.076579093933105	5.850711822509766
6	585	of	2.510756492614746	0.36659809947013855	0.3178737759590149	0.23690414428710938
6	586	being	6.406808853149414	4.138566493988037	4.391473293304443	4.481314659118652
6	587	a	3.146820068359375	2.231283187866211	1.822173833847046	1.5879017114639282
6	588	little	6.145646095275879	4.725951194763184	5.023431777954102	5.505148887634277
6	589	different.	8.834457397460938	6.565711498260498	5.889078140258789	6.421950340270996
6	590	But	3.4043972492218018	3.8292832374572754	3.756547451019287	3.5043976306915283
6	591	text	9.808666229248047	11.683905601501465	12.311513900756836	12.19487190246582
6	592	by	4.965212345123291	5.261251926422119	5.680424213409424	5.597869873046875
6	593	text,	10.740882873535156	9.24073314666748	9.515962600708008	6.484313011169434
6	594	Lucy's	15.293845176696777	15.895283699035645	16.146730422973633	14.366952896118164
6	595	self-confidence	11.907607078552246	11.367010116577148	11.811966896057129	12.229169845581055
6	596	had	6.053472518920898	4.157864093780518	3.8980941772460938	3.822354316711426
6	597	deflated	12.189752578735352	10.06592082977295	9.847792625427246	10.02320384979248
6	598	and,	8.587506294250488	8.391695022583008	6.149653911590576	6.827479362487793
6	599	in	2.19669771194458	2.061424732208252	2.332951545715332	2.1076419353485107
6	600	the	2.2516236305236816	1.9940253496170044	2.0813236236572266	1.9263678789138794
6	601	end,	9.454381942749023	6.9483842849731445	2.49662709236145	1.6764088869094849
6	602	it	3.626368284225464	3.6675820350646973	3.2499828338623047	2.5663771629333496
6	603	had	5.179027080535889	4.656085968017578	4.675380706787109	4.6680450439453125
6	604	taken	6.6435370445251465	4.28230094909668	4.705650329589844	4.566262245178223
6	605	some	5.824173450469971	4.969887733459473	4.285830497741699	4.023303031921387
6	606	doing	8.575650215148926	10.290035247802734	8.640252113342285	6.943521022796631
6	607	to	3.237492799758911	3.960221529006958	2.3932650089263916	2.3049404621124268
6	608	get	5.017148017883301	3.2559685707092285	3.553809642791748	2.5426411628723145
6	609	her	6.172904014587402	4.787676811218262	4.522343635559082	4.653378009796143
6	610	to	3.758821964263916	2.5126264095306396	2.020789861679077	1.8461297750473022
6	611	agree	8.164751052856445	7.596395492553711	6.319255828857422	4.904338359832764
6	612	to	2.310591459274292	0.9321998357772827	0.3527519702911377	0.3180536925792694
6	613	perform	8.258634567260742	6.095656394958496	6.853853702545166	5.964857578277588
6	614	in	3.5588011741638184	3.4915757179260254	3.735597610473633	3.937376022338867
6	615	the	2.2516236305236816	1.7981503009796143	1.6015846729278564	1.8188083171844482
6	616	show.	9.351438522338867	9.238520622253418	9.299468994140625	8.658951759338379
6	617	Now,	6.856863021850586	6.835634708404541	6.814977169036865	7.039705753326416
6	618	however,	5.540982246398926	5.136593818664551	5.186870574951172	5.380609512329102
6	619	Lucy	11.21137523651123	11.295653343200684	10.8250093460083	10.306903839111328
6	620	had	5.512795448303223	3.4175875186920166	3.285339593887329	4.722972869873047
6	621	no	5.174587249755859	3.9785547256469727	3.295295476913452	3.295123338699341
6	622	choice	8.141862869262695	3.6434402465820312	3.26308012008667	3.0185916423797607
6	623	but	5.923293590545654	0.23872584104537964	0.1629190891981125	0.09722420573234558
6	624	to	3.9812357425689697	3.7781693935394287	0.042694367468357086	0.016303306445479393
6	625	make	5.160298824310303	3.6705241203308105	3.7124459743499756	4.1267619132995605
6	626	her	5.61834192276001	4.641456604003906	4.763298034667969	4.538760662078857
6	627	way	6.519308090209961	5.20796012878418	4.109014987945557	6.0131306648254395
6	628	towards	7.974462509155273	5.467344284057617	5.446300506591797	4.814892292022705
6	629	the	1.8153254985809326	2.190965414047241	1.2159587144851685	1.1972891092300415
6	630	stage	8.884810447692871	7.434966087341309	8.03209114074707	6.757658958435059
6	631	where	6.121821403503418	4.061750888824463	4.112287998199463	2.145941734313965
6	632	Jill	11.801300048828125	10.757920265197754	10.774885177612305	10.780232429504395
6	633	was	4.165897369384766	3.1903555393218994	2.9539995193481445	3.2264232635498047
6	634	beckoning	13.240182876586914	12.937435150146484	11.992353439331055	11.67671012878418
6	635	encouragingly	15.206168174743652	15.246834754943848	13.471282958984375	13.984092712402344
6	636	to	4.686651706695557	1.593498945236206	1.476274847984314	1.561746597290039
6	637	her.	8.787799835205078	7.7869672775268555	7.017144203186035	5.906834602355957
6	638	She	2.133319854736328	2.0511474609375	2.322744846343994	2.366551160812378
6	639	was	3.3951945304870605	2.3224384784698486	2.238471746444702	2.443537712097168
6	640	the	2.8936266899108887	3.3033647537231445	4.2512593269348145	4.141647815704346
6	641	first	5.465792655944824	2.617105007171631	2.0508711338043213	2.64060115814209
6	642	performer.	13.774408340454102	15.351510047912598	14.820056915283203	13.6079683303833
6	643	Lucy,	13.373189926147461	13.037186622619629	13.127111434936523	12.916301727294922
6	644	announced	9.403247833251953	11.1390962600708	10.35836124420166	10.364767074584961
6	645	by	4.190219879150391	5.129785537719727	3.0091583728790283	3.2338662147521973
6	646	her	6.156216621398926	5.754112243652344	2.6094295978546143	2.383131742477417
6	647	sister	8.748296737670898	5.762829780578613	5.720782279968262	4.314375877380371
6	648	to	3.3359367847442627	3.429314613342285	3.650395393371582	3.872063398361206
6	649	the	2.6109485626220703	2.490051746368408	2.9480392932891846	3.719787359237671
6	650	audience,	10.636281967163086	9.098769187927246	8.926355361938477	8.962944984436035
6	651	was	6.151262283325195	5.736908912658691	5.686810493469238	5.344752788543701
6	652	all	5.286409378051758	5.879205703735352	5.830219268798828	6.080142021179199
6	653	nerves	12.281156539916992	10.973983764648438	11.10064697265625	10.692221641540527
6	654	as	4.296957015991211	3.614743709564209	3.9671802520751953	4.087307929992676
6	655	she	6.180377960205078	2.875882625579834	4.176498889923096	2.8849830627441406
6	656	walked	8.471673011779785	4.5808515548706055	4.188626289367676	4.17122745513916
6	657	out	4.927545547485352	2.1565656661987305	2.7222187519073486	3.2062556743621826
6	658	onto	8.971662521362305	4.895429611206055	3.651951551437378	3.50345778465271
6	659	the	1.914100170135498	0.6865926384925842	0.4096318185329437	0.3003208041191101
6	660	middle	7.912604331970215	7.492801666259766	7.589698791503906	8.042019844055176
6	661	of	2.408236026763916	0.5702997446060181	0.3987986743450165	0.47854796051979065
6	662	the	2.347175359725952	0.8364382386207581	0.8794835805892944	0.5530820488929749
6	663	stage,	10.393134117126465	10.125926971435547	7.970278263092041	7.1175432205200195
6	664	where	4.33194637298584	4.864645004272461	4.726044654846191	4.658213138580322
6	665	there	5.468393325805664	4.772111892700195	4.72123908996582	4.400181293487549
6	666	was	3.6963109970092773	1.9368478059768677	1.4412050247192383	1.2916347980499268
6	667	nothing	7.770360946655273	3.162126064300537	3.7743005752563477	4.147830486297607
6	668	but	5.4041361808776855	1.8062396049499512	3.6014134883880615	3.466034412384033
6	669	a	3.591928243637085	1.7466871738433838	1.055243968963623	2.4669923782348633
6	670	microphone	11.025286674499512	9.985529899597168	10.916664123535156	11.858648300170898
6	671	and	2.8506462574005127	1.7592905759811401	2.71602725982666	1.6219971179962158
6	672	her.	12.35390853881836	14.547813415527344	12.951480865478516	12.377440452575684
6	673	She	2.133319854736328	2.2261288166046143	2.212181329727173	2.0034680366516113
6	674	heard	7.272639751434326	6.2439470291137695	6.521701335906982	6.118915557861328
6	675	the	2.6586437225341797	1.8148901462554932	1.9282982349395752	1.8627351522445679
6	676	audience	8.909666061401367	7.434520721435547	8.086831092834473	8.632033348083496
6	677	applaud	12.028604507446289	8.463851928710938	7.02723503112793	3.8649826049804688
6	678	and	3.3297903537750244	2.7462735176086426	2.63114070892334	2.425934314727783
6	679	could	6.790335655212402	8.17600154876709	8.753068923950195	8.417277336120605
6	680	feel	6.731468200683594	6.737532138824463	6.5981245040893555	4.748095512390137
6	681	a	3.234661340713501	3.0178627967834473	2.9072041511535645	2.9146318435668945
6	682	sense	7.808650970458984	3.4602677822113037	3.0413010120391846	3.9087114334106445
6	683	of	2.4667391777038574	0.25567299127578735	0.08935873955488205	0.027088847011327744
6	684	anticipation	11.809137344360352	8.353397369384766	7.193423748016357	6.285635948181152
6	685	emanate	15.991422653198242	16.08253288269043	14.660529136657715	14.758650779724121
6	686	from	1.413163423538208	0.2006104439496994	0.17951014637947083	0.13961777091026306
6	687	the	2.1682446002960205	0.8294727802276611	0.9085988402366638	0.9606444835662842
6	688	other	5.777846336364746	5.738035678863525	5.619558811187744	5.5743632316589355
6	689	side	7.273684501647949	2.82143497467041	1.6451497077941895	1.8755104541778564
6	690	of	2.457911729812622	0.689939558506012	0.33947283029556274	0.2190745770931244
6	691	the	2.347175359725952	0.8165240287780762	0.5814237594604492	0.35224074125289917
6	692	heavy	8.490565299987793	9.29690933227539	9.697035789489746	10.473234176635742
6	693	curtain.	13.981485366821289	11.709146499633789	11.991403579711914	9.038885116577148
6	694	As	4.430166244506836	4.338613510131836	4.194418907165527	4.195566177368164
6	695	the	2.734726905822754	2.0952558517456055	2.1103813648223877	1.8814184665679932
6	696	curtains	12.43639087677002	10.734338760375977	6.915611267089844	6.338711261749268
6	697	began	8.094738006591797	7.380807399749756	5.201577186584473	4.080881595611572
6	698	to	2.496319532394409	0.30792132019996643	0.19583994150161743	0.10108702629804611
6	699	part,	10.840523719787598	13.063526153564453	11.551238059997559	11.005582809448242
6	700	she	4.981234550476074	4.770962238311768	4.408530235290527	4.907132148742676
6	701	cast	8.791460990905762	9.256702423095703	9.098038673400879	8.50894546508789
6	702	a	3.5608909130096436	1.8148819208145142	1.6116220951080322	1.5575593709945679
6	703	worried	10.183934211730957	10.79483699798584	8.731260299682617	8.075726509094238
6	704	look	8.541152000427246	3.199829339981079	1.0529155731201172	1.5450741052627563
6	705	at	3.407163619995117	1.8385738134384155	3.8391871452331543	2.667776107788086
6	706	Jill	12.170499801635742	11.92565631866455	10.905535697937012	10.01884937286377
6	707	in	4.111454963684082	4.898839473724365	4.314115524291992	3.834221839904785
6	708	the	2.2516236305236816	1.6274775266647339	1.996412754058838	1.5659478902816772
6	709	wings,	12.214820861816406	11.094794273376465	10.58693790435791	10.654491424560547
6	710	who	6.388143062591553	6.640628814697266	6.422380447387695	5.384787559509277
6	711	assured	10.294334411621094	9.069493293762207	8.64731216430664	8.895615577697754
6	712	her	6.012453556060791	2.352975368499756	3.1475934982299805	2.7321062088012695
6	713	with	5.460530757904053	5.429845809936523	5.985016822814941	6.078510761260986
6	714	a	2.9099040031433105	1.9227893352508545	1.5656793117523193	1.2974166870117188
6	715	positive	8.270599365234375	6.781893730163574	8.549203872680664	6.625117778778076
6	716	thumbs	12.651006698608398	10.972524642944336	9.84906005859375	10.188824653625488
6	717	up.	6.959739685058594	2.1254618167877197	2.186717987060547	1.9484364986419678
6	718	Lucy	10.579322814941406	10.028951644897461	11.33968734741211	11.213472366333008
6	719	thought	8.275060653686523	5.531927108764648	6.153584957122803	6.5189714431762695
6	720	to	3.0018911361694336	2.767726421356201	3.4122960567474365	2.9643657207489014
6	721	herself	10.40588092803955	7.168553829193115	1.7570140361785889	0.9625429511070251
6	722	that	4.160735130310059	3.2226767539978027	0.9991928935050964	2.2152552604675293
6	723	she	6.105948448181152	1.6948790550231934	1.1996006965637207	1.2154861688613892
6	724	could	4.9642133712768555	3.636502742767334	3.2291228771209717	3.0879132747650146
6	725	not	3.865295886993408	2.5151450634002686	1.954156517982483	1.7584614753723145
6	726	go	6.097469329833984	5.4481635093688965	5.36618709564209	5.339123725891113
6	727	through	5.574956893920898	3.6451594829559326	2.967632293701172	3.0539162158966064
6	728	with	5.195244789123535	3.456765651702881	1.3400604724884033	0.7276664972305298
6	729	this	4.893160820007324	4.258752822875977	3.4010322093963623	3.005378007888794
6	730	and	4.162876605987549	5.066659927368164	5.07943058013916	3.5948691368103027
6	731	that	4.750967979431152	3.2297613620758057	2.999831199645996	3.461960554122925
6	732	she,	11.925030708312988	9.583122253417969	10.920482635498047	10.905909538269043
6	733	unlike	8.676467895507812	6.641983985900879	5.542189598083496	6.090641975402832
6	734	her	6.478544235229492	2.411013603210449	2.439390182495117	2.558259963989258
6	735	older	8.891077041625977	5.719882965087891	4.69182825088501	4.995079040527344
6	736	sister,	10.086946487426758	2.3055334091186523	2.1625750064849854	1.370157241821289
6	737	was	4.853450775146484	4.790716648101807	5.356627941131592	6.296182632446289
6	738	not	4.223221302032471	4.287019729614258	4.509786605834961	4.433331489562988
6	739	confident	9.955434799194336	8.248799324035645	8.130138397216797	8.318522453308105
6	740	enough	7.632887363433838	4.398746967315674	3.5248231887817383	3.1667323112487793
6	741	to	2.3222620487213135	0.26568832993507385	0.5994250774383545	0.6171385645866394
6	742	put	6.714383125305176	5.415940284729004	4.984821796417236	4.860334873199463
6	743	herself	8.642241477966309	7.517546653747559	7.9031548500061035	6.9030609130859375
6	744	before	6.498988151550293	5.839330673217773	5.098970890045166	5.253278732299805
6	745	the	2.3761520385742188	2.359295129776001	1.1417596340179443	0.9214780926704407
6	746	judging	11.373832702636719	11.935651779174805	10.548460006713867	9.47963809967041
6	747	audience.	12.732966423034668	9.897906303405762	10.499261856079102	8.230358123779297
6	748	The	2.6588644981384277	2.567204713821411	2.243520498275757	2.1550045013427734
6	749	crowd	8.886070251464844	6.221081733703613	5.490558624267578	5.4874067306518555
6	750	looked	8.530561447143555	5.801049709320068	5.907698154449463	5.85660982131958
6	751	up	4.829092502593994	3.3273301124572754	2.7025461196899414	2.927401065826416
6	752	at	4.469524383544922	1.3770586252212524	1.0693631172180176	1.229191541671753
6	753	her	6.17624568939209	5.171101093292236	2.5000836849212646	3.2835466861724854
6	754	and	3.800236940383911	4.377084732055664	4.118960857391357	1.938810110092163
6	755	Lucy	11.766989707946777	8.95437240600586	9.441600799560547	9.963323593139648
6	756	was	4.476751327514648	4.101458549499512	3.8475801944732666	3.538790702819824
6	757	ready	7.976276397705078	7.162067413330078	6.286847114562988	5.800605773925781
6	758	to	1.7978034019470215	0.3506661355495453	0.3644225001335144	0.3437897562980652
6	759	run	6.764494895935059	5.613288402557373	5.497012138366699	5.043025970458984
6	760	when	5.701906204223633	5.980000019073486	5.808506011962891	5.079392910003662
6	761	the	2.3767354488372803	2.1390480995178223	2.160413980484009	1.984403371810913
6	762	first	5.465792655944824	4.907862663269043	5.086357593536377	5.407606601715088
6	763	notes	9.729612350463867	10.022149085998535	9.27351188659668	9.264320373535156
6	764	of	2.9421825408935547	2.143620491027832	1.0820974111557007	1.144377589225769
6	765	the	2.347175359725952	1.8479735851287842	1.2904107570648193	1.0720876455307007
6	766	music	8.454964637756348	8.337059020996094	8.57789421081543	7.853198051452637
6	767	sounded	10.234435081481934	8.282646179199219	8.725271224975586	8.912149429321289
6	768	out	4.986545562744141	4.6196699142456055	5.263210773468018	5.1016764640808105
6	769	and	3.4383132457733154	3.7887845039367676	3.2019972801208496	2.9061543941497803
6	770	a	3.8303797245025635	5.273223876953125	4.513327598571777	4.351715564727783
6	771	sudden	9.692842483520508	8.244685173034668	7.574545860290527	6.232656478881836
6	772	calm	10.724733352661133	7.914217948913574	7.538913249969482	7.405941963195801
6	773	settled	10.569645881652832	8.563032150268555	8.014732360839844	6.306604385375977
6	774	over	5.7713823318481445	3.5569233894348145	1.631269097328186	1.3438738584518433
6	775	her.	9.023059844970703	7.857194900512695	4.7922139167785645	3.4332170486450195
6	776	She	2.133319854736328	1.916141152381897	2.0478310585021973	1.8265190124511719
6	777	closed	8.755250930786133	6.962523937225342	6.539562225341797	6.394632816314697
6	778	her	6.138828754425049	0.9158238172531128	0.219313383102417	0.24732550978660583
6	779	eyes	7.889307022094727	2.3325414657592773	0.5970951914787292	0.40691810846328735
6	780	and	2.7540600299835205	2.5514633655548096	1.485885739326477	0.5166398286819458
6	781	shut	9.478092193603516	7.653217315673828	6.802699565887451	5.794371128082275
6	782	everything	8.519786834716797	6.989389419555664	7.19306755065918	9.212625503540039
6	783	out,	8.244142532348633	5.261808395385742	5.146033763885498	4.037841796875
6	784	including	6.213347911834717	4.657964706420898	4.589329719543457	4.514914035797119
6	785	the	2.350114345550537	2.1080286502838135	1.962165355682373	1.5266790390014648
6	786	audience,	10.636281967163086	11.300773620605469	11.030619621276855	10.80439281463623
6	787	the	3.2611770629882812	2.974902868270874	2.5483920574188232	3.377070665359497
6	788	nerves	11.780766487121582	11.444501876831055	10.655752182006836	11.590621948242188
6	789	that	3.905240535736084	2.5252113342285156	3.0572471618652344	3.390437126159668
6	790	threatened	9.658297538757324	7.781813144683838	8.20906925201416	6.705410480499268
6	791	to	2.657607078552246	1.1027344465255737	0.721635639667511	0.8819672465324402
6	792	take	5.59805154800415	3.7200329303741455	4.2533721923828125	4.7382402420043945
6	793	over,	8.881250381469727	6.652680397033691	5.9283447265625	6.425800800323486
6	794	the	3.2745611667633057	3.4005651473999023	3.2443361282348633	3.112017869949341
6	795	text	8.470868110656738	8.326761245727539	9.157981872558594	9.329156875610352
6	796	messages,	10.465740203857422	8.980722427368164	9.293031692504883	9.206859588623047
6	797	and	2.3466410636901855	2.485811948776245	2.3806369304656982	1.9369547367095947
6	798	the	3.0785820484161377	3.08402681350708	2.9352807998657227	2.5098180770874023
6	799	way	6.267070770263672	6.144937515258789	5.350914001464844	5.408660411834717
6	800	they	5.308669567108154	3.21368408203125	2.3244874477386475	2.109248399734497
6	801	made	5.811518669128418	5.895682334899902	5.5999274253845215	5.445683002471924
6	802	her	5.773838520050049	4.986734390258789	4.876644134521484	4.575514793395996
6	803	feel.	11.400920867919922	7.574069976806641	6.11089563369751	3.720534563064575
6	804	It	3.1466283798217773	3.4157392978668213	3.3086514472961426	3.3401639461517334
6	805	was	3.412656545639038	1.6255265474319458	1.302475929260254	0.8360375165939331
6	806	just	5.208093643188477	4.0572381019592285	3.1591153144836426	3.8574326038360596
6	807	her	7.002813339233398	6.448945999145508	5.843806266784668	6.220559120178223
6	808	and	3.800236940383911	4.231133460998535	3.705357074737549	3.485790491104126
6	809	the	3.0785820484161377	3.53464412689209	3.375722885131836	3.4825332164764404
6	810	music,	10.48731803894043	10.410752296447754	10.868156433105469	10.358766555786133
6	811	and	2.054239511489868	1.9621955156326294	1.9835835695266724	1.728278636932373
6	812	it	5.259035587310791	3.8734331130981445	3.375657081604004	3.4262208938598633
6	813	was	3.875565528869629	2.145947217941284	1.8408921957015991	1.7161366939544678
6	814	a	3.061190605163574	2.5433082580566406	2.5918545722961426	2.278907299041748
6	815	love	8.142180442810059	7.9216203689575195	8.157820701599121	7.82542610168457
6	816	story	8.765734672546387	3.072981834411621	2.5090065002441406	2.9056010246276855
6	817	that	3.9012222290039062	2.9788174629211426	2.617647886276245	2.2729074954986572
6	818	had	5.777712821960449	4.648838996887207	4.994714260101318	5.370477676391602
6	819	been	4.648682117462158	1.2428725957870483	1.541469693183899	1.8590714931488037
6	820	going	5.871517658233643	5.686462879180908	5.5126752853393555	4.654526710510254
6	821	on	3.8005928993225098	2.211247205734253	1.0679972171783447	0.20297783613204956
6	822	her	5.90471887588501	6.311184883117676	6.729208946228027	7.2333984375
6	823	whole	7.8334197998046875	7.6140031814575195	6.9562249183654785	6.115285396575928
6	824	life.	8.553505897521973	2.196671962738037	2.0553035736083984	1.5639218091964722
6	825	She	4.273969650268555	4.4156494140625	2.3378663063049316	1.951011061668396
6	826	began	6.789983749389648	5.703010559082031	5.960971832275391	6.027291297912598
6	827	to	2.496319532394409	0.7853085994720459	1.1828017234802246	1.1696146726608276
6	828	sing,	12.088461875915527	10.14282512664795	6.919637680053711	8.1181640625
6	829	and	2.7107651233673096	1.951591968536377	1.8642603158950806	1.6038473844528198
6	830	all	5.6630988121032715	5.043920516967773	5.10833740234375	5.103449821472168
6	831	the	2.9048948287963867	1.893864631652832	1.7357466220855713	1.6876952648162842
6	832	pain	8.843161582946777	7.514458179473877	7.749321937561035	8.153437614440918
6	833	and	2.9830024242401123	2.0149903297424316	1.4903209209442139	1.3938590288162231
6	834	confusion	10.890979766845703	6.446821212768555	5.114378452301025	4.976975440979004
6	835	that	3.665949821472168	3.640937089920044	2.663886547088623	1.5086305141448975
6	836	the	2.915968894958496	2.597553253173828	3.4465525150299072	3.9844307899475098
6	837	messages	9.744771003723145	9.295038223266602	9.092865943908691	8.945489883422852
6	838	had	6.057623863220215	6.049798965454102	4.535227298736572	3.9634552001953125
6	839	been	4.648682117462158	0.7728063464164734	1.0051536560058594	0.6976158022880554
6	840	causing	9.035212516784668	8.458237648010254	9.338042259216309	8.883275985717773
6	841	inside	9.00314998626709	12.1141357421875	11.874024391174316	11.535091400146484
6	842	her	6.158119201660156	4.36892032623291	4.684294700622559	3.9761903285980225
6	843	just	6.43880033493042	8.4908447265625	7.129517555236816	6.485877990722656
6	844	flowed	11.856931686401367	11.086838722229004	11.216184616088867	10.36473560333252
6	845	out.	7.519283294677734	4.816837310791016	5.107404708862305	4.077859878540039
6	846	The	2.729544162750244	2.255887031555176	2.472217082977295	3.184898614883423
6	847	words	8.398462295532227	7.19019889831543	7.012199401855469	6.815188407897949
6	848	were	5.84628963470459	3.5757579803466797	2.540337562561035	2.055722713470459
6	849	not	4.446659564971924	3.4146807193756104	3.3438916206359863	3.3639421463012695
6	850	important,	10.367353439331055	10.209105491638184	8.675046920776367	9.825532913208008
6	851	for	5.079706192016602	5.0068793296813965	4.950662136077881	4.8126726150512695
6	852	it	5.5684075355529785	3.086977005004883	2.6283278465270996	2.900164842605591
6	853	was	3.875565528869629	3.850494623184204	2.4526100158691406	2.6339335441589355
6	854	the	2.8936269283294678	3.2203640937805176	2.94207501411438	2.623203754425049
6	855	feeling	9.047234535217285	7.997709274291992	7.691174507141113	6.626852512359619
6	856	behind	7.8596062660217285	7.234309673309326	6.459567546844482	6.451447010040283
6	857	them	6.7763471603393555	3.547058582305908	4.520560264587402	4.692861080169678
6	858	that	4.084165096282959	3.9665703773498535	3.3824920654296875	2.456834316253662
6	859	she	6.105948448181152	4.737071990966797	4.18662166595459	4.423923492431641
6	860	latched	11.443872451782227	11.700282096862793	11.89281940460205	12.150935173034668
6	861	onto.	7.876665115356445	5.015303134918213	4.8721113204956055	4.548704147338867
6	862	Lucy	10.694600105285645	10.248509407043457	9.094797134399414	9.465120315551758
6	863	was	4.476751327514648	3.009910821914673	2.6876349449157715	2.6376583576202393
6	864	in	3.771127700805664	4.154833793640137	3.9404406547546387	4.124300003051758
6	865	the	2.2516236305236816	1.6064380407333374	1.6203745603561401	1.5925878286361694
6	866	heart	8.061223983764648	6.621896743774414	6.416662693023682	6.820935249328613
6	867	of	2.506453037261963	0.2962470054626465	0.08579164743423462	0.030922990292310715
6	868	the	2.347175359725952	1.1593563556671143	1.1443893909454346	1.4249895811080933
6	869	song	9.077349662780762	8.266834259033203	7.746753692626953	8.963988304138184
6	870	with	4.335232734680176	4.46730375289917	4.559464931488037	4.286284446716309
6	871	the	2.270246982574463	2.3285939693450928	1.9341652393341064	1.9449032545089722
6	872	rest	7.761649131774902	5.621417045593262	5.1385416984558105	5.083200931549072
6	873	of	1.9675014019012451	0.13802671432495117	0.06431204080581665	0.08273816108703613
6	874	the	2.347175359725952	0.5848842263221741	0.42394202947616577	0.587769627571106
6	875	world	6.605999946594238	5.259073734283447	3.45306396484375	2.9782891273498535
6	876	slipping	12.042045593261719	12.034258842468262	11.712040901184082	11.475173950195312
6	877	away.	8.75019645690918	3.5588760375976562	3.369612455368042	3.1683077812194824
6	878	When	4.586574554443359	4.564492225646973	4.99631404876709	4.995815277099609
6	879	the	2.5399932861328125	2.217371940612793	2.2574896812438965	1.9637986421585083
6	880	song	9.077349662780762	7.275146484375	7.530444622039795	7.268336772918701
6	881	finished	10.191381454467773	9.098624229431152	5.395089149475098	4.934047698974609
6	882	and	3.7172529697418213	2.5421712398529053	2.1435136795043945	2.332075595855713
6	883	the	3.0785820484161377	3.4432196617126465	2.439608573913574	2.4176814556121826
6	884	last	6.058514595031738	6.447796821594238	5.329062461853027	5.050762176513672
6	885	note	9.14334487915039	8.436062812805176	7.923301696777344	7.693601608276367
6	886	died	10.560970306396484	11.496255874633789	10.565834045410156	10.237589836120605
6	887	away,	9.8811674118042	8.434612274169922	8.075383186340332	7.054687976837158
6	888	she	4.426156997680664	3.740649938583374	4.488622665405273	4.927408218383789
6	889	opened	8.266738891601562	6.024722576141357	7.031760215759277	6.408394813537598
6	890	her	5.690044403076172	1.261610984802246	0.7657431364059448	1.0362962484359741
6	891	eyes.	9.612954139709473	4.51513147354126	2.9616646766662598	2.8681726455688477
6	892	To	5.822923183441162	6.481932640075684	6.486049652099609	6.464929580688477
6	893	see	5.633793830871582	3.9025497436523438	4.067171096801758	3.941971778869629
6	894	the	2.385699987411499	1.8674319982528687	2.14628005027771	2.4496374130249023
6	895	whole	7.295782566070557	5.435579776763916	4.848229885101318	5.047611713409424
6	896	audience	9.431550979614258	8.252421379089355	8.369063377380371	9.799656867980957
6	897	on	4.205803871154785	4.53962516784668	4.938446044921875	4.472113132476807
6	898	their	5.125129699707031	4.463834285736084	4.337244987487793	3.10245943069458
6	899	feet	8.957902908325195	5.803404808044434	6.885910511016846	5.699126243591309
6	900	and	2.8297483921051025	1.7660253047943115	1.4575049877166748	1.4027019739151
6	901	the	3.0785820484161377	3.4750845432281494	3.8327748775482178	4.155466079711914
6	902	hall	10.544689178466797	10.760872840881348	10.52777099609375	9.815702438354492
6	903	filled	8.834817886352539	7.035125255584717	5.755585670471191	6.007913589477539
6	904	with	3.7490451335906982	0.10694832354784012	0.0663532242178917	0.14064905047416687
6	905	cheers	12.445302963256836	9.934818267822266	8.074601173400879	7.716707229614258
6	906	and	2.947235345840454	1.1595317125320435	0.623586118221283	0.5651271343231201
6	907	applause	12.646024703979492	2.8888282775878906	2.2921266555786133	2.55191707611084
6	908	was	5.038050651550293	4.012330055236816	5.3107757568359375	6.2033843994140625
6	909	not	4.223221302032471	3.9221115112304688	4.2785444259643555	4.5067548751831055
6	910	what	6.052759170532227	6.190738201141357	4.980005741119385	5.411799430847168
6	911	Lucy	12.018943786621094	11.516633987426758	11.786980628967285	11.739419937133789
6	912	had	5.512795448303223	3.1424732208251953	3.0019233226776123	2.3909127712249756
6	913	expected.	9.908342361450195	9.935726165771484	7.344666481018066	4.1057233810424805
6	914	Lucy	11.292206764221191	10.927555084228516	8.769235610961914	4.372405052185059
6	915	allowed	9.281426429748535	9.425324440002441	8.892171859741211	8.645028114318848
6	916	herself	9.044776916503906	3.1076316833496094	1.8632179498672485	1.2113020420074463
6	917	to	2.7252814769744873	0.2807823717594147	0.2743774354457855	0.508639395236969
6	918	enjoy	8.398560523986816	7.329563617706299	5.7555437088012695	4.995697975158691
6	919	the	2.3695738315582275	1.3699414730072021	1.4685392379760742	1.2374725341796875
6	920	sense	8.33527660369873	6.629812240600586	7.669675827026367	7.788442134857178
6	921	of	2.4667389392852783	0.7894072532653809	0.1141887679696083	0.040446359664201736
6	922	achievement	11.139034271240234	7.362368583679199	7.340166091918945	6.02623176574707
6	923	and	3.0354998111724854	1.9664018154144287	1.7027748823165894	1.5513319969177246
6	924	belonging	10.703908920288086	10.268022537231445	8.841364860534668	7.126131534576416
6	925	that	4.058856964111328	7.302145481109619	5.064877510070801	5.726138591766357
6	926	she	6.105948448181152	5.234783172607422	5.007201671600342	4.987793922424316
6	927	had	4.2017951011657715	2.417603015899658	2.1473028659820557	2.0265798568725586
6	928	not	4.589385986328125	4.304533958435059	3.8643200397491455	3.9794576168060303
6	929	felt	9.268433570861816	6.0721330642700195	5.910794258117676	5.594817161560059
6	930	in	3.521231174468994	4.419478416442871	4.49629020690918	4.254319190979004
6	931	a	3.1250689029693604	2.5818662643432617	2.544522762298584	2.1332883834838867
6	932	very	5.766302108764648	4.73561954498291	3.9382596015930176	3.6093263626098633
6	933	long	6.175599098205566	3.9850168228149414	3.9083571434020996	5.841124534606934
6	934	time.	7.201284885406494	4.879847526550293	2.494720935821533	1.7447788715362549
6	935	Then	5.5317702293396	5.665093421936035	5.390753746032715	5.481484889984131
6	936	she	5.797662734985352	3.6297731399536133	3.342423439025879	3.7226076126098633
6	937	saw	7.151843070983887	5.072009086608887	5.034625053405762	4.395564556121826
6	938	her	5.76324462890625	2.7996137142181396	2.987868070602417	2.959134340286255
6	939	mother,	8.973798751831055	6.7396345138549805	5.952164649963379	5.089898586273193
6	940	who	2.535048007965088	2.312067985534668	1.8727197647094727	2.1176671981811523
6	941	was	4.020086288452148	1.8692020177841187	1.7981709241867065	1.2975386381149292
6	942	cheering	11.737278938293457	9.420705795288086	11.120688438415527	10.354921340942383
6	943	the	3.017669677734375	2.897409439086914	3.059154510498047	3.1351380348205566
6	944	loudest	10.86215591430664	7.535029411315918	7.933711051940918	8.881341934204102
6	945	of	3.130972385406494	3.089198112487793	2.797421455383301	3.316662311553955
6	946	all	5.540098190307617	1.923383355140686	3.3246922492980957	4.398900985717773
6	947	in	4.079563140869141	5.811529159545898	3.872976303100586	4.948589324951172
6	948	the	2.2516236305236816	1.4255260229110718	1.2341828346252441	1.4300857782363892
6	949	crowd,	10.712722778320312	9.539888381958008	9.50169563293457	10.363532066345215
6	950	and	2.3360519409179688	2.2535572052001953	2.3201117515563965	2.0906407833099365
6	951	Jill,	14.842852592468262	15.921859741210938	15.387185096740723	15.418455123901367
6	952	who	2.4113385677337646	2.55267071723938	1.760913610458374	1.6434502601623535
6	953	was	4.020086288452148	2.0526371002197266	2.5933477878570557	1.7680774927139282
6	954	beaming	10.94969367980957	10.91812515258789	10.358064651489258	10.216483116149902
6	955	at	4.127050399780273	2.4655814170837402	1.7972649335861206	1.847729206085205
6	956	her	6.17624568939209	3.5886147022247314	2.795335292816162	2.25996732711792
6	957	with	5.460530757904053	5.347068786621094	2.501110076904297	2.0151185989379883
6	958	pride	10.942392349243164	8.537932395935059	7.683550834655762	5.077948570251465
6	959	from	4.664671897888184	5.487626552581787	5.261671543121338	5.702897548675537
6	960	the	2.1682446002960205	1.7199599742889404	1.6682593822479248	1.4255521297454834
6	961	wings.	12.168889999389648	11.554232597351074	12.660107612609863	12.4703950881958
6	962	She	4.317473411560059	4.394016265869141	4.553910732269287	4.26225471496582
6	963	knew	7.051912307739258	5.029937744140625	4.975436687469482	5.013618469238281
6	964	she	5.935568809509277	2.36637020111084	2.384854316711426	2.38596248626709
6	965	owed	10.386238098144531	7.820880889892578	6.852402687072754	6.975577354431152
6	966	them	6.0738630294799805	3.453948974609375	3.498897075653076	4.139011859893799
6	967	big	8.22623062133789	7.043587684631348	6.751631736755371	7.1954874992370605
6	968	time	6.268495559692383	3.2351956367492676	2.4626994132995605	3.496659755706787
6	969	for	3.850735902786255	2.489379405975342	2.5749454498291016	2.0615527629852295
6	970	reminding	11.61917781829834	11.854680061340332	12.274195671081543	11.821748733520508
6	971	her	5.543537616729736	3.4612438678741455	3.4644861221313477	4.645581245422363
6	972	what	7.102835655212402	3.4047133922576904	4.080209732055664	4.482325077056885
6	973	she	5.865694046020508	1.9768931865692139	1.6005603075027466	1.4878513813018799
6	974	was	3.420480251312256	2.4378018379211426	2.049910545349121	1.3358945846557617
6	975	capable	8.896627426147461	8.013340950012207	5.925591468811035	5.859897613525391
6	976	of	2.385615348815918	0.08910148590803146	0.17648334801197052	0.5474444031715393
6	977	and	4.769514083862305	7.728477954864502	6.338864326477051	5.229503631591797
6	978	who	6.384149551391602	6.693509101867676	7.274206161499023	6.866641044616699
6	979	she	6.192386627197266	5.907866477966309	5.741778373718262	5.879727363586426
6	980	really	6.423330307006836	5.641915321350098	4.8654680252075195	4.624701499938965
6	981	was.	8.183445930480957	5.978338241577148	3.148721694946289	2.973158836364746
6	982	The	2.8139374256134033	3.039849042892456	3.525622844696045	3.3298792839050293
6	983	next	6.751924514770508	5.096078872680664	5.160722732543945	4.584018230438232
6	984	time	5.702680587768555	2.6061034202575684	2.833127498626709	2.699115037918091
6	985	her	6.86122465133667	6.997270584106445	7.889101982116699	6.722970962524414
6	986	phone	8.853828430175781	5.957071781158447	5.4916887283325195	4.572904109954834
6	987	bleeped	14.363459587097168	15.41695499420166	13.494245529174805	13.271665573120117
6	988	she	8.816439628601074	9.425209999084473	8.564085006713867	8.201279640197754
6	989	would	4.568378925323486	3.6161677837371826	3.5893869400024414	4.255868434906006
6	990	tap	9.874178886413574	9.638111114501953	9.285921096801758	9.590836524963379
6	991	the	2.911595344543457	2.0165112018585205	2.263605833053589	1.982335090637207
6	992	message	8.465578079223633	8.042381286621094	8.750507354736328	8.538559913635254
6	993	straight	9.780967712402344	9.001629829406738	8.723676681518555	9.010970115661621
6	994	into	5.8240966796875	4.008955001831055	4.069342613220215	2.2009503841400146
6	995	oblivion	11.436237335205078	9.096556663513184	10.012773513793945	10.377209663391113
6	996	where	5.134570121765137	6.105800628662109	5.6915998458862305	6.022314071655273
6	997	it	3.935202121734619	3.255952835083008	2.9989452362060547	2.350860118865967
6	998	belonged.	14.246109008789062	9.81862735748291	7.976358413696289	7.628996849060059
7	0	The	3.249835968017578	3.249835968017578	3.249835968017578	3.249835968017578
7	1	Roswell	11.945568084716797	11.945568084716797	11.945568084716797	11.945568084716797
7	2	UFO	10.38699722290039	3.6855995655059814	3.6855995655059814	3.6855995655059814
7	3	Incident	10.613730430603027	8.071677207946777	3.219508409500122	3.219507932662964
7	4	was	4.5385894775390625	4.775994300842285	8.901321411132812	6.100301742553711
7	5	the	2.8936269283294678	3.4129114151000977	3.0386250019073486	3.0065743923187256
7	6	alleged	8.912507057189941	8.97417163848877	7.866022109985352	8.466262817382812
7	7	recovery	9.381562232971191	10.183842658996582	9.862709999084473	9.778254508972168
7	8	of	2.732227087020874	1.8971617221832275	0.5299191474914551	0.32580986618995667
7	9	extra-terrestrial	14.89012622833252	13.228684425354004	13.40331745147705	11.78384017944336
7	10	debris,	10.487129211425781	9.300664901733398	8.882964134216309	8.905488967895508
7	11	including	3.8232483863830566	3.140868902206421	2.681689739227295	2.661686897277832
7	12	alien	10.913179397583008	9.520569801330566	4.706733703613281	4.553927898406982
7	13	corpses,	13.16127872467041	9.499296188354492	6.1944990158081055	7.212465286254883
7	14	from	5.889321327209473	6.085651397705078	6.012537956237793	4.533066749572754
7	15	an	4.929368495941162	4.917421340942383	4.825017929077148	4.624486446380615
7	16	object	8.209342956542969	6.608208179473877	7.249151229858398	6.674942970275879
7	17	that	3.900944232940674	2.004035234451294	2.004544734954834	2.0408542156219482
7	18	crashed	11.453950881958008	9.601921081542969	10.564895629882812	10.258167266845703
7	19	near	7.696499347686768	5.904580593109131	6.149991989135742	5.526696681976318
7	20	Roswell,	12.049674034118652	8.355218887329102	7.968875885009766	8.6390380859375
7	21	New	5.924055099487305	2.857889175415039	1.752654790878296	1.9303383827209473
7	22	Mexico,	10.034377098083496	2.257025957107544	1.0019655227661133	1.0899990797042847
7	23	on	5.690718650817871	5.746581077575684	3.4867563247680664	2.337155342102051
7	24	or	5.723628044128418	6.16483211517334	6.360940933227539	8.050119400024414
7	25	about	6.367262840270996	2.3874733448028564	0.5260376930236816	0.545945942401886
7	26	July	9.372244834899902	10.48249340057373	3.7668495178222656	2.9959750175476074
7	27	eighth,	12.238747596740723	12.290102005004883	11.915081024169922	13.291305541992188
7	28	nineteen	10.240159034729004	9.903289794921875	10.088377952575684	9.616731643676758
7	29	forty-seven.	15.687165260314941	11.656709671020508	11.184635162353516	11.173179626464844
7	30	Since	5.872885704040527	5.93093204498291	6.171851634979248	6.18207311630249
7	31	the	2.2928011417388916	1.8597817420959473	1.892601490020752	1.807850956916809
7	32	late	7.79694938659668	5.251883506774902	4.61154842376709	4.528969764709473
7	33	nineteen	12.86566162109375	7.791141033172607	7.977771282196045	6.527524948120117
7	34	seventies,	13.862577438354492	8.276514053344727	4.726600646972656	4.081423759460449
7	35	the	2.557873249053955	2.688595771789551	2.4667956829071045	2.556257963180542
7	36	incident	9.303536415100098	8.614482879638672	8.447721481323242	8.516195297241211
7	37	has	5.088582515716553	4.490839004516602	3.459151029586792	3.939004898071289
7	38	been	4.314950942993164	1.2000168561935425	1.3541254997253418	1.5577855110168457
7	39	the	3.2251641750335693	3.759681224822998	5.567628860473633	5.426828384399414
7	40	subject	8.324514389038086	4.198915481567383	2.324254274368286	1.011047601699829
7	41	of	2.5794968605041504	0.8245631456375122	0.03127625584602356	0.00929983425885439
7	42	intense	10.133519172668457	8.482096672058105	9.020471572875977	4.0295610427856445
7	43	controversy	9.826859474182129	7.965882778167725	7.310439109802246	5.393720626831055
7	44	and	3.0111196041107178	3.5889549255371094	2.6425278186798096	1.9964921474456787
7	45	the	3.0785820484161377	2.730492353439331	3.1039202213287354	3.546241521835327
7	46	subject	8.324514389038086	8.184635162353516	7.517968654632568	6.821287631988525
7	47	of	2.5794968605041504	0.8245632648468018	1.0212970972061157	0.6151077747344971
7	48	conspiracy	10.888940811157227	8.922223091125488	8.902771949768066	8.912168502807617
7	49	theories	9.398616790771484	2.472784996032715	6.25485897064209	5.300778388977051
7	50	as	4.345553874969482	3.632686138153076	3.574533462524414	3.8364648818969727
7	51	to	3.8720030784606934	2.522054672241211	2.1464943885803223	2.665954113006592
7	52	the	2.6109485626220703	1.9768683910369873	1.3705716133117676	2.0265727043151855
7	53	true	7.740100860595703	8.041863441467285	6.5288801193237305	5.0944719314575195
7	54	nature	8.505927085876465	2.532374620437622	2.621640920639038	1.6359292268753052
7	55	of	2.1836485862731934	0.4531360864639282	0.050481390208005905	0.03285123407840729
7	56	the	2.347175359725952	1.4473292827606201	1.3343204259872437	1.281519889831543
7	57	object	9.053707122802734	8.661680221557617	7.345892906188965	7.156506061553955
7	58	that	3.9009439945220947	3.2190639972686768	3.27946138381958	3.6343307495117188
7	59	crashed.	14.443126678466797	12.796243667602539	11.187548637390137	11.057701110839844
7	60	The	2.1487765312194824	2.1906659603118896	2.287122964859009	2.157109498977661
7	61	United	6.66450309753418	8.24207592010498	7.622354030609131	9.21554183959961
7	62	States	5.8878278732299805	0.29123222827911377	0.2595365047454834	0.2503526508808136
7	63	military	8.966867446899414	6.20642614364624	5.407064437866211	3.618765354156494
7	64	maintains	10.672405242919922	9.788320541381836	8.525847434997559	6.601921081542969
7	65	the	2.4351227283477783	2.3790431022644043	2.74072527885437	2.95412540435791
7	66	debris	10.858724594116211	11.307891845703125	10.680925369262695	11.194551467895508
7	67	recovered	10.391786575317383	7.561617851257324	6.409511566162109	5.505023956298828
7	68	was	5.654417037963867	5.616691589355469	4.226315975189209	4.641876220703125
7	69	from	5.414679527282715	4.611198902130127	4.101758003234863	4.365550994873047
7	70	an	4.929368495941162	3.6387991905212402	3.0276858806610107	3.1158080101013184
7	71	experimental	9.326068878173828	6.686041831970215	7.7691240310668945	7.133946895599365
7	72	high-altitude	12.317320823669434	12.026294708251953	11.29345703125	12.760053634643555
7	73	surveillance	7.850467681884766	7.077162742614746	7.35304069519043	8.145368576049805
7	74	balloon	12.092978477478027	8.873591423034668	6.894026756286621	6.033773899078369
7	75	that	4.525999069213867	2.2194578647613525	2.1630783081054688	2.139521598815918
7	76	belonged	10.829911231994629	7.825798988342285	7.513591289520264	9.090494155883789
7	77	to	2.05757212638855	0.12056826055049896	0.026484133675694466	0.01752876676619053
7	78	a	3.5429835319519043	2.3619632720947266	2.2004613876342773	1.738106369972229
7	79	classified	9.783226013183594	9.261343002319336	10.176246643066406	9.635805130004883
7	80	program	8.43656063079834	4.837190628051758	5.297245979309082	4.645508289337158
7	81	named	9.034188270568848	9.096168518066406	7.031487941741943	7.121575355529785
7	82	'Mogul'.	20.97453498840332	19.679101943969727	20.94677734375	21.134540557861328
7	83	However,	5.266514301300049	4.733076095581055	5.003530979156494	4.827424049377441
7	84	many	5.0236406326293945	5.143740653991699	5.268704414367676	5.085367202758789
7	85	UFO	12.064417839050293	9.92341423034668	8.981391906738281	9.151114463806152
7	86	proponents	11.39137077331543	9.780843734741211	6.09796142578125	6.787432670593262
7	87	maintain	9.113746643066406	6.476621150970459	6.646765232086182	4.395094871520996
7	88	that,	8.22647762298584	4.813747406005859	4.68133544921875	4.761073112487793
7	89	in	2.5710179805755615	2.9631364345550537	2.3220205307006836	2.3247079849243164
7	90	fact,	8.427410125732422	2.549856662750244	2.9820361137390137	2.4673171043395996
7	91	a	4.130939483642578	3.791058301925659	4.95016622543335	4.322288990020752
7	92	crashed	11.483445167541504	11.989083290100098	11.891772270202637	11.794183731079102
7	93	alien	10.835655212402344	7.083586692810059	6.5907182693481445	6.447570323944092
7	94	craft	10.000082969665527	4.117610931396484	4.47497034072876	4.167830467224121
7	95	and	3.2977449893951416	2.7415547370910645	2.4270079135894775	2.891826629638672
7	96	bodies	10.011942863464355	12.081995010375977	9.83067798614502	8.866900444030762
7	97	were	4.883110046386719	3.4335927963256836	3.536634922027588	4.273204326629639
7	98	recovered,	12.366705894470215	6.937804222106934	7.237713813781738	7.046478271484375
7	99	and	2.0859572887420654	2.0102202892303467	1.8676849603652954	2.1280713081359863
7	100	that	4.750967979431152	3.7597312927246094	3.7335824966430664	3.78708815574646
7	101	the	2.915968894958496	2.38321590423584	2.068392276763916	1.9356440305709839
7	102	military	7.88374137878418	6.761606216430664	6.7476396560668945	6.537369728088379
7	103	then	7.225802421569824	7.895420074462891	8.161529541015625	7.934401035308838
7	104	engaged	9.703919410705566	7.586538314819336	7.341685771942139	6.582447052001953
7	105	in	2.557459831237793	0.33182990550994873	0.34732431173324585	0.38168686628341675
7	106	a	3.1250689029693604	2.166734218597412	1.752751350402832	2.118504047393799
7	107	cover-up.	12.357261657714844	13.650383949279785	10.185539245605469	9.440805435180664
7	108	The	2.4744033813476562	2.284099817276001	2.350282669067383	2.3003575801849365
7	109	incident	8.816426277160645	7.971626281738281	6.775564193725586	6.554153919219971
7	110	has	5.088582515716553	2.91198992729187	3.19724178314209	2.9681835174560547
7	111	turned	7.3767218589782715	5.1648268699646	5.78121280670166	5.795959949493408
7	112	into	5.096025466918945	1.8577500581741333	1.193380355834961	0.8119814395904541
7	113	a	2.7688488960266113	0.8866536617279053	0.6047662496566772	0.4413917660713196
7	114	widely	9.235764503479004	9.808866500854492	10.461800575256348	9.316641807556152
7	115	known	6.912659168243408	3.240830183029175	3.4180891513824463	3.394496440887451
7	116	pop	9.812429428100586	10.985150337219238	8.411927223205566	8.93042278289795
7	117	culture	8.769817352294922	1.7613242864608765	1.887645959854126	2.1259117126464844
7	118	phenomenon,	12.672858238220215	7.613543510437012	5.953586578369141	4.554265022277832
7	119	making	6.569037914276123	6.293378829956055	5.956766128540039	6.018704414367676
7	120	the	2.384693145751953	2.3163950443267822	2.567164421081543	2.8228378295898438
7	121	name	7.09761905670166	7.487561225891113	7.416417121887207	6.176201343536377
7	122	Roswell	14.948335647583008	13.71017837524414	12.301976203918457	12.598738670349121
7	123	synonymous	14.521232604980469	14.03016185760498	12.757198333740234	7.901187896728516
7	124	with	3.2643027305603027	0.05512623488903046	0.030915185809135437	0.05020961910486221
7	125	UFOs.	14.03919792175293	11.466686248779297	10.568041801452637	7.938499450683594
7	126	It	3.4280083179473877	3.333728790283203	3.227097988128662	3.6893317699432373
7	127	ranks	10.047910690307617	9.98814582824707	10.020639419555664	9.561046600341797
7	128	as	4.566559791564941	2.1403017044067383	1.8791532516479492	1.9535225629806519
7	129	one	5.194406032562256	4.039340496063232	1.67745840549469	0.7945389151573181
7	130	of	2.689915180206299	0.8730135560035706	0.15297195315361023	0.021882159635424614
7	131	the	2.347175359725952	0.6228668093681335	0.5111969113349915	0.29744213819503784
7	132	most	5.893077850341797	5.103306770324707	1.8687018156051636	1.8554128408432007
7	133	publicized	11.292518615722656	8.668408393859863	8.614105224609375	8.404354095458984
7	134	and	3.604597568511963	3.5507960319519043	3.0011439323425293	3.1631038188934326
7	135	controversial	10.755592346191406	8.198812484741211	3.473051071166992	3.6712961196899414
7	136	alleged	8.859702110290527	9.616497039794922	9.353133201599121	7.977482795715332
7	137	UFO	11.682194709777832	8.590871810913086	8.306329727172852	8.135209083557129
7	138	incidents.	11.926468849182129	6.664116382598877	5.760426044464111	5.058951377868652
7	139	On	4.986114501953125	4.934599876403809	5.063166618347168	4.949957370758057
7	140	July	7.213937759399414	3.2182517051696777	3.1503820419311523	3.0747575759887695
7	141	ninth,	12.194643020629883	18.707630157470703	18.6248836517334	18.367843627929688
7	142	nineteen	10.172657012939453	9.901979446411133	9.660268783569336	8.518110275268555
7	143	forty-seven,	15.927903175354004	10.395994186401367	11.117597579956055	13.76434326171875
7	144	a	4.362445831298828	4.2551655769348145	4.829731464385986	4.360873222351074
7	145	press	8.144681930541992	8.656163215637207	8.535994529724121	8.821073532104492
7	146	release	8.543354034423828	1.3789422512054443	0.7669666409492493	0.9492909908294678
7	147	that	4.05377197265625	3.313793659210205	3.184537887573242	5.728423595428467
7	148	Roswell	13.351344108581543	14.215373992919922	13.026002883911133	14.65787124633789
7	149	Army	9.08486557006836	11.20505428314209	11.531722068786621	11.475637435913086
7	150	Air	8.736664772033691	3.3334193229675293	3.696132183074951	4.227838039398193
7	151	Field	9.528739929199219	6.786779403686523	5.122611045837402	3.2924158573150635
7	152	issued	9.561969757080078	8.989274024963379	8.864986419677734	9.456435203552246
7	153	stated	9.4804105758667	12.355897903442383	12.374676704406738	12.177444458007812
7	154	that	3.2733817100524902	0.5752244591712952	0.6069833636283875	0.6813256740570068
7	155	personnel	10.396388053894043	11.14136028289795	9.74234390258789	9.246662139892578
7	156	from	4.47463321685791	4.434086322784424	3.419250726699829	3.073305130004883
7	157	the	2.1682446002960205	1.2123874425888062	1.2419683933258057	0.9227256774902344
7	158	field's	13.254776000976562	12.697657585144043	12.214293479919434	11.864377975463867
7	159	Bomb	14.657955169677734	16.16227912902832	16.03499412536621	12.551834106445312
7	160	Group	8.617462158203125	6.660649299621582	7.321274280548096	7.025020599365234
7	161	had	5.438534736633301	4.385739803314209	4.616184234619141	5.309656620025635
7	162	recovered	9.869219779968262	8.709997177124023	7.577868461608887	7.42517614364624
7	163	a	3.5268990993499756	3.4426419734954834	2.7240521907806396	2.282349109649658
7	164	crashed	11.483445167541504	10.92165756225586	10.081849098205566	8.598726272583008
7	165	'flying	15.795071601867676	12.784747123718262	12.742979049682617	13.094887733459473
7	166	disc'	8.426074981689453	6.701626777648926	5.474844932556152	4.980745792388916
7	167	from	5.254891395568848	3.9869461059570312	2.6475625038146973	3.38264799118042
7	168	a	3.122591733932495	3.025317668914795	2.535848617553711	2.522684097290039
7	169	ranch	12.158013343811035	10.532819747924805	11.48912239074707	11.200032234191895
7	170	near	7.714799880981445	3.734567165374756	3.0288710594177246	2.823843240737915
7	171	Roswell,	12.049674034118652	8.19637393951416	7.5653395652771	7.437927722930908
7	172	sparking	11.119930267333984	10.423851013183594	11.0084228515625	11.50028133392334
7	173	intense	9.974170684814453	5.490551948547363	4.914376258850098	5.36766242980957
7	174	media	7.844553470611572	5.424785614013672	4.90329647064209	4.205449104309082
7	175	interest.	10.397195816040039	8.345640182495117	5.491038799285889	4.364227294921875
7	176	Later	8.785323143005371	8.725032806396484	8.658690452575684	7.823148250579834
7	177	the	3.331425666809082	3.2788238525390625	3.2988014221191406	3.258514642715454
7	178	same	6.1525068283081055	3.3802943229675293	3.439002752304077	2.6972811222076416
7	179	day,	7.511876106262207	5.844730854034424	2.1262433528900146	2.3695428371429443
7	180	the	2.9175965785980225	2.920539140701294	2.5391695499420166	2.189028739929199
7	181	Commanding	13.244386672973633	12.52553939819336	12.558696746826172	12.038223266601562
7	182	General	4.945659637451172	2.3747012615203857	1.629818081855774	1.6489453315734863
7	183	of	3.3763933181762695	1.4442203044891357	0.38894525170326233	0.48495182394981384
7	184	the	2.347175359725952	1.3813426494598389	0.7438326478004456	0.45522958040237427
7	185	Eighth	11.390267372131348	10.1038179397583	7.708754539489746	6.6379289627075195
7	186	Air	8.576925277709961	5.8342695236206055	6.221116065979004	4.1363420486450195
7	187	Force	8.02575397491455	0.33819881081581116	0.49130767583847046	0.617473304271698
7	188	stated	9.737289428710938	9.67863941192627	9.622703552246094	7.950659275054932
7	189	that,	7.420714378356934	4.573537826538086	4.797853946685791	4.609820365905762
7	190	in	2.5710179805755615	2.513428211212158	2.5494778156280518	2.610180377960205
7	191	fact,	8.427410125732422	2.549856662750244	3.597888946533203	3.4209887981414795
7	192	a	4.130939483642578	3.791058301925659	4.95016622543335	4.145606994628906
7	193	weather	9.402623176574707	10.02633285522461	10.464576721191406	10.393197059631348
7	194	balloon	11.575345993041992	4.4623003005981445	4.255590438842773	4.2368927001953125
7	195	had	5.694108009338379	6.073942184448242	6.158873081207275	5.034824371337891
7	196	been	4.648682117462158	1.6243770122528076	2.0250113010406494	1.929944396018982
7	197	recovered	10.157341003417969	9.468459129333496	6.347268581390381	7.024829864501953
7	198	by	4.082200050354004	2.201378107070923	2.153292179107666	2.4021358489990234
7	199	the	2.3163957595825195	1.6213834285736084	1.370192527770996	1.4224876165390015
7	200	Roswell	12.181414604187012	11.994025230407715	10.752304077148438	10.29266357421875
7	201	Army	9.08486557006836	9.9259033203125	9.34896469116211	9.63428020477295
7	202	Air	8.736664772033691	3.3334193229675293	3.3991334438323975	3.222731590270996
7	203	Field	9.528739929199219	6.786779403686523	5.122611045837402	3.5287160873413086
7	204	personnel,	11.588504791259766	11.226892471313477	10.098501205444336	10.679927825927734
7	205	rather	6.884570121765137	7.5905938148498535	7.40881872177124	7.9005303382873535
7	206	than	4.943185806274414	0.02984570525586605	0.04199298843741417	0.038531508296728134
7	207	a	3.1555004119873047	2.8965036869049072	3.5641603469848633	3.4584665298461914
7	208	'flying	15.235076904296875	14.604753494262695	14.843810081481934	14.597158432006836
7	209	saucer'.	6.781508445739746	5.304483413696289	4.446932792663574	4.721261978149414
7	210	A	4.381769180297852	4.386414527893066	3.9741249084472656	4.038332939147949
7	211	subsequent	9.689133644104004	7.531430244445801	7.791693687438965	8.805986404418945
7	212	press	8.417352676391602	7.112462043762207	6.398183345794678	6.119473457336426
7	213	conference	8.777630805969238	1.7605953216552734	0.7085200548171997	2.2712724208831787
7	214	was	4.922374248504639	4.841639995574951	4.1026411056518555	2.4740242958068848
7	215	called,	9.880364418029785	7.4560956954956055	7.479790687561035	8.31856918334961
7	216	featuring	10.913644790649414	10.418811798095703	8.13943099975586	8.114607810974121
7	217	debris	11.846414566040039	12.539475440979004	12.365198135375977	13.88479232788086
7	218	from	3.8297812938690186	1.3395367860794067	0.631996750831604	0.5756883025169373
7	219	the	2.1682446002960205	0.8756366968154907	1.0578138828277588	1.1839351654052734
7	220	crashed	11.91590690612793	11.453069686889648	7.836907386779785	5.901304244995117
7	221	object	10.436347961425781	7.042503356933594	7.522392272949219	7.397922992706299
7	222	that	3.900944232940674	2.660855770111084	3.5510666370391846	3.351231336593628
7	223	confirmed	9.51652717590332	9.69829273223877	9.172624588012695	8.707427024841309
7	224	the	2.582831382751465	1.65104341506958	1.5287827253341675	1.250828742980957
7	225	weather	9.250088691711426	7.305469512939453	9.376504898071289	9.202381134033203
7	226	balloon	11.575345993041992	8.856821060180664	7.780860900878906	7.805312156677246
7	227	description.	12.017349243164062	12.84638786315918	12.542226791381836	12.789783477783203
7	228	The	2.4941935539245605	2.2689337730407715	2.3449041843414307	2.3025143146514893
7	229	case	7.121866226196289	6.794023513793945	7.248972415924072	7.827805995941162
7	230	was	4.582983016967773	2.309448003768921	2.0163140296936035	1.7749184370040894
7	231	quickly	7.734623432159424	7.250441551208496	5.6023406982421875	5.779620170593262
7	232	forgotten	11.307535171508789	4.999118328094482	4.342653274536133	5.2081146240234375
7	233	and	3.6244282722473145	2.738685131072998	1.8405356407165527	1.8141030073165894
7	234	almost	7.62717342376709	6.900066375732422	5.519891262054443	5.527538299560547
7	235	completely	7.638012409210205	4.677900314331055	3.980309009552002	4.131022930145264
7	236	ignored,	11.609457015991211	5.850955486297607	6.226008892059326	5.655324935913086
7	237	even	4.557345390319824	4.314292907714844	4.355193138122559	4.587306022644043
7	238	by	5.294084548950195	2.918440818786621	2.231147527694702	1.647545337677002
7	239	UFO	12.14811897277832	12.053362846374512	10.171110153198242	9.736391067504883
7	240	researchers,	11.697175979614258	5.911977767944336	5.057071685791016	3.4876575469970703
7	241	for	5.866447448730469	5.523890495300293	5.894685745239258	5.640441417694092
7	242	more	5.292300224304199	5.295904159545898	4.988319396972656	4.409473419189453
7	243	than	4.522488594055176	0.922173023223877	1.283552646636963	1.2007192373275757
7	244	thirty	10.289196014404297	7.2553205490112305	6.206366062164307	5.577820777893066
7	245	years.	6.8906402587890625	3.482569694519043	3.3963849544525146	1.589022159576416
7	246	Then,	7.205254554748535	7.323892593383789	7.156978607177734	7.712324142456055
7	247	in	3.1935806274414062	2.189922332763672	1.6757586002349854	1.973331332206726
7	248	nineteen	11.961862564086914	10.551981925964355	10.808024406433105	10.186431884765625
7	249	seventy-eight,	16.767864227294922	11.932519912719727	9.744477272033691	9.373910903930664
7	250	nuclear	12.15793228149414	11.816408157348633	12.094679832458496	12.307564735412598
7	251	physicist	10.926321983337402	3.9636261463165283	3.8377723693847656	4.084738254547119
7	252	and	2.824314594268799	2.173710346221924	2.489386796951294	2.233193874359131
7	253	author	9.646224975585938	5.595907688140869	5.849405288696289	3.835825204849243
7	254	Stanton	13.089603424072266	11.764959335327148	11.048051834106445	11.762269020080566
7	255	Friedman	11.34195613861084	1.8492074012756348	3.2278590202331543	2.318049907684326
7	256	interviewed	9.864253044128418	7.034329414367676	7.39454460144043	6.763614654541016
7	257	Jesse	11.357333183288574	8.008744239807129	7.8431267738342285	9.128865242004395
7	258	Marcel,	14.367077827453613	12.13568115234375	11.669539451599121	12.133678436279297
7	259	the	3.129486083984375	3.2856717109680176	2.3108441829681396	1.8531999588012695
7	260	only	6.14851188659668	4.995328426361084	5.0712785720825195	5.467714786529541
7	261	person	7.8625946044921875	3.4338297843933105	1.971486210823059	2.1078052520751953
7	262	known	8.201464653015137	6.393733501434326	5.8013505935668945	4.6645708084106445
7	263	to	2.995891809463501	1.185899019241333	0.4215700924396515	0.11767162382602692
7	264	have	4.388607978820801	1.630423903465271	1.8232494592666626	1.2707796096801758
7	265	accompanied	10.321571350097656	9.97470760345459	7.945072650909424	7.481878280639648
7	266	the	2.6477408409118652	1.8051390647888184	2.019503116607666	1.4741063117980957
7	267	Roswell	12.181414604187012	12.746356010437012	11.912238121032715	12.142499923706055
7	268	debris	12.419057846069336	7.318595886230469	7.491525650024414	6.381418228149414
7	269	from	3.8297812938690186	3.0201520919799805	3.7591114044189453	3.799553871154785
7	270	where	6.451104640960693	6.214378833770752	6.527268409729004	5.848301410675049
7	271	it	3.9352035522460938	3.151484966278076	2.4123804569244385	1.7589629888534546
7	272	was	3.875565528869629	2.2410025596618652	1.890572190284729	1.4464679956436157
7	273	recovered	10.635376930236816	10.685365676879883	9.123860359191895	9.007479667663574
7	274	to	2.985774517059326	5.014793395996094	4.672574996948242	5.157971382141113
7	275	Fort	10.97960376739502	7.981754302978516	9.179080963134766	8.877737998962402
7	276	Worth.	12.077252388000488	4.440629959106445	4.593942642211914	4.61354923248291
7	277	Over	7.258620262145996	6.508078575134277	6.675640106201172	6.830924987792969
7	278	the	2.605881690979004	0.722341001033783	0.44561994075775146	0.38026025891304016
7	279	next	6.510861873626709	2.9100778102874756	2.427025079727173	2.187318801879883
7	280	few	6.96552848815918	3.3392934799194336	1.1832191944122314	1.1000750064849854
7	281	years,	7.318713188171387	2.5353314876556396	2.726113796234131	1.835780382156372
7	282	the	2.6272592544555664	2.741935968399048	2.4881253242492676	2.6144559383392334
7	283	accounts	9.723467826843262	9.717704772949219	9.786087036132812	10.028719902038574
7	284	he	5.987910270690918	5.31576681137085	5.8190412521362305	5.966279983520508
7	285	and	3.7777562141418457	4.74636173248291	4.480802059173584	3.9761886596679688
7	286	others	7.954769134521484	4.7860565185546875	2.901132106781006	3.6065006256103516
7	287	gave	8.210705757141113	7.536882400512695	6.982165813446045	5.858158588409424
7	288	elevated	11.675836563110352	11.026728630065918	10.777597427368164	11.076926231384277
7	289	Roswell	13.206805229187012	16.547367095947266	17.88505744934082	17.689315795898438
7	290	from	5.914186954498291	4.926173686981201	5.302901268005371	7.460073471069336
7	291	a	3.122591733932495	3.3702921867370605	3.2655858993530273	1.966973066329956
7	292	forgotten	11.13366413116455	10.163875579833984	11.023168563842773	10.25855827331543
7	293	incident	9.758162498474121	7.38762092590332	7.657781600952148	6.865520477294922
7	294	to	3.0459907054901123	3.9662668704986572	4.409853935241699	4.6184539794921875
7	295	perhaps	8.707385063171387	10.069671630859375	9.424417495727539	8.902360916137695
7	296	the	2.717500686645508	2.419372081756592	1.8221817016601562	2.708850622177124
7	297	most	5.893077850341797	2.298436403274536	1.152252197265625	1.12735915184021
7	298	famous	8.34876537322998	4.594552040100098	4.553977012634277	3.1686325073242188
7	299	UFO	11.84018325805664	9.21510124206543	8.582658767700195	8.753315925598145
7	300	case	8.594362258911133	4.718754291534424	4.7046098709106445	4.526138782501221
7	301	of	2.649308681488037	2.5591559410095215	3.1809802055358887	2.4092226028442383
7	302	all	5.540098190307617	5.95616340637207	7.17142391204834	6.037451267242432
7	303	time.	7.961124420166016	5.224734306335449	4.150318145751953	2.486511468887329
7	304	By	6.039811611175537	6.068181991577148	5.91301155090332	5.788607120513916
7	305	the	2.3180384635925293	1.6295241117477417	1.8128083944320679	1.8409264087677002
7	306	early	7.3644609451293945	5.437838554382324	5.023986339569092	4.92410135269165
7	307	nineteen	12.936020851135254	9.072153091430664	8.479667663574219	7.776379585266113
7	308	nineties,	12.567276000976562	7.579004287719727	4.840141296386719	4.141119956970215
7	309	UFO	10.651692390441895	11.045949935913086	10.866403579711914	10.806253433227539
7	310	researchers	9.310223579406738	3.8097548484802246	3.548515796661377	3.312516689300537
7	311	had	5.180125713348389	3.930859088897705	3.0395328998565674	2.6745400428771973
7	312	interviewed	10.26014232635498	7.768845081329346	7.367582321166992	7.984186172485352
7	313	several	7.61616325378418	4.122742652893066	5.505130767822266	3.3816282749176025
7	314	hundred	7.562934398651123	5.923145294189453	3.566662549972534	1.16990327835083
7	315	people	5.320492744445801	2.979689121246338	2.4488236904144287	1.5919816493988037
7	316	who	4.398918151855469	2.9151554107666016	2.9642937183380127	2.280092716217041
7	317	had,	11.05323600769043	10.307952880859375	9.669475555419922	9.363980293273926
7	318	or	4.611122131347656	3.709798812866211	2.517031669616699	3.216827869415283
7	319	who	6.38010311126709	5.819493293762207	4.015276908874512	2.7432074546813965
7	320	claimed	8.204751014709473	7.5656585693359375	7.340240001678467	7.243460655212402
7	321	to	2.660555839538574	1.2136268615722656	1.235900640487671	0.8123876452445984
7	322	have	4.388607978820801	1.0437296628952026	0.9678611755371094	1.364091396331787
7	323	had,	9.175045013427734	8.895621299743652	10.500261306762695	11.37649154663086
7	324	a	5.187224388122559	4.940925598144531	4.593408584594727	4.680786609649658
7	325	connection	8.510537147521973	8.582083702087402	8.048588752746582	7.722794532775879
7	326	with	3.6399786472320557	1.8270654678344727	2.0080575942993164	1.7096495628356934
7	327	the	2.270246982574463	1.3828110694885254	1.2818055152893066	1.4099907875061035
7	328	events	8.439275741577148	8.710351943969727	8.25936222076416	7.593433856964111
7	329	at	4.480391025543213	4.356189250946045	4.211398124694824	4.640716075897217
7	330	Roswell	12.55910587310791	10.370890617370605	8.995468139648438	9.120050430297852
7	331	in	3.8054590225219727	1.8311512470245361	2.283205032348633	2.0801889896392822
7	332	nineteen	11.961862564086914	11.895855903625488	13.587566375732422	13.4158353805542
7	333	forty-seven.	15.687165260314941	12.460183143615723	12.529413223266602	13.313682556152344
7	334	Additionally,	7.692008972167969	7.904539108276367	8.224532127380371	8.842283248901367
7	335	hundreds	9.331645011901855	8.009737968444824	8.04721450805664	8.394758224487305
7	336	of	1.8692234754562378	0.06756210327148438	0.1289595663547516	0.12044154852628708
7	337	documents	9.428791999816895	7.783910751342773	7.420886039733887	7.9723029136657715
7	338	were	5.2000732421875	4.781515598297119	3.9165966510772705	1.809220552444458
7	339	obtained	9.21524429321289	3.9255576133728027	4.258504867553711	4.8052659034729
7	340	by	3.9694089889526367	1.9096019268035889	0.80324786901474	0.843159556388855
7	341	Freedom	10.750338554382324	9.9509859085083	9.071179389953613	7.033078193664551
7	342	of	2.8128488063812256	1.2657456398010254	0.3537447452545166	0.11924188584089279
7	343	Information	10.002958297729492	0.8012562394142151	0.3950124979019165	0.056030772626399994
7	344	Act	8.502311706542969	5.226200580596924	1.1259974241256714	0.30894404649734497
7	345	requests,	12.124631881713867	8.549041748046875	8.65837287902832	6.618917942047119
7	346	as	3.936561346054077	3.874828338623047	3.875566244125366	3.8379387855529785
7	347	were	6.657127380371094	6.72578763961792	6.862573623657227	7.982567310333252
7	348	some	6.155335903167725	4.122553825378418	3.782986879348755	4.2430267333984375
7	349	that	4.666801929473877	5.782196998596191	5.85767936706543	5.359896659851074
7	350	insiders	11.77967357635498	12.53807258605957	12.884458541870117	11.811473846435547
7	351	apparently	9.106528282165527	7.886087417602539	8.103885650634766	7.853950500488281
7	352	leaked.	13.877641677856445	12.776467323303223	12.762517929077148	11.747223854064941
7	353	Their	6.657580375671387	6.608216285705566	5.751443862915039	6.10210657119751
7	354	conclusions	10.219278335571289	7.41212797164917	7.700623512268066	7.294549465179443
7	355	were	5.326728820800781	2.4549179077148438	1.552582025527954	1.4762755632400513
7	356	that	4.599204063415527	3.591890335083008	2.2535834312438965	2.1893582344055176
7	357	at	5.394818305969238	5.954314231872559	6.017702579498291	6.158345699310303
7	358	least	6.67936897277832	1.1068198680877686	2.8905041217803955	0.7591537237167358
7	359	one	4.799841403961182	2.3285269737243652	1.5757583379745483	2.270930767059326
7	360	alien	10.59045124053955	8.85609245300293	8.73159122467041	8.694350242614746
7	361	craft	10.000083923339844	6.248838424682617	6.467092514038086	5.7164306640625
7	362	had	6.089865207672119	5.365955829620361	4.268150329589844	3.5076260566711426
7	363	crashed	10.745710372924805	8.09766960144043	5.863490104675293	4.343914985656738
7	364	in	3.0133371353149414	2.729915142059326	2.6194729804992676	2.4082581996917725
7	365	the	2.2516236305236816	1.5589953660964966	1.455977439880371	1.4111504554748535
7	366	Roswell	12.181414604187012	12.21839714050293	10.497770309448242	10.054195404052734
7	367	vicinity,	14.62775707244873	13.557771682739258	11.004189491271973	11.178916931152344
7	368	that	5.285005569458008	5.719374656677246	5.287640571594238	5.383589744567871
7	369	aliens,	14.821206092834473	14.208646774291992	14.51657485961914	13.1360445022583
7	370	some	5.250903129577637	5.434490203857422	5.348233699798584	4.771651268005371
7	371	possibly	9.183233261108398	8.351495742797852	7.183164596557617	5.716702938079834
7	372	still	6.269946575164795	7.144196510314941	5.854145050048828	6.282826900482178
7	373	alive,	10.747167587280273	8.072710037231445	5.677079677581787	1.9033105373382568
7	374	were	6.259937286376953	6.594498634338379	5.649428844451904	5.004566192626953
7	375	recovered,	12.366705894470215	11.275107383728027	10.882577896118164	10.760523796081543
7	376	and	2.0859575271606445	2.0102202892303467	1.4739235639572144	1.0091825723648071
7	377	that	4.750967979431152	3.7597312927246094	3.7335824966430664	4.325440406799316
7	378	a	3.9401769638061523	4.55217981338501	4.211556911468506	4.081820487976074
7	379	massive	8.023324966430664	7.099400520324707	6.979306221008301	6.7683916091918945
7	380	cover-up	10.821059226989746	9.471902847290039	8.93838119506836	9.17338752746582
7	381	of	2.5962560176849365	1.4566564559936523	1.4416402578353882	2.017819404602051
7	382	any	6.202694892883301	4.803269386291504	5.48836612701416	6.033317565917969
7	383	knowledge	8.374080657958984	8.462791442871094	8.784088134765625	7.800207614898682
7	384	of	2.327010154724121	0.46400535106658936	0.869767963886261	1.618073582649231
7	385	the	2.347175359725952	1.389273762702942	1.3466414213180542	1.192997932434082
7	386	incident	9.303536415100098	8.220437049865723	8.262033462524414	6.363943099975586
7	387	was	4.483698844909668	2.813138484954834	2.7700893878936768	3.0116031169891357
7	388	put	6.868539333343506	6.570643901824951	6.612765312194824	6.744912624359131
7	389	in	3.494046926498413	1.3373342752456665	2.4800593852996826	2.9777677059173584
7	390	place.	9.660050392150879	5.32518196105957	4.336918830871582	3.4010233879089355
7	391	Numerous	9.939801216125488	9.560641288757324	9.706467628479004	9.339677810668945
7	392	books,	10.676200866699219	8.125555992126465	8.361858367919922	8.715119361877441
7	393	articles,	7.034712314605713	4.132848739624023	3.221334218978882	3.0269880294799805
7	394	television	9.463881492614746	7.818449974060059	6.890003681182861	6.846640586853027
7	395	specials	12.28589153289795	5.910853862762451	5.394565105438232	5.312882423400879
7	396	and	3.055879831314087	1.7725801467895508	0.16127848625183105	0.21362733840942383
7	397	even	6.189765453338623	6.444034099578857	5.083839416503906	3.848909616470337
7	398	a	3.4648122787475586	3.3644824028015137	2.24359393119812	1.965551733970642
7	399	made-for-TV	10.79158878326416	13.860885620117188	12.53844928741455	11.49213981628418
7	400	movie	3.4012391567230225	1.9816750288009644	2.3238449096679688	2.110663652420044
7	401	brought	8.779491424560547	9.621378898620605	9.421331405639648	9.393138885498047
7	402	the	2.399712085723877	2.7026727199554443	2.991488456726074	3.113609552383423
7	403	nineteen	13.56338119506836	13.92972183227539	14.593449592590332	14.733214378356934
7	404	forty-seven	13.051663398742676	10.83067798614502	10.99161148071289	11.188924789428711
7	405	incident	11.081564903259277	11.02009391784668	10.390090942382812	10.52579116821289
7	406	fame	12.122591972351074	15.428418159484863	15.118379592895508	14.548321723937988
7	407	and	2.734206199645996	1.5294727087020874	2.1688296794891357	2.0731732845306396
7	408	notoriety,	13.940564155578613	7.401186943054199	4.68064022064209	5.996701717376709
7	409	so	4.759705066680908	4.485203742980957	4.621004104614258	4.870127201080322
7	410	that	3.718966245651245	3.1019959449768066	2.848339557647705	2.733369827270508
7	411	by	5.786874771118164	6.648727893829346	5.5834550857543945	5.14057731628418
7	412	the	2.3163957595825195	2.3907127380371094	1.8497681617736816	1.630230188369751
7	413	mid	10.579679489135742	10.392423629760742	7.024624824523926	7.151450157165527
7	414	nineteen	12.915308952331543	9.637697219848633	8.771860122680664	7.988653659820557
7	415	nineties,	12.567276000976562	6.91635274887085	4.487170219421387	4.567743301391602
7	416	strong	10.882725715637207	11.067679405212402	11.175106048583984	10.941537857055664
7	417	majorities	12.148360252380371	6.395257949829102	5.488409042358398	5.908733367919922
7	418	in	3.067646026611328	0.921676516532898	1.912912130355835	1.7736719846725464
7	419	polls,	12.083839416503906	9.392478942871094	10.038013458251953	11.078043937683105
7	420	such	5.91399621963501	5.277714729309082	4.775018692016602	4.988347053527832
7	421	as	3.593329429626465	0.06428882479667664	0.060356419533491135	0.03197639435529709
7	422	a	2.9151878356933594	3.520876169204712	3.7718701362609863	3.651324987411499
7	423	nineteen	12.497868537902832	13.743775367736816	13.318618774414062	14.09769058227539
7	424	ninety-seven	14.445656776428223	12.578815460205078	13.676609992980957	13.549747467041016
7	425	CNN	13.36659049987793	13.77286148071289	14.45223617553711	15.137128829956055
7	426	Time	9.474061965942383	10.007254600524902	9.116232872009277	8.590862274169922
7	427	poll,	12.394575119018555	10.972193717956543	10.731242179870605	10.85667896270752
7	428	believed	10.084393501281738	9.908855438232422	10.444265365600586	10.128816604614258
7	429	that	3.215451240539551	1.9543006420135498	2.9176602363586426	1.1452499628067017
7	430	aliens	11.276947021484375	9.292116165161133	12.279921531677246	12.618146896362305
7	431	had	5.712648391723633	4.005695343017578	2.4036481380462646	2.9598336219787598
7	432	visited	9.320316314697266	6.159078121185303	5.029338359832764	4.042037487030029
7	433	earth	10.860219955444336	10.02518081665039	6.825890064239502	5.100841999053955
7	434	and	2.883216619491577	1.9061663150787354	2.0765457153320312	2.065638542175293
7	435	specifically	9.160829544067383	9.450130462646484	9.338269233703613	9.257991790771484
7	436	that	4.1835455894470215	4.508308410644531	4.902069091796875	5.095519065856934
7	437	aliens	11.276947021484375	9.810929298400879	9.777604103088379	8.54483699798584
7	438	had	5.712648391723633	4.005695343017578	4.400312900543213	4.469857215881348
7	439	landed	9.797148704528809	6.356651306152344	5.406267166137695	6.094981670379639
7	440	at	4.246425151824951	2.5567121505737305	2.8416852951049805	3.6812384128570557
7	441	Roswell	12.55910587310791	9.471062660217285	9.299864768981934	7.186777591705322
7	442	and	2.6594364643096924	2.0963261127471924	2.4619157314300537	2.0712664127349854
7	443	the	3.0785820484161377	2.8671112060546875	2.681403875350952	3.688899517059326
7	444	government	6.8442864418029785	5.595268249511719	6.56673526763916	6.89065408706665
7	445	was	4.5202836990356445	3.8708949089050293	3.8530726432800293	3.918727159500122
7	446	covering	9.584993362426758	9.324806213378906	8.461213111877441	8.943304061889648
7	447	up	5.79133415222168	2.063920736312866	0.4356635808944702	0.4056433439254761
7	448	the	2.90431547164917	1.5829265117645264	1.5989874601364136	1.1835907697677612
7	449	fact.	13.828421592712402	15.181771278381348	11.01154613494873	8.679923057556152
7	450	During	6.890030384063721	6.953695774078369	7.1106133460998535	7.008298397064209
7	451	the	1.9087936878204346	0.8058822751045227	0.8651278018951416	0.8603532314300537
7	452	nineteen	13.56338119506836	10.887356758117676	10.232929229736328	10.255708694458008
7	453	eighties	12.706925392150879	4.991779804229736	4.615533828735352	4.523970127105713
7	454	and	1.2327009439468384	1.512346625328064	1.3434370756149292	1.1510605812072754
7	455	nineteen	12.229682922363281	11.087408065795898	3.9344592094421387	4.1331305503845215
7	456	nineties,	12.567276000976562	11.482674598693848	4.739075660705566	1.7413983345031738
7	457	a	4.1238203048706055	3.984192371368408	3.9108996391296387	4.003812789916992
7	458	new	5.2342987060546875	3.7747302055358887	3.837001085281372	4.093044757843018
7	459	narrative	9.50085735321045	7.8676557540893555	7.485741138458252	7.26576566696167
7	460	emerged	10.449687957763672	9.810261726379395	8.153190612792969	3.8877086639404297
7	461	which	6.021644115447998	6.413951873779297	5.697748184204102	4.180177688598633
7	462	was	4.219122409820557	3.215949535369873	2.4608774185180664	2.661405563354492
7	463	at	4.741570472717285	5.517931938171387	5.61223840713501	5.514947891235352
7	464	strong	8.714956283569336	10.065825462341309	11.263871192932129	11.92812728881836
7	465	odds	10.069583892822266	6.225996017456055	1.7885684967041016	2.003924608230591
7	466	with	4.2620038986206055	4.537159442901611	2.82743501663208	0.06877507269382477
7	467	what	5.866528511047363	5.038365364074707	5.817994117736816	4.609291076660156
7	468	was	4.4684600830078125	3.6134419441223145	4.081526279449463	3.841310501098633
7	469	reported	7.768078804016113	6.556824684143066	5.973370552062988	5.603825092315674
7	470	in	3.1561570167541504	2.085620880126953	2.056539297103882	1.8073409795761108
7	471	nineteen	11.961862564086914	12.166967391967773	11.230332374572754	12.616868019104004
7	472	forty-seven.	15.687165260314941	12.460182189941406	15.327176094055176	14.564874649047852
7	473	This	3.9596612453460693	3.8529672622680664	3.8149566650390625	3.627810478210449
7	474	narrative	9.5723876953125	9.353450775146484	9.433754920959473	8.710577011108398
7	475	evolved	10.90109634399414	8.12735366821289	7.970158576965332	8.27595043182373
7	476	over	5.951361656188965	2.8427987098693848	2.046720504760742	2.098801612854004
7	477	the	2.3967325687408447	1.0440360307693481	0.9463045001029968	1.2228269577026367
7	478	years	7.790217399597168	3.3792858123779297	2.848677158355713	2.224106788635254
7	479	from	4.17387580871582	4.180047512054443	4.279726505279541	3.653735876083374
7	480	the	2.1682446002960205	2.0130116939544678	2.2079720497131348	2.039857864379883
7	481	time	6.108946323394775	6.043680667877197	2.3217358589172363	3.0208659172058105
7	482	the	3.4022328853607178	3.1143991947174072	2.8290696144104004	2.3651864528656006
7	483	first	5.465792655944824	5.367622375488281	4.947180271148682	3.939673662185669
7	484	book	7.911653995513916	6.779079914093018	6.648429870605469	6.057353496551514
7	485	on	4.168586254119873	3.11911678314209	3.582904100418091	4.694377899169922
7	486	Roswell	12.742883682250977	13.151185035705566	12.706192016601562	13.274296760559082
7	487	was	3.3002524375915527	4.114112854003906	3.3185505867004395	2.7749338150024414
7	488	published	8.290958404541016	8.766494750976562	7.633087635040283	2.2435715198516846
7	489	in	3.0614635944366455	0.8022177815437317	0.7721110582351685	0.9473862648010254
7	490	nineteen	11.961862564086914	12.5502347946167	10.423413276672363	10.429527282714844
7	491	eighty,	14.522737503051758	10.129915237426758	12.89612865447998	11.055163383483887
7	492	as	4.612069606781006	4.838824272155762	4.588289737701416	4.83066463470459
7	493	many	6.109766483306885	3.6626405715942383	4.183056831359863	4.975490093231201
7	494	new	6.033378601074219	6.034600257873535	7.285723686218262	7.472003936767578
7	495	witnesses	10.540362358093262	9.49896240234375	8.755895614624023	7.900707244873047
7	496	and	2.9711825847625732	2.326284885406494	2.637463092803955	3.146368980407715
7	497	accounts	9.793684005737305	8.902010917663574	7.76264762878418	7.183638572692871
7	498	emerged,	13.343124389648438	13.55186653137207	10.872163772583008	10.663067817687988
7	499	drawn	9.962021827697754	9.35097599029541	9.263562202453613	9.094876289367676
7	500	out	4.752918720245361	3.9523377418518066	3.927705764770508	4.415378093719482
7	501	in	3.412907600402832	2.1701340675354004	3.213259220123291	2.8200201988220215
7	502	part	6.970176696777344	7.23535680770874	6.130626678466797	5.996959686279297
7	503	by	5.168842315673828	1.9841270446777344	1.9037538766860962	0.845924973487854
7	504	the	2.3163957595825195	2.7668590545654297	2.1656973361968994	2.0195581912994385
7	505	publicity	10.843460083007812	11.279720306396484	11.501317977905273	9.280526161193848
7	506	on	4.265420913696289	4.353244781494141	4.74294900894165	4.728882789611816
7	507	the	2.1509437561035156	1.4757806062698364	1.4562908411026	1.426596999168396
7	508	incident.	10.753355026245117	10.702844619750977	10.157513618469238	9.039480209350586
7	509	Of	6.6403632164001465	6.771644115447998	7.0355305671691895	6.815157413482666
7	510	the	2.518221616744995	1.3730049133300781	1.7190001010894775	1.7408989667892456
7	511	hundreds	9.261639595031738	6.589390754699707	6.268623352050781	5.971591949462891
7	512	of	1.8692234754562378	0.13330556452274323	0.13386519253253937	0.2628129720687866
7	513	witnesses	11.012395858764648	8.135725021362305	7.8962788581848145	7.406907081604004
7	514	that	3.8224165439605713	3.7280077934265137	4.435738563537598	3.2289743423461914
7	515	the	2.915968894958496	2.322690486907959	2.4740893840789795	2.9631779193878174
7	516	various	7.97910737991333	7.986105918884277	8.433032989501953	8.367064476013184
7	517	researchers	8.484825134277344	8.413004875183105	7.36033821105957	7.51071310043335
7	518	interviewed,	14.040275573730469	9.85061264038086	8.238299369812012	9.5663423538208
7	519	a	4.2261176109313965	4.512363433837891	4.47811222076416	4.607010841369629
7	520	seemingly	9.446527481079102	8.542271614074707	8.741055488586426	8.270190238952637
7	521	impressive	10.21491813659668	9.17846965789795	8.523950576782227	7.991087913513184
7	522	figure,	10.563037872314453	7.9697346687316895	7.49382209777832	6.375923156738281
7	523	a	4.208471298217773	4.25864839553833	4.14116096496582	4.0911078453063965
7	524	comparable	9.787447929382324	9.477892875671387	8.942143440246582	9.783241271972656
7	525	few	8.305850982666016	8.695409774780273	8.517723083496094	8.52981948852539
7	526	were	6.18912935256958	4.931382179260254	7.504942893981934	5.242720603942871
7	527	true	8.487972259521484	8.395379066467285	7.3371992111206055	8.27618408203125
7	528	'witnesses'	19.107219696044922	15.973793029785156	14.261669158935547	14.76276969909668
7	529	who	2.6587302684783936	2.6765944957733154	2.248004913330078	1.8437678813934326
7	530	claimed	8.204750061035156	3.951599597930908	4.399075031280518	4.0339765548706055
7	531	to	2.660555839538574	1.2136266231536865	0.9555773735046387	0.9104611277580261
7	532	have	4.388607978820801	1.0437296628952026	0.9678611755371094	0.5966261625289917
7	533	actually	7.002407550811768	7.491880416870117	7.104955673217773	7.083446502685547
7	534	seen	7.596621036529541	3.745767831802368	3.383814811706543	3.5981802940368652
7	535	debris	11.814739227294922	12.922576904296875	12.181412696838379	12.405951499938965
7	536	or	4.602150917053223	4.614710330963135	3.7170939445495605	3.8683676719665527
7	537	aliens.	13.274625778198242	11.785140037536621	10.982173919677734	11.552543640136719
7	538	Most	5.797780513763428	6.468893527984619	5.763648986816406	5.614767551422119
7	539	of	2.717942953109741	1.2719054222106934	1.2910467386245728	1.1911683082580566
7	540	these	6.075137615203857	2.500330686569214	1.9080342054367065	1.7082011699676514
7	541	so-called	7.022003173828125	7.370841979980469	8.582624435424805	8.289146423339844
7	542	witnesses	10.894326210021973	11.935223579406738	11.233979225158691	10.355205535888672
7	543	were	5.058455467224121	3.3471953868865967	3.547484874725342	3.035691976547241
7	544	repeating	10.613014221191406	10.298456192016602	10.405731201171875	9.953598022460938
7	545	the	2.60902738571167	1.3277435302734375	1.190496802330017	1.2591028213500977
7	546	claims	9.150382995605469	8.988200187683105	7.1806182861328125	5.6978020668029785
7	547	of	2.936192274093628	0.9972212314605713	1.1004300117492676	1.2833315134048462
7	548	others,	9.44271469116211	11.281982421875	6.771032333374023	6.887906551361084
7	549	and	2.366377115249634	2.3807764053344727	2.606930732727051	2.1134955883026123
7	550	their	5.839558124542236	4.694872856140137	4.953866958618164	4.619906425476074
7	551	testimony	9.854150772094727	8.839664459228516	7.596287727355957	7.046099662780762
7	552	would	6.037108898162842	5.092014312744141	4.356141090393066	3.4575858116149902
7	553	be	3.1582038402557373	0.7945256233215332	1.06653892993927	1.0698634386062622
7	554	inadmissible	13.714031219482422	12.61945629119873	9.305194854736328	8.705679893493652
7	555	hearsay	7.747934341430664	10.23497200012207	10.635218620300293	8.995391845703125
7	556	in	3.4779019355773926	2.7525439262390137	2.5410966873168945	2.538623332977295
7	557	an	4.901019096374512	4.437965393066406	3.4577524662017822	3.712005376815796
7	558	American	6.894498825073242	5.928560256958008	5.975135803222656	5.5539703369140625
7	559	court.	11.43209171295166	10.758365631103516	6.9732160568237305	5.968204975128174
7	560	As	4.5103440284729	4.29772424697876	4.390606880187988	4.41436767578125
7	561	for	4.959227085113525	3.1081347465515137	3.2802257537841797	3.0692262649536133
7	562	the	2.3598663806915283	1.4974336624145508	1.39188551902771	1.2482496500015259
7	563	several	8.122186660766602	9.339934349060059	9.892104148864746	9.550174713134766
7	564	accounts	8.825892448425293	7.387012004852295	7.776201248168945	8.082898139953613
7	565	from	4.246930122375488	3.5947866439819336	4.486510753631592	5.003022193908691
7	566	those	6.199689865112305	5.192418098449707	4.822233200073242	4.8602399826049805
7	567	who	4.814549446105957	1.4555658102035522	1.627610683441162	1.0775271654129028
7	568	claimed	8.204751014709473	6.849776268005371	6.750058174133301	5.638792514801025
7	569	to	2.660555839538574	1.2136266231536865	0.858371913433075	1.090900182723999
7	570	have	4.388607978820801	1.0437297821044922	0.9678611755371094	1.295274019241333
7	571	seen	6.54946231842041	5.25205135345459	4.6266069412231445	2.595468759536743
7	572	aliens,	14.08197021484375	12.789794921875	12.600494384765625	12.291934967041016
7	573	critics	11.385619163513184	11.025128364562988	11.059324264526367	11.038846969604492
7	574	identified	9.447234153747559	8.76268196105957	8.398646354675293	9.399300575256348
7	575	a	3.4601049423217773	2.7959604263305664	2.5577125549316406	2.854250192642212
7	576	variety	8.000810623168945	6.358055114746094	3.9998247623443604	3.52449107170105
7	577	of	1.8188464641571045	0.0070115188136696815	0.006983088795095682	0.003298723604530096
7	578	problems	8.820154190063477	6.266373634338379	6.274187088012695	3.2543582916259766
7	579	with	3.6292078495025635	1.648939847946167	2.2199954986572266	1.8844763040542603
7	580	them.	7.672756671905518	6.937203407287598	7.722478866577148	7.900047779083252
7	581	These	4.986790657043457	4.961678504943848	4.818865776062012	4.757777214050293
7	582	problems	7.722029685974121	6.3708109855651855	6.576379299163818	3.916975975036621
7	583	ranged	11.056867599487305	9.06699275970459	8.574431419372559	8.503058433532715
7	584	from	4.426802635192871	0.1272183060646057	0.09252116829156876	0.09922803193330765
7	585	the	2.1682446002960205	4.627492904663086	3.1527247428894043	1.5733439922332764
7	586	reliability	10.712528228759766	11.325358390808105	11.857346534729004	10.130492210388184
7	587	of	2.772763729095459	0.31891247630119324	0.2792079448699951	0.4353463053703308
7	588	second-hand	12.149369239807129	12.81333065032959	11.935526847839355	11.847440719604492
7	589	accounts,	8.268658638000488	6.251371383666992	7.375603675842285	7.344487190246582
7	590	to	5.182969093322754	5.160127639770508	5.0254950523376465	4.913012504577637
7	591	serious	9.499399185180664	11.180678367614746	11.047857284545898	10.465718269348145
7	592	credibility	10.790743827819824	10.036767959594727	8.956169128417969	7.985673904418945
7	593	problems	9.201009750366211	7.571721076965332	4.506216049194336	3.3823609352111816
7	594	with	3.6292078495025635	2.1556010246276855	1.732782006263733	2.0617780685424805
7	595	witnesses	10.998847961425781	11.785037994384766	10.799152374267578	9.682938575744629
7	596	making	8.266180038452148	7.712175369262695	6.61889123916626	7.551329612731934
7	597	demonstrably	12.587963104248047	11.933256149291992	11.440680503845215	11.695411682128906
7	598	false	6.074436664581299	2.514699935913086	0.20234498381614685	0.1882062554359436
7	599	or	4.756829738616943	3.2350072860717773	3.032626152038574	3.0618913173675537
7	600	internally-inconsistent	27.992645263671875	24.461801528930664	24.43471336364746	24.059873580932617
7	601	claims,	10.986602783203125	9.988580703735352	8.189105987548828	7.490259170532227
7	602	to	4.888401985168457	4.979607582092285	4.717846870422363	4.7858991622924805
7	603	dubious	12.527486801147461	11.268415451049805	9.94469165802002	11.092201232910156
7	604	death-bed	14.958902359008789	15.223998069763184	16.085281372070312	16.10092544555664
7	605	'confessions'	17.04720115661621	16.07617950439453	14.846626281738281	14.259856224060059
7	606	or	3.539722442626953	5.7685866355896	5.72205924987793	5.166954517364502
7	607	accounts	10.055889129638672	9.094351768493652	7.298853874206543	7.303574085235596
7	608	from	4.246930122375488	4.263160705566406	3.852743148803711	3.6884827613830566
7	609	elderly	11.24891185760498	11.674541473388672	11.363922119140625	10.69491195678711
7	610	or	4.822146892547607	3.762840509414673	3.664395809173584	2.713411569595337
7	611	easily	8.60886001586914	12.019561767578125	10.475761413574219	10.527657508850098
7	612	confused	9.91563606262207	6.618132591247559	4.959535121917725	5.006922245025635
7	613	witnesses.	12.913104057312012	13.762922286987305	12.931927680969238	10.981255531311035
7	614	A	4.056839466094971	3.9597830772399902	3.952840566635132	3.9124441146850586
7	615	basic	8.495771408081055	9.386919021606445	9.427536010742188	8.160367965698242
7	616	problem	7.931987762451172	5.890793323516846	5.225942611694336	5.134659290313721
7	617	with	3.7629549503326416	2.702141284942627	1.3562209606170654	1.0017845630645752
7	618	all	5.309150695800781	4.594503879547119	4.471177101135254	4.379266738891602
7	619	the	2.9048948287963867	1.2884163856506348	2.139392852783203	2.0992276668548584
7	620	witness	10.405694007873535	11.238367080688477	11.499058723449707	12.26922607421875
7	621	accounts,	11.506731986999512	7.781898498535156	5.969020843505859	4.83749532699585
7	622	according	4.903181552886963	5.112490177154541	5.773604869842529	6.480497360229492
7	623	to	1.5706355571746826	0.0026074019260704517	0.002857200102880597	0.0031985912937670946
7	624	the	2.6109485626220703	1.3808462619781494	1.4579286575317383	1.5396510362625122
7	625	critics,	12.240296363830566	11.69194221496582	11.331111907958984	11.62098503112793
7	626	is	5.846855640411377	5.348042964935303	5.102654457092285	3.9057769775390625
7	627	that	4.159785270690918	2.2605104446411133	1.5705407857894897	1.9059675931930542
7	628	they	4.959284782409668	3.2603492736816406	3.208599090576172	3.0159366130828857
7	629	all	5.749528884887695	5.710445404052734	4.547332286834717	5.070364952087402
7	630	came	7.564646244049072	4.584537029266357	4.142055988311768	4.482767105102539
7	631	a	3.335946798324585	5.916661739349365	7.037708759307861	7.141933917999268
7	632	minimum	8.832476615905762	8.628028869628906	8.912141799926758	10.393356323242188
7	633	of	3.032761812210083	0.49874407052993774	0.6719618439674377	0.49715274572372437
7	634	thirty-one	13.879766464233398	10.216268539428711	10.132453918457031	10.103837966918945
7	635	years	2.0613343715667725	2.7391953468322754	3.678896427154541	3.092181921005249
7	636	after	5.255768775939941	2.6118083000183105	3.394242763519287	3.05395245552063
7	637	the	2.285240888595581	1.2476087808609009	1.235804557800293	0.8586858510971069
7	638	events	8.439275741577148	6.114309310913086	5.448145389556885	4.848500728607178
7	639	in	3.15286922454834	2.4465599060058594	2.685324192047119	2.8708982467651367
7	640	question,	9.374616622924805	8.33743667602539	5.053071975708008	5.606297492980957
7	641	and	2.561180591583252	2.632599353790283	2.3335390090942383	2.3276326656341553
7	642	in	4.5965118408203125	4.719377517700195	4.180304050445557	4.064353942871094
7	643	many	6.446030139923096	3.892090082168579	4.117086410522461	4.1855621337890625
7	644	cases	8.25207805633545	2.6022071838378906	1.0423765182495117	1.1330876350402832
7	645	were	5.245616436004639	3.8112123012542725	5.357071399688721	5.107857704162598
7	646	recounted	11.688427925109863	10.243833541870117	10.053487777709961	11.471311569213867
7	647	more	5.916728496551514	6.412500381469727	6.5439581871032715	6.28354549407959
7	648	than	4.522488594055176	0.7322155237197876	0.5634361505508423	0.6583711504936218
7	649	forty	10.685873031616211	7.387770175933838	7.455270767211914	7.000377178192139
7	650	years	5.329503536224365	1.7556239366531372	0.9539722204208374	0.9794412851333618
7	651	after	5.255768775939941	2.572361946105957	2.6327202320098877	2.339587450027466
7	652	the	2.285240888595581	1.2476087808609009	1.0108777284622192	0.7652260065078735
7	653	fact.	13.828421592712402	7.387020111083984	6.942112922668457	6.8666582107543945
7	654	Not	5.762513160705566	5.739635944366455	5.823599815368652	5.969991683959961
7	655	only	5.567147254943848	1.3755096197128296	1.4657624959945679	1.5394755601882935
7	656	are	5.536376953125	2.2896575927734375	2.6250526905059814	2.806687355041504
7	657	memories	11.140198707580566	9.901634216308594	10.425349235534668	10.661267280578613
7	658	this	5.645301342010498	8.366697311401367	8.202028274536133	8.072590827941895
7	659	old	7.818614959716797	8.31867504119873	6.979377746582031	6.381764888763428
7	660	of	3.9669575691223145	6.758943557739258	5.914029121398926	5.3043928146362305
7	661	dubious	11.575701713562012	12.13015365600586	10.41395378112793	10.35362434387207
7	662	reliability,	12.53860855102539	6.43300724029541	6.904909133911133	7.334174156188965
7	663	they	5.004119396209717	4.839764595031738	4.780411720275879	5.0857834815979
7	664	were	4.352205276489258	2.8792970180511475	2.839715003967285	2.7517449855804443
7	665	also	5.079729080200195	5.130040645599365	3.6566805839538574	3.728797674179077
7	666	subject	8.39319133758545	6.533632755279541	6.204804420471191	5.871548175811768
7	667	to	2.2002906799316406	0.049368590116500854	0.010697763413190842	0.01317824237048626
7	668	contamination	12.728659629821777	9.274320602416992	9.062668800354004	8.101937294006348
7	669	from	4.290753364562988	2.5342588424682617	2.6639723777770996	2.0726828575134277
7	670	other	5.748710632324219	4.962128162384033	3.9971957206726074	3.5106160640716553
7	671	accounts	9.27338981628418	7.673857688903809	10.393221855163574	10.571203231811523
7	672	the	3.6284446716308594	5.681863784790039	5.405512809753418	6.428471088409424
7	673	witnesses	10.936245918273926	11.459671974182129	9.467998504638672	9.178841590881348
7	674	may	6.203353404998779	6.1254072189331055	5.897402763366699	4.536156177520752
7	675	have	3.2525863647460938	1.4602185487747192	1.5052216053009033	0.5787972807884216
7	676	been	4.553530216217041	1.4016609191894531	1.335024356842041	1.6479895114898682
7	677	exposed	8.397836685180664	6.559100151062012	6.269806861877441	5.869014263153076
7	678	to.	9.576419830322266	5.535717010498047	5.541476726531982	7.27122163772583
7	679	Though	6.633995056152344	6.524740695953369	6.442785263061523	6.583518981933594
7	680	there	5.237479209899902	3.57904314994812	3.623675584793091	3.602736711502075
7	681	had	5.104961395263672	5.18552827835083	5.469208717346191	5.662294864654541
7	682	always	6.738304615020752	4.749053478240967	4.511561870574951	3.8796181678771973
7	683	been	5.956865310668945	1.3033031225204468	0.16823282837867737	0.024639060720801353
7	684	skeptics	12.470673561096191	12.551254272460938	11.568634986877441	9.393800735473633
7	685	who	4.746597766876221	3.2710444927215576	3.704977512359619	4.683645248413086
7	686	had	4.7185211181640625	4.5963969230651855	4.155633926391602	4.015157699584961
7	687	many	6.499106407165527	7.702966213226318	7.925909519195557	7.5480170249938965
7	688	objections	11.42712116241455	7.699069976806641	7.4392266273498535	5.736830234527588
7	689	to	2.3898816108703613	0.8207426071166992	0.4642890393733978	0.34778064489364624
7	690	the	2.6109485626220703	1.4286762475967407	1.357274055480957	1.2735657691955566
7	691	plausibility	12.736416816711426	12.581575393676758	12.028303146362305	11.629456520080566
7	692	of	1.0994446277618408	0.1847209632396698	0.10562712699174881	0.07028596848249435
7	693	these	6.075137615203857	4.052467346191406	3.6908273696899414	3.8467772006988525
7	694	accounts,	10.104185104370117	8.420653343200684	7.678516387939453	7.26364803314209
7	695	it	4.158716678619385	3.4100584983825684	3.4435200691223145	3.4871630668640137
7	696	was	3.875565528869629	2.287879467010498	2.216973066329956	2.239506721496582
7	697	not	4.223221302032471	3.506971597671509	3.2827706336975098	2.7361016273498535
7	698	until	7.572390556335449	5.489676475524902	4.421964645385742	3.1472954750061035
7	699	the	2.059206008911133	2.003591775894165	2.054763078689575	1.9432168006896973
7	700	mid	10.579679489135742	9.543712615966797	6.8669257164001465	5.346809387207031
7	701	nineteen	12.915308952331543	9.637697219848633	9.398476600646973	7.851415634155273
7	702	nineties	12.214195251464844	7.283568382263184	4.688228607177734	4.610811233520508
7	703	that	3.9929544925689697	3.94701886177063	4.2268829345703125	4.12042760848999
7	704	a	3.9401772022247314	4.775938987731934	4.799736499786377	4.305627822875977
7	705	strong	7.356610298156738	6.7394914627075195	6.927028656005859	7.536983489990234
7	706	counter-argument	13.472646713256836	11.367840766906738	11.396263122558594	12.215076446533203
7	707	to	3.035031318664551	1.3752756118774414	1.1777108907699585	1.8251773118972778
7	708	the	2.6109485626220703	1.5734272003173828	1.3292180299758911	1.2091331481933594
7	709	presence	8.426884651184082	8.325901985168457	7.963931083679199	8.186929702758789
7	710	of	1.925059199333191	0.1482449769973755	0.09731712937355042	0.12238690257072449
7	711	aliens	11.155078887939453	8.245319366455078	7.031462669372559	6.627908229827881
7	712	was	5.190465927124023	4.742850303649902	4.265093803405762	3.9231691360473633
7	713	widely	8.902234077453613	8.7767333984375	7.679608345031738	6.858015060424805
7	714	publicized.	13.130661010742188	7.6388702392578125	7.0375213623046875	6.477909088134766
7	715	The	2.332052230834961	2.2536027431488037	2.1495327949523926	2.102813720703125
7	716	General	8.171963691711426	9.144330978393555	8.924962997436523	8.702462196350098
7	717	Accounting	10.906826972961426	4.026728630065918	3.767526865005493	3.056056499481201
7	718	Office	8.69170093536377	0.9479909539222717	0.20288875699043274	0.1250501573085785
7	719	launched	9.658037185668945	9.000024795532227	8.22234058380127	7.196375846862793
7	720	an	4.985157012939453	2.267669439315796	2.835165023803711	1.8075599670410156
7	721	inquiry	9.580824851989746	4.579812049865723	3.371131420135498	3.631509780883789
7	722	and	3.0269601345062256	3.7049448490142822	3.759845018386841	3.8313488960266113
7	723	directed	9.882529258728027	8.8619384765625	7.709718704223633	7.1153388023376465
7	724	the	2.8269124031066895	2.428436279296875	1.7953834533691406	1.6743223667144775
7	725	Office	9.292313575744629	8.860918998718262	8.92863655090332	5.599676132202148
7	726	of	2.615355968475342	0.13687467575073242	0.06937145441770554	0.09756370633840561
7	727	the	2.347175359725952	2.132178783416748	1.4548511505126953	1.7809388637542725
7	728	Secretary	9.577311515808105	9.184772491455078	4.264915943145752	2.145750045776367
7	729	of	2.1881399154663086	0.437193363904953	0.30401337146759033	0.09410689026117325
7	730	the	2.347175359725952	3.1562306880950928	2.2086591720581055	2.1280922889709473
7	731	Air	9.253448486328125	8.461812019348145	4.173294544219971	4.52012825012207
7	732	Force	8.02575397491455	0.6111665964126587	0.657242476940155	0.5076695084571838
7	733	to	3.53650164604187	4.427842140197754	3.4240458011627197	3.3596107959747314
7	734	conduct	8.76103401184082	6.0227556228637695	4.223338603973389	4.765422821044922
7	735	an	5.311644554138184	2.760024070739746	2.5077037811279297	2.648294687271118
7	736	internal	7.977001667022705	4.86106014251709	3.9494588375091553	3.842609405517578
7	737	investigation.	10.340927124023438	6.285466194152832	2.609161615371704	2.9056453704833984
7	738	The	2.184339761734009	2.1491403579711914	2.0505475997924805	1.9708950519561768
7	739	result	8.0618257522583	7.404985427856445	6.937656402587891	7.043889045715332
7	740	was	4.741451740264893	2.4709436893463135	1.4580036401748657	1.6278923749923706
7	741	summarized	11.446390151977539	9.487448692321777	10.758331298828125	9.250961303710938
7	742	in	3.105332136154175	0.8264133930206299	0.7677227854728699	0.7041964530944824
7	743	two	6.2199506759643555	6.470709323883057	5.127124309539795	4.778158187866211
7	744	reports.	11.115154266357422	10.345474243164062	7.27665901184082	7.615625381469727
7	745	The	2.1779046058654785	2.1026813983917236	1.867501974105835	1.5784149169921875
7	746	first,	10.336983680725098	9.29977035522461	6.80582857131958	4.0236921310424805
7	747	released	8.84498405456543	6.84166145324707	4.76705265045166	4.635558128356934
7	748	in	3.22857666015625	1.3691630363464355	0.6941635012626648	1.2069038152694702
7	749	nineteen	11.961862564086914	11.18742561340332	11.003724098205566	10.820188522338867
7	750	ninety-five,	16.59721565246582	12.88532543182373	14.696954727172852	12.574825286865234
7	751	concluded	11.37077522277832	11.492376327514648	10.49769401550293	10.403809547424316
7	752	that	3.2198486328125	0.7213947772979736	0.8147257566452026	0.6894544959068298
7	753	the	2.915968894958496	1.5754764080047607	1.5260123014450073	1.4458378553390503
7	754	reported	8.58714771270752	9.02421760559082	8.427967071533203	7.991469860076904
7	755	recovered	10.979948997497559	11.000295639038086	10.604571342468262	10.873030662536621
7	756	material	9.188211441040039	7.358243942260742	5.195090293884277	4.839053153991699
7	757	in	3.682737112045288	2.9929723739624023	2.992964744567871	3.3537445068359375
7	758	nineteen	11.961862564086914	12.459714889526367	11.939892768859863	11.419842720031738
7	759	forty-seven	13.051663398742676	10.298288345336914	10.483874320983887	11.422130584716797
7	760	was	6.222105979919434	5.318205833435059	6.020628452301025	7.425173759460449
7	761	likely	7.280925750732422	7.196578025817871	7.68269681930542	7.620428562164307
7	762	debris	11.859941482543945	12.802628517150879	13.699092864990234	14.346558570861816
7	763	from	3.8297812938690186	1.757451057434082	0.7782528400421143	0.7399364113807678
7	764	a	3.122591733932495	2.709012746810913	2.5004265308380127	1.5162653923034668
7	765	secret	8.095246315002441	7.7085771560668945	8.250253677368164	8.828216552734375
7	766	government	7.164929389953613	4.4256110191345215	3.9147398471832275	5.7425103187561035
7	767	program	8.28019905090332	5.906986236572266	3.254485607147217	2.8699350357055664
7	768	called	7.259588718414307	4.812994956970215	3.423516273498535	3.0058937072753906
7	769	Project	9.943416595458984	5.663576126098633	4.734289169311523	3.2864902019500732
7	770	Mogul,	15.583348274230957	12.073267936706543	12.247581481933594	14.013379096984863
7	771	which	4.351491451263428	3.0702154636383057	2.0170860290527344	0.9786744713783264
7	772	involved	8.357731819152832	8.000747680664062	7.426321506500244	6.172730922698975
7	773	high	8.595314025878906	6.977550983428955	7.4587907791137695	8.085433006286621
7	774	altitude	10.886640548706055	5.764523506164551	5.236405849456787	4.600213050842285
7	775	balloons	12.896177291870117	7.328139781951904	5.836592674255371	6.03939962387085
7	776	meant	8.808060646057129	8.194711685180664	7.735953330993652	7.245357513427734
7	777	to	2.420657157897949	1.2755640745162964	1.7531218528747559	2.198296546936035
7	778	detect	9.382018089294434	7.8097639083862305	7.1208086013793945	5.741195201873779
7	779	sound	9.02239990234375	8.5935640335083	8.2887544631958	7.854482173919678
7	780	waves	9.683385848999023	4.039316177368164	2.7684285640716553	2.5757880210876465
7	781	generated	10.085182189941406	5.463237285614014	4.1240620613098145	3.9613094329833984
7	782	by	4.065966606140137	0.5143490433692932	0.3006381392478943	0.20469240844249725
7	783	Soviet	10.230731964111328	10.51425552368164	10.215005874633789	11.747389793395996
7	784	atomic	10.236600875854492	8.490528106689453	6.551053047180176	4.812955856323242
7	785	bomb	8.794013977050781	1.5645426511764526	2.3632984161376953	2.1283648014068604
7	786	tests	9.552574157714844	4.428605556488037	3.992701768875122	2.4579415321350098
7	787	and	3.014746904373169	2.3037407398223877	2.3730478286743164	2.1285088062286377
7	788	ballistic	11.258787155151367	9.488349914550781	5.828818321228027	5.68111515045166
7	789	missiles.	10.403186798095703	3.0903916358947754	6.174872875213623	3.342135429382324
7	790	The	1.8611886501312256	1.8706328868865967	1.8226958513259888	1.946860432624817
7	791	second	6.754308700561523	5.711699962615967	6.130197525024414	6.068927764892578
7	792	report,	9.834449768066406	8.532082557678223	8.250536918640137	7.846166610717773
7	793	released	5.393090724945068	5.164499282836914	3.146474838256836	2.9051802158355713
7	794	two	6.299626350402832	5.9990386962890625	5.672131538391113	5.00195837020874
7	795	years	5.804166316986084	3.5243685245513916	2.249661922454834	2.0048985481262207
7	796	later,	7.355389595031738	3.660402297973633	3.9927730560302734	3.5568645000457764
7	797	in	3.986273765563965	3.734652280807495	3.7285845279693604	3.47086238861084
7	798	nineteen	11.961862564086914	11.10850715637207	11.224123001098633	11.96497917175293
7	799	ninety-seven,	17.047021865844727	12.970458030700684	12.003031730651855	10.389004707336426
7	800	concluded	11.22149658203125	11.29045295715332	10.540419578552246	10.305167198181152
7	801	that	3.2198486328125	0.8252597451210022	0.8759053349494934	0.752419650554657
7	802	reports	8.581550598144531	8.904337882995605	9.296649932861328	9.689740180969238
7	803	of	2.7111597061157227	2.5052340030670166	0.7561643719673157	0.6343542337417603
7	804	recovered	11.349197387695312	11.366584777832031	11.0374755859375	10.896130561828613
7	805	alien	11.200506210327148	7.503644943237305	6.687536716461182	6.564769744873047
7	806	bodies	9.217426300048828	4.43179988861084	3.666494369506836	3.1680710315704346
7	807	were	4.883110046386719	4.060575485229492	5.028817176818848	3.8972442150115967
7	808	likely	7.166471481323242	6.377450466156006	5.587396621704102	5.263267993927002
7	809	a	3.9241690635681152	5.246963977813721	5.069368839263916	4.670760631561279
7	810	combination	8.158162117004395	6.410584926605225	4.281524181365967	3.790093183517456
7	811	of	2.0777781009674072	0.08100409060716629	0.05772921442985535	0.028868403285741806
7	812	innocently	16.6716251373291	15.682901382446289	14.410835266113281	14.422350883483887
7	813	transformed	9.000164031982422	9.508150100708008	9.484861373901367	10.233850479125977
7	814	memories	10.60689640045166	10.65252685546875	8.749550819396973	7.8857622146606445
7	815	of	2.421712875366211	1.0091817378997803	1.106524109840393	1.4505596160888672
7	816	military	7.967044830322266	8.258505821228027	8.278275489807129	7.985899448394775
7	817	accidents	11.166345596313477	9.74958610534668	8.334808349609375	7.736984729766846
7	818	involving	8.753521919250488	3.4868462085723877	2.9382400512695312	4.153051853179932
7	819	injured	10.257798194885254	7.72307014465332	7.938305377960205	7.2961506843566895
7	820	or	4.671688079833984	2.568190574645996	2.247375249862671	1.8230276107788086
7	821	killed	9.61284065246582	1.5974992513656616	1.6984881162643433	1.5826733112335205
7	822	personnel,	12.427095413208008	12.20865249633789	11.549077987670898	7.76336669921875
7	823	innocently	15.363059997558594	15.45032787322998	14.907999038696289	14.916118621826172
7	824	transformed	9.000164031982422	10.087841033935547	9.959901809692383	10.442157745361328
7	825	memories	10.60689640045166	10.65252685546875	11.099096298217773	11.869526863098145
7	826	of	2.421712875366211	1.0091817378997803	1.106524109840393	1.0882244110107422
7	827	the	2.347175359725952	1.9805949926376343	1.8707951307296753	1.8993463516235352
7	828	recovery	9.125799179077148	9.773646354675293	9.865354537963867	10.557677268981934
7	829	of	2.732227087020874	1.3507442474365234	1.915284276008606	1.6065112352371216
7	830	anthropomorphic	13.996788024902344	13.735396385192871	14.653621673583984	15.06196403503418
7	831	dummies	9.95001220703125	9.870230674743652	9.91553783416748	10.098999977111816
7	832	in	2.9390525817871094	2.9945406913757324	2.7411365509033203	2.4958910942077637
7	833	military	8.119754791259766	9.519131660461426	8.186073303222656	8.019058227539062
7	834	programs	8.86855411529541	8.568628311157227	9.462100982666016	9.947152137756348
7	835	US	9.966593742370605	11.919014930725098	11.949201583862305	11.55655288696289
7	836	conducted	9.997710227966309	10.11678409576416	8.705146789550781	9.317693710327148
7	837	in	3.020498514175415	4.0551347732543945	1.3569821119308472	1.0675631761550903
7	838	the	2.2516236305236816	2.046428918838501	1.8849756717681885	1.9896469116210938
7	839	nineteen	13.56338119506836	12.064292907714844	9.797754287719727	9.994348526000977
7	840	fifties,	11.241198539733887	6.089329719543457	5.760912895202637	6.642857074737549
7	841	and	2.1715545654296875	2.2390363216400146	2.314642906188965	2.1718685626983643
7	842	hoaxes	13.617124557495117	13.843954086303711	14.210735321044922	14.609816551208496
7	843	that	2.8053879737854004	2.647561550140381	3.059108018875122	3.833050489425659
7	844	various	8.524812698364258	8.66178035736084	8.667524337768555	8.907208442687988
7	845	witnesses	10.214134216308594	8.663496017456055	7.041036605834961	7.3973708152771
7	846	and	2.9711825847625732	2.392855644226074	3.049943447113037	3.3797852993011475
7	847	UFO	12.125031471252441	10.21203899383545	11.320355415344238	10.474115371704102
7	848	proponents	11.39137077331543	9.39231014251709	8.407308578491211	7.843592643737793
7	849	perpetrated.	16.676677703857422	15.914379119873047	17.618793487548828	16.520137786865234
7	850	The	2.285491704940796	2.156876802444458	2.153921365737915	2.067711591720581
7	851	psychological	10.14387321472168	9.05708122253418	8.684252738952637	8.237534523010254
7	852	effects	7.646412372589111	2.508695125579834	2.492196798324585	2.3590087890625
7	853	of	2.3241469860076904	0.8914384245872498	0.35402780771255493	0.5218675136566162
7	854	time	6.9169416427612305	7.553540229797363	7.719624042510986	7.231945514678955
7	855	compression	12.334571838378906	10.653227806091309	7.41965913772583	7.071706771850586
7	856	and	2.8474433422088623	2.201313018798828	1.863281488418579	1.6654733419418335
7	857	confusion	10.890979766845703	10.771257400512695	11.845394134521484	12.094654083251953
7	858	about	5.028526306152344	1.8912452459335327	2.2923669815063477	2.139712333679199
7	859	when	5.935145378112793	5.957295894622803	5.7254638671875	5.354208946228027
7	860	events	8.94622802734375	8.51397705078125	8.405613899230957	7.7838826179504395
7	861	occurred	9.39019775390625	5.717208385467529	4.53784704208374	3.4799070358276367
7	862	explained	9.928182601928711	13.668705940246582	11.652517318725586	11.546725273132324
7	863	the	2.32377552986145	4.315697193145752	2.3598647117614746	2.0597214698791504
7	864	discrepancy	11.81429672241211	8.261176109313965	5.938172340393066	6.216371536254883
7	865	with	3.768698215484619	4.1481828689575195	3.4923665523529053	3.6572375297546387
7	866	the	2.270246982574463	1.2717394828796387	1.195220947265625	1.2929357290267944
7	867	years	7.790217399597168	9.142407417297363	9.020095825195312	9.141712188720703
7	868	in	3.0447702407836914	4.045490264892578	4.171239852905273	3.5919759273529053
7	869	question.	9.400253295898438	9.989494323730469	6.017768859863281	6.177948474884033
7	870	In	3.5978312492370605	3.3024091720581055	3.316615581512451	3.0590031147003174
7	871	January	8.122659683227539	6.240346908569336	6.2933454513549805	5.480177879333496
7	872	nineteen	13.098602294921875	13.348674774169922	12.5040922164917	12.48469352722168
7	873	ninety-seven,	17.047021865844727	11.17963981628418	12.722793579101562	13.32616901397705
7	874	Karl	11.721935272216797	11.061102867126465	9.858909606933594	8.959525108337402
7	875	Pflock,	18.58349609375	18.28121566772461	17.932533264160156	18.386272430419922
7	876	one	5.829777717590332	5.3679022789001465	5.180504322052002	4.839362144470215
7	877	of	2.689915180206299	0.21740780770778656	0.04589173197746277	0.06260491907596588
7	878	the	2.347175359725952	0.6228668093681335	0.42779237031936646	0.5183460712432861
7	879	more	6.003487586975098	6.702157497406006	4.0523505210876465	4.314830780029297
7	880	prominent	9.37855052947998	6.1660356521606445	4.977459907531738	3.9907898902893066
7	881	pro-UFO	19.455448150634766	18.777307510375977	18.20762062072754	17.491735458374023
7	882	researchers,	7.8347015380859375	7.939729690551758	6.689067363739014	7.224266052246094
7	883	said,	8.456768989562988	7.999679088592529	7.972032070159912	9.52628231048584
7	884	'Based	13.951684951782227	11.949990272521973	12.535040855407715	12.329809188842773
7	885	on	0.1972399204969406	0.05202025547623634	0.04606449231505394	0.050028759986162186
7	886	my	5.736854553222656	2.6544761657714844	2.4138381481170654	3.495511054992676
7	887	research	7.94450044631958	8.138860702514648	4.251127243041992	4.055703163146973
7	888	and	3.030918836593628	2.0871195793151855	2.202423095703125	1.3858360052108765
7	889	that	4.750967979431152	5.248004913330078	5.13380241394043	4.975226879119873
7	890	of	4.3750481605529785	4.891021728515625	4.842292308807373	4.0063629150390625
7	891	others,	9.44271469116211	6.772100925445557	5.564294815063477	5.0600266456604
7	892	I'm	6.725330352783203	6.374753475189209	6.326045989990234	7.177000999450684
7	893	as	6.760031700134277	6.808171272277832	6.733561992645264	6.470136642456055
7	894	certain	8.064428329467773	6.67315149307251	5.597982883453369	5.7603864669799805
7	895	as	5.040000915527344	1.8874109983444214	0.8936100006103516	0.9983540177345276
7	896	it's	7.415656566619873	7.55778694152832	7.219913482666016	9.85089111328125
7	897	possible	4.196103096008301	4.152146339416504	4.8733744621276855	2.778991460800171
7	898	to	2.7079110145568848	0.5986669659614563	0.4342615604400635	0.5502743124961853
7	899	be	4.1436285972595215	3.8248753547668457	4.131560325622559	4.280668258666992
7	900	without	7.027488708496094	8.140755653381348	8.19455337524414	6.842905521392822
7	901	absolute	9.721674919128418	9.691232681274414	9.931501388549805	9.749491691589355
7	902	proof,	11.986471176147461	6.998714923858643	6.207748889923096	7.419470310211182
7	903	that	3.61281156539917	3.4314050674438477	4.542614459991455	4.1281232833862305
7	904	no	6.252255439758301	5.129726886749268	5.026762008666992	4.893074989318848
7	905	flying	9.616029739379883	10.428964614868164	10.847095489501953	11.052035331726074
7	906	saucer	10.27910041809082	5.324985504150391	3.8526384830474854	3.1588456630706787
7	907	or	3.7478747367858887	4.236785888671875	3.2415969371795654	3.400989532470703
7	908	saucers	13.699564933776855	10.312844276428223	10.079645156860352	10.633910179138184
7	909	crashed	12.509469032287598	13.053535461425781	12.921708106994629	8.705639839172363
7	910	in	3.0133371353149414	2.811697006225586	2.7594149112701416	2.5894510746002197
7	911	the	2.2516236305236816	1.5589956045150757	1.4467103481292725	1.2727890014648438
7	912	general	7.161319255828857	6.81270694732666	8.221992492675781	8.518684387207031
7	913	vicinity	12.086530685424805	6.857789039611816	3.69077730178833	1.3252811431884766
7	914	of	2.1753783226013184	0.5325609445571899	0.24251165986061096	0.20380443334579468
7	915	Roswell	12.815957069396973	9.19184684753418	10.388433456420898	10.9523344039917
7	916	or	5.681139945983887	4.589028358459473	4.5881242752075195	4.138265132904053
7	917	on	5.230401039123535	6.108945846557617	5.393427848815918	4.3613152503967285
7	918	the	2.1509437561035156	1.6126446723937988	1.3176759481430054	1.2147059440612793
7	919	Plains	12.203361511230469	9.58211612701416	10.513235092163086	8.380301475524902
7	920	of	2.5858495235443115	1.6660921573638916	0.9734958410263062	0.868428111076355
7	921	San	8.712224006652832	6.597921371459961	8.287029266357422	8.843021392822266
7	922	Agustin	11.082805633544922	9.994592666625977	9.004480361938477	8.60416316986084
7	923	in	6.2681074142456055	5.135322570800781	4.5751848220825195	4.606657981872559
7	924	nineteen	11.961862564086914	11.457707405090332	12.694003105163574	12.573824882507324
7	925	forty-seven.'	21.638620376586914	19.038555145263672	18.85614776611328	18.549156188964844
7	926	He	2.7116270065307617	2.5627799034118652	2.820225477218628	2.826988697052002
7	927	then	6.362969398498535	3.195186138153076	3.337416410446167	3.1343326568603516
7	928	added,	10.508955955505371	6.235836029052734	4.279499053955078	4.056169033050537
7	929	'The	6.972126483917236	6.551543235778809	6.873027324676514	3.1782119274139404
7	930	debris	12.029707908630371	10.942609786987305	11.022563934326172	10.959702491760254
7	931	found	7.452038288116455	5.200346946716309	4.797203540802002	4.872475624084473
7	932	was	5.58658504486084	5.739378452301025	4.051366806030273	3.5354204177856445
7	933	the	2.8936266899108887	2.564283609390259	3.1932570934295654	3.2914910316467285
7	934	remains	8.866362571716309	9.29890251159668	7.162350654602051	3.9061880111694336
7	935	of	3.1308066844940186	0.2284989058971405	0.047583162784576416	0.05167636275291443
7	936	something	7.727088928222656	7.267643928527832	7.889440536499023	7.253269672393799
7	937	very	6.220728874206543	4.554909706115723	3.8819360733032227	4.2938127517700195
7	938	earthly,	14.218262672424316	14.052750587463379	12.235604286193848	11.46397590637207
7	939	all	6.062405586242676	6.089846611022949	6.486541748046875	6.681502342224121
7	940	but	5.9165802001953125	6.2455153465271	4.790741920471191	5.100643634796143
7	941	certainly	8.28105354309082	7.381390571594238	8.790660858154297	7.398529529571533
7	942	something	7.2189531326293945	5.430866718292236	7.217073917388916	7.9077253341674805
7	943	from	4.689496994018555	6.348543643951416	5.544345855712891	4.7019805908203125
7	944	the	2.1682446002960205	1.578418254852295	1.4293413162231445	1.164470911026001
7	945	Top	9.249835014343262	8.490521430969238	8.561019897460938	8.904343605041504
7	946	Secret	9.351335525512695	4.718782424926758	4.781878471374512	4.121649742126465
7	947	Project	8.35499095916748	5.97165060043335	5.816559791564941	5.814991474151611
7	948	Mogul.'	26.051376342773438	24.281755447387695	24.662031173706055	24.0739688873291
7	949	Although	6.817205429077148	6.5304484367370605	6.411355972290039	6.534069061279297
7	950	most	5.957305908203125	5.5221757888793945	5.265832424163818	5.26716423034668
7	951	now	7.423372745513916	8.423967361450195	8.297826766967773	8.298205375671387
7	952	agree	9.191408157348633	7.004742622375488	3.739915370941162	3.620889186859131
7	953	with	3.754664897918701	2.161738395690918	1.842213749885559	2.8955066204071045
7	954	this	4.893160820007324	3.8168952465057373	3.787609577178955	3.269761800765991
7	955	conclusion,	10.722589492797852	10.535791397094727	6.135103225708008	6.128990173339844
7	956	each	7.242839813232422	7.261119842529297	7.471649646759033	7.871045112609863
7	957	year,	7.492615699768066	5.167291641235352	5.492674827575684	5.70039701461792
7	958	during	6.278341293334961	6.704353332519531	6.502572536468506	6.547665596008301
7	959	July	8.70228385925293	7.965524196624756	7.793772220611572	7.568663597106934
7	960	Fourth	10.75830078125	10.598973274230957	8.841276168823242	9.241727828979492
7	961	weekend,	10.682316780090332	9.525751113891602	6.856943130493164	4.941429138183594
7	962	the	2.761265277862549	2.199810028076172	2.317037343978882	2.334735155105591
7	963	City	8.173523902893066	6.950717926025391	6.525821208953857	6.484523296356201
7	964	of	2.7432827949523926	0.6106187701225281	1.0115551948547363	0.7312655448913574
7	965	Roswell	12.815957069396973	10.881658554077148	10.616924285888672	10.284226417541504
7	966	hosts	10.843330383300781	11.705120086669922	9.585775375366211	10.135607719421387
7	967	the	3.2317590713500977	1.3400956392288208	2.052229881286621	1.0920507907867432
7	968	Roswell	12.181414604187012	12.613836288452148	10.363309860229492	6.430120468139648
7	969	UFO	10.38699722290039	3.5938634872436523	3.2166967391967773	5.899670600891113
7	970	Festival	10.400718688964844	7.940567970275879	8.077688217163086	5.584183692932129
7	971	celebrating	10.795905113220215	7.988073348999023	9.087357521057129	8.193937301635742
7	972	all	5.1380510330200195	5.962935447692871	5.8337931632995605	5.7534050941467285
7	973	things	6.915302753448486	4.354296684265137	1.3089591264724731	1.062687635421753
7	974	UFO,	17.808046340942383	14.156862258911133	9.679525375366211	10.13338851928711
7	975	featuring	8.021576881408691	10.720488548278809	10.888079643249512	8.83409309387207
7	976	prominent	10.264541625976562	8.640290260314941	7.969705104827881	8.18722152709961
7	977	UFOlogists	20.518400192260742	17.84693145751953	13.515037536621094	10.661450386047363
7	978	and	2.013136863708496	2.1597869396209717	1.745166540145874	1.9330551624298096
7	979	discussions.	13.061264038085938	13.833979606628418	14.247550010681152	15.240514755249023
8	0	Tulip	12.331801414489746	12.331801414489746	12.331801414489746	12.331801414489746
8	1	mania	11.864758491516113	11.864758491516113	11.864758491516113	11.864758491516113
8	2	was	3.804499387741089	2.922976493835449	2.922976493835449	2.922976493835449
8	3	a	3.061190605163574	3.1599926948547363	2.907566547393799	2.907566547393799
8	4	period	7.817641735076904	7.866194725036621	8.213125228881836	8.173691749572754
8	5	in	3.3185319900512695	3.8171095848083496	2.349656581878662	3.192378044128418
8	6	the	2.2516236305236816	1.7830332517623901	2.0566375255584717	2.173600435256958
8	7	Dutch	9.80400276184082	9.22308349609375	9.321001052856445	9.486312866210938
8	8	Golden	9.46342945098877	9.80976676940918	9.536742210388184	9.026843070983887
8	9	Age	8.519136428833008	5.257019996643066	3.4300785064697266	2.1640071868896484
8	10	during	7.462656021118164	8.223915100097656	8.019582748413086	6.138734817504883
8	11	which	5.794384002685547	4.390301704406738	2.561199188232422	3.3992180824279785
8	12	contract	9.497457504272461	11.25992202758789	11.282642364501953	11.913724899291992
8	13	prices	10.149297714233398	8.045738220214844	5.402634620666504	5.922636985778809
8	14	for	3.61967396736145	1.8687362670898438	2.2469916343688965	3.0351128578186035
8	15	bulbs	13.568840026855469	12.565702438354492	11.121617317199707	11.014055252075195
8	16	of	3.063552141189575	3.669412136077881	4.045871734619141	4.354911804199219
8	17	the	2.347175359725952	3.3206965923309326	2.8078932762145996	3.3416099548339844
8	18	recently	8.488285064697266	9.282438278198242	9.552828788757324	9.958783149719238
8	19	introduced	8.515907287597656	4.025777339935303	4.452404975891113	3.9232912063598633
8	20	tulip	14.351840019226074	15.322843551635742	13.357353210449219	12.870845794677734
8	21	reached	10.773468017578125	15.393213272094727	17.26784324645996	16.0438289642334
8	22	extraordinarily	12.121367454528809	13.282403945922852	12.715015411376953	12.636809349060059
8	23	high	6.477633953094482	2.1460113525390625	0.5026618242263794	0.3018897771835327
8	24	levels	7.467324256896973	3.5909667015075684	1.2383780479431152	1.7753820419311523
8	25	and	3.0225393772125244	4.195323944091797	5.1633076667785645	4.187027931213379
8	26	then	6.091530799865723	5.302557945251465	5.366185665130615	5.696615219116211
8	27	suddenly	8.402016639709473	6.645869255065918	7.758528709411621	6.279258728027344
8	28	collapsed.	12.36217212677002	9.009061813354492	8.477426528930664	8.674062728881836
8	29	At	4.758365631103516	4.976473808288574	5.042313575744629	4.943065643310547
8	30	the	2.2350502014160156	1.4833132028579712	1.4459092617034912	1.5655895471572876
8	31	peak	9.611085891723633	6.669147968292236	5.730000019073486	6.297113418579102
8	32	of	2.984356164932251	0.8021471500396729	0.20295350253582	0.15256787836551666
8	33	tulip	13.679739952087402	13.488025665283203	13.356399536132812	13.977933883666992
8	34	mania	10.66353988647461	8.077234268188477	7.703819274902344	7.1699395179748535
8	35	in	3.459171772003174	3.659639596939087	2.632101058959961	1.599810242652893
8	36	February	8.923591613769531	7.461759567260742	7.382400989532471	7.44842529296875
8	37	sixteen	12.268858909606934	13.893623352050781	13.400100708007812	12.82941722869873
8	38	thirty-seven,	15.736759185791016	11.904579162597656	13.16605281829834	13.86267375946045
8	39	tulip	15.804337501525879	15.079957962036133	14.228520393371582	14.432320594787598
8	40	contracts	12.791468620300293	12.32247543334961	12.471132278442383	11.714248657226562
8	41	sold	9.416001319885254	8.19521427154541	5.7008442878723145	6.087453842163086
8	42	for	3.8250136375427246	2.3538665771484375	1.8613265752792358	1.6208425760269165
8	43	more	5.292300224304199	3.98180890083313	2.823230028152466	3.264474868774414
8	44	than	4.522488594055176	0.922173023223877	0.055857621133327484	0.02726709097623825
8	45	ten	8.437541961669922	5.335799694061279	5.0036725997924805	5.40799617767334
8	46	times	6.587855815887451	3.3372621536254883	2.652621269226074	5.091436386108398
8	47	the	3.254795551300049	2.319615364074707	1.437616229057312	1.192822813987732
8	48	annual	8.434613227844238	8.318367004394531	5.200157165527344	5.16132926940918
8	49	income	7.769041538238525	6.8966193199157715	4.546390533447266	3.4699790477752686
8	50	of	3.110020637512207	1.7211917638778687	1.0641131401062012	0.7944793105125427
8	51	a	3.3830296993255615	3.4282381534576416	3.620068311691284	2.024413585662842
8	52	skilled	10.173798561096191	9.200843811035156	7.716228485107422	7.948037147521973
8	53	craftsman.	14.83974838256836	6.378273963928223	5.923896789550781	7.782804489135742
8	54	It	3.861043930053711	3.7240970134735107	3.611043691635132	3.433849334716797
8	55	is	2.683084726333618	1.4906485080718994	1.1528435945510864	1.0085597038269043
8	56	generally	7.958036422729492	6.09039306640625	6.721231460571289	6.444483757019043
8	57	considered	7.5659871101379395	2.479970932006836	2.6946513652801514	2.5911104679107666
8	58	the	2.6813764572143555	2.3722774982452393	2.182624101638794	2.549838066101074
8	59	first	5.465792655944824	4.01228141784668	3.975717306137085	3.698162317276001
8	60	recorded	9.398869514465332	7.424571514129639	7.356081008911133	7.238132953643799
8	61	economic	9.153663635253906	9.141426086425781	9.193451881408691	9.655969619750977
8	62	bubble.	12.30594539642334	11.796989440917969	10.043458938598633	10.381319046020508
8	63	The	2.205660343170166	2.103680372238159	2.079681873321533	2.002805233001709
8	64	tulip,	17.220293045043945	15.299121856689453	15.33642578125	14.365659713745117
8	65	introduced	10.605154991149902	8.471009254455566	8.180137634277344	7.690014362335205
8	66	to	2.5786490440368652	2.198395252227783	2.5358002185821533	2.946556329727173
8	67	Europe	10.032793998718262	7.3794026374816895	6.9164323806762695	5.088604927062988
8	68	in	3.33072829246521	2.9324731826782227	1.6336015462875366	1.3378700017929077
8	69	the	2.2516236305236816	1.8389413356781006	1.6080743074417114	1.7488269805908203
8	70	mid	10.579679489135742	8.014501571655273	5.796477317810059	5.788336753845215
8	71	sixteenth	13.333961486816406	7.374476909637451	7.278678894042969	6.744807243347168
8	72	century	2.1353790760040283	1.6373043060302734	1.0941228866577148	1.0921937227249146
8	73	from	4.832171440124512	5.4111528396606445	5.385485649108887	5.037118911743164
8	74	the	2.1682446002960205	2.0255911350250244	1.1889102458953857	1.1243956089019775
8	75	Ottoman	12.1841402053833	10.092142105102539	7.753933429718018	7.2776689529418945
8	76	Empire,	10.477838516235352	1.9294815063476562	1.7693471908569336	1.975334644317627
8	77	became	7.795282363891602	6.3676886558532715	6.568757057189941	6.3498430252075195
8	78	very	6.06939697265625	5.723348617553711	6.221749782562256	5.822686195373535
8	79	popular	7.82286262512207	3.8185477256774902	2.423049211502075	2.492192268371582
8	80	in	4.116733551025391	2.4105076789855957	1.5663535594940186	1.3558752536773682
8	81	the	2.2516236305236816	1.4811484813690186	1.5646085739135742	1.4139058589935303
8	82	United	6.949368953704834	4.253051280975342	3.0834171772003174	2.623237133026123
8	83	Provinces,	15.339889526367188	13.239620208740234	13.820667266845703	15.491657257080078
8	84	which	3.5445573329925537	3.1369504928588867	2.9561269283294678	3.2668890953063965
8	85	we	5.045548915863037	5.215187072753906	5.999433517456055	5.687793731689453
8	86	now	5.900734901428223	5.126093864440918	4.067654132843018	4.438582420349121
8	87	know	7.1564764976501465	1.6095540523529053	1.237658977508545	1.44659423828125
8	88	as	4.50846529006958	5.138408660888672	4.542994499206543	2.9023873805999756
8	89	the	2.6557557582855225	3.100463628768921	2.085512161254883	2.341705799102783
8	90	Netherlands.	12.69727611541748	11.213326454162598	11.952878952026367	10.248929977416992
8	91	Tulip	12.533157348632812	12.618928909301758	12.529281616210938	13.112255096435547
8	92	cultivation	11.851049423217773	9.359601020812988	10.435355186462402	9.459510803222656
8	93	in	3.2190427780151367	2.2417352199554443	2.5023770332336426	2.431945562362671
8	94	the	2.2516236305236816	1.3844108581542969	1.6984387636184692	1.45960533618927
8	95	United	6.949368953704834	4.253051280975342	4.248000144958496	3.1033947467803955
8	96	Provinces	13.854286193847656	11.79881477355957	12.62197494506836	11.351323127746582
8	97	is	5.30007266998291	4.659957408905029	4.500642776489258	4.214292526245117
8	98	generally	7.958036422729492	7.322632789611816	7.678470134735107	7.1562933921813965
8	99	thought	7.280098915100098	4.099155902862549	4.246807098388672	4.360163688659668
8	100	to	3.0018911361694336	0.8317875266075134	0.7100300788879395	0.30545130372047424
8	101	have	4.388607978820801	2.5899758338928223	2.07926869392395	2.3563454151153564
8	102	started	6.938258647918701	6.69532585144043	5.994709491729736	5.7490949630737305
8	103	in	3.201173782348633	4.361286163330078	3.381437301635742	3.549550771713257
8	104	earnest	11.574463844299316	6.164958477020264	4.800070762634277	5.551252365112305
8	105	around	7.60688591003418	7.258111476898193	5.316342830657959	5.522745132446289
8	106	fifteen	10.556801795959473	11.31644058227539	9.700364112854004	9.386442184448242
8	107	ninety-three,	17.60919952392578	17.530359268188477	16.985002517700195	16.989368438720703
8	108	after	5.981087684631348	5.782670497894287	5.675812244415283	5.314699172973633
8	109	the	2.285240888595581	2.6895294189453125	2.3636035919189453	2.414642095565796
8	110	Flemish	12.511515617370605	14.048452377319336	12.612587928771973	12.62637996673584
8	111	botanist	11.557914733886719	12.577990531921387	13.021598815917969	11.165895462036133
8	112	Charles	8.197211265563965	5.8856964111328125	5.496479034423828	5.215079307556152
8	113	de	7.715015411376953	4.581615447998047	4.874711990356445	4.231403350830078
8	114	l'Ecluse	23.5252685546875	21.112699508666992	22.391685485839844	22.61091423034668
8	115	had	7.913806438446045	8.11408805847168	5.538752555847168	4.165046691894531
8	116	taken	6.6435370445251465	4.831963062286377	5.313060760498047	4.939023971557617
8	117	up	5.149744987487793	3.3083088397979736	3.550230026245117	3.430792808532715
8	118	a	3.465193033218384	2.444488525390625	2.8632185459136963	2.731361150741577
8	119	post	7.440854072570801	7.668364524841309	5.881860733032227	4.590053558349609
8	120	at	4.80360221862793	4.184006690979004	4.038768291473389	3.3773300647735596
8	121	the	2.1856894493103027	2.3327925205230713	1.91001296043396	2.005234718322754
8	122	University	8.388518333435059	4.813632011413574	4.518587589263916	4.2830352783203125
8	123	of	2.323556900024414	0.08792692422866821	0.03006136231124401	0.016841338947415352
8	124	Leiden	13.424444198608398	9.787005424499512	9.682463645935059	9.089664459228516
8	125	and	2.0022730827331543	3.0638511180877686	2.3012595176696777	1.6133995056152344
8	126	established	9.056479454040527	10.161933898925781	9.54539680480957	7.515295505523682
8	127	a	3.5292396545410156	1.5537116527557373	1.4806374311447144	1.305682897567749
8	128	botanical	14.097159385681152	10.967146873474121	10.504087448120117	10.453737258911133
8	129	garden,	4.91489315032959	3.6372692584991455	4.123867034912109	3.1212384700775146
8	130	which	3.3322503566741943	3.4066991806030273	3.2972655296325684	2.705899477005005
8	131	is	3.292734384536743	1.5533912181854248	1.5638302564620972	1.6702059507369995
8	132	famous	9.431991577148438	9.421954154968262	8.286869049072266	7.692215919494629
8	133	as	4.7589006423950195	3.6116414070129395	3.344254970550537	3.258659839630127
8	134	one	5.194406032562256	5.154676914215088	2.9273955821990967	3.533677339553833
8	135	of	2.689915180206299	0.8730136752128601	0.20316281914710999	0.06603339314460754
8	136	the	2.347175359725952	0.6228668093681335	0.5111969113349915	0.4229572117328644
8	137	oldest	9.967811584472656	8.178112030029297	5.20566463470459	5.041788101196289
8	138	in	3.9417648315429688	4.201754093170166	5.20433235168457	3.8898463249206543
8	139	the	2.2516236305236816	1.3332494497299194	0.641616702079773	0.6728960275650024
8	140	world.	7.8494720458984375	5.84731388092041	3.284010171890259	3.274986982345581
8	141	There,	8.967470169067383	9.201980590820312	9.206635475158691	9.204218864440918
8	142	he	3.0827560424804688	2.622702121734619	2.5050530433654785	2.484713554382324
8	143	planted	10.555533409118652	9.132269859313965	8.24220085144043	8.421916961669922
8	144	his	5.7831926345825195	2.047586441040039	2.032254219055176	2.1705822944641113
8	145	collection	8.76987361907959	7.878846168518066	9.278379440307617	9.249338150024414
8	146	of	2.1951563358306885	0.5912708044052124	0.5312429070472717	0.7494598627090454
8	147	tulip	13.679739952087402	12.787042617797852	12.934289932250977	11.737811088562012
8	148	bulbs	3.598417282104492	0.9575592875480652	1.2990115880966187	1.5698034763336182
8	149	that	4.064961910247803	3.041388511657715	3.0765647888183594	2.566103935241699
8	150	the	2.915968894958496	4.8970441818237305	4.751021862030029	4.772542476654053
8	151	Emperor's	12.133718490600586	10.900299072265625	11.427352905273438	10.922966003417969
8	152	ambassador	8.474993705749512	8.802628517150879	8.89487075805664	8.632079124450684
8	153	sent	7.892838001251221	5.861947059631348	5.731919288635254	4.889721870422363
8	154	to	2.623145580291748	1.9571303129196167	2.2856345176696777	2.0823943614959717
8	155	him	7.545299530029297	3.8056044578552246	5.630213737487793	5.456259727478027
8	156	from	4.500338554382324	4.222127437591553	2.928351879119873	3.229262351989746
8	157	Turkey,	10.991950988769531	10.230807304382324	9.327205657958984	7.491830825805664
8	158	which	3.1725192070007324	3.18270206451416	3.4828319549560547	3.347658634185791
8	159	were	5.147941589355469	4.358494281768799	5.3429107666015625	6.0419721603393555
8	160	able	6.745868682861328	6.185757637023926	5.36289644241333	5.18353271484375
8	161	to	1.2900562286376953	0.023863717913627625	0.016770951449871063	0.008708339184522629
8	162	tolerate	11.04821491241455	7.923169136047363	9.177361488342285	8.36273193359375
8	163	the	2.7419188022613525	1.9647237062454224	1.8547601699829102	1.6515917778015137
8	164	harsher	12.453852653503418	10.37907600402832	8.587756156921387	7.844208717346191
8	165	conditions	8.706578254699707	3.3213539123535156	3.655663013458252	3.5101611614227295
8	166	of	2.6408443450927734	3.2431201934814453	2.035464286804199	1.9772415161132812
8	167	the	2.347175359725952	1.9599839448928833	1.546963095664978	1.181844711303711
8	168	northern	9.306988716125488	8.488155364990234	8.972822189331055	6.709199905395508
8	169	climate.	10.355671882629395	11.238600730895996	10.60695743560791	7.770614147186279
8	170	It	3.381612539291382	3.257626533508301	3.1927781105041504	3.1533255577087402
8	171	was	3.412656545639038	2.478408098220825	2.352518320083618	2.238591194152832
8	172	shortly	9.61616039276123	8.06803035736084	8.904995918273926	8.884786605834961
8	173	thereafter	10.811619758605957	2.7382116317749023	2.655028820037842	2.4376626014709473
8	174	that	4.049733638763428	3.277519464492798	4.467948913574219	0.388792484998703
8	175	the	2.915968894958496	2.1398327350616455	2.0172276496887207	2.047685384750366
8	176	tulips	14.918929100036621	14.37321662902832	14.999152183532715	14.971929550170898
8	177	began	7.777577877044678	7.122368335723877	7.133403778076172	4.864724159240723
8	178	to	2.496319532394409	0.5587688088417053	0.470619797706604	0.9136313199996948
8	179	grow	8.24897575378418	4.532707691192627	3.267665386199951	2.780034065246582
8	180	in	3.410034418106079	2.6915268898010254	2.1394686698913574	1.5972427129745483
8	181	popularity.	12.106168746948242	5.768868923187256	5.488360404968262	3.0910139083862305
8	182	The	2.467388153076172	2.3606526851654053	2.2986834049224854	2.3938889503479004
8	183	flower	10.800965309143066	10.97415542602539	10.153425216674805	9.734050750732422
8	184	rapidly	10.749003410339355	10.016595840454102	10.02434253692627	10.02308464050293
8	185	became	7.485770225524902	4.944097995758057	4.0920257568359375	3.234926462173462
8	186	a	2.7559194564819336	1.6186933517456055	2.361590623855591	2.3256471157073975
8	187	coveted	11.400543212890625	9.464183807373047	9.263049125671387	9.849261283874512
8	188	luxury	9.564608573913574	7.533523082733154	7.485270023345947	6.382506847381592
8	189	item	9.288005828857422	6.048038005828857	3.5624454021453857	2.4767208099365234
8	190	and	3.594804525375366	3.067206621170044	3.2918829917907715	3.408997058868408
8	191	a	3.8303797245025635	3.317497491836548	3.616753339767456	3.104619026184082
8	192	status	8.769414901733398	9.693097114562988	8.362878799438477	8.898721694946289
8	193	symbol,	12.523927688598633	5.682422161102295	5.173508167266846	4.796745777130127
8	194	and	2.5594124794006348	2.4822041988372803	2.461597442626953	2.51259446144104
8	195	a	3.8303797245025635	3.4481024742126465	3.4178102016448975	2.9712483882904053
8	196	profusion	11.322214126586914	10.442916870117188	10.689807891845703	12.046249389648438
8	197	of	0.38058915734291077	0.012660619802772999	0.005368816200643778	0.007095680106431246
8	198	varieties	11.458077430725098	10.656936645507812	8.516797065734863	8.544195175170898
8	199	followed.	12.651224136352539	13.218438148498535	11.66646671295166	12.948967933654785
8	200	They	4.11355447769165	4.006032943725586	4.070286273956299	4.133960723876953
8	201	were	4.150579452514648	2.2575860023498535	2.1022708415985107	2.0052523612976074
8	202	classified	9.225153923034668	9.228350639343262	9.834242820739746	7.2215070724487305
8	203	in	3.3995203971862793	3.1597821712493896	3.3131484985351562	3.54060697555542
8	204	groups:	15.032108306884766	17.595617294311523	12.40945053100586	12.61783504486084
8	205	one-colored	21.32379913330078	20.166282653808594	21.243104934692383	19.445405960083008
8	206	tulips	11.185745239257812	11.943428039550781	11.147581100463867	12.269082069396973
8	207	of	3.1787376403808594	4.661247253417969	4.930486679077148	4.8735857009887695
8	208	red,	11.22111701965332	9.152606964111328	5.893046855926514	5.445150852203369
8	209	yellow,	5.608980655670166	3.7013120651245117	3.613185405731201	2.6765105724334717
8	210	or	4.281970500946045	1.8008160591125488	2.3553948402404785	2.3268494606018066
8	211	white	8.346837043762207	4.42686128616333	3.576321601867676	3.490023374557495
8	212	were	6.444190502166748	6.862636089324951	7.258872985839844	6.911972999572754
8	213	known	7.1702704429626465	6.807508945465088	6.924149513244629	6.619112014770508
8	214	as	3.674020290374756	1.4536755084991455	1.516059160232544	2.551614284515381
8	215	Couleren,	25.242305755615234	24.56942367553711	26.09132194519043	25.5201473236084
8	216	but	5.21103572845459	3.675469398498535	3.7329418659210205	2.6199848651885986
8	217	it	4.478123664855957	3.243976593017578	3.058351993560791	2.626976490020752
8	218	was	3.875565528869629	2.110074281692505	1.6286224126815796	1.5582668781280518
8	219	the	2.8936266899108887	3.2203640937805176	3.276780843734741	2.994375467300415
8	220	multicolored	13.09430980682373	15.15127944946289	14.671306610107422	14.388029098510742
8	221	Rosen	14.782731056213379	14.187522888183594	13.730815887451172	13.990682601928711
8	222	(red	12.702310562133789	10.799161911010742	11.715860366821289	11.340109825134277
8	223	or	6.00830078125	5.782349109649658	4.613211154937744	4.647536754608154
8	224	pink	10.890787124633789	5.702914237976074	5.97194242477417	6.325671195983887
8	225	on	4.8272013664245605	4.985129356384277	4.53127908706665	4.211603164672852
8	226	white	8.284296989440918	7.074529647827148	6.374296188354492	4.857494354248047
8	227	background),	15.227106094360352	12.757011413574219	9.916451454162598	9.104788780212402
8	228	Violetten	22.91246223449707	22.468505859375	22.345767974853516	21.04572868347168
8	229	(purple	14.210419654846191	11.235393524169922	9.687768936157227	9.14324951171875
8	230	or	5.068207740783691	5.338552474975586	4.997269153594971	4.346564292907715
8	231	lilac	15.404547691345215	9.087445259094238	8.938060760498047	8.848334312438965
8	232	on	5.715856552124023	4.478766918182373	4.57033109664917	4.8238115310668945
8	233	white	8.284296989440918	6.840524196624756	6.218323707580566	4.127048492431641
8	234	background),	15.227106094360352	12.757011413574219	11.265395164489746	10.348451614379883
8	235	and,	7.548263072967529	7.702095985412598	8.043192863464355	8.296971321105957
8	236	to	4.016061782836914	4.058547496795654	4.085702419281006	4.112565040588379
8	237	a	3.5429835319519043	1.9126092195510864	1.7476273775100708	1.66704261302948
8	238	lesser	9.549408912658691	6.392778396606445	0.3133733868598938	0.261607825756073
8	239	extent,	10.558414459228516	6.016386985778809	2.6165730953216553	0.2364511787891388
8	240	the	2.5932443141937256	2.7658443450927734	2.7660045623779297	2.7528157234191895
8	241	Bizarden	25.623613357543945	25.495346069335938	25.81614875793457	26.015775680541992
8	242	(red,	14.965763092041016	17.335895538330078	17.39286231994629	17.286685943603516
8	243	brown	7.425827503204346	6.5885419845581055	5.655557632446289	5.662107467651367
8	244	or	4.72959566116333	3.368046760559082	3.483513832092285	2.9152815341949463
8	245	purple	10.998461723327637	5.787628173828125	4.281953811645508	4.359064102172852
8	246	on	4.766129493713379	5.02950382232666	5.225083827972412	4.794792652130127
8	247	yellow	10.25921630859375	9.611051559448242	8.235495567321777	7.924922943115234
8	248	background)	15.038269996643066	11.26344108581543	9.92980670928955	9.195902824401855
8	249	that	4.4514265060424805	3.888576030731201	4.552274703979492	4.431560039520264
8	250	were	5.662384510040283	4.244464874267578	4.517448425292969	3.923266649246216
8	251	the	3.1983580589294434	4.169332504272461	4.882112503051758	4.998119354248047
8	252	most	5.893077850341797	3.1079261302948	2.8715505599975586	2.89292573928833
8	253	popular.	12.024845123291016	8.89906120300293	6.915013790130615	6.1627984046936035
8	254	These	5.072597503662109	4.952673435211182	5.170190811157227	5.244824409484863
8	255	spectacular	10.781976699829102	10.394906997680664	10.431075096130371	10.400020599365234
8	256	and	3.4780690670013428	3.663057804107666	3.8468880653381348	3.882402181625366
8	257	highly	8.873194694519043	5.482180118560791	4.830265045166016	4.1425275802612305
8	258	sought-after	10.269990921020508	7.482618808746338	6.434803009033203	6.337496757507324
8	259	tulip	12.670517921447754	14.83880615234375	14.235392570495605	14.059050559997559
8	260	bulbs	3.5984177589416504	1.090964674949646	1.8109304904937744	1.166704535484314
8	261	would	5.740462303161621	5.620497226715088	5.341257572174072	6.001406669616699
8	262	grow	7.875916481018066	6.086592674255371	4.813624382019043	5.519441604614258
8	263	flowers	11.053570747375488	11.166837692260742	9.817831993103027	8.432912826538086
8	264	with	4.071273326873779	3.5381293296813965	3.6774954795837402	3.829775810241699
8	265	vivid	11.72680377960205	8.5263671875	9.033228874206543	10.154787063598633
8	266	colors,	9.889404296875	3.0192198753356934	2.6047661304473877	2.2886409759521484
8	267	lines,	9.104242324829102	9.200861930847168	9.265304565429688	9.92402172088623
8	268	and	2.300339460372925	0.943484365940094	0.7471000552177429	0.6570403575897217
8	269	flames	11.746549606323242	10.690960884094238	8.986867904663086	9.348459243774414
8	270	on	3.7712860107421875	3.8481149673461914	3.877256393432617	2.7992725372314453
8	271	the	2.1509437561035156	0.98580002784729	0.8811739683151245	0.7807760238647461
8	272	petals,	16.23546600341797	17.350940704345703	14.248871803283691	14.897222518920898
8	273	as	4.201574802398682	3.9408955574035645	3.875985622406006	3.8067948818206787
8	274	a	2.9151878356933594	3.6737122535705566	3.8338000774383545	3.794348955154419
8	275	result,	10.763383865356445	5.807583808898926	4.880460262298584	4.7234954833984375
8	276	it	3.248063564300537	3.3719091415405273	3.3951468467712402	3.9046759605407715
8	277	is	3.211789131164551	1.5157939195632935	1.7002928256988525	1.6916899681091309
8	278	now	5.530698776245117	4.6315484046936035	4.507336616516113	4.707518577575684
8	279	understood,	11.634504318237305	10.8600435256958	9.440245628356934	9.604878425598145
8	280	of	5.421454429626465	5.633508682250977	5.740687847137451	5.7090020179748535
8	281	being	6.406808853149414	4.665221214294434	5.128012657165527	6.068005084991455
8	282	infected	10.070403099060059	7.822897911071777	8.19786262512207	7.754934310913086
8	283	with	3.9603874683380127	0.6546547412872314	0.6269353628158569	0.6986895799636841
8	284	tulip-specific	25.169069290161133	20.030250549316406	20.39446258544922	20.130542755126953
8	285	virus	8.358095169067383	8.440330505371094	5.455366611480713	4.673596382141113
8	286	known	7.922280788421631	5.810163974761963	7.46439266204834	7.265992641448975
8	287	as	3.6740198135375977	0.10064712911844254	0.07948619872331619	0.08072301745414734
8	288	the	2.6557557582855225	1.490547776222229	3.14664626121521	3.1804234981536865
8	289	'Tulip	18.30729103088379	17.516544342041016	14.991312026977539	16.38934326171875
8	290	breaking	14.38591194152832	14.194917678833008	13.884842872619629	15.262125968933105
8	291	virus'.	19.70859146118164	15.983782768249512	12.279483795166016	11.177407264709473
8	292	The	2.2342989444732666	2.1784558296203613	2.2919325828552246	2.086397409439087
8	293	Dutch	9.509498596191406	7.611309051513672	7.634123802185059	7.678865432739258
8	294	Golden	9.46342945098877	10.079848289489746	12.107836723327637	12.250702857971191
8	295	Age	8.519136428833008	5.257019996643066	5.4561052322387695	3.113471746444702
8	296	growers	12.442058563232422	13.112442016601562	14.685335159301758	14.042573928833008
8	297	named	9.088455200195312	8.969342231750488	8.446549415588379	7.847748756408691
8	298	their	5.9153337478637695	5.408989906311035	3.109912872314453	3.369197368621826
8	299	new	5.64621639251709	4.531037330627441	4.005759239196777	3.9570701122283936
8	300	varieties	10.784509658813477	11.820080757141113	12.387930870056152	8.795858383178711
8	301	with	4.228531837463379	5.2786664962768555	4.543367862701416	3.824249267578125
8	302	exalted	12.904319763183594	12.236530303955078	12.162285804748535	12.25151252746582
8	303	titles.	11.744972229003906	6.642387390136719	6.5514984130859375	6.8912200927734375
8	304	Many	5.919748783111572	5.466982841491699	5.410800933837891	5.078008651733398
8	305	early	7.513321876525879	7.342720985412598	7.2502546310424805	7.129302024841309
8	306	forms	9.396751403808594	6.02628755569458	6.873671531677246	6.800164222717285
8	307	were	5.667737007141113	5.122026443481445	3.9112370014190674	2.952126979827881
8	308	prefixed	13.720742225646973	10.039908409118652	9.99387264251709	8.507758140563965
8	309	with	1.5473560094833374	0.9929945468902588	0.9596378803253174	0.9836409091949463
8	310	'admiral',	23.635862350463867	21.19896697998047	19.158187866210938	18.67045021057129
8	311	often	7.836038589477539	7.234364032745361	7.191323280334473	6.761512279510498
8	312	combined	8.92076301574707	8.089641571044922	8.070270538330078	6.858699321746826
8	313	with	4.233066558837891	0.8699613809585571	0.0458604097366333	0.046378809958696365
8	314	the	2.270246982574463	1.7446650266647339	1.7677512168884277	1.5764062404632568
8	315	growers'	15.37671184539795	14.704259872436523	13.963555335998535	13.976395606994629
8	316	names.	9.859579086303711	8.070459365844727	8.430498123168945	8.812617301940918
8	317	'General'	17.017820358276367	18.16339874267578	18.121458053588867	18.630216598510742
8	318	was	3.9230175018310547	3.445927381515503	2.8600001335144043	2.5622143745422363
8	319	another	6.883954048156738	7.280586242675781	5.952159881591797	5.742502212524414
8	320	prefix	12.827954292297363	12.836065292358398	10.728170394897461	6.798439979553223
8	321	that	4.333268165588379	2.997978925704956	1.9607919454574585	2.045661449432373
8	322	found	7.748833656311035	8.22800350189209	9.048230171203613	6.9202094078063965
8	323	its	6.271597862243652	3.7290971279144287	5.203360557556152	1.082205057144165
8	324	way	6.301328182220459	1.6852166652679443	0.3824484050273895	0.45665398240089417
8	325	into	5.949930191040039	2.064849615097046	0.7926549315452576	0.8235185146331787
8	326	the	2.0434412956237793	1.270756483078003	0.8837078809738159	0.9836043119430542
8	327	names	8.856025695800781	9.576472282409668	10.307385444641113	10.412952423095703
8	328	of	2.404158115386963	0.32390984892845154	0.25912830233573914	0.3487322926521301
8	329	around	8.016359329223633	8.981405258178711	8.598723411560059	8.60064697265625
8	330	thirty	10.394730567932129	7.576604843139648	5.836886405944824	6.876395225524902
8	331	varieties.	12.8331298828125	11.731620788574219	10.833009719848633	9.411799430847168
8	332	Later	8.52368450164795	8.201272010803223	8.23652172088623	8.30176067352295
8	333	came	7.30173921585083	6.736307621002197	6.2953386306762695	6.495922088623047
8	334	varieties	13.132408142089844	14.513681411743164	6.499546527862549	4.661833763122559
8	335	with	4.228531837463379	5.028221607208252	4.017167568206787	3.094447374343872
8	336	even	6.696100234985352	6.987388610839844	6.876603603363037	6.825787544250488
8	337	more	4.737868309020996	1.4119805097579956	1.3393596410751343	1.0402556657791138
8	338	superb	11.629365921020508	10.775067329406738	9.91917896270752	9.152810096740723
8	339	names,	10.86984920501709	10.019071578979492	10.812110900878906	9.668184280395508
8	340	such	4.082925319671631	3.202711820602417	3.602344512939453	2.987001419067383
8	341	as	3.5933289527893066	0.032355304807424545	0.01525984425097704	0.017656482756137848
8	342	even	6.6845245361328125	8.362066268920898	8.949945449829102	8.999134063720703
8	343	'Admiral	20.28717041015625	18.646846771240234	18.051301956176758	16.89309310913086
8	344	of	4.376309394836426	4.614033222198486	4.498871326446533	5.695703029632568
8	345	Admirals'	19.144746780395508	10.293699264526367	8.87736988067627	9.022830963134766
8	346	and	4.425548553466797	4.155056953430176	2.698554515838623	2.834031105041504
8	347	'General	15.972997665405273	9.555560111999512	11.678627967834473	5.657040596008301
8	348	of	4.888522148132324	5.4322309494018555	4.762207984924316	4.750006675720215
8	349	Generals'.	21.616790771484375	14.556459426879883	12.472490310668945	10.894510269165039
8	350	Most	6.593965530395508	6.454745769500732	6.720418453216553	6.431088924407959
8	351	of	2.7179431915283203	0.9261779189109802	0.9464280605316162	0.9788051843643188
8	352	these	6.075137615203857	2.500330686569214	1.8837414979934692	2.075976610183716
8	353	varieties	10.320779800415039	8.525077819824219	8.173458099365234	8.940569877624512
8	354	have	4.825730800628662	3.968402147293091	3.959683418273926	2.478597640991211
8	355	now	6.072725296020508	6.169023513793945	6.421950340270996	6.086453437805176
8	356	died	9.982742309570312	7.762735366821289	7.194151878356934	7.119529724121094
8	357	out,	7.9193501472473145	6.74471378326416	5.7284746170043945	2.8471882343292236
8	358	though	5.929812908172607	5.303406715393066	4.915656089782715	4.703073501586914
8	359	similar	8.418764114379883	10.033646583557129	9.52249526977539	9.382187843322754
8	360	'broken'	16.506954193115234	16.7445068359375	16.91790008544922	16.026443481445312
8	361	tulips	16.055875778198242	13.98462200164795	13.291913032531738	12.971704483032227
8	362	continue	8.89045238494873	7.140725612640381	8.162107467651367	6.279639720916748
8	363	in	3.2720985412597656	5.01093864440918	4.755753993988037	4.798675537109375
8	364	the	2.2516236305236816	1.680501937866211	1.6130561828613281	1.641239881515503
8	365	trade.	10.881006240844727	10.793502807617188	9.882402420043945	9.947361946105957
8	366	Tulips	15.35030746459961	15.557844161987305	15.609635353088379	16.378028869628906
8	367	grow	10.099268913269043	8.65591049194336	8.846492767333984	9.364858627319336
8	368	from	4.556560516357422	4.037290573120117	4.104434013366699	4.217899322509766
8	369	bulbs,	14.832886695861816	15.145410537719727	11.257209777832031	12.361185073852539
8	370	and	2.1045329570770264	2.4966506958007812	2.879340171813965	2.674078941345215
8	371	can	6.11482048034668	5.36577844619751	5.299602508544922	5.223001480102539
8	372	be	3.4317026138305664	1.320220708847046	1.1509714126586914	1.280226707458496
8	373	propagated	11.740452766418457	10.027210235595703	9.646164894104004	10.395099639892578
8	374	through	5.069709777832031	2.5448238849639893	2.205535888671875	2.0401768684387207
8	375	both	6.488895416259766	6.4836039543151855	6.769266128540039	6.285799980163574
8	376	seeds	10.921211242675781	11.152446746826172	11.543753623962402	10.477911949157715
8	377	and	2.7337419986724854	2.42512583732605	1.0171023607254028	0.4192098379135132
8	378	buds.	14.675446510314941	10.537652969360352	8.968120574951172	7.671555519104004
8	379	Seeds	9.120030403137207	7.831430435180664	6.172797203063965	5.399580001831055
8	380	from	4.396860599517822	3.739835262298584	4.334335803985596	4.222135066986084
8	381	a	3.122591733932495	3.249734878540039	3.2791433334350586	3.4628448486328125
8	382	tulip	13.57121467590332	12.702278137207031	10.58155345916748	8.864973068237305
8	383	will	5.467282295227051	6.145012378692627	7.08133602142334	6.3394927978515625
8	384	form	7.374080657958984	6.947761058807373	5.851658821105957	5.943325996398926
8	385	a	3.65474009513855	1.057729959487915	1.2574676275253296	1.7380905151367188
8	386	flowering	11.953564643859863	11.863201141357422	12.664313316345215	10.094039916992188
8	387	bulb	11.68100643157959	6.267120361328125	5.9315266609191895	6.822690486907959
8	388	after	6.098336219787598	5.041629791259766	5.455522060394287	5.073890686035156
8	389	seven-twelve	22.410184860229492	20.51129150390625	20.879474639892578	19.868602752685547
8	390	years.	5.420877456665039	4.142739772796631	4.3919358253479	4.661559104919434
8	391	When	4.830178260803223	4.78303337097168	4.727222442626953	4.645051002502441
8	392	a	3.5570147037506104	3.888744354248047	4.2615180015563965	4.174304008483887
8	393	bulb	11.781621932983398	10.448090553283691	11.444908142089844	11.788942337036133
8	394	grows	10.129890441894531	9.199966430664062	6.5129547119140625	6.39664363861084
8	395	into	5.782527923583984	3.2642860412597656	3.133223056793213	2.904937267303467
8	396	the	2.043440341949463	2.024829387664795	2.14528226852417	1.8137876987457275
8	397	flower,	13.114418983459473	12.23950481414795	11.797892570495605	7.373324394226074
8	398	the	3.353135108947754	2.826967239379883	3.2462124824523926	2.7908952236175537
8	399	original	7.340991020202637	7.07285213470459	7.4187445640563965	7.519415378570557
8	400	bulb	12.274149894714355	12.067570686340332	9.40144157409668	8.211235046386719
8	401	will	5.431674480438232	4.6133809089660645	5.039527893066406	4.119029998779297
8	402	disappear,	11.902838706970215	9.898513793945312	10.191190719604492	8.86206340789795
8	403	but	2.662113666534424	2.1983699798583984	2.2908565998077393	2.0412721633911133
8	404	a	3.591928243637085	4.633525848388672	4.6111907958984375	4.131523132324219
8	405	clone	10.65303897857666	10.015825271606445	10.099152565002441	8.85609245300293
8	406	bulb	13.157003402709961	15.531571388244629	14.108622550964355	14.604759216308594
8	407	forms	9.786291122436523	9.007415771484375	11.043315887451172	10.043218612670898
8	408	in	3.298837661743164	2.4087014198303223	2.3261852264404297	2.121370315551758
8	409	its	5.822312355041504	5.174958229064941	4.289564609527588	5.2516770362854
8	410	place,	9.641550064086914	6.798353672027588	7.327467918395996	7.3497209548950195
8	411	as	4.214383602142334	3.6918351650238037	3.6943154335021973	3.6076416969299316
8	412	do	6.668116569519043	6.18311882019043	5.583070278167725	5.909026622772217
8	413	several	7.92514705657959	5.871515274047852	5.284977436065674	5.280830383300781
8	414	buds.	14.561494827270508	15.544771194458008	14.322952270507812	14.30099868774414
8	415	Properly	10.845218658447266	10.982782363891602	11.198951721191406	10.389570236206055
8	416	cultivated,	12.095372200012207	7.846467018127441	5.577723503112793	6.095495700836182
8	417	these	6.958627700805664	4.188302516937256	2.1176133155822754	1.9961695671081543
8	418	buds	12.358185768127441	10.769708633422852	8.898477554321289	5.759188175201416
8	419	will	5.274972915649414	3.869901180267334	2.8094468116760254	3.0741167068481445
8	420	become	6.089986801147461	4.157139778137207	3.8335423469543457	3.8494811058044434
8	421	bulbs	13.664230346679688	14.828165054321289	11.797611236572266	10.338251113891602
8	422	of	3.063552141189575	2.13840651512146	1.915575623512268	2.2222471237182617
8	423	their	5.306450843811035	5.224979400634766	5.664901256561279	5.712653636932373
8	424	own.	8.633033752441406	4.957359313964844	3.17962384223938	2.484980344772339
8	425	The	2.7627475261688232	2.67098069190979	2.5660574436187744	2.283720016479492
8	426	'tulip	19.515750885009766	19.79134750366211	19.780410766601562	19.701393127441406
8	427	breaking'	14.165457725524902	11.738580703735352	11.490960121154785	11.607934951782227
8	428	virus,	12.223273277282715	11.120670318603516	11.127263069152832	11.618134498596191
8	429	which	2.646912097930908	2.1809427738189697	1.8790833950042725	1.2175335884094238
8	430	many	6.48655891418457	6.152658462524414	6.520817756652832	6.7144880294799805
8	431	botanists	13.721083641052246	12.535490036010742	10.48520278930664	11.344320297241211
8	432	have	2.7540764808654785	2.155910015106201	2.234539031982422	2.4434189796447754
8	433	studied,	12.773714065551758	10.431894302368164	8.341592788696289	6.992224216461182
8	434	spreads	14.440096855163574	14.23898983001709	14.375826835632324	14.21505355834961
8	435	only	6.396650314331055	7.429180145263672	7.215819835662842	7.583957672119141
8	436	through	6.90900993347168	4.85190486907959	3.5976150035858154	3.3381872177124023
8	437	buds,	14.90339469909668	16.77385902404785	15.145618438720703	13.096654891967773
8	438	not	5.060821533203125	5.458000659942627	4.311060905456543	3.2560226917266846
8	439	seeds,	13.419209480285645	9.103588104248047	6.643430233001709	6.882360458374023
8	440	and	2.492399215698242	2.540297031402588	2.0368306636810303	1.7256520986557007
8	441	so	6.035863876342773	5.002420902252197	3.948192596435547	4.12584114074707
8	442	cultivating	12.442513465881348	13.507378578186035	11.72856330871582	10.435720443725586
8	443	the	2.5204415321350098	2.068716049194336	1.9899084568023682	2.136737108230591
8	444	most	5.893077850341797	5.077271938323975	4.993146896362305	5.124548435211182
8	445	appealing	10.00150203704834	8.00852108001709	7.794434547424316	7.321076393127441
8	446	varieties	11.432812690734863	9.446205139160156	8.67048168182373	6.805176258087158
8	447	takes	8.625787734985352	11.04030990600586	11.39923095703125	11.136144638061523
8	448	years.	10.580528259277344	8.559942245483398	7.6320414543151855	9.04184341430664
8	449	Propagation	16.06195068359375	15.797608375549316	13.203145027160645	13.490520477294922
8	450	is	3.529867649078369	2.3056538105010986	1.6684916019439697	1.568200945854187
8	451	greatly	9.64483642578125	8.187755584716797	8.118082046508789	8.499932289123535
8	452	slowed	10.745177268981934	6.870509624481201	6.600978374481201	5.25772762298584
8	453	down	5.9750657081604	1.165021300315857	0.995547354221344	1.2733854055404663
8	454	by	4.657779216766357	1.7874114513397217	1.3367960453033447	0.9738282561302185
8	455	the	2.3163957595825195	1.7879786491394043	1.5656298398971558	1.2838325500488281
8	456	virus.	12.000675201416016	11.376230239868164	11.416059494018555	9.116808891296387
8	457	Tulips	13.26616096496582	14.080986022949219	14.331439971923828	14.330341339111328
8	458	bloom	10.393525123596191	7.402281761169434	8.597126007080078	8.191596984863281
8	459	in	3.4618964195251465	1.5620704889297485	1.4066805839538574	1.2928602695465088
8	460	April	8.540621757507324	6.846982955932617	4.786042213439941	4.62225866317749
8	461	and	3.3910715579986572	2.8672895431518555	1.668499231338501	1.1107463836669922
8	462	May	9.537822723388672	4.826135635375977	2.365222215652466	1.5121469497680664
8	463	for	4.369593143463135	5.277374267578125	4.876132011413574	5.211132526397705
8	464	about	6.312795639038086	6.305471420288086	6.907492160797119	5.649347305297852
8	465	a	3.1402626037597656	2.6326732635498047	2.1963136196136475	2.305152416229248
8	466	week,	9.678878784179688	6.454298973083496	3.9635462760925293	2.975231409072876
8	467	and	2.995131492614746	2.231787919998169	2.1677021980285645	1.983310580253601
8	468	the	3.0785820484161377	2.922633171081543	3.0693042278289795	3.1470208168029785
8	469	secondary	9.128596305847168	9.405881881713867	9.630659103393555	9.630636215209961
8	470	buds	13.03557014465332	12.228367805480957	11.670223236083984	12.346454620361328
8	471	appear	8.852219581604004	6.951166152954102	7.55637264251709	5.970646381378174
8	472	shortly	9.480082511901855	8.940234184265137	7.835459232330322	8.60107421875
8	473	thereafter.	10.97542667388916	3.6739234924316406	4.757891654968262	5.109546661376953
8	474	Bulbs	17.556947708129883	17.424314498901367	16.84879493713379	14.613555908203125
8	475	can	5.501577854156494	3.791032314300537	4.871746063232422	4.369982719421387
8	476	be	3.4317026138305664	0.8940368294715881	0.9176280498504639	1.022776484489441
8	477	uprooted	13.328974723815918	11.898978233337402	10.472726821899414	9.390619277954102
8	478	and	3.2806217670440674	1.8304940462112427	2.0140528678894043	1.965535044670105
8	479	moved	9.108264923095703	6.404936790466309	5.041765213012695	4.786778450012207
8	480	about	5.7602691650390625	5.124021053314209	5.2246809005737305	5.834207534790039
8	481	from	5.679286003112793	5.416448593139648	4.5609331130981445	4.289261817932129
8	482	June	8.637029647827148	6.7977294921875	7.487298011779785	9.736847877502441
8	483	to	3.7421376705169678	3.7265772819519043	2.010676622390747	1.3389829397201538
8	484	September,	12.670500755310059	5.724227428436279	3.5746960639953613	3.182218551635742
8	485	and	3.4626243114471436	2.941805362701416	2.688253402709961	2.5720887184143066
8	486	thus	8.49708366394043	7.054717063903809	6.395410537719727	6.816641807556152
8	487	actual	9.637776374816895	9.597457885742188	10.55575180053711	10.336320877075195
8	488	purchases	11.08163070678711	8.818889617919922	8.799897193908691	7.790069103240967
8	489	occurred	10.155590057373047	7.132355213165283	6.573917388916016	8.11794662475586
8	490	during	6.107533931732178	2.021314859390259	2.8135974407196045	3.104591131210327
8	491	these	6.142787933349609	6.306216239929199	6.226498603820801	5.740373611450195
8	492	months.	9.453495979309082	6.755674362182617	6.252685070037842	5.335251331329346
8	493	As	4.626253604888916	4.373862266540527	4.328532695770264	4.340895652770996
8	494	the	2.734726905822754	2.468604564666748	2.5429556369781494	2.4243462085723877
8	495	flowers	10.99779224395752	10.18218994140625	10.037948608398438	9.873186111450195
8	496	grew	9.381683349609375	7.170702934265137	4.518538475036621	3.8281757831573486
8	497	in	3.263852834701538	1.8518582582473755	2.109295606613159	2.0300567150115967
8	498	popularity,	11.854516983032227	6.465626239776611	9.418856620788574	9.241833686828613
8	499	professional	8.999725341796875	9.808609962463379	9.946332931518555	10.41238021850586
8	500	growers	11.599776268005371	11.951188087463379	10.304105758666992	9.49256706237793
8	501	paid	8.980714797973633	9.338804244995117	8.68748950958252	8.746504783630371
8	502	higher	8.265993118286133	5.768794536590576	6.496529579162598	4.976558685302734
8	503	and	3.428539276123047	4.000049591064453	5.427852630615234	5.485655307769775
8	504	higher	8.93571662902832	2.8693180084228516	1.2667818069458008	1.4992650747299194
8	505	prices	9.116467475891113	5.398420333862305	4.580909729003906	1.9094620943069458
8	506	for	3.619673728942871	1.5548664331436157	1.4964269399642944	1.5482871532440186
8	507	bulbs	13.568840026855469	12.565702438354492	11.500568389892578	11.579499244689941
8	508	with	4.3406877517700195	3.6471786499023438	4.006059646606445	3.9476640224456787
8	509	the	2.270246982574463	2.671767473220825	2.9330432415008545	2.9996533393859863
8	510	virus.	12.000675201416016	10.705458641052246	11.818334579467773	12.013471603393555
8	511	By	5.714094638824463	5.487387657165527	5.5336456298828125	5.542214393615723
8	512	sixteen	11.502141952514648	12.7477445602417	12.713974952697754	12.766641616821289
8	513	thirty-four,	15.412569046020508	13.096736907958984	11.045652389526367	11.465309143066406
8	514	in	4.190954208374023	4.148904800415039	4.1788434982299805	4.9628400802612305
8	515	part	6.970176696777344	6.062686920166016	6.727619171142578	7.769294261932373
8	516	as	4.527807712554932	4.199735164642334	4.398738861083984	4.028037071228027
8	517	a	2.9151878356933594	1.3522388935089111	0.7487278580665588	0.6513108015060425
8	518	result	7.883006572723389	3.3434064388275146	4.718922138214111	2.0202484130859375
8	519	of	2.26640248298645	0.17764142155647278	0.06050843000411987	0.053124308586120605
8	520	demand	9.573892593383789	10.137353897094727	9.799835205078125	10.038714408874512
8	521	from	4.600154399871826	3.2609856128692627	2.7373151779174805	2.2867650985717773
8	522	the	2.1682446002960205	1.6452187299728394	1.888960599899292	1.9449784755706787
8	523	French,	11.230648040771484	10.018560409545898	8.785211563110352	9.146717071533203
8	524	speculators	15.111693382263184	15.17168140411377	14.984731674194336	13.567024230957031
8	525	began	6.136831283569336	5.214338302612305	5.036735534667969	4.785384178161621
8	526	to	2.496319532394409	1.011366605758667	0.9107424020767212	0.8907625675201416
8	527	enter	7.698378562927246	6.649118900299072	6.243161201477051	6.0369720458984375
8	528	the	2.2512032985687256	1.149744987487793	1.023984670639038	0.5737950801849365
8	529	market.	9.799195289611816	7.395027160644531	6.479462623596191	5.838725566864014
8	530	In	3.255004644393921	3.35219144821167	3.307271957397461	3.2851901054382324
8	531	sixteen	11.204343795776367	13.082948684692383	13.108255386352539	13.21833610534668
8	532	thirty-six,	15.385050773620605	16.109848022460938	16.96274757385254	16.652360916137695
8	533	the	3.5388059616088867	3.373586893081665	2.2212138175964355	1.8514033555984497
8	534	Dutch	9.80400276184082	8.543896675109863	8.844587326049805	7.840410232543945
8	535	created	9.174087524414062	8.929259300231934	7.950796604156494	8.25199031829834
8	536	a	3.1134960651397705	1.6310230493545532	1.4089661836624146	1.3498215675354004
8	537	type	7.7145676612854	7.8298659324646	7.5407915115356445	7.670590400695801
8	538	of	2.0670483112335205	0.4536563456058502	0.5363109111785889	0.1849118173122406
8	539	formal	10.120319366455078	9.684113502502441	9.340805053710938	9.230588912963867
8	540	futures	11.742105484008789	13.2903470993042	14.337580680847168	14.383548736572266
8	541	markets,	10.307150840759277	4.302116394042969	3.568142890930176	5.708593845367432
8	542	which	3.1283764839172363	2.8527579307556152	2.5403084754943848	2.555835723876953
8	543	merchants	11.788448333740234	11.225910186767578	11.490781784057617	10.905808448791504
8	544	used	6.994457721710205	5.599405288696289	5.488310813903809	5.347504138946533
8	545	to	2.499582052230835	1.175881266593933	0.5513428449630737	0.316712349653244
8	546	sell	8.139771461486816	6.141064167022705	3.5341310501098633	2.611659288406372
8	547	and	3.6794230937957764	4.107539176940918	4.164305686950684	4.175695419311523
8	548	buy	8.842336654663086	4.297707557678223	3.7552175521850586	3.3524181842803955
8	549	contracts	9.82295036315918	10.139666557312012	7.250206470489502	8.839944839477539
8	550	to	2.9079041481018066	2.409663200378418	2.372483491897583	2.654905319213867
8	551	buy	7.516767978668213	4.901852607727051	3.4384119510650635	3.33086895942688
8	552	bulbs	12.905976295471191	12.195731163024902	12.14322566986084	11.803112030029297
8	553	at	4.604557037353516	3.381155014038086	2.9317078590393066	2.8561205863952637
8	554	the	2.1856894493103027	1.434924602508545	1.8326175212860107	1.7282750606536865
8	555	end	6.666910648345947	3.3939712047576904	2.9177045822143555	3.010038375854492
8	556	of	2.3127946853637695	0.16845372319221497	0.0448446199297905	0.07747884839773178
8	557	the	2.347175359725952	0.9670198559761047	0.8901350498199463	0.8850371837615967
8	558	season.	9.523324012756348	8.83906078338623	4.801364898681641	5.152158737182617
8	559	Traders	16.320486068725586	16.5567626953125	16.666908264160156	16.73748016357422
8	560	met	9.242340087890625	8.683343887329102	9.201573371887207	9.318069458007812
8	561	at	4.489227294921875	2.479278564453125	2.922389507293701	2.980663537979126
8	562	taverns	13.378751754760742	14.05109977722168	12.254325866699219	10.780548095703125
8	563	and	0.8845625519752502	0.9822701215744019	1.0868550539016724	1.346194863319397
8	564	buyers	10.924610137939453	12.810224533081055	12.4415283203125	12.749120712280273
8	565	were	5.216656684875488	4.211504936218262	3.832440137863159	4.043848037719727
8	566	required	7.576127529144287	5.828485488891602	5.532051086425781	5.278526782989502
8	567	to	2.4654650688171387	0.225930318236351	0.0961376205086708	0.05401243641972542
8	568	pay	7.022842884063721	4.107873439788818	2.7716996669769287	1.9169273376464844
8	569	a	3.3667521476745605	2.9469118118286133	2.6355137825012207	2.2389166355133057
8	570	fee	9.443802833557129	4.364321708679199	3.5024819374084473	2.5077996253967285
8	571	per	6.952134609222412	4.641424179077148	5.290337562561035	5.674538612365723
8	572	trade.	10.866863250732422	9.588846206665039	9.948125839233398	10.111413955688477
8	573	People	6.361754417419434	6.882480621337891	7.313469409942627	7.275928020477295
8	574	were	4.794416904449463	3.5624470710754395	3.9435646533966064	4.549593925476074
8	575	purchasing	10.218561172485352	10.779948234558105	8.545872688293457	8.189726829528809
8	576	bulbs	12.859090805053711	11.244668006896973	10.697134017944336	11.565685272216797
8	577	at	4.604557037353516	3.4828310012817383	2.8966073989868164	2.6149203777313232
8	578	higher	8.039621353149414	6.039679527282715	5.876004695892334	5.753288269042969
8	579	and	3.428539276123047	4.693691730499268	5.650178909301758	5.283878803253174
8	580	higher	8.93571662902832	2.8693180084228516	1.0755592584609985	1.0026062726974487
8	581	prices,	10.547534942626953	7.255970001220703	6.414581775665283	5.3450517654418945
8	582	intending	12.141069412231445	13.046286582946777	11.993972778320312	12.09420108795166
8	583	to	2.219228744506836	0.2095588743686676	0.1721351146697998	0.1903444230556488
8	584	re-sell	14.085253715515137	12.459917068481445	9.912124633789062	9.728090286254883
8	585	them	4.237885475158691	3.2544310092926025	3.6988449096679688	1.7875950336456299
8	586	for	4.032670021057129	2.275413990020752	2.4247612953186035	2.418950319290161
8	587	a	3.074423313140869	2.533522844314575	2.1743977069854736	1.9867161512374878
8	588	profit.	11.657764434814453	9.758084297180176	8.537263870239258	4.586386680603027
8	589	However,	4.965755462646484	4.588029861450195	4.748440742492676	4.770586013793945
8	590	such	5.764583587646484	5.616355895996094	5.786516189575195	5.7462029457092285
8	591	a	3.223393440246582	1.5556820631027222	1.4065487384796143	1.3633439540863037
8	592	scheme	9.30695629119873	7.002049446105957	5.385073184967041	4.554872512817383
8	593	could	6.066246509552002	7.5327253341674805	3.8440866470336914	2.7118473052978516
8	594	not	3.865295886993408	3.6451656818389893	3.700900077819824	3.019672393798828
8	595	last	7.10120964050293	7.5124359130859375	6.7263336181640625	6.507747650146484
8	596	unless	10.145947456359863	7.382032871246338	6.671791076660156	5.58151912689209
8	597	someone	7.24329948425293	4.603298187255859	4.135857582092285	4.268616676330566
8	598	was	4.6887359619140625	3.2949695587158203	4.205692291259766	3.755420446395874
8	599	ultimately	8.479280471801758	8.938425064086914	9.48221206665039	8.902765274047852
8	600	willing	9.290594100952148	8.098139762878418	6.117753028869629	4.747990131378174
8	601	to	1.51601243019104	0.06594876945018768	0.024940790608525276	0.03500763699412346
8	602	pay	7.022842884063721	4.206164836883545	3.729929208755493	3.4643611907958984
8	603	such	6.526279449462891	7.158335208892822	5.835445880889893	5.4533281326293945
8	604	high	7.182303428649902	6.664483070373535	4.835527420043945	3.0724780559539795
8	605	prices	9.089703559875488	5.584861755371094	2.6605238914489746	1.979562759399414
8	606	and	2.8395979404449463	1.5633503198623657	1.8129053115844727	2.752347946166992
8	607	take	7.063255786895752	6.933357238769531	7.845424652099609	7.2594099044799805
8	608	possession	9.060044288635254	6.895582675933838	8.439167022705078	8.253300666809082
8	609	of	2.017561912536621	0.07982491701841354	0.09095913916826248	0.06587231904268265
8	610	the	2.347175359725952	2.415719747543335	1.0797966718673706	1.0863308906555176
8	611	bulbs.	14.421266555786133	13.18746566772461	13.073651313781738	12.938016891479492
8	612	In	3.5586814880371094	3.7923614978790283	3.775987148284912	3.5251498222351074
8	613	February	8.484529495239258	7.478814125061035	7.919749736785889	7.791839599609375
8	614	sixteen	12.268858909606934	13.596158981323242	13.490832328796387	13.359838485717773
8	615	thirty-seven,	15.736759185791016	11.904579162597656	15.487082481384277	16.024032592773438
8	616	tulip	15.804337501525879	15.079957962036133	14.228520393371582	14.243179321289062
8	617	traders	10.11915397644043	8.095162391662598	8.117801666259766	7.639203071594238
8	618	could	5.98538875579834	5.33175802230835	5.615426063537598	5.891048431396484
8	619	no	5.522912979125977	5.9452900886535645	5.235657215118408	5.400390148162842
8	620	longer	7.117554187774658	0.18170560896396637	0.027579819783568382	0.02263997122645378
8	621	find	7.599112510681152	6.46258020401001	5.500880241394043	5.563668727874756
8	622	new	6.68649959564209	5.371574401855469	6.35814905166626	6.085022926330566
8	623	buyers	10.504940032958984	8.594660758972168	8.043096542358398	7.892133712768555
8	624	willing	9.50439739227295	7.049429893493652	5.880086898803711	5.134249210357666
8	625	to	1.5160130262374878	0.024046285077929497	0.013629479333758354	0.013545788824558258
8	626	pay	7.022842884063721	4.206164836883545	1.59860360622406	1.0864869356155396
8	627	increasingly	10.253467559814453	11.018568992614746	11.077939987182617	10.271438598632812
8	628	inflated	11.800682067871094	10.491262435913086	7.100509166717529	6.318457126617432
8	629	prices	8.766081809997559	4.435100555419922	1.967347502708435	1.724733591079712
8	630	for	3.619673728942871	1.6118173599243164	1.375099539756775	0.9776500463485718
8	631	their	5.24737548828125	3.801978349685669	3.740062713623047	4.239106178283691
8	632	bulbs.	13.95935344696045	14.519336700439453	10.887519836425781	10.434022903442383
8	633	As	4.394328594207764	4.425374984741211	4.400728225708008	4.223158836364746
8	634	this	5.176072597503662	4.706198692321777	4.776497840881348	4.876044273376465
8	635	realization	11.089576721191406	8.988113403320312	9.788430213928223	9.498931884765625
8	636	set	7.744317531585693	6.536150932312012	5.964145183563232	6.0803422927856445
8	637	in,	7.415594100952148	4.368958473205566	3.268542766571045	1.270756483078003
8	638	the	3.210110902786255	2.835610866546631	2.53391695022583	2.9835925102233887
8	639	demand	8.691824913024902	8.260384559631348	8.115676879882812	8.197415351867676
8	640	for	3.6675798892974854	0.6761412024497986	0.47973453998565674	0.43138837814331055
8	641	tulips	15.1305570602417	13.423471450805664	12.295494079589844	11.4729642868042
8	642	collapsed,	12.732423782348633	13.654480934143066	12.408905982971191	11.840055465698242
8	643	and	1.9910850524902344	1.8224332332611084	1.9563430547714233	1.3998039960861206
8	644	prices	9.849478721618652	10.669574737548828	9.457660675048828	8.289655685424805
8	645	plummeted.	14.4661283493042	9.956993103027344	5.1047492027282715	3.9967451095581055
8	646	The	1.98782217502594	1.9160555601119995	1.8866066932678223	1.8558170795440674
8	647	speculative	11.556081771850586	10.014851570129395	9.414514541625977	10.308167457580566
8	648	bubble	10.021916389465332	6.031354904174805	2.8888041973114014	2.6375327110290527
8	649	burst.	11.824522018432617	7.642496585845947	7.490736961364746	6.34340763092041
8	650	Some	5.667261123657227	5.4078569412231445	5.2346296310424805	5.362394332885742
8	651	were	5.762360572814941	4.010245323181152	4.470834732055664	4.902461528778076
8	652	left	6.7360005378723145	5.23989725112915	4.949079513549805	5.040266036987305
8	653	holding	9.179607391357422	6.192688941955566	5.936980247497559	5.341275691986084
8	654	contracts	10.315690994262695	12.844600677490234	11.342585563659668	11.365341186523438
8	655	to	2.9079041481018066	2.5768678188323975	3.099386692047119	2.346611738204956
8	656	purchase	8.588193893432617	5.616315841674805	5.513826847076416	5.645930290222168
8	657	tulips	14.839861869812012	13.514392852783203	13.140035629272461	12.770846366882324
8	658	at	5.01315975189209	3.807147979736328	3.0415573120117188	3.5684542655944824
8	659	prices	9.927258491516113	9.399051666259766	5.807580947875977	6.063712120056152
8	660	now	6.466230869293213	6.240231037139893	6.274135589599609	7.374829292297363
8	661	ten	9.080507278442383	11.461986541748047	9.211403846740723	8.332615852355957
8	662	times	6.587855815887451	2.5714569091796875	0.9237987995147705	0.24440577626228333
8	663	greater	9.295833587646484	5.11863899230957	3.8838882446289062	3.8830149173736572
8	664	than	4.904886245727539	0.26814672350883484	0.5169338583946228	0.2762628197669983
8	665	those	6.29469108581543	4.544098854064941	4.2067975997924805	3.4035229682922363
8	666	on	4.751212120056152	4.053810119628906	4.558629989624023	4.62617301940918
8	667	the	2.1509437561035156	1.1424822807312012	1.0936927795410156	1.2072656154632568
8	668	open	7.810664176940918	7.266530513763428	7.509062767028809	7.18208646774292
8	669	market,	10.259605407714844	5.343451499938965	3.3124265670776367	3.047579765319824
8	670	while	4.9527130126953125	4.777152061462402	4.716938018798828	4.660269737243652
8	671	others	7.549683570861816	3.935244560241699	3.5941195487976074	3.7885050773620605
8	672	found	7.323044776916504	5.488528251647949	5.8098063468933105	5.597591400146484
8	673	themselves	7.884655475616455	3.556581974029541	3.436150550842285	4.317523002624512
8	674	in	3.211292266845703	1.6908429861068726	1.4954776763916016	1.9516719579696655
8	675	possession	9.184669494628906	6.880672931671143	4.9234113693237305	5.4011921882629395
8	676	of	2.017561912536621	0.08706533163785934	0.03875710442662239	0.029119867831468582
8	677	bulbs	13.331099510192871	13.651678085327148	13.767719268798828	13.330552101135254
8	678	now	6.628274917602539	7.027917861938477	7.8133955001831055	7.708627223968506
8	679	worth	8.889039039611816	8.926813125610352	6.92409610748291	6.5373125076293945
8	680	a	3.353349447250366	2.666585922241211	3.0077943801879883	3.27427339553833
8	681	fraction	9.849806785583496	5.8495354652404785	6.419731616973877	4.173344612121582
8	682	of	1.9909701347351074	0.11525938659906387	0.10508298128843307	0.05332186445593834
8	683	the	2.347175359725952	1.36430823802948	0.857706606388092	0.9969930648803711
8	684	price	8.009536743164062	8.033364295959473	5.739070892333984	3.409773826599121
8	685	they	6.042252063751221	5.089173316955566	4.6434407234191895	4.023948669433594
8	686	had	4.714663505554199	3.795217514038086	4.370845794677734	4.525838375091553
8	687	paid.	13.084776878356934	10.80686092376709	5.931767463684082	4.366415023803711
8	688	The	2.348787784576416	2.364631175994873	2.3435332775115967	2.290602445602417
8	689	event	8.033330917358398	7.710867404937744	7.592463970184326	7.746075630187988
8	690	was	4.502717971801758	1.5842150449752808	1.3853822946548462	1.06490957736969
8	691	popularized	11.594385147094727	10.261757850646973	10.545795440673828	10.3671293258667
8	692	in	2.723574161529541	1.4980602264404297	2.029583215713501	2.0368359088897705
8	693	eighteen	11.329254150390625	11.668390274047852	12.334205627441406	12.682418823242188
8	694	forty-one	12.725980758666992	11.261313438415527	11.733598709106445	12.667557716369629
8	695	by	7.095292568206787	6.982189178466797	6.607178211212158	3.351320743560791
8	696	the	2.3163957595825195	1.7676891088485718	1.3162634372711182	1.2114312648773193
8	697	book	7.965996742248535	8.052389144897461	7.874881267547607	7.748878479003906
8	698	'Extraordinary	15.839563369750977	14.695987701416016	13.787328720092773	15.725997924804688
8	699	Popular	8.801311492919922	8.496461868286133	9.182387351989746	8.884881019592285
8	700	Delusions	13.15017318725586	11.01235580444336	12.151564598083496	10.210395812988281
8	701	and	2.1197621822357178	2.3551647663116455	1.965413212776184	1.8673629760742188
8	702	the	3.0785820484161377	2.9223899841308594	2.7769837379455566	3.757624387741089
8	703	Madness	12.895301818847656	12.551891326904297	6.789668560028076	6.643430709838867
8	704	of	2.7833073139190674	1.4785187244415283	1.1562517881393433	0.08532487601041794
8	705	Crowds',	22.53669548034668	22.16982078552246	18.479557037353516	17.6728572845459
8	706	that	5.445082187652588	5.302850723266602	5.286375045776367	5.143976211547852
8	707	a	3.9401769638061523	5.068432807922363	4.6716532707214355	4.978428840637207
8	708	British	8.549598693847656	7.894693374633789	6.493177890777588	7.103967666625977
8	709	journalist	8.979832649230957	4.876986503601074	4.821196556091309	4.2717180252075195
8	710	Charles	9.654558181762695	6.4686503410339355	10.125000953674316	11.442058563232422
8	711	Mackay	13.011537551879883	10.01767635345459	8.731541633605957	8.446167945861816
8	712	wrote.	10.564756393432617	10.023873329162598	7.599128246307373	7.990816593170166
8	713	That	6.343442916870117	5.857635498046875	5.708194732666016	5.758152961730957
8	714	crowds	11.65204906463623	12.956480026245117	13.197318077087402	13.0501070022583
8	715	of	2.846363067626953	2.9584107398986816	2.2653183937072754	2.3929262161254883
8	716	people	6.184998512268066	2.863032341003418	1.8207385540008545	1.786258339881897
8	717	often	7.198501110076904	7.724921703338623	8.556597709655762	6.2524003982543945
8	718	behave	10.898711204528809	8.217658042907715	8.587419509887695	8.410306930541992
8	719	irrationally	12.603876113891602	7.363659858703613	6.8556132316589355	6.4950385093688965
8	720	was	6.803146839141846	5.410549163818359	7.768159866333008	9.442831039428711
8	721	the	2.8936266899108887	3.333940029144287	2.34494686126709	2.4642398357391357
8	722	main	6.858865737915039	5.099427223205566	5.443819999694824	5.384157657623291
8	723	thesis	10.582174301147461	8.240679740905762	8.598840713500977	8.453810691833496
8	724	of	2.5820746421813965	0.8039489388465881	0.5219754576683044	0.35338863730430603
8	725	the	2.347175359725952	1.8837344646453857	1.4742392301559448	1.096753716468811
8	726	book,	9.424854278564453	8.153782844543457	8.097001075744629	4.995387077331543
8	727	and	2.9657671451568604	2.4947028160095215	2.612806797027588	2.839874505996704
8	728	tulip	13.684137344360352	16.209285736083984	16.01353645324707	16.2208251953125
8	729	mania	10.66353988647461	8.121007919311523	7.988263130187988	7.2831926345825195
8	730	was	3.804499387741089	3.5907793045043945	4.317742347717285	2.9130361080169678
8	731	one	5.03292179107666	5.059988021850586	4.204035758972168	4.049588203430176
8	732	of	2.689915180206299	0.22382569313049316	0.14522090554237366	0.11360730230808258
8	733	the	2.347175359725952	0.6228668093681335	0.489441454410553	0.42665356397628784
8	734	primary	7.895424842834473	7.595846652984619	6.104824542999268	6.098345756530762
8	735	examples.	11.981830596923828	12.24502182006836	11.83232307434082	9.844019889831543
8	736	According	6.4711995124816895	6.078866481781006	6.601553440093994	6.4415974617004395
8	737	to	1.6824896335601807	0.006115748547017574	0.005150203593075275	0.006048016250133514
8	738	Mackay,	17.338680267333984	13.574421882629395	13.052400588989258	13.31564712524414
8	739	at	5.964310646057129	5.925670146942139	6.240346431732178	6.140710353851318
8	740	one	5.280531406402588	4.709140300750732	4.8405890464782715	4.190633296966553
8	741	point	7.171633243560791	1.218794584274292	0.5919257998466492	0.4889012575149536
8	742	twelve	11.652721405029297	12.380619049072266	12.303671836853027	11.792264938354492
8	743	acres	10.122519493103027	8.71222972869873	9.393033027648926	9.100208282470703
8	744	of	2.5228028297424316	0.7110254168510437	0.8033613562583923	1.1764814853668213
8	745	land	8.749920845031738	1.939706802368164	1.5078784227371216	1.7622588872909546
8	746	were	6.025952339172363	5.909594535827637	4.921393394470215	5.129901885986328
8	747	offered	8.21053409576416	7.827816009521484	6.810190200805664	6.833327293395996
8	748	for	3.936579465866089	3.7486348152160645	2.939392566680908	2.334397315979004
8	749	a	3.074422836303711	3.1413583755493164	3.4482150077819824	3.852748155593872
8	750	Semper	14.444998741149902	15.088984489440918	15.1215238571167	15.647342681884766
8	751	Augustus	7.99276065826416	10.461220741271973	10.7088623046875	10.53896427154541
8	752	bulb.	15.879857063293457	16.15132713317871	12.688499450683594	12.708739280700684
8	753	He	4.137225151062012	3.3306379318237305	3.5433363914489746	3.3954620361328125
8	754	claims	8.096808433532715	6.436210632324219	6.190849781036377	6.651113986968994
8	755	that	3.3988242149353027	1.0635168552398682	1.3085354566574097	0.988312304019928
8	756	many	6.462761878967285	5.881638050079346	5.762868881225586	6.3926897048950195
8	757	such	6.591971397399902	7.089883804321289	6.622892379760742	6.2919840812683105
8	758	investors	10.26918888092041	9.692174911499023	7.98668098449707	7.742271900177002
8	759	ruined	11.700005531311035	11.939805030822754	12.938153266906738	11.627004623413086
8	760	by	4.165462017059326	1.9136766195297241	3.194366455078125	4.606145858764648
8	761	the	2.3163957595825195	1.2059270143508911	1.5060679912567139	1.2435004711151123
8	762	fall	8.308727264404297	8.37466812133789	6.412776470184326	6.670859336853027
8	763	in	3.1325130462646484	3.7677907943725586	4.0705156326293945	3.9304215908050537
8	764	prices	10.569417953491211	7.431919097900391	5.4110589027404785	4.696969032287598
8	765	were	5.294822692871094	5.661896705627441	5.631375789642334	4.702080726623535
8	766	desperate,	12.546049118041992	12.882224082946777	12.525009155273438	12.305834770202637
8	767	and	2.215916633605957	1.9472825527191162	1.740820288658142	1.7531508207321167
8	768	Dutch	10.670792579650879	12.929102897644043	12.646154403686523	11.788385391235352
8	769	commerce	11.41767692565918	10.305925369262695	10.572857856750488	9.855663299560547
8	770	suffered	10.629066467285156	9.971257209777832	8.311134338378906	7.352945804595947
8	771	a	3.131192445755005	1.7513408660888672	1.5030771493911743	2.0704615116119385
8	772	severe	9.080799102783203	3.676607370376587	3.6059489250183105	3.365574598312378
8	773	shock.	10.65731430053711	8.641529083251953	9.27778434753418	7.1924567222595215
8	774	In	3.9579925537109375	3.537853240966797	3.75107479095459	4.105950832366943
8	775	Mackay's	14.25546646118164	14.94461727142334	14.8322172164917	14.488048553466797
8	776	account,	8.660938262939453	5.498663902282715	5.730228900909424	5.437503337860107
8	777	the	3.062533378601074	2.73563289642334	1.7754623889923096	1.839568018913269
8	778	panicked	12.426838874816895	12.904223442077637	11.77043342590332	11.514238357543945
8	779	tulip	14.732891082763672	13.667448043823242	13.449064254760742	13.497594833374023
8	780	speculators	13.92994499206543	12.310967445373535	9.358844757080078	7.600742816925049
8	781	sought	8.413867950439453	8.906329154968262	8.893132209777832	8.239022254943848
8	782	help	7.888910293579102	6.088495254516602	6.156139373779297	5.702329158782959
8	783	from	4.898289680480957	0.8514453172683716	0.4959729313850403	0.4499198794364929
8	784	the	2.1682446002960205	1.9843177795410156	1.7722654342651367	1.467983603477478
8	785	government	6.8442864418029785	6.726010322570801	6.145163536071777	4.454901218414307
8	786	of	3.255336046218872	2.363271713256836	1.9130973815917969	2.666776657104492
8	787	the	2.347175359725952	2.1569581031799316	1.9843673706054688	2.148557186126709
8	788	Netherlands,	12.008981704711914	9.920248985290527	6.130890846252441	6.617359161376953
8	789	which	3.409463882446289	3.1530368328094482	3.1071343421936035	2.5446958541870117
8	790	responded	9.596993446350098	8.044593811035156	7.77858829498291	7.8895673751831055
8	791	by	4.049752235412598	2.8781585693359375	1.465612769126892	1.3161580562591553
8	792	declaring	10.266641616821289	10.097835540771484	5.811790466308594	4.671943664550781
8	793	that	3.6385464668273926	1.5004044771194458	1.070708155632019	1.3369849920272827
8	794	anyone	8.121210098266602	6.187807083129883	6.52041482925415	6.632485866546631
8	795	who	4.593815803527832	1.8517358303070068	0.8382818102836609	0.648531436920166
8	796	had	4.7185211181640625	4.1024980545043945	3.681825876235962	4.154123783111572
8	797	bought	8.788482666015625	6.768507957458496	5.905379295349121	6.156612873077393
8	798	contracts	10.101613998413086	11.117826461791992	10.076123237609863	10.709508895874023
8	799	to	2.9079041481018066	2.152621030807495	1.9828553199768066	2.3198251724243164
8	800	purchase	8.588193893432617	5.616315841674805	4.663914680480957	4.9214558601379395
8	801	bulbs	13.12033748626709	11.934704780578613	11.717241287231445	11.274930000305176
8	802	in	3.2253074645996094	2.897773265838623	2.9772024154663086	3.116140842437744
8	803	the	2.2516236305236816	1.335432767868042	1.5830873250961304	1.45781409740448
8	804	future	7.423135757446289	6.425485610961914	7.8675127029418945	5.725435733795166
8	805	could	6.891515731811523	6.1928300857543945	5.44966983795166	4.736309051513672
8	806	void	10.099461555480957	10.942253112792969	11.320591926574707	10.245935440063477
8	807	their	6.504676818847656	3.627797842025757	3.350851058959961	3.4340920448303223
8	808	contract	8.733906745910645	8.037948608398438	3.695171356201172	3.7346107959747314
8	809	by	4.711420059204102	4.708428382873535	3.853076457977295	3.543328285217285
8	810	payment	10.11506175994873	8.427035331726074	8.280574798583984	7.85632848739624
8	811	of	2.7254014015197754	1.2324512004852295	0.5383240580558777	0.3727431297302246
8	812	a	3.383030652999878	2.628713846206665	2.317415714263916	1.9335285425186157
8	813	ten	9.208460807800293	9.187307357788086	8.22457504272461	8.034765243530273
8	814	percent	6.961804389953613	3.114650011062622	3.6299407482147217	1.8963032960891724
8	815	fee.	12.435041427612305	11.034119606018066	7.390444755554199	7.540595531463623
8	816	Attempts	10.344865798950195	10.033050537109375	10.003240585327148	10.14901351928711
8	817	that	8.229890823364258	6.55311393737793	6.471258163452148	6.716762542724609
8	818	were	5.662384510040283	5.4635396003723145	3.5758066177368164	3.4622609615325928
8	819	made	6.009061336517334	4.889720439910889	3.548586845397949	1.5753010511398315
8	820	to	3.27935528755188	2.661058187484741	2.894083261489868	2.3893136978149414
8	821	resolve	9.289649963378906	8.522056579589844	8.265599250793457	8.202231407165527
8	822	the	2.800834894180298	1.101156234741211	1.343404769897461	1.3182892799377441
8	823	situation	8.316605567932129	3.244156837463379	3.6185638904571533	4.062436103820801
8	824	to	3.0215818881988525	3.6960301399230957	3.3267526626586914	4.812450408935547
8	825	the	2.6109485626220703	3.131885051727295	2.603421926498413	2.0632410049438477
8	826	satisfaction	10.44669246673584	8.475104331970215	8.441892623901367	5.4762091636657715
8	827	of	2.4643173217773438	0.23976196348667145	0.09807604551315308	0.027432840317487717
8	828	all	5.540098190307617	4.464763641357422	3.2391276359558105	2.883896589279175
8	829	parties	9.03087043762207	6.810578346252441	4.997297286987305	4.45510196685791
8	830	were	5.0437541007995605	4.34034538269043	6.896090507507324	7.233748435974121
8	831	unsuccessful.	12.159882545471191	10.139877319335938	10.073484420776367	10.000387191772461
8	832	The	2.43444561958313	2.144301414489746	1.96861732006073	2.0083601474761963
8	833	mania	15.552388191223145	15.376245498657227	15.85851764678955	16.24518585205078
8	834	finally	9.173518180847168	7.167084693908691	6.8677215576171875	6.909894943237305
8	835	ended,	10.718364715576172	6.133191108703613	4.9439921379089355	5.096598148345947
8	836	Mackay	13.279892921447754	13.416427612304688	13.970874786376953	14.029108047485352
8	837	says,	8.258099555969238	5.158319473266602	5.934713363647461	6.211515426635742
8	838	with	4.723854064941406	4.996872901916504	5.2680583000183105	3.7256436347961426
8	839	individuals	8.834758758544922	9.627165794372559	10.043828964233398	9.430471420288086
8	840	stuck	10.271980285644531	9.337100982666016	7.251721382141113	7.447265148162842
8	841	with	3.578707218170166	2.712948799133301	2.9220573902130127	3.2189934253692627
8	842	the	2.270246982574463	1.7013928890228271	1.8064204454421997	2.124265193939209
8	843	bulbs	12.535348892211914	12.415092468261719	12.32820987701416	13.04454231262207
8	844	they	5.793447971343994	5.727573871612549	5.1156487464904785	5.210702896118164
8	845	held	7.876020908355713	7.797667503356934	7.515063285827637	7.276795387268066
8	846	at	4.226757049560547	4.750570774078369	4.210517406463623	3.8453001976013184
8	847	the	2.1856894493103027	1.2194424867630005	1.6219217777252197	1.8771947622299194
8	848	end	6.666910648345947	3.3939712047576904	3.459521770477295	3.6963138580322266
8	849	of	2.3127946853637695	0.16845372319221497	0.0448446199297905	0.03809403255581856
8	850	the	2.347175359725952	0.9670198559761047	0.8901350498199463	0.8850371837615967
8	851	crash.	11.701952934265137	11.599867820739746	11.16122055053711	11.767498016357422
8	852	No	5.245141983032227	5.387560844421387	5.201098442077637	5.20051383972168
8	853	court	9.025710105895996	8.895355224609375	8.32263469696045	8.439712524414062
8	854	would	5.8013200759887695	4.7004804611206055	4.601408958435059	4.282343864440918
8	855	enforce	9.84731674194336	6.426372051239014	5.020330905914307	5.567604064941406
8	856	payment	9.784440994262695	9.147852897644043	9.896119117736816	10.112214088439941
8	857	of	2.7254014015197754	0.6863665580749512	1.0068550109863281	0.5675765872001648
8	858	a	3.3830296993255615	2.628713846206665	3.1658775806427	2.9709889888763428
8	859	contract,	11.096122741699219	10.077260971069336	8.014908790588379	7.943210601806641
8	860	since	7.058699607849121	6.985102653503418	7.007167816162109	7.62319278717041
8	861	judges	10.684127807617188	10.026201248168945	9.74366283416748	9.36057186126709
8	862	regarded	10.915111541748047	9.912155151367188	10.49068546295166	10.730391502380371
8	863	the	2.9256277084350586	2.0296132564544678	1.3068413734436035	1.7655199766159058
8	864	debts	11.613210678100586	11.141871452331543	10.891634941101074	11.052570343017578
8	865	as	4.360939025878906	5.548631191253662	4.695746421813965	1.1169698238372803
8	866	contracted	11.649435043334961	10.665760040283203	10.04372787475586	9.463302612304688
8	867	through	6.294041633605957	4.814428329467773	4.839111328125	4.713493347167969
8	868	gambling,	13.234970092773438	11.37082576751709	11.086374282836914	10.349404335021973
8	869	and	2.3977556228637695	2.574462652206421	2.9744656085968018	2.9749839305877686
8	870	thus	8.49708366394043	5.9795379638671875	5.802092552185059	5.377760887145996
8	871	not	5.080134391784668	4.113302230834961	4.824951171875	4.778571128845215
8	872	enforceable	15.724996566772461	12.366676330566406	9.305427551269531	9.914310455322266
8	873	by	2.212991714477539	2.116922378540039	1.5269304513931274	1.3562493324279785
8	874	law.	9.133407592773438	3.7018446922302246	4.0112786293029785	3.5628819465637207
8	875	Although	5.632219314575195	5.6859917640686035	5.680943489074707	5.80049991607666
8	876	Mackay's	17.76016616821289	16.790756225585938	16.033920288085938	16.607471466064453
8	877	book	5.406472206115723	5.218347549438477	5.96532678604126	5.5725250244140625
8	878	is	3.6396613121032715	2.7728686332702637	1.4879112243652344	1.583922266960144
8	879	a	3.012261152267456	2.411203622817993	2.1053197383880615	2.0794930458068848
8	880	classic	8.840376853942871	6.335017204284668	5.31707763671875	4.814759254455566
8	881	that	4.765405654907227	5.738261699676514	5.199779510498047	3.5459821224212646
8	882	many	6.462761878967285	4.821479320526123	4.840926170349121	4.536557197570801
8	883	publishing	10.857504844665527	11.512372970581055	10.432260513305664	11.213068008422852
8	884	houses	10.16244125366211	2.543428659439087	1.021163821220398	0.6201187372207642
8	885	continue	8.759672164916992	7.364360809326172	6.818150997161865	5.77179479598999
8	886	reprinting	13.918756484985352	16.732540130615234	12.82826042175293	11.95880126953125
8	887	today,	9.19063663482666	9.754059791564941	8.472424507141113	10.060173988342285
8	888	his	6.027275085449219	6.626337051391602	8.152892112731934	7.454636573791504
8	889	account	8.357983589172363	7.530468940734863	6.72133731842041	6.631343841552734
8	890	is	3.9256677627563477	3.6154839992523193	2.3486528396606445	2.0164618492126465
8	891	contested.	13.769048690795898	12.252310752868652	11.783567428588867	12.04098129272461
8	892	Many	6.003358840942383	6.02033805847168	6.605673789978027	6.382359504699707
8	893	modern	8.279621124267578	8.446770668029785	7.662954330444336	8.126737594604492
8	894	scholars	9.91115665435791	6.100330829620361	4.032570838928223	3.871548891067505
8	895	believe	7.40582799911499	4.304003715515137	2.472501754760742	2.208576202392578
8	896	the	2.4431521892547607	2.4896440505981445	2.539802312850952	2.2675976753234863
8	897	mania	13.604724884033203	14.065163612365723	12.58195686340332	12.210742950439453
8	898	was	3.804499387741089	3.784438371658325	2.4480819702148438	3.548349380493164
8	899	not	4.223221302032471	3.715247869491577	4.168622970581055	3.795042037963867
8	900	as	4.7578840255737305	4.968683242797852	4.37779426574707	3.6978633403778076
8	901	extraordinary	11.089987754821777	9.364768981933594	9.313587188720703	8.897470474243164
8	902	as	4.881094932556152	0.8928452134132385	0.3233238160610199	0.31574228405952454
8	903	Mackay	15.47389030456543	14.087514877319336	13.267293930053711	13.451309204101562
8	904	described,	12.970773696899414	9.418129920959473	9.950952529907227	10.462177276611328
8	905	with	4.789786338806152	4.839957237243652	5.443079471588135	4.62659215927124
8	906	some	5.573172569274902	3.267237901687622	2.515317916870117	3.811434268951416
8	907	arguing	11.0601806640625	9.960639953613281	6.7373127937316895	8.412602424621582
8	908	that	3.2921738624572754	1.5586243867874146	0.9635286331176758	0.3358868360519409
8	909	the	2.915968894958496	1.8428833484649658	1.718327522277832	1.7194722890853882
8	910	price	8.009536743164062	7.066117286682129	7.11311674118042	6.818768501281738
8	911	changes	8.382537841796875	7.063132286071777	6.416708946228027	7.002041816711426
8	912	may	6.341169357299805	5.231144428253174	5.115700721740723	4.518090724945068
8	913	not	3.657404661178589	2.65824294090271	2.5032496452331543	2.409773111343384
8	914	have	4.36834716796875	2.5453596115112305	3.502204179763794	3.413217782974243
8	915	constituted	10.801342964172363	10.325634002685547	8.94381046295166	8.72110652923584
8	916	a	3.239729404449463	0.979827344417572	1.0053247213363647	0.9908686876296997
8	917	bubble.	12.33512020111084	11.42544937133789	11.445714950561523	11.948779106140137
8	918	Research	8.702116012573242	8.946465492248535	9.030101776123047	9.111213684082031
8	919	on	4.174468517303467	3.107780933380127	3.2707066535949707	3.1237316131591797
8	920	the	2.1509437561035156	2.082350492477417	1.4190149307250977	1.5072180032730103
8	921	tulip	13.157363891601562	13.230766296386719	14.454157829284668	12.31171989440918
8	922	mania	10.66353988647461	6.862803936004639	6.7264251708984375	6.117248058319092
8	923	is	3.4907941818237305	2.7341928482055664	2.8460419178009033	4.95761251449585
8	924	difficult	8.283397674560547	6.28195333480835	6.517921447753906	6.67542839050293
8	925	because	5.744417667388916	4.129476547241211	4.280656814575195	5.064737319946289
8	926	of	2.767482280731201	1.8778932094573975	2.1176116466522217	1.8233129978179932
8	927	the	2.347175359725952	1.3561309576034546	0.9605103731155396	0.8198432326316833
8	928	limited	8.649492263793945	9.251825332641602	6.476917266845703	4.979503631591797
8	929	data	6.939218044281006	5.363203048706055	5.647738456726074	4.812302589416504
8	930	from	4.318321704864502	3.2399611473083496	3.647212505340576	3.882617950439453
8	931	the	2.1682446002960205	1.4399597644805908	1.6128615140914917	1.2974075078964233
8	932	sixteen	11.477828979492188	11.979268074035645	12.354806900024414	12.189513206481934
8	933	thirties.	12.791812896728516	10.30735969543457	9.838054656982422	13.268077850341797
8	934	However,	5.520843029022217	5.929693222045898	5.747363090515137	5.783587455749512
8	935	some	4.614092826843262	4.498443603515625	4.5917158126831055	4.790478706359863
8	936	modern	8.528556823730469	7.749821662902832	7.06240701675415	7.3411173820495605
8	937	economists	10.806999206542969	8.525297164916992	6.114181041717529	6.791593551635742
8	938	have	4.132939338684082	2.1171956062316895	2.078479528427124	1.8214685916900635
8	939	proposed	8.82970905303955	6.027181148529053	5.778993606567383	5.654893398284912
8	940	rational	11.220294952392578	10.080680847167969	9.153420448303223	7.85624885559082
8	941	explanations,	12.268171310424805	9.425125122070312	7.479605674743652	7.665644645690918
8	942	rather	6.174031734466553	5.993110179901123	5.86949348449707	6.028858661651611
8	943	than	4.943185806274414	0.05421525985002518	0.0840965136885643	0.04406556859612465
8	944	a	3.1555004119873047	2.8965036869049072	3.5977795124053955	3.1877472400665283
8	945	speculative	10.809564590454102	10.275012969970703	9.25937271118164	7.697237014770508
8	946	mania,	14.721147537231445	14.148595809936523	15.068438529968262	14.036829948425293
8	947	for	5.175787925720215	4.68563175201416	4.942237854003906	4.716543674468994
8	948	the	2.3598663806915283	2.4779844284057617	2.222778797149658	2.2594470977783203
8	949	rise	8.81846809387207	8.609356880187988	8.717512130737305	7.326779842376709
8	950	and	3.0488383769989014	2.530719041824341	3.3353066444396973	3.1908493041992188
8	951	fall	8.56940746307373	3.584958553314209	0.4960629642009735	0.9104307889938354
8	952	in	3.1325130462646484	2.189390182495117	1.3674222230911255	3.1469130516052246
8	953	prices.	12.113417625427246	8.772684097290039	11.361703872680664	7.379556179046631
8	954	For	4.38289737701416	4.272300720214844	4.675880432128906	4.556724548339844
8	955	example,	6.715974807739258	1.5791990756988525	1.406849980354309	1.977858304977417
8	956	other	7.801030158996582	8.345815658569336	8.207464218139648	8.331598281860352
8	957	flowers,	12.367696762084961	12.92100715637207	12.987590789794922	14.122434616088867
8	958	such	5.1946797370910645	4.175966739654541	1.5085660219192505	1.0460453033447266
8	959	as	3.5933289527893066	0.02389930561184883	0.018974997103214264	0.006225875578820705
8	960	the	2.6557557582855225	2.2014167308807373	2.5783658027648926	2.2812578678131104
8	961	hyacinth,	16.868436813354492	16.57048225402832	14.778234481811523	10.364909172058105
8	962	also	5.807893753051758	5.691933631896973	5.299659729003906	6.270435810089111
8	963	had	5.426956653594971	6.430044174194336	6.584446430206299	6.063906669616699
8	964	high	7.568458557128906	6.685879707336426	6.623903751373291	6.736815452575684
8	965	prices	9.089703559875488	5.939912796020508	6.023334503173828	5.857256889343262
8	966	on	3.983154535293579	2.783992052078247	2.5989482402801514	2.7836554050445557
8	967	the	2.1509437561035156	1.8193126916885376	2.5965468883514404	2.706328868865967
8	968	flower's	13.873454093933105	14.716111183166504	15.242623329162598	15.47335147857666
8	969	introduction,	12.225781440734863	10.977313995361328	11.721220970153809	12.123190879821777
8	970	which	3.3536999225616455	3.6769657135009766	3.614881992340088	3.52455997467041
8	971	then	6.345703601837158	6.077083587646484	5.5098419189453125	5.403404235839844
8	972	fell	8.991535186767578	5.473378658294678	7.212799072265625	6.632852554321289
8	973	dramatically.	12.438070297241211	11.897527694702148	11.94951057434082	11.91592025756836
8	974	The	2.295748710632324	2.0738160610198975	2.1282472610473633	2.0179355144500732
8	975	high	7.34035587310791	6.936764717102051	7.132711410522461	7.3441619873046875
8	976	prices	9.089703559875488	5.368785381317139	5.433764457702637	3.539367437362671
8	977	may	6.08748722076416	5.777303695678711	4.941434383392334	4.758325576782227
8	978	also	4.375374794006348	3.8350648880004883	3.5213122367858887	2.522441864013672
8	979	have	4.416709899902344	2.840888500213623	3.696828842163086	2.757272481918335
8	980	been	4.553530216217041	2.60233211517334	2.538257598876953	1.9277746677398682
8	981	driven	8.367886543273926	7.43503475189209	7.2053327560424805	6.675580978393555
8	982	by	3.776379108428955	1.1995285749435425	1.2762501239776611	0.9825215339660645
8	983	expectations	11.407283782958984	9.8049955368042	8.137918472290039	8.313613891601562
8	984	of	2.6881346702575684	1.3142088651657104	1.1908622980117798	1.049991250038147
8	985	a	3.3830296993255615	2.798154354095459	2.6375231742858887	2.4293229579925537
8	986	parliamentary	10.625749588012695	9.535340309143066	8.676445960998535	9.211081504821777
8	987	decree	11.068530082702637	9.140176773071289	8.81593132019043	10.41645622253418
8	988	that	3.704275369644165	2.5519583225250244	2.2148220539093018	2.276573657989502
8	989	contracts	10.575787544250488	9.877172470092773	11.128558158874512	10.874605178833008
8	990	could	6.277067184448242	4.740687847137451	4.397738933563232	4.1569905281066895
8	991	be	3.223848342895508	1.065109133720398	0.7138181328773499	0.7119974493980408
8	992	voided	12.674722671508789	11.217813491821289	8.472155570983887	5.109405040740967
8	993	for	4.421348571777344	2.966348171234131	3.1586415767669678	3.21258544921875
8	994	a	3.074423313140869	3.047823667526245	2.8384296894073486	2.9604439735412598
8	995	small	6.341414928436279	5.683260917663574	6.7581586837768555	6.383199691772461
8	996	cost,	10.6552734375	9.50776481628418	7.484734535217285	8.041675567626953
8	997	thus	7.528626441955566	6.942458152770996	7.269390106201172	6.656641960144043
8	998	lowering	11.405251502990723	4.847008228302002	4.761150360107422	5.047763824462891
8	999	the	2.6055893898010254	0.7235234379768372	0.8642092943191528	0.816222071647644
8	1000	risk	8.14202880859375	4.891831398010254	3.4086410999298096	3.8768293857574463
8	1001	to	3.101482629776001	3.4942848682403564	3.831235647201538	4.064657211303711
8	1002	buyers.	13.576576232910156	12.016730308532715	12.182760238647461	10.699865341186523
8	1003	Despite	6.679564476013184	6.825747489929199	6.52067756652832	6.609887599945068
8	1004	these	5.709678649902344	3.5836098194122314	3.7034289836883545	3.5338330268859863
8	1005	disagreements	11.637974739074707	9.677523612976074	9.552704811096191	9.577911376953125
8	1006	about	5.164549827575684	3.018311023712158	3.059082508087158	2.782895565032959
8	1007	whether	7.245227336883545	2.9463682174682617	3.4378960132598877	4.068273067474365
8	1008	the	2.2896780967712402	1.7633731365203857	1.7351853847503662	1.789809226989746
8	1009	phenomenon	10.609299659729004	9.340096473693848	8.398543357849121	9.378059387207031
8	1010	technically	11.216306686401367	12.390486717224121	11.585988998413086	11.924734115600586
8	1011	constituted	11.214496612548828	7.049546718597412	7.022329330444336	6.238955974578857
8	1012	an	4.858565330505371	2.676917552947998	2.527585983276367	2.2492635250091553
8	1013	economic	7.438324928283691	6.3584394454956055	5.383699417114258	5.437849044799805
8	1014	bubble,	12.039228439331055	8.269927024841309	8.42707633972168	8.119386672973633
8	1015	the	3.052023410797119	2.615691900253296	2.7903919219970703	2.9095230102539062
8	1016	term	8.029308319091797	7.499617099761963	7.4328293800354	7.175519943237305
8	1017	'tulip	19.51715660095215	15.598657608032227	15.920076370239258	16.965301513671875
8	1018	mania'	12.818560600280762	9.496500015258789	9.20272159576416	10.3577880859375
8	1019	is	3.136619806289673	2.965174436569214	2.824093818664551	1.9703253507614136
8	1020	still	5.755053997039795	5.1353440284729	4.814328193664551	4.6753621101379395
8	1021	often	7.412552356719971	7.254653453826904	7.096477508544922	7.557476997375488
8	1022	used	6.18970251083374	3.1448450088500977	2.7027363777160645	2.3699164390563965
8	1023	metaphorically	12.860166549682617	10.715825080871582	10.282196998596191	10.252464294433594
8	1024	to	4.606017112731934	1.9463658332824707	1.6238718032836914	1.4848614931106567
8	1025	refer	8.853240966796875	7.338871002197266	5.743377685546875	3.518022060394287
8	1026	to	1.87693452835083	0.36134645342826843	0.07673871517181396	0.058007270097732544
8	1027	any	6.263484477996826	5.307711124420166	4.392002105712891	4.42662239074707
8	1028	large	7.252739906311035	7.240966796875	7.52610969543457	7.938820838928223
8	1029	economic	8.010871887207031	6.803995132446289	6.630877494812012	7.212187767028809
8	1030	bubble,	12.039228439331055	8.934885025024414	7.837220191955566	8.279596328735352
8	1031	when	5.477864742279053	5.870820045471191	6.0275983810424805	5.737795829772949
8	1032	asset	11.784887313842773	13.261597633361816	8.4351167678833	8.500208854675293
8	1033	prices	9.612873077392578	1.916365385055542	0.4464094340801239	0.24462345242500305
8	1034	deviate	12.49345588684082	12.470556259155273	8.978829383850098	9.525663375854492
8	1035	from	0.8699390888214111	0.5488983392715454	0.38962873816490173	0.22411644458770752
8	1036	intrinsic	12.179241180419922	11.218307495117188	10.181224822998047	9.457499504089355
8	1037	values.	9.497575759887695	5.981457710266113	4.189629554748535	3.3336715698242188
9	0	Tourette's	15.97209358215332	15.97209358215332	15.97209358215332	15.97209358215332
9	1	syndrome,	1.9292054176330566	1.9292054176330566	1.9292054176330566	1.9292051792144775
9	2	a	3.861067056655884	2.4424471855163574	2.4424474239349365	2.4424471855163574
9	3	neurological	11.052970886230469	5.353186130523682	3.190018653869629	3.190018892288208
9	4	disorder	8.793496131896973	1.8114866018295288	0.8653271794319153	0.9541460275650024
9	5	characterized	10.529315948486328	7.45842170715332	4.653186798095703	2.704237937927246
9	6	by	3.666581392288208	0.22806009650230408	0.027207382023334503	0.017197828739881516
9	7	repetitive,	15.422849655151367	12.035544395446777	8.702418327331543	7.45111083984375
9	8	involuntary	9.09511661529541	7.53404426574707	6.5793890953063965	5.5043158531188965
9	9	movements,	10.297632217407227	4.4827375411987305	3.600527763366699	3.239992618560791
9	10	was	6.621303081512451	5.977570056915283	7.317912578582764	7.117860794067383
9	11	named	8.029841423034668	6.770784378051758	7.434114456176758	7.641352653503418
9	12	for	3.978745222091675	3.0816431045532227	2.1341352462768555	3.1310579776763916
9	13	Dr.	9.209107398986816	6.476222991943359	6.047271728515625	5.858218669891357
9	14	Georges	9.126973152160645	9.7473783493042	9.179409980773926	8.31281566619873
9	15	Gilles	10.452644348144531	9.578851699829102	9.94690990447998	9.603878021240234
9	16	de	3.845606565475464	3.390172004699707	3.0447025299072266	2.857454299926758
9	17	la	7.76131534576416	2.088385820388794	2.6189920902252197	2.5732810497283936
9	18	Tourette,	17.17028045654297	11.648229598999023	7.735210418701172	7.5360918045043945
9	19	the	3.386256694793701	3.4744882583618164	3.192577362060547	3.0664944648742676
9	20	pioneering	11.599136352539062	8.746565818786621	9.685016632080078	8.128057479858398
9	21	French	9.011402130126953	6.213810920715332	4.9326677322387695	3.538078546524048
9	22	neurologist	12.316606521606445	9.40938663482666	7.45280647277832	3.754469394683838
9	23	who	2.821112871170044	3.494337797164917	3.95564866065979	3.777890682220459
9	24	first	6.46689510345459	6.109577178955078	5.438406944274902	4.925611972808838
9	25	described	8.879303932189941	4.897013187408447	3.684478282928467	3.064998149871826
9	26	the	2.4513115882873535	2.1181609630584717	1.5526444911956787	0.9241224527359009
9	27	condition	8.97484016418457	6.956278324127197	6.28960657119751	6.112155437469482
9	28	in	3.3180816173553467	4.565858840942383	3.6553144454956055	2.733996868133545
9	29	an	4.901019096374512	4.924010276794434	5.245115756988525	3.8623905181884766
9	30	eighty-six-year-old	15.88747501373291	16.818368911743164	16.043106079101562	16.062192916870117
9	31	French	7.604981422424316	6.835668563842773	7.215083599090576	7.3220672607421875
9	32	noblewoman.	17.258817672729492	11.893509864807129	11.847765922546387	12.716405868530273
9	33	It	3.688236713409424	3.618833541870117	3.806758165359497	3.7490286827087402
9	34	is	2.683084726333618	1.3462657928466797	1.3816449642181396	1.4821826219558716
9	35	almost	6.949545383453369	5.816771030426025	5.705277442932129	5.398068904876709
9	36	always	7.321770668029785	2.346858024597168	3.0018796920776367	3.9044432640075684
9	37	in	4.055498123168945	3.4855082035064697	3.8934383392333984	4.380007266998291
9	38	childhood	10.688827514648438	11.648893356323242	11.609357833862305	11.669987678527832
9	39	that	4.543092727661133	3.941957950592041	4.105252742767334	4.1282758712768555
9	40	the	2.915968894958496	4.3486127853393555	3.142160415649414	3.0689563751220703
9	41	early	7.3644609451293945	8.042823791503906	7.4412078857421875	7.0598039627075195
9	42	symptoms	10.525395393371582	8.951512336730957	7.089432716369629	8.085201263427734
9	43	of	2.381959915161133	0.7958531975746155	0.27681291103363037	0.4820282459259033
9	44	Tourette's	16.104454040527344	9.520547866821289	8.442581176757812	8.832976341247559
9	45	are	8.99179744720459	5.337734699249268	3.7247695922851562	3.640007972717285
9	46	first	6.564897537231445	8.071325302124023	8.373741149902344	7.815247535705566
9	47	noticed,	13.101543426513672	9.785136222839355	10.573494911193848	8.49502944946289
9	48	with	4.699491500854492	4.669509410858154	4.685062885284424	4.289855480194092
9	49	the	2.270246982574463	2.096851110458374	1.8317159414291382	1.734627366065979
9	50	average	7.955986022949219	7.519828796386719	7.830270767211914	6.738480567932129
9	51	onset	11.532933235168457	12.630181312561035	12.467792510986328	11.292156219482422
9	52	between	6.581480026245117	6.4785332679748535	7.335345268249512	6.437533855438232
9	53	the	2.150768995285034	1.9008674621582031	2.3718831539154053	2.351039409637451
9	54	ages	10.971718788146973	7.067258358001709	3.2340221405029297	2.671693801879883
9	55	of	2.740562915802002	1.2168428897857666	0.1614619493484497	0.012291590683162212
9	56	seven	8.496569633483887	6.229145526885986	4.361994743347168	4.002220630645752
9	57	and	3.486590623855591	4.808197021484375	2.153677225112915	0.4575432538986206
9	58	ten	9.034141540527344	5.10804557800293	5.077434539794922	4.362772464752197
9	59	years.	7.065644264221191	5.00172233581543	3.7619235515594482	3.696314573287964
9	60	It	3.577615261077881	3.475069046020508	3.3624532222747803	3.3795292377471924
9	61	is	2.683084726333618	1.4846785068511963	1.6243051290512085	1.5959117412567139
9	62	estimated	9.165397644042969	5.206534385681152	4.00708532333374	4.4186248779296875
9	63	that	4.024458885192871	1.0875440835952759	0.14100459218025208	0.16377580165863037
9	64	two	6.574409008026123	6.265824794769287	6.2857770919799805	6.1138916015625
9	65	hundred	7.915266036987305	6.0263471603393555	4.63596773147583	3.7763266563415527
9	66	thousand	7.403388977050781	3.4061758518218994	2.6145315170288086	1.7916475534439087
9	67	Americans	8.482148170471191	6.310748100280762	6.6320648193359375	5.432643413543701
9	68	have	4.269740104675293	2.5355372428894043	2.7189810276031494	3.134854793548584
9	69	the	2.9559504985809326	3.6816866397857666	5.849353790283203	5.790398120880127
9	70	most	5.893077850341797	4.252317905426025	3.0100338459014893	4.526287078857422
9	71	severe	9.062610626220703	6.576310157775879	6.8606061935424805	5.637416362762451
9	72	form	7.215760231018066	3.911919593811035	3.0975570678710938	3.7787325382232666
9	73	of	2.404179811477661	0.1386212557554245	0.06854862719774246	0.04785483703017235
9	74	Tourette's,	18.391796112060547	18.653823852539062	13.03257942199707	13.022632598876953
9	75	and	2.582807779312134	2.2686729431152344	2.549790859222412	2.7882113456726074
9	76	as	5.425420761108398	5.429119110107422	5.228048801422119	4.603426933288574
9	77	many	6.109766483306885	4.104430675506592	4.680121421813965	4.5739240646362305
9	78	as	5.182456970214844	1.1514674425125122	0.5869504809379578	1.0548341274261475
9	79	one	5.194406032562256	3.6730310916900635	4.206725597381592	4.066208839416504
9	80	in	3.8473503589630127	5.002014636993408	3.1526777744293213	1.8003863096237183
9	81	a	3.1250689029693604	2.695106029510498	2.994835615158081	3.257105827331543
9	82	hundred	8.727981567382812	8.546345710754395	4.806094169616699	5.34280252456665
9	83	people	5.320492744445801	4.170991897583008	6.0793657302856445	3.613394021987915
9	84	exhibit	11.001358985900879	11.973230361938477	12.190665245056152	12.43942928314209
9	85	milder	15.141145706176758	11.287435531616211	11.962666511535645	14.279579162597656
9	86	and	2.5948586463928223	4.0337677001953125	4.58891487121582	4.798095226287842
9	87	less	7.572938442230225	2.7961080074310303	1.5716179609298706	0.9550882577896118
9	88	complex	8.847708702087402	7.140100955963135	5.4228925704956055	6.019641876220703
9	89	symptoms	10.602082252502441	10.160524368286133	8.697243690490723	7.137779712677002
9	90	that	3.5162534713745117	3.032076120376587	2.4296555519104004	2.8215138912200928
9	91	include	8.223073959350586	4.489528656005859	4.260931968688965	4.544065475463867
9	92	chronic	10.914102554321289	9.495007514953613	5.361538887023926	5.268792152404785
9	93	motor	9.68348217010498	8.30148696899414	7.803921699523926	7.812837600708008
9	94	and	3.3625218868255615	3.8776161670684814	2.7010722160339355	2.3969922065734863
9	95	vocal	10.985209465026855	10.267419815063477	7.167981147766113	7.347939968109131
9	96	tics	11.286161422729492	8.528718948364258	7.818424224853516	7.52852201461792
9	97	or	4.41798210144043	4.407012939453125	4.83461856842041	5.481227874755859
9	98	transient	12.195858001708984	11.704487800598145	9.866954803466797	9.530216217041016
9	99	tics	12.226680755615234	11.504216194152832	5.614721298217773	3.9452834129333496
9	100	of	2.570131540298462	2.7011725902557373	2.3884880542755127	2.8986637592315674
9	101	childhood.	13.500089645385742	12.288070678710938	11.073102951049805	10.387361526489258
9	102	For	4.788840293884277	4.529062271118164	4.414132118225098	4.443618297576904
9	103	the	2.3964149951934814	2.476926803588867	2.510556936264038	2.686253309249878
9	104	majority	8.121803283691406	6.416637420654297	4.509666919708252	4.265203952789307
9	105	of	1.8085439205169678	0.19608533382415771	0.032075054943561554	0.02827206254005432
9	106	people	6.184998512268066	3.3589491844177246	3.3541226387023926	3.0227432250976562
9	107	diagnosed	10.975444793701172	8.93172836303711	7.991588115692139	8.8402681350708
9	108	with	3.8549184799194336	0.1927897185087204	0.08090215176343918	0.09667869657278061
9	109	the	2.270246982574463	3.9654927253723145	3.9387333393096924	4.1489787101745605
9	110	disorder,	12.081931114196777	12.02891731262207	4.385439872741699	4.383209228515625
9	111	Tourette's	10.823393821716309	11.18549919128418	10.926915168762207	10.371243476867676
9	112	is	6.7606072425842285	4.762807369232178	2.6560683250427246	2.5104634761810303
9	113	not	4.1191911697387695	3.1283798217773438	2.8511250019073486	2.8173208236694336
9	114	a	3.433638572692871	2.375643253326416	1.7400842905044556	1.5047187805175781
9	115	chronic	9.985645294189453	9.984342575073242	9.62236213684082	8.089582443237305
9	116	condition	8.948070526123047	3.0299816131591797	2.82651686668396	2.632840394973755
9	117	with	4.3286895751953125	3.7172160148620605	3.334407329559326	3.9678702354431152
9	118	symptoms	10.425036430358887	8.318243026733398	5.080760955810547	5.033351898193359
9	119	lasting	11.319209098815918	7.360134124755859	5.751248836517334	4.637362003326416
9	120	a	3.9314513206481934	2.699925184249878	3.117088794708252	3.122541904449463
9	121	lifetime.	11.212442398071289	5.578047752380371	5.736647605895996	6.412293434143066
9	122	Rather	7.97910213470459	8.066727638244629	7.897051811218262	8.388742446899414
9	123	it	4.968299865722656	4.426656723022461	4.990115165710449	5.134385108947754
9	124	is	3.211789131164551	1.4542908668518066	1.1084843873977661	1.1597577333450317
9	125	a	3.012261152267456	2.9945008754730225	2.9226126670837402	1.8617806434631348
9	126	condition	8.84115982055664	7.5726823806762695	7.291128158569336	7.334844589233398
9	127	whose	8.547306060791016	7.649288177490234	7.848394870758057	8.472112655639648
9	128	severity	11.307845115661621	8.764969825744629	4.623865127563477	4.014944076538086
9	129	peaks	11.986950874328613	10.026532173156738	9.035584449768066	9.187870025634766
9	130	in	3.0440030097961426	1.7043403387069702	2.323458671569824	2.5499062538146973
9	131	the	2.2516236305236816	1.2882018089294434	1.3148972988128662	1.3000602722167969
9	132	early	7.3644609451293945	4.809864044189453	3.9341304302215576	2.6446990966796875
9	133	teens,	11.620698928833008	8.646320343017578	8.926865577697754	8.725449562072754
9	134	with	4.504789352416992	4.698426246643066	4.6676530838012695	4.631500720977783
9	135	improvement	11.127680778503418	11.347118377685547	10.8257474899292	10.88119888305664
9	136	occurring	11.022943496704102	10.408207893371582	6.087132453918457	5.576680660247803
9	137	in	2.9408388137817383	1.4231221675872803	1.3188214302062988	1.5499749183654785
9	138	the	2.2516236305236816	1.650033712387085	1.314422845840454	1.3643100261688232
9	139	late	7.79694938659668	5.59626579284668	4.887208461761475	5.499575614929199
9	140	teens	11.176156997680664	7.124028205871582	7.012057304382324	7.176355361938477
9	141	and	2.8030917644500732	1.591795802116394	1.3233240842819214	0.9415389895439148
9	142	continuing	9.457030296325684	9.890470504760742	9.426810264587402	11.768675804138184
9	143	into	6.515517711639404	6.153952598571777	4.727845668792725	2.799997329711914
9	144	adulthood.	12.456733703613281	7.371706962585449	5.976841449737549	2.212519407272339
9	145	However,	4.482950210571289	4.497260093688965	4.342106819152832	4.3970160484313965
9	146	approximately	9.93172836303711	8.460221290588379	8.77149772644043	8.580476760864258
9	147	ten	7.888278007507324	6.097957134246826	5.872670650482178	5.889536380767822
9	148	percent	6.961804389953613	2.931903839111328	0.8205220699310303	0.7303908467292786
9	149	of	2.2384681701660156	0.628339946269989	0.4834687113761902	0.0939384177327156
9	150	those	6.149105548858643	3.4188783168792725	3.948485851287842	4.410317420959473
9	151	affected	9.091280937194824	6.9449639320373535	5.493690013885498	5.396744251251221
9	152	have	6.01849365234375	4.21787166595459	4.05999755859375	3.0893375873565674
9	153	a	2.9780993461608887	3.485323667526245	4.058362007141113	4.65305233001709
9	154	progressive	9.45067024230957	8.907795906066895	8.080720901489258	8.90998649597168
9	155	or	5.127631187438965	4.997803211212158	5.366952896118164	4.943261623382568
9	156	disabling	12.111449241638184	11.523895263671875	13.229422569274902	13.542022705078125
9	157	course	8.588732719421387	8.84418773651123	6.419666767120361	6.401025295257568
9	158	that	3.7358319759368896	4.867220401763916	6.04830265045166	5.071264743804932
9	159	lasts	10.691783905029297	7.786490440368652	7.605817794799805	7.1400370597839355
9	160	into	6.343703746795654	5.691744327545166	5.543357849121094	5.7184739112854
9	161	adulthood.	12.456733703613281	5.210396766662598	4.475810527801514	4.031242370605469
9	162	It	3.608455181121826	3.610646963119507	3.500236988067627	3.241827964782715
9	163	is	2.683084726333618	1.2336194515228271	1.2497648000717163	1.2252838611602783
9	164	not	4.1191911697387695	2.770745038986206	2.749351978302002	2.7501237392425537
9	165	uncommon	10.850064277648926	5.313647270202637	3.0808186531066895	2.9146947860717773
9	166	for	4.199740409851074	1.0441923141479492	0.7815119028091431	0.5498762130737305
9	167	symptoms	10.8395414352417	10.656181335449219	10.277238845825195	10.452563285827637
9	168	to	3.2430005073547363	4.950808525085449	3.302669048309326	0.5280476212501526
9	169	be	4.1436285972595215	2.743401050567627	2.182302236557007	1.5635086297988892
9	170	present	8.060004234313965	6.850142478942871	5.90254545211792	6.151230812072754
9	171	for	4.261686325073242	3.043076992034912	2.741250991821289	3.2829298973083496
9	172	an	4.860411643981934	4.70601749420166	4.136687755584717	3.9659645557403564
9	173	extended	8.680076599121094	4.584091663360596	3.570063352584839	2.1997668743133545
9	174	period	8.437095642089844	1.829679250717163	0.5144487023353577	0.544951319694519
9	175	of	2.4627175331115723	0.6665658950805664	0.20242998003959656	0.19650325179100037
9	176	time	6.9169416427612305	1.9705181121826172	1.20573091506958	1.1108200550079346
9	177	before	6.108264923095703	4.542901039123535	3.4923951625823975	3.304497480392456
9	178	a	3.307180404663086	3.582000255584717	3.714083194732666	3.3951916694641113
9	179	formal	9.087564468383789	7.411040306091309	7.005766868591309	7.369819641113281
9	180	diagnosis	10.471879005432129	6.748635768890381	6.229855060577393	6.524801254272461
9	181	of	2.312490463256836	1.0005989074707031	0.6613517999649048	1.0166088342666626
9	182	Tourette's	16.104454040527344	9.06950855255127	8.75546646118164	9.043672561645508
9	183	is	6.7606072425842285	5.043099403381348	3.836294174194336	4.52381706237793
9	184	obtained.	12.75931167602539	13.573322296142578	13.717849731445312	12.046475410461426
9	185	The	2.2601091861724854	2.2326135635375977	2.249586343765259	2.1182665824890137
9	186	reasons	8.6783447265625	7.676297187805176	8.579227447509766	9.279624938964844
9	187	for	3.3904008865356445	1.2630422115325928	0.6884690523147583	0.7116894125938416
9	188	this	4.915605545043945	2.505662202835083	0.9120119214057922	1.1370376348495483
9	189	are	5.371247291564941	7.205996513366699	4.529472827911377	1.0869938135147095
9	190	many	6.559567451477051	5.928491592407227	5.437769889831543	5.755918502807617
9	191	and	4.115418434143066	5.375319957733154	4.659449100494385	3.458570957183838
9	192	may	6.9860687255859375	6.974826335906982	5.501254081726074	5.055202960968018
9	193	include	6.768049240112305	4.777050971984863	4.302520751953125	3.238541841506958
9	194	the	2.2835419178009033	2.2595715522766113	2.6267452239990234	2.9763386249542236
9	195	fact	7.2383599281311035	5.049375057220459	5.311067581176758	6.112011909484863
9	196	that	3.3981359004974365	0.18795913457870483	0.08360490202903748	0.06063566729426384
9	197	for	5.042658805847168	6.070769309997559	6.4469499588012695	6.130900859832764
9	198	families	9.077512741088867	9.193595886230469	8.558493614196777	8.941946029663086
9	199	and	2.789374589920044	2.059584379196167	2.692134141921997	3.364652633666992
9	200	physicians	11.12002182006836	9.053620338439941	8.223736763000488	8.281734466552734
9	201	unfamiliar	12.027985572814941	10.929142951965332	11.105900764465332	10.527816772460938
9	202	with	4.270423889160156	0.015709657222032547	0.030018815770745277	0.02312033250927925
9	203	Tourette's,	18.043819427490234	16.781877517700195	13.531126022338867	12.51076889038086
9	204	mild	11.292198181152344	8.783870697021484	11.063467025756836	9.772087097167969
9	205	and	3.1964285373687744	3.4646546840667725	3.7868876457214355	3.950207471847534
9	206	even	6.189765930175781	5.904806137084961	6.027317047119141	5.898946285247803
9	207	moderate	9.751137733459473	9.309277534484863	7.330531120300293	3.744389295578003
9	208	tic	12.65681266784668	14.31693172454834	12.978568077087402	10.832897186279297
9	209	symptoms	11.251609802246094	7.10066032409668	8.136926651000977	6.660028457641602
9	210	may	6.137137413024902	4.290566444396973	4.39023494720459	4.090114593505859
9	211	be	3.265624523162842	0.9945619106292725	0.9656327366828918	0.8926071524620056
9	212	considered	7.49038028717041	4.64695930480957	5.7436041831970215	5.519601821899414
9	213	inconsequential,	13.359369277954102	11.067085266113281	11.316215515136719	12.76496696472168
9	214	part	8.130218505859375	8.73849868774414	8.536684036254883	8.799935340881348
9	215	of	1.9853242635726929	0.07214932143688202	0.05204840376973152	0.040641769766807556
9	216	a	3.383030652999878	2.587743043899536	2.493351936340332	2.2809953689575195
9	217	developmental	10.620051383972168	10.183511734008789	8.976024627685547	8.820761680603027
9	218	phase,	10.837472915649414	5.855858325958252	6.667319297790527	5.707167148590088
9	219	or	4.621133804321289	4.374475002288818	3.936370849609375	3.669640302658081
9	220	the	3.234046697616577	2.8633110523223877	2.5543503761291504	2.9239609241485596
9	221	result	7.9379682540893555	7.18128776550293	6.459237098693848	7.567307949066162
9	222	of	2.26640248298645	0.6506390571594238	0.43128883838653564	0.11527073383331299
9	223	another	7.239436149597168	7.178958892822266	6.348217010498047	5.7146220207214355
9	224	condition.	11.19387435913086	9.678614616394043	8.810537338256836	10.003156661987305
9	225	For	4.420342922210693	4.245380401611328	3.8634226322174072	3.627715826034546
9	226	example,	6.715974807739258	1.3052335977554321	1.2172434329986572	0.9360397458076477
9	227	parents	9.310446739196777	9.042393684387207	8.238288879394531	8.390411376953125
9	228	may	6.1548871994018555	3.115966558456421	2.340028762817383	1.7282212972640991
9	229	think	6.179159641265869	4.511733055114746	4.710912227630615	5.165377616882324
9	230	that	3.1715927124023438	1.608986496925354	1.5708985328674316	1.1398385763168335
9	231	eye	9.935935974121094	11.723773956298828	11.533601760864258	10.972702026367188
9	232	blinking	12.560096740722656	9.185997009277344	8.370976448059082	7.792478084564209
9	233	is	4.4449992179870605	5.477821350097656	1.6995558738708496	1.1142774820327759
9	234	related	8.017804145812988	8.459775924682617	6.810981750488281	5.575126647949219
9	235	to	2.1764440536499023	0.08563948422670364	0.04587151110172272	0.03181120753288269
9	236	vision	10.372066497802734	9.92521858215332	9.507097244262695	7.228883743286133
9	237	problems	9.274616241455078	5.403543949127197	4.12886381149292	3.8875722885131836
9	238	or	4.533440589904785	4.1581926345825195	3.3487513065338135	2.825564384460449
9	239	that	4.689875602722168	4.911910057067871	5.542482852935791	5.574068069458008
9	240	sniffing	13.365339279174805	13.938152313232422	13.96923542022705	13.596434593200684
9	241	is	5.724010467529297	3.4756250381469727	2.740729331970215	2.4752824306488037
9	242	related	8.017804145812988	7.790760040283203	7.5498433113098145	6.826027870178223
9	243	to	2.1764440536499023	0.08563948422670364	0.045010074973106384	0.04540109261870384
9	244	seasonal	11.983742713928223	9.78065013885498	9.822972297668457	9.450167655944824
9	245	allergies.	13.2401123046875	6.903191566467285	6.439225196838379	6.7203803062438965
9	246	There	4.293855667114258	4.496048450469971	4.541928291320801	4.31411075592041
9	247	are	3.1252756118774414	0.860999345779419	0.7472589015960693	0.7202854752540588
9	248	many	6.559567451477051	2.3694310188293457	2.2605180740356445	2.2405245304107666
9	249	patients	8.713081359863281	7.929938793182373	9.40149974822998	7.545561790466309
9	250	who	4.8430280685424805	2.290682792663574	1.276993989944458	0.9556031227111816
9	251	are	3.830271005630493	1.992496371269226	2.342780828475952	1.860239028930664
9	252	self-diagnosed	14.42370891571045	13.282732963562012	10.608699798583984	10.703025817871094
9	253	after	6.38604211807251	6.791669845581055	7.772634983062744	7.416248321533203
9	254	they,	12.63572883605957	11.383009910583496	11.243452072143555	11.56203556060791
9	255	their	5.641667366027832	5.854866027832031	3.4877943992614746	3.507730007171631
9	256	parents,	9.286789894104004	3.9536147117614746	3.769965171813965	2.390364646911621
9	257	other	6.69627571105957	6.8473615646362305	5.905320167541504	8.823348999023438
9	258	relatives,	11.530129432678223	3.8193554878234863	3.160862684249878	2.452481985092163
9	259	or	3.9992170333862305	3.6194396018981934	1.4776545763015747	1.5438300371170044
9	260	friends	9.387903213500977	5.711424350738525	5.6837873458862305	2.090308666229248
9	261	read	8.41840648651123	9.030210494995117	10.490172386169434	10.8524808883667
9	262	or	5.0948381423950195	4.356656551361084	3.894047737121582	3.351999282836914
9	263	hear	9.268020629882812	3.4758031368255615	3.742060661315918	2.946080446243286
9	264	about	5.154287815093994	2.9565813541412354	2.2494912147521973	1.3486101627349854
9	265	Tourette's	16.85622215270996	15.515151023864746	15.73533821105957	15.324079513549805
9	266	from	8.591255187988281	5.966830253601074	5.944345474243164	6.062743186950684
9	267	others.	9.601469039916992	10.971512794494629	9.036062240600586	7.508735656738281
9	268	Tics	16.569852828979492	16.223182678222656	15.384001731872559	13.692684173583984
9	269	are	3.5468688011169434	1.5515702962875366	1.5341098308563232	1.5988281965255737
9	270	classified	9.560271263122559	8.08458423614502	8.31900691986084	7.989511013031006
9	271	as	4.293984413146973	0.4939032793045044	0.574218213558197	0.7117477655410767
9	272	either	7.77225923538208	6.560710906982422	4.944339752197266	4.89572811126709
9	273	simple	8.703763961791992	7.9650468826293945	8.566855430603027	7.655055046081543
9	274	or	4.946333885192871	4.086875915527344	0.839314877986908	0.8047209978103638
9	275	complex.	11.600923538208008	7.237556457519531	2.959655523300171	2.0516908168792725
9	276	Simple	9.073858261108398	8.617584228515625	7.869777679443359	7.615775108337402
9	277	motor	10.721236228942871	9.622769355773926	9.699419021606445	10.776718139648438
9	278	tics	14.317435264587402	14.010335922241211	11.817182540893555	11.267906188964844
9	279	are	2.5983173847198486	2.4747867584228516	2.2347171306610107	1.624725103378296
9	280	sudden,	13.029305458068848	13.567633628845215	11.738774299621582	11.766565322875977
9	281	brief,	11.570513725280762	8.964715003967285	8.921210289001465	8.457292556762695
9	282	repetitive	9.005934715270996	6.858974456787109	7.430363655090332	6.677164077758789
9	283	movements	9.349148750305176	7.028138160705566	6.058041572570801	3.2153513431549072
9	284	that	3.7748608589172363	2.721329689025879	2.0037951469421387	1.8913674354553223
9	285	involve	9.918508529663086	6.605648040771484	5.1938629150390625	5.0159406661987305
9	286	a	2.950718402862549	2.906680107116699	3.2996461391448975	3.1510403156280518
9	287	limited	8.008890151977539	6.360753536224365	6.856183052062988	6.52534818649292
9	288	number	6.926336765289307	1.3286566734313965	0.9789008498191833	0.993492603302002
9	289	of	1.974914789199829	0.0798521414399147	0.040613219141960144	0.0182656180113554
9	290	muscle	10.049182891845703	10.01935863494873	10.088287353515625	10.371047019958496
9	291	groups.	9.554227828979492	6.059083938598633	4.264780521392822	3.3334460258483887
9	292	Some	4.985753536224365	5.676848888397217	5.29684591293335	5.187398910522461
9	293	of	2.7151377201080322	1.6462974548339844	1.7818975448608398	1.8356819152832031
9	294	the	2.347175359725952	0.9390391111373901	1.0429171323776245	0.8189284205436707
9	295	more	6.003487586975098	6.702157497406006	3.988637924194336	3.21467661857605
9	296	common	7.6101579666137695	4.450982570648193	3.7969090938568115	3.408320188522339
9	297	simple	8.825942993164062	11.323922157287598	9.417987823486328	9.399238586425781
9	298	tics	11.637659072875977	12.03044319152832	10.449310302734375	10.840598106384277
9	299	include	6.428272724151611	6.753077507019043	6.9069976806640625	4.098857879638672
9	300	eye	10.263330459594727	8.277762413024902	8.21953296661377	8.162595748901367
9	301	blinking,	14.139853477478027	10.155077934265137	8.7110013961792	6.696756362915039
9	302	facial	10.702590942382812	10.264254570007324	6.386429309844971	5.501885414123535
9	303	grimacing,	15.355813980102539	11.043243408203125	10.855874061584473	11.244607925415039
9	304	shoulder	9.862783432006836	8.929278373718262	7.721057891845703	7.648770332336426
9	305	shrugging,	16.186378479003906	9.109920501708984	7.58670711517334	6.486184120178223
9	306	and	2.8757197856903076	2.627089023590088	2.0850954055786133	1.0804041624069214
9	307	head	7.969465732574463	9.002618789672852	8.349740982055664	7.376256465911865
9	308	or	4.715559005737305	5.8478264808654785	7.256968975067139	7.68834114074707
9	309	shoulder	10.519023895263672	5.179842948913574	4.205662727355957	3.271862030029297
9	310	jerking.	17.63545799255371	12.559415817260742	15.340188980102539	13.934428215026855
9	311	Simple	10.283228874206543	10.275102615356445	9.33038330078125	9.073275566101074
9	312	vocalizations,	15.819059371948242	14.148310661315918	14.2544527053833	14.711441993713379
9	313	which	3.6450562477111816	3.5365774631500244	4.162740707397461	4.172174453735352
9	314	motor	10.701074600219727	14.846380233764648	14.998167991638184	13.391845703125
9	315	tics	14.317435264587402	12.733048439025879	9.668304443359375	9.101766586303711
9	316	typically	9.129124641418457	8.17833137512207	6.7621870040893555	7.2685089111328125
9	317	precede,	16.013385772705078	12.95460033416748	11.948895454406738	11.276586532592773
9	318	might	8.538238525390625	9.168595314025879	9.610501289367676	9.730902671813965
9	319	include	7.054161548614502	4.9521894454956055	4.381313800811768	3.736463785171509
9	320	repetitive	12.207131385803223	10.91778564453125	10.089101791381836	9.811927795410156
9	321	throat-clearing,	23.066051483154297	18.478219985961914	17.426719665527344	17.927955627441406
9	322	sniffing,	10.923378944396973	10.268625259399414	9.499223709106445	8.710171699523926
9	323	or	4.3206987380981445	3.7812910079956055	3.2932610511779785	3.056704521179199
9	324	grunting	13.349146842956543	8.289596557617188	7.282708168029785	6.497480869293213
9	325	sounds.	6.97214412689209	6.085137844085693	6.503745079040527	3.7811079025268555
9	326	Complex	11.718798637390137	12.324013710021973	11.125048637390137	11.27364730834961
9	327	tics	13.255485534667969	10.633382797241211	9.57387638092041	9.96732234954834
9	328	are	2.5983173847198486	2.2255678176879883	1.9302226305007935	2.747159481048584
9	329	distinct,	12.131481170654297	10.130663871765137	9.21004581451416	9.286931037902832
9	330	coordinated	10.31118106842041	9.636085510253906	10.918814659118652	10.205946922302246
9	331	patterns	9.948055267333984	8.556241989135742	5.612303256988525	5.090907573699951
9	332	of	2.5675151348114014	0.6714633703231812	0.3460037410259247	0.5067887306213379
9	333	movement	8.982298851013184	6.803067207336426	5.069087982177734	4.767848014831543
9	334	that	4.039555549621582	4.242462635040283	2.7396507263183594	2.8375496864318848
9	335	involve	9.918508529663086	9.773048400878906	9.154841423034668	6.595221519470215
9	336	several	7.388062477111816	7.292178630828857	7.037978172302246	6.772284984588623
9	337	muscle	9.774800300598145	10.453276634216309	9.907759666442871	9.967395782470703
9	338	groups.	9.554227828979492	3.7314493656158447	2.3709750175476074	2.173135995864868
9	339	Complex	11.640392303466797	10.675010681152344	10.370491981506348	9.98109245300293
9	340	motor	10.69654655456543	9.866472244262695	7.673529624938965	7.315221786499023
9	341	tics	14.317435264587402	12.752610206604004	9.811290740966797	10.412535667419434
9	342	might	7.450967311859131	6.676538467407227	6.472466945648193	5.689615249633789
9	343	include	7.054161548614502	4.925966262817383	5.069413661956787	4.520920753479004
9	344	facial	11.419419288635254	9.58084487915039	8.48309326171875	8.111106872558594
9	345	grimacing	14.103286743164062	12.999284744262695	12.862021446228027	12.541808128356934
9	346	combined	11.557953834533691	11.202130317687988	9.24358081817627	9.730826377868652
9	347	with	4.233066558837891	0.10219071060419083	0.010037602856755257	0.009450370445847511
9	348	a	2.9099040031433105	2.3294730186462402	2.1864020824432373	1.7915880680084229
9	349	head	7.549348831176758	6.82843542098999	7.754809379577637	7.164884567260742
9	350	twist	11.85957145690918	9.529561996459961	9.136491775512695	7.995299339294434
9	351	and	3.0998754501342773	2.700059175491333	2.1095499992370605	1.8741579055786133
9	352	a	3.8303797245025635	4.4703779220581055	3.9769763946533203	2.133917808532715
9	353	shoulder	10.182766914367676	9.079063415527344	7.821664810180664	7.26387357711792
9	354	shrug.	14.233787536621094	7.686211109161377	6.906963348388672	6.54128360748291
9	355	Other	8.500519752502441	8.263448715209961	8.000321388244629	7.796161651611328
9	356	complex	9.591259002685547	9.91596508026123	10.279979705810547	10.671736717224121
9	357	motor	10.10549545288086	8.903312683105469	9.22237491607666	8.132832527160645
9	358	tics	14.317435264587402	11.167393684387207	11.618278503417969	10.524130821228027
9	359	may	5.968605995178223	5.255586624145508	5.308627605438232	3.913358688354492
9	360	actually	6.225790977478027	6.071756362915039	6.416504383087158	5.757721900939941
9	361	appear	8.080586433410645	6.374348163604736	6.35561466217041	6.989076137542725
9	362	purposeful,	12.718754768371582	14.602858543395996	14.83126449584961	14.185248374938965
9	363	including	7.9453325271606445	6.530346870422363	6.451490879058838	6.075655937194824
9	364	sniffing	12.85055160522461	11.597481727600098	11.194692611694336	11.676189422607422
9	365	or	5.29951286315918	4.181629180908203	4.020003318786621	3.4206485748291016
9	366	touching	10.683622360229492	5.8311686515808105	5.932430267333984	5.083381175994873
9	367	objects,	11.31301212310791	8.437610626220703	7.413364887237549	6.236893653869629
9	368	hopping,	16.663192749023438	14.246252059936523	15.035829544067383	13.386373519897461
9	369	jumping,	6.781379699707031	3.2506837844848633	3.1008734703063965	3.203456163406372
9	370	bending,	11.15899658203125	6.944884300231934	6.684711456298828	6.551275253295898
9	371	or	3.9463398456573486	2.2838492393493652	3.2625670433044434	3.9664599895477295
9	372	twisting.	15.084381103515625	8.473969459533691	4.807392120361328	4.262542724609375
9	373	Complex	12.008113861083984	11.37236213684082	11.183079719543457	10.819286346435547
9	374	vocal	12.25017261505127	8.970733642578125	9.420522689819336	9.471059799194336
9	375	tics	11.286161422729492	9.176850318908691	6.722207069396973	6.804147720336914
9	376	include	6.4282732009887695	6.227817535400391	5.855145454406738	6.155399799346924
9	377	words	9.078449249267578	8.546606063842773	7.6647257804870605	8.039115905761719
9	378	or	4.513430595397949	3.875859022140503	3.631826400756836	4.763483047485352
9	379	phrases.	13.832107543945312	5.251941680908203	4.240032196044922	4.656068801879883
9	380	Perhaps	6.467803001403809	6.438694000244141	6.45578670501709	7.054744720458984
9	381	the	2.8242318630218506	2.0245232582092285	1.9900425672531128	2.113346576690674
9	382	most	5.893077850341797	4.090719223022461	1.4988453388214111	1.303098440170288
9	383	dramatic	9.538698196411133	5.62412691116333	5.333786964416504	5.819879531860352
9	384	and	3.3635644912719727	3.090991973876953	2.9307219982147217	3.2192232608795166
9	385	disabling	12.43375015258789	9.830934524536133	9.484649658203125	9.570672988891602
9	386	tics	13.566102027893066	12.827975273132324	11.066633224487305	11.62288761138916
9	387	include	6.428272724151611	7.300063133239746	7.638844966888428	7.517730236053467
9	388	motor	10.561376571655273	9.109016418457031	7.874508380889893	7.907374382019043
9	389	movements	9.284747123718262	10.968313217163086	8.344518661499023	8.117782592773438
9	390	that	3.7748608589172363	3.343498945236206	2.693103790283203	2.7159476280212402
9	391	result	8.824912071228027	6.145463943481445	5.2993388175964355	4.767642498016357
9	392	in	2.9748687744140625	0.9075021743774414	1.3295761346817017	0.4967131018638611
9	393	self-harm	13.469281196594238	11.426212310791016	11.589975357055664	9.905203819274902
9	394	such	8.1016263961792	6.939591884613037	7.008318901062012	6.998709678649902
9	395	as	3.5933289527893066	0.1302052140235901	0.12932628393173218	0.3364478349685669
9	396	punching	11.87893295288086	9.999167442321777	7.581871032714844	7.111420631408691
9	397	oneself	11.205659866333008	9.864094734191895	8.674541473388672	6.650289535522461
9	398	in	3.0827043056488037	1.378455638885498	0.6485446095466614	0.5848281383514404
9	399	the	2.2516236305236816	1.5431147813796997	1.2718738317489624	0.03621705621480942
9	400	face,	10.520389556884766	9.107484817504883	9.271649360656738	3.9806151390075684
9	401	or	4.056707382202148	3.738858461380005	3.4326207637786865	3.0511343479156494
9	402	vocal	11.036834716796875	10.042990684509277	9.967207908630371	10.440403938293457
9	403	tics	11.286161422729492	7.537264347076416	7.060854911804199	7.405364513397217
9	404	including	7.099647521972656	6.317768573760986	7.034526824951172	7.790006637573242
9	405	coprolalia,	26.452733993530273	22.25591278076172	22.597124099731445	21.21347427368164
9	406	which	2.517104148864746	2.7688655853271484	4.027860164642334	4.048416614532471
9	407	involves	9.061731338500977	5.759994983673096	5.552859306335449	5.847555160522461
9	408	uttering	13.87889575958252	10.332566261291504	11.566221237182617	11.194584846496582
9	409	swear	10.49902629852295	7.060195446014404	6.7945637702941895	6.956893444061279
9	410	words,	10.193769454956055	2.0880372524261475	1.6257057189941406	1.6892800331115723
9	411	or	3.5564959049224854	3.1977860927581787	3.594886064529419	3.6512715816497803
9	412	echolalia,	19.616470336914062	16.256816864013672	16.162446975708008	15.740869522094727
9	413	which	2.713756561279297	2.889407157897949	3.164236307144165	3.5332491397857666
9	414	involves	9.061731338500977	6.051080703735352	6.835205554962158	7.528225898742676
9	415	repeating	11.291671752929688	8.286213874816895	10.21179485321045	10.292137145996094
9	416	the	2.60902738571167	1.1502289772033691	1.2335892915725708	1.167197585105896
9	417	words	8.29195499420166	4.367286682128906	5.008891582489014	5.758388519287109
9	418	or	4.513430595397949	6.292209625244141	6.227848529815674	5.076276779174805
9	419	phrases	11.530975341796875	3.258061408996582	3.052424430847168	2.240450143814087
9	420	of	2.8864684104919434	2.9064393043518066	3.5089797973632812	2.428966999053955
9	421	others.	9.647064208984375	10.557761192321777	9.41716194152832	8.309600830078125
9	422	Tics	16.569852828979492	16.40561294555664	16.252819061279297	16.502004623413086
9	423	are	3.5468688011169434	1.5515702962875366	1.5759474039077759	1.3822604417800903
9	424	often	6.702136993408203	4.975316047668457	4.195400238037109	4.099989891052246
9	425	worse	10.12242603302002	7.877957344055176	8.714029312133789	8.833375930786133
9	426	with	4.41303825378418	4.3736491203308105	4.662542343139648	4.592684745788574
9	427	excitement	11.446521759033203	11.42899227142334	11.432703971862793	11.49399471282959
9	428	or	4.770520210266113	4.518622398376465	3.2523739337921143	3.222876787185669
9	429	anxiety	11.2007417678833	6.879857540130615	5.4430694580078125	5.680528163909912
9	430	and	2.812948703765869	2.9650650024414062	3.0653746128082275	3.187656879425049
9	431	better	8.065226554870605	7.845433712005615	8.449727058410645	8.690446853637695
9	432	during	7.313675880432129	8.419212341308594	8.948234558105469	7.990485191345215
9	433	calm,	12.593025207519531	12.909461975097656	12.990679740905762	11.53337287902832
9	434	focused	7.7024102210998535	8.011786460876465	7.151808738708496	7.372843265533447
9	435	activities.	11.456295013427734	11.96807861328125	9.962879180908203	7.23918342590332
9	436	Certain	8.421429634094238	8.362136840820312	8.882875442504883	8.716869354248047
9	437	physical	8.380814552307129	7.277116775512695	5.970614910125732	4.952169895172119
9	438	experiences	9.356399536132812	7.854883193969727	8.111775398254395	8.011531829833984
9	439	can	5.6133928298950195	4.246525764465332	2.8121347427368164	2.3010621070861816
9	440	trigger	8.95851993560791	5.814296722412109	5.222177982330322	4.238986015319824
9	441	or	4.909661293029785	5.463677406311035	5.632206916809082	5.3200225830078125
9	442	worsen	12.401999473571777	10.446677207946777	7.803946495056152	4.256453990936279
9	443	tics.	14.1705322265625	13.628500938415527	13.60783863067627	14.285110473632812
9	444	For	4.575021743774414	4.625265598297119	4.384063720703125	4.342792510986328
9	445	example,	6.715974807739258	1.642482042312622	1.4315310716629028	1.2758967876434326
9	446	tight	11.646647453308105	11.58334732055664	10.509941101074219	10.490571022033691
9	447	collars	11.320928573608398	10.643506050109863	10.857787132263184	8.024869918823242
9	448	may	5.842525482177734	5.509383201599121	4.197017192840576	3.630126476287842
9	449	trigger	9.053215026855469	7.203577041625977	6.876031875610352	6.517033576965332
9	450	neck	11.092569351196289	10.466513633728027	8.931517601013184	6.923269271850586
9	451	tics,	15.050043106079102	13.397379875183105	9.556183815002441	8.378658294677734
9	452	or	4.038702964782715	4.246777534484863	3.702049970626831	3.9532973766326904
9	453	hearing	9.402458190917969	9.092994689941406	8.193670272827148	7.7372331619262695
9	454	another	7.331782341003418	7.332790374755859	9.493078231811523	9.781686782836914
9	455	person	6.892760753631592	3.2768733501434326	1.6670109033584595	1.272620677947998
9	456	sniff	13.424007415771484	14.849376678466797	15.624076843261719	11.21816635131836
9	457	or	4.983431816101074	4.362272262573242	3.4454195499420166	3.8162474632263184
9	458	throat-clear	27.280860900878906	22.969694137573242	20.710468292236328	20.65507698059082
9	459	may	8.274370193481445	7.793972492218018	6.868618965148926	6.999149799346924
9	460	trigger	9.053215026855469	6.29847526550293	6.2933349609375	5.049446105957031
9	461	the	2.874663829803467	1.8826342821121216	2.1157279014587402	2.285815954208374
9	462	production	8.017411231994629	7.421820640563965	6.31221866607666	4.877169609069824
9	463	of	2.7009832859039307	0.8276875019073486	0.7712084054946899	0.1869342029094696
9	464	similar	8.079845428466797	8.271672248840332	8.662088394165039	8.74319076538086
9	465	sounds.	11.154050827026367	10.345780372619629	11.057734489440918	9.998440742492676
9	466	Tics	16.432954788208008	16.483129501342773	16.109214782714844	16.441131591796875
9	467	come	7.7594194412231445	4.938776016235352	5.2059478759765625	5.500761985778809
9	468	and	3.5909252166748047	3.9746298789978027	1.9415946006774902	2.8655123710632324
9	469	go	7.032001972198486	3.1250874996185303	1.257608413696289	1.036213994026184
9	470	over	5.755335807800293	4.870808124542236	4.496910572052002	4.069881439208984
9	471	time,	7.779236793518066	8.876606941223145	9.967496871948242	7.0705060958862305
9	472	varying	11.688068389892578	9.966391563415527	11.001389503479004	10.059452056884766
9	473	in	3.866398811340332	2.861023426055908	2.820589542388916	3.0037436485290527
9	474	type,	12.182265281677246	6.638627052307129	7.061885833740234	7.229495048522949
9	475	frequency,	10.116752624511719	10.174057960510254	5.770635604858398	5.762547969818115
9	476	location,	9.011468887329102	5.734543800354004	5.815940856933594	5.5527496337890625
9	477	and	2.3651182651519775	0.9760560989379883	1.4056990146636963	1.2629765272140503
9	478	severity.	13.994763374328613	16.52217674255371	8.799825668334961	8.492733001708984
9	479	The	2.485468626022339	2.3078227043151855	2.2566258907318115	2.210202693939209
9	480	first	5.507695198059082	4.9087982177734375	4.9013800621032715	4.732226371765137
9	481	symptoms	10.432711601257324	8.758610725402832	5.072912693023682	6.566385269165039
9	482	Tourette's	13.44156265258789	15.21641731262207	15.474983215332031	15.904662132263184
9	483	patients	8.58333969116211	6.425196647644043	5.505449295043945	4.490001678466797
9	484	experience	8.324691772460938	5.808844089508057	5.051609039306641	3.6092169284820557
9	485	usually	8.877562522888184	10.848084449768066	9.10503101348877	7.224816799163818
9	486	occur	9.30128288269043	5.028726577758789	5.6717529296875	6.250060558319092
9	487	in	2.8754944801330566	1.2419424057006836	1.5542594194412231	1.5863888263702393
9	488	the	2.2516236305236816	1.761185646057129	1.9272786378860474	1.9207438230514526
9	489	head	7.254368305206299	7.295748710632324	7.31280517578125	7.88971471786499
9	490	and	3.1108596324920654	2.8931360244750977	2.299299478530884	1.4977096319198608
9	491	neck	11.088153839111328	5.3093767166137695	2.794893741607666	3.2124643325805664
9	492	area,	10.12807846069336	7.080710411071777	5.576603412628174	5.54100227355957
9	493	though	5.953636646270752	6.185423851013184	6.2392168045043945	6.166611671447754
9	494	they	4.584877967834473	3.2537968158721924	3.5146517753601074	3.0761547088623047
9	495	may	5.552106857299805	4.551314830780029	3.156071662902832	2.848917007446289
9	496	progress	8.954029083251953	9.898970603942871	10.403910636901855	9.350351333618164
9	497	to	2.855215549468994	1.1840945482254028	1.4775456190109253	1.9202691316604614
9	498	include	7.194907188415527	6.24118709564209	7.176607608795166	7.468247413635254
9	499	muscles	11.823060989379883	12.349164962768555	13.507929801940918	13.227579116821289
9	500	of	3.256091356277466	3.4907774925231934	3.530078172683716	3.978360891342163
9	501	the	2.347175359725952	0.952322781085968	0.7954351902008057	0.9060254096984863
9	502	trunk	11.200654029846191	10.444725036621094	7.342483043670654	5.751680374145508
9	503	and	2.8537018299102783	2.3538315296173096	2.2857666015625	1.1129462718963623
9	504	extremities.	14.602916717529297	13.736355781555176	12.672948837280273	11.421039581298828
9	505	The	2.278812885284424	2.2085089683532715	1.998549222946167	2.0036303997039795
9	506	symptoms	10.196453094482422	6.776848316192627	6.987138271331787	7.736545085906982
9	507	of	2.381959915161133	0.9049580097198486	1.31794273853302	1.2062004804611206
9	508	Tourette's	16.104454040527344	9.520548820495605	8.219380378723145	8.413012504577637
9	509	are	8.99179744720459	5.337734699249268	3.7247695922851562	2.2186789512634277
9	510	involuntary,	14.072653770446777	13.022802352905273	10.417449951171875	10.897029876708984
9	511	but	3.6011998653411865	2.5198678970336914	2.4846842288970947	2.6183981895446777
9	512	there	5.520830154418945	4.407417297363281	3.933187484741211	4.0290679931640625
9	513	are	3.5103976726531982	1.1581486463546753	1.489450216293335	0.9094579815864563
9	514	some	6.035120010375977	3.0065903663635254	2.601071357727051	2.458341360092163
9	515	people	5.538163185119629	4.760479927062988	3.8253002166748047	4.153552055358887
9	516	who	4.398918151855469	2.537343978881836	0.8386494517326355	0.5719915628433228
9	517	can	4.887131214141846	4.606405735015869	4.862571716308594	4.393130779266357
9	518	sometimes	7.483768463134766	6.9856367111206055	7.464019298553467	7.114336013793945
9	519	suppress,	14.981034278869629	12.940598487854004	13.107952117919922	13.167074203491211
9	520	camouflage,	10.07959270477295	11.162720680236816	10.973877906799316	10.505230903625488
9	521	or	4.094743251800537	2.058476686477661	1.477267861366272	1.0129457712173462
9	522	otherwise	8.835664749145508	5.995790481567383	4.102728843688965	2.6112043857574463
9	523	manage	9.260126113891602	7.392724514007568	7.897303581237793	7.1769914627075195
9	524	their	5.245166778564453	2.82564115524292	2.6493749618530273	3.152797222137451
9	525	tics	12.63983154296875	13.222604751586914	12.692444801330566	13.87738037109375
9	526	in	2.943619728088379	2.8811533451080322	2.6632447242736816	2.704822063446045
9	527	an	4.901019096374512	4.864064693450928	4.994068145751953	4.192960739135742
9	528	effort	7.471580505371094	2.3876163959503174	2.3936047554016113	1.516377568244934
9	529	to	2.288289785385132	0.15314017236232758	0.021256176754832268	0.018095197156071663
9	530	minimize	9.954341888427734	6.808701515197754	6.027682304382324	5.546644687652588
9	531	their	5.079326152801514	3.494110584259033	4.0324835777282715	3.8798952102661133
9	532	impact	8.355276107788086	5.1959638595581055	2.7809853553771973	2.1745269298553467
9	533	on	3.8049399852752686	0.6303068399429321	0.3106549382209778	0.34990194439888
9	534	functioning.	13.114659309387207	13.181180953979492	13.013124465942383	12.609432220458984
9	535	However,	4.651211738586426	4.726268768310547	4.819000244140625	4.853427410125732
9	536	people	6.259782314300537	5.988630771636963	6.193478107452393	6.15385103225708
9	537	affected	9.374382972717285	7.70550537109375	7.317750930786133	7.300523281097412
9	538	by	3.8791825771331787	0.2337483912706375	0.24246780574321747	0.2738375663757324
9	539	Tourette's	16.91194725036621	13.690860748291016	11.672185897827148	10.667226791381836
9	540	often	11.25240707397461	8.875017166137695	8.909013748168945	6.368304252624512
9	541	report	8.070323944091797	8.48132610321045	7.175618648529053	6.366556167602539
9	542	a	4.095391273498535	3.003478765487671	3.1739022731781006	3.150038242340088
9	543	substantial	8.905946731567383	7.319422721862793	6.265332221984863	7.814663410186768
9	544	buildup	11.027033805847168	9.161291122436523	8.467430114746094	9.220281600952148
9	545	in	3.098824977874756	2.1174721717834473	2.268521785736084	2.219942331314087
9	546	tension	10.892278671264648	7.93692684173584	8.414010047912598	8.734858512878418
9	547	when	5.593749046325684	4.287026882171631	4.4222588539123535	4.252493381500244
9	548	suppressing	11.837587356567383	11.845739364624023	11.16879940032959	10.436933517456055
9	549	their	5.122658729553223	3.9011175632476807	3.5568206310272217	3.300450086593628
9	550	tics	12.63983154296875	15.072429656982422	11.301355361938477	11.653356552124023
9	551	to	3.6616668701171875	3.384610176086426	3.2555227279663086	3.587501287460327
9	552	the	2.6109485626220703	2.9389801025390625	2.7063143253326416	2.7788748741149902
9	553	point	6.965609073638916	4.949612617492676	5.470289707183838	3.7064690589904785
9	554	where	5.758059024810791	1.2477519512176514	0.9847533702850342	0.7452487945556641
9	555	they	4.319696426391602	2.8103415966033936	2.7541699409484863	2.411803960800171
9	556	often	6.876152038574219	6.6930108070373535	6.98895788192749	7.447483062744141
9	557	feel	7.553171157836914	5.04327917098999	5.010021209716797	4.654961585998535
9	558	that	3.4683234691619873	2.549637794494629	2.549320697784424	3.0109376907348633
9	559	the	2.915968894958496	2.467971086502075	2.3447442054748535	2.3682801723480225
9	560	tic	13.297842025756836	13.867866516113281	13.252470970153809	13.202555656433105
9	561	must	7.953066825866699	7.1366658210754395	4.556536674499512	4.816647529602051
9	562	be	3.21785569190979	0.6843631863594055	0.7463617324829102	0.673774778842926
9	563	expressed.	11.59406852722168	10.870317459106445	10.671615600585938	10.966832160949707
9	564	Tics	16.377674102783203	16.24529266357422	16.299142837524414	10.130623817443848
9	565	in	3.823756217956543	4.242262840270996	4.48101806640625	4.4143781661987305
9	566	response	8.117972373962402	6.927215099334717	6.1697096824646	6.595364570617676
9	567	to	2.184964656829834	0.049924805760383606	0.035521864891052246	0.27417775988578796
9	568	an	5.322539329528809	3.947796106338501	3.4419798851013184	3.7772107124328613
9	569	environmental	8.790834426879883	7.135146141052246	6.856465816497803	6.786781311035156
9	570	trigger	10.400577545166016	9.833958625793457	10.010054588317871	9.014816284179688
9	571	can	6.0358052253723145	5.370757579803467	5.439936637878418	5.959238529205322
9	572	appear	7.335200786590576	6.722425937652588	6.722656726837158	6.6185784339904785
9	573	to	2.3224680423736572	2.769045114517212	2.834829330444336	2.3835020065307617
9	574	be	4.1436285972595215	0.7410630583763123	0.8820275664329529	1.3279480934143066
9	575	voluntary	11.666207313537598	10.919487953186035	10.218964576721191	10.033653259277344
9	576	or	4.759451866149902	2.9701833724975586	2.6463186740875244	3.070286750793457
9	577	purposeful,	16.506553649902344	13.893747329711914	11.490131378173828	12.22359848022461
9	578	but	3.058220624923706	2.7657318115234375	3.1347203254699707	2.437840223312378
9	579	are	5.449292182922363	7.2767438888549805	5.287883758544922	5.20598030090332
9	580	not.	8.85776138305664	9.57432746887207	7.330677509307861	8.315336227416992
9	581	Many	6.32654333114624	5.8674492835998535	5.586237907409668	5.672977447509766
9	582	people	5.057420253753662	2.358142614364624	2.3999717235565186	2.508833646774292
9	583	with	4.132376670837402	4.29110860824585	4.906207084655762	4.646905899047852
9	584	Tourette's	15.981449127197266	9.528572082519531	7.423415660858154	7.560939788818359
9	585	experience	9.9154052734375	11.082839965820312	7.770971775054932	5.408588409423828
9	586	additional	8.987987518310547	12.073623657226562	11.54444694519043	11.930931091308594
9	587	neurobehavioral	13.909919738769531	14.369214057922363	12.483373641967773	10.78253173828125
9	588	problems	4.457513809204102	5.035498142242432	6.006635665893555	4.479222297668457
9	589	that	3.6501083374023438	2.67573618888855	2.1368348598480225	2.3376853466033936
9	590	include	8.223073959350586	6.320324897766113	4.290722846984863	4.666929244995117
9	591	inattention,	15.468095779418945	16.474708557128906	13.75765609741211	7.776285171508789
9	592	hyperactivity	7.42579460144043	6.7240190505981445	5.605714321136475	5.868646621704102
9	593	and	1.7275625467300415	0.3163994550704956	0.2544945478439331	0.23381102085113525
9	594	impulsivity.	14.75119400024414	5.612504005432129	3.4670352935791016	3.2163684368133545
9	595	People	5.044604778289795	5.065523147583008	5.352279186248779	5.211880683898926
9	596	with	4.473672389984131	1.7205448150634766	1.6084725856781006	0.998365044593811
9	597	Tourette's	15.981449127197266	7.868278980255127	6.755125999450684	7.0183258056640625
9	598	have	9.618427276611328	7.519786834716797	3.3005075454711914	2.838583469390869
9	599	also	5.278552055358887	4.341522216796875	4.464702129364014	3.821518898010254
9	600	reported	7.646642684936523	5.514245986938477	5.51550817489624	4.521331787109375
9	601	problems	9.181517601013184	8.108983993530273	5.8362135887146	5.321269989013672
9	602	with	3.6292080879211426	0.7281720042228699	0.5308971405029297	0.43115052580833435
9	603	depression	10.802539825439453	9.38735294342041	9.0956449508667	10.010289192199707
9	604	or	4.165712356567383	3.0131616592407227	3.244474411010742	3.449068784713745
9	605	anxiety	11.2007417678833	4.305522918701172	2.3125481605529785	1.9932762384414673
9	606	disorders,	11.748024940490723	4.917777061462402	4.7193708419799805	4.471932411193848
9	607	as	3.964167833328247	4.125824451446533	3.662747383117676	3.519824981689453
9	608	well	5.933075904846191	0.616092324256897	0.49424341320991516	0.539179265499115
9	609	as	3.6251792907714844	0.09374293684959412	0.01434350199997425	0.012890910729765892
9	610	other	6.018263816833496	4.302330017089844	3.7214231491088867	3.262018918991089
9	611	difficulties	10.413782119750977	10.269621849060059	9.375144004821777	8.907654762268066
9	612	Tourette's	16.936071395874023	18.789060592651367	18.782249450683594	19.453487396240234
9	613	syndrome	1.2328307628631592	1.270131230354309	2.641108751296997	2.5470502376556396
9	614	may	6.2783379554748535	5.363999843597412	4.339475631713867	3.161250591278076
9	615	or	5.097081661224365	6.341853618621826	5.7422356605529785	5.561030387878418
9	616	may	7.031068801879883	0.743720531463623	0.016735494136810303	0.0023846556432545185
9	617	not	3.657404661178589	2.1990766525268555	0.018799060955643654	0.004530209582298994
9	618	directly	7.532732009887695	7.392416477203369	7.5833740234375	7.854109287261963
9	619	cause.	13.446877479553223	11.835476875305176	11.889567375183105	11.506668090820312
9	620	Tourette's	14.967584609985352	15.282917976379395	15.125749588012695	12.87237548828125
9	621	is	6.7606072425842285	1.7864835262298584	2.037039279937744	1.8328877687454224
9	622	a	3.012261152267456	1.647698163986206	1.1630184650421143	1.2379372119903564
9	623	diagnosis	10.47068977355957	10.30645751953125	8.441433906555176	5.117842197418213
9	624	doctors	9.656095504760742	12.178572654724121	10.095816612243652	9.584310531616211
9	625	make	6.336538791656494	7.123197555541992	5.444918155670166	3.980494976043701
9	626	after	7.146758079528809	8.565364837646484	7.7053985595703125	4.42871618270874
9	627	verifying	11.554668426513672	10.646674156188965	10.114876747131348	8.373615264892578
9	628	that	3.69783091545105	1.787662386894226	1.3904833793640137	1.653705358505249
9	629	the	2.915968894958496	1.8548998832702637	1.4311950206756592	1.418197512626648
9	630	patient	9.48618221282959	7.849976539611816	7.122207164764404	7.161554336547852
9	631	has	5.109643936157227	3.2691280841827393	2.633542537689209	1.936132788658142
9	632	had	4.965516090393066	3.4887866973876953	3.8624038696289062	3.930474042892456
9	633	both	6.448040962219238	7.076176643371582	6.719066143035889	7.126948356628418
9	634	motor	10.550447463989258	11.888004302978516	10.445394515991211	8.52920150756836
9	635	and	3.3625218868255615	2.2143301963806152	1.5150920152664185	0.8829594850540161
9	636	vocal	10.985209465026855	10.267419815063477	6.75467586517334	6.032458305358887
9	637	tics	11.286161422729492	8.528718948364258	7.818425178527832	8.180214881896973
9	638	for	3.4847989082336426	3.387913942337036	3.7192702293395996	4.148070812225342
9	639	at	5.516587257385254	6.994789123535156	6.964339256286621	6.598456859588623
9	640	least	6.67936897277832	0.05556255951523781	0.036249734461307526	0.02225341461598873
9	641	one	4.799841403961182	2.3285269737243652	2.049168586730957	2.463141918182373
9	642	year.	8.621260643005371	6.9088239669799805	6.193051338195801	3.9134161472320557
9	643	The	2.2194020748138428	2.3882241249084473	2.287243127822876	2.3066859245300293
9	644	existence	9.16358470916748	9.481242179870605	9.46691608428955	8.932122230529785
9	645	of	2.0856666564941406	0.07606267184019089	0.035405244678258896	0.036388248205184937
9	646	other	5.793906211853027	6.892045021057129	5.858293056488037	5.950900077819824
9	647	neurological	11.042583465576172	10.136551856994629	9.221576690673828	8.237773895263672
9	648	or	4.812932014465332	5.302798271179199	5.745365619659424	5.403318405151367
9	649	psychiatric	11.5032377243042	2.009376287460327	1.2952378988265991	1.039381980895996
9	650	conditions	8.36594009399414	3.9042410850524902	2.917229652404785	2.439396381378174
9	651	can	5.544578552246094	4.388602256774902	4.371462821960449	4.072059154510498
9	652	also	4.726025104522705	3.519428253173828	3.198657751083374	3.230367660522461
9	653	help	7.029900550842285	4.54937744140625	3.7094509601593018	4.482708930969238
9	654	doctors	9.874378204345703	7.788015365600586	8.213534355163574	6.604016304016113
9	655	establish	9.689380645751953	8.841238021850586	6.784788131713867	6.7119855880737305
9	656	the	2.1192314624786377	2.5916244983673096	2.593937635421753	2.2980644702911377
9	657	diagnosis	10.873617172241211	8.896791458129883	5.238804817199707	4.710500717163086
9	658	of	2.312490463256836	0.8774583339691162	0.6541067361831665	0.9199695587158203
9	659	Tourette's	16.104454040527344	9.06950855255127	9.057432174682617	9.080171585083008
9	660	is	6.7606072425842285	5.043099403381348	3.836294174194336	3.9450032711029053
9	661	the	2.828490972518921	2.5502469539642334	2.9367380142211914	3.441145420074463
9	662	correct	9.15220832824707	6.645577430725098	7.147213459014893	6.587523937225342
9	663	one.	7.262300491333008	6.3003082275390625	3.486882209777832	4.87912654876709
9	664	Knowledgeable	16.003929138183594	14.686812400817871	15.068860054016113	15.541007995605469
9	665	clinicians	15.112590789794922	9.42811393737793	9.414648056030273	9.036888122558594
9	666	consulted	11.142239570617676	9.411931991577148	10.27320671081543	10.31147575378418
9	667	by	4.144179344177246	1.7615578174591064	1.058505892753601	1.7971868515014648
9	668	patients	9.482599258422852	8.310197830200195	6.685612201690674	5.294813632965088
9	669	do	6.070629596710205	9.019720077514648	9.007160186767578	7.1791534423828125
9	670	not	3.8223466873168945	0.44013267755508423	0.26629525423049927	0.22277875244617462
9	671	often	7.082043647766113	7.037381172180176	6.502309799194336	6.115715026855469
9	672	misdiagnose	14.92242431640625	15.548674583435059	14.123790740966797	11.770944595336914
9	673	common	7.533637046813965	6.648904323577881	7.079317092895508	6.696640968322754
9	674	tics.	13.626882553100586	12.555985450744629	12.356925964355469	12.311891555786133
9	675	However,	5.064200401306152	4.493444442749023	4.444877624511719	4.19536018371582
9	676	atypical	14.95923137664795	14.832289695739746	14.032060623168945	12.888725280761719
9	677	symptoms	7.740133285522461	6.370059490203857	6.411325454711914	5.624419689178467
9	678	or	4.476374626159668	4.458695888519287	5.286555767059326	5.303339958190918
9	679	atypical	13.277263641357422	9.777250289916992	6.252426624298096	7.1074652671813965
9	680	presentation	9.5208158493042	8.391576766967773	7.830155372619629	6.589914798736572
9	681	such	7.101597785949707	7.089488983154297	6.533851623535156	5.608724117279053
9	682	as	3.593329429626465	0.18894462287425995	0.11862923949956894	0.06094660237431526
9	683	onset	12.214154243469238	13.087127685546875	13.13597583770752	11.093863487243652
9	684	of	2.0683693885803223	0.30931878089904785	0.5207540988922119	0.7711325287818909
9	685	symptoms	10.591233253479004	5.594405651092529	4.208212375640869	3.7367260456085205
9	686	in	3.132460594177246	3.144169807434082	2.591660261154175	2.954498767852783
9	687	adulthood	12.383797645568848	7.409531593322754	6.923650741577148	5.779087543487549
9	688	may	6.712793350219727	5.17341423034668	3.9085452556610107	3.887930154800415
9	689	require	6.9455885887146	5.301386833190918	4.841907024383545	5.482207775115967
9	690	specialty	11.323312759399414	9.810225486755371	9.740185737609863	10.039711952209473
9	691	expertise	10.333585739135742	6.987534523010254	4.779078960418701	5.083761215209961
9	692	for	3.6169586181640625	4.060068130493164	3.4805221557617188	3.594712018966675
9	693	diagnosis.	13.280182838439941	12.582823753356934	12.595409393310547	8.488271713256836
9	694	There	4.155267715454102	4.336304187774658	4.527022838592529	4.713267803192139
9	695	are	3.1252756118774414	1.2330833673477173	0.9903225898742676	0.8680889010429382
9	696	no	5.594313621520996	2.9891445636749268	2.2496144771575928	2.5583419799804688
9	697	blood	8.761523246765137	8.535587310791016	8.913198471069336	7.98541259765625
9	698	or	4.621798515319824	2.5099093914031982	2.7284317016601562	2.6707353591918945
9	699	laboratory	11.109505653381348	10.521041870117188	10.960375785827637	9.549880027770996
9	700	tests	8.874190330505371	2.8359310626983643	1.6002840995788574	1.7633554935455322
9	701	needed	8.285516738891602	7.905550956726074	6.903101921081543	5.606307506561279
9	702	for	3.5939950942993164	1.4359787702560425	1.6657485961914062	1.3490173816680908
9	703	diagnosis.	13.280182838439941	12.245750427246094	9.2227783203125	7.038257598876953
9	704	However,	4.333007335662842	3.91614031791687	3.792807102203369	4.134767532348633
9	705	neuroimaging	12.16784954071045	9.859837532043457	9.309026718139648	9.266059875488281
9	706	studies,	3.756472110748291	5.558077335357666	5.682825565338135	5.531817436218262
9	707	which	3.193786859512329	2.8082995414733887	1.60102379322052	1.6818345785140991
9	708	include	7.797143459320068	3.569437026977539	4.05751895904541	4.410722732543945
9	709	magnetic	11.419201850891113	9.782760620117188	8.25558090209961	5.162570953369141
9	710	resonance	10.036218643188477	2.4678328037261963	1.9165997505187988	0.03790980949997902
9	711	imaging,	13.21529769897461	3.8620665073394775	2.6793835163116455	1.509598970413208
9	712	computerized	9.503708839416504	9.85479736328125	9.824501037597656	9.938304901123047
9	713	tomography,	10.94367504119873	4.5388970375061035	3.6161603927612305	2.188225746154785
9	714	and	2.4994072914123535	2.4559004306793213	0.7859548926353455	0.8540995121002197
9	715	electroencephalograms,	21.60491180419922	13.968327522277832	14.460533142089844	13.577702522277832
9	716	as	4.289207458496094	3.857792854309082	3.590331554412842	3.785588026046753
9	717	well	5.933075904846191	1.133324146270752	0.6768394708633423	0.3178728222846985
9	718	as	3.6251792907714844	0.09374317526817322	0.010253900662064552	0.007830488495528698
9	719	certain	8.064428329467773	6.878614902496338	6.665525436401367	6.492998123168945
9	720	lab	10.498761177062988	10.95911979675293	9.751816749572754	9.954694747924805
9	721	tests	9.166451454162598	3.427262783050537	3.2641496658325195	3.867478609085083
9	722	may	6.231141567230225	5.854822635650635	5.348412990570068	3.813915729522705
9	723	be	3.265624523162842	1.193469524383545	1.3784767389297485	1.1387463808059692
9	724	used	6.108244895935059	3.8572487831115723	3.8954057693481445	3.15366792678833
9	725	to	2.499582052230835	1.3277137279510498	1.1674625873565674	0.6501832008361816
9	726	rule	8.25676155090332	7.480350494384766	7.512603759765625	7.602550506591797
9	727	out	5.870683670043945	1.3561428785324097	1.0050314664840698	0.6574468612670898
9	728	other	6.410445213317871	5.387897491455078	3.969914197921753	3.7885794639587402
9	729	conditions	8.828983306884766	7.755124092102051	7.443846702575684	7.087780952453613
9	730	that	3.633917808532715	2.5313303470611572	2.1938138008117676	1.951192855834961
9	731	Tourette's	16.157333374023438	18.021514892578125	17.865966796875	18.572734832763672
9	732	might	12.12594223022461	7.102579116821289	5.855280876159668	5.405354022979736
9	733	be	3.328758955001831	1.4104024171829224	1.0990992784500122	2.275721549987793
9	734	confused	9.418204307556152	7.528069019317627	7.974846363067627	6.056952953338623
9	735	with.	8.597416877746582	8.489363670349121	8.355833053588867	8.7325439453125
9	736	In	3.8778538703918457	3.942584753036499	3.7150425910949707	3.622067928314209
9	737	terms	7.681087970733643	5.321627616882324	5.747202396392822	5.434450149536133
9	738	of	2.2187438011169434	0.004553207196295261	0.0032353042624890804	0.0029164657462388277
9	739	the	2.347175359725952	2.0144472122192383	2.6297428607940674	2.626640796661377
9	740	role	7.875938892364502	8.133721351623535	7.751619338989258	6.055088996887207
9	741	of	2.333397388458252	0.26177144050598145	0.3873782455921173	0.8324648141860962
9	742	genes	10.329550743103027	8.6558837890625	8.305160522460938	6.8723530769348145
9	743	in	3.1532106399536133	3.278491973876953	2.1713528633117676	0.7637301683425903
9	744	the	2.2516236305236816	1.2908594608306885	1.3226850032806396	1.5587539672851562
9	745	disorder,	12.081931114196777	13.157106399536133	12.238122940063477	10.411063194274902
9	746	evidence	8.767537117004395	9.04049015045166	9.099285125732422	8.783946990966797
9	747	from	4.444427490234375	3.9267516136169434	3.5769314765930176	3.5781331062316895
9	748	twin	10.780077934265137	11.796737670898438	7.973729133605957	8.564360618591309
9	749	and	3.3327105045318604	4.994819641113281	4.027917861938477	3.056506633758545
9	750	family	7.909531593322754	9.512128829956055	7.177825927734375	4.020986557006836
9	751	studies	9.215930938720703	8.640095710754395	8.76274299621582	6.603891849517822
9	752	suggests	8.901263236999512	9.015625	8.642334938049316	6.446366310119629
9	753	that	2.8840839862823486	0.34810736775398254	0.40869829058647156	0.37570276856422424
9	754	Tourette's	16.157333374023438	14.76513671875	12.306352615356445	11.98654556274414
9	755	is	6.7606072425842285	2.209245443344116	2.1388099193573	2.34818434715271
9	756	an	4.869663715362549	3.2925028800964355	3.29122257232666	3.1060080528259277
9	757	inherited	10.62435531616211	9.625046730041504	9.20668888092041	6.055393695831299
9	758	disorder.	12.25430679321289	6.364777565002441	6.736761569976807	3.5784993171691895
9	759	Although	5.005456924438477	4.816540718078613	4.799630165100098	4.770048141479492
9	760	early	7.572831153869629	6.783849716186523	6.5943603515625	6.611398696899414
9	761	family	7.88375186920166	9.041828155517578	7.650313377380371	6.645438194274902
9	762	studies	9.215930938720703	8.652616500854492	4.2291975021362305	2.990846633911133
9	763	suggested	8.598196029663086	9.981012344360352	8.089701652526855	3.0886857509613037
9	764	an	5.026891708374023	4.851341724395752	4.906625747680664	4.8416900634765625
9	765	autosomal	11.864775657653809	10.816655158996582	9.59732723236084	9.280095100402832
9	766	dominant	4.177401542663574	0.45687398314476013	1.532150387763977	0.670936644077301
9	767	mode	9.106206893920898	5.8404974937438965	5.6886210441589355	4.771608352661133
9	768	of	2.6895432472229004	1.0572510957717896	1.8096857070922852	1.0708781480789185
9	769	inheritance	11.39553451538086	8.14655876159668	7.90693473815918	5.160048484802246
9	770	characterized	11.137174606323242	12.232513427734375	10.438411712646484	9.637187004089355
9	771	the	2.7113683223724365	2.4059362411499023	3.1664161682128906	4.745475769042969
9	772	condition,	12.245935440063477	9.399757385253906	9.322279930114746	9.722941398620605
9	773	more	7.182546138763428	7.6154022216796875	7.0408759117126465	7.2039713859558105
9	774	recent	7.463714599609375	7.0090742111206055	7.236752986907959	6.535292625427246
9	775	studies	8.34561824798584	4.227724552154541	2.677198648452759	2.906157970428467
9	776	discovered	9.398634910583496	8.689037322998047	8.701936721801758	8.976369857788086
9	777	the	2.491511106491089	3.0637874603271484	3.1266567707061768	3.1263821125030518
9	778	pattern	8.976372718811035	6.605257034301758	6.639500617980957	6.485672950744629
9	779	of	2.4929678440093994	1.2608517408370972	0.8253024816513062	0.5670080780982971
9	780	inheritance	11.39553451538086	8.170299530029297	8.0964937210083	8.475850105285645
9	781	was	4.604677200317383	5.3943305015563965	4.31711483001709	4.487161636352539
9	782	much	6.102320671081543	5.955469131469727	5.98745059967041	5.705413341522217
9	783	more	4.4900126457214355	1.1856666803359985	1.0089638233184814	1.028308629989624
9	784	complex.	10.504964828491211	6.818279266357422	6.290339469909668	5.256897926330566
9	785	Although	5.911466598510742	6.067984580993652	6.203438758850098	6.033425807952881
9	786	there	5.231513500213623	3.183436870574951	3.160922050476074	3.1175239086151123
9	787	may	5.624913692474365	4.2292327880859375	3.3239212036132812	3.31853985786438
9	788	be	3.265624523162842	0.2598186135292053	0.22667209804058075	0.2318611592054367
9	789	a	3.0803616046905518	2.81238055229187	1.6080280542373657	2.079813241958618
9	790	few	6.295514106750488	5.8717193603515625	5.445991516113281	3.3411407470703125
9	791	genes	9.956085205078125	10.186317443847656	9.60424518585205	9.103111267089844
9	792	that	3.679079532623291	1.7785460948944092	1.3837783336639404	1.2699838876724243
9	793	have	5.198828220367432	3.058946132659912	3.339604377746582	3.3383724689483643
9	794	substantial	10.09475326538086	8.333118438720703	8.87768268585205	8.008462905883789
9	795	effects,	10.768031120300293	8.398587226867676	7.726490497589111	7.812065124511719
9	796	it's	5.671267032623291	5.866798400878906	5.338708400726318	5.963808059692383
9	797	also	4.6845197677612305	3.7619056701660156	4.070711135864258	4.259269714355469
9	798	possible	7.404170036315918	3.1042022705078125	2.592646598815918	2.49908185005188
9	799	that	3.9951114654541016	1.5026623010635376	1.1748631000518799	0.8394622206687927
9	800	many	6.462761878967285	5.62862491607666	5.361359596252441	5.376218318939209
9	801	genes	10.129748344421387	9.20742130279541	8.195022583007812	7.267373561859131
9	802	with	4.168144702911377	4.517951011657715	5.747846603393555	5.145094871520996
9	803	smaller	8.970995903015137	7.094297409057617	7.678117275238037	7.553718566894531
9	804	effects	8.9254150390625	8.048507690429688	6.4827728271484375	3.5521187782287598
9	805	and	3.057347059249878	3.474240779876709	3.0617306232452393	3.5416855812072754
9	806	environmental	9.797028541564941	6.218606948852539	7.815883159637451	9.431741714477539
9	807	factors	8.542323112487793	4.867955684661865	2.27382230758667	3.032338857650757
9	808	may	6.118014812469482	4.289731502532959	3.8650670051574707	3.546741485595703
9	809	play	6.794987678527832	5.206200122833252	3.046232223510742	2.6213927268981934
9	810	a	3.4615259170532227	1.1306805610656738	0.1922556310892105	0.19261065125465393
9	811	role	7.976199150085449	2.8393893241882324	1.7227427959442139	0.7589676976203918
9	812	in	2.8827972412109375	0.6360311508178711	0.5273624658584595	0.15188254415988922
9	813	the	2.2516236305236816	1.2938462495803833	1.2912596464157104	1.3557484149932861
9	814	development	7.845642566680908	7.774729251861572	4.336316108703613	3.7585363388061523
9	815	of	2.5293221473693848	0.2518358826637268	0.3649526834487915	0.13582459092140198
9	816	Tourette's.	18.80494499206543	18.885255813598633	17.800233840942383	16.512981414794922
9	817	Genetic	11.122856140136719	9.49418830871582	9.524947166442871	8.951822280883789
9	818	studies	8.340278625488281	2.704770565032959	2.5194220542907715	2.131709098815918
9	819	also	5.40753698348999	4.9105048179626465	4.4065117835998535	4.1890764236450195
9	820	suggest	8.503643035888672	2.6545705795288086	2.115394115447998	1.5251660346984863
9	821	that	2.9636611938476562	0.7460972666740417	0.31302857398986816	0.2734426259994507
9	822	some	6.229450702667236	4.60303258895874	4.618025302886963	4.5052490234375
9	823	forms	8.884078025817871	7.175595283508301	5.837713718414307	5.612669944763184
9	824	of	2.294980764389038	0.14685866236686707	0.04026683047413826	0.024626517668366432
9	825	Attention	13.362794876098633	13.474681854248047	12.171488761901855	13.124767303466797
9	826	Deficit	10.469429016113281	5.663971424102783	3.7705180644989014	0.630185604095459
9	827	Hyperactivity	10.99977970123291	0.34769394993782043	0.05402739346027374	0.07833840698003769
9	828	Disorder	3.7490720748901367	0.396878182888031	0.2505020201206207	0.24553753435611725
9	829	and	2.9460787773132324	2.479052782058716	3.5481693744659424	4.428797721862793
9	830	Obsessive	15.110112190246582	8.403788566589355	7.065422058105469	7.051609039306641
9	831	Compulsive	1.103926420211792	0.07422176748514175	0.051698990166187286	0.07437121123075485
9	832	Disorder	5.346429824829102	0.6640276312828064	0.5580178499221802	0.5409504175186157
9	833	are	5.277657985687256	6.512968063354492	7.097049713134766	4.284817695617676
9	834	genetically	10.821489334106445	10.636259078979492	8.53657341003418	8.709835052490234
9	835	related	7.958941459655762	3.974172592163086	3.666438579559326	4.080275058746338
9	836	to	2.1764440536499023	1.6984848976135254	0.5133523344993591	0.41814738512039185
9	837	Tourette's,	19.11589813232422	15.560968399047852	13.41798210144043	14.102884292602539
9	838	but	3.3062851428985596	2.468973159790039	2.737546920776367	2.5329034328460693
9	839	there	5.520829677581787	4.24211311340332	3.8938887119293213	3.468266248703003
9	840	is	2.8832411766052246	1.2942564487457275	1.476780652999878	1.2566365003585815
9	841	less	6.667092323303223	5.699137210845947	5.954713821411133	5.709650039672852
9	842	evidence	8.412561416625977	8.000133514404297	4.752121925354004	4.222404479980469
9	843	for	3.7764692306518555	2.4583544731140137	2.3886940479278564	2.391273260116577
9	844	a	3.074422836303711	3.064967155456543	2.8610763549804688	2.6200389862060547
9	845	genetic	9.511490821838379	9.930865287780762	6.899486541748047	5.87259578704834
9	846	relationship	8.23574161529541	6.875638961791992	7.4759063720703125	5.227997779846191
9	847	between	5.834077835083008	1.4535592794418335	1.1793866157531738	1.3313151597976685
9	848	Tourette's	15.663318634033203	14.218671798706055	12.278934478759766	10.14739990234375
9	849	and	5.333105087280273	2.1667447090148926	0.78267502784729	1.1013836860656738
9	850	other	5.784453868865967	3.773381233215332	2.3667359352111816	3.4145758152008057
9	851	neurobehavioral	14.01202392578125	13.352038383483887	9.356768608093262	7.846203327178955
9	852	problems	4.457513809204102	4.592836380004883	4.6482391357421875	4.641224384307861
9	853	that	3.6501083374023438	2.67573618888855	2.020479202270508	1.9473820924758911
9	854	Tourette's	16.157333374023438	17.879074096679688	15.059093475341797	14.308362007141113
9	855	commonly	13.317072868347168	9.336402893066406	8.302998542785645	8.563304901123047
9	856	co-occurs	16.603239059448242	15.212690353393555	9.52916431427002	10.171904563903809
9	857	with.	7.9939985275268555	8.22481918334961	8.045845985412598	6.980315685272217
9	858	An	6.094796180725098	5.6957292556762695	5.353876113891602	5.6657328605651855
9	859	important	7.18550968170166	4.128664016723633	4.003852844238281	3.8843917846679688
9	860	role	7.7489519119262695	4.686779499053955	5.157013893127441	4.6107177734375
9	861	in	2.8827972412109375	1.5861155986785889	2.428664207458496	2.7818784713745117
9	862	Tourette's	16.474754333496094	15.967700958251953	15.650205612182617	13.599006652832031
9	863	gene	12.632425308227539	10.97334098815918	10.509039878845215	10.257377624511719
9	864	expression	9.104988098144531	6.434743404388428	5.152015686035156	5.8184051513671875
9	865	is	3.5514235496520996	3.654218912124634	2.601395606994629	3.308495283126831
9	866	played	8.865450859069824	7.552794456481934	9.47065544128418	10.13829231262207
9	867	by	4.241477012634277	1.9498189687728882	1.8183400630950928	0.7625709772109985
9	868	the	2.3163957595825195	2.0377633571624756	2.4570705890655518	1.3898546695709229
9	869	sex	8.463759422302246	9.76211929321289	10.84105396270752	10.937824249267578
9	870	of	3.267946243286133	2.2988028526306152	2.3363051414489746	3.751338005065918
9	871	the	2.347175359725952	2.377857208251953	1.1632835865020752	0.5806853771209717
9	872	person.	10.713964462280273	10.481043815612793	5.8160481452941895	6.09370231628418
9	873	In	3.5733070373535156	3.398559331893921	3.1725282669067383	3.117380142211914
9	874	particular,	7.628533363342285	5.187874794006348	5.019230365753174	4.948280334472656
9	875	males	10.997771263122559	9.54387092590332	8.300915718078613	8.976926803588867
9	876	affected	9.846774101257324	8.877973556518555	7.727278709411621	7.927550315856934
9	877	by	3.8791825771331787	0.47471657395362854	0.5186001658439636	0.4131566286087036
9	878	the	2.3163957595825195	1.8301935195922852	1.5276126861572266	1.8053722381591797
9	879	gene	9.864324569702148	10.70189094543457	9.668743133544922	6.719152450561523
9	880	are	5.311095237731934	6.126308917999268	6.920575141906738	5.824872970581055
9	881	more	5.164847373962402	4.56520938873291	4.961604118347168	4.770556449890137
9	882	likely	7.040563106536865	1.6064529418945312	1.7127611637115479	1.3807661533355713
9	883	to	2.4142370223999023	0.5870538353919983	0.13127341866493225	0.07497234642505646
9	884	have	4.388607978820801	3.0776689052581787	2.9647750854492188	2.7142281532287598
9	885	tics	15.581145286560059	14.49567985534668	15.04381275177002	12.315425872802734
9	886	and	2.3676722049713135	2.0816447734832764	2.1348044872283936	2.179448127746582
9	887	females	10.961294174194336	11.464296340942383	12.918365478515625	12.013130187988281
9	888	who	4.731679916381836	3.3444266319274902	3.9411888122558594	3.493049144744873
9	889	have	4.050784111022949	2.2855310440063477	2.2301578521728516	2.348500967025757
9	890	a	2.9780991077423096	3.339998722076416	3.2080016136169434	2.9898009300231934
9	891	genetic	9.511490821838379	8.495017051696777	6.954116344451904	3.9164016246795654
9	892	predisposition	11.502199172973633	3.246558904647827	1.8751871585845947	1.3010835647583008
9	893	are	6.642926216125488	5.697199821472168	7.560610771179199	9.339975357055664
9	894	more	5.164847373962402	4.362922191619873	4.167468547821045	4.2215776443481445
9	895	likely	7.040563583374023	1.6064528226852417	1.307287573814392	1.0878888368606567
9	896	to	2.4142370223999023	0.5870538353919983	0.13127341866493225	0.10572944581508636
9	897	have	4.388607978820801	3.0776689052581787	2.9647750854492188	2.714228391647339
9	898	obsessive-compulsive	14.357515335083008	14.48544979095459	14.310380935668945	12.405106544494629
9	899	symptoms.	6.9792160987854	5.4727935791015625	4.887140274047852	4.541443347930908
9	900	Much	7.853533744812012	7.830968379974365	7.955904483795166	7.959214210510254
9	901	current	8.348353385925293	11.028196334838867	10.975613594055176	10.88643741607666
9	902	research	7.621351718902588	3.900691509246826	0.8669052124023438	0.5129949450492859
9	903	is	3.7754993438720703	3.1189332008361816	3.1466803550720215	2.2588911056518555
9	904	aimed	9.480396270751953	6.209765911102295	5.258586883544922	6.076575756072998
9	905	at	4.1190032958984375	0.08548186719417572	0.05581150949001312	0.06573056429624557
9	906	better	8.146207809448242	7.2631635665893555	6.830323696136475	5.516327381134033
9	907	understanding	8.513813972473145	2.4423274993896484	1.7082260847091675	0.7587684392929077
9	908	the	2.781332492828369	2.9721059799194336	1.2223892211914062	1.170088291168213
9	909	genetic	9.62884521484375	8.0374174118042	7.058526039123535	6.561765670776367
9	910	basis	8.955987930297852	2.8988089561462402	2.403026819229126	2.0605878829956055
9	911	and	3.2791969776153564	3.0693118572235107	4.433352470397949	3.932304620742798
9	912	symptomology	17.771577835083008	16.63088035583496	14.037482261657715	12.911730766296387
9	913	of	2.5215933322906494	1.9018080234527588	1.4349820613861084	1.867475152015686
9	914	Tourette's,	18.391796112060547	11.916377067565918	11.546852111816406	11.37433910369873
9	915	as	4.602755069732666	4.134056091308594	4.12460994720459	3.8813772201538086
9	916	well	5.933075904846191	1.5743272304534912	0.964072585105896	0.8425784707069397
9	917	as	3.6251792907714844	0.09374329447746277	0.024324484169483185	0.017664477229118347
9	918	its	6.062370300292969	4.646908283233643	4.995377063751221	5.488432884216309
9	919	relationship	7.925475597381592	6.844414710998535	6.156445503234863	6.1653289794921875
9	920	to	2.689112901687622	2.5006847381591797	1.946832537651062	1.247679591178894
9	921	related	9.167173385620117	10.810980796813965	11.231162071228027	10.192821502685547
9	922	disorders.	12.260198593139648	9.61227798461914	9.416300773620605	11.634468078613281
9	923	The	2.4919841289520264	2.493739128112793	2.4262642860412598	2.4688477516174316
9	924	hope	8.493868827819824	7.839581489562988	8.02960205078125	7.967981815338135
9	925	is	4.277998924255371	0.4669259488582611	0.27014562487602234	0.2381173074245453
9	926	that	4.159785270690918	1.5352815389633179	0.36481189727783203	0.2511709928512573
9	927	this	5.118227958679199	3.820347547531128	3.070557117462158	2.6986777782440186
9	928	research	8.226032257080078	7.073252201080322	6.8754801750183105	6.658203601837158
9	929	leads	8.980596542358398	7.786581039428711	7.425474643707275	7.087143898010254
9	930	to	2.3902223110198975	0.2810248136520386	0.361161470413208	0.2815793752670288
9	931	better	7.595681190490723	5.686036586761475	4.612553596496582	4.313621520996094
9	932	diagnostic	12.208230018615723	12.303232192993164	8.237967491149902	5.55317497253418
9	933	tools	9.17025089263916	2.9579195976257324	3.2614402770996094	3.9036736488342285
9	934	and	2.736884355545044	1.7313053607940674	1.9441660642623901	1.0799329280853271
9	935	better	8.065226554870605	6.8890228271484375	6.715938568115234	4.718313217163086
9	936	treatments	10.962383270263672	7.9478631019592285	8.188419342041016	6.214958190917969
9	937	for	3.538463592529297	0.9473714232444763	0.9699746966362	0.8218574523925781
9	938	Tourette's.	18.885251998901367	12.397123336791992	11.496672630310059	11.895023345947266
