text_id	word_id	word	context_limited_surprisal_context_1	context_limited_surprisal_context_2	context_limited_surprisal_context_3	context_limited_surprisal_context_4
0	0	If	4.66340446472168	4.663404941558838	4.66340446472168	4.663404941558838
0	1	you	1.052882194519043	1.052882194519043	1.052882194519043	1.052882194519043
0	2	were	4.636526107788086	4.138256549835205	4.138256549835205	4.138256549835205
0	3	to	4.7303619384765625	3.3969810009002686	1.1248669624328613	1.1248669624328613
0	4	journey	11.592788696289062	10.864778518676758	9.886651039123535	10.241758346557617
0	5	to	1.271031379699707	1.097652554512024	1.083113670349121	1.0820684432983398
0	6	the	2.329280376434326	1.4766064882278442	0.9735704660415649	0.9653733968734741
0	7	North	7.318881034851074	7.025744438171387	4.9362053871154785	4.614140510559082
0	8	of	4.993276596069336	4.196924209594727	3.6988000869750977	3.934345245361328
0	9	England,	9.473123550415039	5.9237961769104	3.5795669555664062	4.870606422424316
0	10	you	5.719686031341553	5.978427886962891	5.3675031661987305	5.576218605041504
0	11	would	4.370928764343262	3.5412073135375977	3.3524112701416016	3.767791986465454
0	12	come	4.869024276733398	6.029533863067627	6.197359561920166	6.067743301391602
0	13	to	1.7025213241577148	1.6676137447357178	1.2659590244293213	1.4957331418991089
0	14	a	3.8145251274108887	2.561657190322876	2.572026252746582	2.8722586631774902
0	15	valley	11.023856163024902	11.052359580993652	10.09526538848877	10.443564414978027
0	16	that	3.9398670196533203	3.463404893875122	3.2837271690368652	3.073641300201416
0	17	is	3.4821274280548096	2.3960559368133545	2.260575532913208	2.249434232711792
0	18	surrounded	8.726163864135742	9.256890296936035	4.666380882263184	4.460517406463623
0	19	by	0.30880025029182434	0.07625846564769745	0.07640372961759567	0.07617072761058807
0	20	moors	17.68233299255371	12.51570987701416	12.07612133026123	12.176946640014648
0	21	as	4.620530128479004	4.572826862335205	4.799605369567871	4.9682135581970215
0	22	high	6.4083051681518555	7.015571117401123	6.4674391746521	6.804701805114746
0	23	as	4.336051940917969	0.1972838044166565	0.2503729462623596	0.1477549821138382
0	24	mountains.	14.261943817138672	13.71058177947998	13.650635719299316	10.152501106262207
0	25	It	3.3522276878356934	3.3389759063720703	3.1999351978302	3.203214168548584
0	26	is	1.6737160682678223	1.264723777770996	1.2507331371307373	1.1210119724273682
0	27	in	4.457813739776611	4.723016262054443	4.353618621826172	4.280328750610352
0	28	this	4.036834239959717	4.45965576171875	1.8900730609893799	1.6689294576644897
0	29	valley	11.422462463378906	9.669357299804688	9.082137107849121	8.942533493041992
0	30	where	4.556403160095215	4.175102233886719	4.230023384094238	3.23939847946167
0	31	you	2.6155099868774414	3.727177143096924	3.079599618911743	3.1773829460144043
0	32	would	4.370928764343262	4.126954555511475	3.9827232360839844	4.424837112426758
0	33	find	5.388388633728027	4.442275047302246	3.8616089820861816	2.4858927726745605
0	34	the	2.5872905254364014	2.525096893310547	3.1152193546295166	1.8347599506378174
0	35	city	6.266730785369873	7.904029846191406	6.833019256591797	7.205479621887207
0	36	of	2.0027897357940674	1.4141392707824707	1.9331090450286865	2.3104536533355713
0	37	Bradford,	13.259459495544434	8.50210189819336	9.024760246276855	10.360336303710938
0	38	where	6.1772637367248535	4.203935146331787	3.251774549484253	3.2381346225738525
0	39	once	8.54186725616455	8.379572868347168	8.291406631469727	8.377866744995117
0	40	a	3.021115303039551	3.0557174682617188	2.3538217544555664	2.254028797149658
0	41	thousand	7.735978126525879	8.711053848266602	7.025275230407715	5.7034525871276855
0	42	spinning	13.120362281799316	11.496915817260742	12.558859825134277	12.085958480834961
0	43	jennies	13.978626251220703	8.947944641113281	8.293642044067383	8.254219055175781
0	44	that	3.485419511795044	3.334660053253174	3.220508098602295	3.828117847442627
0	45	hummed	13.950212478637695	12.670211791992188	11.51953125	10.215682029724121
0	46	and	2.8099591732025146	2.4811480045318604	1.9207743406295776	1.9274349212646484
0	47	clattered	15.65906810760498	8.063409805297852	5.845649242401123	5.951464653015137
0	48	spun	13.96238899230957	14.046951293945312	14.108922958374023	13.78862190246582
0	49	wool	10.401644706726074	8.801660537719727	7.861233711242676	7.894669532775879
0	50	into	5.893946647644043	3.2042551040649414	2.799898862838745	2.529451847076416
0	51	money	8.370645523071289	9.422725677490234	9.065773963928223	10.969253540039062
0	52	for	2.704084873199463	2.6756434440612793	2.885319471359253	2.7401657104492188
0	53	the	1.8875508308410645	1.73458731174469	1.4540419578552246	1.2890832424163818
0	54	long-bearded	17.322778701782227	17.84665870666504	18.967010498046875	19.407331466674805
0	55	mill	13.022018432617188	13.597312927246094	13.480978012084961	13.090941429138184
0	56	owners.	12.02857780456543	7.973379611968994	7.556909561157227	7.094629287719727
0	57	That	4.972951412200928	4.7567057609558105	5.356179237365723	5.293682098388672
0	58	all	5.895604133605957	6.502301216125488	6.570662975311279	6.146303176879883
0	59	mill	13.983506202697754	15.161961555480957	14.634523391723633	12.109857559204102
0	60	owners	9.632579803466797	6.170936107635498	5.10040283203125	2.9212703704833984
0	61	were	3.4516303539276123	3.4433748722076416	3.201136827468872	2.947071075439453
0	62	generally	7.072948455810547	6.905027389526367	7.157623767852783	7.441028594970703
0	63	busy	9.376731872558594	8.519516944885254	7.675652503967285	7.591634273529053
0	64	as	4.3049421310424805	4.21281099319458	4.725564002990723	4.721283912658691
0	65	beavers	15.55067253112793	14.577207565307617	16.435636520385742	13.736536026000977
0	66	and	2.220888137817383	2.034311294555664	1.668592929840088	1.8719340562820435
0	67	quite	8.764627456665039	9.585282325744629	9.624136924743652	7.767053604125977
0	68	pleased	6.815680503845215	7.320704460144043	6.939512252807617	6.877211570739746
0	69	with	1.9752777814865112	0.7222933769226074	0.6154612302780151	0.6792792677879333
0	70	themselves	9.135860443115234	7.038815021514893	4.909235954284668	5.1741766929626465
0	71	for	3.7478814125061035	3.7029895782470703	1.2205979824066162	1.4623255729675293
0	72	being	6.000792503356934	4.661447525024414	3.544076919555664	2.6123571395874023
0	73	so	5.987558841705322	3.440586566925049	3.0986008644104004	2.4020512104034424
0	74	successful	8.375771522521973	5.598312854766846	6.3759989738464355	7.321648597717285
0	75	and	3.00905704498291	3.2102975845336914	2.692603588104248	2.1114749908447266
0	76	well	8.469481468200684	6.214183807373047	5.245203018188477	5.7016191482543945
0	77	off	7.111959457397461	5.778580665588379	7.616511344909668	6.542476654052734
0	78	was	7.024885654449463	6.120246410369873	6.263530731201172	6.412927627563477
0	79	known	6.418585777282715	7.7879838943481445	7.628621578216553	7.195001125335693
0	80	to	2.292736530303955	1.3654192686080933	1.1439059972763062	0.990123450756073
0	81	the	2.329280376434326	2.4974300861358643	2.3719840049743652	1.7887662649154663
0	82	residents	9.368112564086914	8.80473518371582	6.833192348480225	6.312409400939941
0	83	of	2.0697453022003174	0.7041522264480591	0.37605464458465576	0.2907392382621765
0	84	Bradford,	13.259459495544434	9.777626037597656	10.21077823638916	9.861836433410645
0	85	and	3.106830596923828	3.1760611534118652	3.4851315021514893	3.273267984390259
0	86	if	6.2454423904418945	6.335634231567383	5.6618757247924805	6.069667816162109
0	87	you	1.4296883344650269	1.5409948825836182	2.054006814956665	2.052454710006714
0	88	were	4.636526107788086	3.884871482849121	4.075820446014404	3.530330181121826
0	89	to	4.7303619384765625	3.3969810009002686	1.2961009740829468	1.4005872011184692
0	90	go	4.95212459564209	4.173138618469238	3.383147716522217	3.411625862121582
0	91	into	3.2137696743011475	3.2508344650268555	2.7253806591033936	2.8434557914733887
0	92	the	1.2543747425079346	1.339215636253357	1.3303555250167847	1.342961311340332
0	93	city	6.266730785369873	5.567821025848389	5.647951126098633	5.175651550292969
0	94	to	3.2828052043914795	3.1975066661834717	2.7893383502960205	2.2361433506011963
0	95	visit	7.334160327911377	6.7502946853637695	7.061748504638672	4.787569999694824
0	96	the	1.7768360376358032	1.4254120588302612	1.6905410289764404	1.6107685565948486
0	97	stately	12.470874786376953	12.189231872558594	11.425187110900879	10.617636680603027
0	98	City	8.78795337677002	7.9889421463012695	8.0709810256958	8.267489433288574
0	99	Hall,	6.5495758056640625	1.8368113040924072	2.120633363723755	2.3585684299468994
0	100	you	6.1942830085754395	6.1235833168029785	5.81321382522583	5.652008533477783
0	101	would	4.370928764343262	3.8794589042663574	3.472165107727051	3.1019279956817627
0	102	see	5.135162830352783	4.50308084487915	3.4742941856384277	2.7767233848571777
0	103	there	5.963555812835693	6.763856887817383	6.197442054748535	6.30343770980835
0	104	the	5.704799175262451	4.871076583862305	5.063998222351074	5.466239929199219
0	105	Crest	13.031431198120117	13.413832664489746	13.334687232971191	13.818854331970215
0	106	of	1.9962880611419678	1.5993634462356567	1.300459861755371	0.6695852279663086
0	107	the	1.4618616104125977	1.8163154125213623	1.797919750213623	1.7823395729064941
0	108	City	7.9126129150390625	7.294822692871094	8.329804420471191	6.8505377769470215
0	109	of	2.084000587463379	0.6587068438529968	0.5433998107910156	0.6480639576911926
0	110	Bradford,	13.259459495544434	9.675558090209961	9.93262767791748	10.255678176879883
0	111	which	5.592565059661865	4.196082592010498	3.382650375366211	3.4842100143432617
0	112	those	7.590812683105469	9.336305618286133	9.447694778442383	10.162114143371582
0	113	same	7.151917457580566	5.481046676635742	4.623289108276367	5.009824752807617
0	114	mill	12.934667587280273	12.631887435913086	13.02601432800293	10.734634399414062
0	115	owners	9.632579803466797	7.799935340881348	2.991614818572998	2.1466991901397705
0	116	created	8.64256763458252	8.470121383666992	8.351290702819824	7.863558292388916
0	117	to	3.6814334392547607	4.209046363830566	3.961036205291748	4.5361528396606445
0	118	celebrate	7.565845489501953	6.704280853271484	7.490927696228027	8.528580665588379
0	119	their	3.3954596519470215	3.1140291690826416	3.88472580909729	2.6914420127868652
0	120	achievements.	10.194474220275879	5.786866188049316	5.980093955993652	5.247325897216797
0	121	It	3.6821792125701904	3.53511381149292	3.638535261154175	3.631989002227783
0	122	shows	6.499955654144287	5.8770432472229	5.685868263244629	5.504458427429199
0	123	a	2.911029815673828	2.527059316635132	3.007172107696533	2.996717929840088
0	124	sinister	9.905702590942383	9.650565147399902	9.842529296875	10.682792663574219
0	125	looking	8.323094367980957	6.320786476135254	5.827237129211426	4.501249313354492
0	126	boar's	20.6844539642334	14.35243034362793	14.244553565979004	13.983640670776367
0	127	head	1.576937198638916	2.962237596511841	0.9272492527961731	0.7760468125343323
0	128	sitting	8.704550743103027	8.014877319335938	7.3432512283325195	5.069800853729248
0	129	on	1.6582527160644531	0.818420946598053	0.6623460650444031	0.6441418528556824
0	130	top	5.627462863922119	3.315109968185425	3.3919384479522705	2.409274101257324
0	131	of	1.1325135231018066	0.12193741649389267	0.05685623735189438	0.06442141532897949
0	132	a	3.287022113800049	3.0135815143585205	2.7221643924713135	1.7502233982086182
0	133	well	7.980237007141113	8.32779312133789	7.762093544006348	7.768345355987549
0	134	which	7.299213886260986	6.878508567810059	7.684230804443359	5.7630743980407715
0	135	seems	6.205216407775879	5.665776252746582	6.546719551086426	6.553330898284912
0	136	puzzling	10.193441390991211	9.27520751953125	8.79139232635498	12.102607727050781
0	137	at	4.96189022064209	3.4209887981414795	2.519955635070801	2.6590802669525146
0	138	first,	7.001847267150879	1.7080515623092651	1.1947612762451172	1.4019010066986084
0	139	but	2.994279384613037	1.2632441520690918	0.5936068296432495	0.6418308019638062
0	140	the	2.6123580932617188	2.5865871906280518	2.913508415222168	2.6043341159820557
0	141	reason	7.277207374572754	6.146684646606445	6.267024993896484	6.439000129699707
0	142	for	1.796864628791809	1.7879869937896729	1.9911233186721802	2.0589795112609863
0	143	this	4.413958549499512	2.1363024711608887	2.0104286670684814	1.3763222694396973
0	144	symbol	10.027375221252441	9.95948600769043	10.725110054016113	10.851981163024902
0	145	is	3.1916613578796387	2.067354679107666	2.5011322498321533	0.9653102159500122
0	146	a	2.279606580734253	2.5588486194610596	2.3730175495147705	2.6331496238708496
0	147	matter	6.9892897605896	5.879772186279297	7.50579309463501	7.8924880027771
0	148	of	1.4335018396377563	0.08780178427696228	0.17290163040161133	0.16331781446933746
0	149	legend.	13.443110466003418	11.17860221862793	11.746158599853516	10.910840034484863
0	150	There	4.7627034187316895	4.596921920776367	4.347566604614258	4.49930477142334
0	151	was	2.1092095375061035	1.9824739694595337	1.988036870956421	1.7094800472259521
0	152	once,	11.730881690979004	10.52558708190918	9.43317985534668	9.269731521606445
0	153	legend	13.017353057861328	11.676728248596191	11.160038948059082	9.767984390258789
0	154	has	4.221299171447754	0.4246368706226349	0.24270081520080566	0.2684614658355713
0	155	it,	9.292171478271484	4.222462177276611	0.7545526623725891	0.05353054031729698
0	156	a	4.693268775939941	4.249619960784912	3.348353862762451	2.9988040924072266
0	157	fearsome	10.366999626159668	10.119976997375488	10.055760383605957	9.179643630981445
0	158	boar,	13.287721633911133	10.888379096984863	10.688604354858398	10.877397537231445
0	159	which	3.105947732925415	3.1834607124328613	3.1721320152282715	3.174889087677002
0	160	lived	9.72155475616455	6.735752105712891	6.521332263946533	6.288094520568848
0	161	in	0.8705043792724609	0.8079080581665039	0.8090127110481262	0.7252814769744873
0	162	a	2.6917762756347656	1.8186371326446533	1.902543306350708	1.6732338666915894
0	163	wood	10.091354370117188	9.156074523925781	8.216931343078613	7.263531684875488
0	164	located	9.005791664123535	9.157822608947754	7.806821823120117	7.529285907745361
0	165	just	6.685000896453857	4.503881931304932	4.136250972747803	4.4807448387146
0	166	outside	7.63300085067749	1.6289799213409424	1.5677604675292969	1.6367204189300537
0	167	the	1.132375955581665	0.8146876096725464	1.0979727506637573	0.6932262182235718
0	168	manor	12.273929595947266	9.325058937072754	10.175643920898438	10.527674674987793
0	169	of	2.263932466506958	2.0647668838500977	2.831021547317505	2.5485424995422363
0	170	Bradford.	14.8192138671875	12.332801818847656	11.84461498260498	11.76080322265625
0	171	A	4.097995758056641	4.086854934692383	3.940965175628662	4.021331787109375
0	172	source	7.298588752746582	6.392697334289551	6.549607753753662	7.622713088989258
0	173	of	1.118208408355713	2.3737618923187256	4.612092971801758	4.423157691955566
0	174	great	8.082305908203125	5.907017707824707	4.616824626922607	3.3536529541015625
0	175	trouble	7.696784019470215	7.778322696685791	7.4018964767456055	6.900427341461182
0	176	to	2.992614507675171	1.8825130462646484	1.5514070987701416	1.734848141670227
0	177	the	2.329280376434326	4.2803168296813965	2.9743754863739014	2.5379316806793213
0	178	local	7.212650775909424	6.450797080993652	6.228911399841309	7.102263927459717
0	179	folk	9.744229316711426	8.65983772277832	8.916255950927734	8.664013862609863
0	180	the	6.794399261474609	6.071895599365234	6.647748947143555	6.445878028869629
0	181	boar	13.193711280822754	11.00199031829834	11.939695358276367	11.378376007080078
0	182	was,	9.920527458190918	8.250712394714355	6.531651020050049	7.012508869171143
0	183	bringing	10.039971351623535	10.273752212524414	10.257817268371582	8.889554977416992
0	184	terror	9.584576606750488	8.600481033325195	8.147418022155762	8.127168655395508
0	185	to	5.224653244018555	0.6888634562492371	0.5273431539535522	0.44576066732406616
0	186	the	2.329280376434326	1.924015760421753	1.2432734966278076	0.8198390603065491
0	187	peaceful	10.672346115112305	10.800881385803223	9.058880805969238	8.746313095092773
0	188	flocks	12.556604385375977	12.295863151550293	12.694195747375488	10.934306144714355
0	189	and	2.8226101398468018	2.9638593196868896	2.2747771739959717	2.3569986820220947
0	190	ravaging	13.393348693847656	10.895866394042969	10.553823471069336	11.211158752441406
0	191	the	1.104394793510437	1.5037895441055298	1.2098639011383057	2.2138166427612305
0	192	countryside	10.313563346862793	3.810426712036133	4.279242515563965	2.3968238830566406
0	193	around.	11.046777725219727	9.046648979187012	9.95551586151123	8.817237854003906
0	194	Even	5.5187225341796875	5.461832046508789	5.443099021911621	5.39608097076416
0	195	worse,	6.325272083282471	5.32362699508667	5.597035884857178	5.730035781860352
0	196	however,	5.073100566864014	6.014808177947998	6.150458812713623	5.7549285888671875
0	197	the	2.5011754035949707	2.411924362182617	2.8884055614471436	3.271468162536621
0	198	boar	13.193711280822754	13.013509750366211	13.499786376953125	13.635076522827148
0	199	most	9.30111026763916	9.050484657287598	8.591952323913574	8.425825119018555
0	200	liked	9.528095245361328	8.554924964904785	7.717685222625732	7.471971035003662
0	201	to	2.005819797515869	4.766715049743652	1.8591604232788086	2.333268642425537
0	202	go	4.95212459564209	3.931941509246826	4.796326160430908	4.515012741088867
0	203	to	1.7482281923294067	1.7630417346954346	1.3369359970092773	1.3981815576553345
0	204	the	2.329280376434326	1.3914978504180908	1.345716118812561	1.2602667808532715
0	205	well	9.481781005859375	9.004204750061035	8.39001178741455	8.411214828491211
0	206	that	4.347733974456787	3.6120524406433105	3.2763781547546387	4.371065139770508
0	207	was	4.186563014984131	5.433139801025391	2.6905624866485596	2.5977258682250977
0	208	in	4.065667629241943	4.233046531677246	4.490267753601074	4.113921165466309
0	209	the	1.3865309953689575	1.3653337955474854	1.3381808996200562	1.218322992324829
0	210	wood	9.69120979309082	9.606863975524902	9.596189498901367	9.466679573059082
0	211	and	2.079472780227661	2.5327155590057373	2.078268527984619	2.112766981124878
0	212	drink	9.23213005065918	8.589371681213379	7.555296897888184	7.829136371612549
0	213	its	6.232069969177246	6.353522300720215	5.393699645996094	3.985304832458496
0	214	fresh	9.518943786621094	7.009470462799072	6.427245140075684	6.120807647705078
0	215	water,	4.986684799194336	6.466660022735596	5.511725425720215	4.329272270202637
0	216	so	3.9694788455963135	3.892159938812256	4.381874084472656	4.277209281921387
0	217	that	2.8531723022460938	2.4607226848602295	2.3637802600860596	2.058250904083252
0	218	the	2.3350260257720947	1.8480939865112305	1.5922812223434448	1.473499059677124
0	219	people	6.659811019897461	5.767154216766357	5.621844291687012	5.790225028991699
0	220	of	3.935309886932373	1.751209020614624	1.4999432563781738	1.9331008195877075
0	221	Bradford	12.476617813110352	9.904340744018555	9.470378875732422	9.205660820007324
0	222	had	4.480728626251221	5.299465179443359	4.920853614807129	4.241087913513184
0	223	second	9.567805290222168	9.2108154296875	10.000259399414062	9.66191291809082
0	224	thoughts	10.995059967041016	0.6966505646705627	0.8171479105949402	0.8334918022155762
0	225	about	1.9783846139907837	1.8576973676681519	0.8876606225967407	0.9302189350128174
0	226	visiting	9.566433906555176	9.368348121643066	8.677216529846191	7.272486209869385
0	227	the	1.5860427618026733	1.350722074508667	1.433971881866455	1.535447120666504
0	228	well.	11.793069839477539	11.299192428588867	10.31409740447998	10.349526405334473
0	229	That	4.915266990661621	4.999606609344482	5.153512477874756	5.0080976486206055
0	230	the	4.114275932312012	4.867720603942871	4.895259857177734	4.871339321136475
0	231	people	6.659811019897461	5.361912250518799	5.448370933532715	5.138172626495361
0	232	of	3.935309886932373	1.7512091398239136	1.3287895917892456	1.4226726293563843
0	233	Bradford	12.476617813110352	9.904340744018555	9.470378875732422	9.540397644042969
0	234	bore	12.55845832824707	11.711631774902344	10.849222183227539	10.366694450378418
0	235	the	2.471735954284668	1.8760745525360107	1.4699430465698242	1.4213380813598633
0	236	brunt	10.801789283752441	2.5512821674346924	1.6555384397506714	2.731325149536133
0	237	of	0.06441295146942139	0.020695839077234268	0.008794765919446945	0.009869972243905067
0	238	the	1.4618616104125977	0.832971453666687	0.762654721736908	0.5432262420654297
0	239	beast's	12.648228645324707	12.68632698059082	13.214889526367188	11.537345886230469
0	240	ferocity	10.236473083496094	9.554384231567383	9.370230674743652	8.812994956970215
0	241	was	4.851048469543457	3.0445361137390137	2.7786827087402344	2.7926645278930664
0	242	unfair	10.280193328857422	11.384807586669922	11.412962913513184	11.453121185302734
0	243	in	4.108109474182129	4.153509140014648	3.3478927612304688	3.7610535621643066
0	244	the	1.3865309953689575	1.6536383628845215	1.6441831588745117	1.4067656993865967
0	245	eyes	8.447295188903809	6.453914642333984	2.3367362022399902	2.863072156906128
0	246	of	2.5874509811401367	0.6583989262580872	0.06446801871061325	0.0042998166754841805
0	247	the	1.4618616104125977	1.066495418548584	0.9738003015518188	0.8610156774520874
0	248	people	6.659811019897461	5.987421035766602	3.5490100383758545	3.985869884490967
0	249	of	3.935309886932373	1.751208782196045	2.198594093322754	1.5219125747680664
0	250	the	1.4618616104125977	1.49004065990448	1.4704945087432861	1.1661014556884766
0	251	region.	9.444013595581055	9.208663940429688	6.66070556640625	6.876520156860352
0	252	Eventually,	8.523979187011719	8.456854820251465	8.403328895568848	8.422978401184082
0	253	the	1.6729052066802979	1.43979012966156	1.429348349571228	1.3820102214813232
0	254	issue	7.277172088623047	6.576681137084961	7.329437255859375	7.094003677368164
0	255	reached	9.331846237182617	8.716344833374023	5.429438591003418	4.708046913146973
0	256	the	1.6483546495437622	1.2440489530563354	0.8740524649620056	0.546643853187561
0	257	ears	10.42963695526123	8.989108085632324	4.57007360458374	5.975020408630371
0	258	of	2.258584499359131	0.602875828742981	0.07891146093606949	0.0161249078810215
0	259	the	1.4618616104125977	1.2641799449920654	1.2655949592590332	1.2866711616516113
0	260	kindly	13.35356330871582	13.32638168334961	11.62964153289795	12.073225975036621
0	261	Lord	12.063146591186523	6.260903358459473	6.565988063812256	6.8484416007995605
0	262	of	1.6945775747299194	2.7048983573913574	1.7298669815063477	1.864209532737732
0	263	the	1.4618616104125977	0.5805742740631104	0.6803910732269287	0.9347347021102905
0	264	Manor	12.326379776000977	12.171792984008789	8.195510864257812	3.9417121410369873
0	265	who	6.157295227050781	6.902172088623047	6.923640251159668	5.44422721862793
0	266	the	5.914359092712402	5.905052661895752	6.257355213165283	6.518772602081299
0	267	people	6.659811019897461	4.941290855407715	5.733323097229004	5.3079118728637695
0	268	had	5.313695907592773	5.479881763458252	4.0183210372924805	3.623868942260742
0	269	often	8.02370834350586	8.568221092224121	7.533112049102783	8.25057315826416
0	270	asked	6.422668933868408	4.468587398529053	4.001265525817871	4.369760990142822
0	271	for	2.332655429840088	2.3898627758026123	2.4824254512786865	2.459949016571045
0	272	help.	9.553838729858398	4.957266807556152	5.134891510009766	5.637003421783447
0	273	The	2.7920801639556885	2.585813045501709	2.5533039569854736	2.8116512298583984
0	274	Lord	7.536504745483398	8.014543533325195	8.405762672424316	8.177061080932617
0	275	saw	8.056028366088867	6.208434104919434	5.96779727935791	5.465431213378906
0	276	the	2.031229257583618	1.9681682586669922	2.2984657287597656	2.453125238418579
0	277	severity	9.763596534729004	9.158202171325684	10.559342384338379	10.968300819396973
0	278	of	0.8167164325714111	0.1373768448829651	0.05083741620182991	0.04835724085569382
0	279	the	1.4618616104125977	1.001346468925476	0.6638115644454956	0.39911675453186035
0	280	problem	7.071164608001709	7.240967750549316	4.710748672485352	4.3827033042907715
0	281	the	5.54987907409668	5.643975257873535	5.732372283935547	5.955105304718018
0	282	people	6.659811496734619	5.791409015655518	5.8887410163879395	5.989557266235352
0	283	faced	9.029800415039062	10.93554973602295	10.027589797973633	7.667049884796143
0	284	and	4.389466285705566	5.292394161224365	5.028893947601318	3.133495330810547
0	285	suggested	8.891149520874023	9.349241256713867	9.271194458007812	9.786555290222168
0	286	a	3.8769121170043945	2.988285779953003	3.164125680923462	3.136221408843994
0	287	contest	9.3279447555542	9.09093952178955	9.016589164733887	9.162872314453125
0	288	could	6.431997776031494	7.015154838562012	5.389577865600586	5.09479284286499
0	289	solve	7.699164390563965	8.85830307006836	7.771346569061279	6.341447830200195
0	290	the	1.4358340501785278	1.1430678367614746	1.0975102186203003	1.1383419036865234
0	291	problem.	8.710359573364258	2.6105451583862305	2.504688262939453	4.192361831665039
0	292	He	4.295742034912109	4.155896186828613	4.251130104064941	3.5271522998809814
0	293	said	2.6563968658447266	2.6200404167175293	2.3724353313446045	2.759268283843994
0	294	that	2.095280647277832	1.9780774116516113	1.893949270248413	1.8566817045211792
0	295	whoever	10.070006370544434	8.538457870483398	8.045190811157227	8.116549491882324
0	296	could	4.69334602355957	5.877901077270508	5.433224678039551	5.268404006958008
0	297	kill	6.010863304138184	5.728272438049316	4.622982501983643	4.309195518493652
0	298	the	2.1233315467834473	2.488079071044922	2.599726438522339	2.0801987648010254
0	299	boar	13.193711280822754	9.545184135437012	10.806092262268066	9.122926712036133
0	300	and	2.7368693351745605	2.6292667388916016	1.8706778287887573	1.981346607208252
0	301	bring	7.845314025878906	8.005270004272461	6.8068037033081055	4.383578300476074
0	302	as	6.68290901184082	6.912199974060059	7.819240093231201	8.157979011535645
0	303	proof	9.357872009277344	7.760854244232178	8.553974151611328	7.782201290130615
0	304	its	8.706275939941406	7.410390853881836	4.9589996337890625	5.656938552856445
0	305	head	6.356142044067383	8.668511390686035	8.150839805603027	9.027085304260254
0	306	to	2.9993104934692383	2.54494571685791	4.627175331115723	6.308361530303955
0	307	the	2.329280376434326	1.2197602987289429	1.5820937156677246	1.493278980255127
0	308	Manor	12.326379776000977	12.235160827636719	12.202383995056152	12.137293815612793
0	309	House	5.6022233963012695	2.7396011352539062	2.4175820350646973	1.9700939655303955
0	310	would	6.2790632247924805	6.983376979827881	5.659466743469238	6.4258222579956055
0	311	be	1.432634949684143	2.049575090408325	1.037125825881958	1.1018741130828857
0	312	rewarded	7.666924476623535	8.151732444763184	8.516294479370117	9.290230751037598
0	313	with	3.178870677947998	1.3126003742218018	1.015369176864624	0.7820237278938293
0	314	land	9.72785758972168	8.740850448608398	8.88615894317627	8.800185203552246
0	315	and	2.677440881729126	1.9164047241210938	1.2848284244537354	1.3595995903015137
0	316	fame.	12.440457344055176	13.099774360656738	12.286796569824219	7.8861894607543945
0	317	It	3.586078643798828	3.5483498573303223	3.489795207977295	3.6404271125793457
0	318	was	1.6171106100082397	1.344903826713562	1.5403940677642822	1.4367830753326416
0	319	the	3.1938233375549316	2.632784128189087	2.2685773372650146	2.397656202316284
0	320	people	6.659811496734619	8.047948837280273	7.492116928100586	7.5530595779418945
0	321	of	3.935309886932373	1.751209020614624	1.6630276441574097	1.5119949579238892
0	322	Bradford	12.476618766784668	9.904340744018555	9.470378875732422	9.118278503417969
0	323	and	2.5250182151794434	2.3648459911346436	1.9791820049285889	2.0681228637695312
0	324	the	2.761542558670044	3.0253071784973145	2.3378965854644775	1.994605302810669
0	325	people	6.659811019897461	5.643582820892334	7.310701847076416	6.003206729888916
0	326	who	2.1084210872650146	1.6855007410049438	1.5256941318511963	1.8784127235412598
0	327	knew	5.6896820068359375	5.46294641494751	5.524746417999268	5.688754081726074
0	328	them	6.379323959350586	4.6492109298706055	4.133146286010742	3.702972888946533
0	329	who	5.841116905212402	6.301453590393066	6.45742130279541	6.109848976135254
0	330	rejoiced	11.845430374145508	11.090843200683594	11.426318168640137	10.145746231079102
0	331	at	2.118379592895508	1.710269570350647	1.6945018768310547	1.9369794130325317
0	332	this	3.8314905166625977	3.234376907348633	3.178354501724243	3.3504791259765625
0	333	proclamation	11.625255584716797	12.823872566223145	8.05088996887207	7.714545726776123
0	334	but	6.472746849060059	6.319430828094482	5.3971266746521	4.475131988525391
0	335	one	5.629299163818359	5.650968551635742	5.416425704956055	5.4758076667785645
0	336	question	7.387610912322998	5.749912738800049	6.849463939666748	6.317808151245117
0	337	remained:	10.063518524169922	8.05831527709961	4.1297807693481445	3.3310253620147705
0	338	who	7.111541271209717	3.974562168121338	3.5473074913024902	3.799755334854126
0	339	would	3.9930031299591064	2.64715576171875	1.7161035537719727	1.6060948371887207
0	340	kill	6.21268367767334	5.526708602905273	5.681244373321533	5.940404891967773
0	341	the	2.1233317852020264	2.372910976409912	2.9811787605285645	1.7198991775512695
0	342	boar?	18.2573299407959	12.943429946899414	15.615763664245605	13.929756164550781
0	343	By	6.779880523681641	6.468667030334473	6.309375762939453	6.200472831726074
0	344	the	1.6497100591659546	1.4532883167266846	1.4377096891403198	1.655468225479126
0	345	handsome	12.174851417541504	13.368722915649414	11.645437240600586	11.396354675292969
0	346	reward	10.50870418548584	10.394510269165039	10.648473739624023	10.377706527709961
0	347	many	8.549509048461914	9.861764907836914	8.658072471618652	8.144159317016602
0	348	felt	9.970372200012207	10.387372016906738	7.008229732513428	6.148777484893799
0	349	tempted,	14.019916534423828	13.320964813232422	14.385116577148438	14.516289710998535
0	350	but	2.321176052093506	1.6149388551712036	2.1599111557006836	2.166624069213867
0	351	the	2.6123580932617188	2.696906566619873	3.0552568435668945	2.4437906742095947
0	352	thought	9.261709213256836	7.547982215881348	6.003998756408691	3.5994434356689453
0	353	of	2.593945026397705	0.7595324516296387	0.5274234414100647	0.5329679250717163
0	354	the	1.4618616104125977	2.3327860832214355	2.8129396438598633	3.0060877799987793
0	355	boar	13.193711280822754	12.821117401123047	12.100875854492188	11.07681655883789
0	356	with	4.364575386047363	4.419816970825195	4.413825988769531	4.2925214767456055
0	357	its	5.041468620300293	3.8572356700897217	2.911562442779541	2.743100166320801
0	358	deadly	8.790538787841797	8.292505264282227	7.29890251159668	6.7609710693359375
0	359	tusks	13.239537239074707	11.185815811157227	11.252131462097168	6.451672077178955
0	360	and	1.6348932981491089	1.6741763353347778	1.5990395545959473	0.8539067506790161
0	361	face	8.721431732177734	7.764190196990967	8.363500595092773	7.960181713104248
0	362	like	6.1976470947265625	7.107806205749512	4.3508501052856445	4.154644966125488
0	363	thunder	11.733227729797363	8.643938064575195	9.695475578308105	9.532488822937012
0	364	soon	8.889729499816895	10.187081336975098	10.310776710510254	10.282491683959961
0	365	put	6.92855167388916	7.730269908905029	8.232242584228516	8.289766311645508
0	366	an	4.392073631286621	3.125131368637085	1.8618688583374023	2.570369005203247
0	367	end	5.42702579498291	0.5058854222297668	0.09392113983631134	0.038001783192157745
0	368	to	3.835707187652588	0.4129294753074646	0.06700066477060318	0.023310475051403046
0	369	their	5.538100242614746	4.161587238311768	4.283900737762451	4.1263227462768555
0	370	ambitions.	10.449531555175781	10.795263290405273	9.47594928741455	9.612268447875977
0	371	However,	5.066453456878662	4.899846076965332	4.817791938781738	4.851099014282227
0	372	there	3.463686466217041	3.6814563274383545	3.764404773712158	3.714118003845215
0	373	was	2.090186595916748	2.3121752738952637	2.3629188537597656	2.291109561920166
0	374	one	4.929083347320557	4.081830978393555	2.7438442707061768	2.528142213821411
0	375	huntsman,	16.25812530517578	16.912208557128906	16.698768615722656	17.95450782775879
0	376	who	2.9897656440734863	3.239166259765625	2.526987314224243	2.0746283531188965
0	377	was	3.0690267086029053	2.411325693130493	2.7923059463500977	2.099893093109131
0	378	still	5.029843330383301	5.441971778869629	5.759346961975098	6.185765266418457
0	379	wet	9.837209701538086	8.208788871765137	8.7172269821167	7.625753879547119
0	380	behind	8.583576202392578	4.74574089050293	4.254642963409424	2.8906054496765137
0	381	the	1.1917848587036133	1.345139980316162	0.538550853729248	1.185725212097168
0	382	ears,	12.356281280517578	10.108654975891113	4.06394624710083	1.8896634578704834
0	383	who	5.975711822509766	6.706830978393555	6.553495407104492	6.664788246154785
0	384	decided	6.454861164093018	7.347434997558594	7.788923263549805	7.60783052444458
0	385	the	3.8128750324249268	3.5330562591552734	3.88710618019104	3.6800336837768555
0	386	prize	9.839689254760742	8.37216567993164	7.722801208496094	7.764195442199707
0	387	was	3.9951210021972656	3.88401198387146	1.5360870361328125	1.6086422204971313
0	388	worth	6.985968589782715	4.126943588256836	3.166518211364746	1.3705081939697266
0	389	a	2.7468478679656982	2.509023666381836	3.06124210357666	3.00876522064209
0	390	shot,	10.822542190551758	5.4108381271362305	4.430242538452148	9.681580543518066
0	391	in	4.625378608703613	5.39772367477417	5.596368312835693	5.319285869598389
0	392	spite	7.9166460037231445	5.039135932922363	4.893446445465088	3.9811248779296875
0	393	of	0.10217040777206421	0.019607622176408768	0.00896450038999319	0.00954834558069706
0	394	the	1.4618616104125977	1.1015896797180176	1.168317437171936	0.9836483001708984
0	395	boar's	15.26046085357666	14.91754150390625	15.33166790008545	15.974786758422852
0	396	reputation.	11.394750595092773	9.793177604675293	9.951319694519043	7.278065204620361
0	397	The	2.4365785121917725	2.210270643234253	2.0317022800445557	1.9593124389648438
0	398	huntsman	13.486783027648926	13.749704360961914	9.72334098815918	9.383145332336426
0	399	discovered	7.912673473358154	8.012020111083984	8.218076705932617	7.325214385986328
0	400	the	2.353764295578003	1.220812201499939	1.5021202564239502	1.6456702947616577
0	401	boar	13.193711280822754	12.688844680786133	8.298506736755371	8.108613014221191
0	402	preferred	12.355635643005371	11.983210563659668	13.33966064453125	14.784502983093262
0	403	to	1.526406168937683	1.2107027769088745	1.169883131980896	1.2303060293197632
0	404	come	6.146267414093018	6.200829982757568	5.36854887008667	5.2984771728515625
0	405	out	2.781078338623047	2.3320820331573486	2.316786289215088	2.3310041427612305
0	406	in	3.2803616523742676	2.7895398139953613	3.03883957862854	2.997960090637207
0	407	the	1.3865309953689575	1.0772995948791504	1.4802536964416504	1.3627785444259644
0	408	middle	6.665273666381836	4.969386577606201	3.893857002258301	4.699003219604492
0	409	of	0.9687308073043823	0.4765920341014862	0.1627313196659088	0.07361000031232834
0	410	the	1.4618616104125977	0.6457201838493347	0.648674488067627	0.7691773772239685
0	411	day.	8.512361526489258	7.2049946784973145	5.63027286529541	5.571486473083496
0	412	So	4.614609718322754	4.541086196899414	4.456948757171631	4.273447513580322
0	413	he	4.3020429611206055	4.003739833831787	3.9281373023986816	4.115599632263184
0	414	went	5.192596435546875	3.790639877319336	3.4602484703063965	3.4582014083862305
0	415	to	1.6599979400634766	1.3246525526046753	1.1362320184707642	1.189138650894165
0	416	the	2.329280376434326	1.445449948310852	1.5507900714874268	1.3031166791915894
0	417	wood	9.69120979309082	10.130667686462402	9.757793426513672	9.765764236450195
0	418	by	6.441741466522217	5.260047912597656	5.0908074378967285	6.216963291168213
0	419	the	1.5458581447601318	1.7285000085830688	1.8218228816986084	1.654288649559021
0	420	well	9.481781005859375	9.903335571289062	8.033341407775879	8.042274475097656
0	421	with	4.443328857421875	4.608127117156982	6.1947808265686035	4.700913429260254
0	422	his	3.9551994800567627	3.970961093902588	3.542630195617676	3.6219851970672607
0	423	good	6.985903739929199	6.881622791290283	6.6722612380981445	6.858310699462891
0	424	bow,	13.064616203308105	12.276427268981934	11.803120613098145	11.74543571472168
0	425	to	4.887547016143799	5.115946292877197	4.547670841217041	4.643464088439941
0	426	bide	13.389923095703125	11.986157417297363	10.403833389282227	9.948205947875977
0	427	his	2.2097978591918945	1.3568514585494995	1.3832244873046875	1.384439468383789
0	428	time.	9.069816589355469	1.9853161573410034	2.004822254180908	2.039216995239258
0	429	Around	8.638079643249512	8.632349967956543	8.73536205291748	8.609099388122559
0	430	noontime,	14.122370719909668	9.812302589416504	10.105436325073242	9.949640274047852
0	431	the	2.758915662765503	1.7648179531097412	1.778841495513916	1.9658832550048828
0	432	boar,	14.98746395111084	13.968123435974121	13.543102264404297	14.49156665802002
0	433	feared	11.95284366607666	11.54850959777832	10.770818710327148	9.948358535766602
0	434	by	4.332854270935059	1.6160873174667358	1.7038037776947021	1.0173978805541992
0	435	the	1.5458581447601318	1.3742177486419678	1.2934279441833496	1.0103789567947388
0	436	locals,	12.658540725708008	11.037697792053223	7.437310218811035	4.616302490234375
0	437	came	8.3062162399292	8.27939224243164	7.961714744567871	8.041868209838867
0	438	out,	5.284391403198242	6.343987464904785	6.505967140197754	6.95242166519165
0	439	as	4.272886276245117	4.7317376136779785	4.685595989227295	4.697172164916992
0	440	slow	9.750597953796387	10.145720481872559	10.622469902038574	11.204463958740234
0	441	as	4.180329322814941	0.4670785665512085	0.5853924751281738	0.4308445453643799
0	442	a	1.8714717626571655	2.4772071838378906	2.6616768836975098	2.9281110763549805
0	443	snail,	12.9613618850708	12.891122817993164	6.440240383148193	3.83072566986084
0	444	from	6.188655376434326	6.28105354309082	6.2404327392578125	6.7493085861206055
0	445	among	9.012946128845215	8.200101852416992	7.828088760375977	7.837019920349121
0	446	the	1.3170015811920166	0.8877575397491455	0.733607292175293	0.7319431900978088
0	447	trees,	10.847124099731445	9.48090648651123	8.107353210449219	6.554105758666992
0	448	just	6.148867130279541	5.821030139923096	5.893183708190918	5.986338138580322
0	449	as	3.3013954162597656	2.110262155532837	2.1439733505249023	1.9294108152389526
0	450	the	2.3149778842926025	2.495823621749878	1.9219975471496582	1.7820378541946411
0	451	huntsman	13.824857711791992	13.518045425415039	12.588298797607422	11.580436706542969
0	452	had	5.362555503845215	3.714399814605713	4.069179534912109	2.4435973167419434
0	453	predicted.	10.6856689453125	10.26812744140625	9.84970474243164	6.058582782745361
0	454	The	2.289658308029175	2.321141004562378	2.0749645233154297	2.030836343765259
0	455	huntsman	13.486783027648926	14.09300422668457	13.616558074951172	7.44895076751709
0	456	leaped	11.989973068237305	7.967339038848877	8.522172927856445	7.973793983459473
0	457	from	2.5290231704711914	2.2152271270751953	2.394242286682129	2.2688939571380615
0	458	his	4.259256362915039	1.9309790134429932	1.5665295124053955	0.9525683522224426
0	459	hiding	11.255892753601074	8.80710506439209	5.077596664428711	4.226520538330078
0	460	place	8.376392364501953	1.2435928583145142	0.7878627777099609	0.6387382745742798
0	461	and	3.315584182739258	2.9579756259918213	2.11271071434021	2.0313827991485596
0	462	through	8.323567390441895	7.712327003479004	7.767517566680908	8.223400115966797
0	463	the	1.2178746461868286	1.2859845161437988	1.4051907062530518	1.3613274097442627
0	464	heart	7.565221786499023	6.64346981048584	6.5453362464904785	6.383640766143799
0	465	with	5.470572471618652	5.536474227905273	4.389430046081543	5.322371482849121
0	466	his	3.9551994800567627	3.5129313468933105	3.2737643718719482	3.2331314086914062
0	467	fine	8.579635620117188	8.565433502197266	9.155174255371094	8.954889297485352
0	468	arrows	11.740510940551758	11.009160995483398	11.324146270751953	10.664271354675293
0	469	shot	6.611440658569336	6.434167385101318	5.631692409515381	6.252474784851074
0	470	the	3.5253047943115234	6.0517578125	6.338325500488281	5.067191123962402
0	471	boar.	15.49799919128418	12.572633743286133	10.3080415725708	10.844515800476074
0	472	Now	5.8863372802734375	5.902963638305664	6.033009052276611	6.133116245269775
0	473	the	2.61251163482666	2.5197792053222656	2.139723777770996	1.8911302089691162
0	474	problem	7.071164608001709	5.309061050415039	5.815220832824707	6.735414028167725
0	475	was	3.6223373413085938	3.1461565494537354	2.869882583618164	2.1622776985168457
0	476	no	4.562166690826416	5.9190168380737305	6.0814948081970215	5.256481170654297
0	477	longer	2.218226671218872	2.6258299350738525	1.0085842609405518	0.30153346061706543
0	478	to	3.8022804260253906	5.120129108428955	5.529765605926514	5.003787994384766
0	479	kill	6.137556552886963	6.461156845092773	6.997015953063965	6.907784938812256
0	480	the	2.1233317852020264	2.008542060852051	1.9763048887252808	2.1582977771759033
0	481	boar.	15.49799919128418	10.627737998962402	11.0571928024292	10.551909446716309
0	482	It	3.262871026992798	3.2374730110168457	3.7208762168884277	3.494047164916992
0	483	was	1.6171106100082397	1.541438341140747	1.4784314632415771	1.6934268474578857
0	484	to	4.499977111816406	5.73161506652832	5.920178413391113	5.738471508026123
0	485	find	5.03812837600708	4.485595703125	5.21637487411499	5.439769744873047
0	486	a	2.2396726608276367	1.7862112522125244	1.2951667308807373	1.6374776363372803
0	487	way	5.648468017578125	1.7493796348571777	2.031036138534546	1.3378517627716064
0	488	to	1.1916790008544922	0.8396368622779846	0.1814526617527008	0.2215951383113861
0	489	carry	6.646043300628662	7.0706892013549805	6.739786148071289	6.438587188720703
0	490	the	2.5594348907470703	2.3808906078338623	2.4008021354675293	2.3209710121154785
0	491	boar	13.193711280822754	14.267338752746582	13.815567016601562	13.481114387512207
0	492	back.	10.110844612121582	9.749456405639648	7.811053276062012	7.255692958831787
0	493	The	2.5438177585601807	2.2859113216400146	1.9904111623764038	1.9278309345245361
0	494	head	7.407211780548096	6.9105987548828125	5.988619804382324	6.016714572906494
0	495	was	4.85556697845459	4.293052673339844	2.9989640712738037	1.9810067415237427
0	496	too	5.79969596862793	5.054958343505859	5.257680892944336	5.098293781280518
0	497	heavy	6.941307067871094	5.381452560424805	3.546361207962036	3.5693039894104004
0	498	for	5.898040294647217	1.6193304061889648	1.161978840827942	1.1382945775985718
0	499	the	1.8875508308410645	1.8113985061645508	1.9389190673828125	1.7365034818649292
0	500	little	7.854135513305664	7.851902961730957	7.048892021179199	5.892058372497559
0	501	huntsman	14.623037338256836	12.472467422485352	12.93807315826416	12.9832124710083
0	502	to	3.5084245204925537	3.4143669605255127	3.737114191055298	1.8982335329055786
0	503	carry	6.646043300628662	5.851566314697266	4.858016490936279	5.890827178955078
0	504	back	5.6078996658325195	7.182882308959961	6.203211307525635	6.409236907958984
0	505	to	1.3417104482650757	1.2412517070770264	1.2565580606460571	1.1350924968719482
0	506	the	2.329280376434326	1.1344887018203735	1.193496823310852	1.256931185722351
0	507	Manor	12.326379776000977	12.235160827636719	11.48794937133789	11.595401763916016
0	508	House,	6.871157646179199	3.8597066402435303	3.306065320968628	3.359534978866577
0	509	but	3.62257719039917	4.651324272155762	3.4714314937591553	3.253741502761841
0	510	the	2.6123580932617188	2.3657543659210205	2.286717414855957	2.3661952018737793
0	511	huntsman,	15.443705558776855	16.114646911621094	17.19538116455078	15.39658260345459
0	512	who	2.9897656440734863	2.841550588607788	2.053934097290039	2.048121452331543
0	513	was	3.0690267086029053	2.411325693130493	2.1035268306732178	1.5273483991622925
0	514	as	6.007297992706299	6.977828025817871	6.671179294586182	5.771376609802246
0	515	quick-witted	16.064056396484375	12.376543998718262	9.114229202270508	9.058245658874512
0	516	and	1.6833789348602295	0.8240175247192383	0.8994805812835693	0.9894040822982788
0	517	cunning	11.793601989746094	6.562597274780273	5.916884422302246	5.506324768066406
0	518	as	4.112861633300781	3.9052934646606445	3.456270694732666	0.604536235332489
0	519	ever,	9.010165214538574	4.310085296630859	4.656795501708984	3.7752976417541504
0	520	asked	10.164336204528809	9.86181354522705	9.574976921081543	9.77968978881836
0	521	himself,	7.7432637214660645	6.150018215179443	6.938415050506592	7.254896640777588
0	522	'What	10.077999114990234	4.513134956359863	4.367791175842285	3.9720029830932617
0	523	else	5.417709827423096	5.526790618896484	4.57498836517334	5.232917785644531
0	524	can	4.816652297973633	1.5210102796554565	1.3811919689178467	1.392246961593628
0	525	I	6.5845136642456055	5.667850494384766	1.2870272397994995	0.7877458333969116
0	526	do	4.573797702789307	3.097395896911621	2.4476919174194336	1.6262667179107666
0	527	to	4.288950443267822	4.58346700668335	1.0901403427124023	0.9194099307060242
0	528	prove	6.844637870788574	6.110644340515137	5.441243648529053	5.180836200714111
0	529	I	6.995302200317383	5.33208703994751	4.576290607452393	3.7212769985198975
0	530	killed	8.782671928405762	7.777024269104004	7.751385688781738	7.956180572509766
0	531	the	2.7982819080352783	2.3003323078155518	2.635316848754883	2.4457356929779053
0	532	boar?'	23.698238372802734	20.00957679748535	16.255016326904297	16.797204971313477
0	533	The	3.3380913734436035	3.1168503761291504	2.9521327018737793	3.255028247833252
0	534	next	5.4836201667785645	4.869043827056885	5.67979097366333	5.749815464019775
0	535	instance	9.181462287902832	8.523658752441406	8.90566349029541	8.973158836364746
0	536	he	5.589423179626465	6.121514320373535	6.639473915100098	3.86030912399292
0	537	opened	7.488382339477539	7.523321151733398	6.823857307434082	6.432802200317383
0	538	the	1.9043519496917725	1.2936564683914185	1.4770768880844116	1.7693150043487549
0	539	boar's	15.26046085357666	17.601646423339844	16.55315399169922	16.18124771118164
0	540	mouth	5.608718395233154	4.851720809936523	1.3297700881958008	0.9240438938140869
0	541	and	1.7697745561599731	1.6704771518707275	1.4427908658981323	1.3386447429656982
0	542	cut	8.132783889770508	6.9705047607421875	5.822518348693848	5.543056488037109
0	543	out	3.3127400875091553	3.3283653259277344	3.371473789215088	3.3830432891845703
0	544	its	6.402902603149414	6.441822052001953	6.198526382446289	4.735360622406006
0	545	tongue,	11.397249221801758	10.669954299926758	8.860224723815918	7.5193281173706055
0	546	taking	6.928563594818115	7.140377998352051	6.672623157501221	6.85086727142334
0	547	that	5.369355201721191	5.576506614685059	5.784706115722656	6.015510082244873
0	548	as	6.213715076446533	4.086380481719971	2.6033029556274414	3.018766403198242
0	549	proof	9.357871055603027	8.737706184387207	5.7040486335754395	4.662936687469482
0	550	for	3.9214868545532227	4.485393524169922	4.134814262390137	4.005680084228516
0	551	the	1.8875508308410645	1.4208987951278687	1.290807843208313	1.1747050285339355
0	552	Lord.	10.590569496154785	10.085057258605957	10.618823051452637	9.429830551147461
0	553	He	3.102893590927124	3.1250932216644287	3.1699864864349365	3.3721187114715576
0	554	set	8.076091766357422	6.6599531173706055	6.8796844482421875	6.712105751037598
0	555	out	3.3501100540161133	1.9075660705566406	2.3923096656799316	2.982707977294922
0	556	for	3.7840003967285156	4.210973739624023	3.4985337257385254	2.455878734588623
0	557	the	1.8875508308410645	1.7769490480422974	1.4941630363464355	1.2758543491363525
0	558	Manor	12.326379776000977	12.720039367675781	12.475258827209473	11.014118194580078
0	559	House	5.6022233963012695	2.7396013736724854	3.0469560623168945	3.5300023555755615
0	560	as	5.703206539154053	5.40944766998291	4.695775508880615	4.66691780090332
0	561	quickly	7.67797327041626	7.28452205657959	7.960592746734619	6.946988582611084
0	562	as	2.82417631149292	0.0729832574725151	0.0321035161614418	0.03823273256421089
0	563	he	3.7657039165496826	3.1798529624938965	3.916029453277588	3.326493978500366
0	564	could	4.22681999206543	5.542514801025391	2.412282943725586	1.7962623834609985
0	565	and	8.030953407287598	6.021086692810059	3.2345657348632812	2.4475624561309814
0	566	he	5.174978256225586	5.140349864959717	2.6052699089050293	3.130908489227295
0	567	had	3.0486414432525635	3.3560495376586914	3.4551539421081543	3.5136613845825195
0	568	only	5.694517135620117	5.446001052856445	5.1807050704956055	5.838482856750488
0	569	been	5.744991302490234	2.0846669673919678	2.234281539916992	2.258476495742798
0	570	gone	6.654829978942871	7.9597320556640625	6.689531326293945	5.866089344024658
0	571	a	4.9877543449401855	2.9927961826324463	1.8434003591537476	1.3809006214141846
0	572	few	4.033159255981445	3.0275559425354004	3.0358848571777344	1.1023801565170288
0	573	minutes	3.6966946125030518	3.535322666168213	3.8647301197052	4.2442755699157715
0	574	when	4.231893539428711	4.9240217208862305	5.014791488647461	4.824688911437988
0	575	a	3.7194976806640625	3.941300630569458	3.3822505474090576	3.611593723297119
0	576	second	5.9675211906433105	6.245684623718262	5.718417644500732	5.7313947677612305
0	577	huntsman,	16.859376907348633	16.734222412109375	16.38583755493164	15.400758743286133
0	578	not	5.814528465270996	5.8070759773254395	6.213820457458496	5.748655319213867
0	579	so	5.739810466766357	4.719389915466309	4.853916645050049	5.018642902374268
0	580	bold	9.195579528808594	7.736107349395752	7.558273792266846	6.8642473220825195
0	581	as	4.144247531890869	0.7871147394180298	0.930273711681366	0.6869194507598877
0	582	the	2.3149778842926025	1.8807748556137085	4.175510883331299	3.917022466659546
0	583	first	4.645151615142822	4.143118858337402	4.902690887451172	4.37148380279541
0	584	but	7.956512451171875	7.926923751831055	7.866613864898682	5.905835151672363
0	585	a	3.991562843322754	3.7139008045196533	4.112427234649658	4.1830339431762695
0	586	little	4.709710121154785	4.186070919036865	3.5942025184631348	3.7328028678894043
0	587	more	2.889714479446411	2.4728100299835205	2.3452186584472656	2.5568203926086426
0	588	cunning,	12.426713943481445	12.013525009155273	11.273569107055664	10.715750694274902
0	589	came	9.676883697509766	9.601820945739746	8.527179718017578	8.493278503417969
0	590	on	3.6118247509002686	4.691802501678467	4.780686855316162	4.597975730895996
0	591	the	1.3069698810577393	1.3704408407211304	1.5146487951278687	1.5845621824264526
0	592	scene.	9.343798637390137	8.10525894165039	5.1174845695495605	3.6561319828033447
0	593	Seeing	8.345149040222168	8.365251541137695	8.644691467285156	8.596883773803711
0	594	the	1.970136046409607	1.7009813785552979	1.6460057497024536	1.6286969184875488
0	595	slain	11.596988677978516	11.673413276672363	9.911032676696777	9.433324813842773
0	596	carcass	12.356103897094727	12.238484382629395	9.039210319519043	9.503304481506348
0	597	of	1.4047319889068604	1.065119981765747	0.8343600034713745	0.7174340486526489
0	598	the	1.4618616104125977	1.5790448188781738	1.8755245208740234	1.4008874893188477
0	599	boar,	14.98746395111084	14.226946830749512	8.931476593017578	8.554811477661133
0	600	the	3.1990668773651123	2.433605432510376	2.418945550918579	2.625152826309204
0	601	huntsman	13.824857711791992	9.474393844604492	8.712732315063477	8.498046875
0	602	rejoiced	13.183405876159668	11.305477142333984	10.365856170654297	9.862470626831055
0	603	in	1.4976296424865723	1.2229257822036743	1.5383220911026	1.5177608728408813
0	604	his	4.244611740112305	2.5983548164367676	1.7843048572540283	1.2033649682998657
0	605	good	6.985903739929199	8.302787780761719	4.602302551269531	4.846817970275879
0	606	fortune.	8.894901275634766	4.700732707977295	5.955950736999512	1.6024149656295776
0	607	The	2.542203426361084	2.535782814025879	2.5731375217437744	2.493366003036499
0	608	second	5.682956218719482	5.476274013519287	5.626311302185059	5.514540195465088
0	609	huntsman	15.276808738708496	14.44824504852295	14.550387382507324	14.22895336151123
0	610	knew	8.118548393249512	7.857946395874023	7.390049934387207	6.643199920654297
0	611	a	3.9837260246276855	4.251828670501709	4.299888610839844	4.093822479248047
0	612	shortcut	9.937503814697266	10.40050983428955	8.154499053955078	8.56529426574707
0	613	to	1.9699352979660034	0.8436048626899719	0.6699132919311523	0.6074020862579346
0	614	the	2.329280376434326	2.3231635093688965	1.5971451997756958	1.9319034814834595
0	615	Manor	12.326379776000977	12.235160827636719	12.144862174987793	11.853569030761719
0	616	House	5.6022233963012695	2.7396011352539062	2.4175820350646973	3.2693467140197754
0	617	was	4.910965919494629	4.236682891845703	3.4903199672698975	4.237020015716553
0	618	just	4.879685401916504	6.037848472595215	5.369918346405029	5.1292338371276855
0	619	around	6.681577682495117	6.582372665405273	6.11722993850708	4.455755233764648
0	620	the	1.3536893129348755	0.3871958255767822	0.2831445038318634	0.03723106533288956
0	621	nearby	9.295127868652344	9.329273223876953	11.130036354064941	12.558359146118164
0	622	pond,	11.697866439819336	9.544410705566406	7.9999237060546875	8.00672721862793
0	623	and,	7.336397647857666	7.613522529602051	7.360445976257324	7.377647399902344
0	624	being	6.508081436157227	5.324603080749512	5.617515563964844	5.509625434875488
0	625	a	2.7236196994781494	1.8739663362503052	2.694594383239746	2.021341323852539
0	626	bigger	7.280693531036377	7.1884050369262695	7.536892890930176	7.820310592651367
0	627	man	7.429722785949707	6.5223002433776855	5.40135383605957	3.2718746662139893
0	628	than	7.199184417724609	2.1203958988189697	0.8567844033241272	0.9487649202346802
0	629	the	2.299424648284912	2.409672975540161	2.4529287815093994	2.9651780128479004
0	630	first,	9.454824447631836	7.409093379974365	7.433013439178467	6.977791786193848
0	631	was	5.628018379211426	5.321447372436523	5.515094757080078	5.267645359039307
0	632	able	5.271989345550537	6.906307220458984	6.371790409088135	5.752119064331055
0	633	to	0.014735110104084015	0.011467995122075081	0.01092413067817688	0.012813137844204903
0	634	pick	6.948456287384033	5.753335952758789	5.608695983886719	5.763136386871338
0	635	up	0.9072878956794739	0.7465444207191467	0.9250440001487732	0.5674924850463867
0	636	the	2.3614025115966797	1.417075276374817	1.3184199333190918	1.5304052829742432
0	637	boar's	15.26046085357666	14.995759010314941	15.902925491333008	16.104360580444336
0	638	head	1.576937198638916	2.142650604248047	1.6845661401748657	1.6116013526916504
0	639	and	2.5380711555480957	2.062464475631714	1.7751917839050293	1.3303254842758179
0	640	carry	8.631697654724121	8.430763244628906	8.155463218688965	8.186603546142578
0	641	it	3.890878438949585	2.554898738861084	1.942053198814392	0.6160919070243835
0	642	through	6.650527000427246	3.3288519382476807	3.3743820190429688	3.491609573364258
0	643	the	1.2178746461868286	1.2894903421401978	1.3500697612762451	1.213623285293579
0	644	wood	9.69120979309082	8.406061172485352	8.966071128845215	9.800008773803711
0	645	towards	9.35616683959961	9.133021354675293	8.319453239440918	9.803674697875977
0	646	the	1.3708609342575073	0.6247878670692444	0.6572478413581848	0.5755987167358398
0	647	prize	9.839690208435059	9.483867645263672	10.720080375671387	10.792247772216797
0	648	that	4.118693828582764	4.5148091316223145	4.091208457946777	4.262157440185547
0	649	awaited	11.64731216430664	10.216093063354492	8.9362211227417	6.352224826812744
0	650	him.	5.682064056396484	3.5350379943847656	3.520953893661499	2.997056007385254
0	651	The	2.820142984390259	2.629629135131836	2.540158271789551	2.5201356410980225
0	652	Lord	7.536504745483398	7.269229412078857	6.209357261657715	6.69355583190918
0	653	of	1.6945775747299194	1.6964077949523926	3.267045497894287	2.7258405685424805
0	654	the	1.4618616104125977	0.5805742740631104	0.19676807522773743	0.7232756614685059
0	655	Manor	12.326379776000977	12.171792984008789	8.195510864257812	7.2071733474731445
0	656	was	4.284088134765625	4.088925361633301	4.079996109008789	4.191164493560791
0	657	seated	8.735076904296875	10.25534439086914	9.87802791595459	9.331313133239746
0	658	in	1.2983617782592773	1.4437146186828613	1.501832365989685	1.6511412858963013
0	659	his	4.244611740112305	2.905794620513916	2.751441478729248	2.024230480194092
0	660	hall	10.466065406799316	10.186491012573242	8.964266777038574	8.847753524780273
0	661	when	5.958011150360107	5.77537727355957	5.00774621963501	5.142884254455566
0	662	the	2.160183906555176	1.9512780904769897	2.0981812477111816	1.9825191497802734
0	663	second	5.927809715270996	6.1927900314331055	6.287032127380371	6.198566913604736
0	664	huntsman	15.276808738708496	15.470258712768555	14.133313179016113	14.430294036865234
0	665	burst	11.047457695007324	8.745085716247559	8.776021957397461	6.2909345626831055
0	666	through	4.427799701690674	1.9212254285812378	1.6681091785430908	1.6733072996139526
0	667	the	1.2178746461868286	0.5989235639572144	0.2762144207954407	0.19224056601524353
0	668	door	7.754002571105957	5.526575088500977	4.600968837738037	2.5068633556365967
0	669	and	2.3008389472961426	1.8341264724731445	1.3707908391952515	0.988871693611145
0	670	began	8.574088096618652	5.67966365814209	5.707333564758301	5.709857940673828
0	671	to	1.3023005723953247	1.11326003074646	0.8809205889701843	0.9655255079269409
0	672	spin	10.000452041625977	7.736265182495117	7.154863357543945	7.286893844604492
0	673	a	3.688520908355713	2.6618247032165527	3.731614589691162	3.51926851272583
0	674	line.	10.848341941833496	8.447965621948242	9.424667358398438	10.625893592834473
0	675	'The	9.523515701293945	9.346229553222656	9.90806770324707	10.23155403137207
0	676	woes	12.249733924865723	12.36801528930664	12.144082069396973	12.497269630432129
0	677	of	1.9351056814193726	0.09521102905273438	0.18636709451675415	0.139545276761055
0	678	Bradford	12.476618766784668	12.887970924377441	12.115612030029297	12.013949394226074
0	679	are	6.572875022888184	5.737679481506348	3.950540065765381	1.98175847530365
0	680	ended!'	20.94187355041504	21.881175994873047	22.95772933959961	23.335582733154297
0	681	he	3.562436103820801	4.026923179626465	3.6488373279571533	3.7547919750213623
0	682	announced.	11.51142406463623	7.588633060455322	7.265552043914795	7.15127420425415
0	683	'With	12.178877830505371	11.075939178466797	6.928928375244141	6.673418998718262
0	684	my	4.4101715087890625	4.932916164398193	3.8658955097198486	3.012354612350464
0	685	own	3.6333091259002686	3.0325357913970947	3.620600700378418	3.108485221862793
0	686	hand	6.945953369140625	6.609727382659912	3.964110851287842	4.635348796844482
0	687	I	5.714883804321289	5.553277015686035	3.8646998405456543	0.4204988479614258
0	688	have	3.051668643951416	3.2750890254974365	3.4188833236694336	3.258391857147217
0	689	slain	10.711254119873047	11.354192733764648	10.316854476928711	8.541216850280762
0	690	the	3.69856333732605	2.246732234954834	2.2732186317443848	2.3565540313720703
0	691	boar!'	24.39688491821289	19.719253540039062	19.34798240661621	16.238004684448242
0	692	And,	7.624936103820801	7.323972702026367	7.051615238189697	6.913942337036133
0	693	with	4.490717887878418	4.108319282531738	3.8573145866394043	3.5789523124694824
0	694	that,	7.707677841186523	3.906769037246704	2.815190076828003	3.1014351844787598
0	695	at	4.262282848358154	5.925139427185059	7.247821807861328	7.133853912353516
0	696	the	1.3130742311477661	1.3415038585662842	1.8810985088348389	1.4052753448486328
0	697	feet	9.828451156616211	7.631288051605225	10.11207389831543	9.347405433654785
0	698	of	2.1615512371063232	0.7913490533828735	0.044537805020809174	0.016329023987054825
0	699	his	4.349154472351074	5.281099319458008	3.8225255012512207	3.268928289413452
0	700	lord	10.105351448059082	10.927023887634277	11.532021522521973	8.197000503540039
0	701	he	5.142784118652344	5.68379020690918	5.624922752380371	5.274228572845459
0	702	dropped	7.341004848480225	9.286593437194824	8.685395240783691	8.788509368896484
0	703	the	2.535154342651367	1.674763560295105	1.8352299928665161	1.767693042755127
0	704	boar's	15.26046085357666	15.57451343536377	15.41919994354248	10.713263511657715
0	705	enormous	10.027050018310547	8.430031776428223	10.870808601379395	10.313492774963379
0	706	head.	10.091522216796875	4.932965278625488	4.911438941955566	3.4714274406433105
0	707	'Then	11.38912582397461	12.237607955932617	11.445418357849121	11.178581237792969
0	708	you	2.700909376144409	2.6219019889831543	2.7602651119232178	2.8144707679748535
0	709	will	3.5798139572143555	2.8155343532562256	2.581975221633911	2.789653778076172
0	710	be	1.3654115200042725	1.836574912071228	2.0024397373199463	2.011970043182373
0	711	rewarded,	10.669844627380371	10.228334426879883	8.502429962158203	7.114676475524902
0	712	as	3.8043017387390137	3.6089303493499756	3.268254041671753	3.381368637084961
0	713	I	4.19553279876709	3.8722329139709473	4.049648284912109	4.086336135864258
0	714	promised.'	16.964439392089844	14.311115264892578	13.870050430297852	12.934751510620117
0	715	'But	6.8681745529174805	7.0223565101623535	7.208645343780518	6.945476531982422
0	716	first,	7.435734272003174	8.173986434936523	8.206453323364258	7.757065296173096
0	717	let	5.941530227661133	2.740269184112549	2.7683022022247314	2.9003896713256836
0	718	me	1.6639835834503174	0.6058847904205322	0.2170095443725586	0.4843960106372833
0	719	examine	10.64499282836914	8.034456253051758	6.994107246398926	7.138460159301758
0	720	the	1.0640660524368286	0.9423062801361084	1.2738537788391113	0.7789555191993713
0	721	head	7.173526287078857	8.923330307006836	8.427142143249512	8.039710998535156
0	722	of	1.5116631984710693	0.6302585601806641	0.6372407674789429	0.4726298749446869
0	723	this	4.354670524597168	6.072538375854492	4.998945236206055	4.183080196380615
0	724	monster,'	17.160398483276367	16.231130599975586	15.145133018493652	14.28955078125
0	725	said	2.885607957839966	2.5514416694641113	2.362135887145996	2.2695436477661133
0	726	the	2.3672103881835938	2.011439085006714	1.659010410308838	1.7261313199996948
0	727	Lord	8.363003730773926	9.065433502197266	7.0263237953186035	6.586654186248779
0	728	of	1.694577693939209	2.476747989654541	3.954758644104004	1.2328715324401855
0	729	the	1.4618616104125977	0.5805742740631104	0.7372959852218628	0.49712103605270386
0	730	Manor.	14.779573440551758	14.484930992126465	10.512803077697754	9.022317886352539
0	731	To	5.345531463623047	5.230217456817627	5.247081756591797	5.371575355529785
0	732	not	7.572295665740967	7.474277973175049	7.199182033538818	7.2421441078186035
0	733	examine	9.50639533996582	9.089564323425293	9.789597511291504	9.492974281311035
0	734	the	1.0640660524368286	1.0078505277633667	1.1505796909332275	1.0988118648529053
0	735	head	7.173526287078857	8.923330307006836	8.530678749084473	8.254798889160156
0	736	in	3.5678226947784424	4.103119850158691	4.182880401611328	4.117153167724609
0	737	advance	7.938559532165527	8.697840690612793	8.706604957580566	8.133590698242188
0	738	had	6.756184101104736	7.05870246887207	7.039862155914307	7.556674003601074
0	739	not	4.20198917388916	3.493436813354492	3.888605833053589	3.6817681789398193
0	740	been	4.930513381958008	1.439363956451416	1.1081440448760986	1.037668228149414
0	741	very	5.3185505867004395	5.453591346740723	6.023066520690918	5.501502513885498
0	742	clever	6.971770763397217	7.684768199920654	7.610597610473633	7.164145469665527
0	743	on	5.243988990783691	5.270562171936035	4.661962032318115	4.182431697845459
0	744	the	1.3069698810577393	1.2920002937316895	1.2582566738128662	1.220661997795105
0	745	part	8.06701946258545	6.256031036376953	4.742856502532959	3.6254568099975586
0	746	of	0.25894156098365784	0.280047744512558	0.013699540868401527	0.007268011569976807
0	747	the	1.4618616104125977	0.8721711039543152	0.8132764101028442	0.7459197640419006
0	748	huntsman.	16.106700897216797	16.176115036010742	16.76238250732422	15.631356239318848
0	749	Right	8.39531135559082	8.10205078125	8.112099647521973	7.959165096282959
0	750	away,	6.483087539672852	4.209354400634766	3.8736817836761475	3.9868364334106445
0	751	the	2.93104887008667	2.0549583435058594	1.9738643169403076	1.8144712448120117
0	752	Lord	8.363003730773926	8.075634956359863	8.556413650512695	8.391398429870605
0	753	noticed	9.566917419433594	11.041682243347168	9.755960464477539	7.1563262939453125
0	754	the	2.343169689178467	1.6159965991973877	1.865915060043335	1.9167555570602417
0	755	tongue	10.636085510253906	9.867217063903809	10.221435546875	9.565788269042969
0	756	of	2.9639673233032227	1.9786601066589355	1.9893250465393066	1.4886209964752197
0	757	the	1.4618616104125977	1.1306167840957642	0.9260450005531311	1.0255995988845825
0	758	boar	13.193711280822754	12.821117401123047	9.53770637512207	9.82955551147461
0	759	was	4.247006893157959	2.7978243827819824	3.088296413421631	3.0087051391601562
0	760	missing	7.570114612579346	7.297840595245361	7.266550064086914	6.862419605255127
0	761	and	3.331805467605591	2.944498300552368	1.812282681465149	1.8039402961730957
0	762	exclaimed,	13.15279769897461	12.637824058532715	13.022995948791504	13.723402976989746
0	763	'What	7.67969274520874	6.058053970336914	6.389993667602539	6.015822410583496
0	764	is	1.9296791553497314	1.71458899974823	1.6837446689605713	1.981390118598938
0	765	this?	9.032301902770996	4.537711143493652	3.3162269592285156	2.8439528942108154
0	766	A	4.801263809204102	3.7369816303253174	2.451805591583252	2.69173264503479
0	767	boar	11.666156768798828	11.27998161315918	11.315946578979492	11.150955200195312
0	768	with	4.3645758628845215	3.610808849334717	3.2043256759643555	2.8292269706726074
0	769	no	5.4484992027282715	4.506562232971191	4.3012590408325195	3.5281128883361816
0	770	tongue?'	21.444746017456055	21.23409080505371	14.940690040588379	15.189238548278809
0	771	He	3.080787181854248	3.2628002166748047	3.3333029747009277	3.484119176864624
0	772	looked	5.749582767486572	3.3583433628082275	3.961479902267456	3.9421145915985107
0	773	at	1.2948027849197388	1.4307680130004883	0.7973012328147888	0.7613289952278137
0	774	the	1.3130742311477661	1.2594077587127686	1.3219693899154663	2.133399486541748
0	775	huntsman,	15.443705558776855	16.90599250793457	15.012868881225586	12.801331520080566
0	776	dubiously.	18.864980697631836	18.162010192871094	18.67526626586914	13.944358825683594
0	777	'How	10.486357688903809	10.656990051269531	10.266677856445312	9.621658325195312
0	778	come	4.912684440612793	3.841796398162842	4.025006294250488	4.027801513671875
0	779	this	7.230739116668701	3.7370729446411133	4.4360527992248535	4.432385444641113
0	780	creature	8.491294860839844	11.926178932189941	7.911740303039551	7.222270965576172
0	781	has	3.888685941696167	3.2569680213928223	5.132736682891846	2.4818003177642822
0	782	no	3.8241000175476074	3.333359956741333	3.257868766784668	3.310225486755371
0	783	tongue?'	21.444746017456055	21.12542724609375	18.153030395507812	17.697402954101562
0	784	he	3.691530704498291	3.5019214153289795	3.9091572761535645	4.463384628295898
0	785	demanded.	10.843087196350098	6.001011848449707	5.7881035804748535	5.837143421173096
0	786	All	5.538308620452881	6.289445877075195	6.634875774383545	6.516292572021484
0	787	eyes	8.721108436584473	6.449753761291504	5.299716949462891	3.401676654815674
0	788	were	4.213428020477295	1.3920676708221436	1.1442139148712158	1.1613991260528564
0	789	on	5.20590877532959	4.902815341949463	0.33356788754463196	0.38557717204093933
0	790	the	1.3069698810577393	0.8896291851997375	1.4690654277801514	1.4040509462356567
0	791	huntsman.	16.106700897216797	17.225778579711914	18.725727081298828	12.58606243133545
0	792	The	2.348679304122925	2.203301429748535	2.169703245162964	2.1943368911743164
0	793	huntsman	13.486783981323242	7.476058006286621	3.556596517562866	3.6805150508880615
0	794	questioned	10.58969783782959	9.265405654907227	9.769908905029297	8.733482360839844
0	795	by	2.5437421798706055	3.2344717979431152	6.64663028717041	7.284012317657471
0	796	the	1.5458582639694214	1.284684658050537	1.2685246467590332	0.7743903994560242
0	797	Lord	8.363003730773926	7.3830060958862305	7.769631385803223	6.897126197814941
0	798	replied,	9.009450912475586	9.091411590576172	10.915040969848633	11.249505996704102
0	799	'I	6.126276016235352	3.428208351135254	3.448545455932617	3.816049575805664
0	800	cannot	5.4244256019592285	4.949988842010498	4.899590015411377	5.025836944580078
0	801	say,	8.339386940002441	6.643336296081543	5.824273109436035	5.731657981872559
0	802	my	6.407964706420898	6.6690521240234375	4.967311859130859	3.4623332023620605
0	803	Lord.'	15.25319766998291	12.914403915405273	10.763233184814453	4.44154691696167
0	804	He	3.3934621810913086	3.545196771621704	3.1828348636627197	3.182899236679077
0	805	was	2.128767728805542	2.6426291465759277	3.008251190185547	3.0820136070251465
0	806	suddenly	8.401204109191895	8.59273910522461	7.606592178344727	7.360511779785156
0	807	realizing	8.062808990478516	8.400250434875488	8.169553756713867	9.172236442565918
0	808	his	4.7879638671875	4.220336437225342	4.238194465637207	3.676910161972046
0	809	tricky	11.717645645141602	12.279465675354004	12.004655838012695	11.843084335327148
0	810	situation	6.368438720703125	6.669421195983887	3.477900505065918	3.4496097564697266
0	811	could	5.340750217437744	6.608340740203857	5.293037414550781	5.019134521484375
0	812	end	6.029202461242676	4.8510003089904785	5.005245685577393	4.5803961753845215
0	813	badly	12.18502140045166	7.354252815246582	4.024977207183838	3.77693247795105
0	814	for	4.4429192543029785	1.7743573188781738	0.6133668422698975	0.4599459767341614
0	815	him.	7.152285575866699	4.526165962219238	4.111821174621582	3.7851717472076416
0	816	Through	8.097452163696289	8.002513885498047	8.027719497680664	8.2845458984375
0	817	the	1.1098604202270508	1.665412425994873	1.7070739269256592	1.6553359031677246
0	818	door	7.754002571105957	6.38998556137085	6.761130332946777	7.432342052459717
0	819	at	4.264217853546143	3.876736879348755	4.229734897613525	4.317168712615967
0	820	this	3.831490993499756	4.67839241027832	4.122809410095215	4.28146505355835
0	821	moment,	7.349854946136475	5.080322265625	4.662665843963623	4.5366291999816895
0	822	the	2.4985454082489014	2.4754884243011475	2.7747414112091064	3.1159510612487793
0	823	first	4.645151615142822	4.627869606018066	4.723809242248535	4.707935333251953
0	824	huntsman	14.517953872680664	13.899063110351562	12.108216285705566	12.11838436126709
0	825	burst.	16.563125610351562	15.429662704467773	16.13094711303711	13.627007484436035
0	826	'The	9.940937995910645	9.279889106750488	9.141651153564453	9.010394096374512
0	827	woes	12.249734878540039	12.65138053894043	11.954407691955566	12.158073425292969
0	828	of	1.9351056814193726	0.09521102905273438	0.18230706453323364	0.15633703768253326
0	829	Bradford	12.476618766784668	12.887970924377441	12.115612030029297	12.619014739990234
0	830	are	6.572875022888184	5.737679481506348	3.950540065765381	1.98175847530365
0	831	ended!'	20.94187355041504	21.881175994873047	22.957731246948242	23.335582733154297
0	832	he	3.5624358654022217	4.026923179626465	3.6488373279571533	3.7547919750213623
0	833	cried.	10.365533828735352	4.781379222869873	3.788374900817871	3.814816951751709
0	834	'I	6.670198440551758	5.534536361694336	2.5147969722747803	2.8622894287109375
0	835	have	2.9865026473999023	2.897883176803589	2.891173839569092	2.935532808303833
0	836	slain	10.711254119873047	11.33781623840332	8.983344078063965	8.597135543823242
0	837	the	3.69856333732605	2.246732234954834	2.0479788780212402	1.9467333555221558
0	838	boar	13.193711280822754	9.370567321777344	9.24800968170166	8.46197509765625
0	839	the	6.202836990356445	6.014058589935303	5.425122261047363	5.27338981628418
0	840	people	6.659811496734619	6.929406642913818	6.0291619300842285	6.690949440002441
0	841	of	3.935309886932373	1.751209020614624	1.530576467514038	1.5939232110977173
0	842	Bradford	12.476618766784668	9.904340744018555	9.470378875732422	9.621493339538574
0	843	dreaded!'	29.611827850341797	29.269458770751953	28.45595932006836	26.692636489868164
0	844	All	6.837612152099609	6.843364715576172	6.534125804901123	6.663651943206787
0	845	eyes	8.721108436584473	4.58140754699707	5.284947395324707	4.761979103088379
0	846	turned	6.280148506164551	3.2395966053009033	1.3493320941925049	1.1170086860656738
0	847	to	2.499824285507202	1.2999166250228882	0.48330777883529663	0.657753586769104
0	848	the	2.329280376434326	1.5535227060317993	1.687785267829895	1.0504391193389893
0	849	man	6.918849468231201	7.068646430969238	4.960524559020996	4.598787307739258
0	850	who	2.07041597366333	1.6688816547393799	1.195246696472168	1.7238112688064575
0	851	now	6.69248104095459	6.793973445892334	6.324521064758301	6.35499382019043
0	852	stood	8.654777526855469	7.4812846183776855	6.849582195281982	6.043175220489502
0	853	in	1.8789933919906616	2.6632537841796875	1.8129345178604126	1.8415436744689941
0	854	the	1.3865312337875366	1.1706149578094482	0.9565534591674805	0.7992052435874939
0	855	doorway.	12.14225959777832	11.227334976196289	5.36292028427124	5.737595081329346
0	856	'The	9.71284294128418	9.597651481628418	9.72391414642334	9.485543251037598
0	857	reward	10.937674522399902	9.578121185302734	9.760004043579102	9.91016960144043
0	858	is	3.6140408515930176	1.4701087474822998	1.3041625022888184	1.2585445642471313
0	859	already	5.988631248474121	6.012321472167969	6.685027122497559	6.346103668212891
0	860	given,'	18.264728546142578	17.76137351989746	13.946467399597168	7.0745530128479
0	861	said	2.3227977752685547	2.3849921226501465	2.4255361557006836	2.280851364135742
0	862	the	2.3672103881835938	1.7457866668701172	1.3868303298950195	1.3377106189727783
0	863	Lord	8.363003730773926	9.065433502197266	6.220302581787109	5.3237762451171875
0	864	of	1.694577693939209	2.476747989654541	3.954758644104004	1.502354621887207
0	865	the	1.4618616104125977	0.5805742740631104	0.7372959852218628	0.49712103605270386
0	866	Manor.	14.779573440551758	14.484930992126465	10.512803077697754	9.022317886352539
0	867	'The	9.342508316040039	9.472957611083984	9.40610408782959	9.233195304870605
0	868	man	6.289673805236816	5.049434185028076	4.924890995025635	5.342085361480713
0	869	here	7.30618953704834	7.044177532196045	6.771928787231445	7.03757905960083
0	870	has	5.2680768966674805	3.8440847396850586	2.4807684421539307	2.5620055198669434
0	871	brought	6.32344913482666	6.300063133239746	6.146392345428467	5.917666435241699
0	872	to	2.063985824584961	2.3576059341430664	2.9567201137542725	2.9105567932128906
0	873	me	6.158884048461914	4.157308578491211	5.778951644897461	3.7544493675231934
0	874	the	3.4691691398620605	3.547102928161621	3.525113105773926	2.1537184715270996
0	875	boar's	15.26046085357666	14.676739692687988	14.996458053588867	15.696778297424316
0	876	head.'	8.949138641357422	10.313213348388672	8.640430450439453	10.44446849822998
0	877	'Then	8.402180671691895	7.369460582733154	6.993197441101074	6.814733982086182
0	878	where	5.645717620849609	4.810296058654785	4.823973655700684	4.875905513763428
0	879	is	5.29412841796875	1.3664804697036743	0.9806408882141113	0.9569370746612549
0	880	its	7.133051872253418	6.489195823669434	7.933370590209961	7.961162567138672
0	881	tongue?'	20.295562744140625	20.11236000061035	14.99198055267334	9.21151065826416
0	882	the	5.011623859405518	4.690609455108643	4.933835029602051	4.862312316894531
0	883	first	4.645151615142822	5.113471031188965	5.299533843994141	5.165191650390625
0	884	huntsman	14.517951965332031	13.899063110351562	11.845269203186035	11.39580249786377
0	885	replied.	13.375877380371094	11.857898712158203	13.05589771270752	4.010887145996094
0	886	And,	9.00083065032959	8.961664199829102	9.144614219665527	9.049858093261719
0	887	so	6.100022315979004	5.633610248565674	5.360960960388184	5.4093122482299805
0	888	saying,	11.029715538024902	8.575444221496582	6.864501953125	6.1099090576171875
0	889	he	4.999827861785889	3.5347166061401367	2.5421481132507324	0.7602381110191345
0	890	drew	7.67338752746582	8.187610626220703	7.212891101837158	4.80295467376709
0	891	out	3.8055918216705322	4.556169509887695	4.407069206237793	3.6025893688201904
0	892	the	2.331587791442871	1.4927465915679932	1.4227575063705444	1.1504921913146973
0	893	boar's	15.26046085357666	14.837833404541016	13.064695358276367	12.615684509277344
0	894	tongue	5.401515960693359	5.103219032287598	4.819039344787598	4.538013935089111
0	895	he	6.382266998291016	6.548689842224121	6.393777847290039	6.406502723693848
0	896	had	3.0486414432525635	2.710911989212036	2.3716132640838623	2.3179287910461426
0	897	put	6.43983268737793	6.003981113433838	5.042293071746826	5.171098709106445
0	898	in	2.6065683364868164	2.7395100593566895	2.7402210235595703	2.1470894813537598
0	899	his	4.244611740112305	4.108165740966797	3.7237746715545654	2.224294662475586
0	900	hunting	10.338007926940918	9.72690200805664	11.333151817321777	10.93015193939209
0	901	pouch	12.99652099609375	11.108125686645508	9.902673721313477	8.05671215057373
0	902	and	2.303912401199341	2.1909995079040527	1.6186394691467285	1.674149751663208
0	903	related	8.52976131439209	9.532898902893066	8.916975021362305	9.72894287109375
0	904	how	8.057526588439941	10.104514122009277	11.065350532531738	12.294142723083496
0	905	he	3.7302234172821045	3.7022604942321777	4.324410438537598	3.368199586868286
0	906	had	3.0486414432525635	3.3427605628967285	3.1696133613586426	3.1175637245178223
0	907	ambushed	10.921978950500488	11.22066879272461	10.466646194458008	10.227742195129395
0	908	the	3.0005621910095215	1.5689224004745483	1.6323773860931396	1.5316113233566284
0	909	creature	9.138343811035156	8.461247444152832	8.666921615600586	7.202754020690918
0	910	in	3.154304027557373	3.3265247344970703	2.152076005935669	2.1133298873901367
0	911	the	1.3865309953689575	1.0819010734558105	1.6545242071151733	0.904024064540863
0	912	wood	9.69120979309082	9.606863975524902	9.269026756286621	8.181571960449219
0	913	and	2.079472780227661	2.5327155590057373	2.078268527984619	2.2017886638641357
0	914	cut	8.132783889770508	7.071669578552246	6.453665733337402	7.3214030265808105
0	915	out	3.3127400875091553	3.3283653259277344	3.1736984252929688	3.1405768394470215
0	916	its	6.402901649475098	6.441822052001953	6.198526382446289	5.812197685241699
0	917	tongue	9.961358070373535	9.602279663085938	7.786098957061768	6.758650779724121
0	918	as	3.9006240367889404	3.9376888275146484	3.3691048622131348	3.999115467071533
0	919	proof	9.357872009277344	8.937512397766113	8.468788146972656	8.719717025756836
0	920	of	0.8761887550354004	0.9157865643501282	0.7896614670753479	0.7996465563774109
0	921	his	4.349154472351074	4.084031581878662	3.0358893871307373	2.1219098567962646
0	922	victory.	10.038252830505371	9.659006118774414	7.372219562530518	7.120831489562988
0	923	Listening	10.709333419799805	10.38305377960205	10.335860252380371	10.368084907531738
0	924	to	0.7470070719718933	0.12757453322410583	0.10092857480049133	0.10415156185626984
0	925	the	2.329280376434326	1.4921610355377197	1.4831745624542236	1.390174388885498
0	926	tale,	12.323266983032227	12.017742156982422	9.88148307800293	9.439473152160645
0	927	the	2.6516542434692383	2.505295753479004	2.427786350250244	2.5228257179260254
0	928	Lord	8.363003730773926	7.0720014572143555	6.79252815246582	6.69842529296875
0	929	of	1.6945775747299194	2.476747989654541	1.1534721851348877	1.9522805213928223
0	930	the	1.4618616104125977	0.5805742740631104	0.7372959852218628	0.3369539976119995
0	931	Manor	12.326379776000977	12.171792984008789	8.195510864257812	7.25347900390625
0	932	tried	9.668111801147461	9.222574234008789	9.570324897766113	9.46292781829834
0	933	to	0.36249661445617676	0.15842221677303314	0.16771776974201202	0.1527533233165741
0	934	discern	10.519352912902832	8.64742374420166	9.328121185302734	8.918438911437988
0	935	which	5.465154647827148	3.741288900375366	3.7743992805480957	4.045351028442383
0	936	huntsman	20.760908126831055	12.677959442138672	12.720617294311523	12.686156272888184
0	937	was	4.344486713409424	4.3598198890686035	2.9001145362854004	2.1341285705566406
0	938	telling	7.888206958770752	8.131263732910156	8.52452278137207	7.0296454429626465
0	939	him	2.9673399925231934	2.539848804473877	2.584364891052246	2.4875447750091553
0	940	the	3.6548256874084473	3.131856918334961	3.122581958770752	2.7830700874328613
0	941	truth	7.684848785400391	7.174673080444336	3.0803864002227783	3.0682616233825684
0	942	and	2.562192916870117	2.72522234916687	2.191793918609619	2.02136492729187
0	943	what	6.007442474365234	4.448860168457031	5.085118293762207	4.9669575691223145
0	944	the	2.726040840148926	2.9626779556274414	2.9071481227874756	2.4737491607666016
0	945	two	5.958542823791504	6.001157283782959	6.302173614501953	7.008912086486816
0	946	huntsmen	12.91974925994873	12.393547058105469	12.006996154785156	12.599167823791504
0	947	were	3.6454005241394043	2.8478641510009766	2.663984537124634	1.6366722583770752
0	948	thinking	7.78692626953125	8.228708267211914	8.9802885055542	7.878692626953125
0	949	as	5.77803897857666	5.391173362731934	4.4901204109191895	4.58609676361084
0	950	they	3.768826723098755	3.616304636001587	1.6517127752304077	0.5800179243087769
0	951	waited	8.51991081237793	7.382338047027588	6.79334831237793	4.178822040557861
0	952	for	0.8638418912887573	1.173815131187439	0.5643476843833923	0.49558520317077637
0	953	him	5.747493743896484	3.246516227722168	3.007524013519287	3.312126636505127
0	954	to	1.9787216186523438	0.680743932723999	0.4952428936958313	0.6584333777427673
0	955	make	4.080494403839111	4.264878749847412	3.8192973136901855	3.8364481925964355
0	956	a	2.3272650241851807	2.0359113216400146	1.5913975238800049	1.4487117528915405
0	957	decision.	10.055793762207031	5.855828285217285	5.537905216217041	4.638816833496094
0	958	Almost	8.717082023620605	8.79079818725586	8.958698272705078	8.854242324829102
0	959	instantly,	6.993631839752197	5.755219459533691	5.721043109893799	6.01889705657959
0	960	the	2.8398845195770264	1.470218539237976	1.3960130214691162	1.44284188747406
0	961	Lord	8.363003730773926	8.027505874633789	8.172430992126465	8.137199401855469
0	962	saw	8.056028366088867	7.675299167633057	5.82377815246582	4.865913391113281
0	963	that	3.2400143146514893	1.794352412223816	1.232865571975708	1.496100664138794
0	964	the	2.3350260257720947	1.9043991565704346	1.4278688430786133	1.323143720626831
0	965	second	5.927809715270996	6.490826606750488	6.440317153930664	7.886141777038574
0	966	huntsman	15.276808738708496	15.470258712768555	14.651165008544922	14.259476661682129
0	967	had	5.362555503845215	4.216496467590332	4.13716983795166	2.887956142425537
0	968	fed	10.38677978515625	8.848594665527344	9.872149467468262	10.01725959777832
0	969	him	4.059514999389648	2.8008174896240234	2.689584255218506	2.728245496749878
0	970	a	3.2893564701080322	2.007183074951172	2.5220937728881836	2.02502703666687
0	971	pack	9.23160171508789	8.628429412841797	6.511476039886475	6.565146446228027
0	972	of	1.9064548015594482	0.5323402285575867	0.15549170970916748	0.08601225912570953
0	973	lies	10.594240188598633	7.760321617126465	5.6947150230407715	6.533045768737793
0	974	and	3.1031455993652344	1.1394920349121094	1.307107925415039	1.3441979885101318
0	975	it	4.743192672729492	5.489261627197266	6.413941383361816	6.1127471923828125
0	976	was	2.332796096801758	1.9859619140625	2.6464221477508545	2.100321054458618
0	977	the	3.1938233375549316	2.921643018722534	3.125631332397461	3.1465632915496826
0	978	first	4.645151615142822	2.235046863555908	2.3163914680480957	1.9847745895385742
0	979	huntsman	14.517953872680664	13.899063110351562	13.815439224243164	14.854171752929688
0	980	who	3.25150728225708	3.437359094619751	3.398047924041748	2.8980255126953125
0	981	was	3.0690267086029053	2.6881635189056396	2.4423487186431885	2.642057180404663
0	982	the	3.1938233375549316	3.3953757286071777	4.449228286743164	3.673121690750122
0	983	true	8.102139472961426	6.92442512512207	7.722259521484375	7.401540279388428
0	984	savior	11.777725219726562	9.004847526550293	7.279206275939941	5.953004360198975
0	985	of	1.3763282299041748	1.3093734979629517	0.5579665899276733	0.3173457682132721
0	986	Bradford.	14.8192138671875	13.919569969177246	14.50702953338623	13.919502258300781
0	987	The	2.6522538661956787	2.234929084777832	2.4680252075195312	2.469186782836914
0	988	Lord	7.536504745483398	7.958956241607666	7.19728422164917	8.678213119506836
0	989	believed	9.128715515136719	8.6054048538208	8.791694641113281	8.13549518585205
0	990	the	2.959660530090332	2.679271697998047	3.1133029460906982	2.8036603927612305
0	991	second	5.927809715270996	6.43864107131958	6.451661586761475	6.950723171234131
0	992	huntsman	15.276808738708496	15.470258712768555	14.652185440063477	14.429390907287598
0	993	had	5.362555503845215	4.216496467590332	4.13716983795166	2.21846866607666
0	994	tried	6.342413902282715	5.71774435043335	5.637304782867432	5.528827667236328
0	995	to	0.36249661445617676	0.4753442406654358	0.2878660261631012	0.18681688606739044
0	996	steal	8.02331829071045	5.972354888916016	5.845952033996582	4.435793876647949
0	997	the	1.9726065397262573	1.733072280883789	1.5381536483764648	1.625769853591919
0	998	first	4.645151615142822	5.4770426750183105	5.613284111022949	6.046616554260254
0	999	huntsman's	17.706438064575195	17.3586368560791	17.179996490478516	16.449975967407227
0	1000	prize	7.874751091003418	8.603720664978027	7.46692419052124	5.546011924743652
0	1001	and	3.2757060527801514	2.8772599697113037	3.3175535202026367	3.620084762573242
0	1002	so	5.8186936378479	6.103947639465332	5.798181533813477	5.56675910949707
0	1003	proclaimed	13.692911148071289	13.019059181213379	12.048954963684082	10.644933700561523
0	1004	the	2.2855377197265625	2.497082471847534	1.801480770111084	1.8854780197143555
0	1005	first	4.645151615142822	5.285738945007324	5.39229154586792	5.139870643615723
0	1006	huntsman	14.517953872680664	13.899063110351562	14.269768714904785	14.201704025268555
0	1007	the	5.604198932647705	5.392045021057129	5.406001091003418	4.630826950073242
0	1008	true	8.102139472961426	7.251998424530029	7.224539756774902	7.48888635635376
0	1009	victor.	14.111673355102539	11.365565299987793	9.86135482788086	8.736238479614258
0	1010	The	2.2597806453704834	2.23437762260437	2.237700939178467	2.1638267040252686
0	1011	Lord	7.536504745483398	7.296609401702881	7.085384368896484	6.8267903327941895
0	1012	wondered	9.909601211547852	10.482121467590332	9.925838470458984	9.879837036132812
0	1013	for	3.979071617126465	4.755669593811035	4.779794216156006	4.30738639831543
0	1014	a	2.6860671043395996	1.1092437505722046	0.3927266299724579	0.3594129681587219
0	1015	moment	7.239152908325195	5.56821870803833	1.5545424222946167	0.9730444550514221
0	1016	why	7.905192852020264	7.188117980957031	7.271111011505127	4.38612174987793
0	1017	he	3.0667667388916016	3.340873956680298	3.3040452003479004	3.3272790908813477
0	1018	always	6.89607048034668	6.693428039550781	5.487522125244141	6.247165679931641
0	1019	encountered	8.688676834106445	9.59365177154541	9.51621150970459	9.378070831298828
0	1020	so	6.169003486633301	5.537746906280518	5.14515495300293	3.3163042068481445
0	1021	much	2.7599213123321533	2.055194854736328	3.071563243865967	1.7236013412475586
0	1022	chicanery	15.726052284240723	14.18927001953125	12.936945915222168	11.577576637268066
0	1023	in	2.550601005554199	2.625944137573242	2.1688547134399414	1.6236145496368408
0	1024	his	4.244611740112305	4.3433837890625	3.971874237060547	3.917426824569702
0	1025	everyday	9.996729850769043	8.495681762695312	8.473849296569824	8.394509315490723
0	1026	interactions.	10.195844650268555	9.282130241394043	9.387579917907715	6.945338249206543
0	1027	The	2.342305898666382	2.607128858566284	2.843573570251465	2.8499579429626465
0	1028	huntsman	13.486783027648926	14.123285293579102	14.884587287902832	13.731793403625488
0	1029	who	3.25150728225708	4.350675582885742	5.782395362854004	5.756193161010742
0	1030	had	3.2151079177856445	3.002143621444702	2.319551944732666	2.925813913345337
0	1031	earned	7.253409385681152	7.038136005401611	6.990856647491455	7.839481830596924
0	1032	his	3.924661636352539	2.750066041946411	2.07951021194458	1.3862197399139404
0	1033	prize	10.178943634033203	7.907130718231201	8.229613304138184	8.687729835510254
0	1034	fair	9.748612403869629	10.745420455932617	10.234789848327637	9.738387107849121
0	1035	and	2.363248586654663	2.518329381942749	2.258937358856201	0.04549523442983627
0	1036	square	11.310220718383789	4.262470245361328	9.689510345458984	6.169196605682373
0	1037	received	9.876980781555176	10.665470123291016	10.56103801727295	9.752090454101562
0	1038	as	4.592517375946045	4.692928791046143	5.008213996887207	4.85725212097168
0	1039	his	5.596654891967773	5.782378196716309	5.873885154724121	5.866695880889893
0	1040	reward	9.835058212280273	8.444271087646484	5.475459098815918	3.7156925201416016
0	1041	a	4.5108866691589355	6.8929290771484375	7.93808650970459	4.026187896728516
0	1042	piece	6.480185031890869	6.845848083496094	5.5678791999816895	5.720449447631836
0	1043	of	0.5379564166069031	0.2510802745819092	0.05327121913433075	0.02318052388727665
0	1044	land	8.407266616821289	4.96155309677124	5.263875961303711	5.226131439208984
0	1045	just	7.301153182983398	6.921804428100586	5.538188934326172	5.424525737762451
0	1046	outside	7.63300085067749	2.511343002319336	2.4436566829681396	1.998031735420227
0	1047	the	1.132375955581665	0.8146876692771912	1.1623462438583374	1.0704350471496582
0	1048	town,	9.944050788879395	7.663705825805664	6.792794704437256	4.939735412597656
0	1049	known	6.624430179595947	7.230892181396484	7.423602104187012	7.512277603149414
0	1050	thereafter	11.395378112792969	11.217145919799805	11.25969123840332	11.847457885742188
0	1051	as	4.0098981857299805	0.2656405568122864	0.1401372104883194	0.17239919304847717
0	1052	Hunt	13.617247581481934	14.087342262268066	12.26888656616211	10.755451202392578
0	1053	Yard.	11.387566566467285	14.948140144348145	14.44362735748291	11.864364624023438
0	1054	His	5.169406414031982	5.0213518142700195	5.196279048919678	5.428122520446777
0	1055	fame	8.561216354370117	7.795943260192871	7.674821853637695	7.443820953369141
0	1056	was	4.151002407073975	2.3240208625793457	2.0662806034088135	2.060880184173584
0	1057	indeed	7.559029579162598	7.486672401428223	6.882369041442871	7.034991264343262
0	1058	assured,	12.225452423095703	14.134445190429688	9.920519828796387	8.702016830444336
0	1059	but	2.912384033203125	3.0442750453948975	2.6244192123413086	1.5559941530227661
0	1060	it	2.854326009750366	2.8171050548553467	2.758284330368042	2.544637680053711
0	1061	was	2.332796096801758	1.9581379890441895	1.8931989669799805	1.9493865966796875
0	1062	not	3.4648635387420654	3.4057459831237793	2.796893358230591	2.579307794570923
0	1063	nearly	7.939208030700684	7.06126070022583	7.217385768890381	6.055326461791992
0	1064	as	4.298604965209961	0.573851466178894	0.5570147037506104	0.5229968428611755
0	1065	lasting	11.339479446411133	10.880885124206543	10.023035049438477	9.949661254882812
0	1066	as	4.774346351623535	1.3375914096832275	0.6141005158424377	0.32065266370773315
0	1067	that	5.382274627685547	6.404025077819824	5.124846458435059	3.925062417984009
0	1068	of	5.554527759552002	0.9575783014297485	0.4997156262397766	0.5998868942260742
0	1069	the	1.4618616104125977	1.3096437454223633	1.2662116289138794	1.108486533164978
0	1070	fearsome	12.030998229980469	12.007542610168457	11.725802421569824	11.704304695129395
0	1071	Bradford	16.25786590576172	11.478537559509277	11.512831687927246	11.790487289428711
0	1072	Boar.	19.993215560913086	18.40119743347168	16.18505096435547	15.221478462219238
1	0	A	3.4342122077941895	3.4342122077941895	3.4342122077941895	3.4342122077941895
1	1	clear	7.871167182922363	7.871167182922363	7.871167182922363	7.871167182922363
1	2	and	3.199347496032715	2.942004680633545	2.942004680633545	2.942004680633545
1	3	joyous	11.670888900756836	11.50093936920166	10.290884971618652	10.290884971618652
1	4	day	5.015116214752197	5.137032508850098	4.546117782592773	5.308577537536621
1	5	it	5.200582027435303	5.906458854675293	5.396651268005371	5.83551549911499
1	6	was	2.332796096801758	1.526322364807129	1.4195582866668701	1.4280198812484741
1	7	and	6.7362446784973145	6.728636741638184	6.254573822021484	3.8627970218658447
1	8	out	8.161351203918457	8.74603271484375	8.91457462310791	8.39941120147705
1	9	on	3.873633861541748	4.124217510223389	4.52595853805542	4.696927547454834
1	10	the	1.3069698810577393	1.1851189136505127	0.9668080806732178	0.7228715419769287
1	11	wide	9.205879211425781	8.975672721862793	7.956396102905273	7.4007744789123535
1	12	open	3.6581978797912598	2.4422154426574707	2.559568166732788	1.8944534063339233
1	13	sea,	10.601909637451172	7.691683769226074	6.057226181030273	5.4732346534729
1	14	thousands	8.51648998260498	7.823838710784912	7.666134357452393	8.024709701538086
1	15	upon	9.33536434173584	4.1948041915893555	4.183730602264404	3.755936861038208
1	16	thousands	8.686939239501953	0.3188708424568176	0.0401003323495388	0.021521473303437233
1	17	of	0.12274376302957535	0.058849114924669266	0.14717541635036469	0.14782719314098358
1	18	sparkling	12.084403991699219	12.460375785827637	11.598989486694336	11.646188735961914
1	19	water	3.7055718898773193	2.526747226715088	3.7025251388549805	5.016328811645508
1	20	drops,	9.349162101745605	8.545500755310059	9.803738594055176	7.25140380859375
1	21	excited	12.419082641601562	11.618012428283691	10.700469017028809	11.222661972045898
1	22	by	4.605639457702637	2.1320762634277344	1.3962712287902832	1.8594698905944824
1	23	getting	6.697396278381348	7.380205154418945	8.173516273498535	8.619399070739746
1	24	to	3.035135269165039	3.367105722427368	1.303476333618164	1.877115249633789
1	25	play	5.465716361999512	4.17695951461792	4.637364864349365	2.6230082511901855
1	26	in	2.521897315979004	2.373253583908081	2.143012523651123	1.9663249254226685
1	27	the	1.3865309953689575	1.020759105682373	0.9383623003959656	1.0289573669433594
1	28	ocean,	10.224496841430664	9.145488739013672	10.027139663696289	10.511758804321289
1	29	danced	12.909896850585938	13.102910995483398	13.499825477600098	12.340764045715332
1	30	all	5.667929649353027	5.511375904083252	5.2763566970825195	5.261801719665527
1	31	around.	8.316827774047852	5.596369743347168	5.35037899017334	5.961639404296875
1	32	One	5.318440914154053	5.3554229736328125	4.891380786895752	4.846007347106934
1	33	of	1.3792686462402344	1.244871973991394	1.1315855979919434	1.1832865476608276
1	34	these	4.898470878601074	3.1315722465515137	3.0429091453552246	3.2137043476104736
1	35	was	7.339235305786133	6.706782341003418	2.998281955718994	2.8914828300476074
1	36	a	2.5677971839904785	1.9068105220794678	2.5169098377227783	1.9339230060577393
1	37	merry	11.774810791015625	10.611321449279785	10.895220756530762	11.245938301086426
1	38	little	6.7085347175598145	3.089503049850464	2.758058786392212	3.05102801322937
1	39	fellow	10.045470237731934	6.584885597229004	6.995280742645264	5.149023056030273
1	40	named	7.482880115509033	5.959186553955078	5.914592742919922	4.924833297729492
1	41	Aqua,	13.258146286010742	13.162239074707031	12.57524585723877	12.522843360900879
1	42	who	5.456550598144531	2.8451786041259766	1.4060447216033936	1.3688023090362549
1	43	danced	10.254485130310059	9.679193496704102	9.15635871887207	9.999152183532715
1	44	on	3.5773863792419434	3.202516794204712	3.0977463722229004	3.2663986682891846
1	45	the	1.3069698810577393	0.9791077375411987	0.8631535768508911	0.960741400718689
1	46	silver	9.751513481140137	9.551587104797363	7.9612812995910645	7.493091583251953
1	47	backs	8.409820556640625	8.595357894897461	8.944690704345703	7.50573205947876
1	48	of	2.347968101501465	2.6904592514038086	1.5688804388046265	0.3965151011943817
1	49	the	1.4618616104125977	1.312654972076416	1.2397592067718506	1.1805922985076904
1	50	fishes	12.420079231262207	11.865220069885254	9.908312797546387	10.889827728271484
1	51	as	4.295114517211914	5.043987274169922	5.118342399597168	4.094712257385254
1	52	they	3.768826723098755	2.698183536529541	2.073861837387085	2.1534037590026855
1	53	plunged	11.492773056030273	10.274270057678223	9.818765640258789	8.902898788452148
1	54	up	5.52943754196167	6.496867656707764	6.301882266998291	6.384685039520264
1	55	and	3.1177895069122314	2.499563217163086	2.3289647102355957	2.115074396133423
1	56	down	8.954129219055176	2.6025195121765137	0.956587553024292	0.6213458776473999
1	57	in	3.3071823120117188	3.294450283050537	3.392547607421875	2.332282066345215
1	58	the	1.3865312337875366	1.1326515674591064	0.955759584903717	1.0774891376495361
1	59	waves,	12.29568862915039	12.37938404083252	10.092803955078125	8.853998184204102
1	60	and,	7.422956466674805	7.184980392456055	7.138267993927002	7.301380157470703
1	61	no	6.366804122924805	6.516960144042969	6.406857490539551	6.4560065269470215
1	62	matter	3.4608969688415527	1.9621028900146484	1.5774009227752686	1.1925934553146362
1	63	how	2.1818346977233887	0.8751410841941833	0.6691619157791138	0.5542912483215332
1	64	high	6.199521064758301	5.056394100189209	4.58679723739624	4.739300727844238
1	65	he	8.349596977233887	3.721524238586426	3.687345504760742	3.8659279346466064
1	66	sprung,	15.554803848266602	14.471137046813965	14.596343994140625	13.805437088012695
1	67	he	3.703885316848755	3.1066582202911377	3.6161179542541504	3.2154970169067383
1	68	always	6.89607048034668	6.978185653686523	6.504827499389648	7.004489898681641
1	69	came	7.726465225219727	5.297000885009766	4.207395076751709	3.4987101554870605
1	70	down	4.092389106750488	3.4187393188476562	3.635664224624634	4.311044692993164
1	71	again	6.391942024230957	6.351358413696289	8.030137062072754	8.02390193939209
1	72	into	5.593896389007568	4.618887901306152	5.178923606872559	5.314111232757568
1	73	his	4.032029151916504	3.840533494949341	3.959616184234619	3.5623209476470947
1	74	mother's	6.968325138092041	6.042276382446289	5.892154693603516	4.815990447998047
1	75	lap.	10.026677131652832	8.710634231567383	5.582477569580078	4.793154239654541
1	76	His	4.880309104919434	4.4104790687561035	3.8768248558044434	3.2495594024658203
1	77	mother,	6.546195030212402	6.984591960906982	4.440107345581055	4.012507438659668
1	78	you	5.649022579193115	7.642207622528076	8.431912422180176	7.13288688659668
1	79	know,	4.660741806030273	2.8518898487091064	1.952810287475586	2.773942232131958
1	80	was	5.729841232299805	6.240365982055664	4.618206024169922	2.3555185794830322
1	81	the	3.1938233375549316	2.73087215423584	2.525136947631836	3.1626474857330322
1	82	ocean,	10.224496841430664	12.116211891174316	11.946789741516113	12.005451202392578
1	83	and	1.9544334411621094	2.0273940563201904	1.5791116952896118	1.4556927680969238
1	84	very	7.33596658706665	7.339483261108398	7.3506669998168945	7.775201797485352
1	85	beautiful	6.319148063659668	6.345016002655029	6.323760986328125	6.768261909484863
1	86	she	7.883797645568848	8.576967239379883	7.545502185821533	8.243823051452637
1	87	looked	5.261148452758789	5.88866662979126	5.878808975219727	5.725882530212402
1	88	that	6.4710693359375	6.88444185256958	4.921579360961914	4.97927188873291
1	89	summer	9.832637786865234	8.034560203552246	9.068256378173828	6.997338771820068
1	90	day	6.173955917358398	5.641657829284668	3.0112452507019043	2.334639549255371
1	91	in	3.1148159503936768	2.0177180767059326	1.1247327327728271	1.140864372253418
1	92	her	5.411279678344727	5.713128566741943	6.511872291564941	6.441295146942139
1	93	dark	9.373747825622559	8.04394817352295	8.77055549621582	7.51165246963501
1	94	blue	4.376564025878906	3.239790916442871	2.6603639125823975	4.403359889984131
1	95	dress	8.125594139099121	5.9803876876831055	2.660870313644409	2.214430809020996
1	96	and	2.084285259246826	1.6679275035858154	1.8393421173095703	1.4530080556869507
1	97	white	7.986874580383301	5.904164791107178	3.264500856399536	3.1121253967285156
1	98	ruffles.	15.330862045288086	13.0411376953125	10.668689727783203	10.09116268157959
1	99	By	6.137470722198486	6.2556023597717285	6.274422645568848	6.287532329559326
1	100	and	6.92582368850708	5.820931434631348	6.044549942016602	6.114409923553467
1	101	by,	13.651843070983887	6.4943037033081055	2.4035353660583496	2.8403162956237793
1	102	the	3.0011911392211914	2.7572600841522217	2.030738115310669	1.7280198335647583
1	103	happy	10.598937034606934	10.091275215148926	10.431982040405273	8.899114608764648
1	104	water	10.187747955322266	9.779485702514648	10.035224914550781	10.157103538513184
1	105	drop	8.175800323486328	7.417724609375	7.497528076171875	7.379909515380859
1	106	tired	12.935656547546387	13.886330604553223	13.775982856750488	13.206578254699707
1	107	of	0.9053807854652405	1.868079423904419	1.9159783124923706	2.005882978439331
1	108	his	4.349154472351074	4.651025295257568	4.109017372131348	3.598479747772217
1	109	play,	10.464866638183594	8.986163139343262	9.261173248291016	9.348236083984375
1	110	and	1.9675557613372803	2.022181510925293	1.9961893558502197	1.766946792602539
1	111	looking	8.378079414367676	7.803410053253174	7.637405872344971	7.529521942138672
1	112	up	4.266509056091309	4.308720588684082	4.560230731964111	4.56107759475708
1	113	to	1.7603809833526611	2.040006637573242	1.5852338075637817	1.6312609910964966
1	114	the	2.329280376434326	2.0921294689178467	2.0134191513061523	1.335871934890747
1	115	clear	9.313613891601562	9.5904541015625	9.805988311767578	8.611968994140625
1	116	sky	9.289204597473145	5.210946083068848	4.786489486694336	3.328087329864502
1	117	above	4.976164817810059	3.858121633529663	2.6792755126953125	2.53813099861145
1	118	him,	7.812872409820557	5.686269760131836	4.917486190795898	4.656271934509277
1	119	thought	8.7904691696167	9.184545516967773	9.506975173950195	9.67293643951416
1	120	he	3.2101755142211914	2.1279709339141846	2.166710376739502	2.0347278118133545
1	121	would	3.732557773590088	2.396594524383545	2.619503974914551	2.8887405395507812
1	122	like	4.1834187507629395	3.733417272567749	5.196495056152344	4.283796310424805
1	123	to	2.832031488418579	0.21305735409259796	0.2929346263408661	0.5389249324798584
1	124	have	4.459298133850098	3.4372363090515137	3.8538756370544434	3.5253703594207764
1	125	a	2.3029873371124268	1.796923279762268	1.3322734832763672	1.6426035165786743
1	126	sail	12.9945068359375	12.579565048217773	12.105152130126953	11.385961532592773
1	127	on	3.8361921310424805	2.7994654178619385	1.7920503616333008	1.9143000841140747
1	128	one	5.808440208435059	5.359893321990967	4.408362865447998	4.207045555114746
1	129	of	1.243708610534668	1.3769862651824951	0.5176244974136353	1.1899458169937134
1	130	the	1.4618616104125977	0.5239230990409851	0.5902349948883057	0.6903857588768005
1	131	white,	11.314848899841309	11.301896095275879	12.853264808654785	12.644471168518066
1	132	marshmallow-like	15.990267753601074	14.05666732788086	14.16000747680664	12.780527114868164
1	133	clouds,	8.861079216003418	8.480207443237305	7.686257839202881	7.477612495422363
1	134	instead	7.423937797546387	7.508683204650879	7.877685070037842	7.35983943939209
1	135	of	0.34074798226356506	0.3244880437850952	0.20180803537368774	0.11897959560155869
1	136	spending	8.705610275268555	6.071490287780762	7.102207183837891	9.061775207519531
1	137	his	5.609964370727539	5.359982013702393	3.8379898071289062	3.826918125152588
1	138	whole	7.0164618492126465	4.087753772735596	5.592164039611816	4.421494007110596
1	139	life	4.75480842590332	1.6767752170562744	0.33059966564178467	0.35965222120285034
1	140	in	2.4215126037597656	3.3567891120910645	2.9096949100494385	1.6299165487289429
1	141	the	1.3865309953689575	1.3041783571243286	1.4323488473892212	1.382424235343933
1	142	ocean.	10.369915008544922	9.24482536315918	8.89704418182373	8.416301727294922
1	143	Of	6.285658836364746	6.28240442276001	6.291795253753662	6.280001640319824
1	144	the	2.382643461227417	1.6873762607574463	1.8493646383285522	1.644264817237854
1	145	sky,	9.60673999786377	10.944104194641113	10.660602569580078	10.246085166931152
1	146	little	9.569621086120605	8.966233253479004	7.9391679763793945	7.766866683959961
1	147	Aqua	14.749055862426758	13.193693161010742	13.068058013916016	12.28394889831543
1	148	had	6.657827377319336	7.710799694061279	3.9674761295318604	3.984992504119873
1	149	always	6.11662483215332	5.3056488037109375	5.964126110076904	5.388753890991211
1	150	been	3.117008686065674	1.0439903736114502	0.6873059272766113	1.3491052389144897
1	151	afraid,	12.138439178466797	11.621379852294922	9.656386375427246	9.924583435058594
1	152	but	2.430488348007202	2.231733560562134	1.6028743982315063	1.7530180215835571
1	153	he	3.6072840690612793	2.957221746444702	2.9016990661621094	3.6022017002105713
1	154	decided	5.765189170837402	5.846141815185547	5.553257942199707	5.178138732910156
1	155	to	0.5483172535896301	0.29001036286354065	0.5059581995010376	0.547642707824707
1	156	finally	9.012331008911133	7.695128440856934	7.275831699371338	8.105905532836914
1	157	face	9.066567420959473	5.551750659942627	5.530577659606934	5.042852401733398
1	158	his	5.525513648986816	3.8116023540496826	2.779292345046997	3.1031606197357178
1	159	demons	11.312429428100586	8.527473449707031	5.7154436111450195	4.408103942871094
1	160	and	2.444150686264038	1.5036072731018066	1.0045738220214844	1.5604246854782104
1	161	suggested	8.891149520874023	11.423850059509277	10.28940200805664	11.50016975402832
1	162	a	3.8769121170043945	2.988285779953003	3.155576229095459	3.1113433837890625
1	163	solution	8.037556648254395	6.000683784484863	4.98518180847168	4.859122276306152
1	164	involving	9.531641960144043	6.952984809875488	5.018479347229004	4.564436435699463
1	165	the	1.8329079151153564	1.7017887830734253	1.9051254987716675	1.8593734502792358
1	166	sun	7.984072208404541	9.712760925292969	8.338854789733887	8.319665908813477
1	167	carrying	9.666828155517578	9.576645851135254	9.372269630432129	8.351502418518066
1	168	him	4.846585273742676	5.788394451141357	5.020953178405762	8.334676742553711
1	169	up	4.914649963378906	4.543241500854492	3.9349687099456787	3.584822416305542
1	170	to	1.760380744934082	1.7843947410583496	1.6108020544052124	1.2270565032958984
1	171	the	2.329280376434326	2.0921294689178467	1.7662667036056519	0.8479792475700378
1	172	sky	8.292784690856934	8.18804931640625	6.522042751312256	5.817476272583008
1	173	would	5.356118202209473	5.611515045166016	6.191549301147461	6.546348571777344
1	174	be	1.4326350688934326	1.30049729347229	1.3720940351486206	1.2859057188034058
1	175	ideal.	11.770267486572266	9.022538185119629	8.968957901000977	10.623645782470703
1	176	The	2.4963667392730713	2.500718593597412	2.570924997329712	2.2676544189453125
1	177	sun	8.020145416259766	7.9865498542785645	7.84421443939209	8.019164085388184
1	178	understood	12.384573936462402	12.609203338623047	12.443826675415039	13.395604133605957
1	179	Aqua's	15.966078758239746	13.638200759887695	11.762369155883789	13.021615028381348
1	180	request	8.676431655883789	6.920604705810547	6.655257701873779	4.38615608215332
1	181	came	8.46500015258789	6.448176860809326	7.594749927520752	7.610295295715332
1	182	from	2.534942626953125	0.9393495321273804	2.0269775390625	1.4371827840805054
1	183	his	4.259256362915039	4.276388168334961	4.186996936798096	4.421618461608887
1	184	heart,	7.81065034866333	7.517317771911621	6.502191066741943	8.205970764160156
1	185	so	4.5399250984191895	4.400940895080566	4.397494316101074	3.8486993312835693
1	186	he	4.036523342132568	3.028291702270508	1.6924716234207153	1.7060387134552002
1	187	acquiesced	12.13105297088623	11.69665813446045	11.56932258605957	10.795247077941895
1	188	and	3.1253950595855713	2.4215569496154785	1.6377644538879395	1.4035930633544922
1	189	also	6.117883682250977	6.316791534423828	6.382129669189453	6.653260231018066
1	190	took	6.178232669830322	6.684261798858643	4.553838729858398	4.138842582702637
1	191	ever	8.347112655639648	11.801271438598633	11.54235553741455	11.310253143310547
1	192	so	6.37713623046875	2.2432899475097656	2.821794033050537	2.3845062255859375
1	193	many	3.103332281112671	4.7588324546813965	4.808473587036133	3.30973744392395
1	194	other	3.7349257469177246	3.5250086784362793	4.797608375549316	5.8073577880859375
1	195	drops,	13.4896821975708	13.14561653137207	13.215020179748535	12.966909408569336
1	196	so	4.160104751586914	3.601801633834839	3.4843318462371826	3.2612063884735107
1	197	that	2.8531723022460938	2.7968287467956543	2.7363638877868652	3.1840333938598633
1	198	Aqua	13.394441604614258	13.52204704284668	13.111579895019531	12.12576675415039
1	199	might	9.177752494812012	6.079498291015625	4.538575172424316	4.498912811279297
1	200	not	2.533148765563965	2.2244999408721924	2.2781922817230225	2.5851125717163086
1	201	be	2.918262004852295	0.9865118265151978	0.7240477204322815	0.8075762987136841
1	202	lonesome	14.089043617248535	14.995475769042969	14.27337646484375	14.542583465576172
1	203	on	4.939054012298584	3.218749523162842	2.996800422668457	3.1433568000793457
1	204	the	1.3069698810577393	0.8844660520553589	0.9244580268859863	0.8722902536392212
1	205	way.	8.506685256958008	7.095881462097168	7.623908996582031	8.285664558410645
1	206	It	3.3914387226104736	3.4902307987213135	3.5746970176696777	3.5969674587249756
1	207	was	1.6171106100082397	1.807878017425537	1.57125723361969	1.5010720491409302
1	208	only	5.324974060058594	3.9934771060943604	3.9244141578674316	4.029544830322266
1	209	the	3.486204147338867	3.109499454498291	3.0929553508758545	3.2528114318847656
1	210	sun	7.984072208404541	8.756726264953613	9.673957824707031	8.941781997680664
1	211	that	4.189713001251221	4.264057636260986	4.410643577575684	1.3985711336135864
1	212	knew	9.648921012878418	9.228056907653809	9.333403587341309	8.827067375183105
1	213	this,	6.833590507507324	7.037796497344971	7.6832733154296875	7.401723384857178
1	214	however,	5.02974796295166	5.8194780349731445	6.043397426605225	6.505681037902832
1	215	for	5.338234901428223	5.560529708862305	4.771903991699219	5.590373992919922
1	216	all	4.5463995933532715	3.8891873359680176	4.408137321472168	4.529273509979248
1	217	the	1.7134159803390503	1.976978063583374	1.3310409784317017	1.4885175228118896
1	218	other	5.477868556976318	3.582528591156006	3.8756136894226074	4.913900852203369
1	219	drops	11.616698265075684	11.252731323242188	10.659646987915039	10.853829383850098
1	220	had	7.365169525146484	6.4266180992126465	6.422806739807129	6.105328559875488
1	221	been	1.9564940929412842	1.6175979375839233	1.698422908782959	1.8875467777252197
1	222	changed	7.03633451461792	7.333958148956299	7.146894931793213	7.092513561248779
1	223	into	4.6857452392578125	3.799172878265381	3.637908935546875	3.994354248046875
1	224	fine	9.090304374694824	9.031139373779297	9.139127731323242	8.958263397216797
1	225	mist	12.387557983398438	6.857674598693848	5.531870365142822	7.06532621383667
1	226	or	4.364909648895264	3.8540549278259277	3.2317593097686768	3.9329166412353516
1	227	vapor	12.110567092895508	7.830033302307129	5.10653018951416	4.265531539916992
1	228	and	2.0084609985351562	4.224565505981445	3.5424907207489014	3.766291379928589
1	229	Aqua	12.368888854980469	11.994752883911133	13.071606636047363	12.895238876342773
1	230	could	7.748923301696777	6.469788074493408	7.029604911804199	6.934415340423584
1	231	not	2.7619237899780273	3.0244860649108887	2.3022356033325195	2.402097225189209
1	232	see	5.686426162719727	4.2196455001831055	4.157538414001465	3.711402654647827
1	233	them.	6.874951362609863	6.324434280395508	5.594430923461914	5.3390302658081055
1	234	Do	6.391144752502441	6.099489212036133	6.323361396789551	7.728452682495117
1	235	you	0.9596258401870728	1.0556914806365967	0.9669563174247742	0.9348918795585632
1	236	know	3.8459270000457764	2.2635533809661865	2.047114849090576	2.0085208415985107
1	237	what	1.9626362323760986	1.9666348695755005	1.5935463905334473	1.3041744232177734
1	238	vapor	15.73158073425293	13.335216522216797	13.620840072631836	12.665594100952148
1	239	is?	13.14065933227539	6.336188316345215	4.310486793518066	2.7950425148010254
1	240	If	4.053767681121826	3.899529218673706	4.241708278656006	3.758136034011841
1	241	you	1.052882194519043	1.44527268409729	1.3843125104904175	1.0555150508880615
1	242	breathe	9.49600601196289	10.458046913146973	10.371403694152832	6.632342338562012
1	243	into	3.2823939323425293	3.9176080226898193	3.8865270614624023	3.6815226078033447
1	244	the	1.2543747425079346	1.1904234886169434	1.645787000656128	1.2737375497817993
1	245	air,	9.20890998840332	6.675760746002197	5.382122993469238	4.64717435836792
1	246	when	6.022765159606934	5.932148456573486	6.27942419052124	6.373072147369385
1	247	it	2.9188270568847656	2.6138529777526855	2.8142595291137695	2.773895740509033
1	248	is	2.1171772480010986	2.502664804458618	1.9555853605270386	2.0865767002105713
1	249	cold	10.287116050720215	9.327018737792969	7.334444046020508	5.432983875274658
1	250	enough,	8.75992488861084	5.829587936401367	5.887716293334961	4.71093225479126
1	251	you	3.8375487327575684	3.09625244140625	2.894533634185791	2.6944029331207275
1	252	will	3.5798139572143555	2.6734113693237305	2.6431260108947754	3.0855276584625244
1	253	see	4.703275680541992	2.9438233375549316	3.277588129043579	2.870875358581543
1	254	it	3.2138330936431885	3.686508893966675	3.868762969970703	3.609222412109375
1	255	coming	8.75365924835205	6.009452819824219	5.82595682144165	6.044983863830566
1	256	out	2.969740629196167	2.4507813453674316	5.235894680023193	5.128454685211182
1	257	of	1.2769882678985596	0.7511770725250244	1.1063328981399536	0.3738163411617279
1	258	your	4.814537048339844	4.03828239440918	4.632728576660156	2.263685703277588
1	259	mouth	6.560330390930176	7.7446675300598145	4.441151142120361	2.491602897644043
1	260	thick	9.214180946350098	10.263105392456055	11.87088680267334	11.727598190307617
1	261	and	2.3866047859191895	1.5851707458496094	1.0669820308685303	1.13673996925354
1	262	fast	9.233684539794922	5.718282699584961	5.930828094482422	4.755584716796875
1	263	like	7.697839736938477	7.005636692047119	4.305579662322998	3.1355478763580322
1	264	steam.	13.223552703857422	10.380176544189453	9.9697265625	8.676639556884766
1	265	When	4.3009724617004395	4.296051502227783	4.050785064697266	4.138580322265625
1	266	the	2.0844085216522217	1.3139805793762207	1.975095510482788	1.8498228788375854
1	267	vapor	11.635860443115234	10.607599258422852	6.505462169647217	6.064284324645996
1	268	is	3.4620108604431152	3.18717622756958	1.6961842775344849	1.8251349925994873
1	269	quite	5.928955078125	7.118802547454834	5.505266189575195	7.072279930114746
1	270	near	8.280941009521484	7.637098789215088	7.763933181762695	8.199769973754883
1	271	the	1.051234245300293	1.1512432098388672	1.2397969961166382	1.0525990724563599
1	272	earth,	9.516082763671875	9.775642395019531	8.460196495056152	8.57166862487793
1	273	we	4.347891807556152	4.789185047149658	5.359121322631836	5.031695365905762
1	274	call	6.035333156585693	5.653275489807129	5.6830010414123535	5.426686763763428
1	275	it	2.97747540473938	2.494222640991211	1.1214882135391235	1.1026476621627808
1	276	'fog'.	23.274303436279297	16.92007064819336	16.384275436401367	14.965080261230469
1	277	Into	10.515028953552246	10.561030387878418	11.087162017822266	10.730932235717773
1	278	vapor	13.434612274169922	11.061410903930664	10.803645133972168	11.400615692138672
1	279	the	5.636754989624023	4.7088751792907715	3.4113950729370117	3.546043634414673
1	280	water	7.449392318725586	5.13079833984375	5.070505142211914	4.523018836975098
1	281	drops	7.567609786987305	8.357558250427246	7.309916973114014	4.578096389770508
1	282	that	4.605587005615234	3.7598230838775635	4.034949779510498	5.266469955444336
1	283	danced	13.628486633300781	12.32819938659668	10.307465553283691	9.62016487121582
1	284	in	2.109731674194336	2.0505566596984863	1.9253578186035156	1.710282802581787
1	285	the	1.3865312337875366	1.029617190361023	0.6489005088806152	0.5924749374389648
1	286	ocean	8.834125518798828	8.205262184143066	7.925886631011963	8.075942993164062
1	287	had	6.655773639678955	6.151602745056152	6.162877559661865	6.44054651260376
1	288	been	1.9564940929412842	1.6117568016052246	1.6250839233398438	1.3442413806915283
1	289	changed,	9.28270149230957	9.559259414672852	8.514205932617188	8.393571853637695
1	290	because	4.716140270233154	4.981381416320801	4.955687522888184	5.126617431640625
1	291	in	5.621007919311523	4.158925533294678	4.154175758361816	4.031976222991943
1	292	their	4.459560871124268	4.459352493286133	4.926388740539551	5.1325883865356445
1	293	own	3.1295132637023926	2.6724209785461426	3.2609431743621826	3.554759979248047
1	294	shape	9.69540786743164	9.594077110290527	9.3773832321167	10.246467590332031
1	295	they	5.824926853179932	6.6628289222717285	6.323837757110596	6.615419387817383
1	296	were	2.5176022052764893	2.7310705184936523	2.559793472290039	3.182255744934082
1	297	too	6.026984214782715	5.496158123016357	6.317144870758057	6.180693626403809
1	298	heavy	6.941307067871094	5.681619644165039	5.667511463165283	5.175469398498535
1	299	for	5.898040294647217	1.6193304061889648	1.3129761219024658	1.4241009950637817
1	300	the	1.8875508308410645	1.8113985061645508	1.9389190673828125	1.3987802267074585
1	301	sunbeams	13.825323104858398	14.422028541564941	13.770858764648438	13.372578620910645
1	302	that	3.502345085144043	2.7106003761291504	2.0512256622314453	2.545250415802002
1	303	the	2.3350260257720947	4.95499849319458	4.346062183380127	4.413492202758789
1	304	sun	7.984072208404541	7.754800796508789	2.770577907562256	3.1273367404937744
1	305	let	9.575172424316406	8.921533584594727	9.726454734802246	8.318622589111328
1	306	out	4.6387529373168945	1.8985294103622437	1.622218132019043	1.7937896251678467
1	307	to	2.9634809494018555	7.143951416015625	6.421771049499512	6.623944282531738
1	308	carry.	12.021448135375977	13.565258979797363	12.896357536315918	14.214133262634277
1	309	Higher	9.592132568359375	9.655802726745605	10.013957023620605	10.340015411376953
1	310	and	4.2189764976501465	5.243854999542236	5.146153450012207	4.879590034484863
1	311	higher	8.34481143951416	1.6459108591079712	0.7702187895774841	0.7774724364280701
1	312	they	8.654233932495117	8.08116340637207	5.454680442810059	5.079122066497803
1	313	sailed,	14.277034759521484	11.670249938964844	9.898102760314941	7.793264389038086
1	314	and	1.903523564338684	1.5800044536590576	1.6891969442367554	1.5134671926498413
1	315	though	8.331643104553223	6.866257667541504	6.4810872077941895	6.195099353790283
1	316	it	2.5692882537841797	2.4711196422576904	2.752531051635742	3.0936708450317383
1	317	was	2.332796096801758	2.0948920249938965	1.9103705883026123	1.1677794456481934
1	318	grand,	13.01480484008789	12.897286415100098	13.418295860290527	11.365571975708008
1	319	Aqua	14.302309036254883	14.925463676452637	15.261695861816406	14.526464462280273
1	320	and	4.0336198806762695	3.610326051712036	3.2715296745300293	3.1192445755004883
1	321	his	5.266144752502441	5.270650863647461	4.735755920410156	5.111802577972412
1	322	friends	6.130878448486328	4.237632751464844	2.5672061443328857	2.4617960453033447
1	323	were	4.044878959655762	3.100456953048706	2.4207968711853027	2.964383840560913
1	324	like	6.959231853485107	6.08872127532959	6.192019939422607	6.798763751983643
1	325	fish	10.029359817504883	7.59246826171875	8.903852462768555	7.9539899826049805
1	326	out	6.051102161407471	4.191044807434082	1.404191493988037	0.8567571043968201
1	327	of	1.2769882678985596	0.3025023937225342	0.005661564879119396	0.0016889619873836637
1	328	water,	9.113269805908203	9.069263458251953	4.731250762939453	1.3318482637405396
1	329	so	3.9694788455963135	3.876387119293213	3.70082426071167	3.512697458267212
1	330	they	3.6379456520080566	3.2609212398529053	3.3169984817504883	2.745361566543579
1	331	grew	7.304261207580566	8.21079158782959	7.659252166748047	7.68333625793457
1	332	quite	6.818073272705078	7.260989665985107	6.360389709472656	5.851156234741211
1	333	dizzy.	11.847753524780273	10.295294761657715	10.596388816833496	10.69424819946289
1	334	They	3.8925247192382812	4.12956428527832	4.171818733215332	2.276576519012451
1	335	enjoyed	7.860774993896484	9.119771003723145	8.673988342285156	8.452112197875977
1	336	looking	7.768585681915283	7.260276794433594	6.352263450622559	6.0633649826049805
1	337	down	5.871664524078369	4.67034387588501	3.6193137168884277	3.363544225692749
1	338	on	2.9424426555633545	1.9492872953414917	2.089750289916992	1.4963579177856445
1	339	the	1.3069698810577393	1.2512495517730713	1.2829533815383911	1.45143723487854
1	340	world	5.71575927734375	6.399275302886963	6.636534690856934	4.237987518310547
1	341	below,	10.488286972045898	9.558631896972656	9.560981750488281	8.66939926147461
1	342	while	5.803562164306641	4.705831050872803	4.87026309967041	4.674145698547363
1	343	the	2.2501986026763916	1.465506672859192	1.4061964750289917	1.37519371509552
1	344	wind	8.60336971282959	7.795634746551514	8.995914459228516	7.028684616088867
1	345	scattered	10.810235977172852	9.335103988647461	9.013641357421875	9.654611587524414
1	346	them	6.229614734649658	6.47126579284668	4.441730976104736	4.432518005371094
1	347	across	6.822848796844482	4.5235137939453125	2.6494500637054443	2.293724775314331
1	348	the	0.690933108329773	0.48449239134788513	0.5005929470062256	0.2055434137582779
1	349	four	7.62347412109375	7.854881763458252	7.578423500061035	6.726980686187744
1	350	corners	8.082844734191895	4.0573930740356445	2.2634096145629883	2.4139881134033203
1	351	of	0.8071751594543457	0.7677859663963318	0.35074883699417114	0.25638940930366516
1	352	the	1.4618616104125977	0.5263980627059937	0.38663408160209656	0.4007444679737091
1	353	earth,	9.516082763671875	8.644254684448242	6.411316871643066	5.054526329040527
1	354	but	2.9805641174316406	3.236973285675049	3.3725781440734863	3.3491902351379395
1	355	after	6.163069248199463	6.117026329040527	6.218411445617676	6.206468105316162
1	356	a	2.6972248554229736	2.0168800354003906	2.143618106842041	2.398252487182617
1	357	while	8.133626937866211	5.813501358032227	2.84883713722229	2.0146498680114746
1	358	it	3.824679374694824	4.871847152709961	3.1715505123138428	2.3091371059417725
1	359	grew	8.351213455200195	8.171073913574219	7.474164009094238	6.585659027099609
1	360	nearly	6.252422332763672	7.565654754638672	7.197807312011719	8.799827575683594
1	361	time	7.535897254943848	9.221901893615723	9.53391170501709	9.636744499206543
1	362	for	3.0234298706054688	2.2482242584228516	4.445145130157471	2.985229969024658
1	363	the	1.8875508308410645	1.7493656873703003	1.609890341758728	1.755393147468567
1	364	sun	7.984072208404541	8.903070449829102	6.830275058746338	6.076528549194336
1	365	to	4.0410871505737305	3.1459522247314453	1.2754656076431274	0.09182517230510712
1	366	go	4.95212459564209	5.127798557281494	4.238025665283203	4.096116542816162
1	367	to	1.748227834701538	1.7630417346954346	2.094961404800415	3.1345763206481934
1	368	bed.	11.199844360351562	6.049196243286133	6.3939619064331055	4.473324298858643
1	369	He	3.0337321758270264	2.9705967903137207	3.5815305709838867	3.0517804622650146
1	370	became	6.123129844665527	6.967150688171387	6.6456618309021	6.82966423034668
1	371	very	4.991265296936035	4.561473369598389	2.998152494430542	2.9346237182617188
1	372	red	8.786520957946777	9.030316352844238	9.518345832824707	7.1648149490356445
1	373	in	4.830674171447754	2.6730775833129883	1.2544944286346436	0.5568374395370483
1	374	the	1.3865309953689575	1.241225242614746	1.5522079467773438	1.1389472484588623
1	375	face,	10.049542427062988	8.311914443969727	5.391429901123047	3.834273338317871
1	376	and	2.1046741008758545	1.972151279449463	1.886939287185669	1.8239238262176514
1	377	began	8.574089050292969	6.804996967315674	7.111567974090576	6.944525718688965
1	378	to	1.3023005723953247	1.11326003074646	0.7402951121330261	0.7590227127075195
1	379	sink	9.497724533081055	6.955294609069824	7.5367231369018555	6.880001544952393
1	380	lower	9.081703186035156	6.318911552429199	4.83890438079834	4.829404830932617
1	381	and	3.925092935562134	2.050464391708374	1.596705436706543	0.8628538846969604
1	382	lower,	11.979171752929688	3.754807472229004	3.044063091278076	2.8414230346679688
1	383	until	7.5448455810546875	6.494452953338623	2.664524555206299	2.205002784729004
1	384	suddenly	9.671141624450684	7.452685832977295	7.315871238708496	6.113226413726807
1	385	he	5.2540130615234375	2.298368453979492	2.3939244747161865	2.364194869995117
1	386	went	5.192596435546875	5.158915042877197	5.213176727294922	5.38515567779541
1	387	clear	8.383986473083496	9.231284141540527	7.99587869644165	7.906301498413086
1	388	out	5.690523147583008	3.14974308013916	2.430978298187256	2.5229485034942627
1	389	of	1.2769882678985596	1.7928376197814941	0.7380072474479675	1.0552215576171875
1	390	sight!	15.66353988647461	11.462179183959961	11.309074401855469	10.073623657226562
1	391	Poor	8.652616500854492	8.632805824279785	8.563026428222656	8.891295433044434
1	392	little	8.47322940826416	2.807863712310791	2.7691822052001953	2.6313538551330566
1	393	Aqua,	18.457216262817383	16.08916664123535	12.704874992370605	12.556275367736816
1	394	frightened	14.321318626403809	13.52685546875	9.511960983276367	8.128484725952148
1	395	by	2.514517068862915	1.2281625270843506	1.4009615182876587	1.1868658065795898
1	396	the	1.5458581447601318	0.8577287197113037	0.8114181756973267	0.7636377811431885
1	397	impending	10.286360740661621	10.478242874145508	7.954165935516357	6.652145862579346
1	398	cold	8.855155944824219	7.5388031005859375	7.768089294433594	7.729250907897949
1	399	and	2.5513863563537598	3.1478705406188965	2.8243680000305176	2.836130142211914
1	400	darkness,	11.647504806518555	9.982012748718262	6.7625861167907715	5.778657913208008
1	401	wished	12.106828689575195	11.96982479095459	11.87882137298584	12.031621932983398
1	402	he	3.851865291595459	3.174656867980957	3.7815446853637695	3.0098562240600586
1	403	could	4.22681999206543	1.0352139472961426	0.9962368011474609	1.0323922634124756
1	404	sleep	8.411040306091309	7.85904598236084	5.988999843597412	4.544858932495117
1	405	not	7.758859157562256	7.550986289978027	7.515495300292969	7.9394989013671875
1	406	in	4.708742141723633	3.682884931564331	3.792783260345459	3.273043632507324
1	407	the	1.3865312337875366	1.1850343942642212	1.3162368535995483	1.3480268716812134
1	408	sky,	9.60673999786377	8.291667938232422	9.002740859985352	8.96870231628418
1	409	but	2.849949359893799	3.139920473098755	3.072786331176758	1.4711437225341797
1	410	somewhere	9.961990356445312	9.061686515808105	8.989311218261719	9.047479629516602
1	411	closer	5.850229740142822	7.343642234802246	6.060176849365234	5.858213424682617
1	412	to	0.5725243091583252	0.10676546394824982	0.09609268605709076	0.23957794904708862
1	413	earth.	11.697210311889648	8.774696350097656	8.146170616149902	8.274839401245117
1	414	Then	5.593963146209717	5.850226402282715	5.660627365112305	5.74825382232666
1	415	Aqua	12.524715423583984	12.837069511413574	13.015711784362793	12.917317390441895
1	416	heard	12.815503120422363	8.06439208984375	6.711182117462158	6.897514343261719
1	417	the	2.4317140579223633	1.6789785623550415	1.4885940551757812	1.484684705734253
1	418	wind	8.60336971282959	7.086006164550781	6.3642778396606445	6.593700408935547
1	419	blow	7.352204322814941	6.287461280822754	3.223416328430176	3.3713152408599854
1	420	and	3.639755964279175	2.9564719200134277	2.077882766723633	1.7274411916732788
1	421	conjectured	15.937295913696289	16.610746383666992	16.669750213623047	16.537166595458984
1	422	that	0.96852707862854	0.6410243511199951	0.5172595381736755	0.5783357620239258
1	423	maybe	8.494098663330078	7.231718063354492	6.788226127624512	6.218623161315918
1	424	the	2.788327217102051	2.388533592224121	1.8881747722625732	1.9051882028579712
1	425	wind	8.60336971282959	8.21078872680664	8.060749053955078	7.150756359100342
1	426	could	6.834529876708984	5.028914928436279	3.5273420810699463	2.9783897399902344
1	427	take	4.7440338134765625	4.584679126739502	4.790205955505371	4.470870018005371
1	428	him	4.974045753479004	4.157058238983154	4.593048095703125	2.834333658218384
1	429	back	4.908332347869873	2.9438343048095703	3.091829776763916	3.570075273513794
1	430	down	5.170194625854492	5.255526542663574	5.224708080291748	4.4907073974609375
1	431	to	2.1468281745910645	1.2380414009094238	1.2323380708694458	0.6964575052261353
1	432	the	2.329280376434326	1.3973033428192139	1.3619824647903442	1.4572333097457886
1	433	ocean.	10.369915008544922	10.17234992980957	9.807756423950195	8.88952922821045
1	434	Indeed,	7.224832534790039	7.314168453216553	7.178074359893799	7.75527286529541
1	435	the	1.6786696910858154	1.5447380542755127	1.573529601097107	1.5477890968322754
1	436	wind	8.60336971282959	9.43957805633545	7.213407516479492	7.29968786239624
1	437	took	8.785679817199707	6.8677778244018555	6.8344035148620605	6.731561660766602
1	438	pity	9.31501293182373	9.157140731811523	7.880725860595703	7.15231466293335
1	439	on	4.430612564086914	0.18279577791690826	0.13567408919334412	0.1546509563922882
1	440	him	6.609745979309082	4.001936435699463	2.2750473022460938	2.5806362628936768
1	441	and	2.8890461921691895	2.0482797622680664	2.140312433242798	0.20111703872680664
1	442	fanned	12.186934471130371	11.983026504516602	11.575284004211426	11.93028450012207
1	443	him,	7.214265823364258	6.992569923400879	4.037405014038086	3.8479089736938477
1	444	together	9.096381187438965	9.948583602905273	9.662369728088379	9.4652681350708
1	445	with	1.6473027467727661	0.16627585887908936	0.2503761649131775	0.2941080331802368
1	446	all	4.852497100830078	4.951689720153809	3.709293842315674	4.182981014251709
1	447	of	2.1475186347961426	1.8215359449386597	1.710852026939392	2.5651988983154297
1	448	his	4.349154472351074	3.596860885620117	3.3180418014526367	3.181165933609009
1	449	brothers	7.947968006134033	7.555546760559082	7.110561370849609	6.848499774932861
1	450	and	2.052042007446289	1.5782182216644287	1.2703417539596558	1.142195224761963
1	451	sisters,	13.283437728881836	2.5237255096435547	2.3630707263946533	2.174448013305664
1	452	into	8.587201118469238	8.310993194580078	8.573888778686523	8.754495620727539
1	453	a	2.010791778564453	2.186786413192749	2.212076425552368	2.4346511363983154
1	454	heavy	7.768749237060547	8.084542274475098	8.753778457641602	8.954293251037598
1	455	gray	9.118385314941406	8.610906600952148	7.076776027679443	7.174797058105469
1	456	cloud,	10.275303840637207	8.892791748046875	6.111685276031494	4.629972457885742
1	457	after	6.852766036987305	6.770320892333984	7.012916088104248	6.924428939819336
1	458	which	6.401193618774414	2.6838302612304688	2.3030550479888916	1.7175782918930054
1	459	he	3.7028491497039795	2.494398832321167	2.706228733062744	2.4296770095825195
1	460	blew	8.81381607055664	9.326615333557129	7.891454696655273	7.098459243774414
1	461	them	4.246218204498291	4.517644882202148	5.016768932342529	3.734567165374756
1	462	apart	8.410286903381348	4.277158260345459	5.199827194213867	4.611929416656494
1	463	and	3.0348706245422363	1.9032729864120483	1.8805674314498901	1.929162859916687
1	464	told	7.510108947753906	6.537992477416992	7.11097526550293	6.191272735595703
1	465	them	3.80659556388855	2.6753406524658203	2.4064512252807617	1.4548662900924683
1	466	to	2.029538154602051	1.8340251445770264	1.342900037765503	1.2022573947906494
1	467	hurry	10.363015174865723	9.748150825500488	6.429744720458984	5.788199424743652
1	468	down,	7.385187149047852	7.917505264282227	8.070943832397461	8.278264999389648
1	469	fast	9.963906288146973	8.422592163085938	8.21013355255127	8.4547119140625
1	470	and	2.2198030948638916	1.5958324670791626	1.874082088470459	2.137269973754883
1	471	furious	11.403066635131836	3.441239833831787	3.004006862640381	4.215847969055176
1	472	to	3.3247408866882324	4.090717315673828	3.573029041290283	2.965585231781006
1	473	the	2.329280376434326	3.91892671585083	2.466832160949707	2.765768051147461
1	474	earth,	9.516082763671875	9.29774284362793	9.071098327636719	9.065784454345703
1	475	so	4.191980361938477	4.346622943878174	4.23867654800415	4.342602729797363
1	476	they	3.6379456520080566	3.418527126312256	3.3926467895507812	3.3469200134277344
1	477	could	4.124913215637207	2.754763603210449	3.1288490295410156	3.1870346069335938
1	478	have	2.955444812774658	2.497403144836426	3.47196626663208	3.4074602127075195
1	479	a	2.3029873371124268	3.1879353523254395	3.2102808952331543	1.6957509517669678
1	480	fighting	9.33890151977539	8.860876083374023	8.529145240783691	7.20265007019043
1	481	chance	10.227643013000488	1.6175426244735718	0.4703625440597534	0.36603254079818726
1	482	of	1.703011155128479	1.776952862739563	1.4487615823745728	1.3387255668640137
1	483	reaching	9.992175102233887	5.391698360443115	5.0858473777771	5.249723434448242
1	484	the	1.4951112270355225	1.6876425743103027	1.2437779903411865	0.8668980598449707
1	485	ocean.	10.369915008544922	9.163140296936035	9.356778144836426	9.37486743927002
1	486	Down	9.494356155395508	9.249274253845215	9.241044044494629	9.295116424560547
1	487	they	8.558758735656738	5.61451530456543	5.371057033538818	4.61863899230957
1	488	went,	9.712156295776367	3.569303512573242	1.943537950515747	1.915014624595642
1	489	rolling	9.057084083557129	9.566712379455566	6.947498321533203	7.478998184204102
1	490	over	4.181981086730957	2.9934775829315186	2.9709770679473877	2.671020269393921
1	491	each	6.350883960723877	6.341678142547607	6.824095726013184	4.697604179382324
1	492	other	2.665235757827759	1.433310627937317	0.5464968681335449	0.6251112818717957
1	493	until	10.571524620056152	5.7513837814331055	4.6511054039001465	4.8708038330078125
1	494	with	7.154851913452148	8.49854850769043	8.99056625366211	8.805307388305664
1	495	a	2.2593159675598145	1.9703552722930908	1.9272792339324951	1.776920199394226
1	496	patter	13.952289581298828	12.256711959838867	11.655643463134766	11.588211059570312
1	497	and	2.479226589202881	3.571563243865967	3.46451473236084	3.1836118698120117
1	498	clatter	14.31640911102295	8.073164939880371	7.713512897491455	8.468209266662598
1	499	and	1.9864552021026611	3.240137815475464	3.5035433769226074	3.651080369949341
1	500	spatter	14.622649192810059	9.021160125732422	9.3001127243042	9.31103801727295
1	501	they	7.317615509033203	7.397317409515381	7.519718647003174	7.318498611450195
1	502	touched	9.892391204833984	9.272400856018066	9.038471221923828	10.213703155517578
1	503	the	1.9739376306533813	1.8479762077331543	2.465270519256592	1.9446240663528442
1	504	ground,	8.354452133178711	5.305750846862793	3.7026681900024414	2.7908596992492676
1	505	and	2.075955390930176	2.054021120071411	1.835187554359436	2.314899206161499
1	506	all	5.60943603515625	5.132545471191406	5.264013290405273	5.12653923034668
1	507	the	1.7134159803390503	1.6406359672546387	1.5325103998184204	1.6145647764205933
1	508	people	6.659811019897461	4.7233757972717285	4.075006484985352	4.105914115905762
1	509	that	4.060614585876465	3.1887083053588867	2.5231220722198486	2.4646360874176025
1	510	the	2.3350260257720947	3.8015565872192383	4.148852825164795	4.783019065856934
1	511	raindrops	12.908485412597656	13.254915237426758	13.875338554382324	13.957406044006348
1	512	fell	4.5416154861450195	3.946066379547119	3.8250865936279297	4.057030200958252
1	513	on	3.085130453109741	1.2205030918121338	1.5645098686218262	1.9860414266586304
1	514	cried,	17.536462783813477	17.52653694152832	17.74178695678711	17.695837020874023
1	515	'It's	7.447259426116943	7.127455711364746	8.1704683303833	8.007424354553223
1	516	raining',	11.918635368347168	11.417765617370605	10.79346752166748	10.325723648071289
1	517	and	2.067617177963257	2.1872591972351074	0.8085459470748901	0.7870019674301147
1	518	took	7.7230987548828125	7.333472728729248	7.325311660766602	6.028076648712158
1	519	out	4.706923484802246	4.143315315246582	4.067363739013672	3.2921090126037598
1	520	their	5.080161094665527	3.647982597351074	3.8878543376922607	3.9185945987701416
1	521	umbrellas.	13.845682144165039	12.150801658630371	11.05883502960205	9.827134132385254
1	522	Some	5.305378437042236	5.1910529136657715	4.891973972320557	5.206786632537842
1	523	of	1.6212177276611328	1.6331242322921753	1.648951768875122	1.7356727123260498
1	524	the	1.4618616104125977	0.8047134876251221	0.8066145181655884	0.9391217231750488
1	525	drops	11.982803344726562	11.646073341369629	10.0242919921875	8.951727867126465
1	526	that	4.605587005615234	3.36366868019104	2.867189884185791	3.5050196647644043
1	527	were	5.190093994140625	3.0597755908966064	2.8698251247406006	2.7908644676208496
1	528	the	3.8087499141693115	4.532182693481445	4.931219100952148	4.891165733337402
1	529	most	4.979346752166748	2.893927812576294	2.974497079849243	3.381843090057373
1	530	fortunate,	11.327655792236328	11.141069412231445	10.121931076049805	9.857951164245605
1	531	including	8.020345687866211	6.364842891693115	5.954880237579346	6.721322536468506
1	532	Aqua,	13.96227741241455	14.428686141967773	14.454166412353516	14.61905574798584
1	533	fell	10.889225959777832	11.076250076293945	10.42000961303711	9.61275577545166
1	534	on	3.0851306915283203	3.3865389823913574	3.4150519371032715	3.7252516746520996
1	535	a	2.8746533393859863	2.69012451171875	2.556729316711426	2.6678853034973145
1	536	mountainside,	13.92208480834961	12.249556541442871	11.275602340698242	10.610055923461914
1	537	and	2.229168653488159	2.1877670288085938	2.2797982692718506	1.7567138671875
1	538	down	8.954129219055176	7.08612060546875	7.269160270690918	7.733165740966797
1	539	the	1.7105973958969116	1.3821015357971191	1.5456304550170898	1.6993666887283325
1	540	rocky	11.130242347717285	9.134679794311523	9.327470779418945	5.420400619506836
1	541	cliff	6.965860366821289	5.592142105102539	4.175780296325684	4.687188148498535
1	542	they	5.981853008270264	7.085831642150879	5.8683977127075195	5.172928810119629
1	543	ran.	11.238265991210938	9.414557456970215	9.384716987609863	9.666438102722168
1	544	Together	9.410816192626953	9.380334854125977	9.017704010009766	8.978852272033691
1	545	they	6.53082275390625	1.362795114517212	0.8710857629776001	0.5495880842208862
1	546	plunged	11.492773056030273	10.052864074707031	7.818333625793457	7.79448127746582
1	547	into	0.6844351291656494	0.8484750390052795	0.7366057634353638	1.143601655960083
1	548	a	2.0107920169830322	1.6111602783203125	1.5695196390151978	1.5752325057983398
1	549	mountain	8.584939956665039	7.820605278015137	7.71809196472168	7.530128479003906
1	550	brook,	11.096647262573242	9.856206893920898	10.109701156616211	9.996530532836914
1	551	which	3.1474359035491943	2.720512628555298	2.8975322246551514	2.937873601913452
1	552	came	6.26523494720459	6.388456344604492	6.582100868225098	6.337083339691162
1	553	foaming	13.766319274902344	16.330347061157227	13.537412643432617	10.098033905029297
1	554	and	3.1361916065216064	3.1056461334228516	4.315135955810547	2.673687219619751
1	555	dashing	12.175284385681152	9.667031288146973	9.517838478088379	9.196224212646484
1	556	along,	9.993839263916016	9.302335739135742	8.993820190429688	6.491457462310791
1	557	leaping	10.964621543884277	6.3349995613098145	6.2191314697265625	6.852237701416016
1	558	over	4.094879150390625	2.342365026473999	1.8774551153182983	1.6393132209777832
1	559	rocks	11.378865242004395	5.853538990020752	4.640512466430664	4.0284504890441895
1	560	and	1.7234989404678345	0.8131933212280273	0.6098943948745728	0.2895132005214691
1	561	rushing	11.541646957397461	9.759771347045898	8.135622024536133	5.41616153717041
1	562	down	3.708282470703125	4.566938400268555	3.6361067295074463	3.263279438018799
1	563	the	1.7105973958969116	0.5766802430152893	0.3374471664428711	0.8154864311218262
1	564	hillside,	12.904659271240234	8.343864440917969	7.560202598571777	8.03939151763916
1	565	until	6.904545783996582	6.723211288452148	6.400309085845947	6.751869201660156
1	566	in	6.002509117126465	6.239402770996094	6.219293594360352	5.9157490730285645
1	567	the	1.3865309953689575	1.421592116355896	0.9163684844970703	0.7251242995262146
1	568	valley	9.950934410095215	8.643475532531738	8.4893798828125	5.3941450119018555
1	569	below	7.532815933227539	4.212484359741211	3.93973445892334	4.531222820281982
1	570	they	6.442985534667969	7.261277675628662	7.01699686050415	7.084939002990723
1	571	heard	6.9800567626953125	9.468635559082031	6.431412220001221	5.56174898147583
1	572	the	2.4317140579223633	1.7589242458343506	1.616730809211731	1.2378630638122559
1	573	strangest	10.412585258483887	9.349101066589355	9.532605171203613	9.222869873046875
1	574	clattering	14.970479011535645	13.980445861816406	11.366937637329102	10.627298355102539
1	575	noise.	6.072581768035889	3.9925897121429443	3.969719409942627	3.4513559341430664
1	576	The	2.2719576358795166	2.192066192626953	2.215502977371216	2.1736409664154053
1	577	little	7.745067596435547	7.568146705627441	6.203710556030273	5.874263763427734
1	578	water	7.833034515380859	7.806936264038086	7.6768999099731445	7.605986595153809
1	579	drops	7.567609786987305	7.17622184753418	5.219782829284668	5.198359966278076
1	580	were	5.197683811187744	3.9876270294189453	3.843001365661621	2.878211736679077
1	581	then	6.479076385498047	6.508999824523926	5.485193252563477	6.203834533691406
1	582	able	8.412335395812988	4.647867202758789	6.801141262054443	7.427438259124756
1	583	to	0.014735348522663116	0.014825807884335518	0.007687367033213377	0.006722455378621817
1	584	make	4.080494403839111	3.751727819442749	4.013359546661377	4.044543743133545
1	585	out	6.00491189956665	6.282869338989258	5.2972517013549805	4.380364418029785
1	586	a	3.426842212677002	2.5730319023132324	2.5548644065856934	2.364755868911743
1	587	flour	12.175271987915039	11.756148338317871	12.523856163024902	12.55489730834961
1	588	mill	8.6334228515625	3.512092351913452	4.908339977264404	5.712547302246094
1	589	that	5.614306926727295	4.076101303100586	3.415661573410034	3.2572269439697266
1	590	was	4.186563014984131	2.893479824066162	3.2179760932922363	2.971731185913086
1	591	standing	7.2737932205200195	8.083176612854004	7.25111198425293	7.586991310119629
1	592	on	2.8707330226898193	2.0246996879577637	2.273855447769165	2.1737053394317627
1	593	the	1.3069698810577393	0.9101273417472839	0.7077879309654236	0.5569168329238892
1	594	bank.	10.670215606689453	10.020607948303223	8.442261695861816	8.346506118774414
1	595	Inside	9.192916870117188	9.184453964233398	8.131848335266113	7.638173580169678
1	596	the	1.295616865158081	0.641442596912384	0.5638870000839233	0.6736069917678833
1	597	mill,	13.024619102478027	11.028271675109863	10.451634407043457	10.91549015045166
1	598	the	3.1227431297302246	2.7233192920684814	1.815840482711792	1.8538286685943604
1	599	water	7.449392318725586	5.6476545333862305	5.1713056564331055	4.805089473724365
1	600	drops	7.567609786987305	8.357558250427246	6.608412742614746	6.932878494262695
1	601	saw	10.234955787658691	9.770365715026855	9.750580787658691	10.11817741394043
1	602	two	5.574123382568359	6.3745856285095215	6.522053241729736	5.813087463378906
1	603	great	6.519800186157227	6.881299018859863	7.41591739654541	7.179655075073242
1	604	stones,	12.487617492675781	9.788077354431152	9.8770170211792	10.559428215026855
1	605	which	3.263448476791382	3.100550651550293	3.003709554672241	2.327094078063965
1	606	the	3.181311845779419	4.037214756011963	3.433790922164917	3.4610133171081543
1	607	big	7.351417541503906	8.070789337158203	8.609408378601074	9.081966400146484
1	608	wheel	8.419754028320312	8.809186935424805	8.224956512451172	8.139163970947266
1	609	kept	10.221600532531738	8.574039459228516	8.713295936584473	7.3813934326171875
1	610	whizzing	15.680830001831055	9.54805850982666	8.368385314941406	8.088004112243652
1	611	round	5.80124568939209	5.637434005737305	5.138883113861084	4.632109642028809
1	612	and	3.5116636753082275	2.619368553161621	2.3533835411071777	1.176645040512085
1	613	round.	13.557974815368652	7.8508710861206055	2.443098545074463	2.257844924926758
1	614	The	2.459242820739746	2.035919189453125	2.4050679206848145	2.33728289604187
1	615	stones,	14.144353866577148	13.804264068603516	12.00977897644043	13.093878746032715
1	616	smoothed	10.3909330368042	10.230487823486328	10.090728759765625	9.568634986877441
1	617	by	3.430736541748047	3.2638821601867676	1.797339916229248	1.8708765506744385
1	618	the	1.5458581447601318	1.4596788883209229	1.1896995306015015	0.8940515518188477
1	619	spinning,	14.804308891296387	15.415316581726074	13.802050590515137	12.876953125
1	620	were	7.926984786987305	8.212303161621094	8.316600799560547	8.498617172241211
1	621	busy	8.483142852783203	8.571292877197266	8.745325088500977	9.310991287231445
1	622	grinding	9.958255767822266	8.341676712036133	7.451789855957031	7.252007484436035
1	623	the	2.8136703968048096	2.634916305541992	2.6389660835266113	2.2894060611724854
1	624	wheat	10.887771606445312	6.537557601928711	8.227717399597168	6.312078952789307
1	625	into	7.379448890686035	5.377542972564697	1.5509711503982544	2.3361082077026367
1	626	flour	11.820721626281738	3.323503255844116	3.18337082862854	1.1567883491516113
1	627	and	1.7376294136047363	1.0910638570785522	1.2053536176681519	1.0529422760009766
1	628	the	2.761542558670044	3.231773853302002	4.428686141967773	3.709105968475342
1	629	corn	10.635175704956055	10.795101165771484	6.425076484680176	7.0495781898498535
1	630	into	6.413333892822266	5.629762649536133	7.175268650054932	6.203193664550781
1	631	golden	10.818073272705078	9.448202133178711	9.065865516662598	9.377001762390137
1	632	meal.	11.072406768798828	12.382770538330078	8.037968635559082	7.475620269775391
1	633	But	3.8748958110809326	3.807251214981079	4.460351943969727	4.4171342849731445
1	634	what	4.175858020782471	3.9381377696990967	3.817063570022583	3.8987643718719482
1	635	giant	10.469484329223633	12.53255844116211	12.590266227722168	12.543453216552734
1	636	do	10.06480598449707	10.612358093261719	6.533419132232666	6.269469261169434
1	637	you	2.52317476272583	2.162557363510132	1.1153541803359985	0.3126045763492584
1	638	suppose	9.935704231262207	5.575787544250488	4.874443531036377	4.897635459899902
1	639	it	2.871471405029297	3.0591166019439697	2.7422547340393066	2.4454760551452637
1	640	was	2.332796096801758	1.5434229373931885	2.2312052249908447	2.482639789581299
1	641	who	7.890153884887695	8.652230262756348	8.784107208251953	7.142253875732422
1	642	could	4.731531143188477	5.578235626220703	5.549687385559082	6.009258270263672
1	643	turn	6.291499137878418	5.942451477050781	5.371378421783447	5.62094783782959
1	644	and	4.42054557800293	5.445666313171387	5.7524566650390625	5.9247050285339355
1	645	swing	10.6126708984375	7.204493522644043	7.713386535644531	7.758034706115723
1	646	that	4.522204399108887	4.791821002960205	5.227592468261719	5.741628646850586
1	647	tremendous	11.489747047424316	12.546808242797852	10.436931610107422	10.34078598022461
1	648	wheel?	18.03751564025879	17.595823287963867	14.365537643432617	12.3851957321167
1	649	No	4.7064032554626465	4.771659851074219	4.844776153564453	4.673900604248047
1	650	giant	9.33123779296875	10.268123626708984	9.419499397277832	9.328290939331055
1	651	at	6.248518943786621	7.892557144165039	8.9490327835083	8.041953086853027
1	652	all.	4.986213684082031	5.3149919509887695	2.6117565631866455	2.3325469493865967
1	653	It	3.5288991928100586	3.2164974212646484	2.822117328643799	3.4105618000030518
1	654	was	1.6171106100082397	1.724776029586792	1.808051347732544	1.7903916835784912
1	655	just	4.879685401916504	3.964852809906006	3.337804079055786	2.6010050773620605
1	656	our	7.5392351150512695	7.526893138885498	6.394957542419434	6.25163459777832
1	657	tiny	9.643271446228027	8.01164436340332	8.374781608581543	8.504166603088379
1	658	little	4.3503098487854	1.63070809841156	1.2968980073928833	1.1353005170822144
1	659	water	7.833034515380859	7.75526237487793	9.00145149230957	9.192304611206055
1	660	drops,	9.349162101745605	9.0848388671875	6.888937473297119	9.879436492919922
1	661	who	6.865861892700195	7.233407020568848	7.353520393371582	6.74982213973999
1	662	sprang	11.249943733215332	10.6391019821167	10.704520225524902	10.886034965515137
1	663	on	3.106541156768799	4.896570205688477	4.167802810668945	4.156951904296875
1	664	it	5.961981773376465	5.709682941436768	5.471161365509033	5.037088394165039
1	665	by	5.8922014236450195	4.3140716552734375	4.313165664672852	4.888426303863525
1	666	hundreds	8.272564888000488	8.456559181213379	8.448431015014648	8.94406509399414
1	667	and	5.643216609954834	3.98783016204834	3.6082284450531006	3.7099320888519287
1	668	thousands,	13.065248489379883	4.385571002960205	3.536710023880005	2.9704809188842773
1	669	and	2.0750834941864014	2.2891104221343994	2.000875949859619	1.9497066736221313
1	670	whirled	13.633841514587402	13.699021339416504	13.325874328613281	13.62356185913086
1	671	it	6.171791076660156	3.25238299369812	3.624034881591797	3.823920965194702
1	672	over	6.428930282592773	4.481744289398193	4.1946821212768555	4.50935173034668
1	673	and	4.251704692840576	1.8602261543273926	2.493321180343628	2.8170454502105713
1	674	over.	9.80453109741211	3.542555809020996	3.2081737518310547	2.756765365600586
1	675	It	3.4560775756835938	3.2976622581481934	3.1989951133728027	2.980051040649414
1	676	was	1.6171106100082397	1.650846004486084	1.6986069679260254	1.485581398010254
1	677	lucky	8.142297744750977	8.558094024658203	8.308111190795898	8.545639991760254
1	678	for	2.840628147125244	4.5892109870910645	2.2627134323120117	2.1312265396118164
1	679	the	1.8875508308410645	2.234571695327759	2.2301366329193115	2.8507609367370605
1	680	water	7.449392318725586	8.750874519348145	8.302397727966309	8.144384384155273
1	681	drops	7.567609786987305	8.357558250427246	9.2158203125	9.151796340942383
1	682	that	4.605587005615234	3.7598230838775635	4.034949779510498	2.894808530807495
1	683	the	2.3350260257720947	3.8958911895751953	4.279502868652344	4.140397071838379
1	684	brook	14.440556526184082	14.30844783782959	13.891953468322754	13.152495384216309
1	685	where	6.311720848083496	4.919063568115234	6.6563334465026855	8.598782539367676
1	686	they	2.4395179748535156	2.249180555343628	2.2640292644500732	2.140129566192627
1	687	were	2.5176022052764893	2.6396889686584473	2.162886619567871	1.9693551063537598
1	688	swimming	10.420393943786621	9.65722942352295	8.969613075256348	6.543519496917725
1	689	next	8.033893585205078	7.047516822814941	7.1243896484375	6.728684425354004
1	690	emptied	16.723814010620117	17.98745346069336	17.842636108398438	17.71491050720215
1	691	into	3.6200966835021973	4.570735454559326	2.7596843242645264	2.6108129024505615
1	692	a	2.0107920169830322	1.663907766342163	2.102600574493408	2.216592311859131
1	693	beautiful	7.370909690856934	6.658464431762695	7.727776527404785	7.549049377441406
1	694	pond	10.720378875732422	9.68173885345459	8.217137336730957	5.950164794921875
1	695	where	4.313157081604004	4.148015022277832	3.731452703475952	3.6471431255340576
1	696	ducks	12.37365436553955	9.660848617553711	6.653463840484619	6.344467639923096
1	697	and	1.7942464351654053	2.2407619953155518	1.344402551651001	1.191964030265808
1	698	geese	14.25538158416748	4.377415657043457	0.34160974621772766	0.2578287720680237
1	699	were	3.755483627319336	3.476344585418701	3.6384127140045166	3.131962776184082
1	700	living	6.55914831161499	6.530417442321777	6.653107166290283	6.446860313415527
1	701	peacefully.	12.139122009277344	8.916988372802734	8.84813117980957	8.20153522491455
1	702	Aqua	14.041582107543945	13.733768463134766	14.284306526184082	13.220120429992676
1	703	liked	10.708633422851562	7.705984115600586	8.038299560546875	7.121236801147461
1	704	to	2.005819797515869	2.1027865409851074	2.125481605529785	1.7724971771240234
1	705	play	5.465716361999512	3.0141100883483887	3.074009418487549	3.0861446857452393
1	706	hide-and-seek	12.260879516601562	9.951869010925293	8.08794116973877	6.510272026062012
1	707	in	2.876417875289917	2.67734956741333	2.6101677417755127	2.307262420654297
1	708	this	4.036833763122559	4.426165580749512	4.282686233520508	4.162717819213867
1	709	pond,	13.488348007202148	13.163740158081055	12.020289421081543	11.037431716918945
1	710	and	2.089069128036499	2.0859506130218506	2.0063204765319824	1.6930192708969116
1	711	it	4.743192672729492	3.900116443634033	3.3382887840270996	3.225320816040039
1	712	was	2.332796096801758	1.985961675643921	1.586426854133606	1.6810647249221802
1	713	his	6.217832565307617	5.045984745025635	5.42739200592041	5.801817893981934
1	714	brother	6.019688606262207	6.2083210945129395	5.726236820220947	5.855375289916992
1	715	water	11.514878273010254	11.728280067443848	12.214287757873535	12.602925300598145
1	716	drop	8.175800323486328	6.922323226928711	8.378364562988281	8.840831756591797
1	717	who	10.044593811035156	8.428762435913086	7.096640586853027	7.41844367980957
1	718	he	5.5645527839660645	5.464666366577148	5.575397491455078	5.572368144989014
1	719	fooled	11.20041275024414	9.997056007385254	9.702305793762207	9.87459945678711
1	720	by	3.1712141036987305	5.473963260650635	3.3600270748138428	3.6346311569213867
1	721	swimming	10.328347206115723	11.948169708251953	10.301259994506836	9.179832458496094
1	722	to	4.729893684387207	3.3244707584381104	4.526269435882568	3.1872456073760986
1	723	a	3.8145251274108887	2.949697971343994	2.2494053840637207	2.476353406906128
1	724	big	5.274857044219971	6.77530574798584	6.936504364013672	7.371420860290527
1	725	pool	7.2178521156311035	8.670994758605957	7.430830001831055	4.309083938598633
1	726	of	1.5589345693588257	0.6571832895278931	0.40602225065231323	0.40958327054977417
1	727	water	7.234929084777832	2.997889280319214	5.082500457763672	4.796041488647461
1	728	and	2.1479029655456543	2.3779046535491943	2.492553949356079	2.423435926437378
1	729	pretending	11.248222351074219	11.349185943603516	11.123286247253418	9.636626243591309
1	730	to	0.7489632368087769	0.8713991641998291	0.9731942415237427	0.8614050149917603
1	731	hide	7.521431922912598	7.899942874908447	8.05323600769043	8.0979642868042
1	732	there,	8.458670616149902	8.719980239868164	8.204042434692383	8.136165618896484
1	733	but	2.3546760082244873	2.0465188026428223	2.2036519050598145	1.9977686405181885
1	734	then	4.8112993240356445	4.965027809143066	4.934061050415039	4.514966011047363
1	735	sneaking	11.746777534484863	12.735943794250488	12.470592498779297	11.617323875427246
1	736	under	6.611452579498291	5.140547752380371	5.961111068725586	5.944290637969971
1	737	a	2.786951780319214	2.986454725265503	2.276395320892334	2.665806770324707
1	738	rock	8.350557327270508	6.722851753234863	3.6110315322875977	4.506006717681885
1	739	into	6.332568645477295	6.377125263214111	6.829919815063477	5.408962726593018
1	740	an	3.7884256839752197	4.226986885070801	3.5827860832214355	3.365812301635742
1	741	obscured	11.819928169250488	11.4346284866333	11.509391784667969	11.744346618652344
1	742	little	8.377187728881836	7.336894512176514	7.23245906829834	6.875494956970215
1	743	puddle.	14.409395217895508	12.60411548614502	8.830190658569336	7.924050331115723
1	744	His	5.369460105895996	5.281428813934326	4.867707252502441	4.903985023498535
1	745	brother	5.717082977294922	5.599468231201172	5.686542987823486	5.904305458068848
1	746	had	3.8715343475341797	3.268263339996338	3.1734137535095215	3.0113863945007324
1	747	blatantly	12.254058837890625	12.246929168701172	12.664873123168945	12.368237495422363
1	748	peeked	11.55290699005127	12.975767135620117	11.86141300201416	11.921354293823242
1	749	and	4.6203837394714355	4.41992712020874	3.6452348232269287	3.998272180557251
1	750	even	6.0278520584106445	6.11863374710083	5.230783462524414	4.863293647766113
1	751	followed	9.044732093811035	9.059613227844238	6.437841892242432	5.389939785003662
1	752	Aqua	13.980803489685059	13.253543853759766	12.833995819091797	13.102823257446289
1	753	as	6.835238456726074	2.8633317947387695	2.4138007164001465	2.0721421241760254
1	754	he	3.7657039165496826	3.2726776599884033	2.3178765773773193	2.1417574882507324
1	755	entered	7.800476551055908	5.916624546051025	5.933525562286377	4.601126194000244
1	756	the	1.2731341123580933	0.6690526604652405	0.4845852851867676	0.4612380266189575
1	757	big	7.351417541503906	7.548318862915039	7.420239448547363	7.509286880493164
1	758	pool	7.2178521156311035	9.003379821777344	7.557429313659668	8.299470901489258
1	759	of	1.5589345693588257	0.6571832895278931	1.3097763061523438	1.676730751991272
1	760	water,	9.11327075958252	4.747828483581543	6.596140384674072	6.763041019439697
1	761	so	3.9694788455963135	3.876387119293213	4.021061420440674	3.518861770629883
1	762	when	5.671380519866943	4.585320472717285	4.476337432861328	4.290208339691162
1	763	he	2.398308753967285	2.5842387676239014	2.9645907878875732	3.0697221755981445
1	764	searched	9.64749813079834	8.766845703125	8.352964401245117	8.096973419189453
1	765	there	7.452620029449463	7.81928825378418	7.547682762145996	6.516204833984375
1	766	and	4.607892990112305	2.2010385990142822	2.273437976837158	2.6486167907714844
1	767	could	6.881526470184326	6.423595905303955	5.049633979797363	5.3452606201171875
1	768	not	2.7619240283966064	2.0468950271606445	1.911531925201416	0.40034759044647217
1	769	find	6.39560604095459	3.378810405731201	3.4288878440856934	2.9716954231262207
1	770	him,	7.077542781829834	7.009923458099365	6.547303676605225	6.662762641906738
1	771	he	3.2150368690490723	2.7112109661102295	2.7663090229034424	2.7672600746154785
1	772	was	2.2246432304382324	2.458967924118042	3.0712127685546875	2.6131460666656494
1	773	extremely	6.552742958068848	7.1718621253967285	6.21852970123291	6.462734222412109
1	774	surprised	7.324797630310059	5.637441158294678	4.550075531005859	4.798376083374023
1	775	and	3.5378735065460205	2.141780138015747	2.0263102054595947	2.161485433578491
1	776	gave	8.104469299316406	6.708713054656982	8.092037200927734	6.939640045166016
1	777	up.	6.01159143447876	6.2830352783203125	5.906825065612793	6.006045341491699
1	778	Aqua	12.799158096313477	13.825998306274414	13.571727752685547	12.935052871704102
1	779	liked	10.708633422851562	8.235288619995117	6.799925327301025	6.768072128295898
1	780	this	3.6173338890075684	3.676473379135132	2.937008857727051	3.3199377059936523
1	781	pond	12.260133743286133	12.64548397064209	11.99695873260498	10.153458595275879
1	782	where	4.313157558441162	5.0384368896484375	5.305593490600586	5.868723392486572
1	783	he	2.663740873336792	2.1418986320495605	2.397843837738037	2.90982723236084
1	784	could	4.22681999206543	4.085229873657227	4.00947904586792	4.0884575843811035
1	785	play	5.707383155822754	5.128446578979492	4.623098373413086	4.7349066734313965
1	786	all	5.082700729370117	4.906887054443359	4.938567638397217	4.778597831726074
1	787	day,	8.134483337402344	5.392800331115723	5.3730573654174805	5.399387836456299
1	788	so	4.246467590332031	3.7884199619293213	3.393688678741455	3.422560691833496
1	789	he	4.036523342132568	3.599698781967163	3.5970652103424072	3.3073272705078125
1	790	stayed	7.4467878341674805	6.57671594619751	5.430800437927246	5.598515510559082
1	791	a	3.8828976154327393	4.175004005432129	4.157806873321533	4.549023151397705
1	792	good	4.666816234588623	4.444671630859375	4.126605033874512	4.137786865234375
1	793	while,	10.808530807495117	9.989256858825684	5.040483474731445	4.492422103881836
1	794	sailing	12.501916885375977	13.463064193725586	12.919048309326172	11.152533531188965
1	795	up	4.525991916656494	3.8194262981414795	3.5971641540527344	3.0675737857818604
1	796	and	3.1177895069122314	2.775195598602295	2.070678234100342	1.1589351892471313
1	797	down,	11.134769439697266	4.967794895172119	3.6098060607910156	2.870765447616577
1	798	taking	6.427533149719238	6.523200988769531	6.2254791259765625	5.376460552215576
1	799	the	2.6506669521331787	1.9058903455734253	2.2249915599823	2.3954038619995117
1	800	ducks'	15.654878616333008	17.92633628845215	16.09682846069336	15.812819480895996
1	801	backs	7.243038177490234	6.217532634735107	7.570761680603027	7.314670562744141
1	802	for	3.736266613006592	3.828151226043701	3.7563557624816895	2.8683478832244873
1	803	ships	10.610684394836426	10.603313446044922	11.096129417419434	11.366759300231934
1	804	and	2.578484535217285	2.256070137023926	1.7994331121444702	1.9107916355133057
1	805	the	2.761542558670044	2.7905452251434326	3.727328062057495	3.6051318645477295
1	806	frogs	12.22413444519043	11.81924819946289	13.651058197021484	14.092658996582031
1	807	for	4.7573699951171875	5.115888595581055	5.819212436676025	5.116387367248535
1	808	horses,	11.75279712677002	10.36082935333252	11.800301551818848	11.203716278076172
1	809	but	3.505793809890747	2.7332441806793213	3.312185764312744	2.7178955078125
1	810	after	6.163069248199463	5.709631443023682	6.033379554748535	6.091264724731445
1	811	a	2.697225332260132	2.0168800354003906	1.823944330215454	1.9559705257415771
1	812	time	6.110651016235352	6.696503162384033	5.476329326629639	4.398024082183838
1	813	he	4.325057029724121	5.1500630378723145	3.1664018630981445	2.3253161907196045
1	814	tired	10.805026054382324	11.135255813598633	10.636656761169434	9.26616382598877
1	815	of	0.9053810238838196	0.6145204901695251	0.5780033469200134	0.4301300346851349
1	816	the	1.4618616104125977	2.0665435791015625	2.0171709060668945	1.9708294868469238
1	817	dull	11.503121376037598	12.14901351928711	7.782228469848633	7.972185134887695
1	818	life,	8.207779884338379	8.550740242004395	8.08616828918457	6.45379638671875
1	819	and	1.8842850923538208	1.9732717275619507	1.859499454498291	1.759376049041748
1	820	he	5.174978256225586	3.9732515811920166	3.855654716491699	3.870537519454956
1	821	and	5.736567497253418	5.147238731384277	4.952978134155273	5.0591139793396
1	822	his	5.266144752502441	1.0629630088806152	1.1063424348831177	1.0503429174423218
1	823	brothers	7.947968006134033	6.404397964477539	5.270253658294678	5.163673400878906
1	824	floated	10.7963228225708	11.772459030151367	11.175679206848145	10.967876434326172
1	825	under	5.4693193435668945	6.919665813446045	6.4749627113342285	6.260342597961426
1	826	a	2.786951780319214	2.6237521171569824	2.718817710876465	2.950845718383789
1	827	bridge	8.656350135803223	6.0277628898620605	3.3098361492156982	3.684108257293701
1	828	for	3.722914695739746	3.621305465698242	4.387551307678223	4.511990070343018
1	829	a	2.6860671043395996	2.3967628479003906	2.6744444370269775	1.9002686738967896
1	830	long	5.406585216522217	3.4889869689941406	3.48445725440979	3.997558832168579
1	831	distance,	7.928614616394043	7.463094234466553	9.449502944946289	6.526374816894531
1	832	until	7.123379230499268	7.017810821533203	6.4378204345703125	6.032181739807129
1	833	they	3.1181321144104004	2.676281452178955	2.441483497619629	2.423205614089966
1	834	saw	5.69230842590332	5.593182563781738	4.771590232849121	5.484413146972656
1	835	another	5.826438903808594	6.403563499450684	5.84625244140625	4.94940185546875
1	836	brook	15.694314956665039	13.4718017578125	13.95339584350586	12.84376335144043
1	837	tumbling	11.926590919494629	9.699163436889648	8.173659324645996	8.265316009521484
1	838	down	1.6466068029403687	1.3813291788101196	1.5802804231643677	1.2946213483810425
1	839	a	3.290560722351074	2.585510730743408	2.561861276626587	2.3567609786987305
1	840	hillside.	14.365378379821777	9.861501693725586	5.943264484405518	5.748076915740967
1	841	'Come,	14.642861366271973	14.63652229309082	14.75094223022461	15.215471267700195
1	842	let's	3.44050931930542	4.067302703857422	4.024590492248535	3.815338611602783
1	843	join	7.459566116333008	6.409814357757568	6.538099765777588	6.6038079261779785
1	844	hands!'	20.01397705078125	11.76889705657959	5.029176712036133	6.5136895179748535
1	845	cried	7.128376483917236	4.797292232513428	6.741420745849609	5.456758975982666
1	846	Aqua	14.5415678024292	13.783102035522461	13.853355407714844	13.661975860595703
1	847	and	4.0336198806762695	2.84126877784729	2.58689022064209	1.95711088180542
1	848	because	7.403875350952148	9.363700866699219	9.780595779418945	9.964997291564941
1	849	the	2.3971915245056152	2.327465534210205	2.575532913208008	3.035696029663086
1	850	water	7.449392318725586	6.88461446762085	6.741304397583008	3.9474925994873047
1	851	drops	7.567609786987305	8.35755729675293	7.717934608459473	7.706316947937012
1	852	were	5.197683811187744	3.9876272678375244	3.6781277656555176	2.917595624923706
1	853	all	5.022804260253906	5.312594890594482	5.68741512298584	5.1152191162109375
1	854	together,	8.985671997070312	8.122300148010254	10.133651733398438	8.799047470092773
1	855	overcoming	10.05776309967041	11.608077049255371	11.828723907470703	12.592174530029297
1	856	the	1.182021975517273	1.653249740600586	1.4639475345611572	1.3856074810028076
1	857	brook	14.440556526184082	15.33390998840332	16.225322723388672	16.48894500732422
1	858	was	5.954713344573975	3.668642282485962	5.3298659324646	7.537815093994141
1	859	child's	13.664769172668457	12.927573204040527	12.694841384887695	11.82306957244873
1	860	play.	7.108105182647705	1.738107442855835	1.5609039068222046	1.432251214981079
1	861	It	3.4969253540039062	3.249936103820801	3.132549285888672	2.8982017040252686
1	862	was	1.6171106100082397	1.6514439582824707	1.8388245105743408	1.0133329629898071
1	863	by	6.764004230499268	6.665431499481201	6.733382225036621	7.051413536071777
1	864	the	1.5458581447601318	2.263719081878662	2.4551920890808105	3.178982973098755
1	865	help	8.778666496276855	8.53681755065918	6.631916046142578	5.263010501861572
1	866	of	5.028720378875732	0.14051921665668488	0.025145648047327995	0.031261146068573
1	867	Aqua	12.260929107666016	11.95965576171875	12.283489227294922	11.829120635986328
1	868	and	4.0336198806762695	2.860549211502075	2.1827690601348877	2.2285420894622803
1	869	his	5.266144752502441	5.270650863647461	4.9864654541015625	4.079593181610107
1	870	brothers	7.947968482971191	6.404397964477539	5.7162604331970215	5.77330207824707
1	871	that	4.650991439819336	4.935522556304932	5.291719436645508	5.598809242248535
1	872	the	2.3350260257720947	3.1073036193847656	2.514500141143799	2.4821276664733887
1	873	bewitching	14.31753158569336	14.870973587036133	13.67452335357666	13.78209114074707
1	874	river	10.186846733093262	8.45134162902832	8.644207000732422	8.665302276611328
1	875	was	3.9642817974090576	5.835544586181641	4.0826215744018555	2.380906581878662
1	876	able	5.271989345550537	6.926598072052002	6.586889266967773	6.698840141296387
1	877	to	0.014735110104084015	0.011467995122075081	0.01015811413526535	0.015651782974600792
1	878	float	9.773407936096191	8.826745986938477	8.836002349853516	6.181653022766113
1	879	heavy	9.884477615356445	9.633466720581055	9.61094856262207	9.71714973449707
1	880	ships,	9.519289016723633	8.228536605834961	7.481353282928467	7.43472957611084
1	881	though	6.033231735229492	5.542064666748047	5.784438610076904	5.68884801864624
1	882	not	4.618529319763184	3.2682714462280273	3.1200790405273438	3.238685369491577
1	883	so	5.739810466766357	4.557109832763672	4.166257381439209	3.3953957557678223
1	884	long	4.415715217590332	4.371857643127441	3.8493735790252686	4.28660774230957
1	885	ago	4.348065376281738	3.7360196113586426	0.6835863590240479	1.3316739797592163
1	886	it	4.858100414276123	4.270458698272705	4.0447258949279785	4.699209690093994
1	887	was	2.332796096801758	0.709660530090332	0.5798355340957642	1.5365837812423706
1	888	only	5.324974060058594	4.575026512145996	4.542774200439453	4.634897708892822
1	889	a	3.207435131072998	2.0415029525756836	1.4578444957733154	1.7157102823257446
1	890	little	4.709710121154785	3.9834542274475098	3.6248714923858643	4.407374382019043
1	891	stream.	12.883329391479492	12.93293571472168	13.064619064331055	12.240939140319824
1	892	As	4.457230091094971	4.366879940032959	4.481078624725342	4.551630973815918
1	893	the	2.4049935340881348	2.155517101287842	1.614293098449707	1.675828456878662
1	894	river	8.83458137512207	8.410262107849121	7.452783584594727	3.746180534362793
1	895	grew	8.3532133102417	9.568990707397461	5.519680023193359	5.881483554840088
1	896	wider	8.571939468383789	5.7075982093811035	5.281603813171387	4.559118270874023
1	897	and	2.733947277069092	1.2452257871627808	0.6775315999984741	0.5784906148910522
1	898	he	5.174978256225586	5.719616889953613	5.481433868408203	5.950651168823242
1	899	could	4.22681999206543	4.406582832336426	3.2430882453918457	2.7253918647766113
1	900	almost	7.72369909286499	7.043469429016113	5.98707389831543	5.963854789733887
1	901	see	7.840871810913086	2.441484212875366	2.214102268218994	1.878854513168335
1	902	the	2.0579659938812256	1.6535935401916504	0.968803346157074	0.908118486404419
1	903	ocean,	10.224496841430664	10.327226638793945	10.371631622314453	10.401129722595215
1	904	Aqua	11.739603996276855	12.173603057861328	12.710790634155273	12.907613754272461
1	905	realized	11.787073135375977	8.810848236083984	8.046588897705078	8.028757095336914
1	906	his	5.07652473449707	3.6988444328308105	4.51318359375	4.950386047363281
1	907	journey	7.470925807952881	7.524303436279297	7.508141040802002	6.801406383514404
1	908	was	4.041892051696777	3.6337602138519287	1.4007645845413208	1.3696818351745605
1	909	almost	6.069568634033203	5.8281450271606445	5.252514839172363	4.722774982452393
1	910	over	7.341933250427246	7.173671245574951	4.289559841156006	3.4305529594421387
1	911	and	4.251704692840576	3.6020655632019043	1.7916016578674316	1.8452080488204956
1	912	he	5.174978256225586	4.9176130294799805	4.2615275382995605	2.966963291168213
1	913	had	3.0486414432525635	3.3560495376586914	3.5498580932617188	3.080317974090576
1	914	come	5.59286642074585	5.061922073364258	5.176802635192871	5.340065002441406
1	915	full	7.896366596221924	6.9514899253845215	7.410279750823975	6.633368492126465
1	916	circle.	8.837164878845215	1.7609565258026123	1.4822803735733032	1.445286750793457
1	917	Back	7.8031792640686035	7.035832405090332	6.116920471191406	5.605860233306885
1	918	in	2.58543062210083	1.87105393409729	1.0175483226776123	0.5785179734230042
1	919	the	1.3865312337875366	1.3004144430160522	0.9432180523872375	1.1736088991165161
1	920	ocean,	10.224496841430664	9.145488739013672	10.98580551147461	8.889684677124023
1	921	he	4.834995269775391	4.640572547912598	4.815863609313965	3.4199435710906982
1	922	felt	5.516805171966553	5.705556392669678	5.581242561340332	5.877188205718994
1	923	right	6.471444129943848	7.44108772277832	7.444511890411377	7.565911769866943
1	924	at	5.136770248413086	2.2698490619659424	1.4861940145492554	0.12026190757751465
1	925	home.	6.562084674835205	4.557607650756836	2.4488837718963623	1.6294255256652832
1	926	For	4.935366153717041	4.6706109046936035	4.870551586151123	4.82412052154541
1	927	him,	6.767084121704102	5.126281261444092	5.145151615142822	4.7314887046813965
1	928	this	5.678841590881348	3.1798675060272217	2.7923166751861572	2.993152141571045
1	929	was	4.455970764160156	2.7008862495422363	1.7765008211135864	1.461443543434143
1	930	the	3.1938233375549316	2.0366156101226807	1.948075294494629	1.8349413871765137
1	931	safest,	12.866250991821289	12.211538314819336	11.804081916809082	12.279315948486328
1	932	sweetest	9.248483657836914	7.879918098449707	7.357471942901611	6.85010290145874
1	933	place	5.844425678253174	4.284110069274902	3.0389301776885986	1.8292056322097778
1	934	in	1.836861252784729	1.3263115882873535	1.4286396503448486	1.5291922092437744
1	935	the	1.3865309953689575	0.844883918762207	0.2852834165096283	0.298473596572876
1	936	whole	6.197235107421875	7.159302711486816	6.441061019897461	2.802002429962158
1	937	wide	9.166467666625977	7.915047645568848	5.264587879180908	5.010911464691162
1	938	world.	9.023935317993164	3.038787364959717	2.181499481201172	1.5863535404205322
1	939	During	6.6428985595703125	6.658140659332275	6.966586112976074	6.837506294250488
1	940	the	0.7506523132324219	0.7742453813552856	0.8449762463569641	0.8332544565200806
1	941	warm	9.775854110717773	7.695939064025879	7.766921520233154	7.723923683166504
1	942	summer	6.783660888671875	4.36264181137085	2.079591751098633	2.4513473510742188
1	943	evenings,	10.192001342773438	5.475884437561035	5.61484432220459	5.7011494636535645
1	944	if	5.612159252166748	5.47889518737793	5.6055169105529785	5.7625861167907715
1	945	you	1.4296883344650269	1.2532966136932373	1.2898591756820679	1.1699814796447754
1	946	take	5.264721870422363	5.100424766540527	5.447087287902832	5.313061237335205
1	947	a	2.098149538040161	1.7164294719696045	1.6477986574172974	1.593729019165039
1	948	walk	8.758134841918945	5.82281494140625	5.125317573547363	5.361111640930176
1	949	on	3.682508945465088	2.6958253383636475	2.2717959880828857	2.2875914573669434
1	950	the	1.3069698810577393	0.9419856071472168	0.47379040718078613	0.19705167412757874
1	951	sea	8.501629829406738	8.478336334228516	7.266753196716309	7.236294746398926
1	952	beach,	9.691438674926758	9.715911865234375	8.278474807739258	5.962427139282227
1	953	you	4.4154953956604	4.867889881134033	4.554232120513916	4.7363600730896
1	954	will	3.5798139572143555	2.3525655269622803	2.1640944480895996	2.019239902496338
1	955	hear	7.097161769866943	4.753570079803467	4.72550630569458	4.729434967041016
1	956	the	2.05391001701355	2.4069974422454834	2.101987838745117	1.3879550695419312
1	957	gentle	11.086821556091309	8.676431655883789	9.598485946655273	7.5610504150390625
1	958	rippling	12.355330467224121	9.307014465332031	9.499390602111816	9.774880409240723
1	959	swash	15.224369049072266	15.039405822753906	14.545305252075195	15.774514198303223
1	960	of	2.967348337173462	1.2040596008300781	0.789313018321991	0.34191271662712097
1	961	the	1.4618616104125977	4.548521518707275	3.54233980178833	2.5834124088287354
1	962	waves	10.637931823730469	10.183311462402344	8.603850364685059	4.971646785736084
1	963	and	2.8730244636535645	2.2149746417999268	2.367091655731201	2.0356550216674805
1	964	some	5.822004318237305	6.025729179382324	6.726581573486328	6.308143138885498
1	965	say	7.5675249099731445	5.869682312011719	7.743153095245361	6.548608779907227
1	966	that	1.6365388631820679	1.5671898126602173	1.8565690517425537	2.307809352874756
1	967	it	3.5452072620391846	3.1857385635375977	2.9072413444519043	2.519442558288574
1	968	must	5.736648082733154	5.408884048461914	5.531231880187988	5.813300609588623
1	969	be	0.9842413663864136	0.6355524063110352	0.765502393245697	0.5470131039619446
1	970	the	3.5020413398742676	3.855896472930908	3.51640248298645	2.950294017791748
1	971	gurgling	14.740752220153809	15.24111270904541	14.936309814453125	13.949893951416016
1	972	voices	8.325096130371094	7.822522163391113	7.965285301208496	8.006977081298828
1	973	of	2.0695252418518066	2.3683791160583496	0.7940618991851807	0.4436998665332794
1	974	Aqua	12.260929107666016	13.834928512573242	12.822426795959473	12.262960433959961
1	975	and	4.0336198806762695	2.860549211502075	1.0175188779830933	0.4646873474121094
1	976	his	5.266144752502441	5.270650863647461	4.9864654541015625	5.386066436767578
1	977	brother	6.019688606262207	4.672176361083984	5.044307231903076	4.954485893249512
1	978	water	11.514878273010254	11.728280067443848	11.892573356628418	10.816617965698242
1	979	drops	7.567609786987305	6.748517990112305	7.433176517486572	7.745556354522705
1	980	telling	11.608427047729492	11.282936096191406	10.279975891113281	10.166532516479492
1	981	each	7.265018939971924	6.039745330810547	6.003859996795654	6.247126579284668
1	982	other	2.665235757827759	0.4108424186706543	0.23245671391487122	0.21181216835975647
1	983	about	7.416129112243652	5.549469947814941	2.5920963287353516	2.666133403778076
1	984	their	4.323031902313232	3.6120595932006836	2.653275489807129	2.2486441135406494
1	985	wonderful	9.416557312011719	9.751440048217773	9.88863754272461	9.411718368530273
1	986	journey	7.939347267150879	6.8192877769470215	5.5641279220581055	5.865328311920166
1	987	around	5.406899929046631	5.1924543380737305	5.172475814819336	5.846080303192139
1	988	the	1.353689193725586	0.4425112009048462	0.31705355644226074	0.15374700725078583
1	989	world.	7.146108627319336	2.8790340423583984	2.923595666885376	2.2228810787200928
2	0	It	5.024904727935791	5.024904727935791	5.024904727935791	5.024904727935791
2	1	was	1.6171106100082397	1.6171106100082397	1.6171106100082397	1.6171106100082397
2	2	cold	9.572555541992188	7.829706192016602	7.829706192016602	7.829706192016602
2	3	and	2.5513863563537598	0.7872336506843567	0.8169825077056885	0.8169825077056885
2	4	nearly	8.20789623260498	8.36265754699707	7.805238246917725	7.924280166625977
2	5	dark	11.1820650100708	11.076055526733398	7.11883544921875	6.46852970123291
2	6	on	5.369400501251221	3.892835855484009	4.311899185180664	4.067405700683594
2	7	the	1.3069698810577393	0.956710934638977	0.9153915643692017	0.7503374814987183
2	8	last	5.395113945007324	6.434292316436768	6.136478424072266	5.714238166809082
2	9	evening	8.227563858032227	9.982742309570312	7.290172100067139	6.719180107116699
2	10	of	3.2486729621887207	4.527503967285156	1.063223958015442	0.4098871052265167
2	11	the	1.4618616104125977	1.3695815801620483	1.2049545049667358	0.9387203454971313
2	12	old	6.8358306884765625	6.834286689758301	8.701932907104492	7.37335729598999
2	13	year,	8.342342376708984	8.360530853271484	8.32670783996582	4.898307800292969
2	14	and	2.5518605709075928	2.303452491760254	2.0449728965759277	1.9044029712677002
2	15	the	2.761542558670044	2.2677159309387207	2.3384220600128174	2.0702598094940186
2	16	snow	9.48857593536377	9.542141914367676	9.520090103149414	7.892719268798828
2	17	was	4.714695930480957	3.2691357135772705	2.792616605758667	2.544245719909668
2	18	falling	9.025910377502441	4.211803436279297	3.4663610458374023	2.8467350006103516
2	19	fast	7.649646282196045	6.112576484680176	3.825739860534668	4.237924575805664
2	20	and	2.2198030948638916	1.4905344247817993	1.3214937448501587	1.0082447528839111
2	21	furious.	13.275154113769531	4.903783321380615	3.402745246887207	5.05954122543335
2	22	A	4.271034240722656	4.260790824890137	4.307982444763184	4.054854869842529
2	23	little	4.9818902015686035	4.625514984130859	4.84945821762085	4.811074733734131
2	24	girl	5.3612189292907715	4.323006629943848	3.015827178955078	2.93654727935791
2	25	no	7.309478282928467	7.854710578918457	8.17945671081543	8.159574508666992
2	26	one	2.8277428150177	2.4101576805114746	1.9343457221984863	3.3339905738830566
2	27	sheltered	14.533734321594238	13.138041496276855	13.810778617858887	12.998950958251953
2	28	from	3.6425538063049316	2.451930522918701	1.2376965284347534	1.7654916048049927
2	29	the	1.3965858221054077	0.7613277435302734	0.5143328309059143	0.9208025336265564
2	30	gelid	17.803443908691406	17.268495559692383	16.022994995117188	15.259230613708496
2	31	air	7.329906940460205	7.029135227203369	7.117644309997559	4.883214950561523
2	32	roamed	14.130891799926758	17.133014678955078	17.727354049682617	18.144983291625977
2	33	through	4.328117847442627	3.827469825744629	3.5008797645568848	3.6393051147460938
2	34	the	1.2178746461868286	0.7108491659164429	0.45012569427490234	0.4771379232406616
2	35	streets	7.830686569213867	5.830724716186523	3.13075852394104	3.2214183807373047
2	36	with	3.8173301219940186	3.615811347961426	3.8342487812042236	3.136183261871338
2	37	a	2.2593159675598145	2.1244587898254395	2.0504069328308105	1.9799309968948364
2	38	bare	9.56723690032959	8.344359397888184	8.329110145568848	8.282496452331543
2	39	head	6.397508144378662	6.771556854248047	5.180584907531738	4.745161056518555
2	40	and	2.5380711555480957	1.899448037147522	1.8697667121887207	1.0202914476394653
2	41	naked	11.027135848999023	10.777377128601074	8.340535163879395	6.628401756286621
2	42	feet,	9.104948043823242	8.673134803771973	5.652633190155029	4.090043067932129
2	43	looking	7.267293930053711	7.282481670379639	7.155694961547852	7.0177154541015625
2	44	as	5.594667911529541	4.120791435241699	3.8146474361419678	3.9701876640319824
2	45	poor	8.663330078125	7.0907511711120605	8.275382041931152	8.650688171386719
2	46	as	4.9638166427612305	0.733966588973999	0.22323212027549744	0.40524473786354065
2	47	a	1.8714717626571655	2.8066775798797607	3.4298884868621826	2.8737728595733643
2	48	church	8.86989974975586	8.981212615966797	7.506830215454102	7.471208572387695
2	49	mouse.	16.531740188598633	10.63570499420166	10.156261444091797	6.099096298217773
2	50	It's	4.297761917114258	4.326618194580078	4.594985485076904	4.708603382110596
2	51	true	5.835201740264893	6.287220478057861	6.5139570236206055	6.294625759124756
2	52	she	7.391247749328613	6.440522193908691	6.88891077041626	6.039776802062988
2	53	had	3.0206072330474854	2.6959104537963867	3.060685157775879	3.1986515522003174
2	54	on	6.588812828063965	6.496865272521973	7.437214374542236	7.871266841888428
2	55	a	2.8746533393859863	3.546499013900757	3.116959810256958	3.193101167678833
2	56	pair	6.698959827423096	6.952724933624268	6.418530464172363	3.4755260944366455
2	57	of	0.40307584404945374	0.06016170233488083	0.026575064286589622	0.032151974737644196
2	58	slippers	15.002620697021484	7.07928466796875	6.969819068908691	6.643653869628906
2	59	her	7.676499366760254	7.802126407623291	7.615939140319824	7.499727249145508
2	60	mother	5.242162704467773	2.497203826904297	2.047133207321167	1.7395151853561401
2	61	had	3.7685799598693848	2.965912342071533	1.1791739463806152	1.0893961191177368
2	62	once	6.607966899871826	6.636373996734619	6.009961128234863	5.126325607299805
2	63	given	7.747323989868164	5.920653343200684	4.70133113861084	4.586472988128662
2	64	her	4.780427932739258	4.98900032043457	3.464489698410034	2.4777817726135254
2	65	when	6.5860443115234375	7.3326802253723145	7.741359233856201	7.005304336547852
2	66	she	3.425274610519409	0.9788954257965088	0.4397929012775421	0.46333178877830505
2	67	left	6.028782844543457	4.871526718139648	4.8372483253479	4.416934013366699
2	68	home,	8.359027862548828	6.9118242263793945	6.041053771972656	6.074002742767334
2	69	but	2.8070168495178223	3.077728509902954	3.439055919647217	3.073582649230957
2	70	they	3.473292112350464	3.350130081176758	3.4231507778167725	4.054013252258301
2	71	were	2.5176022052764893	2.4967901706695557	2.1495556831359863	2.24025297164917
2	72	as	6.502821922302246	6.059974670410156	6.270392417907715	6.5887861251831055
2	73	much	4.461396217346191	3.1302297115325928	3.2733113765716553	3.370555877685547
2	74	use	7.798026084899902	7.58383846282959	8.216739654541016	9.334342002868652
2	75	to	3.736013650894165	1.42914879322052	1.8883520364761353	0.7087311744689941
2	76	her	5.974987983703613	7.533286094665527	5.556502342224121	4.789713382720947
2	77	as	5.374786853790283	4.712103843688965	4.968138694763184	2.661362886428833
2	78	a	1.8714717626571655	1.1855283975601196	1.5365031957626343	1.0037283897399902
2	79	chocolate	10.078595161437988	10.270061492919922	10.019946098327637	10.169219970703125
2	80	teapot.	12.776349067687988	10.359881401062012	10.05737018585205	8.86192512512207
2	81	The	2.416529893875122	2.4705164432525635	2.478100299835205	2.3217976093292236
2	82	slippers	12.890548706054688	10.316401481628418	10.654943466186523	10.924240112304688
2	83	owned	9.510895729064941	10.990387916564941	10.872260093688965	11.54183292388916
2	84	by	0.9219215512275696	0.08669454604387283	0.08876365423202515	0.09138134866952896
2	85	her	5.445134162902832	5.8168721199035645	4.2824249267578125	4.445599555969238
2	86	mother	5.242162704467773	4.303887367248535	4.054141044616699	3.738591194152832
2	87	were	5.6841583251953125	5.580484867095947	5.851461410522461	6.436623573303223
2	88	so	5.54158878326416	4.9300432205200195	5.0597686767578125	4.729528427124023
2	89	large	7.458057403564453	6.228235244750977	7.67292594909668	7.588247776031494
2	90	that	6.915427207946777	0.8002304434776306	0.6742115020751953	0.812205970287323
2	91	the	2.3350260257720947	2.0171632766723633	2.098998546600342	2.0933988094329834
2	92	emaciated	13.388134002685547	13.67973518371582	12.83084487915039	13.182212829589844
2	93	little	6.39430570602417	5.670523643493652	5.894229888916016	5.972018241882324
2	94	creature	9.134169578552246	4.754998207092285	3.779451608657837	3.2180233001708984
2	95	had	5.207369804382324	4.546267032623291	4.541138172149658	3.5174827575683594
2	96	lost	5.564107894897461	5.883264064788818	6.5520339012146	4.988132953643799
2	97	them	5.465252876281738	6.4616923332214355	7.293100833892822	7.145878791809082
2	98	while	6.319538116455078	5.7505412101745605	5.4638872146606445	5.186916351318359
2	99	running	6.197874069213867	5.906394958496094	5.08296012878418	4.9276814460754395
2	100	across	5.744119644165039	5.762983798980713	5.63370418548584	5.406256198883057
2	101	the	0.690933108329773	0.6362447738647461	0.7592632174491882	0.5777741074562073
2	102	street	8.570775985717773	4.201526165008545	3.172166347503662	3.2603631019592285
2	103	to	3.7277045249938965	3.1649417877197266	2.4144153594970703	1.0999785661697388
2	104	avoid	5.975106716156006	4.718423843383789	4.405697822570801	5.1054768562316895
2	105	two	7.226200580596924	7.689903259277344	7.153339385986328	7.20369815826416
2	106	carriages	10.923688888549805	11.868427276611328	12.631657600402832	9.81130599975586
2	107	that	3.7289180755615234	4.041084289550781	4.956170082092285	3.959080457687378
2	108	were	5.190093994140625	2.1407597064971924	1.9164732694625854	1.8578541278839111
2	109	rolling	9.018261909484863	9.819923400878906	6.742135524749756	6.904629707336426
2	110	along	7.214377403259277	3.8764472007751465	3.7514283657073975	2.799002170562744
2	111	at	5.599077224731445	2.2459869384765625	2.5095291137695312	2.620708465576172
2	112	a	2.742645740509033	2.3062779903411865	1.3207495212554932	1.5116791725158691
2	113	terrible	7.791260719299316	8.055157661437988	7.3674540519714355	8.259068489074707
2	114	rate.	10.662698745727539	10.254157066345215	4.148672103881836	3.1399827003479004
2	115	One	5.656011581420898	5.1927995681762695	5.158404350280762	5.099258899688721
2	116	of	1.3792686462402344	1.5928740501403809	1.6418745517730713	1.5522892475128174
2	117	the	1.4618616104125977	0.4233604967594147	0.3347454071044922	0.44041091203689575
2	118	slippers	13.50063705444336	13.896410942077637	13.592455863952637	14.48328971862793
2	119	she	6.209356307983398	4.437963962554932	4.078784942626953	3.769608497619629
2	120	could	4.226595401763916	4.384799480438232	5.6812424659729	5.889815330505371
2	121	not	2.7619237899780273	2.089674234390259	2.601318359375	2.037834882736206
2	122	find,	11.797653198242188	8.573090553283691	8.430030822753906	5.089838981628418
2	123	and	2.1537587642669678	2.471996307373047	2.275273084640503	1.9179191589355469
2	124	a	3.965337038040161	4.21795129776001	4.486904144287109	4.667762756347656
2	125	boy	7.999390602111816	8.081833839416504	7.986113548278809	8.085393905639648
2	126	seized	10.121103286743164	10.19775390625	9.596095085144043	9.210748672485352
2	127	upon	4.765098571777344	5.576776504516602	5.624844074249268	5.172945499420166
2	128	the	1.4204509258270264	1.3542423248291016	1.0693966150283813	1.8737767934799194
2	129	other,	8.375908851623535	7.724181175231934	9.980015754699707	10.021739959716797
2	130	saying	7.221774578094482	6.832427024841309	7.672926902770996	6.4290452003479
2	131	that	1.3286503553390503	1.2330507040023804	1.1982946395874023	1.0350462198257446
2	132	he	3.5226593017578125	2.4246768951416016	2.387122631072998	2.118558883666992
2	133	could	4.22681999206543	3.5783133506774902	4.038511276245117	3.84037446975708
2	134	use	4.7913408279418945	4.428134918212891	4.246767044067383	4.570752143859863
2	135	it	3.4553751945495605	2.776484966278076	2.9986891746520996	2.952723741531372
2	136	as	4.906546592712402	2.0422143936157227	2.178758144378662	2.326596975326538
2	137	a	1.8714717626571655	1.189592719078064	0.5911281108856201	0.4851636588573456
2	138	home	7.820653438568115	7.988683700561523	7.313288688659668	6.866090774536133
2	139	for	3.230247735977173	2.5449657440185547	1.5090645551681519	1.8415982723236084
2	140	his	4.470501899719238	4.252180099487305	4.116702079772949	4.123384475708008
2	141	little	7.075126647949219	7.434959411621094	5.944827079772949	5.393104553222656
2	142	pet	9.458732604980469	6.912991046905518	6.293961524963379	6.90151834487915
2	143	mouse.	11.733634948730469	9.61518383026123	7.633218765258789	7.218792915344238
2	144	So	5.026759147644043	4.844542503356934	4.6809186935424805	4.812462329864502
2	145	with	5.669274806976318	5.362198829650879	5.629890441894531	5.586613655090332
2	146	her	4.7759599685668945	5.641279697418213	6.654567241668701	4.92075777053833
2	147	naked	9.91453742980957	7.769906997680664	7.730175495147705	7.358088493347168
2	148	feet,	9.104948043823242	7.270614147186279	6.521541595458984	6.0449724197387695
2	149	which	3.912592887878418	3.639110565185547	3.4254961013793945	3.298642158508301
2	150	were	4.362722873687744	4.062321662902832	2.750440835952759	1.864626169204712
2	151	quite	6.5852155685424805	6.739368438720703	6.201676368713379	5.486993312835693
2	152	red	10.166637420654297	9.343913078308105	8.656978607177734	8.914347648620605
2	153	and	3.0994911193847656	2.1308882236480713	1.6564674377441406	1.3218309879302979
2	154	blue	8.880181312561035	3.049560308456421	4.892197608947754	5.050276279449463
2	155	with	5.477639675140381	4.883960723876953	4.8430094718933105	3.1893928050994873
2	156	the	1.7403578758239746	2.627171754837036	2.60563325881958	2.3418731689453125
2	157	cold,	10.528789520263672	10.470576286315918	10.403772354125977	10.516319274902344
2	158	the	3.574458122253418	2.8135504722595215	2.7069971561431885	3.0788252353668213
2	159	little	7.854135513305664	6.85590934753418	7.525453090667725	7.482095718383789
2	160	girl	5.3612189292907715	2.848336935043335	2.6914350986480713	3.0298900604248047
2	161	went	6.030050277709961	6.329824447631836	5.928140640258789	5.347333908081055
2	162	on,	5.6692585945129395	7.517234802246094	8.383588790893555	5.875463008880615
2	163	wondering	8.69861125946045	7.699714183807373	7.076284408569336	7.035210132598877
2	164	how	1.474189043045044	1.8385944366455078	2.048556327819824	2.1392662525177
2	165	she	5.13432502746582	4.059630393981934	3.5282230377197266	2.9536962509155273
2	166	would	3.8393025398254395	3.376326084136963	2.517653226852417	2.254176616668701
2	167	get	4.713748455047607	4.306466102600098	3.9024505615234375	3.1315081119537354
2	168	through	6.197831630706787	5.631484508514404	5.550736904144287	3.4047939777374268
2	169	this	4.0499491691589355	2.980497121810913	3.0514674186706543	2.7062928676605225
2	170	dreadful	10.91779899597168	9.23498821258545	8.357162475585938	8.554898262023926
2	171	night.	7.646694183349609	5.728166103363037	6.258928298950195	6.146893501281738
2	172	She	4.128949165344238	4.086857795715332	4.259024143218994	4.44417667388916
2	173	approached	7.991049766540527	7.575621128082275	7.907754898071289	8.054901123046875
2	174	an	5.46140193939209	5.150386810302734	5.151590824127197	5.8324995040893555
2	175	old	4.983525276184082	3.577237129211426	2.423757791519165	2.7305428981781006
2	176	hovel	13.677797317504883	11.518064498901367	11.016555786132812	11.116154670715332
2	177	she	6.5360541343688965	5.5728349685668945	5.453372955322266	6.451611042022705
2	178	had	3.0206072330474854	2.012692928314209	1.8694806098937988	1.6080414056777954
2	179	used	6.171026229858398	5.775439262390137	4.578579425811768	4.91752290725708
2	180	as	3.2145960330963135	4.69069242477417	4.4507246017456055	1.5563571453094482
2	181	a	1.8714717626571655	0.8876137137413025	0.8637892603874207	0.6720362305641174
2	182	shelter	10.032855987548828	9.86059856414795	8.317882537841797	7.782076358795166
2	183	a	4.6603498458862305	6.921422481536865	8.224221229553223	8.167834281921387
2	184	few	4.033159255981445	3.395901679992676	1.5018192529678345	1.7982501983642578
2	185	times	3.9599380493164062	4.540356636047363	4.696774482727051	3.8151893615722656
2	186	before,	6.830104827880859	5.33580207824707	6.560091018676758	6.745316028594971
2	187	and	2.3470356464385986	1.837571382522583	1.77592134475708	1.9398902654647827
2	188	found	7.57139778137207	7.096940517425537	7.449080944061279	6.681547164916992
2	189	the	2.893159866333008	2.4849767684936523	2.4835398197174072	2.55419659614563
2	190	entrance	8.601643562316895	7.227535724639893	6.563019752502441	7.016024589538574
2	191	was	4.728224754333496	5.684584617614746	4.202662944793701	3.9522855281829834
2	192	locked.	12.242250442504883	7.175778388977051	6.247238636016846	4.711593151092529
2	193	Tough	10.917417526245117	11.316255569458008	11.400821685791016	11.298477172851562
2	194	luck	8.967161178588867	4.467808723449707	3.045633316040039	2.7451157569885254
2	195	for	2.7569165229797363	3.8216052055358887	1.8033857345581055	1.1491848230361938
2	196	the	1.8875508308410645	1.5255210399627686	1.8499342203140259	1.606801986694336
2	197	girl!	15.511022567749023	15.411394119262695	12.89830207824707	9.386272430419922
2	198	This	4.410109519958496	4.426153182983398	4.285625457763672	4.243358135223389
2	199	day	6.967531204223633	7.0743536949157715	7.465395927429199	7.328779220581055
2	200	was	4.478551387786865	3.0093436241149902	2.771233081817627	2.586361885070801
2	201	even	6.4889984130859375	6.561851501464844	6.200016975402832	6.239173412322998
2	202	worse	5.304141998291016	4.074049949645996	3.5478663444519043	3.220717668533325
2	203	than	1.0218310356140137	1.2785568237304688	0.980366587638855	0.6148619651794434
2	204	the	2.299424648284912	1.8690494298934937	1.5271886587142944	1.6632070541381836
2	205	others.	10.230348587036133	6.047579765319824	6.096980094909668	6.620571136474609
2	206	No	5.717257976531982	5.907881736755371	5.918288230895996	5.7968316078186035
2	207	Good	7.65285587310791	10.854196548461914	10.702737808227539	10.882366180419922
2	208	Samaritan	10.28436279296875	7.662532329559326	4.041744232177734	4.151655197143555
2	209	had	5.254605293273926	6.294375896453857	7.279809951782227	5.450705528259277
2	210	given	5.758573532104492	4.8603057861328125	5.012934684753418	5.700281143188477
2	211	her	4.780428409576416	3.0871760845184326	2.5969691276550293	2.4523396492004395
2	212	even	8.102164268493652	7.326538562774658	7.444760799407959	7.8070969581604
2	213	a	3.337850570678711	3.913428544998169	1.2365407943725586	2.2691314220428467
2	214	penny.	12.248449325561523	9.815073013305664	8.328669548034668	8.01812744140625
2	215	And	3.413641929626465	3.430534601211548	3.373117685317993	3.5306077003479004
2	216	she	5.474148750305176	5.0101141929626465	5.07570743560791	4.989045143127441
2	217	had	3.0206072330474854	3.3091797828674316	3.134695053100586	3.1045570373535156
2	218	no	3.646517276763916	3.3364109992980957	2.9396073818206787	2.744328498840332
2	219	luck	7.956748008728027	6.284409999847412	7.140420913696289	6.622841835021973
2	220	selling	10.1199951171875	7.9000773429870605	6.378738880157471	6.215507507324219
2	221	any	5.92523193359375	5.828764915466309	3.6876227855682373	3.4147560596466064
2	222	matches	10.45618724822998	9.751214027404785	9.624772071838379	8.511771202087402
2	223	that	3.14445161819458	3.099069833755493	2.830996036529541	2.992249011993408
2	224	she	4.673342227935791	6.3151350021362305	6.252035140991211	5.793271541595459
2	225	carried	7.944746494293213	8.218229293823242	8.145967483520508	8.680961608886719
2	226	in	3.2675795555114746	3.8458518981933594	3.4562647342681885	2.433994770050049
2	227	the	1.3865312337875366	1.3941081762313843	2.5161287784576416	2.3476481437683105
2	228	old	6.8358306884765625	7.350101470947266	7.080690383911133	6.623915672302246
2	229	apron	13.74099063873291	11.328622817993164	12.472159385681152	10.724940299987793
2	230	her	7.374107360839844	7.282049179077148	7.99577522277832	8.179426193237305
2	231	grandmother	7.481892108917236	5.979000091552734	4.518797874450684	4.483654499053955
2	232	had	3.7237091064453125	3.1004581451416016	1.3893104791641235	1.1429684162139893
2	233	given	5.758573532104492	4.9866743087768555	4.337578773498535	1.9764564037322998
2	234	her.	8.500006675720215	6.839815139770508	6.514029026031494	4.363645553588867
2	235	Poor	9.402801513671875	9.091995239257812	9.399373054504395	9.076467514038086
2	236	little	8.47322940826416	2.7780885696411133	2.817918062210083	2.69978666305542
2	237	child,	8.564498901367188	6.748857498168945	7.826298713684082	7.5363054275512695
2	238	she	4.419249534606934	3.6057300567626953	4.878417015075684	2.1329216957092285
2	239	looked	5.261148452758789	5.960892677307129	5.289494037628174	5.155943870544434
2	240	the	5.418801307678223	5.701864242553711	5.187334060668945	5.009483814239502
2	241	picture	8.481901168823242	7.2636027336120605	5.873356342315674	5.706773281097412
2	242	of	0.8707389831542969	2.0883336067199707	0.16856558620929718	0.06418351829051971
2	243	misery.	12.300965309143066	13.505311965942383	11.911478042602539	8.834026336669922
2	244	On	5.405726909637451	5.325444221496582	5.260005474090576	5.136337757110596
2	245	her	5.897764205932617	5.3004021644592285	5.381626129150391	4.99283504486084
2	246	long,	8.992116928100586	8.869099617004395	9.261587142944336	9.177024841308594
2	247	fair	8.98576545715332	7.567917346954346	7.9129838943481445	8.438299179077148
2	248	hair,	11.428460121154785	7.602441787719727	2.2149252891540527	2.0567047595977783
2	249	which	3.6134350299835205	4.044119834899902	3.9000720977783203	2.933471202850342
2	250	hung	11.43177604675293	8.757414817810059	9.294313430786133	6.077105522155762
2	251	in	2.866528034210205	2.126368284225464	2.6183481216430664	2.724391460418701
2	252	curls	14.296793937683105	14.408702850341797	13.07503890991211	6.226424694061279
2	253	on	3.762472629547119	3.945096731185913	2.228884696960449	1.8104698657989502
2	254	her	4.903878211975098	2.0253682136535645	3.205442190170288	1.850333333015442
2	255	shoulders,	8.198573112487793	5.7645111083984375	4.757687568664551	4.593602180480957
2	256	the	3.373684883117676	3.6386971473693848	3.3537368774414062	3.2538585662841797
2	257	snowflakes	13.314294815063477	11.131623268127441	10.251184463500977	9.86833381652832
2	258	kept	8.49736499786377	7.674504280090332	6.774891376495361	6.956042766571045
2	259	landing,	12.700814247131348	9.574498176574707	9.325382232666016	8.523246765136719
2	260	but	2.8080711364746094	2.130448818206787	2.7213878631591797	2.95290207862854
2	261	she	4.640289306640625	4.475687503814697	4.324507713317871	3.5131773948669434
2	262	did	4.536901950836182	3.8262345790863037	3.4958224296569824	3.7749104499816895
2	263	not	0.9057575464248657	0.6846215724945068	0.8209942579269409	0.6736927628517151
2	264	notice	7.703996658325195	6.317202091217041	5.96782112121582	5.552316188812256
2	265	them	6.166552543640137	4.849593162536621	4.7066802978515625	5.081423282623291
2	266	as	3.801422595977783	2.507969617843628	2.5242838859558105	3.1344194412231445
2	267	she	4.986759662628174	5.358591556549072	5.461429595947266	4.5748796463012695
2	268	shivered	10.760248184204102	9.650927543640137	9.497308731079102	9.977365493774414
2	269	along.	10.335092544555664	12.271623611450195	11.055334091186523	10.685229301452637
2	270	She	4.609749794006348	2.979604482650757	1.9365055561065674	2.0563580989837646
2	271	was	2.028120517730713	2.340089797973633	2.2835536003112793	2.2447195053100586
2	272	losing	8.687101364135742	8.733514785766602	8.382640838623047	7.115174293518066
2	273	strength	8.34536361694336	6.629909992218018	5.804052829742432	5.07036018371582
2	274	and	2.1758010387420654	1.8782341480255127	0.9978567957878113	1.0124551057815552
2	275	beginning	9.696981430053711	11.054085731506348	7.602439880371094	7.3364481925964355
2	276	to	1.9646776914596558	2.0571036338806152	0.8245594501495361	0.10311700403690338
2	277	doubt	9.390750885009766	6.688938140869141	6.299174785614014	6.4375691413879395
2	278	she	6.209782600402832	8.186652183532715	7.5730977058410645	7.103347301483154
2	279	could	4.226595401763916	2.9227757453918457	2.9107089042663574	2.5439891815185547
2	280	weather	11.158936500549316	10.58905029296875	9.387495994567871	8.815114974975586
2	281	this	6.3208112716674805	3.766568660736084	3.9067325592041016	3.0527660846710205
2	282	storm.	11.90640926361084	9.710683822631836	2.379045248031616	2.9901084899902344
2	283	It	3.4071030616760254	3.1920769214630127	3.390944004058838	3.6469178199768066
2	284	was	1.6171106100082397	1.4839637279510498	1.6388258934020996	2.1475605964660645
2	285	New	10.18345832824707	8.937294960021973	8.993966102600098	9.334290504455566
2	286	Year's,	9.99914836883545	7.198801517486572	4.999542236328125	5.416135787963867
2	287	and	2.6952009201049805	2.5466177463531494	1.2164067029953003	0.6829714775085449
2	288	the	2.761542558670044	2.3196310997009277	2.1697511672973633	2.082597494125366
2	289	girl	8.247149467468262	8.17673110961914	8.339387893676758	8.135396957397461
2	290	asked	6.724950313568115	6.4287824630737305	6.2975006103515625	5.6702728271484375
2	291	herself	7.6979570388793945	7.497848033905029	7.249950408935547	7.766983985900879
2	292	why,	11.599542617797852	6.116494178771973	5.959588050842285	5.756225109100342
2	293	as	3.445329189300537	3.375601053237915	3.4721837043762207	3.6301822662353516
2	294	lights	11.99698543548584	11.667009353637695	12.595466613769531	12.58716106414795
2	295	shone	9.690149307250977	6.921676158905029	5.311611652374268	4.857560157775879
2	296	from	4.539080619812012	2.8591747283935547	2.557032346725464	2.536956787109375
2	297	every	6.848822116851807	4.286218643188477	4.563771724700928	4.764636039733887
2	298	window,	10.870695114135742	9.467897415161133	6.0976691246032715	4.069350242614746
2	299	and	2.1635241508483887	2.121583938598633	2.0458717346191406	1.513039231300354
2	300	the	2.761542558670044	2.4013497829437256	2.5408201217651367	2.443258762359619
2	301	savory	14.18157958984375	13.91717529296875	14.00279712677002	13.601167678833008
2	302	smell	6.818530559539795	5.269918918609619	4.546514987945557	2.3663735389709473
2	303	of	1.1394251585006714	0.8750569820404053	0.4301953613758087	0.3487735390663147
2	304	roast	12.747002601623535	6.933117389678955	5.286831378936768	5.335219383239746
2	305	goose	8.20350456237793	6.576961994171143	6.588266372680664	6.6533026695251465
2	306	crept	11.424432754516602	14.455090522766113	13.999948501586914	13.630242347717285
2	307	out	1.9345320463180542	3.1642343997955322	2.3936071395874023	2.934204578399658
2	308	on	3.8736331462860107	4.211278915405273	4.727873802185059	4.6076531410217285
2	309	the	1.3069698810577393	1.1851189136505127	1.5488427877426147	1.3468271493911743
2	310	streets,	9.613826751708984	7.930547714233398	5.709858417510986	5.807541370391846
2	311	she	5.630455017089844	5.192987442016602	5.436657428741455	5.360106468200684
2	312	was	2.217952013015747	2.602874994277954	2.510815143585205	2.624778985977173
2	313	outside	8.993985176086426	8.90648365020752	8.319683074951172	8.43307876586914
2	314	all	6.15553617477417	6.5130228996276855	6.676988124847412	6.709210395812988
2	315	alone.	11.230228424072266	9.478837966918945	7.426659107208252	5.702971458435059
2	316	Exhausted,	12.912446022033691	12.168233871459961	12.262633323669434	10.715179443359375
2	317	she	3.9687752723693848	1.9581633806228638	2.042588710784912	1.9184203147888184
2	318	finally	7.327891826629639	4.99668550491333	4.875649452209473	4.849957466125488
2	319	sat	7.4968109130859375	6.682880401611328	5.173277854919434	5.174781322479248
2	320	down	1.374543309211731	1.1497565507888794	0.8647446632385254	1.0504463911056519
2	321	in	3.3071823120117188	2.5311014652252197	2.4230709075927734	2.142099380493164
2	322	a	2.6917762756347656	2.5206961631774902	1.8195396661758423	2.0594334602355957
2	323	corner	8.627239227294922	7.392854690551758	5.165771961212158	3.661478042602539
2	324	behind	7.090132713317871	6.724667549133301	5.077017307281494	4.820337295532227
2	325	the	1.1917848587036133	1.1876484155654907	0.9013881683349609	0.8631830215454102
2	326	little	7.854135513305664	8.57249927520752	8.132433891296387	8.171252250671387
2	327	bakery.	14.665536880493164	13.392733573913574	12.069894790649414	10.676684379577637
2	328	She	4.295097351074219	4.017434120178223	3.6465940475463867	3.5197901725769043
2	329	put	6.262589454650879	6.529149532318115	6.238293647766113	5.749121189117432
2	330	a	2.935300350189209	2.6355090141296387	2.369152069091797	2.2873482704162598
2	331	rag	11.093781471252441	9.651066780090332	8.082472801208496	8.124317169189453
2	332	she	6.201712131500244	7.027975082397461	9.837018966674805	8.231803894042969
2	333	had	3.0206072330474854	3.0174081325531006	2.234421730041504	1.3827648162841797
2	334	found	5.540203094482422	5.037631511688232	5.061254024505615	3.812642812728882
2	335	over	6.911221981048584	7.309573173522949	7.573930740356445	6.460113048553467
2	336	her	4.950061798095703	6.304194450378418	6.233839988708496	3.5843799114227295
2	337	legs	6.1846022605896	6.044487476348877	7.360215663909912	7.922152996063232
2	338	to	3.5842065811157227	3.2445483207702637	2.83510422706604	3.686966896057129
2	339	cover	6.848941802978516	6.203450679779053	4.905008316040039	4.012908935546875
2	340	herself,	11.253219604492188	10.12946891784668	7.298421859741211	4.263855457305908
2	341	but	2.810988664627075	2.672095775604248	2.3095474243164062	2.2939224243164062
2	342	she	4.640289306640625	2.1428885459899902	1.9607837200164795	1.8047598600387573
2	343	could	4.226595401763916	4.062531471252441	4.027106285095215	4.103312015533447
2	344	not	2.7619240283966064	2.089674234390259	1.0112686157226562	0.9109901785850525
2	345	keep	7.020345211029053	5.437777996063232	4.7604169845581055	4.492251396179199
2	346	off	6.585047721862793	7.487185955047607	6.972264766693115	6.452206134796143
2	347	the	1.3475805521011353	0.8445860743522644	0.8360896110534668	0.7178744673728943
2	348	cold.	11.286069869995117	10.478004455566406	7.445910930633545	8.418827056884766
2	349	The	2.2402453422546387	2.333714246749878	2.48956298828125	2.5835185050964355
2	350	girl,	10.244446754455566	9.772032737731934	9.554317474365234	9.339227676391602
2	351	who	2.474473476409912	1.2101964950561523	1.381783127784729	1.392577052116394
2	352	the	5.914359092712402	5.85750150680542	5.8559980392456055	6.034401893615723
2	353	night	7.621278762817383	8.544795989990234	6.774206161499023	7.587159156799316
2	354	air	8.52358627319336	5.455725193023682	6.4878716468811035	9.795092582702637
2	355	had	6.294234752655029	5.14004373550415	4.530291557312012	3.7965269088745117
2	356	completely	8.093942642211914	5.8986968994140625	6.563291072845459	6.6535844802856445
2	357	enveloped,	13.519554138183594	14.114877700805664	10.43990707397461	11.542218208312988
2	358	dared	13.792068481445312	14.011577606201172	12.393503189086914	13.380166053771973
2	359	not	4.241844654083252	1.1958491802215576	1.4343597888946533	1.1544132232666016
2	360	go	5.512496471405029	3.722283124923706	4.010002136230469	4.267253398895264
2	361	home,	6.582071304321289	7.349886894226074	6.368722915649414	6.626714706420898
2	362	for	5.258532524108887	5.555184841156006	5.021841526031494	3.364840507507324
2	363	she	9.003588676452637	5.915790557861328	5.08131217956543	3.6128993034362793
2	364	had	3.0206072330474854	2.2120628356933594	1.7890918254852295	1.7921284437179565
2	365	sold	7.37861967086792	7.142653465270996	7.749039173126221	6.904305458068848
2	366	no	6.7527618408203125	6.7995452880859375	7.446426868438721	6.457250595092773
2	367	matches.	11.778741836547852	9.9908447265625	10.284300804138184	9.96961498260498
2	368	Her	7.279529094696045	7.447283744812012	6.588115692138672	6.115056991577148
2	369	father	4.062985420227051	4.60938835144043	4.152776718139648	3.8016979694366455
2	370	had	3.596971273422241	2.1422348022460938	2.676156997680664	2.357968330383301
2	371	been	1.9564940929412842	1.9805611371994019	1.6668349504470825	1.7378681898117065
2	372	mean	11.389309883117676	11.274225234985352	10.430349349975586	10.52553653717041
2	373	and	4.5066819190979	1.860155701637268	1.857189416885376	2.0929763317108154
2	374	moody	13.877847671508789	13.579119682312012	9.752786636352539	9.712394714355469
2	375	ever	8.996400833129883	8.713604927062988	8.495298385620117	5.125951290130615
2	376	since	4.362715721130371	0.4541207551956177	0.534943699836731	0.6059202551841736
2	377	his	4.366423606872559	3.6059231758117676	3.38063383102417	3.139819860458374
2	378	wife	5.116224765777588	5.043484210968018	4.770995616912842	3.645643711090088
2	379	had	4.372334957122803	3.872941493988037	3.0454304218292236	3.24647855758667
2	380	gone	5.074402809143066	4.463811874389648	4.2350239753723145	3.9595823287963867
2	381	to	2.0067358016967773	1.7188163995742798	0.974089503288269	0.9522998332977295
2	382	meet	6.168689250946045	5.734938621520996	5.258214950561523	4.617809295654297
2	383	her	3.8792917728424072	3.8413774967193604	3.225270986557007	2.9007632732391357
2	384	Maker.	16.00043296813965	12.4017333984375	11.337785720825195	12.954752922058105
2	385	He	3.801809072494507	3.267477512359619	4.286746501922607	4.050829887390137
2	386	would	4.261818885803223	4.718642234802246	4.29110050201416	4.153467655181885
2	387	certainly	6.217728614807129	5.621623992919922	6.423913955688477	5.789477348327637
2	388	beat	8.594923973083496	7.950462818145752	7.8486247062683105	8.147842407226562
2	389	her,	6.302430152893066	7.42744779586792	7.007580757141113	6.377272129058838
2	390	as	4.251273155212402	4.677277565002441	3.9732296466827393	3.6282100677490234
2	391	he	3.7657039165496826	2.990877866744995	2.3227531909942627	2.602815866470337
2	392	has	3.4002695083618164	3.771080493927002	4.144089698791504	3.9377689361572266
2	393	done	5.386780261993408	4.242049217224121	2.627683162689209	2.1588120460510254
2	394	several	7.455316066741943	6.928644180297852	7.186919212341309	5.744322776794434
2	395	times	3.8650944232940674	2.5272369384765625	2.487187385559082	1.5031722784042358
2	396	in	2.54243540763855	2.1565144062042236	1.9363601207733154	1.6735410690307617
2	397	the	1.3865312337875366	1.1627540588378906	0.8526555895805359	0.7653405070304871
2	398	weeks	9.959847450256348	7.915767669677734	7.1538920402526855	5.825965881347656
2	399	past,	9.173004150390625	7.638806343078613	8.36125373840332	8.372026443481445
2	400	because	5.512541770935059	6.052817344665527	6.424883842468262	5.975728988647461
2	401	she	3.9873011112213135	4.565949440002441	3.8780598640441895	4.263781547546387
2	402	had	3.0206072330474854	2.6271824836730957	2.7061779499053955	2.2154035568237305
2	403	not	4.20198917388916	3.746206045150757	3.6309618949890137	3.6156933307647705
2	404	earned	10.219497680664062	7.019351959228516	7.499338626861572	6.657107353210449
2	405	any	5.4209489822387695	3.672675371170044	3.1210339069366455	3.209381341934204
2	406	money	6.685262680053711	3.7709813117980957	3.4538156986236572	3.2802720069885254
2	407	today.	9.002249717712402	9.541478157043457	8.31204891204834	7.526517391204834
2	408	Besides,	8.491456985473633	8.109848022460938	8.44694709777832	8.452247619628906
2	409	it	2.962203025817871	2.9895787239074707	3.0450544357299805	3.0775370597839355
2	410	was	2.332796096801758	1.9147348403930664	2.043701410293579	2.1929397583007812
2	411	almost	6.069568634033203	5.949949741363525	5.330421447753906	5.398140907287598
2	412	as	3.751495599746704	2.720370292663574	2.3281493186950684	2.8389265537261963
2	413	cold	8.969502449035645	7.642703533172607	6.451671600341797	7.296900272369385
2	414	at	6.011970043182373	6.311070442199707	5.384002208709717	5.095736503601074
2	415	home	5.382349967956543	5.200963973999023	4.739325046539307	4.3392839431762695
2	416	as	4.34971809387207	3.8687942028045654	3.784818410873413	0.7494170069694519
2	417	outside,	14.273362159729004	14.02110767364502	13.626036643981934	12.12908935546875
2	418	for	5.534626483917236	5.10103702545166	4.996186256408691	4.979101181030273
2	419	they	7.819399356842041	5.497795581817627	5.260645866394043	5.202149391174316
2	420	had	3.638810634613037	3.104551076889038	3.0917766094207764	3.65212345123291
2	421	only	5.694517135620117	5.50160026550293	4.962973117828369	4.797798156738281
2	422	a	3.207435131072998	2.5968856811523438	2.552967071533203	2.6081972122192383
2	423	patchy	13.39095687866211	12.396753311157227	11.043630599975586	10.601629257202148
2	424	roof	7.633333206176758	6.946434020996094	8.691951751708984	8.071185111999512
2	425	to	3.902454376220703	3.9129109382629395	4.090627193450928	3.184112787246704
2	426	cover	6.848941802978516	5.2332072257995605	4.879573822021484	4.307832717895508
2	427	them.	7.1379899978637695	6.210373401641846	5.465620994567871	5.810399532318115
2	428	The	2.550191879272461	2.4684524536132812	2.4415130615234375	2.1632423400878906
2	429	girl's	9.649689674377441	9.507813453674316	9.149284362792969	9.67082405090332
2	430	little	7.059256076812744	6.755064487457275	6.596689224243164	6.323944091796875
2	431	hands	8.467156410217285	4.065979480743408	3.406892776489258	3.315525770187378
2	432	were	4.704996109008789	4.449106693267822	2.6697769165039062	1.7280915975570679
2	433	almost	6.316511154174805	6.942873954772949	7.134586811065674	6.3228840827941895
2	434	frozen	10.122138023376465	8.257843971252441	5.663084506988525	6.739342212677002
2	435	solid	9.512092590332031	4.135556221008301	2.1049301624298096	3.6657838821411133
2	436	so	7.660667896270752	4.726823329925537	4.753225326538086	6.027648448944092
2	437	she	5.227126121520996	4.800571918487549	4.264458179473877	3.697427749633789
2	438	decided	5.971621036529541	4.384487152099609	7.008080959320068	6.952465057373047
2	439	that	2.2329554557800293	3.1605987548828125	3.4810595512390137	3.5214977264404297
2	440	a	4.261780738830566	3.6617932319641113	3.9429945945739746	3.9662067890167236
2	441	burning	9.852839469909668	9.835733413696289	10.018908500671387	9.927834510803223
2	442	match	11.035948753356934	7.165663719177246	5.582053184509277	6.057690143585205
2	443	might	7.71115779876709	7.507267951965332	7.348804950714111	4.007859230041504
2	444	be	1.221409559249878	1.0720837116241455	1.288857102394104	1.5092405080795288
2	445	of	6.210150241851807	5.516712188720703	5.892521858215332	5.765090465545654
2	446	some	5.997528076171875	3.969011068344116	2.92501163482666	3.3150291442871094
2	447	good.	9.614471435546875	10.400043487548828	8.437582015991211	9.34443473815918
2	448	'Scratch!'	25.136892318725586	24.540931701660156	24.648326873779297	24.16517448425293
2	449	sounded	8.61856460571289	9.511980056762695	9.425604820251465	9.377690315246582
2	450	the	4.210552215576172	4.165543079376221	2.653925895690918	2.876816511154175
2	451	match	8.921916007995605	8.850472450256348	9.316804885864258	10.787628173828125
2	452	as	5.174401760101318	3.945338249206543	4.277650356292725	3.672530174255371
2	453	she	4.986759662628174	5.209606170654297	4.767225742340088	3.784977912902832
2	454	drew	7.819108963012695	6.449960231781006	6.998051643371582	6.951914310455322
2	455	it	4.8075761795043945	3.9834718704223633	4.717887878417969	5.0350446701049805
2	456	out.	7.076324462890625	5.057376861572266	4.76652193069458	2.912379264831543
2	457	How	6.073113918304443	6.1052069664001465	6.057835578918457	6.5619354248046875
2	458	it	4.5928215980529785	5.042167663574219	4.8137288093566895	4.266404628753662
2	459	sputtered	14.69793701171875	15.12623119354248	13.401169776916504	13.876017570495605
2	460	as	3.7468996047973633	3.669323682785034	4.924187660217285	4.251806259155273
2	461	it	3.7824597358703613	1.9055118560791016	1.2756133079528809	1.4115991592407227
2	462	burnt!	18.69661521911621	17.83938980102539	14.111785888671875	13.403942108154297
2	463	It	3.6121554374694824	2.9247026443481445	3.0012426376342773	2.7717247009277344
2	464	gave	7.123164176940918	6.31659460067749	5.8272247314453125	5.55773401260376
2	465	a	2.7459816932678223	3.2797794342041016	2.91919207572937	2.630739688873291
2	466	warm,	10.227356910705566	9.119956970214844	8.063894271850586	6.786177158355713
2	467	candle-like	14.108062744140625	14.33563232421875	15.18280029296875	12.959410667419434
2	468	bright	7.227794647216797	7.599889755249023	8.547163009643555	9.834800720214844
2	469	light	2.319873332977295	3.1550192832946777	2.3810458183288574	2.2645418643951416
2	470	that	4.0482940673828125	3.228435754776001	2.233869791030884	1.9418362379074097
2	471	the	2.3350260257720947	3.3792057037353516	4.348783493041992	4.929109573364258
2	472	girl	8.247149467468262	7.218470096588135	7.32176399230957	6.564633369445801
2	473	hid	10.800515174865723	9.200024604797363	8.796573638916016	7.373056411743164
2	474	from	3.5505380630493164	3.8831751346588135	3.940661668777466	3.7525534629821777
2	475	the	1.3965858221054077	1.2144982814788818	1.0281111001968384	1.098278284072876
2	476	world	5.71575927734375	6.487920761108398	3.6119441986083984	5.500292778015137
2	477	as	4.300698280334473	3.7335846424102783	4.510404586791992	4.032717704772949
2	478	she	4.986759662628174	4.908303260803223	5.242388725280762	5.059113502502441
2	479	held	6.927404880523682	5.600226402282715	7.143521308898926	6.734521865844727
2	480	her	4.708375453948975	1.9441434144973755	1.681957483291626	1.7134710550308228
2	481	hand	5.18502950668335	2.443789005279541	2.4792110919952393	2.625540256500244
2	482	over	4.25486946105957	3.627210855484009	3.2185606956481934	2.129030227661133
2	483	it.	6.241465091705322	6.614912986755371	4.59880256652832	4.727980613708496
2	484	Why	6.33941125869751	6.452178001403809	6.537410259246826	7.307654857635498
2	485	had	5.910323143005371	6.724843502044678	6.521793365478516	5.805220603942871
2	486	no	3.646517276763916	4.041704177856445	4.211696147918701	4.244358539581299
2	487	one	2.8277428150177	5.6572113037109375	0.3504972755908966	0.14226427674293518
2	488	wanted	8.76221752166748	5.377232551574707	9.143254280090332	6.582902431488037
2	489	to	0.35490214824676514	0.38015416264533997	0.40495288372039795	0.5866073369979858
2	490	buy	6.118574619293213	5.372473239898682	5.0432000160217285	4.26439905166626
2	491	even	7.279212951660156	6.991420269012451	7.640006065368652	7.472330570220947
2	492	one	5.574580192565918	4.896127700805664	3.4814236164093018	3.848940849304199
2	493	match?	13.799111366271973	12.73580265045166	11.06732177734375	11.196830749511719
2	494	A	5.203782081604004	5.031763076782227	4.638311862945557	4.876830101013184
2	495	wonderful	8.44676399230957	9.264062881469727	9.223718643188477	8.930020332336426
2	496	light,	9.711630821228027	9.737129211425781	11.32927131652832	11.364612579345703
2	497	it	3.886104106903076	3.8892126083374023	3.790332317352295	4.8595380783081055
2	498	was	2.332796096801758	2.201580762863159	1.8419065475463867	2.6097097396850586
2	499	really.	12.451395034790039	11.509391784667969	12.548027992248535	11.88566780090332
2	500	It	3.2092771530151367	2.6956682205200195	2.4865221977233887	2.486142873764038
2	501	seemed	5.513918876647949	5.218730926513672	4.533470153808594	4.813868522644043
2	502	to	0.8801509141921997	1.7121102809906006	1.7280805110931396	1.7058809995651245
2	503	the	2.329280376434326	6.246119499206543	4.85701847076416	6.174124717712402
2	504	girl	8.247149467468262	8.826061248779297	6.159733772277832	4.897098541259766
2	505	that	4.21063232421875	4.5852532386779785	3.8798117637634277	1.6895968914031982
2	506	she	4.673342227935791	2.994204521179199	2.6892333030700684	2.107565402984619
2	507	was	2.217952013015747	1.8418159484863281	1.8513139486312866	1.8078081607818604
2	508	sitting	6.99641227722168	6.23309326171875	6.98888635635376	6.864034652709961
2	509	by	6.367996692657471	4.629169464111328	4.546329498291016	4.462369918823242
2	510	a	2.907954216003418	2.2187862396240234	2.226154088973999	2.0759165287017822
2	511	large	5.378332138061523	4.936911582946777	4.6697893142700195	4.210260391235352
2	512	iron	8.140267372131348	8.189367294311523	8.565629959106445	6.825915336608887
2	513	stove,	9.892251968383789	10.077003479003906	8.869109153747559	9.498071670532227
2	514	with	4.412339210510254	4.1117706298828125	3.476755142211914	3.6311473846435547
2	515	polished	12.080728530883789	11.140377044677734	10.251273155212402	9.73650074005127
2	516	brass	8.574983596801758	4.328629493713379	3.1156530380249023	3.0281591415405273
2	517	feet	8.792683601379395	9.037981986999512	8.612232208251953	7.041589736938477
2	518	and	2.6250674724578857	1.7169263362884521	1.548825740814209	0.8166823387145996
2	519	a	3.965337038040161	3.032227039337158	2.211928129196167	2.175084352493286
2	520	brass	11.374805450439453	9.861568450927734	10.661112785339355	5.273378849029541
2	521	ornament.	12.088098526000977	8.858099937438965	8.147224426269531	8.960737228393555
2	522	How	6.564915180206299	7.026836395263672	7.0498948097229	7.458837509155273
2	523	the	3.781341314315796	3.660717487335205	3.3862791061401367	3.3285069465637207
2	524	fire	8.266932487487793	8.142706871032715	7.5986175537109375	7.381180763244629
2	525	burned!	16.22075653076172	15.40104866027832	11.466937065124512	8.114574432373047
2	526	The	2.836808204650879	2.2088208198547363	2.323474407196045	2.376786708831787
2	527	girl	7.559759616851807	6.975611686706543	6.795767784118652	6.733537673950195
2	528	was	3.151989221572876	1.9906715154647827	2.0162432193756104	1.8884239196777344
2	529	pleased	8.061555862426758	9.523226737976074	8.689218521118164	8.738502502441406
2	530	and	4.128612518310547	4.101411819458008	2.895230293273926	2.3479692935943604
2	531	the	2.761542558670044	4.126194000244141	4.569729328155518	3.863420248031616
2	532	fire	8.266932487487793	8.117098808288574	7.784308433532715	7.5971360206604
2	533	actually	9.939363479614258	8.036423683166504	8.120428085327148	7.396818161010742
2	534	seemed	7.502960205078125	6.037755966186523	6.716094493865967	6.113943576812744
2	535	so	4.7354278564453125	4.3269147872924805	4.460173606872559	5.247933387756348
2	536	warm	8.869590759277344	7.326322555541992	7.223015785217285	5.875667572021484
2	537	that	4.849584579467773	1.9068137407302856	2.945667266845703	4.050590991973877
2	538	the	2.3350260257720947	2.3360564708709717	1.99408757686615	2.3409595489501953
2	539	child	8.133870124816895	6.831162929534912	6.901931285858154	6.756433486938477
2	540	stretched	12.735681533813477	14.1756591796875	14.386837005615234	11.469532012939453
2	541	out	2.672056198120117	0.832772433757782	0.8305042386054993	1.2160727977752686
2	542	her	6.1332244873046875	4.262385368347168	5.338338851928711	3.6240720748901367
2	543	feet	6.519608020782471	6.7040863037109375	6.268938064575195	6.418935775756836
2	544	as	5.198750972747803	3.142280101776123	2.714351177215576	2.791182279586792
2	545	if	4.99267578125	4.728975296020508	3.321805715560913	3.097379207611084
2	546	to	5.919715404510498	2.8985989093780518	3.053826332092285	2.124931812286377
2	547	warm	9.820666313171387	10.696294784545898	9.036349296569824	8.35124683380127
2	548	them,	9.381760597229004	7.092163562774658	5.544816970825195	5.077512741088867
2	549	when	5.8686203956604	6.238764762878418	6.234824180603027	5.815217018127441
2	550	suddenly	10.123496055603027	7.012591361999512	7.738296031951904	6.956712245941162
2	551	the	3.852867841720581	1.679448127746582	1.7947415113449097	1.687643051147461
2	552	flame	10.5248441696167	7.453486919403076	7.543559551239014	7.075728416442871
2	553	of	2.719876289367676	1.8188891410827637	2.175415515899658	1.8479241132736206
2	554	the	1.4618616104125977	1.957004427909851	1.641303539276123	1.7907748222351074
2	555	match	8.921916007995605	9.065713882446289	8.602609634399414	7.774367332458496
2	556	went	8.194879531860352	5.668036937713623	6.217127799987793	5.775395393371582
2	557	out.	6.888815879821777	6.120979309082031	7.150894641876221	8.180547714233398
2	558	It	3.5184812545776367	3.338635206222534	3.437614917755127	3.3375048637390137
2	559	was	1.6171106100082397	1.5551953315734863	0.7439277172088623	0.74666827917099
2	560	a	2.5677971839904785	1.8369977474212646	1.78285813331604	1.7072116136550903
2	561	short,	9.504926681518555	9.003357887268066	8.047170639038086	8.04437255859375
2	562	stubby	8.790609359741211	6.653584003448486	5.358063697814941	8.020943641662598
2	563	match	9.96456241607666	10.705392837524414	9.726553916931152	9.710972785949707
2	564	that	3.788494348526001	3.5868818759918213	2.8174984455108643	2.159630537033081
2	565	the	2.3350260257720947	3.527400255203247	3.8702590465545654	4.0880560874938965
2	566	little	7.854135513305664	8.28026008605957	8.153977394104004	7.040905952453613
2	567	girl	5.3612189292907715	2.848336935043335	2.350806713104248	2.0177152156829834
2	568	next	8.545144081115723	6.571948051452637	5.506118297576904	7.332057476043701
2	569	rubbed	15.576652526855469	15.344178199768066	17.37657356262207	17.2420711517334
2	570	on	4.242039203643799	4.684595584869385	4.626577377319336	4.7687578201293945
2	571	the	1.3069698810577393	1.4435333013534546	1.350900411605835	2.2710819244384766
2	572	wall.	9.581284523010254	7.744832992553711	7.335587501525879	7.372798442840576
2	573	It	3.317178249359131	3.3454196453094482	3.284257650375366	2.895015239715576
2	574	burst	11.858077049255371	10.112564086914062	9.414729118347168	10.779041290283203
2	575	into	2.438447952270508	0.898160457611084	1.1206706762313843	1.2142541408538818
2	576	a	2.0107920169830322	2.083900213241577	3.97025203704834	3.007946729660034
2	577	flame,	13.244449615478516	10.782794952392578	8.780941009521484	5.382297515869141
2	578	and	2.0605061054229736	1.8205926418304443	1.709071159362793	1.7975423336029053
2	579	lo	11.460286140441895	10.505247116088867	10.453296661376953	10.83582878112793
2	580	and	3.2788236141204834	1.7011120319366455	1.9212262630462646	1.686566948890686
2	581	behold,	11.78921890258789	1.322292447090149	0.8330331444740295	0.7191693782806396
2	582	the	2.4702091217041016	1.8937404155731201	2.1349880695343018	2.1039505004882812
2	583	girl	8.247149467468262	7.674490451812744	6.464790344238281	5.748265266418457
2	584	was	3.151989459991455	2.428654193878174	1.9735023975372314	1.6868947744369507
2	585	transported	8.684122085571289	7.438422203063965	6.840499401092529	8.995944023132324
2	586	from	3.264890670776367	3.0990843772888184	3.708634614944458	3.8787484169006348
2	587	her	5.1735334396362305	5.689555644989014	4.478002548217773	2.836512565612793
2	588	dank	14.895246505737305	12.52606201171875	11.53187370300293	11.428079605102539
2	589	city	8.15327262878418	8.461860656738281	8.364361763000488	7.100751876831055
2	590	to	3.2828052043914795	3.753580093383789	3.344346523284912	2.9625134468078613
2	591	a	3.8145251274108887	3.950524091720581	2.4044487476348877	2.436028003692627
2	592	beautiful,	9.944259643554688	10.615509033203125	9.43203353881836	7.238086700439453
2	593	sunny	7.527802467346191	5.789289474487305	4.893608093261719	5.017299175262451
2	594	forest.	10.775522232055664	10.428986549377441	10.136024475097656	9.205207824707031
2	595	She	4.982333183288574	4.413667678833008	4.480357646942139	4.398514270782471
2	596	heard	6.474791049957275	5.891048908233643	5.384183883666992	5.930706024169922
2	597	the	2.4317140579223633	1.599534273147583	1.3712087869644165	1.3775376081466675
2	598	birds	9.698720932006836	7.544034481048584	7.360421180725098	5.13417911529541
2	599	chirping	10.154796600341797	8.419078826904297	3.106222629547119	2.276416778564453
2	600	and	2.3687744140625	1.7973333597183228	1.560183048248291	1.3726050853729248
2	601	she	6.135594367980957	7.601758003234863	8.716915130615234	7.4968767166137695
2	602	was	2.217952013015747	2.1514623165130615	2.555755376815796	2.431551456451416
2	603	surrounded	7.996121406555176	7.296037673950195	7.043912410736084	7.164176940917969
2	604	by	0.30880025029182434	0.10223239660263062	0.06653231382369995	0.050920236855745316
2	605	wildflowers	15.058572769165039	9.791388511657715	11.698726654052734	13.546039581298828
2	606	and	1.9660457372665405	1.4742451906204224	0.8307886719703674	0.7202715873718262
2	607	birches	16.980247497558594	9.09192943572998	9.208771705627441	9.841691970825195
2	608	as	4.722567558288574	4.253708839416504	4.154069900512695	3.5446836948394775
2	609	white	8.319208145141602	7.68475341796875	8.101840019226074	8.119470596313477
2	610	as	6.265608787536621	1.8974106311798096	0.6998888850212097	1.196495532989502
2	611	snow.	12.548336029052734	6.2784743309021	4.670082092285156	2.8933448791503906
2	612	A	4.130870819091797	3.973667860031128	3.7585999965667725	3.8507373332977295
2	613	little	4.9818902015686035	4.929224014282227	4.724178314208984	4.682151794433594
2	614	squirrel	10.36270523071289	10.6902494430542	9.417950630187988	9.839536666870117
2	615	hid	9.928750991821289	8.820953369140625	7.252346992492676	6.583683013916016
2	616	some	4.903974533081055	6.035848617553711	6.229215145111084	6.142836570739746
2	617	food	8.574041366577148	7.865580081939697	3.9330241680145264	3.0868234634399414
2	618	in	3.8219728469848633	3.016669273376465	1.5143046379089355	1.1309467554092407
2	619	the	1.3865312337875366	1.3241441249847412	1.2422945499420166	1.1164051294326782
2	620	ground	7.073103904724121	7.753979206085205	7.483417987823486	6.878325462341309
2	621	and	2.3880879878997803	1.8158369064331055	1.8475455045700073	1.7767512798309326
2	622	scurried	13.057347297668457	10.916242599487305	10.498941421508789	11.33482551574707
2	623	off	3.045999050140381	2.4317169189453125	2.6778900623321533	2.8734381198883057
2	624	into	5.616351127624512	2.846909523010254	2.2698915004730225	2.138977289199829
2	625	the	1.2543747425079346	0.6570294499397278	0.16853193938732147	0.16414281725883484
2	626	underbrush.	16.10968017578125	13.041566848754883	10.253378868103027	8.578187942504883
2	627	The	2.0740323066711426	2.1249561309814453	2.128437042236328	2.173665761947632
2	628	girl	7.559759616851807	7.093291282653809	6.61456298828125	6.1699299812316895
2	629	was	3.151989221572876	1.9906715154647827	2.031886577606201	2.1294634342193604
2	630	curious,	11.7119722366333	10.90407657623291	10.281844139099121	9.690896034240723
2	631	so	4.2790608406066895	1.964403510093689	1.7720584869384766	1.9230420589447021
2	632	she	5.227126121520996	3.853818416595459	2.721677303314209	1.0114877223968506
2	633	dug	9.444840431213379	9.556098937988281	7.206199645996094	5.802998065948486
2	634	some	6.903471946716309	5.94221830368042	5.787016868591309	5.754292964935303
2	635	squirrel	12.848613739013672	10.735265731811523	10.043460845947266	9.92701530456543
2	636	food	7.904020309448242	6.592780113220215	6.212028503417969	4.207818508148193
2	637	up	7.483804225921631	7.641645908355713	6.472531318664551	5.342472076416016
2	638	to	1.7603809833526611	1.359192132949829	1.6111398935317993	3.036681652069092
2	639	see	4.571081638336182	6.17887020111084	7.81288480758667	7.466056823730469
2	640	what	2.9689576625823975	2.569887638092041	2.4122824668884277	1.961977243423462
2	641	it	3.174875259399414	3.2965519428253174	3.461230754852295	3.5917625427246094
2	642	was,	6.664775848388672	4.681582927703857	5.335041046142578	4.954344272613525
2	643	but	3.8765032291412354	2.9447898864746094	2.4429330825805664	2.0313339233398438
2	644	then	4.8112993240356445	4.386675834655762	4.5316081047058105	4.67903470993042
2	645	she	4.713489532470703	4.154716491699219	3.4469809532165527	3.5115058422088623
2	646	forgot	7.961610794067383	7.441129207611084	6.502355575561523	6.3899078369140625
2	647	to	1.0174511671066284	1.2896714210510254	1.4614051580429077	1.3923966884613037
2	648	put	5.964809894561768	4.001835823059082	3.3094425201416016	2.990324020385742
2	649	it	2.718397617340088	2.6212358474731445	2.727565288543701	2.9117751121520996
2	650	back.	8.692913055419922	6.056782245635986	6.759692192077637	4.823963165283203
2	651	The	2.5438175201416016	2.6483566761016846	2.8279948234558105	2.699859619140625
2	652	squirrel	11.409139633178711	10.232536315917969	10.176826477050781	10.013140678405762
2	653	came	6.694700717926025	5.662384033203125	5.14695930480957	5.241621017456055
2	654	back	2.8731141090393066	3.7396349906921387	2.234856367111206	1.8679184913635254
2	655	and	2.8019816875457764	2.2367491722106934	2.0120785236358643	1.9516202211380005
2	656	looked	8.55667495727539	6.203311920166016	5.511129379272461	4.209443092346191
2	657	in	4.007807731628418	4.287908554077148	4.009869575500488	4.155755519866943
2	658	its	4.974390983581543	5.772153854370117	5.657843112945557	5.499407768249512
2	659	hiding	11.726104736328125	11.091022491455078	8.958836555480957	8.925081253051758
2	660	place,	9.92855453491211	2.345731258392334	2.067248821258545	1.7092773914337158
2	661	but	2.6835665702819824	3.0526256561279297	3.0203471183776855	3.214160919189453
2	662	the	2.6123580932617188	2.5356478691101074	2.478816509246826	2.348625898361206
2	663	food	8.022076606750488	7.6950531005859375	7.325798988342285	7.516005516052246
2	664	was	5.336481094360352	3.992077589035034	1.8099669218063354	1.460028052330017
2	665	nowhere	8.382904052734375	8.25704288482666	8.348000526428223	7.073829174041748
2	666	to	2.1594200134277344	1.0235267877578735	1.4297677278518677	2.538266897201538
2	667	be	2.8581483364105225	1.945540189743042	0.010735051706433296	0.004646627232432365
2	668	found.	8.32749080657959	7.634132385253906	1.4818367958068848	1.3713436126708984
2	669	Then	5.983608245849609	6.143646240234375	6.122488975524902	5.754508972167969
2	670	the	2.34641170501709	2.283574342727661	2.206777811050415	2.255824089050293
2	671	match	8.921916007995605	7.860677242279053	8.185770988464355	8.393720626831055
2	672	went	8.194878578186035	5.668036937713623	4.078178882598877	4.083939075469971
2	673	out,	6.39658784866333	6.253762722015381	7.09266471862793	6.56496000289917
2	674	and	2.254086494445801	1.6857719421386719	1.9723522663116455	2.230558395385742
2	675	it	4.743192672729492	3.5114097595214844	3.466029167175293	3.3087902069091797
2	676	wasn't	5.3391594886779785	4.468372344970703	4.1504364013671875	3.3874640464782715
2	677	the	2.869131088256836	2.9558610916137695	3.1222267150878906	3.148305892944336
2	678	forest	9.05084228515625	11.055248260498047	10.419259071350098	10.827391624450684
2	679	that	4.079623222351074	4.046316623687744	1.7222744226455688	1.2669912576675415
2	680	remained	9.31563949584961	7.183834075927734	7.350599765777588	7.934321403503418
2	681	before	7.685791015625	5.121227741241455	5.283623695373535	4.548730373382568
2	682	her	5.086442947387695	4.70530891418457	4.629420757293701	5.142305850982666
2	683	eyes.	6.387015342712402	5.763182163238525	2.585676670074463	3.5216619968414307
2	684	It	3.3858094215393066	3.8785572052001953	3.3136935234069824	3.315969944000244
2	685	was	1.6171106100082397	1.266469120979309	0.7827696204185486	0.6505078673362732
2	686	only	5.324974060058594	3.9934771060943604	3.7215209007263184	3.7562854290008545
2	687	the	3.486204147338867	3.109499216079712	3.0929553508758545	3.178539752960205
2	688	thick,	12.304511070251465	12.883773803710938	13.811436653137207	12.033567428588867
2	689	damp,	9.20329475402832	9.053521156311035	9.710333824157715	8.995766639709473
2	690	cold	4.939032077789307	5.0819244384765625	4.5605788230896	4.629767417907715
2	691	wall.	10.3250732421875	9.345983505249023	8.311898231506348	8.661035537719727
2	692	The	2.2613000869750977	2.0643723011016846	2.1465299129486084	2.1144943237304688
2	693	girl	7.559759616851807	6.625367164611816	6.404484748840332	7.226945400238037
2	694	looked	6.6071248054504395	4.319695472717285	3.7059216499328613	3.579153537750244
2	695	despondently	14.325356483459473	12.887388229370117	11.548356056213379	11.907198905944824
2	696	into	5.898290634155273	3.5900869369506836	3.5041885375976562	4.249812602996826
2	697	the	1.2543747425079346	0.8092371225357056	0.6334229707717896	0.808671772480011
2	698	sky	8.292784690856934	6.633090972900391	7.094531059265137	5.039502143859863
2	699	that	4.3638458251953125	4.295964241027832	4.718207359313965	4.177569389343262
2	700	was	4.186563014984131	2.385235548019409	3.0232181549072266	3.0902976989746094
2	701	now	5.8148112297058105	6.882896423339844	5.177066802978516	5.012515068054199
2	702	fully	7.578537940979004	5.656156539916992	6.106357574462891	6.011704921722412
2	703	darkened	11.903036117553711	11.970542907714844	11.319234848022461	10.390424728393555
2	704	and	2.7253613471984863	2.354825496673584	1.3956003189086914	1.110634684562683
2	705	suddenly	9.447402954101562	7.381478309631348	8.239638328552246	8.210552215576172
2	706	she	5.725013732910156	3.9725263118743896	4.319599151611328	4.420680046081543
2	707	saw	5.321394443511963	3.697028636932373	4.370662212371826	3.2822179794311523
2	708	a	2.2963156700134277	2.30745267868042	1.8698357343673706	1.8833911418914795
2	709	star	8.306595802307129	7.655844211578369	7.9855499267578125	7.684004306793213
2	710	fall,	12.777273178100586	10.514281272888184	7.934956073760986	8.804096221923828
2	711	leaving	5.429224491119385	5.642289638519287	5.576045989990234	5.910709857940674
2	712	behind	4.962430000305176	3.4317822456359863	3.087127208709717	2.732257843017578
2	713	it	5.131231307983398	5.943696975708008	5.8958516120910645	4.975615978240967
2	714	a	4.8061017990112305	4.649890899658203	1.7953232526779175	0.8795864582061768
2	715	bright	7.933176040649414	8.689997673034668	6.845085144042969	7.132904052734375
2	716	streak	7.331974983215332	6.825257778167725	8.456806182861328	6.433852195739746
2	717	of	1.4927482604980469	0.760250985622406	0.8793784379959106	0.8802307844161987
2	718	fire.	10.190059661865234	10.180366516113281	7.517516136169434	6.874507427215576
2	719	'Someone	14.731002807617188	15.078573226928711	15.05173397064209	14.552338600158691
2	720	is	2.8840603828430176	2.8965325355529785	2.8550851345062256	2.755725860595703
2	721	dying,'	16.48383903503418	8.550661087036133	6.981833457946777	7.373985290527344
2	722	thought	9.17507553100586	9.228083610534668	8.905830383300781	7.186578273773193
2	723	the	3.1787643432617188	1.9835517406463623	1.9674371480941772	2.275782585144043
2	724	little	7.854135513305664	7.313074111938477	4.961374282836914	4.761725425720215
2	725	girl.	7.37307071685791	5.180480003356934	7.465768814086914	2.8887152671813965
2	726	It	3.5373778343200684	3.5363235473632812	3.4801125526428223	3.2787938117980957
2	727	was	1.6171106100082397	1.1113007068634033	1.0252915620803833	0.8945819139480591
2	728	her	7.052620887756348	6.008442401885986	4.095589637756348	3.903172492980957
2	729	old	7.030674934387207	6.958254814147949	7.088050842285156	7.22309684753418
2	730	grandmother,	9.767618179321289	9.107421875	8.8988037109375	8.796316146850586
2	731	the	3.900402545928955	3.515316963195801	3.5585391521453857	3.1762988567352295
2	732	one	6.588553428649902	5.084820747375488	4.556288719177246	4.1516876220703125
2	733	who	4.986200332641602	2.2649552822113037	0.8108305931091309	0.7775586843490601
2	734	had	3.2151079177856445	3.1205153465270996	3.4315686225891113	2.401890993118286
2	735	loved	8.509556770324707	8.022316932678223	7.638821601867676	8.013916015625
2	736	her	3.9312713146209717	2.430694818496704	1.921208143234253	1.8949824571609497
2	737	the	5.643825531005859	4.676412582397461	4.910406589508057	5.160285949707031
2	738	most,	10.192784309387207	7.863319396972656	3.173534393310547	3.5676960945129395
2	739	and	2.394099235534668	2.151275157928467	1.7156076431274414	1.2647264003753662
2	740	the	2.761542558670044	2.516927480697632	2.34531831741333	3.0352165699005127
2	741	one	6.588553428649902	6.442575454711914	5.058785438537598	4.362090587615967
2	742	who	4.986200332641602	2.2649552822113037	2.1761913299560547	2.665916919708252
2	743	the	5.914359092712402	7.109180450439453	7.030148506164551	7.320235252380371
2	744	girl	8.247149467468262	6.097851753234863	6.795935153961182	6.443637847900391
2	745	used	6.942228317260742	7.421568393707275	7.00961971282959	6.292210578918457
2	746	to	1.3023784160614014	0.9399400949478149	1.2755341529846191	0.22439710795879364
2	747	visit	7.334160327911377	7.5929694175720215	5.218138694763184	5.390661239624023
2	748	every	6.852937698364258	6.286035537719727	6.188258171081543	5.249800682067871
2	749	Sunday,	9.891408920288086	6.754831790924072	7.255643367767334	6.747713565826416
2	750	who	6.532539367675781	7.306443214416504	7.594364166259766	7.362621307373047
2	751	had	3.2151079177856445	3.2012948989868164	4.010323524475098	4.488722801208496
2	752	told	5.8970112800598145	6.575931072235107	5.556632041931152	6.2112016677856445
2	753	her	3.4315543174743652	2.486661434173584	2.072054147720337	2.9224894046783447
2	754	that	5.639316082000732	1.5673521757125854	1.6483681201934814	1.6447138786315918
2	755	when	6.338306427001953	5.848938941955566	5.1377458572387695	4.886260986328125
2	756	a	3.7194976806640625	2.941981315612793	4.3652753829956055	4.027395248413086
2	757	star	8.306595802307129	7.567020893096924	7.301453590393066	7.422235488891602
2	758	falls,	12.837133407592773	9.93040943145752	5.946374893188477	5.178768157958984
2	759	a	4.278443813323975	3.8252930641174316	2.958444356918335	3.0669639110565186
2	760	soul	9.511977195739746	7.916141510009766	7.276088237762451	7.673425674438477
2	761	leaves	9.553961753845215	9.154352188110352	5.563327789306641	5.528538227081299
2	762	this	4.802433967590332	4.818422317504883	2.4758853912353516	2.8524112701416016
2	763	earth.	11.005219459533691	8.094778060913086	5.802038669586182	5.662393093109131
2	764	It	3.247563362121582	3.2724428176879883	3.2558600902557373	3.1052889823913574
2	765	was	1.6171106100082397	1.8693598508834839	2.148324489593506	2.6515543460845947
2	766	her	7.052620887756348	6.008442401885986	6.293821334838867	6.0656585693359375
2	767	last	6.001794815063477	3.961466073989868	3.739426851272583	4.065641403198242
2	768	match	7.9397735595703125	6.73484992980957	6.424686908721924	6.555916786193848
2	769	that	3.788494348526001	4.342327117919922	5.9814982414245605	5.922059535980225
2	770	the	2.3350260257720947	3.527400255203247	3.1280837059020996	3.5870399475097656
2	771	little	7.854135513305664	8.28026008605957	8.153977394104004	8.693099021911621
2	772	girl	5.3612189292907715	2.848336696624756	2.350806713104248	2.0177152156829834
2	773	now	7.638406753540039	7.655620574951172	6.692730903625488	6.858490467071533
2	774	rubbed	12.422015190124512	9.9695405960083	11.714183807373047	10.240808486938477
2	775	on	4.242039203643799	4.501419544219971	4.999753475189209	4.7765960693359375
2	776	the	1.3069698810577393	1.4435333013534546	1.3137315511703491	1.9869952201843262
2	777	wall	8.096663475036621	6.596714019775391	6.101890563964844	6.263975143432617
2	778	and	2.131078004837036	2.1200218200683594	2.2628657817840576	1.9386951923370361
2	779	the	2.761542558670044	2.8019657135009766	2.8734538555145264	2.7485568523406982
2	780	light	7.804921627044678	7.762136459350586	6.4920878410339355	5.781982421875
2	781	again	8.41434383392334	7.92173957824707	8.280355453491211	8.139884948730469
2	782	shone	12.329398155212402	10.096380233764648	9.514195442199707	4.041107654571533
2	783	round	8.157044410705566	8.903745651245117	5.980992317199707	6.5069193840026855
2	784	her.	9.18265151977539	5.401513576507568	5.4622392654418945	5.280067443847656
2	785	Her	4.443475246429443	3.686063766479492	3.378312826156616	3.5052146911621094
2	786	old	7.208479881286621	7.291008949279785	7.9063897132873535	7.488229751586914
2	787	grandmother	8.466147422790527	7.097589492797852	7.01036262512207	7.008128643035889
2	788	in	3.587614059448242	2.7341794967651367	4.605663776397705	5.0691447257995605
2	789	the	1.3865312337875366	1.7442256212234497	1.6046726703643799	1.7330780029296875
2	790	brightness	10.651933670043945	12.309154510498047	13.385177612304688	13.475403785705566
2	791	stood,	16.53935432434082	17.378074645996094	16.95862579345703	15.463199615478516
2	792	loving	10.795902252197266	11.759644508361816	11.757019996643066	11.058720588684082
2	793	in	4.71273946762085	4.851068496704102	4.990390777587891	4.85821533203125
2	794	her	5.411279678344727	3.4256834983825684	2.36832857131958	3.008415699005127
2	795	appearance.	9.471993446350098	9.296244621276855	8.726479530334473	10.874940872192383
2	796	The	2.359900712966919	2.720348358154297	2.589233875274658	2.96388840675354
2	797	girl	7.559759616851807	6.633235931396484	4.351631164550781	4.5126190185546875
2	798	understood	10.270517349243164	8.522171020507812	8.970052719116211	8.848897933959961
2	799	her	5.553682327270508	3.2204720973968506	2.989231824874878	2.914898157119751
2	800	grandmother	7.481893062591553	7.770892143249512	7.692497253417969	7.2562360763549805
2	801	would	4.809690952301025	4.556309700012207	3.2808117866516113	2.99446964263916
2	802	soon	6.844618797302246	6.682562351226807	6.279897689819336	5.657828330993652
2	803	disappear,	8.859864234924316	7.6350998878479	7.746853351593018	7.5700364112854
2	804	but	2.683907985687256	2.7894022464752197	2.663167715072632	2.9566590785980225
2	805	she	4.640289306640625	4.599344253540039	4.844239234924316	4.5747270584106445
2	806	tried	5.569101333618164	6.274070739746094	6.774095058441162	7.074569225311279
2	807	to	0.36249661445617676	0.23555554449558258	0.31544435024261475	0.34743252396583557
2	808	play	5.465716361999512	5.184679985046387	5.532898902893066	4.882252216339111
2	809	for	3.650270462036133	3.4913482666015625	4.669015407562256	5.121523380279541
2	810	time.	8.999035835266113	8.629572868347168	10.23704719543457	8.575916290283203
2	811	'Grandmother,'	20.387643814086914	20.577051162719727	23.08803367614746	22.88965606689453
2	812	cried	9.201545715332031	5.9883222579956055	5.669206619262695	6.759148597717285
2	813	the	3.133051872253418	1.5994714498519897	1.5678406953811646	1.5443204641342163
2	814	little	7.854135513305664	5.816736221313477	3.2646846771240234	2.502591609954834
2	815	one,	7.853549957275391	6.347657203674316	5.365806579589844	3.116537094116211
2	816	'O	13.84443473815918	13.274237632751465	12.22784423828125	8.577606201171875
2	817	take	8.870113372802734	8.492748260498047	7.924467086791992	7.8412580490112305
2	818	me	4.760984420776367	2.2576746940612793	2.0776190757751465	1.7934796810150146
2	819	with	3.785468339920044	4.388463497161865	3.678485631942749	3.254882335662842
2	820	you!	9.778226852416992	9.776788711547852	5.109184265136719	4.749586582183838
2	821	I	2.9552245140075684	2.8966522216796875	2.2310752868652344	2.348935604095459
2	822	know	4.126457214355469	3.204996109008789	3.044377326965332	3.1252479553222656
2	823	you	3.6912362575531006	3.2147881984710693	1.728988528251648	1.7638550996780396
2	824	will	3.5798139572143555	3.6105895042419434	3.252387762069702	3.45676326751709
2	825	go	4.791621685028076	5.724530220031738	5.249329566955566	5.066405296325684
2	826	away	4.8501434326171875	5.4638824462890625	5.190805435180664	4.56321907043457
2	827	when	4.780093669891357	3.5097248554229736	3.220374345779419	4.609211444854736
2	828	the	2.160183906555176	1.9024736881256104	1.7894654273986816	1.3085713386535645
2	829	match	8.921916007995605	7.68283748626709	7.2311577796936035	7.47589635848999
2	830	burns	13.140190124511719	13.424860000610352	12.659381866455078	12.724893569946289
2	831	out!'	14.874009132385254	14.903989791870117	13.651917457580566	13.370515823364258
2	832	The	3.4832749366760254	3.2645273208618164	3.306293487548828	3.3865654468536377
2	833	girl	7.559759616851807	4.3848090171813965	4.977036952972412	5.091825485229492
2	834	decided	8.193135261535645	7.289566516876221	7.62030029296875	7.825892925262451
2	835	to	0.5483171939849854	0.35296347737312317	0.3947596848011017	0.48155826330184937
2	836	light	8.651188850402832	8.47687816619873	7.689382076263428	8.153987884521484
2	837	the	4.4844465255737305	2.377821445465088	1.7489430904388428	1.3678492307662964
2	838	whole	6.197235107421875	5.208864212036133	5.375763893127441	4.823575496673584
2	839	bundle	8.83532428741455	8.78834056854248	8.675209045410156	8.194870948791504
2	840	of	1.6928563117980957	0.3662990629673004	1.294784426689148	1.0657613277435303
2	841	matches,	12.816801071166992	10.00613784790039	10.990569114685059	10.952913284301758
2	842	in	4.462706565856934	4.868862152099609	5.066182613372803	4.873363018035889
2	843	order	4.727999687194824	3.492389678955078	3.2327065467834473	2.914015769958496
2	844	to	0.6947311758995056	0.08710842579603195	0.18555517494678497	0.12445074319839478
2	845	keep	5.115128040313721	3.9334425926208496	3.9705114364624023	3.792553424835205
2	846	her	4.423274993896484	4.179018974304199	4.258603096008301	4.354260444641113
2	847	grandmother	7.481892108917236	9.97463607788086	9.39865493774414	9.139044761657715
2	848	there.	10.565089225769043	9.014028549194336	7.419580936431885	7.505561351776123
2	849	The	2.675656318664551	2.9251961708068848	2.669948101043701	2.8368782997131348
2	850	girl	7.559759616851807	6.879019737243652	4.791779518127441	4.14374303817749
2	851	saw	6.9606733322143555	6.3408203125	6.345825672149658	6.497312068939209
2	852	the	2.031229257583618	1.822869062423706	1.505759835243225	1.626880407333374
2	853	matches	10.985071182250977	9.955717086791992	10.35019588470459	10.520434379577637
2	854	glowed	17.980379104614258	14.902368545532227	14.939484596252441	13.225292205810547
2	855	with	1.9619288444519043	1.916763424873352	2.0980653762817383	2.054818868637085
2	856	a	2.2593159675598145	1.605563759803772	1.754953384399414	1.8949342966079712
2	857	light	7.562887191772461	6.670558929443359	3.648857593536377	3.6831960678100586
2	858	that	4.0482940673828125	4.22529411315918	5.473873138427734	1.5704408884048462
2	859	was	4.186563014984131	3.0295746326446533	3.0864198207855225	3.088045597076416
2	860	brighter	11.52095890045166	11.270419120788574	4.551393508911133	3.9016757011413574
2	861	than	0.9151276350021362	0.6026908755302429	0.36970245838165283	0.1559114158153534
2	862	the	2.299424648284912	1.3252019882202148	1.0276567935943604	0.7494313716888428
2	863	day,	8.287101745605469	12.0184326171875	9.595561981201172	8.651691436767578
2	864	and	2.415682792663574	2.253368377685547	1.9750711917877197	1.3634809255599976
2	865	her	6.113336563110352	6.351679801940918	6.171633720397949	6.436534881591797
2	866	grandmother	7.481893062591553	7.308750152587891	6.779106140136719	6.994539260864258
2	867	had	3.7237091064453125	3.1004581451416016	3.1710641384124756	2.7905118465423584
2	868	never	4.7131500244140625	4.340079307556152	4.559816837310791	4.431285858154297
2	869	appeared	7.005433559417725	6.720221996307373	7.110182762145996	6.810046195983887
2	870	so	5.934416770935059	5.6326117515563965	5.005553245544434	3.683408737182617
2	871	large	7.458057403564453	5.631407260894775	5.951796054840088	6.034664154052734
2	872	or	5.5298662185668945	4.947192668914795	5.975320816040039	2.0403075218200684
2	873	so	5.871099472045898	6.411647796630859	3.3897311687469482	1.1322150230407715
2	874	beautiful	7.871954917907715	9.1683931350708	9.01700210571289	7.455086708068848
2	875	as	5.261383533477783	3.416242837905884	3.342741012573242	4.181199073791504
2	876	she	4.986759662628174	3.937303066253662	3.6854300498962402	3.837401866912842
2	877	did	4.536901473999023	4.487796783447266	4.924281120300293	4.5715227127075195
2	878	in	4.9695868492126465	4.077777862548828	2.284198045730591	2.245781421661377
2	879	the	1.3865312337875366	1.258154273033142	1.3513962030410767	1.2249329090118408
2	880	light	7.804921627044678	7.5033955574035645	7.671999931335449	7.707901954650879
2	881	of	2.379321813583374	1.4188824892044067	0.42404115200042725	0.5276678204536438
2	882	the	1.4618616104125977	1.034813404083252	1.376627802848816	1.21882963180542
2	883	little	7.854135513305664	8.020245552062988	8.067893028259277	7.969381332397461
2	884	matches.	13.156349182128906	12.97928237915039	12.049271583557129	12.388824462890625
2	885	The	2.3014419078826904	2.5953283309936523	2.5450124740600586	2.4852516651153564
2	886	grandmother	11.129806518554688	12.608966827392578	11.896103858947754	11.197671890258789
2	887	then	6.620517253875732	5.084712982177734	5.544343948364258	5.323761940002441
2	888	took	6.10826301574707	3.8660874366760254	3.7410035133361816	3.8164963722229004
2	889	the	2.570309638977051	1.9405217170715332	2.022803544998169	1.139083981513977
2	890	little	7.854135513305664	7.842752456665039	7.272580146789551	5.177591323852539
2	891	girl	5.3612189292907715	2.848336696624756	2.4398510456085205	1.989464282989502
2	892	in	2.56130313873291	2.752288818359375	2.5164473056793213	2.388011932373047
2	893	her	5.411279678344727	2.919248342514038	2.9309630393981934	2.831448554992676
2	894	arms,	8.450572967529297	6.552102565765381	7.323999404907227	6.357172012329102
2	895	and	1.8227134943008423	1.821697473526001	1.8255233764648438	1.9569649696350098
2	896	they	5.330574035644531	4.398968696594238	4.3398847579956055	4.022515773773193
2	897	both	7.429520606994629	4.867183685302734	5.126652717590332	2.8489644527435303
2	898	flew	11.89283561706543	7.819692611694336	7.6786346435546875	6.734366416931152
2	899	upwards	9.165528297424316	9.485879898071289	8.517057418823242	7.9679365158081055
2	900	in	3.3944649696350098	2.8273682594299316	2.6175875663757324	2.5628509521484375
2	901	brightness	12.105680465698242	8.388819694519043	10.91358470916748	11.141803741455078
2	902	and	2.0583486557006836	1.143676996231079	1.6820042133331299	1.23734450340271
2	903	joy	10.276007652282715	12.122523307800293	11.432697296142578	11.400279998779297
2	904	far	9.683103561401367	8.817276954650879	9.723461151123047	8.95422077178955
2	905	above	4.332621097564697	3.6667885780334473	4.2764105796813965	4.3008012771606445
2	906	the	1.3641843795776367	0.9841617345809937	1.4142812490463257	1.5112075805664062
2	907	earth,	9.516082763671875	7.880562782287598	7.3931884765625	5.374902725219727
2	908	where	4.646602630615234	4.899216651916504	4.514740943908691	4.024977684020996
2	909	there	4.430089473724365	3.4035980701446533	3.3885586261749268	3.1280527114868164
2	910	was	2.090186595916748	1.9082481861114502	2.2075722217559814	2.254812240600586
2	911	neither	8.321626663208008	7.712162494659424	6.91890811920166	4.3303985595703125
2	912	cold	10.563228607177734	7.6424384117126465	8.987011909484863	8.23510456085205
2	913	nor	9.695435523986816	1.6522516012191772	0.05195612832903862	0.07635100185871124
2	914	hunger,	12.564889907836914	10.201417922973633	8.781377792358398	8.067147254943848
2	915	and	1.7899699211120605	2.0549514293670654	1.8800573348999023	2.2409090995788574
2	916	the	2.761542558670044	2.424072265625	2.696364402770996	2.6235580444335938
2	917	little	7.854135513305664	7.7982563972473145	7.665932655334473	6.775634765625
2	918	girl	5.3612189292907715	2.848336696624756	2.749988555908203	3.7618093490600586
2	919	felt	6.994866847991943	8.352157592773438	7.048112392425537	7.167506217956543
2	920	safe	6.232972145080566	5.973132610321045	4.856511116027832	5.651803493499756
2	921	and	2.2330803871154785	2.156618595123291	1.7034929990768433	1.6400763988494873
2	922	peaceful.	13.135151863098145	8.57282829284668	7.56663703918457	8.508254051208496
2	923	In	3.5925183296203613	3.524517774581909	3.585704803466797	3.637409210205078
2	924	the	1.7240358591079712	1.6525027751922607	1.6075506210327148	1.6950496435165405
2	925	dawn	9.995733261108398	9.875642776489258	9.49554443359375	9.117093086242676
2	926	of	0.8213242888450623	0.25172436237335205	0.21692657470703125	0.32521703839302063
2	927	the	1.4618616104125977	0.7598168253898621	0.9845578670501709	0.7903937697410583
2	928	morning	8.225976943969727	8.831857681274414	8.82789421081543	8.363357543945312
2	929	there	5.9319658279418945	6.895310878753662	6.027901649475098	5.765319347381592
2	930	lay	10.52523136138916	10.540196418762207	9.179264068603516	8.625565528869629
2	931	the	2.7852931022644043	1.5937083959579468	1.908442497253418	1.831126093864441
2	932	poor	8.49316692352295	9.303800582885742	7.1842451095581055	6.517237663269043
2	933	little	7.834842681884766	5.865115642547607	6.793753623962402	4.512350082397461
2	934	one,	7.853549957275391	7.893299102783203	7.0475568771362305	8.178112030029297
2	935	not	5.315567493438721	4.869054317474365	4.895429611206055	5.243286609649658
2	936	frowning,	15.581273078918457	17.071212768554688	14.945488929748535	13.787739753723145
2	937	but	2.5416200160980225	1.9450560808181763	1.7013609409332275	1.6146745681762695
2	938	smiling	11.874483108520508	6.595558166503906	4.922767162322998	3.5892562866210938
2	939	and	2.126607894897461	2.510362386703491	3.6591649055480957	3.001147508621216
2	940	with	6.278193950653076	6.17095947265625	5.900745868682861	6.077670574188232
2	941	a	2.2593159675598145	2.1039693355560303	0.9300960302352905	0.7612016797065735
2	942	pale	9.877694129943848	9.084227561950684	9.755617141723633	10.61414623260498
2	943	face	6.272559642791748	4.714713096618652	3.532386064529419	2.972321033477783
2	944	leaning	10.782142639160156	8.623147964477539	8.373100280761719	8.523233413696289
2	945	against	4.211546421051025	1.9277701377868652	1.8846461772918701	1.4169669151306152
2	946	the	1.4847651720046997	0.8133650422096252	0.5984607338905334	0.5959594249725342
2	947	wall,	9.521812438964844	6.985867500305176	2.9635794162750244	2.715322971343994
2	948	frozen	10.87675666809082	10.564705848693848	10.422123908996582	8.540302276611328
2	949	and	3.2159810066223145	3.0844292640686035	2.9110143184661865	2.9832167625427246
2	950	stone	10.960174560546875	9.860154151916504	7.875507354736328	8.06509017944336
2	951	dead.	10.91850471496582	9.289687156677246	6.682761192321777	5.728016376495361
2	952	'She	11.688679695129395	12.099181175231934	12.042012214660645	12.216800689697266
2	953	tried	6.438396453857422	5.7416090965271	6.180037498474121	6.143587589263916
2	954	to	0.36249661445617676	0.17321063578128815	0.13001754879951477	0.16816233098506927
2	955	warm	9.820666313171387	9.31019401550293	9.863962173461914	9.383716583251953
2	956	herself,'	20.909875869750977	18.045434951782227	16.12980079650879	7.770369052886963
2	957	said	2.1187853813171387	2.150639057159424	2.155874252319336	2.0910184383392334
2	958	some.	12.313045501708984	10.29650592803955	10.677509307861328	10.896212577819824
2	959	Children	9.207829475402832	9.233829498291016	9.857545852661133	9.373661994934082
2	960	who	3.9341483116149902	2.70762300491333	2.7856156826019287	2.9596188068389893
2	961	saw	5.937502861022949	6.731956958770752	6.215878486633301	5.134028434753418
2	962	her	3.7443668842315674	3.3230907917022705	3.5914342403411865	3.803800106048584
2	963	were	8.592925071716309	8.299932479858398	7.153542995452881	3.697155475616455
2	964	asking	7.554007530212402	7.428442001342773	7.273136138916016	6.736392498016357
2	965	their	5.4109954833984375	4.923165321350098	4.921644687652588	5.961707592010498
2	966	parents	6.165080547332764	3.7316932678222656	3.272512435913086	3.234092950820923
2	967	why	8.873457908630371	9.620875358581543	4.6942877769470215	4.280871391296387
2	968	no	6.19842004776001	6.475478649139404	6.8188886642456055	6.746641159057617
2	969	one	2.8277428150177	0.5845272541046143	0.5670426487922668	0.6034871935844421
2	970	helped	10.469857215881348	8.255341529846191	7.962108135223389	6.612888336181641
2	971	the	2.7203705310821533	3.097730875015259	3.3186066150665283	3.325099468231201
2	972	girl	8.247149467468262	7.902122497558594	6.82401180267334	5.592050552368164
2	973	who	2.7679824829101562	2.8957197666168213	4.409113883972168	4.351505756378174
2	974	they	6.032910346984863	6.838353157043457	6.483213424682617	6.291969299316406
2	975	knew	6.270895957946777	6.0533881187438965	4.267153739929199	4.09787654876709
2	976	looked	10.556442260742188	10.399349212646484	8.279858589172363	7.3313140869140625
2	977	dirt	14.122108459472656	14.359184265136719	13.75837230682373	14.624351501464844
2	978	poor	11.277636528015137	5.292539596557617	2.67218279838562	3.2549500465393066
2	979	and	3.1155667304992676	2.9502532482147217	1.34075927734375	1.2210623025894165
2	980	helpless.	13.517925262451172	8.614351272583008	9.169547080993652	8.620376586914062
2	981	Passersby	13.609203338623047	13.474862098693848	14.420540809631348	14.723928451538086
2	982	who	5.6563944816589355	3.835911273956299	3.8287289142608643	3.6221108436584473
2	983	saw	5.937502861022949	5.307754993438721	2.810279369354248	2.5089974403381348
2	984	her	3.7443668842315674	3.3230907917022705	3.433295965194702	2.322401523590088
2	985	sitting	9.249848365783691	6.264924049377441	6.247849464416504	5.897808074951172
2	986	motionless	11.684381484985352	7.266575813293457	7.599796772003174	7.039943695068359
2	987	wished	14.603086471557617	14.767562866210938	15.451009750366211	16.995677947998047
2	988	they	4.146798133850098	3.449388265609741	3.058546304702759	4.287118911743164
2	989	could	4.124913215637207	1.2290639877319336	0.9033887386322021	0.7468322515487671
2	990	have	2.955444812774658	2.497403144836426	1.6430743932724	2.901817798614502
2	991	helped	6.9675726890563965	5.406896591186523	5.848385334014893	6.512258529663086
2	992	the	2.7203705310821533	2.758523941040039	2.199554204940796	2.379060983657837
2	993	girl,	10.372257232666016	10.41131591796875	10.556718826293945	9.607820510864258
2	994	but	3.4330272674560547	2.8517422676086426	2.169358491897583	2.0428247451782227
2	995	their	5.906488418579102	6.019443511962891	6.160367012023926	6.061646461486816
2	996	good	7.340410232543945	7.484134674072266	7.663744926452637	7.506294250488281
2	997	intentions	8.10524845123291	3.959036111831665	2.7322170734405518	2.7316882610321045
2	998	were	3.9784023761749268	4.439903259277344	4.041910648345947	2.004471778869629
2	999	a	3.82228946685791	4.547842979431152	4.449981689453125	3.980404853820801
2	1000	day	6.337062358856201	6.485623359680176	7.813000679016113	7.9905195236206055
2	1001	late	8.067059516906738	5.836873531341553	2.6558451652526855	2.3269150257110596
2	1002	and	4.573651313781738	1.214847445487976	1.558953881263733	1.6812772750854492
2	1003	a	3.965337038040161	4.850303649902344	3.620321273803711	2.458799362182617
2	1004	dollar	9.111478805541992	9.47640609741211	8.494256019592285	3.9406168460845947
2	1005	short.	11.737512588500977	9.278153419494629	8.718269348144531	3.727141857147217
2	1006	Other	7.025371551513672	6.617928504943848	6.571745872497559	6.575003623962402
2	1007	people	3.958148241043091	4.008489608764648	4.173349857330322	4.448972702026367
2	1008	suspected	9.344311714172363	8.422036170959473	9.018289566040039	9.13226318359375
2	1009	the	3.7290148735046387	5.150369644165039	2.8431198596954346	2.556589365005493
2	1010	girl	8.247149467468262	5.790475845336914	5.942573547363281	5.585120677947998
2	1011	had	4.064199447631836	3.2008495330810547	1.2246978282928467	1.6244704723358154
2	1012	fallen	6.820013046264648	5.390110969543457	5.311081409454346	4.877694606781006
2	1013	asleep	5.618115425109863	3.343952178955078	1.7470042705535889	1.6904594898223877
2	1014	and	2.164362907409668	2.5103158950805664	2.604308843612671	2.5369768142700195
2	1015	frozen,	13.234665870666504	10.709817886352539	12.739912986755371	12.197607040405273
2	1016	but	2.6783699989318848	3.0669238567352295	2.91805362701416	3.0775387287139893
2	1017	no	4.872848033905029	5.409486293792725	5.269562244415283	5.034112930297852
2	1018	one	2.8277428150177	1.5793911218643188	1.475454568862915	1.5322175025939941
2	1019	imagined	11.325910568237305	8.621987342834473	8.44807243347168	8.432828903198242
2	1020	what	4.35605525970459	4.50056266784668	3.908320426940918	3.908353328704834
2	1021	beautiful	10.293922424316406	9.735747337341309	9.783514976501465	10.610334396362305
2	1022	things	6.109155654907227	2.2849464416503906	1.6320629119873047	1.9056477546691895
2	1023	she	6.190846920013428	5.852766036987305	4.180512428283691	3.628873348236084
2	1024	had	3.0206072330474854	2.576944351196289	2.0809402465820312	1.7517985105514526
2	1025	seen,	8.832372665405273	8.089275360107422	5.051177978515625	3.477884292602539
2	1026	nor	6.745833396911621	6.400826454162598	6.555944919586182	7.19704532623291
2	1027	into	8.355990409851074	9.233736038208008	9.67272663116455	9.69017505645752
2	1028	what	5.510355472564697	5.3637590408325195	3.2192087173461914	2.452606678009033
2	1029	glory	12.668657302856445	13.48108196258545	10.992188453674316	8.970215797424316
2	1030	she	7.255614280700684	4.744690895080566	3.5251073837280273	4.181746482849121
2	1031	had	3.0206072330474854	2.0917956829071045	1.8753364086151123	2.0339512825012207
2	1032	entered	7.360639572143555	7.325527191162109	7.762989044189453	9.208417892456055
2	1033	with	5.406558990478516	5.652956008911133	4.758628845214844	3.9309446811676025
2	1034	her	4.7759599685668945	4.800463676452637	3.6965978145599365	1.7180240154266357
2	1035	grandmother,	8.40495491027832	8.245878219604492	8.300407409667969	7.836268424987793
2	1036	on	6.708446502685547	6.474399089813232	6.3863067626953125	6.716296195983887
2	1037	New	6.869583606719971	6.476627349853516	6.5078325271606445	6.335439205169678
2	1038	Year's	5.542876720428467	0.7213984727859497	0.39420920610427856	0.3155866861343384
2	1039	day.	8.468428611755371	7.342126369476318	7.459425926208496	6.517387390136719
3	0	Once	7.2147111892700195	7.2147111892700195	7.2147111892700195	7.2147111892700195
3	1	upon	7.087684154510498	7.087684631347656	7.087684154510498	7.087684631347656
3	2	a	2.811194658279419	0.010895997285842896	0.010895885527133942	0.010895658284425735
3	3	time	6.110651016235352	6.6118340492248535	1.1162195205688477	1.1162195205688477
3	4	the	3.705333948135376	5.005273818969727	3.334298849105835	2.6768300533294678
3	5	birds	9.698720932006836	8.395344734191895	8.493980407714844	8.711738586425781
3	6	took	7.3817901611328125	6.2089009284973145	5.281589508056641	5.612346172332764
3	7	it	3.953573226928711	3.6001596450805664	4.550662040710449	5.236256122589111
3	8	into	5.490818977355957	3.6317403316497803	3.766754150390625	4.082337379455566
3	9	their	4.037152290344238	4.205270767211914	2.224963903427124	0.6921461224555969
3	10	heads	6.908607482910156	6.021439075469971	4.7806925773620605	2.5655925273895264
3	11	that	4.6502251625061035	4.891548156738281	1.6587282419204712	0.7056112885475159
3	12	they	3.509007453918457	4.024676322937012	2.1620516777038574	1.7465014457702637
3	13	would	3.703796863555908	3.2376961708068848	3.3383002281188965	3.2244865894317627
3	14	like	4.1834187507629395	3.7620739936828613	3.8537871837615967	4.003335475921631
3	15	a	2.331728219985962	3.955357074737549	4.007841110229492	3.728628158569336
3	16	master,	11.338889122009277	10.258570671081543	13.155380249023438	12.610837936401367
3	17	and	2.320289373397827	2.1009888648986816	2.0088417530059814	3.0427405834198
3	18	that	4.976616382598877	3.6474153995513916	3.4668591022491455	3.7881815433502197
3	19	one	5.777257442474365	5.328543663024902	5.156725883483887	4.864529609680176
3	20	of	1.2437083721160889	1.4195308685302734	1.417533278465271	1.5986729860305786
3	21	their	4.489696502685547	4.158761024475098	3.5862655639648438	3.7080044746398926
3	22	number	7.586169242858887	8.052779197692871	6.125295639038086	5.216832160949707
3	23	must	7.955615043640137	6.39113187789917	5.9257378578186035	6.0415167808532715
3	24	be	0.9842413663864136	0.43186524510383606	0.4659818410873413	0.8593255877494812
3	25	chosen	7.335079193115234	7.310099124908447	6.188152313232422	6.668128490447998
3	26	king.	13.196258544921875	14.284600257873535	15.804553031921387	15.977094650268555
3	27	A	4.173976898193359	4.285396575927734	4.184119701385498	4.10530948638916
3	28	meeting	8.058773040771484	8.06439208984375	7.4827141761779785	7.283692359924316
3	29	of	2.6660313606262207	1.1752700805664062	1.1321914196014404	1.1709158420562744
3	30	all	5.171164035797119	3.988145351409912	4.004268169403076	3.9308993816375732
3	31	the	1.7134159803390503	1.789984107017517	1.2737678289413452	1.117128849029541
3	32	birds	9.698720932006836	8.265817642211914	8.320926666259766	10.297820091247559
3	33	was	5.461553573608398	5.065746784210205	6.311989784240723	5.078058242797852
3	34	called	5.825660705566406	6.722345352172852	6.482949733734131	6.707647323608398
3	35	and	5.179510593414307	4.520462512969971	5.091804504394531	5.693959712982178
3	36	though	8.331643104553223	9.87855339050293	8.778617858886719	8.760530471801758
3	37	they	2.987607479095459	2.892244815826416	2.293363094329834	2.586611747741699
3	38	understood	8.877241134643555	8.822555541992188	8.023651123046875	6.243408203125
3	39	the	2.108637809753418	1.4843462705612183	1.5379972457885742	1.4527477025985718
3	40	birds	9.698720932006836	9.907730102539062	10.426218032836914	10.272953987121582
3	41	who	4.336067199707031	5.056844711303711	5.043771743774414	5.3114423751831055
3	42	were	3.6645946502685547	3.053457498550415	2.583165168762207	1.9415886402130127
3	43	from	6.639102935791016	6.482072830200195	7.386045455932617	7.357583522796631
3	44	the	1.3965858221054077	1.3682578802108765	1.204145073890686	1.2605582475662231
3	45	most	4.979346752166748	6.227969169616699	5.833780288696289	6.365005970001221
3	46	distant	9.536317825317383	8.421834945678711	6.568798542022705	5.394804000854492
3	47	lands	6.237934112548828	7.51414155960083	6.905645370483398	5.814306259155273
3	48	would	5.966078758239746	5.6075029373168945	5.001710891723633	5.701592445373535
3	49	be	1.432634949684143	0.9141306281089783	1.3802298307418823	1.2290112972259521
3	50	unable	6.957934379577637	6.063353538513184	7.330001354217529	5.657049179077148
3	51	to	0.011461140587925911	0.01793476566672325	0.016388293355703354	0.01354646310210228
3	52	come,	9.335097312927246	10.08375358581543	11.01814079284668	10.455682754516602
3	53	many	6.633905410766602	6.631765365600586	6.554204940795898	7.04899263381958
3	54	birds	8.567294120788574	8.315452575683594	8.853127479553223	9.377632141113281
3	55	came	6.794259548187256	6.728182792663574	5.988152503967285	5.352242946624756
3	56	from	2.534942626953125	2.1868793964385986	2.6707682609558105	3.1316161155700684
3	57	faraway	10.403997421264648	9.822916030883789	8.316987991333008	7.842700958251953
3	58	meadows	10.016471862792969	10.618091583251953	11.113239288330078	10.745331764221191
3	59	and	1.35799241065979	1.2753080129623413	1.2129918336868286	0.9333335757255554
3	60	woods.	13.535870552062988	6.300686359405518	6.089328289031982	6.107698440551758
3	61	The	2.1810224056243896	2.14829421043396	2.041175603866577	2.0749402046203613
3	62	eagle,	14.191226959228516	11.70432186126709	12.373077392578125	12.435914993286133
3	63	who	4.229193687438965	4.144550323486328	4.522520542144775	4.735827445983887
3	64	already	6.9092607498168945	7.446127891540527	6.662796974182129	7.028318405151367
3	65	thought	6.407630920410156	5.791841983795166	7.017739772796631	7.263422966003418
3	66	himself	7.726752281188965	7.1880784034729	6.932592391967773	3.635836124420166
3	67	the	4.095324516296387	3.2417945861816406	3.278275728225708	2.8009307384490967
3	68	de	10.590829849243164	8.079686164855957	8.675439834594727	7.518885612487793
3	69	facto	3.7203545570373535	0.5074646472930908	0.055951595306396484	0.07330113649368286
3	70	king,	11.061800003051758	8.698954582214355	7.862371444702148	6.817339897155762
3	71	arrived	9.911979675292969	9.729226112365723	9.302928924560547	8.930502891540527
3	72	fashionably	15.153144836425781	13.500577926635742	12.861613273620605	13.282013893127441
3	73	late.	6.281169414520264	2.220654249191284	2.398530960083008	2.399707078933716
3	74	It	3.5130131244659424	3.4420135021209717	3.401806592941284	3.8022806644439697
3	75	was	1.6171106100082397	1.520917296409607	1.4229488372802734	0.8365705609321594
3	76	a	2.5677971839904785	1.8369977474212646	1.90510892868042	1.9905287027359009
3	77	hawk	11.909503936767578	11.5278902053833	12.84600830078125	13.315530776977539
3	78	who	5.1634521484375	3.833394765853882	2.6062846183776855	2.5435359477996826
3	79	was	3.0690267086029053	2.35288667678833	2.7041940689086914	2.1605746746063232
3	80	most	6.779733180999756	7.010986328125	6.943152904510498	7.093470573425293
3	81	excited	7.8526225090026855	6.002040386199951	5.681448459625244	5.861128807067871
3	82	about	1.1138635873794556	1.059934139251709	1.1282395124435425	0.7448371052742004
3	83	the	1.76227867603302	1.3775385618209839	1.532172441482544	1.6214690208435059
3	84	meeting,	10.173196792602539	9.518310546875	9.438079833984375	9.239657402038574
3	85	because	6.419182777404785	6.493980407714844	6.0552144050598145	4.101916313171387
3	86	he	2.916006565093994	2.524996757507324	2.1990549564361572	2.185561180114746
3	87	was	2.2246432304382324	1.7766462564468384	1.8847793340682983	1.8457067012786865
3	88	the	3.1938233375549316	3.587165594100952	3.3020758628845215	3.4653615951538086
3	89	dark	8.151734352111816	8.55189037322998	8.810453414916992	9.001070022583008
3	90	horse	7.630858898162842	5.8533735275268555	3.341432571411133	1.381559133529663
3	91	for	4.724637031555176	2.7465531826019287	2.9110312461853027	2.6796207427978516
3	92	king.	14.08574390411377	12.75562858581543	11.455808639526367	12.50250244140625
3	93	The	2.410825490951538	2.5354127883911133	2.337219476699829	2.642331123352051
3	94	small	7.855926990509033	7.670562744140625	7.607913017272949	7.405501842498779
3	95	fry	9.503780364990234	7.026088714599609	6.86604118347168	6.583662509918213
3	96	came	8.198126792907715	8.100493431091309	6.287558078765869	5.787622451782227
3	97	too,	10.355302810668945	11.450460433959961	10.003963470458984	9.90416431427002
3	98	and	2.097989797592163	1.276211142539978	1.4002227783203125	1.2910228967666626
3	99	the	2.761542558670044	2.591660976409912	2.3721559047698975	2.215970277786255
3	100	robin,	17.056655883789062	16.58742904663086	16.938751220703125	16.247699737548828
3	101	the	3.1697380542755127	2.190279483795166	2.166992664337158	2.5618417263031006
3	102	bluebird,	17.220611572265625	8.472367286682129	7.512691974639893	7.456268310546875
3	103	the	2.7500271797180176	2.432624101638794	0.7245839238166809	0.5827152729034424
3	104	owl,	13.395995140075684	7.798638820648193	6.899009704589844	4.548948287963867
3	105	the	3.4384782314300537	2.5563719272613525	0.5966219902038574	0.4723856449127197
3	106	lark,	16.06941032409668	10.623104095458984	9.784205436706543	6.42206335067749
3	107	and	2.137759208679199	2.033479928970337	1.2537833452224731	1.1909903287887573
3	108	the	2.761542558670044	2.9733526706695557	2.558548927307129	0.35742756724357605
3	109	sparrow,	15.24427604675293	14.496438026428223	11.46694564819336	8.507875442504883
3	110	who	4.954016208648682	4.289799690246582	4.169776916503906	3.8548598289489746
3	111	had	3.2151079177856445	3.0831661224365234	2.9281883239746094	3.136558771133423
3	112	only	5.694517135620117	5.512053966522217	5.302586078643799	5.117886543273926
3	113	a	3.207435131072998	2.5968856811523438	2.6297643184661865	2.6399502754211426
3	114	chance	6.134914875030518	7.463133335113525	5.831507205963135	6.960668563842773
3	115	in	3.9826812744140625	4.771367073059082	4.558018684387207	4.745782852172852
3	116	a	2.6917762756347656	2.486381769180298	2.6755053997039795	1.86475670337677
3	117	million	6.96160364151001	7.781752586364746	5.46332311630249	5.414930820465088
3	118	to	3.190915584564209	4.6305131912231445	5.575700759887695	3.028351068496704
3	119	be	2.8581478595733643	4.239593505859375	3.755641460418701	3.055210828781128
3	120	king,	12.847257614135742	10.823687553405762	13.861685752868652	10.577298164367676
3	121	were	6.188269138336182	7.430886745452881	7.041651725769043	6.964602470397949
3	122	all	5.022804260253906	3.9431142807006836	4.236142158508301	4.222318649291992
3	123	present	8.5455322265625	6.812970161437988	5.644690990447998	6.970143795013428
3	124	at	3.6869099140167236	2.190485715866089	1.5147922039031982	1.1253533363342285
3	125	the	1.3130742311477661	0.8238391280174255	0.3703750669956207	0.3603430986404419
3	126	meeting.	10.653964042663574	8.499544143676758	5.73288631439209	4.697486877441406
3	127	The	2.347541570663452	2.33296275138855	2.345510482788086	2.122467517852783
3	128	cuckoo,	17.174718856811523	18.826202392578125	19.325109481811523	19.068431854248047
3	129	who	4.348691940307617	3.6941893100738525	2.9965615272521973	2.909201145172119
3	130	was	3.0690267086029053	2.8025121688842773	2.4126322269439697	1.917526125907898
3	131	almost	6.069568634033203	6.909074306488037	6.875349998474121	6.682898044586182
3	132	not	5.254156112670898	6.433656215667725	6.793972492218018	7.022706031799316
3	133	invited	9.668099403381348	10.365077018737793	9.646939277648926	5.865419387817383
3	134	because	7.553101062774658	4.955542087554932	5.560915946960449	4.915555477142334
3	135	his	5.600623607635498	4.574248790740967	4.446510314941406	4.764938831329346
3	136	call	8.411439895629883	8.720186233520508	8.655471801757812	8.408061027526855
3	137	so	7.197017192840576	6.854767322540283	8.004875183105469	8.408339500427246
3	138	annoyed	10.113546371459961	11.432778358459473	10.134298324584961	5.794163703918457
3	139	the	3.546809434890747	4.9749908447265625	5.125821590423584	1.7658777236938477
3	140	other	5.477868556976318	4.5710883140563965	3.338622570037842	3.565422534942627
3	141	birds,	10.115428924560547	11.025327682495117	8.924470901489258	11.659438133239746
3	142	came	9.366044044494629	8.883219718933105	8.020760536193848	8.180802345275879
3	143	too.	10.142143249511719	9.343652725219727	8.860152244567871	8.339578628540039
3	144	It	3.439126491546631	3.446681499481201	3.6452715396881104	3.5637006759643555
3	145	was	1.6171106100082397	1.7941218614578247	0.9260489344596863	0.7326729893684387
3	146	the	3.1938233375549316	2.632783889770508	2.8120832443237305	2.780475378036499
3	147	very	6.557445526123047	5.676775932312012	5.462944507598877	5.277993679046631
3	148	little	4.619499206542969	7.45064115524292	8.637992858886719	8.057861328125
3	149	bird	8.622550964355469	10.380087852478027	9.626102447509766	7.717761993408203
3	150	who	4.893383026123047	4.4347052574157715	5.820310115814209	3.0544686317443848
3	151	had	3.2151079177856445	3.8949553966522217	3.1557629108428955	3.3572731018066406
3	152	no	3.646517276763916	4.215141773223877	4.408717155456543	4.242211818695068
3	153	name	7.096108913421631	7.307011604309082	6.558833122253418	5.251430988311768
3	154	at	5.748869895935059	3.5763041973114014	3.684785842895508	3.8027803897857666
3	155	all,	5.710789680480957	3.9979169368743896	2.020432472229004	2.255614757537842
3	156	however,	6.348699569702148	6.226196765899658	6.344175815582275	7.349795818328857
3	157	that	3.163531541824341	2.6623263359069824	3.855727434158325	4.430537223815918
3	158	would	4.548255443572998	5.492226600646973	6.136691093444824	4.644697189331055
3	159	end	5.9081244468688965	5.8552470207214355	6.738005638122559	6.605806350708008
3	160	up	2.4588840007781982	0.5527182221412659	1.4523743391036987	0.6788730621337891
3	161	overturning	14.026678085327148	11.77843952178955	11.0557861328125	9.969921112060547
3	162	the	1.0501185655593872	1.1244370937347412	1.1427501440048218	0.9884916543960571
3	163	balance	8.673746109008789	7.0668768882751465	7.445834159851074	7.2167158126831055
3	164	of	1.6591095924377441	0.7587105631828308	0.25866395235061646	0.17065729200839996
3	165	power	7.6761698722839355	1.8889216184616089	1.6229310035705566	0.5979119539260864
3	166	among	8.060770034790039	6.62573766708374	3.6750473976135254	4.3694257736206055
3	167	the	1.3170015811920166	1.4953211545944214	1.0180490016937256	0.8807711601257324
3	168	birds.	12.171238899230957	10.903903007507324	10.738351821899414	10.50997257232666
3	169	That	5.219327926635742	5.265998840332031	5.425687313079834	5.314786911010742
3	170	there	6.421400547027588	6.706716537475586	6.706980228424072	6.300309658050537
3	171	would	4.041257381439209	3.642141819000244	3.932323694229126	3.755025863647461
3	172	be	1.432634949684143	0.24560144543647766	0.18218761682510376	0.16991117596626282
3	173	great	7.469266414642334	5.6123151779174805	6.493781089782715	6.583426475524902
3	174	confusion	9.653595924377441	11.784858703613281	13.398137092590332	5.966936111450195
3	175	and	1.932586431503296	1.9111030101776123	1.7030671834945679	2.050175666809082
3	176	noise	10.676081657409668	8.923393249511719	7.930818557739258	7.2368621826171875
3	177	among	7.321138858795166	8.139851570129395	6.644098281860352	4.756750106811523
3	178	the	1.3170017004013062	1.2951470613479614	1.221252679824829	1.0198674201965332
3	179	birds	9.698720932006836	8.964118957519531	8.189812660217285	7.042440891265869
3	180	at	4.347657680511475	4.4175004959106445	4.166234970092773	3.738780975341797
3	181	the	1.3130742311477661	1.3662000894546509	1.3104315996170044	0.8876917362213135
3	182	meeting	8.837555885314941	7.060779571533203	8.83444595336914	7.473383903503418
3	183	was	4.106022834777832	2.845071315765381	3.7626214027404785	4.780884742736816
3	184	to	4.499977111816406	3.270904064178467	2.881662368774414	2.7109107971191406
3	185	be	2.8581483364105225	2.1136233806610107	2.2323343753814697	2.79514741897583
3	186	expected,	9.499402046203613	8.809504508972168	6.732213020324707	8.113920211791992
3	187	given	5.146287441253662	3.6961610317230225	3.3515267372131348	3.13494873046875
3	188	the	2.1660187244415283	0.7619343996047974	0.78351891040802	0.9007043838500977
3	189	sheer	9.040874481201172	6.9155592918396	5.630502700805664	5.2320027351379395
3	190	numbers	4.535337448120117	4.28137731552124	3.889592409133911	3.5549232959747314
3	191	of	1.4866814613342285	0.46908438205718994	0.3710716962814331	0.5567553639411926
3	192	birds	9.77611255645752	6.580929756164551	6.8042402267456055	7.244177341461182
3	193	that	3.7097036838531494	2.899703025817871	2.567439556121826	2.4463469982147217
3	194	have	5.181549549102783	2.9094436168670654	2.832484483718872	2.3535120487213135
3	195	gathered.	12.652502059936523	12.55506706237793	12.930907249450684	12.267833709716797
3	196	There	4.151960849761963	4.2264323234558105	4.0010223388671875	3.944160223007202
3	197	was	2.1092095375061035	1.33484947681427	1.7455562353134155	2.4753830432891846
3	198	piping,	17.57225227355957	16.875885009765625	15.369436264038086	15.616097450256348
3	199	hissing,	11.916062355041504	10.328369140625	9.357057571411133	7.759273052215576
3	200	and	2.34985089302063	1.5537207126617432	0.9884143471717834	0.8944793939590454
3	201	clacking,	17.107723236083984	11.565265655517578	10.569089889526367	10.960348129272461
3	202	but	3.831233263015747	3.4332773685455322	3.8540475368499756	3.488577127456665
3	203	finally	8.141475677490234	7.337143898010254	7.402290344238281	6.677955150604248
3	204	it	6.021733283996582	3.885446548461914	3.2755167484283447	3.456144094467163
3	205	was	2.332796096801758	1.6769853830337524	1.5691711902618408	2.2372188568115234
3	206	decided	7.855074882507324	6.370850563049316	5.162276268005371	3.217352867126465
3	207	that	2.2329554557800293	0.894995927810669	0.7294100522994995	0.6210771799087524
3	208	the	2.3350260257720947	1.8231470584869385	1.3158067464828491	1.3673189878463745
3	209	bird	9.829197883605957	9.044577598571777	9.276039123535156	8.885993003845215
3	210	that	4.129806041717529	3.8904008865356445	4.987977981567383	4.796103477478027
3	211	could	5.099017143249512	4.420520782470703	5.029354095458984	5.792042255401611
3	212	fly	7.941546440124512	8.66729736328125	2.549062728881836	3.3081464767456055
3	213	the	3.3074262142181396	3.2480435371398926	3.9307544231414795	4.570970058441162
3	214	highest	6.870878219604492	7.937499046325684	7.899968147277832	7.505041122436523
3	215	should	10.180095672607422	11.404520034790039	10.710580825805664	11.182446479797363
3	216	be	0.9604581594467163	0.9398728609085083	0.8722037076950073	1.2476623058319092
3	217	king.	12.899231910705566	12.257182121276855	11.348280906677246	11.097984313964844
3	218	The	2.410825490951538	2.6380724906921387	2.627838373184204	2.4494435787200928
3	219	little	7.745067596435547	7.491277694702148	7.25623083114624	7.4823102951049805
3	220	bird	8.622550964355469	5.346487045288086	5.169035911560059	5.2366719245910645
3	221	lay	9.31737995147705	9.007591247558594	7.676053047180176	7.136427879333496
3	222	low	7.201630592346191	7.4642333984375	5.253413677215576	5.653448581695557
3	223	near	10.134515762329102	7.044739723205566	4.923121452331543	4.6728596687316895
3	224	the	1.051234245300293	0.6750098466873169	0.5336957573890686	0.5597556829452515
3	225	eagle	11.67243480682373	13.012306213378906	12.327629089355469	12.759576797485352
3	226	at	4.2188615798950195	4.9143452644348145	4.627735614776611	4.747396469116211
3	227	first,	7.001847267150879	6.4620256423950195	7.010993003845215	7.719919204711914
3	228	but	2.994279384613037	1.2632441520690918	1.2283488512039185	1.398393988609314
3	229	the	2.6123580932617188	2.5865871906280518	2.913508653640747	2.756350517272949
3	230	eagle	11.672435760498047	10.755546569824219	11.202352523803711	10.791611671447754
3	231	did	7.397696495056152	6.980382442474365	4.668118000030518	5.075786113739014
3	232	not	0.9057575464248657	0.8711273670196533	0.56235671043396	0.3923127055168152
3	233	notice	7.703996658325195	6.317202091217041	5.401423454284668	6.130788803100586
3	234	the	2.658740997314453	1.466425895690918	1.3784816265106201	1.1555728912353516
3	235	bird	9.829197883605957	9.074566841125488	8.457988739013672	7.625837326049805
3	236	hopping	9.54117202758789	10.603635787963867	7.339825630187988	6.232816696166992
3	237	onto	6.209598541259766	5.801665306091309	5.433459281921387	5.373197555541992
3	238	his	3.4051482677459717	3.830562114715576	3.5173392295837402	2.9262900352478027
3	239	back	6.410250663757324	4.318026065826416	2.1473402976989746	2.3801915645599365
3	240	right	7.3075666427612305	6.186514377593994	6.461851119995117	6.942326068878174
3	241	as	4.492254257202148	5.051592826843262	4.34405517578125	4.090632438659668
3	242	the	2.3149778842926025	1.6560022830963135	1.6812958717346191	2.0978450775146484
3	243	competition	8.992049217224121	8.789108276367188	8.203222274780273	9.152242660522461
3	244	was	4.142664909362793	3.4539101123809814	3.207206964492798	2.8761463165283203
3	245	about	5.407973766326904	5.418122291564941	4.715014457702637	3.8304362297058105
3	246	to	4.484313011169434	1.2288293838500977	1.585190773010254	1.2630436420440674
3	247	commence.	13.287919998168945	9.385141372680664	8.830682754516602	4.4842352867126465
3	248	Into	10.251036643981934	10.483752250671387	10.197822570800781	10.302318572998047
3	249	the	1.2715100049972534	0.879518449306488	0.8902414441108704	0.7192882895469666
3	250	air	7.6995038986206055	8.777606964111328	5.432356834411621	5.333442687988281
3	251	in	3.1802515983581543	2.933377742767334	3.4457335472106934	5.142224311828613
3	252	a	2.6917762756347656	2.376112461090088	2.0501585006713867	1.565124750137329
3	253	great	5.071740627288818	6.630856513977051	7.244275093078613	6.1764302253723145
3	254	flock	13.09598445892334	12.670578956604004	11.714323043823242	10.812295913696289
3	255	all	6.318715572357178	7.76113224029541	8.233790397644043	7.255035877227783
3	256	the	1.7134159803390503	1.9592217206954956	2.4543094635009766	1.940626859664917
3	257	birds	9.698720932006836	8.265817642211914	5.053028106689453	4.810506343841553
3	258	flew	7.998808860778809	6.2454986572265625	6.20160436630249	9.273968696594238
3	259	when	6.704608917236328	7.021888732910156	7.002366542816162	7.6096038818359375
3	260	the	2.160183906555176	1.5656256675720215	1.8295607566833496	1.6498249769210815
3	261	signal	9.479896545410156	7.8026323318481445	7.289651870727539	6.993929862976074
3	262	was	4.442578315734863	3.75345516204834	2.2762696743011475	1.188031554222107
3	263	given.	10.010713577270508	7.4589385986328125	6.872410774230957	5.621105194091797
3	264	The	2.3208422660827637	2.166273355484009	1.7011311054229736	1.806992530822754
3	265	air	8.01010513305664	8.370013236999512	8.239782333374023	7.763904571533203
3	266	was	4.597949981689453	1.795641303062439	2.3414411544799805	1.3260688781738281
3	267	full	7.725306034088135	6.253676891326904	4.043269157409668	3.9401679039001465
3	268	of	1.9485552310943604	0.17711500823497772	0.1438686102628708	0.033658210188150406
3	269	dust,	12.191535949707031	8.430733680725098	8.63503360748291	6.473830223083496
3	270	and	1.9924436807632446	2.017622947692871	1.8038522005081177	1.4864683151245117
3	271	it	4.743192672729492	3.904223918914795	3.4351797103881836	3.1365065574645996
3	272	seemed	6.036945819854736	5.279858589172363	5.010463714599609	4.891254901885986
3	273	as	4.655743598937988	3.110018730163574	3.190021514892578	2.5265390872955322
3	274	if	4.99267578125	0.550105094909668	0.5533171892166138	0.5430021286010742
3	275	a	3.8791022300720215	3.8930165767669678	3.2569973468780518	3.380603075027466
3	276	black	6.855870723724365	7.0099778175354	6.088017463684082	5.7342329025268555
3	277	cloud	8.464990615844727	5.634397506713867	6.797808647155762	4.142055034637451
3	278	were	8.148294448852539	6.611977577209473	6.978453159332275	3.783564805984497
3	279	floating	8.90447998046875	6.9557695388793945	5.907869815826416	5.265487194061279
3	280	over	4.381328582763672	4.941965103149414	3.9811902046203613	3.151501178741455
3	281	the	1.1159006357192993	0.8446367383003235	0.6264204978942871	0.6553289294242859
3	282	field.	8.97208023071289	8.695276260375977	7.291321754455566	7.443694114685059
3	283	You	4.383177280426025	4.833411693572998	5.058043003082275	4.761255741119385
3	284	could	4.092222213745117	3.6501193046569824	3.6339175701141357	3.4655425548553467
3	285	hear	6.340014457702637	5.078908443450928	5.6405487060546875	5.075046539306641
3	286	the	2.05391001701355	1.2400568723678589	1.0591455698013306	0.9586585760116577
3	287	birds	9.698720932006836	6.982411861419678	6.232247829437256	6.083608150482178
3	288	chirping	10.154796600341797	8.419078826904297	3.2920165061950684	2.2762837409973145
3	289	and	2.3687744140625	1.7973334789276123	1.5601834058761597	1.2892024517059326
3	290	flapping	12.79852294921875	6.011858940124512	5.3570356369018555	5.130232810974121
3	291	from	4.770112037658691	5.172235488891602	4.514981746673584	4.721689224243164
3	292	fields	10.848569869995117	11.795791625976562	12.292637825012207	11.101949691772461
3	293	that	3.299323558807373	2.9561688899993896	4.067985534667969	4.055457592010498
3	294	were	5.190093994140625	3.2638983726501465	2.8190219402313232	2.311631679534912
3	295	miles	10.259254455566406	10.73601245880127	10.155288696289062	9.689868927001953
3	296	away.	3.7703170776367188	2.5084710121154785	2.4574198722839355	2.980759382247925
3	297	The	2.472705125808716	2.2515060901641846	2.3925187587738037	2.371443271636963
3	298	little	7.745067596435547	6.986637592315674	7.135499477386475	6.851143836975098
3	299	birds	9.403100967407227	6.858312606811523	6.531667709350586	7.621500492095947
3	300	that	3.7097036838531494	3.2366092205047607	3.2273502349853516	3.275104522705078
3	301	soon	9.368267059326172	8.753477096557617	8.515299797058105	8.753196716308594
3	302	grew	7.9894938468933105	6.900258541107178	5.359131336212158	5.3085551261901855
3	303	tired	7.763909339904785	4.755352020263672	4.584323883056641	4.064730644226074
3	304	fell	10.738523483276367	13.792963981628418	14.047296524047852	13.674553871154785
3	305	back	4.072676658630371	4.870375156402588	3.725212574005127	3.6062493324279785
3	306	quickly	9.192710876464844	8.023975372314453	8.332590103149414	8.119089126586914
3	307	to	3.5460946559906006	1.7770494222640991	1.722920298576355	1.8580447435379028
3	308	earth.	11.697210311889648	12.289159774780273	8.45152473449707	6.467198848724365
3	309	The	2.195434808731079	2.3550572395324707	2.2107720375061035	2.2872672080993652
3	310	fact	6.021444797515869	5.404417037963867	5.4347615242004395	5.705585479736328
3	311	that	0.4399940073490143	0.29068076610565186	0.27286118268966675	0.29428136348724365
3	312	the	2.3350260257720947	1.7771391868591309	1.7803308963775635	1.5465266704559326
3	313	larger	8.36369514465332	8.220824241638184	8.137861251831055	8.560260772705078
3	314	ones	6.527688026428223	5.202669620513916	5.56391716003418	5.730551719665527
3	315	held	8.172492980957031	8.798563003540039	8.237183570861816	7.803440570831299
3	316	out	3.741788387298584	3.718296527862549	3.8026981353759766	3.9447386264801025
3	317	longer,	11.319954872131348	9.52808952331543	9.177338600158691	6.081667423248291
3	318	and	2.168611764907837	1.813309669494629	1.9273163080215454	1.8582795858383179
3	319	flew	10.447193145751953	11.49847412109375	11.100777626037598	9.365464210510254
3	320	higher	9.097724914550781	7.03720235824585	5.198858261108398	3.5155186653137207
3	321	and	4.043251991271973	1.4029138088226318	1.5489332675933838	1.43063223361969
3	322	higher,	11.107643127441406	4.2743000984191895	2.007643222808838	1.8932621479034424
3	323	but	2.6490094661712646	2.984290599822998	3.252614974975586	3.499624013900757
3	324	the	2.6123580932617188	2.214820146560669	2.2680559158325195	2.1674814224243164
3	325	eagle	11.67243480682373	10.755546569824219	11.316378593444824	11.065902709960938
3	326	flew	7.279968738555908	6.793154716491699	5.568151473999023	6.171022415161133
3	327	highest	13.133148193359375	10.609122276306152	10.189712524414062	10.335792541503906
3	328	of	3.3874731063842773	3.0464744567871094	3.327439785003662	3.156407594680786
3	329	any,	12.113351821899414	8.25189208984375	8.943434715270996	9.760753631591797
3	330	surprised	11.914567947387695	12.83356761932373	11.966756820678711	11.093192100524902
3	331	no	8.066099166870117	6.599635601043701	6.382219314575195	3.8572070598602295
3	332	one.	7.9829864501953125	3.610659599304199	1.7840285301208496	1.624694585800171
3	333	Could	7.9497880935668945	7.839906692504883	7.946434497833252	7.795096397399902
3	334	anyone	5.753258228302002	5.107028961181641	4.281983375549316	4.653445243835449
3	335	stop	8.543116569519043	5.3205060958862305	5.5064697265625	5.188150405883789
3	336	the	2.2192041873931885	3.1273372173309326	2.2830612659454346	2.6484766006469727
3	337	eagle	11.67243480682373	11.910341262817383	12.158037185668945	10.777843475341797
3	338	that	4.978200912475586	3.8784241676330566	4.287781238555908	3.9289660453796387
3	339	seemed	7.769684314727783	6.757956027984619	6.634990215301514	6.730241298675537
3	340	to	0.8801509141921997	0.7851383686065674	0.48980313539505005	0.3702688217163086
3	341	be	2.8581478595733643	1.4114744663238525	1.343943476676941	1.2449220418930054
3	342	flying	9.402937889099121	9.001119613647461	7.061989784240723	7.028701305389404
3	343	straight	7.049338340759277	6.334700584411621	6.413814544677734	4.861389636993408
3	344	into	3.747037887573242	2.827263832092285	2.0777206420898438	2.326770544052124
3	345	the	1.2543747425079346	0.9230524301528931	0.6748703718185425	0.7975476980209351
3	346	sun?	13.200326919555664	12.038280487060547	11.4698486328125	8.246294975280762
3	347	The	2.9550116062164307	3.031827688217163	3.019932985305786	3.124647617340088
3	348	other	5.568515777587891	5.469235420227051	5.421785831451416	5.549042701721191
3	349	birds	8.492975234985352	9.399449348449707	7.852078914642334	7.809727668762207
3	350	gave	8.272655487060547	8.418540954589844	6.704195499420166	6.871624946594238
3	351	out	5.57240104675293	4.073148727416992	4.545603275299072	3.984597682952881
3	352	one	6.206057548522949	5.503786563873291	5.633848190307617	5.651461124420166
3	353	by	6.295276641845703	3.635422706604004	6.1513848304748535	1.9399477243423462
3	354	one	5.509702205657959	1.3788038492202759	1.1972770690917969	1.134702205657959
3	355	and	4.7107319831848145	4.787937641143799	2.6616318225860596	1.7378414869308472
3	356	when	6.439513206481934	6.861309051513672	7.316004753112793	5.462695598602295
3	357	the	2.160183906555176	2.1213929653167725	2.2486953735351562	1.9207795858383179
3	358	eagle	11.672435760498047	10.527863502502441	10.368289947509766	10.504361152648926
3	359	saw	7.551475524902344	7.417776584625244	6.211315155029297	5.761866569519043
3	360	this	3.77323317527771	4.3615827560424805	4.231566429138184	4.423821449279785
3	361	he	7.575650215148926	8.140499114990234	7.049825668334961	6.011082172393799
3	362	thought,	8.35684585571289	7.303896427154541	6.160384178161621	6.410172462463379
3	363	'What	5.590978622436523	6.917281150817871	5.936742782592773	5.027833461761475
3	364	is	1.9296791553497314	2.029910087585449	2.4167909622192383	2.18792462348938
3	365	the	2.8239450454711914	1.4088802337646484	1.7551579475402832	1.675207495689392
3	366	use	6.721818447113037	6.647979259490967	4.7503132820129395	3.709501028060913
3	367	of	1.6860668659210205	0.06379967927932739	0.05424132198095322	0.0406593419611454
3	368	flying	10.054920196533203	10.117914199829102	9.765544891357422	10.257076263427734
3	369	any	7.816701889038086	7.765994071960449	9.28711986541748	9.727995872497559
3	370	higher?	12.129112243652344	9.669772148132324	10.228633880615234	12.862747192382812
3	371	This	4.226402759552002	4.264303207397461	4.330718994140625	4.3035688400268555
3	372	victory	10.251803398132324	10.077363967895508	10.007316589355469	10.740935325622559
3	373	is	3.992307424545288	2.0517725944519043	1.8270330429077148	1.7090113162994385
3	374	in	4.457813739776611	3.9781670570373535	4.015793800354004	4.115960121154785
3	375	the	1.3865312337875366	1.3291527032852173	1.0663031339645386	1.7191879749298096
3	376	bag	9.542093276977539	8.875993728637695	7.13246488571167	3.8647475242614746
3	377	and	2.500546932220459	1.9872503280639648	2.007021427154541	1.9058581590652466
3	378	I	4.621726989746094	4.833924293518066	4.457740783691406	4.265691757202148
3	379	am	3.162428379058838	3.004223346710205	3.6345810890197754	3.707646369934082
3	380	king!'	18.092411041259766	16.880704879760742	17.107336044311523	17.18014907836914
3	381	Then	4.460207939147949	4.228512763977051	3.8323416709899902	3.6058549880981445
3	382	the	2.34641170501709	1.9461742639541626	2.0792295932769775	1.9889435768127441
3	383	birds	9.698720932006836	8.287129402160645	7.571903228759766	6.970383644104004
3	384	below	8.154266357421875	8.158140182495117	9.351397514343262	8.827672004699707
3	385	called	9.246516227722168	9.92569637298584	9.08614444732666	7.334999084472656
3	386	with	5.458853721618652	6.978726387023926	6.727205276489258	6.689711570739746
3	387	one	5.371518135070801	5.082989692687988	5.16562032699585	5.053465843200684
3	388	accord,	13.113353729248047	10.360431671142578	9.724851608276367	11.474333763122559
3	389	'Come	15.047796249389648	14.703164100646973	12.580904006958008	10.841038703918457
3	390	back,	5.746010780334473	6.848171234130859	6.255190372467041	5.957614898681641
3	391	come	7.932981014251709	2.0886950492858887	2.1516549587249756	1.9878113269805908
3	392	back!	8.348623275756836	5.532691955566406	3.303591012954712	3.7737479209899902
3	393	It	4.112308979034424	4.193931579589844	4.391241550445557	4.743486404418945
3	394	is	1.6737160682678223	1.8019740581512451	1.8324692249298096	2.003087043762207
3	395	you	6.924837589263916	8.508817672729492	7.330070495605469	6.981659412384033
3	396	who	6.996191024780273	5.390011787414551	0.6610854268074036	0.6754611730575562
3	397	must	6.132619380950928	6.540128231048584	4.527058124542236	2.8352224826812744
3	398	be	0.9842413663864136	1.622376799583435	2.177912712097168	2.3838274478912354
3	399	our	7.129830360412598	7.555180072784424	7.4752912521362305	6.7159929275512695
3	400	king	10.650195121765137	8.378049850463867	9.720054626464844	8.515087127685547
3	401	because	6.9922194480896	6.410553455352783	5.398556709289551	5.032432556152344
3	402	no	5.948467254638672	6.201418876647949	5.887250900268555	5.652132987976074
3	403	one	2.8277428150177	1.023978590965271	0.7458688616752625	0.9092962145805359
3	404	can	5.094521522521973	3.005429744720459	2.858957529067993	2.920469284057617
3	405	fly	7.89691162109375	7.500263214111328	8.256376266479492	7.700833797454834
3	406	as	4.725798606872559	4.085353374481201	4.260059356689453	4.4381489753723145
3	407	high	6.4083051681518555	3.626852512359619	2.4351277351379395	2.6163785457611084
3	408	as	4.336051940917969	0.1972838044166565	0.09534559398889542	0.08000880479812622
3	409	you.'	15.835047721862793	16.659896850585938	16.963132858276367	16.39328384399414
3	410	'Except	12.281698226928711	11.927855491638184	11.758519172668457	11.663751602172852
3	411	me!'	9.772686958312988	8.41417121887207	8.347302436828613	8.447765350341797
3	412	cried	6.589255332946777	5.544476509094238	2.2178561687469482	2.064709186553955
3	413	a	3.6655325889587402	4.109197616577148	3.8640012741088867	4.926207542419434
3	414	shrill,	13.66535758972168	8.577921867370605	11.295995712280273	10.951952934265137
3	415	shrill	5.848597049713135	3.5021047592163086	4.002655506134033	3.519062042236328
3	416	voice,	5.585362434387207	5.248908042907715	4.040617942810059	5.314120292663574
3	417	and	2.093144416809082	2.3293280601501465	1.8726270198822021	1.8328323364257812
3	418	out	8.161351203918457	8.112716674804688	7.346652507781982	7.51218843460083
3	419	of	1.2769882678985596	0.5936815738677979	0.38519543409347534	0.8143115043640137
3	420	the	1.4618616104125977	1.2509452104568481	0.993540346622467	1.4035485982894897
3	421	blue	8.655713081359863	8.648534774780273	5.925335884094238	6.339653968811035
3	422	the	6.751920700073242	6.367003917694092	6.806386470794678	3.884556531906128
3	423	little	7.854135513305664	8.103496551513672	7.12739372253418	7.181038856506348
3	424	bird	8.622550964355469	5.8550567626953125	4.466296195983887	4.777048587799072
3	425	without	6.503034591674805	7.244361877441406	7.105083465576172	7.770076274871826
3	426	a	2.4714207649230957	1.7147643566131592	1.7162396907806396	2.3427655696868896
3	427	name	7.6236467361450195	6.659473419189453	5.099595069885254	3.5520973205566406
3	428	rose	10.683038711547852	12.258455276489258	11.712679862976074	10.589085578918457
3	429	from	3.3384850025177	2.243619441986084	2.3401565551757812	1.9830636978149414
3	430	the	1.3965858221054077	1.2716597318649292	1.1724151372909546	0.4582936763763428
3	431	eagle's	13.523870468139648	12.998717308044434	12.453177452087402	13.167838096618652
3	432	back,	6.470425128936768	6.110772132873535	6.025574684143066	4.559534549713135
3	433	where	5.122155666351318	5.85325813293457	5.283158779144287	4.953454971313477
3	434	he	2.663740873336792	1.9385569095611572	1.9382882118225098	2.439277172088623
3	435	had	3.0486414432525635	3.207319736480713	3.119159698486328	2.813204288482666
3	436	lain	9.197612762451172	9.752361297607422	8.253030776977539	6.880748271942139
3	437	hidden	7.073281288146973	4.242587089538574	5.787855625152588	4.640402793884277
3	438	in	1.8578076362609863	1.1808385848999023	1.1941335201263428	1.1000568866729736
3	439	the	1.3865309953689575	0.7900955677032471	0.8328004479408264	0.8261706233024597
3	440	feathers.	14.5791597366333	15.01423454284668	12.59287166595459	13.551647186279297
3	441	His	4.799504280090332	5.639459609985352	5.580617904663086	5.41104793548584
3	442	guile	12.86636734008789	13.0150146484375	12.522821426391602	12.531515121459961
3	443	was	4.810734748840332	2.201603889465332	1.9097874164581299	1.68662691116333
3	444	the	3.1938233375549316	2.998178482055664	4.165597438812256	4.273774147033691
3	445	ace	11.938047409057617	10.316314697265625	8.77253532409668	8.932985305786133
3	446	up	6.380792617797852	3.6357486248016357	3.3384511470794678	2.163757562637329
3	447	his	4.89354944229126	3.5037167072296143	0.6695033311843872	0.8232641816139221
3	448	sleeve,	11.536885261535645	6.938920021057129	6.142593860626221	1.9171284437179565
3	449	and	1.878826379776001	1.838268756866455	1.6649706363677979	1.6608790159225464
3	450	he	5.174978256225586	4.31320333480835	2.655980110168457	2.6698098182678223
3	451	laughed	7.942240238189697	7.551218509674072	6.853216171264648	6.133182525634766
3	452	to	3.445033550262451	3.518630027770996	4.039261341094971	3.859956979751587
3	453	himself	9.869844436645508	2.5443291664123535	1.2301990985870361	1.303537130355835
3	454	at	4.270299434661865	4.058287620544434	3.6211392879486084	3.0216479301452637
3	455	how	6.149906635284424	8.14866828918457	6.070087432861328	2.570401191711426
3	456	easy	5.771317005157471	5.089691162109375	4.7942399978637695	4.475597381591797
3	457	it	6.243483543395996	0.37270355224609375	0.3556906580924988	0.28898975253105164
3	458	had	4.759343147277832	5.629533767700195	5.855014324188232	5.803328990936279
3	459	been	1.9564940929412842	1.4968152046203613	1.0518320798873901	0.526193380355835
3	460	to	4.873292922973633	4.993351936340332	4.913097858428955	0.710973858833313
3	461	outwit	12.016380310058594	13.32884407043457	11.585701942443848	10.947012901306152
3	462	the	1.5871598720550537	1.4960929155349731	1.6290498971939087	1.4121288061141968
3	463	other	5.477868556976318	4.233733177185059	3.6741654872894287	4.275851249694824
3	464	birds.	10.786853790283203	11.33353042602539	10.423027038574219	10.170036315917969
3	465	Higher	10.090015411376953	9.372044563293457	9.976025581359863	9.664358139038086
3	466	and	4.2189764976501465	4.569254398345947	4.60219144821167	4.244133949279785
3	467	higher	8.34481143951416	1.645910620689392	1.1198331117630005	1.5199685096740723
3	468	he	8.902442932128906	7.956935882568359	5.442783355712891	4.37822961807251
3	469	mounted,	14.782735824584961	11.67796802520752	10.028610229492188	8.151806831359863
3	470	until	7.7946696281433105	7.028736114501953	5.007113456726074	3.4110894203186035
3	471	he	3.1312294006347656	2.964078426361084	1.0877822637557983	0.9076242446899414
3	472	was	2.2246434688568115	1.7962939739227295	1.9826200008392334	1.6122844219207764
3	473	lost	7.438390731811523	8.066461563110352	7.954662322998047	7.096363067626953
3	474	to	2.983806610107422	1.9681633710861206	1.9409713745117188	1.5970540046691895
3	475	sight,	12.452077865600586	15.453041076660156	8.419107437133789	6.14172887802124
3	476	and	1.9453679323196411	2.091546058654785	1.942291259765625	1.5500702857971191
3	477	then	4.8332672119140625	4.024703025817871	3.7916948795318604	3.5221104621887207
3	478	folding	11.711984634399414	10.62857723236084	11.371445655822754	12.202014923095703
3	479	his	6.100136756896973	3.8873865604400635	4.205340385437012	3.687702178955078
3	480	wings	9.555953025817871	5.626040458679199	4.887353420257568	4.798827171325684
3	481	together,	8.822587966918945	7.8671159744262695	5.258694648742676	3.517700672149658
3	482	he	4.339892387390137	4.709650993347168	3.135763168334961	2.531332015991211
3	483	sank	10.5240478515625	9.406244277954102	8.236419677734375	8.360650062561035
3	484	to	3.1026556491851807	1.893682599067688	2.257327079772949	2.1484718322753906
3	485	earth	10.643585205078125	5.762434482574463	5.750280857086182	6.209258556365967
3	486	crying	12.097540855407715	12.771720886230469	11.873017311096191	9.880231857299805
3	487	shrilly,	12.901281356811523	11.907219886779785	12.657954216003418	12.180286407470703
3	488	'I	8.095710754394531	7.57462215423584	7.249479293823242	6.058427810668945
3	489	am	2.6155922412872314	2.230706214904785	2.281986951828003	1.4607658386230469
3	490	king,	13.41463851928711	10.401010513305664	8.875494003295898	9.710139274597168
3	491	I	4.381997585296631	2.6952884197235107	1.462429165840149	0.9530670642852783
3	492	am	3.162428379058838	2.9249649047851562	1.5495160818099976	0.40897950530052185
3	493	king!'	18.092411041259766	16.880704879760742	11.041181564331055	5.791445255279541
3	494	The	3.1693248748779297	3.3284122943878174	3.2313544750213623	3.0649499893188477
3	495	eagle	11.381890296936035	8.392827033996582	8.290948867797852	8.182435989379883
3	496	tricked	12.73360824584961	11.861878395080566	12.00965690612793	12.248796463012695
3	497	by	3.242298126220703	4.267223358154297	5.8775634765625	4.604155540466309
3	498	the	1.5458581447601318	1.295670747756958	1.3461976051330566	0.7376285195350647
3	499	little	7.854135513305664	8.482380867004395	8.114578247070312	7.3498663902282715
3	500	bird	8.622550964355469	5.8550567626953125	5.7518768310546875	5.533505916595459
3	501	had	5.183513641357422	4.8607001304626465	3.875812292098999	5.597175121307373
3	502	not	4.20198917388916	4.230072975158691	5.6260294914245605	3.990582227706909
3	503	sensed	12.776966094970703	9.718879699707031	9.528854370117188	9.719970703125
3	504	the	2.5775251388549805	4.089299201965332	1.5681583881378174	1.3041963577270508
3	505	bird	9.829197883605957	8.83884048461914	9.042945861816406	8.27191162109375
3	506	in	3.1391375064849854	3.0815720558166504	2.59194278717041	2.4352314472198486
3	507	his	4.244611740112305	3.883906602859497	3.6794142723083496	2.41880464553833
3	508	feathers	10.846376419067383	13.014928817749023	9.935185432434082	8.80747127532959
3	509	and	1.8848755359649658	1.8615553379058838	1.4576822519302368	1.5310240983963013
3	510	so	5.8186936378479	6.582091331481934	6.457761764526367	6.107165813446045
3	511	had	7.680673599243164	5.964901447296143	6.380016326904297	5.227653503417969
3	512	not	4.20198917388916	3.0028140544891357	3.1329345703125	3.631199359893799
3	513	at	5.8928704261779785	7.080616474151611	6.639823913574219	6.695464134216309
3	514	all	4.578402519226074	0.8914103507995605	1.3533079624176025	2.079284429550171
3	515	expected	9.747859954833984	8.439826965332031	6.747053146362305	5.159838676452637
3	516	the	3.802021026611328	3.3027191162109375	4.029345989227295	5.590250015258789
3	517	bird	9.829197883605957	8.911636352539062	8.997848510742188	8.731550216674805
3	518	to	3.7137248516082764	3.4503440856933594	1.111730933189392	0.33132264018058777
3	519	come	6.146267414093018	5.032719135284424	4.56886100769043	4.793666362762451
3	520	flying	9.751924514770508	8.610725402832031	4.4521379470825195	4.580099105834961
3	521	out	3.672572135925293	1.7681829929351807	1.4479293823242188	1.519027590751648
3	522	like	6.333001136779785	6.7272233963012695	5.136102199554443	5.373087406158447
3	523	that.	5.140009880065918	4.681957721710205	4.458440780639648	6.64206600189209
3	524	The	2.966557264328003	3.2337684631347656	3.2379660606384277	3.121332883834839
3	525	birds	9.48301887512207	9.06136417388916	8.672821044921875	8.276405334472656
3	526	back	6.669666290283203	9.26614761352539	9.18710708618164	8.957409858703613
3	527	on	3.316542625427246	3.7386107444763184	2.8781578540802	3.074063539505005
3	528	earth	8.160954475402832	6.379818439483643	5.843594074249268	4.2691168785095215
3	529	were	6.019060134887695	4.469343662261963	6.179263114929199	4.589681625366211
3	530	all	5.022804260253906	4.619507312774658	4.230745792388916	4.227874755859375
3	531	up	7.125611305236816	6.851630687713623	7.704221248626709	7.686192035675049
3	532	in	2.847079277038574	1.5297964811325073	1.525333046913147	0.641721785068512
3	533	arms.	11.803691864013672	9.437451362609863	10.16540813446045	2.539245843887329
3	534	'You,	14.410433769226074	13.727096557617188	13.912788391113281	14.637439727783203
3	535	and	4.032672882080078	4.11525821685791	4.146920680999756	4.3600687980651855
3	536	not	5.327460289001465	4.600121974945068	5.614629745483398	5.514939785003662
3	537	the	3.5822699069976807	2.832536220550537	2.3539633750915527	2.164027690887451
3	538	eagle,	13.560544967651367	13.32807731628418	13.226607322692871	10.647737503051758
3	539	our	8.174731254577637	7.44215202331543	7.833646774291992	7.761948585510254
3	540	king?'	18.02737808227539	15.39031982421875	15.340767860412598	14.433480262756348
3	541	the	4.9698309898376465	4.850104331970215	4.759982109069824	4.602351188659668
3	542	birds	9.698720932006836	8.224163055419922	7.783337593078613	5.262731552124023
3	543	cried,	12.134110450744629	11.321097373962402	4.269826889038086	3.6225175857543945
3	544	fuming	12.20422649383545	15.48570728302002	14.736152648925781	15.517324447631836
3	545	with	2.759183168411255	1.7648576498031616	1.3307795524597168	1.2600773572921753
3	546	anger.	11.409491539001465	3.357987880706787	2.5409224033355713	3.4256043434143066
3	547	'You	9.113495826721191	8.30508804321289	7.034980773925781	6.169807434082031
3	548	have	2.587162494659424	2.7997186183929443	2.846791982650757	2.9288690090179443
3	549	done	5.051426887512207	4.543644428253174	4.2062153816223145	4.060869216918945
3	550	this	4.006545543670654	3.2371654510498047	2.9366073608398438	2.0230555534362793
3	551	by	6.17022705078125	3.8561618328094482	4.4801225662231445	4.7662506103515625
3	552	breaking	7.874712944030762	6.420436382293701	5.553158760070801	5.922367572784424
3	553	every	6.5623650550842285	6.55275297164917	6.54367208480835	6.13297700881958
3	554	rule	8.498514175415039	2.2982423305511475	1.882009744644165	1.8317337036132812
3	555	in	3.1711268424987793	2.7589712142944336	1.7517330646514893	1.502427577972412
3	556	the	1.3865312337875366	1.5385974645614624	0.7484717965126038	0.4808414876461029
3	557	book,	8.78927230834961	7.83234977722168	7.191260814666748	3.6772119998931885
3	558	so	4.895986557006836	4.675953388214111	4.203244209289551	3.569383144378662
3	559	we	3.518153190612793	3.2665491104125977	3.259403705596924	3.2463228702545166
3	560	will	3.4502065181732178	3.3094818592071533	3.135542154312134	3.112927198410034
3	561	not	3.2263476848602295	2.9755685329437256	2.9822986125946045	2.6566386222839355
3	562	have	3.8583626747131348	3.472538948059082	3.4666519165039062	3.036696195602417
3	563	you,	10.233949661254883	10.711591720581055	10.334197998046875	9.67730712890625
3	564	who	5.078154563903809	5.705582141876221	5.826049327850342	6.211138725280762
3	565	are	2.9235785007476807	2.134624481201172	2.1359009742736816	1.774935245513916
3	566	simply	6.375297546386719	6.643364906311035	6.896729469299316	7.659594535827637
3	567	tricky	11.77807331085205	10.458653450012207	12.493426322937012	13.334321975708008
3	568	and	3.008347511291504	2.530412197113037	2.336160659790039	1.8213939666748047
3	569	cunning,	13.307188987731934	12.609736442565918	11.723844528198242	12.498409271240234
3	570	to	4.901684761047363	4.2236738204956055	4.4015793800354	4.256587505340576
3	571	reign	11.09007740020752	9.764385223388672	9.018075942993164	10.664634704589844
3	572	over	3.788578510284424	2.437424659729004	1.884639024734497	1.5808855295181274
3	573	us.'	13.829235076904297	11.589378356933594	11.69410514831543	11.2066650390625
3	574	The	3.0718886852264404	2.9379234313964844	2.8341541290283203	2.8615903854370117
3	575	bird	9.56425666809082	8.39532470703125	7.706980228424072	8.741077423095703
3	576	without	6.503034591674805	8.925236701965332	9.364164352416992	9.366181373596191
3	577	a	2.4714207649230957	1.7147642374038696	1.8072710037231445	1.589181661605835
3	578	name	7.6236467361450195	6.659473896026611	5.099595069885254	2.6274032592773438
3	579	then	8.016475677490234	6.671274185180664	6.547195911407471	7.182168006896973
3	580	decided	6.967909812927246	7.882394790649414	8.358942031860352	9.691487312316895
3	581	to	0.5483172535896301	0.3657894432544708	0.35262441635131836	0.4683321416378021
3	582	clear	7.58181095123291	7.95741081237793	8.066797256469727	8.081137657165527
3	583	the	2.3370370864868164	1.3322099447250366	1.155643105506897	1.259932518005371
3	584	air	7.6995038986206055	5.715236663818359	3.4363901615142822	3.5570554733276367
3	585	and	2.3969829082489014	2.2662463188171387	2.3666203022003174	1.6839592456817627
3	586	said,	7.925986289978027	7.559891223907471	6.841092586517334	7.655213832855225
3	587	'Then	9.63642692565918	8.544198989868164	8.64384937286377	8.983383178710938
3	588	let	4.4216694831848145	3.2338459491729736	2.8771088123321533	2.7393038272857666
3	589	everyone	5.4872260093688965	6.467776298522949	6.228742599487305	6.117396354675293
3	590	start	8.890543937683105	7.132108688354492	5.752706527709961	6.106344223022461
3	591	with	2.9136734008789062	2.8198070526123047	2.9674808979034424	3.5086677074432373
3	592	a	2.2593159675598145	1.7533564567565918	1.4383121728897095	1.5810179710388184
3	593	clean	8.12755298614502	6.951847076416016	4.491493225097656	2.686135768890381
3	594	slate	7.976287364959717	2.946650743484497	2.9126319885253906	1.4334508180618286
3	595	and	2.737363815307617	2.2016091346740723	2.020322322845459	1.5037815570831299
3	596	perform	8.967092514038086	9.26699161529541	7.868924140930176	8.29434585571289
3	597	a	1.784220814704895	2.1315290927886963	2.222622871398926	1.8539793491363525
3	598	new	4.364058494567871	5.312027931213379	5.405121803283691	5.462329864501953
3	599	challenging	11.508167266845703	11.655049324035645	10.613070487976074	10.574931144714355
3	600	task.	8.9689359664917	7.3629350662231445	6.080248832702637	3.0011074542999268
3	601	Then	5.696470260620117	6.417828559875488	6.035152435302734	6.493561744689941
3	602	we	2.794093370437622	2.8319272994995117	2.9866859912872314	2.8255856037139893
3	603	can	2.8265841007232666	2.8005049228668213	2.6690797805786133	3.2467117309570312
3	604	decide	6.662724494934082	6.8156890869140625	5.9196295738220215	5.54727029800415
3	605	who	6.327008247375488	3.8861632347106934	3.6761202812194824	3.591623306274414
3	606	should	5.594090938568115	3.260132312774658	3.5145745277404785	3.2384767532348633
3	607	be	0.9604581594467163	1.080108642578125	1.173249363899231	1.2278296947479248
3	608	the	3.5020413398742676	3.6842029094696045	3.429900646209717	1.9244338274002075
3	609	real	7.075287342071533	5.910736560821533	6.289948463439941	5.845841407775879
3	610	king.'	17.622314453125	17.040685653686523	14.936777114868164	15.13040828704834
3	611	Then	3.8814291954040527	4.5134148597717285	4.563661098480225	4.4736809730529785
3	612	the	2.34641170501709	1.8598501682281494	2.1508524417877197	1.9878982305526733
3	613	birds	9.698720932006836	8.287129402160645	8.055363655090332	8.104145050048828
3	614	gathered	8.371467590332031	8.948936462402344	7.298320770263672	6.015459060668945
3	615	together	5.033905982971191	3.518859386444092	2.885143756866455	2.338191270828247
3	616	again	6.922738552093506	5.967182159423828	6.837964057922363	5.404768943786621
3	617	and	2.640291690826416	2.327747344970703	1.957467794418335	1.648374319076538
3	618	decided	8.65185832977295	6.767916202545166	6.396018028259277	3.7506260871887207
3	619	the	3.8128750324249268	4.089078903198242	4.410263538360596	4.3286662101745605
3	620	case	6.59641695022583	5.259563446044922	5.827733039855957	6.2057294845581055
3	621	would	5.436157703399658	5.398093223571777	1.6596951484680176	1.8831945657730103
3	622	be	1.432634949684143	1.1625752449035645	1.0395746231079102	0.9334396123886108
3	623	resolved	8.222463607788086	8.925630569458008	6.206521987915039	4.825588703155518
3	624	by	2.3101325035095215	1.6485698223114014	1.420054316520691	1.3190898895263672
3	625	making	5.904847621917725	5.675755023956299	5.79141902923584	5.433975696563721
3	626	a	2.1762049198150635	1.8989577293395996	1.9268994331359863	1.7307525873184204
3	627	new	4.364058494567871	4.716665267944336	4.357321739196777	3.6614866256713867
3	628	condition,	10.41443920135498	10.220168113708496	11.657398223876953	10.368974685668945
3	629	which	3.4770114421844482	3.0834999084472656	2.984316825866699	3.3390517234802246
3	630	was	3.198791980743408	2.892003297805786	2.7304437160491943	3.071805953979492
3	631	that	5.069153785705566	6.287439346313477	6.054421424865723	4.380374431610107
3	632	he	3.5226593017578125	2.7842676639556885	2.864501476287842	2.0652613639831543
3	633	should	5.463683128356934	4.438393592834473	5.049981117248535	4.142016410827637
3	634	be	0.9604581594467163	1.5575172901153564	1.534527063369751	1.9244849681854248
3	635	king	11.33577823638916	10.953304290771484	9.409724235534668	8.939559936523438
3	636	who	4.075693607330322	5.707676887512207	5.597138404846191	6.239770889282227
3	637	could	4.731531143188477	4.547823429107666	3.520242929458618	3.4438798427581787
3	638	go	4.719666957855225	5.172729015350342	5.772202491760254	5.353488922119141
3	639	the	4.387905597686768	4.311034202575684	4.404367446899414	4.419893741607666
3	640	deepest	9.602019309997559	11.062249183654785	11.544193267822266	9.571602821350098
3	641	into	5.482985496520996	5.835000991821289	3.388004779815674	3.104933261871338
3	642	the	1.2543747425079346	0.8206272721290588	0.7811751365661621	0.7329868674278259
3	643	earth.	9.687150001525879	8.878216743469238	7.4049506187438965	6.378323554992676
3	644	So	4.612743854522705	4.548371315002441	4.4333343505859375	4.486884117126465
3	645	the	3.2727127075195312	2.6832950115203857	2.49418044090271	2.2839713096618652
3	646	little	7.854135513305664	7.391700744628906	7.256237983703613	7.279913902282715
3	647	bird	8.622550964355469	5.8550567626953125	5.743803977966309	4.644214630126953
3	648	who	4.893383026123047	4.4347052574157715	4.002505302429199	4.568420886993408
3	649	the	5.914359092712402	7.036452293395996	7.416026592254639	7.346533298492432
3	650	other	5.477868556976318	5.160249710083008	4.796036720275879	4.371006011962891
3	651	birds	8.492975234985352	9.228007316589355	8.979722023010254	2.2400293350219727
3	652	despised	13.448789596557617	13.207293510437012	12.56176471710205	11.517637252807617
3	653	was	7.397547721862793	7.084377765655518	6.279318332672119	6.239753723144531
3	654	now	5.8148112297058105	5.959659099578857	6.352653503417969	6.440598487854004
3	655	back	6.683677673339844	5.474806785583496	6.943030834197998	7.209195613861084
3	656	to	1.3417104482650757	1.6838781833648682	1.5758236646652222	2.250816822052002
3	657	square	10.35146713256836	6.289609432220459	5.1529741287231445	4.27582311630249
3	658	one.	9.068746566772461	4.692478179931641	1.4878079891204834	1.4584755897521973
3	659	Confident,	15.063478469848633	15.222417831420898	14.851905822753906	15.010540962219238
3	660	he	5.287535667419434	2.620901584625244	2.48172926902771	2.4267964363098145
3	661	remained,	11.907456398010254	11.749706268310547	11.333470344543457	11.9115629196167
3	662	however,	4.56826114654541	4.995009422302246	3.916257381439209	4.9492902755737305
3	663	that	3.163531541824341	2.6823484897613525	5.07528829574585	4.404573917388916
3	664	if	5.513474464416504	4.681962490081787	5.009910583496094	4.619319915771484
3	665	he	3.1128923892974854	3.007197141647339	3.100888252258301	2.7925686836242676
3	666	played	6.164936065673828	6.5481648445129395	6.347290515899658	6.819271087646484
3	667	his	4.60442590713501	3.6459567546844482	3.7185885906219482	3.5821714401245117
3	668	cards	9.372086524963379	4.436401844024658	3.7349319458007812	0.5094966292381287
3	669	right,	12.503805160522461	7.805645942687988	2.387910842895508	2.244563579559326
3	670	he	4.322534561157227	5.650071620941162	3.0592124462127686	2.8307769298553467
3	671	could	4.22681999206543	3.824005603790283	3.6007609367370605	3.1170668601989746
3	672	be	1.478502869606018	2.685020685195923	2.376875877380371	2.679487466812134
3	673	king.	12.899231910705566	12.110753059387207	9.959643363952637	9.692635536193848
3	674	How	6.3497748374938965	5.881629943847656	5.941067695617676	5.913295745849609
3	675	the	3.781341314315796	3.8317081928253174	4.364084243774414	4.3436455726623535
3	676	goose	11.725767135620117	11.094217300415039	10.153371810913086	10.083770751953125
3	677	wallowed	13.72957992553711	16.087677001953125	15.312355995178223	11.91593074798584
3	678	in	0.19275601208209991	0.4300355315208435	0.44213593006134033	0.5761718153953552
3	679	the	1.3865312337875366	1.4870561361312866	1.0334364175796509	1.1166632175445557
3	680	sand,	11.360071182250977	10.186927795410156	6.823079586029053	6.309235572814941
3	681	and	2.057492733001709	1.8855485916137695	1.9477275609970093	2.338047504425049
3	682	the	2.761542558670044	2.5159060955047607	2.2229549884796143	2.329401731491089
3	683	duck	11.725317001342773	12.095928192138672	10.302916526794434	9.655025482177734
3	684	strove	15.012991905212402	16.2148380279541	15.470479965209961	16.816747665405273
3	685	to	0.30105462670326233	0.3321759104728699	0.4349566400051117	0.538936197757721
3	686	dig	8.327037811279297	7.7733588218688965	7.536552429199219	7.844620704650879
3	687	a	4.073518753051758	2.660038948059082	2.847701072692871	2.5783469676971436
3	688	hole	8.565711975097656	2.3597660064697266	1.6570152044296265	2.5428426265716553
3	689	for	3.897048234939575	4.038002967834473	2.973600387573242	2.4993767738342285
3	690	the	1.8875508308410645	1.7729594707489014	1.6066645383834839	2.091790199279785
3	691	new	5.719378471374512	5.191819667816162	4.659959316253662	5.191556930541992
3	692	task!	15.426800727844238	16.848554611206055	15.599150657653809	16.70122718811035
3	693	All	5.221304893493652	5.595974922180176	5.381044387817383	5.353517055511475
3	694	the	2.074333667755127	2.2071731090545654	2.214489459991455	2.134251594543457
3	695	other	5.477868556976318	3.5182487964630127	4.055507183074951	4.173139572143555
3	696	birds	8.492975234985352	9.228007316589355	7.603152275085449	8.56383991241455
3	697	tried	9.132341384887695	9.503791809082031	7.903329849243164	7.615592956542969
3	698	to	0.36249661445617676	0.16391679644584656	0.14158694446086884	0.14447510242462158
3	699	hide	7.521431922912598	4.885081768035889	4.670892715454102	5.865011215209961
3	700	themselves	6.113191604614258	5.734278678894043	6.176617622375488	3.392763614654541
3	701	in	2.4647421836853027	1.5286247730255127	1.8077291250228882	1.8608086109161377
3	702	the	1.3865309953689575	1.2535736560821533	0.9265462160110474	0.9467556476593018
3	703	ground,	8.354452133178711	8.842626571655273	7.96912956237793	8.006601333618164
3	704	too,	8.163853645324707	8.418618202209473	8.426030158996582	8.680865287780762
3	705	until	6.37709903717041	6.292385101318359	6.041539192199707	6.064862251281738
3	706	they	3.1181321144104004	2.828803062438965	2.7851624488830566	2.574145793914795
3	707	were	2.5176022052764893	2.511125087738037	2.468613386154175	2.1822850704193115
3	708	practically	9.31307315826416	9.011651039123535	7.604250431060791	7.481024265289307
3	709	blue	10.237687110900879	9.371614456176758	9.084293365478516	7.645832061767578
3	710	in	4.727261543273926	2.8110604286193848	1.5216262340545654	1.1666886806488037
3	711	the	1.3865309953689575	1.0615912675857544	1.444311499595642	0.7367057800292969
3	712	face.	10.178622245788574	8.144909858703613	7.216728210449219	2.8820409774780273
3	713	The	2.512360095977783	2.2911107540130615	2.381175994873047	2.459231376647949
3	714	nameless	12.297174453735352	11.348634719848633	11.95954418182373	11.942683219909668
3	715	little	5.911952972412109	6.054596900939941	6.214909553527832	6.1007537841796875
3	716	bird	8.622550964355469	5.560606479644775	5.084986686706543	5.043181896209717
3	717	that	4.129806041717529	3.031409978866577	2.1452109813690186	2.916069269180298
3	718	was	4.186563014984131	2.6244287490844727	2.837488889694214	2.671778678894043
3	719	as	6.007297992706299	6.1703338623046875	6.897899627685547	6.371069431304932
3	720	bold	10.22297477722168	7.2177534103393555	6.840482234954834	6.412811756134033
3	721	as	4.144247531890869	0.40212002396583557	0.35730481147766113	0.3721436858177185
3	722	brass	12.837299346923828	8.950329780578613	10.443778991699219	11.113103866577148
3	723	found	8.293975830078125	7.894286632537842	8.5428466796875	8.3648099899292
3	724	a	2.440487861633301	3.6373395919799805	3.7566306591033936	4.152976989746094
3	725	pitch	9.592768669128418	9.417604446411133	9.777864456176758	9.773229598999023
3	726	dark	10.237075805664062	6.929800510406494	7.323936939239502	7.542760372161865
3	727	mouse's	14.871471405029297	16.30693244934082	15.640253067016602	15.024290084838867
3	728	hole,	11.158443450927734	9.615439414978027	10.532843589782715	9.457629203796387
3	729	and	1.9290070533752441	1.779061198234558	1.7583125829696655	1.9214704036712646
3	730	creeping	12.184369087219238	11.121139526367188	11.631590843200684	10.417746543884277
3	731	in	3.336787223815918	3.6154115200042725	3.484787702560425	3.176985263824463
3	732	cried,	17.6380672454834	17.331302642822266	17.390226364135742	16.129072189331055
3	733	'I	5.5783281326293945	5.967872142791748	5.862876892089844	6.1841325759887695
3	734	am	2.6155922412872314	2.0495874881744385	1.9806610345840454	1.6558094024658203
3	735	king,	13.41463851928711	10.401010513305664	8.967190742492676	8.491063117980957
3	736	I	4.381997585296631	2.6952884197235107	1.4624288082122803	1.177999496459961
3	737	am	3.162428379058838	2.9249649047851562	1.5495160818099976	0.40897950530052185
3	738	king!'	18.092411041259766	16.880704879760742	11.041181564331055	5.791445255279541
3	739	but	5.639924049377441	5.24503231048584	5.434995651245117	5.492341041564941
3	740	it	2.854325771331787	3.1043012142181396	3.2234621047973633	3.1964058876037598
3	741	was	2.332796096801758	1.9581379890441895	1.2174484729766846	1.1556833982467651
3	742	of	6.752406597137451	6.658596992492676	6.849299430847168	6.083539009094238
3	743	no	7.557210922241211	3.1687135696411133	2.528858184814453	1.8638882637023926
3	744	avail.	10.503408432006836	5.394502639770508	4.338587760925293	4.51753044128418
3	745	'You,	17.059995651245117	16.13612174987793	15.741107940673828	14.818117141723633
3	746	our	7.008238315582275	6.764205455780029	6.918987274169922	6.9615888595581055
3	747	king?'	18.02737808227539	10.320574760437012	10.018396377563477	9.650918960571289
3	748	all	8.390387535095215	7.848268508911133	7.4076385498046875	8.029871940612793
3	749	the	1.7134159803390503	1.0840799808502197	1.0788962841033936	1.1549052000045776
3	750	remaining	7.417576789855957	6.792769432067871	8.237735748291016	8.605581283569336
3	751	birds	9.895332336425781	9.168506622314453	8.37834358215332	6.978273391723633
3	752	who	4.336067199707031	5.10914421081543	4.984307765960693	4.600411415100098
3	753	the	5.914359092712402	6.999375343322754	7.709808349609375	7.647139072418213
3	754	littlest	13.34096622467041	11.756336212158203	13.19798469543457	15.051909446716309
3	755	bird	7.771908760070801	6.9919657707214355	6.566464900970459	3.7817718982696533
3	756	had	5.183513641357422	5.180235862731934	4.544469833374023	4.2115888595581055
3	757	outwitted	12.495304107666016	10.875859260559082	10.672407150268555	10.608160018920898
3	758	cried	14.705361366271973	16.123519897460938	16.602615356445312	15.567121505737305
3	759	again,	5.734460353851318	8.479085922241211	9.070695877075195	8.918384552001953
3	760	even	5.338436603546143	6.460872173309326	6.851619720458984	6.372644901275635
3	761	more	2.6050314903259277	4.19171142578125	2.235872745513916	2.244678258895874
3	762	angrily	13.04374885559082	11.375606536865234	10.364136695861816	5.438344955444336
3	763	than	6.864719390869141	1.2293740510940552	1.9596993923187256	0.9991525411605835
3	764	before.	8.671287536621094	5.374422073364258	3.765341281890869	3.261422634124756
3	765	'Do	11.942584037780762	12.93528938293457	10.569456100463867	9.692081451416016
3	766	you	0.9989333152770996	0.44484612345695496	0.5765541791915894	0.29171714186668396
3	767	think	4.360227584838867	2.3753604888916016	2.0446412563323975	1.9734071493148804
3	768	we	3.538099765777588	3.7120442390441895	3.0277867317199707	3.1413159370422363
3	769	would	3.9274415969848633	3.875302791595459	3.594153881072998	4.168009281158447
3	770	reward	9.718889236450195	9.390421867370605	9.282450675964355	8.508450508117676
3	771	your	5.203329086303711	5.13846492767334	4.977153778076172	5.64449405670166
3	772	cunning	12.595601081848145	10.90459156036377	8.899957656860352	9.901638984680176
3	773	in	4.22995662689209	4.150218963623047	4.452597618103027	3.2794692516326904
3	774	this	4.036834239959717	4.260879039764404	3.620422840118408	3.4249563217163086
3	775	way?	9.725977897644043	8.879884719848633	7.343188285827637	7.948821544647217
3	776	No,	5.925405979156494	5.81692361831665	5.876564979553223	5.372920036315918
3	777	no!	6.816766262054443	6.510369777679443	6.522477626800537	6.9538774490356445
3	778	You	3.4473378658294678	3.157805919647217	2.9495272636413574	2.9104390144348145
3	779	shall	6.860322952270508	6.1434760093688965	6.883081436157227	6.4248223304748535
3	780	stay	6.92498779296875	7.168118000030518	5.5449018478393555	5.0221333503723145
3	781	in	2.008167266845703	1.4710779190063477	1.5914318561553955	2.036539316177368
3	782	the	1.3865312337875366	1.2179064750671387	1.4033441543579102	1.3329182863235474
3	783	earth	8.289958953857422	9.375840187072754	9.72859001159668	9.074302673339844
3	784	till	8.655681610107422	8.098616600036621	6.912478446960449	4.700345993041992
3	785	you	2.894266366958618	3.9182002544403076	3.783115863800049	3.944479465484619
3	786	die	8.288372039794922	6.4785661697387695	5.318844318389893	5.535853862762451
3	787	of	2.9980969429016113	2.683718681335449	2.382143259048462	2.836130142211914
3	788	hunger!'	21.707366943359375	14.647867202758789	12.88718318939209	11.616802215576172
3	789	So	4.643635272979736	4.574173450469971	4.349245071411133	4.050449371337891
3	790	they	3.9060213565826416	2.74056077003479	2.542102813720703	2.2221567630767822
3	791	shut	8.890789031982422	7.803432464599609	6.847479343414307	7.227479457855225
3	792	up	2.697437286376953	3.6762847900390625	3.4636619091033936	1.9881534576416016
3	793	the	2.3614025115966797	4.259650230407715	3.911445379257202	3.580535650253296
3	794	little	7.854135513305664	7.986454010009766	6.098045349121094	5.8004045486450195
3	795	bird	8.622550964355469	5.8550567626953125	6.195089817047119	6.413963794708252
3	796	in	3.1391375064849854	2.7247321605682373	2.8385190963745117	2.3495121002197266
3	797	the	1.3865309953689575	0.8971347212791443	0.7764644622802734	1.0418187379837036
3	798	mouse's	13.038400650024414	13.74099063873291	13.106271743774414	14.316915512084961
3	799	hole	9.764291763305664	9.869848251342773	9.471634864807129	6.832427978515625
3	800	that	3.624541759490967	4.718816757202148	4.915888786315918	3.8704254627227783
3	801	the	2.3350260257720947	3.213632583618164	3.050900936126709	2.697171688079834
3	802	mouse	9.678388595581055	9.746773719787598	8.828401565551758	2.959202289581299
3	803	gave	10.41585922241211	9.837120056152344	8.474881172180176	9.23701000213623
3	804	up	3.1619277000427246	4.546327590942383	3.6847281455993652	3.344484806060791
3	805	most	7.813596248626709	6.698851108551025	7.077523231506348	6.705470561981201
3	806	unwillingly,	17.52385139465332	15.372151374816895	17.75739288330078	16.788511276245117
3	807	and	2.1700127124786377	2.3951315879821777	1.7553608417510986	1.5088324546813965
3	808	bade	13.84157943725586	11.663190841674805	12.687000274658203	12.001618385314941
3	809	the	2.617094039916992	2.5449442863464355	2.2073910236358643	2.2394473552703857
3	810	owl	11.495237350463867	9.575014114379883	9.465209007263184	9.102739334106445
3	811	watch	9.744527816772461	8.78207778930664	5.942527770996094	5.967483997344971
3	812	him	4.460186958312988	5.158324241638184	4.988005638122559	3.584763765335083
3	813	carefully	9.712403297424316	7.353919506072998	5.818370342254639	5.115912437438965
3	814	night	11.872489929199219	11.04874324798584	9.79280948638916	9.3082275390625
3	815	and	2.958124876022339	2.0951802730560303	1.0790656805038452	0.5538817048072815
3	816	day.	11.225457191467285	6.783143043518066	2.0355231761932373	1.5012084245681763
3	817	Then	5.547772407531738	5.608641624450684	6.050426959991455	6.036551475524902
3	818	all	5.843227386474609	5.149018287658691	5.120413303375244	5.2060136795043945
3	819	the	1.7134159803390503	1.5100057125091553	1.4684432744979858	1.40398108959198
3	820	birds	9.698720932006836	8.265817642211914	6.684084415435791	6.433560371398926
3	821	went	7.24019193649292	6.804804801940918	6.253478050231934	4.098447799682617
3	822	home	4.862095832824707	4.82852029800415	4.798417568206787	4.452094554901123
3	823	to	2.594095468521118	1.403174877166748	1.5599867105484009	1.7953126430511475
3	824	bed,	11.255751609802246	10.732236862182617	6.3629913330078125	7.977681636810303
3	825	for	5.473287105560303	5.590266227722168	4.803142547607422	5.881570816040039
3	826	they	7.819399833679199	4.192938804626465	3.7359790802001953	4.0174665451049805
3	827	were	2.5176022052764893	2.4149184226989746	2.1431403160095215	2.2428526878356934
3	828	very	5.20054817199707	5.238934516906738	4.857339859008789	4.278014183044434
3	829	tired,	9.710140228271484	8.154241561889648	8.04196548461914	7.800358772277832
3	830	but	2.847137212753296	2.180602550506592	2.1869688034057617	2.3786211013793945
3	831	the	2.6123580932617188	3.1017682552337646	3.322063446044922	3.130070209503174
3	832	owl	11.495237350463867	11.52950382232666	10.374404907226562	10.155020713806152
3	833	assigned	10.993502616882324	10.856582641601562	11.00676441192627	11.16470718383789
3	834	by	4.019794464111328	3.2854487895965576	3.4676051139831543	3.9011011123657227
3	835	the	1.5458581447601318	0.8373140692710876	0.9846477508544922	0.7138726711273193
3	836	birds	9.698720932006836	10.781822204589844	12.091486930847168	8.479166984558105
3	837	to	3.427874803543091	3.3599541187286377	2.8069872856140137	1.392561435699463
3	838	stand	7.005566596984863	7.9496049880981445	6.610692977905273	7.763304710388184
3	839	guard	8.545197486877441	5.577966690063477	4.326810836791992	6.216917991638184
3	840	found	7.24395227432251	11.945664405822754	11.775293350219727	12.412309646606445
3	841	his	4.864740371704102	3.769596576690674	4.139268398284912	4.327809810638428
3	842	job	6.057767868041992	6.611415863037109	6.512993335723877	6.036958694458008
3	843	was	3.7890424728393555	3.6862378120422363	2.7743937969207764	2.7907321453094482
3	844	lonely	11.197552680969238	11.236444473266602	11.993549346923828	11.482539176940918
3	845	and	2.679919719696045	0.8292937278747559	0.5474611520767212	0.6701098680496216
3	846	wearisome	16.77511215209961	13.226133346557617	14.999258041381836	12.634851455688477
3	847	because	5.292803764343262	6.181023120880127	6.21253776550293	3.872225046157837
3	848	he	2.916006565093994	3.3282856941223145	3.6240546703338623	3.0887222290039062
3	849	was	2.2246432304382324	1.7766462564468384	2.540656566619873	2.5197036266326904
3	850	just	4.879685401916504	4.782759189605713	4.6068525314331055	4.64084529876709
3	851	sitting	7.073299407958984	5.239452838897705	5.280038833618164	5.320023059844971
3	852	alone	7.103229522705078	6.21262264251709	5.929460525512695	5.625859260559082
3	853	staring	10.16383171081543	7.460092067718506	5.996424198150635	5.996771335601807
3	854	at	0.4530075788497925	0.626842737197876	0.49916744232177734	0.34648680686950684
3	855	the	1.3130742311477661	1.105925440788269	1.0769944190979004	0.5588446855545044
3	856	mouse's	13.038400650024414	12.992677688598633	11.94322395324707	12.016013145446777
3	857	hole.	10.999492645263672	10.690828323364258	9.575967788696289	9.1072998046875
3	858	'I	9.555564880371094	9.58656120300293	9.860057830810547	9.372465133666992
3	859	can	4.192631721496582	3.909451961517334	3.49611234664917	3.45436692237854
3	860	close	8.249359130859375	7.696107387542725	6.9219489097595215	6.141188621520996
3	861	one	6.255805969238281	5.566159248352051	6.026037693023682	5.536422252655029
3	862	eye	8.298238754272461	6.104458332061768	2.6783552169799805	2.1081087589263916
3	863	and	2.3631131649017334	2.2346174716949463	1.4598159790039062	1.183841586112976
3	864	watch	8.215216636657715	6.727511405944824	8.420143127441406	5.76368522644043
3	865	with	4.523099422454834	5.326469421386719	5.278119087219238	5.355764389038086
3	866	the	1.7403578758239746	1.8703351020812988	2.604492425918579	2.22210431098938
3	867	other,'	14.455570220947266	14.32763671875	15.36190414428711	14.667941093444824
3	868	he	2.0103025436401367	2.139394998550415	1.9569587707519531	1.8505585193634033
3	869	thought.	8.738872528076172	7.768210411071777	7.16060209274292	7.119450092315674
3	870	So	4.634761810302734	5.245226860046387	5.55258321762085	5.4515886306762695
3	871	he	4.3020429611206055	3.158196210861206	1.2500520944595337	0.5458499789237976
3	872	closed	9.197075843811035	7.486054420471191	6.928735733032227	6.560122966766357
3	873	one	5.887217998504639	5.433555603027344	5.591174125671387	5.496303081512451
3	874	eye	8.298238754272461	4.868799686431885	1.2090119123458862	1.4456322193145752
3	875	and	2.3631131649017334	2.234617233276367	1.2532055377960205	0.6574652194976807
3	876	stared	11.025468826293945	6.4842071533203125	8.723795890808105	4.889117240905762
3	877	steadfastly	12.975473403930664	8.914436340332031	8.75479793548584	8.176934242248535
3	878	with	6.064027309417725	4.958194732666016	5.274115562438965	5.101008415222168
3	879	the	1.7403578758239746	1.167417049407959	2.3744466304779053	2.752040386199951
3	880	other,	8.375908851623535	8.11746883392334	9.649022102355957	5.575421333312988
3	881	but	2.869431734085083	3.1562554836273193	2.5569522380828857	3.018935441970825
3	882	before	6.886411666870117	7.196347236633301	6.949963569641113	6.896893501281738
3	883	he	3.2231266498565674	2.6361804008483887	2.9185705184936523	2.7026114463806152
3	884	knew	5.56878662109375	5.070670127868652	4.207474708557129	3.9468371868133545
3	885	it	3.2162301540374756	3.296581745147705	2.9311351776123047	1.288195013999939
3	886	he	7.637495040893555	7.442775249481201	7.036229610443115	2.124223232269287
3	887	forgot	8.276764869689941	7.480271816253662	9.229646682739258	7.825510501861572
3	888	to	1.0174511671066284	1.194248080253601	1.3007242679595947	1.158919334411621
3	889	keep	5.115128040313721	5.932332992553711	5.393211841583252	5.1347479820251465
3	890	that	4.693960189819336	4.758455276489258	3.9218273162841797	4.514037609100342
3	891	one	5.777257442474365	5.064192771911621	5.301383018493652	3.7695953845977783
3	892	open,	11.825796127319336	13.521772384643555	7.427109718322754	7.210970878601074
3	893	and	2.098294258117676	1.9587664604187012	2.628690242767334	2.022273540496826
3	894	both	6.917708873748779	6.648858547210693	5.937430381774902	6.363770484924316
3	895	eyes	8.355493545532227	7.758424758911133	6.108757019042969	5.781253814697266
3	896	were	4.213428020477295	3.6807000637054443	2.289693832397461	2.231376886367798
3	897	fast	9.057147979736328	9.492904663085938	10.656309127807617	11.116647720336914
3	898	asleep.	10.298664093017578	4.030847549438477	2.0831310749053955	2.0997567176818848
3	899	Then	4.821944236755371	4.9865522384643555	5.032429218292236	4.892349720001221
3	900	the	2.34641170501709	2.247584581375122	2.199664354324341	1.8690330982208252
3	901	little	7.854135513305664	6.874270439147949	5.797007083892822	5.286710739135742
3	902	bird	8.622550964355469	5.8550567626953125	5.182764053344727	5.141504287719727
3	903	guarded	13.123212814331055	13.16786003112793	12.583793640136719	12.889949798583984
3	904	by	1.8979532718658447	2.05732798576355	2.322455644607544	1.8548074960708618
3	905	the	1.5458581447601318	1.682480812072754	2.942375898361206	2.9109716415405273
3	906	owl	11.495237350463867	12.449055671691895	11.751299858093262	7.108436107635498
3	907	peeped	10.40782356262207	10.038826942443848	13.788980484008789	16.18174171447754
3	908	out,	5.118232250213623	4.323871612548828	4.42910623550415	4.98237943649292
3	909	and	2.254086494445801	1.7477424144744873	1.722983717918396	1.8183799982070923
3	910	when	6.439513206481934	4.807168960571289	4.3653883934021	4.587018966674805
3	911	he	2.398308753967285	2.4585630893707275	2.315195083618164	1.6645047664642334
3	912	saw	5.462665557861328	4.419659614562988	3.992528200149536	3.3590588569641113
3	913	the	2.031229257583618	1.766918420791626	1.3567585945129395	1.4745054244995117
3	914	owl's	13.391777038574219	12.259934425354004	11.942316055297852	11.53152847290039
3	915	two	7.4551682472229	7.031649589538574	7.140109539031982	6.9858784675598145
3	916	eyes	8.414925575256348	3.2867276668548584	2.835122585296631	2.0582804679870605
3	917	tight	9.238061904907227	9.387300491333008	10.532170295715332	11.274258613586426
3	918	shut,	10.674887657165527	4.53866720199585	2.273672103881836	2.231945276260376
3	919	he	4.308235168457031	4.31152868270874	3.9131078720092773	4.0115156173706055
3	920	slipped	8.629743576049805	7.280947685241699	6.165051460266113	6.744662284851074
3	921	from	3.435962200164795	3.5637388229370117	4.396488189697266	4.5371503829956055
3	922	the	1.3965858221054077	1.3904218673706055	1.0321428775787354	0.836087703704834
3	923	hole	9.290572166442871	8.933856010437012	8.435065269470215	7.844274044036865
3	924	and	3.089914083480835	2.5523204803466797	2.5069451332092285	1.7518973350524902
3	925	flew	10.447193145751953	8.640073776245117	8.588960647583008	7.443149566650391
3	926	away.	6.1479949951171875	4.405101776123047	3.328122854232788	3.503787040710449
3	927	He	3.3985817432403564	2.9072673320770264	2.767890453338623	2.7740023136138916
3	928	wanted	5.541100025177002	5.133686542510986	5.13576078414917	5.348929405212402
3	929	to	0.35490214824676514	0.49003010988235474	0.44450655579566956	0.3100411891937256
3	930	shout,	13.209526062011719	11.224453926086426	10.682318687438965	9.312555313110352
3	931	'I	6.322351455688477	5.265153408050537	5.006012439727783	4.869406223297119
3	932	am	2.6155922412872314	2.1514031887054443	1.9870680570602417	2.0569725036621094
3	933	king'	18.109527587890625	10.25248908996582	10.766843795776367	10.228175163269043
3	934	so	6.390765190124512	5.497152328491211	6.387134552001953	5.16215181350708
3	935	that	2.8531723022460938	1.701087474822998	1.9623454809188843	1.8989444971084595
3	936	the	2.3350260257720947	1.8480939865112305	1.9964311122894287	2.381418228149414
3	937	owl	11.495237350463867	11.21445083618164	10.69029712677002	10.204264640808105
3	938	could	5.802927017211914	5.618321418762207	3.9200868606567383	2.497964859008789
3	939	hear	6.340014457702637	4.166505813598633	3.4700446128845215	3.797004222869873
3	940	him	4.546494483947754	3.224029779434204	3.240828037261963	3.2312369346618652
3	941	as	3.540440320968628	4.630437850952148	4.597829818725586	3.724144458770752
3	942	he	3.7657039165496826	2.8334622383117676	2.1018025875091553	0.7764530181884766
3	943	flew,	12.561137199401855	10.670916557312012	10.173205375671387	10.699703216552734
3	944	but	2.705692768096924	2.9397213459014893	3.07376766204834	2.8990845680236816
3	945	thought	8.478723526000977	8.308834075927734	7.455748558044434	7.35998010635376
3	946	better	8.638101577758789	5.329136848449707	4.692821502685547	4.42533016204834
3	947	of	4.647991180419922	0.29177126288414	0.12710040807724	0.020909877493977547
3	948	it.	7.074367046356201	5.2574782371521	2.8734734058380127	1.2275022268295288
3	949	From	6.535453796386719	6.440358638763428	6.455505847930908	6.788031101226807
3	950	this	3.897531509399414	3.5067641735076904	3.5116333961486816	3.796841621398926
3	951	time	4.550768852233887	3.967482566833496	3.948477029800415	4.05657434463501
3	952	on,	9.641911506652832	10.458548545837402	1.5780199766159058	1.426771640777588
3	953	the	3.0936543941497803	2.85996150970459	2.9941225051879883	1.5027999877929688
3	954	owl	11.495237350463867	11.127016067504883	10.964241981506348	11.158000946044922
3	955	fooled	12.665875434875488	12.775477409362793	12.42147445678711	12.20661735534668
3	956	by	3.1712138652801514	4.660439491271973	3.6908466815948486	5.856991291046143
3	957	the	1.5458581447601318	1.0847549438476562	1.3473155498504639	0.877825915813446
3	958	little	7.854135513305664	8.482380867004395	7.284553527832031	6.3725714683532715
3	959	bird	8.622550964355469	5.8550567626953125	5.7518768310546875	6.210290908813477
3	960	has	4.476343154907227	4.449846267700195	4.196537971496582	6.105401992797852
3	961	not	3.9258337020874023	4.2568583488464355	5.120643615722656	4.2996110916137695
3	962	dared	12.534509658813477	9.600105285644531	9.625116348266602	7.425531387329102
3	963	to	0.8210397362709045	0.5558830499649048	0.47326529026031494	0.3713398575782776
3	964	show	6.012395858764648	5.008024215698242	4.469210624694824	4.775803565979004
3	965	himself	6.475765705108643	6.98660135269165	4.6591668128967285	4.430169105529785
3	966	by	4.657617568969727	5.58081579208374	4.989716529846191	4.249261379241943
3	967	day	9.158950805664062	7.7128705978393555	7.482972145080566	7.554845809936523
3	968	for	3.512296676635742	4.372973442077637	4.305149078369141	4.5546875
3	969	fear	8.594999313354492	7.691070079803467	6.245373249053955	5.220102787017822
3	970	the	3.3752589225769043	3.9983103275299072	4.306074142456055	4.246647834777832
3	971	birds	9.698720932006836	8.51115894317627	7.984625816345215	7.491122245788574
3	972	should	5.988270282745361	6.395236015319824	7.186495304107666	7.36964225769043
3	973	beat	8.65340518951416	8.86368179321289	8.931732177734375	8.948835372924805
3	974	the	2.0049543380737305	1.7705259323120117	1.5848010778427124	1.5016852617263794
3	975	living	8.654557228088379	5.863801002502441	5.582812786102295	4.566423416137695
3	976	daylights	11.576769828796387	5.451672554016113	0.8443136811256409	0.9076697826385498
3	977	out	1.5850927829742432	0.26008665561676025	0.06448467075824738	0.019305046647787094
3	978	of	1.2769882678985596	0.7229081392288208	0.5836471319198608	0.023444384336471558
3	979	him.	8.337774276733398	7.423059463500977	4.599902153015137	4.592333793640137
3	980	He	2.3884851932525635	2.290908098220825	2.202039957046509	2.056044816970825
3	981	flies	9.653563499450684	9.261938095092773	9.202377319335938	8.868057250976562
3	982	about	6.068183898925781	5.642629623413086	6.037474632263184	5.319231033325195
3	983	only	8.077749252319336	7.312091827392578	7.65756893157959	8.143216133117676
3	984	at	5.929828643798828	6.62258768081665	3.908374786376953	3.3294384479522705
3	985	nighttime,	11.912579536437988	9.266160011291504	9.207389831542969	7.263334274291992
3	986	hating	12.710705757141113	13.223981857299805	14.655940055847168	13.576940536499023
3	987	and	3.8448991775512695	4.286272048950195	4.144757270812988	4.060210227966309
3	988	pursuing	10.81661605834961	8.187359809875488	8.720930099487305	8.768321990966797
3	989	not	8.73298168182373	8.07457160949707	7.716991424560547	7.349230766296387
3	990	the	3.5822699069976807	4.496322154998779	2.6651318073272705	2.4422082901000977
3	991	bird,	11.814489364624023	12.173975944519043	12.573675155639648	11.439689636230469
3	992	but	3.3213891983032227	2.754767894744873	1.1840853691101074	0.11347635835409164
3	993	the	2.6123580932617188	2.458624839782715	2.2616493701934814	0.78633713722229
3	994	mouse	9.678388595581055	9.816582679748535	7.930642127990723	8.36225414276123
3	995	for	5.209850788116455	4.682857990264893	6.256810665130615	7.135272979736328
3	996	having	7.068906307220459	7.591794967651367	8.280165672302246	7.551435470581055
3	997	made	5.471043586730957	4.501377105712891	5.919813632965088	4.831076622009277
3	998	the	2.619741201400757	2.3017191886901855	1.7953768968582153	1.9203071594238281
3	999	hole	9.290572166442871	8.7534761428833	9.040519714355469	9.609519004821777
3	1000	into	4.747194290161133	5.043374061584473	4.474628925323486	4.392969131469727
3	1001	which	6.072350025177002	2.8816781044006348	1.5068340301513672	1.3409454822540283
3	1002	the	3.181311845779419	1.5826849937438965	1.6037148237228394	1.2092036008834839
3	1003	little	7.854135513305664	8.242834091186523	7.628121376037598	7.078577995300293
3	1004	bird	8.622550964355469	5.8550567626953125	4.847252368927002	4.801962852478027
3	1005	crept.	17.654870986938477	17.10675811767578	15.635862350463867	12.549314498901367
3	1006	And	3.7367022037506104	3.5672237873077393	3.1343555450439453	3.2387001514434814
3	1007	the	2.742213010787964	2.506995677947998	2.2634456157684326	2.4033336639404297
3	1008	little	7.854135513305664	6.908856391906738	6.006045341491699	4.201388359069824
3	1009	bird	8.622550964355469	5.8550567626953125	5.634615421295166	4.862890720367432
3	1010	also	7.054405212402344	7.431583404541016	6.729916572570801	6.768487930297852
3	1011	keeps	8.091650009155273	6.4852776527404785	6.6177978515625	6.2884674072265625
3	1012	out	4.541650772094727	6.011654853820801	5.638646602630615	5.913311004638672
3	1013	of	1.2769882678985596	2.5120084285736084	3.0621232986450195	4.122699737548828
3	1014	sight,	10.908805847167969	6.681367874145508	4.298649787902832	4.100339889526367
3	1015	for	5.114464282989502	5.014931678771973	5.3102827072143555	5.523805618286133
3	1016	he	7.6623945236206055	2.789443254470825	3.1495707035064697	3.0472798347473145
3	1017	fears	9.379622459411621	7.9556708335876465	8.14205265045166	7.775129318237305
3	1018	that	1.563856601715088	1.7189044952392578	1.4296234846115112	1.4786607027053833
3	1019	the	2.3350260257720947	1.6153814792633057	1.5690891742706299	1.699446201324463
3	1020	other	5.477868556976318	5.807608127593994	6.2115888595581055	6.39350700378418
3	1021	birds	8.492975234985352	9.228007316589355	8.587467193603516	9.461809158325195
3	1022	should	5.988270282745361	6.5804901123046875	6.837008953094482	5.698582172393799
3	1023	punish	10.140057563781738	10.466586112976074	11.043225288391113	10.156900405883789
3	1024	him	3.537846565246582	3.227198600769043	3.1687488555908203	3.0459251403808594
3	1025	for	3.798222064971924	1.1481351852416992	0.8924336433410645	0.948915958404541
3	1026	his	4.470501899719238	2.759882688522339	1.7040627002716064	1.5507081747055054
3	1027	cunning.	14.08340072631836	13.312253952026367	11.694303512573242	11.910651206970215
3	1028	The	2.655398368835449	2.7757225036621094	2.6569418907165527	2.7087671756744385
3	1029	rejection	10.868566513061523	10.575793266296387	11.035989761352539	10.977605819702148
3	1030	by	4.2317047119140625	3.854076862335205	3.7209391593933105	3.4841549396514893
3	1031	the	1.5458581447601318	1.1681514978408813	1.0065991878509521	1.0662574768066406
3	1032	other	5.477868556976318	6.074193954467773	5.17119026184082	5.422459602355957
3	1033	birds	8.492975234985352	9.228007316589355	9.792877197265625	10.350481033325195
3	1034	was	5.461553573608398	5.664921760559082	5.370955467224121	5.172410011291504
3	1035	a	2.5677971839904785	3.0742478370666504	2.6961565017700195	2.278012275695801
3	1036	bitter	9.131473541259766	8.627187728881836	9.335539817810059	9.08322811126709
3	1037	pill	8.692822456359863	2.9218387603759766	1.1939164400100708	1.333565592765808
3	1038	to	3.7706594467163086	0.712344229221344	0.35937508940696716	0.29393818974494934
3	1039	swallow	9.94579792022705	7.152207374572754	1.1731128692626953	1.1603567600250244
3	1040	for	5.434844017028809	5.361185550689697	2.476536273956299	1.1582292318344116
3	1041	the	1.8875508308410645	2.4143567085266113	2.0302672386169434	1.825347900390625
3	1042	nameless	12.683576583862305	12.779781341552734	11.936558723449707	12.209686279296875
3	1043	bird	8.290830612182617	7.90686559677124	8.279111862182617	7.213565826416016
3	1044	the	6.636866569519043	6.190885543823242	6.01837158203125	5.824441432952881
3	1045	owl	11.495237350463867	7.067499160766602	6.679263114929199	6.6148576736450195
3	1046	had	4.80448579788208	4.484958648681641	4.860156536102295	3.590564727783203
3	1047	let	8.454085350036621	6.251472473144531	6.6966962814331055	6.716517448425293
3	1048	slip	8.617738723754883	4.921161651611328	5.077495574951172	5.0080108642578125
3	1049	away.	5.756655693054199	4.49252986907959	7.488677978515625	7.615891933441162
3	1050	He	3.3985817432403564	3.5111498832702637	3.4965944290161133	2.8177969455718994
3	1051	hides	10.440584182739258	9.387711524963379	8.65928840637207	9.005496978759766
3	1052	in	2.7032814025878906	2.309819459915161	1.7443479299545288	1.6835540533065796
3	1053	the	1.3865309953689575	0.8221390843391418	0.7114611268043518	0.6594988107681274
3	1054	hedges,	14.760156631469727	14.566878318786621	10.970306396484375	11.278261184692383
3	1055	and	1.9189026355743408	1.8531932830810547	1.835679292678833	1.8567416667938232
3	1056	when	6.439513206481934	5.9322509765625	4.69960880279541	4.531955242156982
3	1057	he	2.398308753967285	2.4585630893707275	2.4191834926605225	2.0759966373443604
3	1058	thinks	5.741493225097656	6.25269889831543	6.236631393432617	6.046014785766602
3	1059	himself	7.562464237213135	8.015432357788086	6.681778907775879	6.64046049118042
3	1060	quite	7.476681232452393	6.807234287261963	6.410433769226074	6.2417192459106445
3	1061	safe,	9.373652458190918	8.83652114868164	6.273241996765137	5.980916976928711
3	1062	he	4.99055290222168	4.600048542022705	3.442667245864868	3.388786554336548
3	1063	sings	9.437911033630371	10.669240951538086	11.28448486328125	10.777971267700195
3	1064	out,	7.269491672515869	7.727227210998535	6.98822021484375	6.777901649475098
3	1065	'I	8.464385986328125	6.184187889099121	5.4415283203125	6.194767951965332
3	1066	am	2.6155922412872314	2.8545432090759277	2.037543773651123	2.4236559867858887
3	1067	king,	13.41463851928711	10.401010513305664	9.88473129272461	8.855247497558594
3	1068	I	4.381997585296631	2.6952884197235107	1.462429165840149	1.068190574645996
3	1069	am	3.162428379058838	2.9249649047851562	1.5495160818099976	0.40897950530052185
3	1070	king!'	18.092411041259766	16.880704879760742	11.041181564331055	5.791445255279541
3	1071	And	3.1459243297576904	2.7719056606292725	2.5407087802886963	2.3351917266845703
3	1072	the	2.742213010787964	2.175626277923584	2.3253908157348633	2.2761027812957764
3	1073	other	5.477868556976318	4.200348854064941	3.6138710975646973	3.8701298236846924
3	1074	birds	8.492975234985352	9.228007316589355	9.35210132598877	9.338826179504395
3	1075	in	2.7718515396118164	2.587393283843994	2.0859014987945557	3.0227267742156982
3	1076	mockery	13.2642240524292	13.307855606079102	14.27037239074707	15.02763843536377
3	1077	call	9.929901123046875	11.234718322753906	10.164695739746094	10.754680633544922
3	1078	out,	7.56223201751709	5.789804458618164	7.658452987670898	5.309262275695801
3	1079	'Yes,	11.526968955993652	8.617314338684082	10.989786148071289	10.123493194580078
3	1080	yes,	4.239930152893066	3.7557411193847656	3.2881641387939453	3.5689170360565186
3	1081	the	2.986642599105835	4.6649909019470215	4.384425640106201	4.539585590362549
3	1082	hedge-king,	29.57187271118164	30.08049964904785	28.86871910095215	28.809371948242188
3	1083	the	2.9550323486328125	2.8068323135375977	1.9086494445800781	1.3448482751846313
3	1084	hedge-king!'	38.77781295776367	18.814802169799805	16.835058212280273	15.152251243591309
4	0	At	5.6385321617126465	5.6385321617126465	5.6385321617126465	5.6385321617126465
4	1	ten	9.250432014465332	9.250432014465332	9.250432014465332	9.250432014465332
4	2	years	1.6506530046463013	2.1303648948669434	2.1303646564483643	2.1303648948669434
4	3	old,	4.250567436218262	4.924815654754639	0.8274306058883667	0.8274301290512085
4	4	I	4.08064079284668	3.6922800540924072	2.911067008972168	2.590683937072754
4	5	could	4.143321990966797	4.347862243652344	4.554032325744629	4.299734115600586
4	6	not	2.7619237899780273	2.6118323802948	2.465240955352783	2.0118017196655273
4	7	figure	9.52408504486084	6.3661651611328125	5.551450729370117	5.410416126251221
4	8	out	0.9850760698318481	1.215829610824585	0.15285120904445648	0.18129591643810272
4	9	what	5.027517318725586	1.65468430519104	1.993164300918579	1.8746330738067627
4	10	it	3.174875259399414	3.204089641571045	3.0396130084991455	2.887742757797241
4	11	was	2.332796096801758	2.4480865001678467	2.020627498626709	2.3322274684906006
4	12	that	5.069153785705566	5.086362361907959	2.7424964904785156	1.9640768766403198
4	13	this	4.618095874786377	4.393250942230225	4.742430686950684	5.781309127807617
4	14	Elvis	14.942853927612305	14.468988418579102	13.871369361877441	13.306249618530273
4	15	Presley	5.2226362228393555	2.5366735458374023	2.3915352821350098	2.813338279724121
4	16	guy	10.686349868774414	11.511451721191406	8.765995979309082	6.487813949584961
4	17	had	4.898164749145508	4.189728736877441	4.467983245849609	4.557557582855225
4	18	that	5.839219093322754	5.203298568725586	4.584716320037842	4.612929344177246
4	19	the	2.3350260257720947	5.182559490203857	6.261585235595703	6.6849870681762695
4	20	rest	6.293513774871826	6.7439351081848145	6.131124019622803	4.183788776397705
4	21	of	0.29155007004737854	0.09636098146438599	0.09323091804981232	0.10776656866073608
4	22	us	6.506108283996582	3.5093777179718018	3.610659122467041	2.54229736328125
4	23	boys	11.682904243469238	9.781208992004395	10.421636581420898	10.422027587890625
4	24	did	6.082515716552734	6.204480171203613	5.131809234619141	5.523528575897217
4	25	not	0.9057575464248657	0.774019181728363	1.4578189849853516	1.3032960891723633
4	26	have.	9.873138427734375	7.736293315887451	7.766566753387451	5.6032843589782715
4	27	He	4.054866790771484	3.701148748397827	3.014594078063965	3.670917272567749
4	28	seemed	6.500309944152832	6.172608852386475	6.156246185302734	6.037687301635742
4	29	to	0.8801509141921997	0.8230679035186768	0.7850196361541748	0.7231953740119934
4	30	be	2.8581483364105225	1.4114744663238525	1.1818653345108032	1.229306936264038
4	31	no	5.57667350769043	6.634437561035156	5.721135139465332	6.967954158782959
4	32	different	6.539748668670654	6.33141565322876	4.823604583740234	4.973761558532715
4	33	from	3.9220426082611084	1.11911141872406	1.9760161638259888	1.577152132987976
4	34	the	1.3965858221054077	1.1943784952163696	1.409669280052185	1.3744674921035767
4	35	rest	6.293513774871826	6.22454309463501	3.7530884742736816	4.34670352935791
4	36	of	0.2915501594543457	0.09636098146438599	0.025107719004154205	0.08265239000320435
4	37	us.	8.943612098693848	4.757377624511719	4.259815216064453	4.652263641357422
4	38	He	4.389822483062744	4.267272472381592	4.5496320724487305	4.166574478149414
4	39	was	2.128767728805542	2.383413314819336	2.218374252319336	2.498706817626953
4	40	simply	6.6881866455078125	7.020362377166748	6.760220527648926	6.646649360656738
4	41	a	3.1081275939941406	1.6640262603759766	2.113675355911255	1.976375937461853
4	42	man	5.674571990966797	6.3799567222595215	5.693620204925537	3.2588768005371094
4	43	who	2.07041597366333	1.6037473678588867	1.615190029144287	1.4458470344543457
4	44	had	3.2151079177856445	2.8993515968322754	2.668299674987793	2.937892198562622
4	45	a	2.359611988067627	3.272860527038574	2.960768938064575	2.9491472244262695
4	46	head,	10.811589241027832	12.371561050415039	12.474678039550781	12.121747970581055
4	47	two	6.803136825561523	6.108981609344482	4.467706203460693	4.237876892089844
4	48	arms	8.419671058654785	4.570248603820801	2.9211695194244385	2.1107125282287598
4	49	and	1.742775321006775	2.3424723148345947	0.5374832153320312	0.325234055519104
4	50	two	6.570510387420654	6.373388290405273	2.489901065826416	1.6202049255371094
4	51	legs.	9.416955947875977	8.705403327941895	5.3574323654174805	1.535164475440979
4	52	It	3.4078421592712402	3.234105348587036	2.8430726528167725	2.665660858154297
4	53	must	5.523605823516846	5.346642017364502	5.507780075073242	5.847163200378418
4	54	have	2.8017759323120117	2.494243860244751	1.713800072669983	1.759791612625122
4	55	been	1.9701929092407227	1.5067583322525024	0.48204678297042847	0.39046815037727356
4	56	something	7.51451301574707	7.999423503875732	4.8016252517700195	3.8939871788024902
4	57	pretty	7.0151543617248535	7.034023284912109	7.236087322235107	6.3192830085754395
4	58	superlative	15.588175773620605	15.746191024780273	16.051132202148438	15.772727966308594
4	59	that	4.564034461975098	4.381261825561523	4.031702518463135	2.6794018745422363
4	60	he	3.5226593017578125	3.5967562198638916	3.5244293212890625	3.7108314037323
4	61	had	3.0486414432525635	2.3486766815185547	2.8544507026672363	3.395876407623291
4	62	hidden	9.360784530639648	8.1278657913208	7.8728346824646	9.102060317993164
4	63	away,	8.63104248046875	6.6030659675598145	6.683754920959473	7.458327293395996
4	64	because	4.826862335205078	5.553256034851074	5.445539474487305	5.516542434692383
4	65	he	2.916006565093994	2.891460418701172	3.230029582977295	2.2050228118896484
4	66	had	3.0486414432525635	2.71940541267395	2.698643445968628	2.8447327613830566
4	67	every	7.561120986938477	7.196398735046387	7.461623668670654	7.155060768127441
4	68	young	8.3331937789917	10.172471046447754	12.122697830200195	11.244345664978027
4	69	girl	4.232380390167236	3.0750555992126465	3.2578909397125244	3.8159236907958984
4	70	at	4.192317962646484	4.222135543823242	4.635623931884766	3.709541082382202
4	71	the	1.3130742311477661	0.9900273084640503	1.0735293626785278	1.3455520868301392
4	72	orphanage	11.669798851013184	10.75349235534668	7.343666076660156	6.286227226257324
4	73	wrapped	11.245295524597168	10.779136657714844	11.0946044921875	10.774868965148926
4	74	around	2.707793712615967	1.989219069480896	2.499732494354248	3.434370994567871
4	75	his	4.527148246765137	2.4530818462371826	2.364469528198242	2.609666585922241
4	76	little	7.075126647949219	6.991202354431152	5.799705982208252	4.436636924743652
4	77	finger.	10.49088191986084	6.823328495025635	4.5554656982421875	2.108717918395996
4	78	At	5.281797409057617	5.301166534423828	5.4597697257995605	5.441796779632568
4	79	about	6.717922210693359	5.302806854248047	5.369822978973389	5.601139068603516
4	80	nine	7.857817649841309	6.509444713592529	6.097908020019531	5.8649115562438965
4	81	o'clock	9.117609024047852	6.421743869781494	0.8823728561401367	1.097437858581543
4	82	on	2.5572171211242676	2.540853977203369	1.999645709991455	2.7144336700439453
4	83	Saturday	6.011651992797852	3.7149853706359863	3.2985682487487793	3.2190020084381104
4	84	morning,	4.068871974945068	4.241646766662598	2.5336966514587402	2.458005905151367
4	85	I	3.427851915359497	4.252251148223877	4.958401203155518	3.451779365539551
4	86	figured	6.943399429321289	6.860897064208984	6.960315704345703	6.778355598449707
4	87	a	5.194687366485596	4.496811389923096	4.537621974945068	4.541729927062988
4	88	good	4.666816234588623	4.391662120819092	3.6102170944213867	3.2745678424835205
4	89	solution	7.680567741394043	6.704648494720459	4.83195686340332	4.927167892456055
4	90	was	3.7346224784851074	4.423440933227539	5.194481372833252	1.751734972000122
4	91	to	4.499977111816406	1.7969568967819214	0.8369123935699463	1.2994859218597412
4	92	ask	6.49022102355957	6.054466247558594	5.573613166809082	5.486515522003174
4	93	Eugene	12.414518356323242	10.91650390625	10.40628433227539	10.092155456542969
4	94	Correthers,	31.603527069091797	29.074275970458984	28.607154846191406	28.73009490966797
4	95	who	3.195462703704834	2.6407225131988525	2.541029214859009	2.3639159202575684
4	96	was	3.0690267086029053	2.511672258377075	2.0076141357421875	2.2831499576568604
4	97	one	4.929083347320557	4.82382869720459	4.251375198364258	4.118974685668945
4	98	of	1.2437083721160889	0.2524586617946625	0.031008562073111534	0.018910164013504982
4	99	the	1.4618616104125977	0.5239232182502747	0.505159318447113	0.37685427069664
4	100	older	8.723797798156738	8.809097290039062	7.633871555328369	8.134201049804688
4	101	and	3.236684799194336	4.053587913513184	4.0575714111328125	3.6604740619659424
4	102	smarter	11.730833053588867	7.629413604736328	6.273426055908203	6.762983322143555
4	103	boys,	10.95268440246582	11.797840118408203	10.516440391540527	8.63582706451416
4	104	what	6.663853645324707	5.9917426109313965	6.611916542053223	6.849240303039551
4	105	it	3.174875259399414	4.5799102783203125	4.355496883392334	4.408600807189941
4	106	was	2.332796096801758	2.4480865001678467	2.4922754764556885	3.000396251678467
4	107	that	5.069153785705566	5.086362361907959	2.7424964904785156	2.703902244567871
4	108	made	6.875465393066406	8.687583923339844	7.64335823059082	2.634523391723633
4	109	this	4.474471569061279	3.712953805923462	5.487933158874512	3.977109670639038
4	110	Elvis	14.942853927612305	13.991044998168945	13.891355514526367	13.628738403320312
4	111	guy	10.623001098632812	6.923847675323486	7.396811485290527	6.890872955322266
4	112	so	5.395267486572266	6.383090019226074	6.1463212966918945	4.24953556060791
4	113	special.	10.83228874206543	9.560615539550781	9.951973915100098	9.845487594604492
4	114	He	4.207737922668457	3.7099385261535645	2.413970470428467	2.4337544441223145
4	115	told	4.494409561157227	4.808524131774902	4.690790176391602	5.512862205505371
4	116	me	2.126063585281372	1.7217700481414795	1.1942051649093628	0.6991710066795349
4	117	that	3.4135022163391113	1.3191256523132324	1.1460857391357422	1.1520721912384033
4	118	it	3.5452072620391846	3.130314350128174	3.2621452808380127	3.4914684295654297
4	119	was	2.332796096801758	1.8338143825531006	1.0716325044631958	0.8299770355224609
4	120	not	3.4648635387420654	3.4057459831237793	2.9384899139404297	3.143852949142456
4	121	anything	7.552799224853516	7.936268329620361	7.489980697631836	7.917402744293213
4	122	about	3.1120829582214355	3.830198287963867	4.253282070159912	4.710657119750977
4	123	Elvis's	14.171091079711914	14.126514434814453	14.299362182617188	13.596336364746094
4	124	personality,	9.561235427856445	7.562835693359375	6.480630874633789	5.729629993438721
4	125	but	3.2887489795684814	2.5439162254333496	2.1508560180664062	1.9587944746017456
4	126	his	5.510568618774414	4.140913963317871	3.2398197650909424	3.0749592781066895
4	127	wavy	12.545759201049805	12.563029289245605	12.761368751525879	12.244355201721191
4	128	hair,	3.9148941040039062	2.4225471019744873	3.0575997829437256	2.2236385345458984
4	129	and	1.7758673429489136	1.9773756265640259	2.044192314147949	3.2268643379211426
4	130	the	2.761542558670044	2.75180983543396	2.9411346912384033	2.625608205795288
4	131	way	5.775808811187744	5.900918006896973	4.839511871337891	4.677026748657227
4	132	he	4.779673099517822	3.3382556438446045	2.645885944366455	1.7317792177200317
4	133	moved	6.633582592010498	6.9086222648620605	6.440662384033203	6.175172805786133
4	134	his	4.862078666687012	3.3211615085601807	2.481078863143921	2.1926465034484863
4	135	body.	7.338717460632324	6.483816623687744	6.559884071350098	4.28216552734375
4	136	About	7.909824848175049	8.123968124389648	8.142465591430664	8.189966201782227
4	137	a	4.120990753173828	2.316051959991455	2.0456290245056152	2.023451089859009
4	138	half	7.545740127563477	4.450533390045166	3.671323776245117	3.3296332359313965
4	139	an	5.023442268371582	4.787167072296143	3.232443332672119	2.5079219341278076
4	140	hour	5.257490634918213	0.509158194065094	0.4847031831741333	0.14416994154453278
4	141	later,	5.519280433654785	3.809232711791992	3.4533324241638184	3.538438081741333
4	142	the	2.283111810684204	1.9534977674484253	2.1900880336761475	2.0828099250793457
4	143	boys	8.794568061828613	7.763049125671387	6.941381454467773	6.698541164398193
4	144	in	2.4480271339416504	2.7637062072753906	4.4441237449646	4.532805919647217
4	145	the	1.3865309953689575	1.3222119808197021	0.9816267490386963	0.7763562202453613
4	146	orphanage	11.669798851013184	12.141263961791992	9.059012413024902	8.315752029418945
4	147	called	6.004037857055664	6.463644981384277	6.545549392700195	6.3898701667785645
4	148	down	7.968866348266602	10.942351341247559	9.378623962402344	9.70142936706543
4	149	to	2.1468281745910645	0.9807640314102173	1.500514268875122	2.0753140449523926
4	150	the	2.329280376434326	1.3973034620285034	1.0928553342819214	1.6017543077468872
4	151	main	6.30784797668457	6.155473709106445	6.028641700744629	5.450467586517334
4	152	dining	10.469732284545898	7.9950971603393555	7.140028953552246	6.349332332611084
4	153	room	0.9065548181533813	0.8986676931381226	1.1086931228637695	1.3410756587982178
4	154	by	5.141757011413574	5.243738174438477	5.411340713500977	5.384053707122803
4	155	the	1.5458581447601318	1.3816570043563843	0.9259333610534668	0.7466777563095093
4	156	matron	14.263276100158691	13.063361167907715	11.806726455688477	11.892162322998047
4	157	were	6.255702018737793	5.928997039794922	6.732994079589844	6.970455646514893
4	158	told	6.180002212524414	5.813813209533691	6.0213165283203125	6.532212257385254
4	159	that	4.076746940612793	1.363901972770691	1.5889877080917358	1.412400722503662
4	160	they	3.509007453918457	3.0815398693084717	2.3244709968566895	1.921385407447815
4	161	were	2.5176022052764893	2.4240164756774902	1.698630928993225	1.6636855602264404
4	162	all	5.022804260253906	4.213217735290527	4.3196258544921875	4.494617462158203
4	163	going	7.912294387817383	4.955128192901611	4.356754779815674	3.697418212890625
4	164	to	0.4396929442882538	0.6690573692321777	0.5649086833000183	0.2756437063217163
4	165	downtown	10.743863105773926	11.92245101928711	11.514985084533691	11.150348663330078
4	166	Jacksonville,	10.318070411682129	7.725508689880371	8.588010787963867	8.978456497192383
4	167	Florida	3.013505220413208	2.6936402320861816	3.551983594894409	3.9061408042907715
4	168	to	4.313416481018066	3.272798776626587	3.3368613719940186	2.4576590061187744
4	169	get	4.038730621337891	4.266824722290039	4.433313369750977	4.366353511810303
4	170	a	2.3558859825134277	2.326951742172241	1.9349949359893799	2.0638914108276367
4	171	new	4.364058494567871	3.9036052227020264	3.9835047721862793	3.781312942504883
4	172	pair	8.403151512145996	7.110774040222168	5.328291416168213	5.035931587219238
4	173	of	0.40307578444480896	0.19336040318012238	0.08895208686590195	0.26290977001190186
4	174	Buster	13.315688133239746	12.3783597946167	12.549957275390625	12.952155113220215
4	175	Brown	6.588747024536133	4.27601432800293	3.476980686187744	3.0997414588928223
4	176	shoes	10.368613243103027	11.867490768432617	11.652099609375	3.9908151626586914
4	177	and	1.6675605773925781	1.865636944770813	1.9837019443511963	1.8059117794036865
4	178	a	3.965337038040161	3.227327823638916	1.9383869171142578	2.0728671550750732
4	179	haircut.	12.188753128051758	11.553291320800781	8.333381652832031	9.720009803771973
4	180	That	4.831584930419922	4.840536117553711	4.969494342803955	5.1026997566223145
4	181	is	2.094900131225586	2.380642890930176	2.2706563472747803	2.4966816902160645
4	182	when	7.12209415435791	4.797734260559082	4.3290205001831055	4.049697399139404
4	183	I	2.689558506011963	2.630990743637085	1.9273276329040527	1.4852397441864014
4	184	got	4.442290782928467	3.5987277030944824	3.496922254562378	3.6923906803131104
4	185	this	5.24510383605957	3.9969820976257324	4.5943145751953125	4.270817756652832
4	186	big	7.427828788757324	5.617480278015137	6.108452796936035	6.591413497924805
4	187	idea,	7.041792869567871	8.048075675964355	7.044208526611328	8.387520790100098
4	188	which	3.1698756217956543	4.081065654754639	3.544367790222168	3.782789707183838
4	189	hit	8.668133735656738	9.089548110961914	8.947566986083984	8.936164855957031
4	190	me	4.489984512329102	4.492159843444824	4.126384735107422	2.666487216949463
4	191	like	4.8538737297058105	4.542649269104004	3.400275468826294	2.115096092224121
4	192	a	2.331728219985962	1.3474018573760986	1.0972439050674438	0.1362946331501007
4	193	ton	7.7388834953308105	7.4232177734375	8.222709655761719	2.3383471965789795
4	194	of	0.3682887554168701	0.10733386874198914	0.08132517337799072	0.0410287082195282
4	195	bricks.	13.323982238769531	10.510885238647461	10.519951820373535	7.81847620010376
4	196	If	4.266267776489258	4.242478370666504	3.92590594291687	3.816298484802246
4	197	the	2.4038491249084473	2.371035575866699	2.1799676418304443	2.649385690689087
4	198	Elvis	13.09343433380127	13.48332405090332	14.579846382141113	14.418368339538574
4	199	haircut	13.801641464233398	8.669137954711914	7.86366081237793	6.895144462585449
4	200	was	3.690101385116577	3.5014877319335938	3.3413777351379395	2.2302565574645996
4	201	the	3.1938233375549316	3.004092216491699	2.822808027267456	2.729923725128174
4	202	big	7.351417541503906	6.750067710876465	6.3761749267578125	6.043085098266602
4	203	secret,	11.087568283081055	9.19934368133545	7.643755912780762	7.049201965332031
4	204	then	5.131481170654297	5.890929698944092	5.3876953125	5.020748138427734
4	205	Elvis's	16.201684951782227	16.352352142333984	16.15909767150879	15.811456680297852
4	206	haircut	9.23136043548584	9.524958610534668	9.214569091796875	8.700993537902832
4	207	I	6.345882415771484	6.470450401306152	7.108704566955566	8.055475234985352
4	208	was	2.7911250591278076	2.322315216064453	2.616549015045166	2.436293363571167
4	209	going	4.780345916748047	3.6495187282562256	3.1262378692626953	3.7764780521392822
4	210	to	0.4396929442882538	0.3799077272415161	0.22016383707523346	0.3028550446033478
4	211	get.	10.105948448181152	8.52945327758789	8.320500373840332	8.042033195495605
4	212	I	2.839794397354126	2.861997365951538	2.6414947509765625	2.215468168258667
4	213	was	2.7911250591278076	2.9740800857543945	2.842092514038086	3.1845598220825195
4	214	going	4.780345916748047	3.6495187282562256	3.9072976112365723	3.8170289993286133
4	215	to	0.4396929442882538	0.3799077272415161	0.22016383707523346	0.23567700386047363
4	216	have	4.459298133850098	3.0892224311828613	3.2868528366088867	3.110593557357788
4	217	my	6.2150468826293945	5.60762882232666	6.876611232757568	5.430822372436523
4	218	day	7.181180953979492	6.460604190826416	6.304831027984619	5.815817832946777
4	219	in	3.1148159503936768	3.2401022911071777	0.9810807704925537	0.6858088970184326
4	220	the	1.3865312337875366	1.3312565088272095	1.589081048965454	3.873537540435791
4	221	sun,	9.531254768371582	9.042447090148926	6.611478328704834	4.94465970993042
4	222	and	2.045323610305786	1.85225510597229	1.8464221954345703	1.9354358911514282
4	223	all	5.60943603515625	4.654339790344238	4.599940299987793	5.026513576507568
4	224	the	1.7134159803390503	1.6406359672546387	1.2217193841934204	1.1193292140960693
4	225	way	5.775808811187744	2.8298115730285645	4.133070468902588	5.005120754241943
4	226	to	1.1916792392730713	2.234847068786621	1.0967037677764893	1.1206915378570557
4	227	town	10.460162162780762	10.927651405334473	9.000494003295898	9.043411254882812
4	228	that	4.051677703857422	4.141634941101074	3.6212377548217773	4.145195007324219
4	229	was	4.186563014984131	2.375500202178955	3.889518976211548	3.27011775970459
4	230	all	5.719913959503174	5.138382911682129	5.990871429443359	5.31712532043457
4	231	I	5.750252723693848	3.2293238639831543	2.728853702545166	6.034036636352539
4	232	talked	6.576714515686035	7.839017391204834	6.762686729431152	6.773594379425049
4	233	about.	4.250506401062012	5.769946098327637	3.3802661895751953	1.634246587753296
4	234	The	2.7729671001434326	2.8179101943969727	2.9962615966796875	3.1405935287475586
4	235	fact	6.021444797515869	4.634195804595947	4.687038421630859	4.37965726852417
4	236	that	0.43999412655830383	0.29068076610565186	0.3828766942024231	0.3597889244556427
4	237	I	3.8714895248413086	3.4673876762390137	3.583575963973999	2.9632396697998047
4	238	was	2.7911250591278076	2.543898105621338	2.1621286869049072	2.0247695446014404
4	239	getting	6.523463249206543	5.079054832458496	4.883878707885742	5.121926307678223
4	240	an	4.328936576843262	4.823736667633057	4.643198013305664	4.4074811935424805
4	241	Elvis	11.482402801513672	10.989609718322754	10.22242546081543	10.603158950805664
4	242	haircut,	14.845841407775879	8.176351547241211	6.154481887817383	5.896141052246094
4	243	not	5.609002590179443	6.082989692687988	5.9058074951171875	5.537106990814209
4	244	just	4.40355110168457	3.354267120361328	4.179503440856934	3.826167106628418
4	245	the	3.4426512718200684	2.4102444648742676	2.315464735031128	2.091787099838257
4	246	simple	8.471651077270508	6.8099517822265625	6.902715682983398	7.203007698059082
4	247	fact	7.043039321899414	2.300031900405884	2.2451114654541016	3.454019546508789
4	248	that	0.43999412655830383	0.9729670286178589	0.2000473588705063	0.235490083694458
4	249	we	3.9829161167144775	3.5425143241882324	3.61862850189209	3.3897242546081543
4	250	were	3.4355196952819824	3.531362771987915	3.246352195739746	3.811814546585083
4	251	getting	6.413780212402344	4.893678665161133	4.860575199127197	5.013156890869141
4	252	out	3.5713703632354736	4.310129165649414	4.5639495849609375	4.298717021942139
4	253	of	1.2769882678985596	0.42417436838150024	0.35448578000068665	0.3172987401485443
4	254	the	1.4618616104125977	1.2509452104568481	0.9816169738769531	1.5424939393997192
4	255	orphanage,	13.170367240905762	13.269370079040527	12.268939018249512	12.086301803588867
4	256	made	7.505211353302002	7.6675004959106445	7.401708602905273	7.500107765197754
4	257	me	4.005340576171875	3.983546495437622	3.7384681701660156	3.8371524810791016
4	258	particularly	9.59879207611084	8.201408386230469	7.884257793426514	8.43583869934082
4	259	loquacious.	16.542564392089844	16.314720153808594	14.955707550048828	15.831758499145508
4	260	I	3.1562139987945557	3.328608512878418	1.698066234588623	1.6050469875335693
4	261	told	5.769758224487305	4.877873420715332	5.194939136505127	4.535652160644531
4	262	everybody,	10.971213340759277	8.751526832580566	10.477862358093262	10.49681282043457
4	263	including	3.0543341636657715	3.2742180824279785	4.230230331420898	3.572171688079834
4	264	the	1.9852380752563477	1.68529212474823	1.5167901515960693	1.4880653619766235
4	265	orphanage	11.669798851013184	11.816874504089355	12.2014741897583	12.5477933883667
4	266	matron	12.267621040344238	12.45024299621582	12.952580451965332	11.196948051452637
4	267	I	6.656242370605469	6.946747779846191	6.125385761260986	7.157628059387207
4	268	normally	8.992754936218262	8.490816116333008	9.823482513427734	8.576946258544922
4	269	feared,	12.60224437713623	13.54129409790039	11.187707901000977	11.245687484741211
4	270	that	3.510267496109009	4.698810577392578	3.902994155883789	5.017678260803223
4	271	I	3.8714895248413086	3.6140236854553223	4.7496795654296875	1.9223188161849976
4	272	was	2.7911250591278076	2.543898344039917	2.409252643585205	2.396942138671875
4	273	going	4.780345916748047	3.6495189666748047	2.832750082015991	2.2259721755981445
4	274	to	0.4396929442882538	0.3799077272415161	0.22016383707523346	0.11471357196569443
4	275	look	5.9358415603637695	5.155916213989258	5.634227752685547	5.692903518676758
4	276	just	6.358541965484619	6.200009346008301	5.605220794677734	5.3484649658203125
4	277	like	3.693486213684082	0.43492138385772705	0.4037136435508728	0.26891013979911804
4	278	Elvis	11.1556396484375	10.472379684448242	10.955013275146484	10.648433685302734
4	279	Presley	5.2226362228393555	2.2834606170654297	2.667778253555298	2.5263261795043945
4	280	and	2.0961616039276123	1.843805193901062	0.8950810432434082	1.5981597900390625
4	281	that	4.976616382598877	6.065659999847412	6.105893135070801	5.92534065246582
4	282	I	3.8714895248413086	4.288806438446045	4.295279502868652	4.474424362182617
4	283	would	3.7066450119018555	3.247288703918457	2.674224615097046	2.4260759353637695
4	284	learn	7.5338239669799805	7.698493957519531	6.753572463989258	6.2593092918396
4	285	to	2.4610092639923096	1.9289064407348633	1.971763014793396	2.0338473320007324
4	286	move	6.235496520996094	5.781842231750488	5.876636505126953	6.480532169342041
4	287	around	4.885135173797607	4.3541035652160645	2.8836898803710938	2.8648786544799805
4	288	just	7.2151970863342285	6.481945991516113	6.496258735656738	6.402196884155273
4	289	like	3.693486213684082	4.078922271728516	1.7011854648590088	1.7020372152328491
4	290	he	5.004840850830078	4.408746242523193	3.8786051273345947	3.834956407546997
4	291	did	4.403857231140137	3.6978859901428223	1.516046404838562	1.54921293258667
4	292	and	5.936196327209473	4.981754302978516	4.862567901611328	5.728668212890625
4	293	that	4.976616382598877	3.409369468688965	3.210315704345703	3.0511698722839355
4	294	I	3.8714895248413086	4.288806438446045	2.513204336166382	3.3328871726989746
4	295	would	3.7066450119018555	3.247288703918457	2.674224615097046	2.562110662460327
4	296	be	1.432634949684143	2.5403144359588623	2.0248913764953613	1.819459319114685
4	297	rich	9.496724128723145	9.287271499633789	9.128944396972656	8.719694137573242
4	298	and	2.3679018020629883	1.4842925071716309	2.2390072345733643	1.5839446783065796
4	299	famous	10.374176025390625	4.096797943115234	3.5847721099853516	3.8914642333984375
4	300	one	6.554785251617432	7.9708476066589355	7.957808971405029	5.579964637756348
4	301	day,	5.777719974517822	6.5901594161987305	5.4474334716796875	3.8156485557556152
4	302	just	5.626729965209961	5.175122261047363	5.085000991821289	5.076553821563721
4	303	like	3.693486213684082	2.358215093612671	2.199382781982422	2.161818504333496
4	304	him.	7.234646797180176	7.023845672607422	7.566161632537842	7.090211868286133
4	305	The	2.820142984390259	3.1335484981536865	3.1837515830993652	3.1614513397216797
4	306	matron	12.796497344970703	12.185546875	13.363407135009766	13.664894104003906
4	307	understood	9.68089771270752	7.505251407623291	7.311749458312988	7.0323686599731445
4	308	my	5.489272594451904	4.449169635772705	3.5151734352111816	4.329798221588135
4	309	idea	6.538064479827881	6.985633373260498	7.800745964050293	7.909177780151367
4	310	was	4.42143440246582	2.65255069732666	2.6324477195739746	3.536034345626831
4	311	something	6.485455513000488	6.3750104904174805	5.413969039916992	5.234445571899414
4	312	that	2.2752883434295654	1.7018920183181763	1.5873098373413086	1.452696681022644
4	313	I	3.8714895248413086	2.9292032718658447	2.059422492980957	2.634552001953125
4	314	was	2.7911250591278076	2.543898344039917	3.2377121448516846	2.2256174087524414
4	315	really	5.648895263671875	4.507444381713867	4.829795837402344	2.955414056777954
4	316	excited	6.124945640563965	5.300103664398193	2.7048232555389404	3.3805904388427734
4	317	about	1.1138635873794556	1.0228365659713745	1.2772425413131714	1.475705623626709
4	318	and	5.867689609527588	4.692842960357666	4.522280216217041	4.040925025939941
4	319	said	6.7537736892700195	6.3155927658081055	7.242804050445557	7.185922145843506
4	320	nothing.	9.987953186035156	6.340234756469727	5.858513355255127	6.850942134857178
4	321	When	4.7915191650390625	4.3534135818481445	3.8751087188720703	3.8594467639923096
4	322	I	2.47159481048584	1.8435115814208984	1.9221601486206055	1.765892505645752
4	323	got	4.442290782928467	3.5217645168304443	3.363524913787842	3.251612663269043
4	324	my	4.405759811401367	3.2127456665039062	3.106081008911133	3.574270725250244
4	325	new	5.61598539352417	5.739530563354492	5.281213760375977	4.697558403015137
4	326	Buster	13.87686824798584	13.905139923095703	12.681665420532227	12.891593933105469
4	327	Brown	6.588746070861816	4.867481708526611	4.3124895095825195	4.250986099243164
4	328	shoes,	11.524032592773438	13.0731840133667	10.218267440795898	8.066631317138672
4	329	I	4.517770767211914	4.430303573608398	4.711428165435791	4.4294281005859375
4	330	was	2.7911250591278076	2.6679019927978516	2.6890382766723633	2.7126247882843018
4	331	smiling	10.159011840820312	9.603033065795898	8.494601249694824	8.424583435058594
4	332	from	5.115785598754883	3.7429518699645996	4.0871901512146	3.2382566928863525
4	333	ear	12.082534790039062	2.414626359939575	0.09025915712118149	0.07816646993160248
4	334	to	2.532310724258423	1.26820707321167	0.01218639686703682	0.004811959341168404
4	335	ear.	14.458139419555664	7.576084136962891	1.3657201528549194	1.0724756717681885
4	336	Those	6.731649398803711	6.566655158996582	6.72447395324707	6.229373931884766
4	337	shoes,	11.968782424926758	11.672789573669434	12.085461616516113	11.6419038772583
4	338	they	5.08787727355957	3.8857455253601074	3.8907997608184814	3.541760206222534
4	339	shined	12.297158241271973	10.309945106506348	9.8569917678833	9.019949913024902
4	340	really	8.615185737609863	8.35547924041748	8.445645332336426	7.471039295196533
4	341	brightly,	14.300567626953125	4.453498840332031	4.188595294952393	4.531409740447998
4	342	and	2.034491539001465	1.7780447006225586	1.3451173305511475	1.4878631830215454
4	343	I	4.621726989746094	3.5448544025421143	2.9005074501037598	2.199594020843506
4	344	liked	6.780540466308594	6.747344017028809	6.079461097717285	5.207936763763428
4	345	looking	8.024624824523926	6.92695951461792	7.141621112823486	6.392648696899414
4	346	at	1.3554035425186157	0.5351028442382812	0.4775317311286926	0.4094507098197937
4	347	the	1.3130742311477661	1.3517829179763794	1.521130084991455	1.3384284973144531
4	348	bones	9.77946949005127	11.292489051818848	9.729523658752441	9.343215942382812
4	349	in	2.835557460784912	3.0079610347747803	3.250645160675049	2.588435173034668
4	350	my	4.849112510681152	3.828097343444824	3.3952572345733643	3.893785238265991
4	351	feet,	7.911269187927246	10.22323226928711	6.637450218200684	5.88693904876709
4	352	which	3.912592887878418	4.118106842041016	4.051130771636963	3.5837137699127197
4	353	I	4.130412578582764	4.3581461906433105	2.2816689014434814	2.1923296451568604
4	354	had	3.529219627380371	3.437398672103882	3.272371292114258	2.4793643951416016
4	355	never	4.7131500244140625	3.6978111267089844	2.8414676189422607	2.934596538543701
4	356	seen	3.5513391494750977	2.1508922576904297	1.713606595993042	1.6523561477661133
4	357	before,	6.839801788330078	4.275018692016602	4.350430011749268	3.7138266563415527
4	358	through	7.460628032684326	7.945213794708252	8.218924522399902	8.220799446105957
4	359	a	2.3070030212402344	2.4632978439331055	2.5061306953430176	1.8945229053497314
4	360	special	5.951148509979248	5.6277241706848145	5.858938694000244	6.329654216766357
4	361	x-ray	12.180002212524414	11.567033767700195	11.270390510559082	12.061223983764648
4	362	machine	3.6748275756835938	2.847062349319458	2.243136405944824	1.6672319173812866
4	363	they	5.7181806564331055	5.919625282287598	5.577390670776367	5.732789039611816
4	364	had	3.638810634613037	3.4369733333587646	2.649031639099121	2.4078032970428467
4	365	in	5.6800360679626465	5.331514835357666	3.6906628608703613	2.7907872200012207
4	366	the	1.3865309953689575	1.6485013961791992	1.5055575370788574	1.5169343948364258
4	367	shoe	10.319504737854004	10.723410606384277	11.009909629821777	11.287260055541992
4	368	store	6.198036193847656	5.797833442687988	4.8345112800598145	3.7426486015319824
4	369	that	3.758169412612915	3.551792621612549	3.438401699066162	3.585635185241699
4	370	made	6.875465393066406	5.804186820983887	5.490418434143066	5.331359386444092
4	371	the	2.619741201400757	1.950944423675537	2.1743438243865967	2.2128021717071533
4	372	bones	9.77946949005127	8.294538497924805	8.526557922363281	8.141990661621094
4	373	in	2.835557460784912	3.0079610347747803	3.2324719429016113	2.8499083518981934
4	374	your	4.7489118576049805	3.275285243988037	3.0010359287261963	4.486252784729004
4	375	feet	6.773277759552002	8.93685531616211	5.815372467041016	4.571031093597412
4	376	look	8.872672080993652	7.620436668395996	8.06545352935791	7.097539901733398
4	377	green.	12.132603645324707	10.500189781188965	9.41119384765625	10.613414764404297
4	378	I	3.3146755695343018	3.0458860397338867	3.155010223388672	3.386390209197998
4	379	was	2.7911250591278076	2.885277032852173	3.0882508754730225	3.147000789642334
4	380	now	5.8148112297058105	6.928999900817871	6.804295539855957	7.027454853057861
4	381	almost	8.062158584594727	5.893118858337402	6.02131462097168	5.562033653259277
4	382	ready	8.788284301757812	5.207305908203125	4.571455478668213	3.449873208999634
4	383	to	0.5057691931724548	0.3560999035835266	0.3913100063800812	0.2978062927722931
4	384	go	4.95212459564209	2.9774723052978516	2.855579376220703	2.684497356414795
4	385	back	2.717550277709961	2.6739308834075928	3.128272533416748	3.203967809677124
4	386	to	1.3417104482650757	0.5277582406997681	0.5650302171707153	0.6065347194671631
4	387	the	2.329280376434326	1.1344887018203735	1.270075798034668	1.3522374629974365
4	388	orphanage	11.669798851013184	11.161764144897461	10.193514823913574	9.997987747192383
4	389	and	2.575162172317505	2.391462802886963	2.3121180534362793	1.880744218826294
4	390	practice	9.195893287658691	8.912762641906738	9.222482681274414	9.865335464477539
4	391	being	7.044458389282227	5.761754035949707	6.276808261871338	6.035752296447754
4	392	like	6.981183052062988	7.128255844116211	6.535368919372559	6.809449195861816
4	393	the	2.2219321727752686	2.478452682495117	2.366024971008301	2.4893100261688232
4	394	man	6.918849468231201	6.710277080535889	6.0294013023376465	6.335762977600098
4	395	who	2.07041597366333	1.6688816547393799	1.280989646911621	1.3612538576126099
4	396	all	6.830080509185791	8.482714653015137	8.562334060668945	8.548457145690918
4	397	the	1.7134159803390503	3.611931562423706	1.7449408769607544	1.8235266208648682
4	398	girls	8.865034103393555	7.037385940551758	5.863234519958496	5.927121162414551
4	399	loved,	11.715413093566895	10.983293533325195	10.925527572631836	6.222932815551758
4	400	since	7.112363815307617	7.322124481201172	6.935125827789307	6.795319557189941
4	401	I	3.733736991882324	2.1817545890808105	3.252089500427246	3.4013545513153076
4	402	had	3.529219627380371	3.146062135696411	2.7895140647888184	2.5518639087677
4	403	my	6.173527240753174	4.388679027557373	3.9238791465759277	4.777466297149658
4	404	new	5.61598539352417	6.61108922958374	6.20833683013916	6.734928131103516
4	405	Buster	13.87686824798584	13.905139923095703	12.598884582519531	12.471839904785156
4	406	Brown	6.588747024536133	4.8674821853637695	4.3124895095825195	4.275534629821777
4	407	shoes.	11.860077857971191	13.263668060302734	10.277276992797852	7.628552436828613
4	408	It	3.570167303085327	3.760852575302124	3.9252092838287354	4.096323490142822
4	409	was	1.6171106100082397	1.5158137083053589	1.3200401067733765	1.3776979446411133
4	410	the	3.1938233375549316	2.632783889770508	2.6474196910858154	2.433049201965332
4	411	new	5.719378471374512	6.470305442810059	6.626404762268066	6.164234161376953
4	412	haircut,	12.661273002624512	12.815114974975586	12.147571563720703	11.274141311645508
4	413	though,	7.7486724853515625	7.361760139465332	6.658009052276611	7.154783248901367
4	414	that	3.0576071739196777	3.581374168395996	3.8320868015289307	3.9811220169067383
4	415	I	3.8714895248413086	4.0968427658081055	3.762446165084839	3.995910882949829
4	416	needed	6.3362956047058105	5.618885517120361	5.631236553192139	5.981267929077148
4	417	to	0.6784449815750122	0.8129005432128906	0.5518524646759033	0.6063851714134216
4	418	complete	7.275444984436035	5.828932285308838	6.675653457641602	6.824515342712402
4	419	my	5.943413734436035	4.762293338775635	4.485116958618164	1.9509966373443604
4	420	new	5.61598539352417	5.629199028015137	5.8085832595825195	5.922979354858398
4	421	look.	10.26498794555664	8.183311462402344	7.757357120513916	7.935733795166016
4	422	We	4.11524772644043	3.542515754699707	4.9046525955200195	4.995172023773193
4	423	finally	6.540440082550049	7.198408126831055	6.956809043884277	5.84312105178833
4	424	arrived	5.322933197021484	4.16425895690918	4.2445197105407715	5.590118885040283
4	425	at	1.5331010818481445	1.2033182382583618	0.42254340648651123	0.4038788974285126
4	426	the	1.3130742311477661	0.7847654223442078	0.7917886972427368	0.6536741852760315
4	427	unassuming,	16.004453659057617	16.821149826049805	15.28314208984375	15.339920043945312
4	428	unembellished	11.509273529052734	10.951432228088379	11.345782279968262	11.561607360839844
4	429	barbershop,	15.014589309692383	13.488937377929688	13.887293815612793	13.10969352722168
4	430	where	3.008464813232422	2.711344003677368	2.472294807434082	2.172628402709961
4	431	they	2.4395179748535156	2.8949379920959473	3.431894540786743	3.7748196125030518
4	432	cut	7.476465702056885	8.379073143005371	4.7302141189575195	3.8345136642456055
4	433	our	5.66864013671875	5.771164894104004	5.701037406921387	5.513958930969238
4	434	hair	8.956658363342285	4.499590873718262	4.060637950897217	3.8052408695220947
4	435	for	4.684779644012451	4.459965229034424	4.295010089874268	3.9165472984313965
4	436	free	7.428596019744873	7.666473388671875	6.2356672286987305	6.013449192047119
4	437	because	7.1218180656433105	4.923095703125	4.777101039886475	4.380072116851807
4	438	we	3.3621253967285156	3.1862640380859375	3.2917897701263428	3.604119300842285
4	439	were	3.4355196952819824	3.0427255630493164	3.456730842590332	3.360785722732544
4	440	orphans.	14.614497184753418	13.86569881439209	12.829568862915039	11.637922286987305
4	441	Even	5.426906585693359	5.707477569580078	5.514955997467041	5.385531425476074
4	442	though	1.7986449003219604	2.093001365661621	1.8589212894439697	1.5771410465240479
4	443	we	3.6843440532684326	3.205491065979004	3.418375015258789	3.2955355644226074
4	444	were	3.4355196952819824	3.299654245376587	2.800051689147949	2.634197950363159
4	445	supposed	6.266863822937012	5.000609874725342	5.698342800140381	4.816147804260254
4	446	to	0.18262329697608948	0.023476194590330124	0.036204203963279724	0.034054793417453766
4	447	slowly	10.764893531799316	10.554306030273438	10.470726013183594	10.703170776367188
4	448	wait	8.33963680267334	8.70220947265625	8.829577445983887	8.869680404663086
4	449	to	2.294372081756592	2.649907350540161	3.6566646099090576	3.549778938293457
4	450	be	2.8581483364105225	2.5415031909942627	2.7015230655670166	2.345942258834839
4	451	called,	8.913408279418945	9.034788131713867	7.597098350524902	5.934438705444336
4	452	I	4.346210479736328	4.3890204429626465	4.331809997558594	3.9979774951934814
4	453	ran	6.8456315994262695	6.636186599731445	7.647432327270508	7.213890075683594
4	454	straight	7.02858829498291	6.4563493728637695	5.077352046966553	5.098316669464111
4	455	up	3.0697715282440186	2.951557159423828	3.0307931900024414	3.509605884552002
4	456	to	1.760380744934082	3.4943904876708984	1.167580485343933	0.7709304094314575
4	457	one	6.3120341300964355	5.06466817855835	6.046678066253662	5.639642238616943
4	458	of	1.2437083721160889	1.1469125747680664	3.330106019973755	1.316872477531433
4	459	the	1.4618616104125977	0.5239233374595642	0.5925883650779724	0.7392006516456604
4	460	barber	12.32383918762207	12.611296653747559	13.93874454498291	12.04381275177002
4	461	chairs	6.257582187652588	5.830384254455566	5.199681282043457	2.310084342956543
4	462	and	1.721245288848877	1.2777109146118164	1.4245014190673828	1.7608309984207153
4	463	climbed	11.073578834533691	8.89444351196289	10.578909873962402	8.86212158203125
4	464	up	1.9301013946533203	2.053157329559326	1.9100291728973389	2.005979061126709
4	465	onto	7.945112228393555	3.700284481048584	2.935887575149536	2.461419105529785
4	466	the	1.0041412115097046	0.6900416612625122	0.5589100122451782	0.5275989770889282
4	467	board	7.395585060119629	5.623015403747559	5.983078956604004	7.098979949951172
4	468	the	4.523176670074463	5.150155067443848	5.168424606323242	5.247759819030762
4	469	barber	12.32383918762207	11.522416114807129	12.713937759399414	13.487367630004883
4	470	placed	9.345932006835938	9.380708694458008	11.336397171020508	7.439498424530029
4	471	across	6.438573360443115	7.284265041351318	7.879350662231445	6.531210899353027
4	472	the	0.690933108329773	0.637115478515625	0.8793240189552307	1.2080140113830566
4	473	arms	9.185866355895996	10.150909423828125	7.866522789001465	7.575636386871338
4	474	to	3.277212142944336	3.9624853134155273	3.714712619781494	3.590562343597412
4	475	make	4.0804948806762695	4.451430320739746	4.058352470397949	3.73458194732666
4	476	me	4.018244743347168	5.194482803344727	5.21588134765625	5.800381183624268
4	477	sit	8.733413696289062	6.570197105407715	5.992605209350586	5.493167400360107
4	478	up	4.31238317489624	3.9556007385253906	2.6229100227355957	2.805446147918701
4	479	higher.	10.958248138427734	8.795331954956055	9.047409057617188	8.23147201538086
4	480	I	4.022272109985352	3.4850218296051025	3.6157596111297607	1.5771337747573853
4	481	looked	5.9314494132995605	6.086960315704346	5.704151153564453	5.188191890716553
4	482	at	1.2948027849197388	0.919084370136261	0.9541351199150085	1.2541102170944214
4	483	the	1.3130742311477661	1.2594077587127686	1.1158007383346558	0.9795053005218506
4	484	man	6.918849468231201	8.634368896484375	6.064737796783447	6.057830333709717
4	485	and	2.941035270690918	3.8741064071655273	3.2121078968048096	1.8995862007141113
4	486	said,	7.925986289978027	6.9646806716918945	5.885438919067383	4.819788455963135
4	487	with	4.7573370933532715	6.823797225952148	7.438355922698975	7.915098667144775
4	488	a	2.2593159675598145	1.3396244049072266	0.834980309009552	0.8285077214241028
4	489	beaming	11.797502517700195	10.848851203918457	7.752284526824951	7.766051769256592
4	490	smile	5.1866865158081055	2.607168436050415	1.5717456340789795	1.9954499006271362
4	491	on	3.4743738174438477	2.2867393493652344	1.4726088047027588	1.576021671295166
4	492	my	4.757163047790527	2.3182711601257324	2.683189630508423	3.5018606185913086
4	493	face,	7.225690841674805	5.657533645629883	1.953782320022583	1.828338623046875
4	494	'I	9.74133014678955	9.003630638122559	9.570890426635742	7.94809627532959
4	495	want	3.1619815826416016	3.06705379486084	2.9565346240997314	2.9800477027893066
4	496	an	5.758017063140869	5.240166664123535	5.444565773010254	5.41953706741333
4	497	Elvis	11.482402801513672	10.386338233947754	9.26768970489502	9.150936126708984
4	498	haircut.	15.056129455566406	8.307661056518555	6.780196666717529	7.546508312225342
4	499	Can	7.833270072937012	8.067051887512207	8.081421852111816	6.925301551818848
4	500	you	1.614701747894287	0.8379029631614685	0.6999204754829407	0.6774782538414001
4	501	make	5.709781169891357	4.049180030822754	4.351868629455566	4.712583065032959
4	502	my	4.787471771240234	5.7363996505737305	5.281451225280762	5.0058369636535645
4	503	hair	6.6742730140686035	6.217325210571289	5.2549543380737305	4.3909382820129395
4	504	like	4.844903945922852	4.582735061645508	4.814935684204102	4.990982532501221
4	505	Elvis's?'	27.02068519592285	22.720651626586914	23.72283172607422	21.284019470214844
4	506	I	2.366701602935791	2.255387783050537	2.282649040222168	2.1624221801757812
4	507	asked.	8.89034366607666	4.7854390144348145	5.062228679656982	5.012794017791748
4	508	The	3.378488302230835	3.533440113067627	4.229471683502197	4.118860721588135
4	509	barber,	14.357208251953125	12.885140419006348	12.59758472442627	11.703447341918945
4	510	who	2.9636597633361816	1.9133652448654175	1.726683259010315	1.626105785369873
4	511	was	3.0690267086029053	2.3426363468170166	1.7275424003601074	1.3836286067962646
4	512	a	2.5677971839904785	3.0062806606292725	3.253776788711548	3.0066003799438477
4	513	genial	12.518088340759277	12.3955078125	11.840729713439941	10.562429428100586
4	514	young	5.804680347442627	4.9132399559021	4.326410293579102	4.166092872619629
4	515	man,	4.48330020904541	2.3714797496795654	1.9720571041107178	1.6440573930740356
4	516	grinned	12.347220420837402	11.433809280395508	10.036001205444336	10.72469425201416
4	517	back	5.8037333488464355	4.4689764976501465	4.630481719970703	4.646915912628174
4	518	at	3.8543648719787598	0.46898484230041504	0.37764686346054077	0.3319896459579468
4	519	me	6.880523681640625	4.098146915435791	3.485232353210449	3.1095566749572754
4	520	and	3.166288375854492	1.607818365097046	1.5303574800491333	1.5334488153457642
4	521	said	6.7537736892700195	4.910316467285156	2.9979801177978516	2.6587820053100586
4	522	that	2.095280170440674	1.581468939781189	1.838080883026123	2.3201870918273926
4	523	he	3.5226593017578125	2.2644457817077637	1.9233412742614746	2.6129274368286133
4	524	would	3.732557773590088	2.9080891609191895	2.3687033653259277	2.0944554805755615
4	525	try	5.692298412322998	5.290742874145508	5.0620245933532715	4.6572394371032715
4	526	his	5.917361259460449	5.5201544761657715	3.7849671840667725	3.7280502319335938
4	527	best.	9.255842208862305	4.809902667999268	4.63569450378418	4.0458831787109375
4	528	I	2.711416006088257	3.260524272918701	3.0327115058898926	2.9566030502319336
4	529	was	2.7911250591278076	3.0343611240386963	2.791080951690674	3.156452178955078
4	530	so	5.345942497253418	4.272422790527344	3.669471025466919	3.641922950744629
4	531	happy	6.122476100921631	4.768967628479004	2.694627523422241	2.067049980163574
4	532	when	4.960742950439453	3.7898573875427246	2.9153127670288086	2.7076971530914307
4	533	he	2.398308753967285	2.4850246906280518	2.3094518184661865	1.7258758544921875
4	534	started	5.59564733505249	4.924353122711182	4.9530863761901855	4.834181785583496
4	535	to	2.102189302444458	1.8143506050109863	2.2296009063720703	1.7750862836837769
4	536	cut	7.376883506774902	6.949851989746094	6.730203151702881	6.602832794189453
4	537	my	4.796036720275879	5.2625532150268555	4.394648551940918	4.78248929977417
4	538	hair,	8.447953224182129	4.60049295425415	3.9329824447631836	3.3153257369995117
4	539	but	3.543299436569214	3.0062246322631836	3.0605061054229736	2.5487287044525146
4	540	just	5.79876708984375	5.79830265045166	5.667174339294434	5.899310111999512
4	541	as	3.3013954162597656	2.0266308784484863	2.299194574356079	2.96144437789917
4	542	he	3.7657039165496826	3.8224799633026123	3.5774264335632324	3.087149143218994
4	543	started	5.59564733505249	6.027853965759277	5.590118408203125	4.821702003479004
4	544	to	2.102189302444458	1.8143506050109863	1.1735925674438477	1.0666851997375488
4	545	cut,	11.730098724365234	10.785035133361816	10.135563850402832	10.207524299621582
4	546	the	2.9187676906585693	3.592914342880249	2.95741605758667	3.265453338623047
4	547	matron,	15.631868362426758	15.646435737609863	16.402360916137695	14.927326202392578
4	548	who	2.660719871520996	2.642367362976074	2.2106728553771973	2.0203325748443604
4	549	had	3.2151079177856445	2.596609115600586	2.5587339401245117	1.8558554649353027
4	550	been	1.9564940929412842	1.572662353515625	1.699143409729004	1.837998628616333
4	551	watching	7.3039703369140625	6.829922676086426	5.728097915649414	4.794065475463867
4	552	me	5.221059799194336	5.399507522583008	4.845456600189209	4.852672576904297
4	553	and	3.166288375854492	3.0271217823028564	2.7137365341186523	2.924159288406372
4	554	had	6.226723670959473	5.667829513549805	6.020813941955566	5.583498001098633
4	555	a	2.359611988067627	2.175485372543335	1.9712777137756348	2.0033700466156006
4	556	look	7.3319244384765625	6.048583030700684	5.868619918823242	4.807338237762451
4	557	as	4.717737197875977	6.152917385101318	5.788939476013184	5.804089546203613
4	558	cold	8.969502449035645	7.1160478591918945	9.646391868591309	9.159261703491211
4	559	as	4.738925933837891	0.5394046306610107	0.35257214307785034	0.26824069023132324
4	560	ice,	12.755708694458008	5.0980544090271	4.667923927307129	4.334100246429443
4	561	motioned	16.8223819732666	16.825191497802734	17.214786529541016	18.050493240356445
4	562	for	2.1326348781585693	2.362718343734741	3.1662631034851074	2.338923931121826
4	563	him	5.747493743896484	3.8287432193756104	3.0548410415649414	3.1803433895111084
4	564	to	1.9787218570709229	0.680743932723999	0.14085419476032257	0.09413643181324005
4	565	come	6.146267414093018	4.310886383056641	3.935718059539795	2.873843193054199
4	566	over	5.435145378112793	4.904139518737793	3.9065661430358887	4.0215349197387695
4	567	to	3.6739819049835205	0.978237509727478	1.2947286367416382	1.0568842887878418
4	568	where	8.483353614807129	6.060408115386963	5.747096061706543	5.703344821929932
4	569	she	3.939465045928955	4.120578289031982	3.558124542236328	3.668389081954956
4	570	was	2.217952013015747	1.862891435623169	1.653800368309021	1.5653539896011353
4	571	standing.	11.30715560913086	10.314704895019531	7.130814552307129	4.637088775634766
4	572	She	3.6098690032958984	3.0252461433410645	1.8248540163040161	1.903827428817749
4	573	whispered	8.41677188873291	7.647785186767578	6.950185298919678	7.620511531829834
4	574	something	6.117464542388916	3.172398567199707	2.08357572555542	1.6770097017288208
4	575	into	6.452777862548828	3.2823824882507324	2.3733794689178467	2.3034310340881348
4	576	his	4.032029151916504	3.4342520236968994	1.629489779472351	1.3913354873657227
4	577	ear	8.803388595581055	7.298598289489746	6.297091960906982	1.664807915687561
4	578	that	4.700779914855957	4.206162929534912	4.028536796569824	2.685774803161621
4	579	caused	8.00761890411377	7.077544689178467	6.451443195343018	6.33021879196167
4	580	the	2.3816962242126465	1.0793901681900024	1.5619443655014038	2.2488176822662354
4	581	barber	12.32383918762207	14.542667388916016	14.534481048583984	12.78342056274414
4	582	to	3.7646472454071045	3.252060890197754	1.1793900728225708	0.9269285202026367
4	583	shake	8.539743423461914	7.9528398513793945	7.661623477935791	7.0124735832214355
4	584	his	3.3741321563720703	3.226163864135742	1.8616185188293457	1.5673257112503052
4	585	head,	6.275058746337891	2.3287601470947266	2.9020256996154785	2.7380805015563965
4	586	like	5.748488426208496	5.6565399169921875	5.828038215637207	5.811954498291016
4	587	he	5.004840850830078	3.89378023147583	2.4694182872772217	1.3343069553375244
4	588	was	2.2246434688568115	1.428586483001709	1.0399521589279175	0.6500780582427979
4	589	telling	7.888206958770752	6.81905460357666	5.800897121429443	5.708047866821289
4	590	her,	6.847848415374756	5.331836700439453	5.062426567077637	5.653757572174072
4	591	'No'.	15.345935821533203	13.155963897705078	13.231724739074707	14.469085693359375
4	592	In	3.996697425842285	4.95806884765625	4.727901458740234	4.966194152832031
4	593	response,	5.9250569343566895	4.457363605499268	4.316898345947266	4.212535858154297
4	594	the	2.5371580123901367	1.403199315071106	1.5123291015625	2.377307653427124
4	595	matron	14.263276100158691	12.571954727172852	13.743193626403809	11.938000679016113
4	596	walked	8.682525634765625	7.903404235839844	6.058887004852295	6.285365581512451
4	597	over	3.4769129753112793	3.2200751304626465	2.773739814758301	1.9720234870910645
4	598	to	3.6739819049835205	0.3839183449745178	0.49447837471961975	0.4589601159095764
4	599	a	3.8145251274108887	3.2139830589294434	2.9150710105895996	3.6751270294189453
4	600	little	4.709710121154785	6.261384010314941	5.364701271057129	5.204418659210205
4	601	man	5.699282169342041	7.651761054992676	6.66600227355957	5.288579940795898
4	602	sitting	7.29627799987793	4.630803108215332	4.898525238037109	4.652296543121338
4	603	in	1.4900193214416504	1.5266408920288086	1.4690557718276978	1.4688591957092285
4	604	an	4.468512535095215	3.930241823196411	3.649545669555664	3.544121742248535
4	605	office	6.597285270690918	5.586501121520996	2.228949546813965	1.7106695175170898
4	606	chair	8.407709121704102	5.792657852172852	5.288577556610107	2.4601335525512695
4	607	that	4.356990814208984	5.237346649169922	3.050776958465576	3.6007204055786133
4	608	squeaked	14.572824478149414	10.120174407958984	12.858799934387207	9.696855545043945
4	609	as	2.6690261363983154	4.315547466278076	1.7742033004760742	5.740435600280762
4	610	it	3.7824597358703613	1.917513370513916	1.5999268293380737	1.6664116382598877
4	611	rolled	9.95250129699707	8.206526756286621	4.17685604095459	4.0523295402526855
4	612	around	3.5710933208465576	4.06014347076416	3.920252799987793	3.688553810119629
4	613	the	1.3536893129348755	1.4356111288070679	1.8339591026306152	1.2010209560394287
4	614	floor	7.7598876953125	8.143610000610352	3.9037363529205322	4.4166154861450195
4	615	and	2.3418891429901123	2.083461284637451	1.775846004486084	1.755186915397644
4	616	spoke	9.101285934448242	7.473001003265381	7.860689163208008	8.221019744873047
4	617	to	1.5271906852722168	1.5569151639938354	1.0645307302474976	1.316206693649292
4	618	him.	8.218790054321289	5.505922317504883	4.975256443023682	4.097084045410156
4	619	It	3.6749212741851807	3.578803539276123	3.709394693374634	3.669970750808716
4	620	was	1.6171106100082397	1.1803821325302124	1.0899713039398193	0.6283749341964722
4	621	the	3.1938233375549316	2.632783889770508	2.642841339111328	2.634497880935669
4	622	little	7.854135513305664	7.82263708114624	7.237150192260742	6.675727844238281
4	623	man	5.699282169342041	4.850883483886719	4.588135719299316	5.532725811004639
4	624	who	2.07041597366333	2.318300485610962	2.860841989517212	1.358399748802185
4	625	then	6.096052169799805	7.575985908508301	7.4538469314575195	7.393410682678223
4	626	walked	7.564547538757324	6.686774730682373	5.5851149559021	4.780364990234375
4	627	over	3.4769129753112793	2.929741621017456	3.3649206161499023	2.761035919189453
4	628	and	4.251704692840576	2.1317362785339355	2.244292974472046	2.1192708015441895
4	629	said	6.7537736892700195	6.1406683921813965	3.514913320541382	3.9281935691833496
4	630	something	7.14268684387207	5.349915504455566	3.681518077850342	3.496499538421631
4	631	to	2.784212112426758	2.157257556915283	1.9475724697113037	1.7434741258621216
4	632	the	2.329280376434326	3.7815520763397217	1.1372816562652588	0.8308723568916321
4	633	man	6.918849468231201	7.068646430969238	6.309926986694336	7.492367744445801
4	634	who	2.07041597366333	1.6688816547393799	1.195246696472168	1.4258921146392822
4	635	was	3.0690267086029053	2.455946207046509	2.665494918823242	2.6970369815826416
4	636	cutting	9.26746654510498	9.504372596740723	8.831412315368652	8.562017440795898
4	637	my	5.105945110321045	4.498697280883789	4.824697494506836	4.396267414093018
4	638	hair.	8.626925468444824	4.819708824157715	3.4909157752990723	2.3382067680358887
4	639	The	2.568432092666626	3.139223098754883	3.249100685119629	3.267859935760498
4	640	next	5.4836201667785645	5.155223369598389	4.3310394287109375	3.9288277626037598
4	641	thing	5.419939041137695	3.7750864028930664	3.205543041229248	2.6569228172302246
4	642	I	2.867988109588623	1.4515763521194458	1.2105332612991333	0.9275987148284912
4	643	knew,	8.747795104980469	8.156350135803223	2.4930505752563477	1.976915717124939
4	644	the	3.127588987350464	3.4770925045013428	3.3784677982330322	2.557725429534912
4	645	man	6.918849468231201	5.142294883728027	5.488584995269775	5.463372707366943
4	646	who	2.07041597366333	1.6688816547393799	2.078667163848877	1.9843000173568726
4	647	was	3.0690267086029053	2.455946207046509	2.665494918823242	2.168485164642334
4	648	cutting	9.26746654510498	9.504372596740723	8.831412315368652	8.562018394470215
4	649	my	5.105945110321045	4.498697280883789	4.824697494506836	4.396267414093018
4	650	hair	6.674272537231445	3.016745090484619	1.9154906272888184	1.004441499710083
4	651	told	8.893789291381836	8.359224319458008	9.613081932067871	9.667620658874512
4	652	me	2.126063346862793	1.3634395599365234	0.5001397132873535	0.5320377945899963
4	653	that	3.4135019779205322	1.3191255331039429	1.4424266815185547	1.3188776969909668
4	654	he	3.5226593017578125	3.0191292762756348	2.4694643020629883	2.492415428161621
4	655	was	2.2246434688568115	1.9192830324172974	1.4653916358947754	1.6778520345687866
4	656	no	4.562166690826416	5.984122276306152	5.4427971839904785	5.4037299156188965
4	657	longer	2.218226671218872	2.6258299350738525	0.42217564582824707	0.26564231514930725
4	658	allowed	7.067896366119385	5.196522235870361	4.989299297332764	4.451939105987549
4	659	to	1.0396465063095093	0.441945344209671	0.4400632977485657	0.20923462510108948
4	660	give	5.320615768432617	5.680030822753906	5.605130195617676	5.645193099975586
4	661	me	2.441319465637207	3.569331645965576	4.3093390464782715	5.594878196716309
4	662	an	5.735532283782959	3.097198724746704	3.0415561199188232	3.156693696975708
4	663	Elvis	11.482402801513672	10.971056938171387	11.114826202392578	11.328645706176758
4	664	cut.	14.047298431396484	10.980652809143066	9.932453155517578	9.860306739807129
4	665	'Why	12.139052391052246	11.578527450561523	11.975109100341797	10.869887351989746
4	666	not?'	4.779016971588135	4.047080039978027	4.144193649291992	3.7774312496185303
4	667	I	2.610353469848633	2.7823598384857178	1.9450347423553467	1.9490176439285278
4	668	cried	9.314445495605469	8.041589736938477	8.448453903198242	7.684420585632324
4	669	desperately.	10.648967742919922	10.804576873779297	7.52626371383667	8.447068214416504
4	670	The	2.5887832641601562	3.078068733215332	3.1485543251037598	3.6596391201019287
4	671	kindly	13.274600982666016	12.07532024383545	10.452632904052734	10.656633377075195
4	672	barber	15.427769660949707	9.09773063659668	9.242310523986816	9.036335945129395
4	673	stopped	10.076687812805176	9.620959281921387	6.586320877075195	6.3181538581848145
4	674	by	3.2827749252319336	1.6631604433059692	1.256955623626709	1.2494099140167236
4	675	the	1.5458582639694214	1.2411954402923584	1.758582353591919	1.99452543258667
4	676	matron	14.263276100158691	13.063361167907715	11.525684356689453	13.308626174926758
4	677	did	6.524336814880371	6.2808709144592285	7.882502555847168	9.36296558380127
4	678	not	0.9057575464248657	0.6159638166427612	0.46071410179138184	0.3663698136806488
4	679	answer,	10.21375560760498	8.783703804016113	7.362549781799316	7.600395679473877
4	680	but	3.015965461730957	2.0140907764434814	1.9700454473495483	1.7938988208770752
4	681	from	6.851284027099609	6.308210372924805	6.514138221740723	6.495731353759766
4	682	his	4.259256362915039	4.461405277252197	4.096087455749512	3.0005874633789062
4	683	expression,	10.718185424804688	10.554703712463379	8.763489723205566	7.4415364265441895
4	684	I	4.600595474243164	4.119906425476074	4.678228378295898	2.1118223667144775
4	685	could	4.143322944641113	4.190093040466309	2.6669979095458984	2.4899654388427734
4	686	tell	5.55797004699707	3.7589094638824463	3.3685717582702637	1.5897135734558105
4	687	that	4.356171607971191	2.026944160461426	1.687081217765808	1.2732857465744019
4	688	he	3.5226593017578125	3.568053960800171	2.5206117630004883	2.4314160346984863
4	689	wished	7.367611885070801	6.7300496101379395	7.411897659301758	7.38707160949707
4	690	he	3.851865291595459	2.290924310684204	2.6542580127716064	2.3125839233398438
4	691	could	4.22681999206543	1.0352139472961426	0.903490424156189	0.9106378555297852
4	692	cut	6.8127760887146	7.00900936126709	7.597975730895996	7.348402500152588
4	693	it	3.9170713424682617	3.513540029525757	2.93125057220459	2.339494228363037
4	694	as	4.906546592712402	4.6399335861206055	4.521551609039307	4.30161190032959
4	695	I	4.19553279876709	4.737571716308594	4.409336090087891	4.0452985763549805
4	696	had	3.529219627380371	3.3828184604644775	3.3420820236206055	3.299027919769287
4	697	asked.	10.013790130615234	9.232816696166992	7.663565635681152	7.609121799468994
4	698	Within	9.327818870544434	8.207090377807617	8.129993438720703	7.751824378967285
4	699	a	2.280876636505127	1.3841421604156494	1.3736732006072998	1.2315864562988281
4	700	few	4.033159255981445	1.0832176208496094	0.7566056847572327	0.8139710426330566
4	701	minutes,	5.308078289031982	5.1177659034729	3.2319774627685547	1.3733237981796265
4	702	it	4.113012313842773	3.9717092514038086	3.963318109512329	3.6331377029418945
4	703	wasn't	5.3391594886779785	5.415406227111816	5.4584479331970215	5.507234573364258
4	704	an	4.417339324951172	4.326677322387695	4.657654762268066	4.7834367752075195
4	705	Elvis	11.482402801513672	10.372556686401367	10.812359809875488	11.143167495727539
4	706	haircut,	14.845841407775879	8.176351547241211	9.191385269165039	8.144083023071289
4	707	but	3.2735953330993652	3.056187629699707	2.8249192237854004	1.237280011177063
4	708	a	3.991562843322754	4.095881462097168	4.2076239585876465	3.988044023513794
4	709	short	6.456172943115234	6.515262603759766	5.779170036315918	5.320857048034668
4	710	buzz	10.974864959716797	9.42855167388916	9.056636810302734	6.217535972595215
4	711	cut	8.751187324523926	3.9775986671447754	4.766483306884766	5.028974533081055
4	712	that	5.703858375549316	3.5292863845825195	2.9037551879882812	2.7111616134643555
4	713	the	2.3350260257720947	5.223162651062012	4.794598579406738	5.380560874938965
4	714	barber	12.32383918762207	12.065435409545898	12.35817813873291	9.692644119262695
4	715	had	6.063241481781006	5.431025981903076	2.7826061248779297	3.0896599292755127
4	716	given	5.758573532104492	4.811907768249512	4.738965034484863	4.745574951171875
4	717	me.	7.812328338623047	6.061936855316162	5.538942813873291	4.896603107452393
4	718	When	4.52585506439209	4.4138503074646	4.25907564163208	4.204553604125977
4	719	he	2.796841621398926	3.0600826740264893	3.170769691467285	2.841219186782837
4	720	finished	7.2094879150390625	5.5367841720581055	5.867372035980225	5.739129066467285
4	721	shaving	9.998542785644531	11.34402084350586	8.841155052185059	8.118574142456055
4	722	off	3.3785452842712402	4.529422760009766	3.271395444869995	4.005964756011963
4	723	all	4.996371269226074	3.563495635986328	3.908268690109253	3.671783447265625
4	724	my	5.045500755310059	4.532047271728516	3.58195161819458	2.59384822845459
4	725	hair	6.6742730140686035	7.418567657470703	5.910778045654297	3.251866579055786
4	726	and	1.7848529815673828	2.0554633140563965	2.215381622314453	1.259996771812439
4	727	made	7.152314186096191	5.5085015296936035	5.211031913757324	5.2569475173950195
4	728	me	4.005340576171875	3.5308308601379395	2.82304310798645	1.2981257438659668
4	729	smell	10.560705184936523	8.668354034423828	7.825087547302246	6.185649871826172
4	730	real	9.159134864807129	7.290640354156494	7.562646389007568	7.7334418296813965
4	731	good	7.183769226074219	2.476659059524536	1.9050014019012451	2.1823439598083496
4	732	with	5.406558990478516	5.088747978210449	3.732755661010742	4.438509941101074
4	733	his	3.9551994800567627	3.8613297939300537	3.6750411987304688	5.398275375366211
4	734	powder,	13.509852409362793	13.465965270996094	12.976545333862305	13.782610893249512
4	735	the	3.519066572189331	3.2798943519592285	3.256570339202881	3.8901991844177246
4	736	barber	12.32383918762207	12.041715621948242	10.189079284667969	10.059493064880371
4	737	handed	11.139287948608398	10.972221374511719	8.4580078125	6.898930072784424
4	738	me	4.550506114959717	1.6324503421783447	1.5576550960540771	1.0810973644256592
4	739	a	3.2595345973968506	0.9920774698257446	0.62125563621521	0.6059709787368774
4	740	nickel	10.759048461914062	9.916078567504883	9.683451652526855	8.458561897277832
4	741	and	2.56842303276062	2.53205943107605	2.5277881622314453	1.5223151445388794
4	742	told	7.510108947753906	9.571049690246582	8.01115608215332	4.516047477722168
4	743	me	2.126063585281372	1.9520877599716187	1.9551225900650024	2.1899352073669434
4	744	to	2.16587495803833	2.955578327178955	1.6892344951629639	1.5246237516403198
4	745	go	4.95212459564209	3.739600658416748	2.8424248695373535	2.2349181175231934
4	746	outside	5.976865291595459	6.137310981750488	5.534420013427734	5.297906875610352
4	747	to	4.7551164627075195	2.286247730255127	2.421644687652588	2.4396018981933594
4	748	the	2.329280376434326	2.7565999031066895	2.237886428833008	2.4059510231018066
4	749	snack	11.675078392028809	11.554530143737793	10.011539459228516	9.200136184692383
4	750	machine	8.220820426940918	5.843188285827637	5.417629241943359	4.873159408569336
4	751	and	3.056417226791382	2.18856143951416	1.9368873834609985	1.6484553813934326
4	752	buy	8.666027069091797	7.541236400604248	6.109536647796631	6.017758846282959
4	753	myself	7.7797770500183105	6.327099323272705	5.782415866851807	5.884944915771484
4	754	a	3.441183567047119	0.8387078642845154	0.7698452472686768	0.5194220542907715
4	755	candy	10.79550838470459	10.715415954589844	7.931622505187988	7.456295490264893
4	756	bar.	6.4587860107421875	3.239125967025757	2.9560577869415283	2.4257867336273193
4	757	I	3.2162156105041504	2.901031017303467	2.826044797897339	1.6457983255386353
4	758	handed	9.912482261657715	8.372190475463867	8.342872619628906	7.813327789306641
4	759	him	3.123189926147461	1.8560336828231812	1.353852391242981	1.6953634023666382
4	760	the	3.6548256874084473	1.8209381103515625	1.3250483274459839	1.298490285873413
4	761	nickel	11.82870864868164	12.202231407165527	10.38224983215332	10.663439750671387
4	762	back	4.825004577636719	4.235129356384277	1.7125749588012695	1.9008136987686157
4	763	and	2.8019816875457764	3.0487189292907715	2.6655890941619873	2.973659038543701
4	764	told	7.510108947753906	5.862059593200684	8.142577171325684	7.799156188964844
4	765	him	2.94321608543396	1.8666329383850098	1.8133572340011597	1.1945387125015259
4	766	that	3.8029866218566895	1.4701545238494873	1.531368613243103	1.6188608407974243
4	767	I	3.8714895248413086	3.450793743133545	3.2427971363067627	3.167952060699463
4	768	was	2.7911250591278076	2.543898105621338	1.626947045326233	1.3110308647155762
4	769	not	3.4648635387420654	4.0317888259887695	3.2572877407073975	2.9494917392730713
4	770	hungry.	13.14709186553955	12.480805397033691	10.134773254394531	10.170475006103516
4	771	'I'm	11.684219360351562	10.896088600158691	10.668074607849121	11.489001274108887
4	772	so	4.087292671203613	3.5664408206939697	3.9019851684570312	4.173521518707275
4	773	sorry,	9.023710250854492	3.7585811614990234	4.554437637329102	4.581092834472656
4	774	baby,'	13.58582592010498	13.179483413696289	8.867910385131836	7.026664733886719
4	775	he	2.28414249420166	1.8829363584518433	1.7152063846588135	2.74591326713562
4	776	said,	4.130523204803467	2.8713464736938477	2.163280963897705	2.2927889823913574
4	777	as	4.447099208831787	4.266802787780762	3.7056758403778076	3.1367392539978027
4	778	I	4.19553279876709	4.301942825317383	4.645133018493652	4.426546096801758
4	779	climbed	9.924696922302246	8.100776672363281	6.032515048980713	5.832315444946289
4	780	out	2.8634605407714844	3.006849765777588	2.87701153755188	2.5449204444885254
4	781	of	1.2769882678985596	0.33084607124328613	0.3224976062774658	0.21846966445446014
4	782	his	4.349154472351074	3.748978614807129	2.517890691757202	4.901421546936035
4	783	barber	10.470392227172852	10.788917541503906	9.773943901062012	11.03784465789795
4	784	chair.	7.5359954833984375	6.005029678344727	5.820733547210693	3.5723671913146973
4	785	'I	8.232148170471191	8.362349510192871	7.965447902679443	7.762264251708984
4	786	am	2.6155922412872314	2.6074604988098145	3.2560877799987793	3.2207138538360596
4	787	not	1.8183369636535645	2.062596559524536	2.286933422088623	2.3272457122802734
4	788	a	3.1330788135528564	2.242159843444824	1.6811943054199219	2.201914072036743
4	789	baby,'	16.10481834411621	15.693803787231445	14.876086235046387	10.083038330078125
4	790	I	3.336801528930664	3.446305274963379	3.4432220458984375	2.79494047164917
4	791	said,	6.028846740722656	2.4485604763031006	2.4044227600097656	2.515738010406494
4	792	as	4.447099208831787	5.3091325759887695	4.768864631652832	5.050993919372559
4	793	I	4.19553279876709	4.301942825317383	0.92500901222229	1.2174023389816284
4	794	wiped	10.80713939666748	10.009011268615723	6.986078262329102	6.127786636352539
4	795	the	2.615046977996826	1.6987605094909668	1.4016741514205933	1.3401013612747192
4	796	tears	11.076393127441406	3.7640089988708496	3.135996103286743	2.604696035385132
4	797	from	3.2552738189697266	3.5743207931518555	0.38297781348228455	0.6117790341377258
4	798	my	5.005857467651367	2.6859216690063477	2.1353907585144043	1.7024446725845337
4	799	eyes.	6.508185386657715	6.2869720458984375	1.979522466659546	1.5708216428756714
4	800	I	3.080871105194092	1.7347724437713623	1.6304590702056885	1.3432449102401733
4	801	then	6.675823211669922	5.438292980194092	5.711001396179199	5.556175231933594
4	802	sat	7.804509162902832	6.150953769683838	5.5718841552734375	5.408004283905029
4	803	down	1.3745430707931519	1.1269023418426514	0.8921920657157898	1.048329472541809
4	804	on	2.9424426555633545	2.9315900802612305	2.0441973209381104	2.275566577911377
4	805	the	1.3069698810577393	1.2512493133544922	0.5993712544441223	0.49620893597602844
4	806	floor	7.7598876953125	5.3999481201171875	4.75435733795166	2.4143295288085938
4	807	and	2.3418891429901123	2.0834615230560303	2.167250871658325	1.5319223403930664
4	808	brushed	11.679953575134277	9.278215408325195	9.627065658569336	9.944540977478027
4	809	away	4.228540897369385	4.095339298248291	3.4236857891082764	3.3272900581359863
4	810	the	3.3118457794189453	1.7567567825317383	1.313041090965271	0.9558534622192383
4	811	hair	9.626847267150879	7.96394681930542	5.887566566467285	5.446401596069336
4	812	that	4.556700706481934	3.8057732582092285	3.031219959259033	2.446242570877075
4	813	had	5.5587310791015625	3.7341065406799316	3.4007246494293213	2.201223850250244
4	814	accumulated	8.828229904174805	7.411699295043945	7.494890213012695	6.234129428863525
4	815	on	4.435279846191406	4.031919479370117	3.0355021953582764	2.2686829566955566
4	816	my	4.7571635246276855	5.085955619812012	3.757075309753418	3.9180421829223633
4	817	shiny	10.578818321228027	10.05813217163086	9.81300163269043	10.288086891174316
4	818	new	5.4740471839904785	0.9840995073318481	0.7238948941230774	0.5375054478645325
4	819	Buster	13.87686824798584	13.846635818481445	12.652776718139648	13.340921401977539
4	820	Brown	6.588747024536133	4.8674821853637695	5.034048080444336	4.976190567016602
4	821	shoes.	11.860077857971191	13.263668060302734	10.277276992797852	7.102509498596191
4	822	My	5.078282833099365	5.39909553527832	5.645885467529297	5.762862205505371
4	823	head	5.7067060470581055	5.4544677734375	5.877608299255371	6.229926109313965
4	824	was	4.85556697845459	1.6418439149856567	1.355647325515747	1.3693933486938477
4	825	no	4.562166690826416	6.575761795043945	6.860269069671631	6.609005928039551
4	826	longer	2.218226909637451	2.6258299350738525	0.5587594509124756	0.3081452250480652
4	827	in	4.7283806800842285	3.9684548377990723	2.9637582302093506	3.0284206867218018
4	828	the	1.3865309953689575	1.2701785564422607	1.3725271224975586	1.141957402229309
4	829	clouds,	11.506382942199707	10.578065872192383	9.786455154418945	10.064481735229492
4	830	and	1.880988597869873	1.9165797233581543	2.092229127883911	2.158782958984375
4	831	I	4.621726989746094	4.780783176422119	4.078350067138672	4.002660751342773
4	832	got	4.442290306091309	4.770025253295898	4.648714065551758	4.655215740203857
4	833	up	4.442226886749268	4.617985725402832	4.481415748596191	3.796477794647217
4	834	off	7.149757385253906	4.2866997718811035	4.077688694000244	3.7835817337036133
4	835	the	1.3475805521011353	0.7172098755836487	0.2695635259151459	0.2750050127506256
4	836	floor,	9.18637466430664	5.792996406555176	4.125964641571045	2.8003623485565186
4	837	brushed	10.378700256347656	10.680234909057617	10.696798324584961	10.47084903717041
4	838	off	2.9696712493896484	2.9411330223083496	2.723806381225586	2.179903030395508
4	839	my	4.375723838806152	4.673947811126709	4.324594974517822	4.346186637878418
4	840	short	8.388044357299805	8.662111282348633	9.187448501586914	7.634698867797852
4	841	pants,	10.849809646606445	9.881896018981934	5.23201847076416	6.047606945037842
4	842	and	1.7606573104858398	2.274700880050659	1.6361064910888672	1.4027900695800781
4	843	walked	9.443543434143066	7.574820518493652	7.961434364318848	6.147237777709961
4	844	sullenly	13.85597038269043	12.422128677368164	12.044818878173828	11.722846984863281
4	845	towards	7.090165138244629	4.238657474517822	3.0728330612182617	2.816619634628296
4	846	the	1.3708609342575073	0.9001635313034058	0.6710461378097534	0.4818992018699646
4	847	door.	9.21654987335205	6.356398105621338	4.792030334472656	3.305521011352539
4	848	The	2.3214099407196045	2.535250186920166	2.559170722961426	2.7541096210479736
4	849	matron	12.796497344970703	10.823624610900879	10.495827674865723	10.064897537231445
4	850	was	3.690054178237915	2.720393180847168	2.66623854637146	2.633491277694702
4	851	smiling	10.159011840820312	8.455735206604004	6.744973182678223	5.401910781860352
4	852	at	2.4155592918395996	2.44088077545166	1.4618734121322632	1.748460054397583
4	853	me	6.880523681640625	3.1533989906311035	2.114074945449829	1.7894399166107178
4	854	sort	9.305197715759277	10.420827865600586	11.227858543395996	10.686633110046387
4	855	of	0.11064770817756653	0.26040729880332947	0.07138937711715698	0.13869331777095795
4	856	funny	11.155876159667969	7.403219223022461	7.899923324584961	5.669416427612305
4	857	like.	12.019920349121094	11.340822219848633	10.176508903503418	9.51425552368164
4	858	The	2.784644365310669	3.198965311050415	3.0509250164031982	3.294398546218872
4	859	barber	12.060456275939941	11.672006607055664	11.515068054199219	11.403482437133789
4	860	upset	11.976945877075195	11.206242561340332	11.780843734741211	11.569863319396973
4	861	by	3.0329651832580566	2.5597476959228516	3.3204915523529053	4.545434951782227
4	862	the	1.5458581447601318	0.9083280563354492	1.6359864473342896	1.0140711069107056
4	863	matron	14.263276100158691	13.063361167907715	15.92810344696045	14.26813793182373
4	864	said	6.715512752532959	6.218801498413086	7.368145942687988	8.013692855834961
4	865	to	3.6833791732788086	2.0881669521331787	1.794603705406189	2.384544610977173
4	866	her,	8.526726722717285	5.404200077056885	3.8212697505950928	3.592224597930908
4	867	'You	8.366147994995117	8.380016326904297	4.533824443817139	4.73699426651001
4	868	are	2.501284599304199	2.2977778911590576	2.1218440532684326	1.4884852170944214
4	869	just	5.1910271644592285	5.167788505554199	4.604709625244141	4.723515510559082
4	870	a	2.5661141872406006	2.0938639640808105	1.5863919258117676	1.5755764245986938
4	871	damn	9.498542785644531	7.265079498291016	8.606163024902344	6.18030309677124
4	872	bitch,	10.320661544799805	9.614020347595215	8.435309410095215	10.065710067749023
4	873	lady.'	15.016843795776367	15.163135528564453	13.756963729858398	13.651495933532715
4	874	She	3.072563886642456	3.1001529693603516	2.9260568618774414	3.0565366744995117
4	875	yelled	8.77714729309082	8.34868049621582	7.1013336181640625	6.739022254943848
4	876	back	4.563592910766602	3.9167168140411377	3.487938165664673	3.458970069885254
4	877	at	3.8543646335601807	0.8731602430343628	1.0854498147964478	0.966345489025116
4	878	him	6.802428245544434	3.813425064086914	2.6222591400146484	2.1899309158325195
4	879	at	4.205554008483887	4.2799177169799805	4.669776439666748	4.4955668449401855
4	880	the	1.3130742311477661	1.4322432279586792	1.1564199924468994	1.1394071578979492
4	881	top	5.95158576965332	4.188804626464844	4.1022210121154785	4.3996663093566895
4	882	of	1.1325135231018066	1.0956027507781982	0.26497194170951843	0.15783748030662537
4	883	her	5.251116752624512	4.613009452819824	4.630914211273193	4.667741775512695
4	884	lungs,	9.833754539489746	9.626653671264648	8.636054992675781	6.332244873046875
4	885	before	7.385343551635742	6.22137975692749	6.19361686706543	6.079577445983887
4	886	walking	7.088587760925293	6.545562744140625	6.539880275726318	6.886536121368408
4	887	toward	5.159582138061523	4.905913829803467	5.131004810333252	5.1581292152404785
4	888	the	1.389391303062439	0.8190817832946777	0.5726564526557922	0.5883151292800903
4	889	office,	10.099437713623047	9.296083450317383	7.879062652587891	7.907468795776367
4	890	as	4.223538398742676	4.33036994934082	4.357954978942871	4.633875846862793
4	891	fast	6.867839336395264	9.386758804321289	8.827776908874512	8.122328758239746
4	892	as	2.910733699798584	0.10784758627414703	0.04182741418480873	0.04182817041873932
4	893	she	4.986759662628174	4.538846969604492	5.005325794219971	3.9898288249969482
4	894	could.	9.058697700500488	7.277405738830566	2.847869873046875	2.2197091579437256
4	895	To	5.3851318359375	5.839625358581543	5.963054180145264	5.985701560974121
4	896	show	5.5504326820373535	5.504853248596191	5.288074970245361	5.497854232788086
4	897	his	5.28073787689209	3.6736457347869873	3.4949138164520264	3.9964587688446045
4	898	anger,	10.396605491638184	8.686403274536133	6.652250289916992	6.771583557128906
4	899	the	3.3360395431518555	3.2598390579223633	3.5865578651428223	2.579355001449585
4	900	man	6.918849468231201	5.390365123748779	3.9531116485595703	3.819749355316162
4	901	hit	7.772848129272461	7.095839500427246	5.957080841064453	5.337594985961914
4	902	the	2.0011115074157715	1.7415448427200317	1.3474375009536743	1.3368116617202759
4	903	wall	8.096663475036621	5.261847019195557	5.165146350860596	4.83527946472168
4	904	with	3.3611931800842285	3.4278218746185303	3.1861395835876465	2.549844741821289
4	905	his	3.9551994800567627	3.0002424716949463	2.417865037918091	2.6580381393432617
4	906	hand	5.455531120300293	5.22395133972168	3.5989274978637695	3.9270880222320557
4	907	and	2.5082383155822754	1.9263052940368652	2.9366068840026855	2.1712610721588135
4	908	then	4.8332672119140625	4.210415840148926	4.063302040100098	3.7458388805389404
4	909	walked	7.564547538757324	6.97248649597168	5.903454780578613	5.770808219909668
4	910	outside	5.948144912719727	5.056857585906982	5.155583381652832	5.717641830444336
4	911	where	7.160553932189941	5.499752044677734	4.387436389923096	4.299592971801758
4	912	he	2.663740873336792	2.5032272338867188	2.0946826934814453	1.294689655303955
4	913	stood	6.937740802764893	6.831427097320557	6.6509809494018555	5.743744850158691
4	914	against	5.595031261444092	5.035540580749512	4.50284481048584	5.273365497589111
4	915	the	1.4847651720046997	0.9792743921279907	1.0041968822479248	0.880110502243042
4	916	brick	10.638237953186035	9.77946662902832	9.490256309509277	10.847558975219727
4	917	wall,	4.293629169464111	3.5564708709716797	2.844709634780884	2.2590322494506836
4	918	smoking	9.575459480285645	9.379940032958984	9.918067932128906	10.206859588623047
4	919	a	4.246935844421387	1.0405532121658325	0.8492414951324463	0.8497603535652161
4	920	cigarette.	11.462059020996094	3.6408591270446777	2.1547622680664062	2.3174943923950195
4	921	I	3.0724194049835205	3.0219838619232178	3.7820444107055664	3.3289079666137695
4	922	understood	8.046514511108398	8.612597465515137	8.318398475646973	8.16759204864502
4	923	right	8.05397891998291	6.490027904510498	5.74487829208374	5.751266002655029
4	924	there	5.709943771362305	3.9469141960144043	4.565515041351318	4.270711421966553
4	925	my	9.142816543579102	8.580610275268555	8.597321510314941	7.126730918884277
4	926	haircut	11.229981422424316	12.531578063964844	11.678068161010742	11.779212951660156
4	927	was	3.690101385116577	3.0480782985687256	1.7467706203460693	2.047605514526367
4	928	something	6.485455513000488	5.499631881713867	5.716605186462402	6.860445499420166
4	929	that	2.2752885818481445	1.7018920183181763	1.4979363679885864	1.6056153774261475
4	930	had	5.558730602264404	4.517297267913818	2.9575181007385254	3.3781096935272217
4	931	been	1.9564940929412842	1.2385568618774414	1.3724627494812012	1.3904441595077515
4	932	out	7.000372886657715	6.089709281921387	6.576155662536621	5.323881149291992
4	933	of	1.2769882678985596	0.7030314207077026	0.9005881547927856	0.9174388647079468
4	934	the	1.4618616104125977	1.2509452104568481	1.0862171649932861	1.2358641624450684
4	935	power	6.8761396408081055	7.434865474700928	7.5701212882995605	8.342790603637695
4	936	of	2.1991567611694336	0.7731927037239075	1.2972090244293213	1.3417335748672485
4	937	the	1.4618616104125977	1.0939120054244995	1.1897753477096558	1.0216398239135742
4	938	barber	12.32383918762207	12.611296653747559	13.766206741333008	13.993075370788574
4	939	and	3.020171642303467	2.5926389694213867	2.8145198822021484	2.201263427734375
4	940	then	4.8332672119140625	4.831766128540039	4.179608345031738	4.748162269592285
4	941	I	3.6887001991271973	4.246828079223633	4.62202787399292	4.562305450439453
4	942	slowly	9.89084243774414	8.24322509765625	7.576495170593262	8.027544975280762
4	943	walked	7.451516628265381	4.498146057128906	4.907901763916016	4.745639324188232
4	944	outside	5.948144912719727	5.649405479431152	5.889513969421387	6.10882043838501
4	945	to	4.7551164627075195	1.6469553709030151	1.8258578777313232	1.6166943311691284
4	946	join	6.633448600769043	5.6995134353637695	5.415160179138184	4.9674506187438965
4	947	the	1.2347618341445923	0.9397193193435669	1.121824026107788	1.110884666442871
4	948	man.	10.464844703674316	10.915239334106445	11.220782279968262	9.850975036621094
4	949	He	2.5727922916412354	2.3423264026641846	2.545323610305786	2.4319679737091064
4	950	looked	5.7495832443237305	5.009161949157715	4.6601738929748535	5.256048679351807
4	951	down,	7.651646137237549	6.263383865356445	6.080704689025879	5.974030017852783
4	952	smiled	10.215599060058594	6.889510154724121	6.309685230255127	6.313504219055176
4	953	at	2.007443428039551	1.9646388292312622	1.9082762002944946	1.9995688199996948
4	954	me,	8.020785331726074	3.6620185375213623	2.668113946914673	2.321870803833008
4	955	then	5.1518402099609375	4.4646100997924805	3.3684418201446533	3.1343801021575928
4	956	he	3.9105875492095947	4.270974159240723	3.472350597381592	3.3488099575042725
4	957	patted	11.31575870513916	10.088933944702148	9.861141204833984	7.467148303985596
4	958	me	2.991270065307617	2.7522900104522705	2.229924440383911	0.8915239572525024
4	959	on	3.7925844192504883	0.16292251646518707	0.12542453408241272	0.11561335623264313
4	960	the	1.3069698810577393	1.7384828329086304	0.0528300479054451	0.04762836545705795
4	961	top	5.95158576965332	5.7886528968811035	6.375143051147461	6.6554670333862305
4	962	of	1.1325135231018066	1.0956027507781982	0.8438404202461243	0.8473050594329834
4	963	my	5.180314064025879	3.99027681350708	3.6435160636901855	3.682050943374634
4	964	bald	12.014126777648926	12.571779251098633	10.534564018249512	10.694255828857422
4	965	as	3.727309226989746	6.7469635009765625	6.730200290679932	7.991440773010254
4	966	a	1.8714717626571655	1.5766578912734985	1.6320290565490723	1.4905552864074707
4	967	coot	15.717079162597656	17.342239379882812	10.556305885314941	11.11260986328125
4	968	head.	10.662866592407227	9.592048645019531	9.784120559692383	10.309585571289062
4	969	It	3.349946975708008	3.421330213546753	3.423746109008789	3.2802162170410156
4	970	was	1.6171106100082397	1.3895556926727295	1.4782328605651855	1.5180320739746094
4	971	a	2.5677971839904785	1.8369977474212646	1.7434425354003906	1.748267412185669
4	972	fact	8.230287551879883	7.551380634307861	7.290284633636475	7.358859539031982
4	973	of	3.454564094543457	2.263690948486328	1.6853125095367432	1.5958470106124878
4	974	my	5.180314064025879	4.757004737854004	5.815237998962402	5.771639823913574
4	975	life	4.574513912200928	4.059097766876221	2.862637996673584	1.8503680229187012
4	976	that	3.7242510318756104	3.693187952041626	3.352684497833252	2.989225387573242
4	977	I	3.8714895248413086	2.946908950805664	0.9906588792800903	0.8861223459243774
4	978	was	2.7911250591278076	2.543898344039917	2.9525279998779297	2.6197426319122314
4	979	not	3.4648635387420654	4.0317888259887695	3.2572877407073975	3.5064308643341064
4	980	gonna	7.8364644050598145	9.514190673828125	7.334970474243164	6.910942077636719
4	981	have	3.3964993953704834	3.8890209197998047	3.8911967277526855	3.548041343688965
4	982	hair	11.347686767578125	10.713257789611816	9.864767074584961	10.080426216125488
4	983	that	4.556700706481934	2.484787702560425	3.0609121322631836	3.228480100631714
4	984	was	4.186563014984131	2.322678804397583	3.5470263957977295	4.369158744812012
4	985	anything	8.402839660644531	7.682292461395264	8.382081031799316	7.731572151184082
4	986	like	3.7892472743988037	2.9024405479431152	1.8851592540740967	2.1777565479278564
4	987	Elvis's	14.7337007522583	16.431907653808594	14.200835227966309	13.798988342285156
4	988	anytime	12.870469093322754	11.958771705627441	11.32021427154541	11.348917007446289
4	989	soon.	7.208759784698486	2.049381971359253	2.1866612434387207	1.1493730545043945
4	990	I	2.9803316593170166	3.5838685035705566	3.6156325340270996	3.650790214538574
4	991	then	6.675823211669922	6.330965995788574	7.524409294128418	7.675333023071289
4	992	looked	7.195160865783691	4.946584224700928	4.885481834411621	4.277869701385498
4	993	up	3.53908109664917	2.307954788208008	2.067028522491455	2.22857403755188
4	994	at	4.123319625854492	1.5560637712478638	1.1011396646499634	1.6335949897766113
4	995	the	1.3130742311477661	1.0394587516784668	1.1957800388336182	1.0763078927993774
4	996	barber	12.32383918762207	11.079751014709473	10.133214950561523	10.602783203125
4	997	with	4.410593509674072	4.4252610206604	4.996249675750732	3.926314353942871
4	998	my	4.947334289550781	5.4688262939453125	4.890588760375977	3.8413679599761963
4	999	wet	9.702651023864746	9.830192565917969	8.99917984008789	7.752814292907715
4	1000	red	7.512907028198242	7.248717308044434	6.703896522521973	6.669954299926758
4	1001	eyes	5.047481060028076	3.9073967933654785	4.4517951011657715	4.725996017456055
4	1002	and	1.9165470600128174	1.4364780187606812	1.7972458600997925	1.848084568977356
4	1003	asked,	10.954158782958984	6.4815287590026855	8.86711597442627	7.44133186340332
4	1004	'Do	6.040951728820801	4.9508795738220215	5.798374176025391	6.3970184326171875
4	1005	you	0.9989333152770996	0.24085627496242523	0.2354660928249359	0.2057168185710907
4	1006	know	3.8459270000457764	1.9707813262939453	1.7955763339996338	1.6889328956604004
4	1007	if	3.606325149536133	4.4481964111328125	4.50407600402832	4.171483993530273
4	1008	Elvis	12.242279052734375	11.929890632629395	12.691143989562988	10.175555229187012
4	1009	Presley	5.2226362228393555	2.5573110580444336	2.81805419921875	2.7295165061950684
4	1010	has	4.460555076599121	4.978278636932373	4.6827921867370605	3.8578853607177734
4	1011	green	10.232529640197754	10.75498104095459	10.612462997436523	9.878602981567383
4	1012	bones?'	20.368879318237305	19.995376586914062	20.69809341430664	20.036767959594727
5	0	This	4.122551441192627	4.122551441192627	4.122551441192627	4.122551441192627
5	1	is	1.337461233139038	1.337460994720459	1.337461233139038	1.337460994720459
5	2	a	2.279606580734253	1.8209065198898315	1.8209065198898315	1.8209065198898315
5	3	story	7.143520832061768	6.432549476623535	5.572946548461914	5.572946548461914
5	4	of	1.9096407890319824	2.276494264602661	1.4498257637023926	1.3814656734466553
5	5	how	6.27048921585083	2.774466037750244	3.101252317428589	3.001788854598999
5	6	Mr.	9.36413288116455	8.492194175720215	6.876934051513672	7.18752384185791
5	7	Sticky	14.478614807128906	14.65123176574707	14.885851860046387	14.134763717651367
5	8	got	10.820106506347656	8.577346801757812	6.687245845794678	5.376773834228516
5	9	in	4.299238204956055	3.9127674102783203	3.3977060317993164	3.8232028484344482
5	10	Abby's	14.847228050231934	14.902982711791992	14.05148983001709	14.759092330932617
5	11	fish	9.66920280456543	10.193817138671875	10.444939613342285	9.853775978088379
5	12	tank.	9.12099838256836	3.5223443508148193	1.849379062652588	2.03057861328125
5	13	'He's	13.390313148498535	12.95269775390625	12.121922492980957	12.553008079528809
5	14	very	4.56185245513916	4.271240711212158	3.8368310928344727	3.9648826122283936
5	15	small,'	14.209869384765625	8.664735794067383	7.36220121383667	6.957157135009766
5	16	Abby's	15.77258586883545	16.08694839477539	16.31357192993164	15.186001777648926
5	17	mom	5.324857711791992	2.7363405227661133	2.7763819694519043	2.1045241355895996
5	18	said	4.115095138549805	4.480541706085205	2.8620517253875732	2.922351837158203
5	19	as	5.246997833251953	5.248952388763428	5.282758712768555	2.909811019897461
5	20	she	4.986759662628174	1.669993281364441	0.36877965927124023	0.5007063746452332
5	21	peered	10.002638816833496	7.685733318328857	6.973492622375488	6.35014009475708
5	22	at	1.892335295677185	2.1545498371124268	2.1040968894958496	2.1587047576904297
5	23	the	1.3130742311477661	0.9443368315696716	0.9979605674743652	0.91889888048172
5	24	tiny	9.171545028686523	9.747568130493164	6.044772148132324	6.0727667808532715
5	25	water	6.8302812576293945	7.477753162384033	7.7514729499816895	7.448675155639648
5	26	snail.	13.230793952941895	12.501057624816895	11.189777374267578	13.201078414916992
5	27	Abby	10.998396873474121	12.401601791381836	11.872802734375	11.560138702392578
5	28	said	4.49838924407959	4.586808204650879	4.676241874694824	4.957244396209717
5	29	that	2.095280647277832	2.00917387008667	1.2884446382522583	1.6437546014785767
5	30	he	3.5226593017578125	2.2644457817077637	3.2519097328186035	3.4109630584716797
5	31	would	3.732558012008667	2.9080891609191895	2.3687033653259277	2.988281488418579
5	32	grow	7.4997382164001465	7.490109920501709	7.880919456481934	8.988636016845703
5	33	and	3.1901323795318604	3.510740041732788	4.21889591217041	4.082669258117676
5	34	then	4.8332672119140625	5.5333051681518555	4.850386142730713	5.318278789520264
5	35	pulled	7.900150299072266	7.048165321350098	9.485551834106445	9.575956344604492
5	36	her	3.4371399879455566	2.98244047164917	2.8385796546936035	3.567418336868286
5	37	pajama	12.758932113647461	9.572935104370117	9.539697647094727	9.799001693725586
5	38	bottoms	2.7385268211364746	1.7245051860809326	0.8752471208572388	0.6134347915649414
5	39	up	2.1231863498687744	6.130463600158691	5.313772678375244	1.5184398889541626
5	40	again	5.830163955688477	6.544889450073242	6.998626708984375	6.615458011627197
5	41	before	5.022364139556885	4.886748790740967	4.271732330322266	4.256656646728516
5	42	she	4.0782084465026855	3.9291932582855225	4.039190292358398	3.282726287841797
5	43	got	4.8866424560546875	3.439929485321045	3.8659558296203613	3.6767683029174805
5	44	into	4.392915725708008	3.4255266189575195	3.2862377166748047	3.5657825469970703
5	45	bed,	9.985149383544922	7.2903852462768555	6.259800910949707	5.635188102722168
5	46	for	5.473287582397461	6.005673885345459	6.045392990112305	6.4198527336120605
5	47	they	7.819399356842041	4.192938804626465	3.968543529510498	4.244510173797607
5	48	were	2.5176022052764893	2.4149184226989746	2.1431403160095215	1.992355465888977
5	49	always	5.902344703674316	6.037815570831299	5.470857620239258	5.057689666748047
5	50	falling	9.483420372009277	8.272340774536133	8.116377830505371	7.457633018493652
5	51	down.	5.109747886657715	5.070888519287109	4.778315544128418	4.19472599029541
5	52	Usually,	9.477014541625977	9.368395805358887	9.36086654663086	8.836674690246582
5	53	Abby's	16.01180076599121	16.40920639038086	16.44182586669922	15.344079971313477
5	54	mom	5.324857711791992	4.4930925369262695	4.46433687210083	4.45114278793335
5	55	got	5.661951541900635	5.392103672027588	5.498048782348633	5.031588554382324
5	56	up	4.442226886749268	3.870021343231201	4.236586570739746	4.428045749664307
5	57	at	4.123318672180176	3.9910888671875	3.7918405532836914	4.324759483337402
5	58	the	1.3130742311477661	1.0394587516784668	2.310232639312744	2.919746160507202
5	59	crack	10.616976737976074	9.561616897583008	7.930526256561279	2.8160860538482666
5	60	of	3.4514431953430176	1.6503626108169556	0.08259572833776474	0.10724709182977676
5	61	dawn,	12.499431610107422	6.188148021697998	1.788787841796875	1.4105274677276611
5	62	but	3.289669990539551	3.6194193363189697	3.515835762023926	3.6657729148864746
5	63	it	2.854326009750366	2.6340839862823486	2.7127604484558105	2.5503885746002197
5	64	was	2.332796096801758	1.9581379890441895	1.528433918952942	1.1777821779251099
5	65	Abby	14.947792053222656	14.240296363830566	14.91427230834961	14.562182426452637
5	66	who	5.848590850830078	3.5234122276306152	0.9855648279190063	0.6330102682113647
5	67	jumped	8.788865089416504	7.851118087768555	6.982842445373535	6.813897609710693
5	68	out	2.475100517272949	2.2394938468933105	2.20438551902771	2.28289794921875
5	69	of	1.2769882678985596	0.7131471037864685	0.4441571533679962	0.34816500544548035
5	70	bed	10.745979309082031	5.794370651245117	3.624742269515991	3.389173746109009
5	71	first	9.32913589477539	8.605050086975098	7.082284927368164	6.932796478271484
5	72	the	5.890273571014404	5.741124629974365	5.963365077972412	6.924529552459717
5	73	next	5.502037048339844	5.570858001708984	1.8447129726409912	1.979684591293335
5	74	morning	5.657235622406006	5.667990207672119	3.2480571269989014	2.0375020503997803
5	75	and	2.444155216217041	2.1767845153808594	2.0583038330078125	1.6344555616378784
5	76	switched	10.32935905456543	9.05854320526123	8.998665809631348	9.195717811584473
5	77	on	3.3048229217529297	2.5459790229797363	1.3605448007583618	1.4424000978469849
5	78	the	1.3069698810577393	1.7374690771102905	0.8366824984550476	0.691909670829773
5	79	light	7.804921627044678	8.46976375579834	5.008096694946289	4.348810195922852
5	80	in	3.736360549926758	3.8329010009765625	4.411627292633057	2.7412755489349365
5	81	her	5.411279678344727	4.3859381675720215	3.8031535148620605	4.243533134460449
5	82	fish	10.294733047485352	10.375428199768066	11.636536598205566	11.255247116088867
5	83	tank,	9.147890090942383	4.332655906677246	2.38938045501709	2.318127155303955
5	84	which	3.188173770904541	3.355545997619629	3.2438111305236816	3.3230719566345215
5	85	contained	8.05732536315918	6.560553550720215	5.845256805419922	5.519649028778076
5	86	three	5.678502082824707	5.503843307495117	5.31473445892334	4.896324157714844
5	87	fish.	12.389145851135254	11.518186569213867	10.704559326171875	11.16996955871582
5	88	At	5.4375319480896	5.048893928527832	4.876404762268066	4.783926963806152
5	89	first,	5.570682048797607	3.771851062774658	3.5093207359313965	3.702430248260498
5	90	she	5.119741439819336	3.241567373275757	3.453622817993164	3.3874855041503906
5	91	could	4.226595401763916	4.808653354644775	4.781839847564697	4.773475646972656
5	92	see	4.286728382110596	3.343644618988037	3.302004814147949	3.441563844680786
5	93	neither	10.035715103149414	9.159567832946777	9.00739574432373	8.97131061553955
5	94	hide	9.06569766998291	10.308465957641602	10.098804473876953	9.794675827026367
5	95	nor	10.095097541809082	2.0438148975372314	0.015153233893215656	0.010995808988809586
5	96	hair	10.62532901763916	8.375055313110352	8.326387405395508	0.234137624502182
5	97	of	4.191713333129883	2.861269474029541	1.668046474456787	2.3582401275634766
5	98	the	1.4618616104125977	1.3038393259048462	1.1528174877166748	1.392994999885559
5	99	snail,	14.45308780670166	14.487398147583008	10.852282524108887	11.696468353271484
5	100	but	3.420799970626831	3.0804574489593506	3.1090102195739746	3.352194309234619
5	101	then	4.8112993240356445	4.868709564208984	4.49560546875	4.838137149810791
5	102	she	4.713489532470703	4.154716491699219	3.799933671951294	3.4803006649017334
5	103	spotted	8.663517951965332	7.849252700805664	7.713710308074951	6.2554731369018555
5	104	him.	7.209414958953857	5.290715217590332	4.741843223571777	4.588271141052246
5	105	It	3.6749215126037598	3.676907539367676	3.6731221675872803	3.575551986694336
5	106	had	4.6718292236328125	4.305120944976807	3.8280580043792725	3.6470162868499756
5	107	taken	4.987831115722656	4.401621341705322	3.4916114807128906	4.083117961883545
5	108	Abby	15.994468688964844	14.106678009033203	12.106587409973145	11.707864761352539
5	109	a	6.304137229919434	4.846798896789551	5.1588239669799805	1.7599503993988037
5	110	while	8.133626937866211	5.783751964569092	6.421212673187256	3.018465042114258
5	111	to	5.720696449279785	2.5163424015045166	4.965888023376465	0.9237688779830933
5	112	find	5.03812837600708	4.703978538513184	3.3914198875427246	4.032886981964111
5	113	Sticky	16.9078426361084	15.626502990722656	14.431939125061035	15.852502822875977
5	114	because	9.269497871398926	8.159339904785156	7.819531440734863	8.259995460510254
5	115	he	2.916006565093994	3.37284779548645	2.6176886558532715	2.1751811504364014
5	116	was	2.2246434688568115	1.7766462564468384	2.132509469985962	2.1538496017456055
5	117	clinging	10.732748985290527	9.966514587402344	9.666604995727539	8.476889610290527
5	118	to	0.4025971293449402	0.24604269862174988	0.3251663148403168	0.18703143298625946
5	119	the	2.329280376434326	1.2141112089157104	1.1727720499038696	1.286675214767456
5	120	glass	9.303004264831543	10.05551528930664	7.312636375427246	6.627511978149414
5	121	near	8.739446640014648	7.912479400634766	7.66302490234375	7.5430121421813965
5	122	the	1.051234245300293	0.5549939870834351	0.4020581841468811	0.3179030418395996
5	123	bottom,	9.369012832641602	7.646711349487305	6.173049449920654	5.403971195220947
5	124	right	5.0335259437561035	5.478900909423828	5.083767890930176	5.411684989929199
5	125	next	5.660305500030518	3.4255967140197754	2.5660226345062256	1.872847318649292
5	126	to	2.7583394050598145	0.06062789633870125	0.03591000661253929	0.014789635315537453
5	127	the	2.329280376434326	1.5193595886230469	1.260056734085083	0.6933439373970032
5	128	gravel.	14.397045135498047	14.345029830932617	12.959532737731934	12.077610969543457
5	129	At	5.008123397827148	4.94276237487793	4.891980171203613	4.788861274719238
5	130	school	7.624645233154297	9.415842056274414	9.150808334350586	9.388301849365234
5	131	that	4.480483055114746	4.397911548614502	4.282696723937988	4.000077724456787
5	132	day,	8.356639862060547	5.753989219665527	1.1630229949951172	1.2879997491836548
5	133	Abby,	14.74622631072998	14.798871994018555	14.255945205688477	13.145098686218262
5	134	encouraged	10.21171760559082	10.735804557800293	10.220322608947754	9.786077499389648
5	135	by	2.035658836364746	1.4905636310577393	1.724748969078064	1.2066965103149414
5	136	her	5.445134162902832	5.146641731262207	1.5845507383346558	1.395788311958313
5	137	teacher,	10.208318710327148	7.9832353591918945	7.786437511444092	6.4449052810668945
5	138	wrote	6.664676189422607	7.702661514282227	8.020294189453125	8.23630142211914
5	139	excitedly	11.411211013793945	10.903960227966309	10.380029678344727	10.026505470275879
5	140	about	6.07513952255249	1.386553168296814	1.662117600440979	1.51832115650177
5	141	the	1.7622787952423096	1.3505938053131104	1.2410948276519775	1.1972272396087646
5	142	small	7.7796173095703125	8.09384822845459	7.356390953063965	7.6908769607543945
5	143	and	3.282823324203491	4.307525634765625	4.216904640197754	4.473688125610352
5	144	mysterious	10.547436714172363	9.165647506713867	8.293853759765625	7.20245885848999
5	145	Mr.	9.706640243530273	7.918518543243408	8.680057525634766	7.225368976593018
5	146	Sticky,	17.263601303100586	13.218975067138672	14.14794921875	13.967978477478027
5	147	who	5.890158653259277	2.556757688522339	1.650481939315796	1.5530974864959717
5	148	you	6.415506362915039	6.222737789154053	6.7540388107299805	6.316312789916992
5	149	could	4.411471366882324	4.796008586883545	3.6159627437591553	4.1759467124938965
5	150	mistake	10.242324829101562	9.583438873291016	8.498973846435547	7.475827693939209
5	151	for	3.13042950630188	3.349074363708496	1.9939141273498535	0.16469119489192963
5	152	a	2.6860671043395996	3.2413337230682373	1.0621637105941772	0.90889972448349
5	153	piece	6.480185031890869	6.558218479156494	8.310384750366211	5.72607421875
5	154	of	0.5379564166069031	0.2510802745819092	0.2838727831840515	0.2581411600112915
5	155	gravel.	14.112222671508789	11.063460350036621	10.669169425964355	10.577106475830078
5	156	He	3.7310662269592285	3.6733250617980957	3.2723541259765625	3.319145441055298
5	157	seemed	6.500309467315674	6.4779510498046875	6.4243879318237305	6.433211326599121
5	158	an	5.988551139831543	6.0876922607421875	6.238048076629639	6.204682350158691
5	159	ideal	6.405492782592773	4.394525051116943	3.4358224868774414	3.8775105476379395
5	160	pet	11.547891616821289	8.338432312011719	9.028725624084473	9.401399612426758
5	161	for	5.0593671798706055	3.8303141593933105	1.1871867179870605	0.6145786046981812
5	162	her,	8.068514823913574	6.82506799697876	7.254858016967773	7.996254920959473
5	163	some	7.00955057144165	7.099019527435303	7.237330913543701	7.455170154571533
5	164	of	1.805023193359375	1.3475056886672974	1.4144943952560425	1.7777440547943115
5	165	the	1.4618616104125977	0.5866640210151672	1.3320711851119995	1.1994363069534302
5	166	girls	8.865034103393555	9.002287864685059	7.720366477966309	4.517816543579102
5	167	in	2.412417411804199	2.7245993614196777	2.305757761001587	2.3152403831481934
5	168	her	5.411279678344727	4.273575782775879	3.6793627738952637	3.236527442932129
5	169	class	8.564254760742188	7.006139278411865	2.0932164192199707	2.0990121364593506
5	170	teased,	17.973621368408203	15.462455749511719	16.060009002685547	14.014705657958984
5	171	because	4.9576568603515625	5.055001258850098	4.76035213470459	5.399206161499023
5	172	Abby	13.809253692626953	12.219663619995117	12.19033432006836	11.281744003295898
5	173	was	3.3734123706817627	2.4346022605895996	2.3138809204101562	2.1763837337493896
5	174	also	4.624159336090088	4.826847076416016	5.155318737030029	4.919241905212402
5	175	very	6.722058296203613	4.707597732543945	3.8638153076171875	4.13720703125
5	176	small.	6.995320796966553	6.743588924407959	7.583804130554199	8.709919929504395
5	177	That	4.866170883178711	4.841492652893066	5.026554107666016	4.898665904998779
5	178	evening,	7.721241474151611	8.402385711669922	8.653499603271484	9.50680160522461
5	179	Abby	11.124706268310547	9.687601089477539	9.873662948608398	9.807544708251953
5	180	turned	7.5783514976501465	5.568495750427246	4.907888889312744	4.914366245269775
5	181	on	3.5311684608459473	2.245190143585205	2.2136805057525635	1.602439284324646
5	182	the	1.3069698810577393	1.6441885232925415	0.9085312485694885	0.6418414115905762
5	183	light	7.804921627044678	8.46976375579834	4.54135799407959	3.8085625171661377
5	184	and	2.682650327682495	2.713641881942749	3.2348008155822754	1.3815300464630127
5	185	found	7.57139778137207	7.626521587371826	5.947846412658691	6.137407302856445
5	186	Mr.	8.22413444519043	7.483033180236816	7.576023578643799	7.251996994018555
5	187	Sticky	14.478614807128906	13.787637710571289	13.629088401794434	13.625163078308105
5	188	clinging	12.380255699157715	13.860441207885742	9.757781028747559	8.909331321716309
5	189	to	0.4025971293449402	0.45045793056488037	0.19507946074008942	0.12422578781843185
5	190	the	2.329280376434326	1.2141112089157104	1.0141735076904297	1.5950748920440674
5	191	pond	11.456727027893066	10.869829177856445	11.874580383300781	11.11543083190918
5	192	weed	9.249445915222168	10.890094757080078	11.8155517578125	10.682969093322754
5	193	and	2.4286599159240723	1.9950977563858032	2.307668924331665	2.443251848220825
5	194	bobbing	13.305255889892578	14.06063461303711	12.254776000976562	12.576203346252441
5	195	about	3.630211353302002	4.440291404724121	5.4176459312438965	6.018402099609375
5	196	in	6.008183479309082	1.5676825046539307	1.2900224924087524	1.0992867946624756
5	197	the	1.3865312337875366	1.147012710571289	0.7874737977981567	0.7486598491668701
5	198	air	7.6995038986206055	6.635492324829102	8.454143524169922	4.280534744262695
5	199	bubbles.	9.754842758178711	10.338937759399414	11.928915023803711	10.198623657226562
5	200	'That	12.407639503479004	12.591689109802246	12.37114429473877	12.383258819580078
5	201	looks	5.477283477783203	5.479702949523926	4.90720796585083	4.4928460121154785
5	202	fun!'	18.0463809967041	7.484030723571777	7.438512325286865	7.493894577026367
5	203	Abby	12.05941104888916	12.553791046142578	12.937211990356445	10.765417098999023
5	204	exclaimed.	11.448053359985352	6.1713337898254395	6.586625576019287	5.683177947998047
5	205	She	3.839139938354492	2.988192319869995	2.459528923034668	2.5681657791137695
5	206	tried	5.851605415344238	5.638624668121338	5.129230976104736	5.094503402709961
5	207	to	0.36249661445617676	0.271373987197876	0.30294132232666016	0.3083610534667969
5	208	imagine	8.119565963745117	7.470956802368164	6.6251726150512695	5.821017265319824
5	209	what	3.0912113189697266	2.5861194133758545	1.4786550998687744	1.216093897819519
5	210	it	3.174875259399414	2.0742695331573486	1.8302171230316162	1.33943772315979
5	211	must	5.736648082733154	5.428169250488281	3.1137301921844482	2.3343706130981445
5	212	be	0.9842413663864136	0.6355524063110352	1.2492207288742065	0.8126320838928223
5	213	like	6.739047050476074	7.126906871795654	6.653116226196289	0.3342428207397461
5	214	to	2.832031726837158	3.745913028717041	4.00345516204834	2.6880440711975098
5	215	have	4.459298133850098	3.4372365474700928	2.7726316452026367	2.9043960571289062
5	216	to	2.6230762004852295	3.549868583679199	5.006733417510986	4.622043609619141
5	217	hang	8.501843452453613	8.170828819274902	7.699243545532227	7.7956132888793945
5	218	on	2.5614638328552246	2.4789962768554688	1.7375396490097046	1.9238368272781372
5	219	to	4.947985649108887	0.8879348039627075	0.693677544593811	0.8033506274223328
5	220	things	9.326543807983398	8.71903133392334	6.24111795425415	6.293440818786621
5	221	all	5.94479513168335	7.017090797424316	7.622744560241699	6.1569976806640625
5	222	day	6.880777835845947	3.8492417335510254	4.082813262939453	4.28940486907959
5	223	and	2.947420120239258	2.111454486846924	2.1996753215789795	2.300755262374878
5	224	decided	8.65185832977295	7.441658973693848	8.325861930847168	8.240636825561523
5	225	the	3.8128750324249268	4.089078903198242	4.528387069702148	4.495175838470459
5	226	answer	8.209498405456543	5.506309509277344	5.508181571960449	5.33901309967041
5	227	was	4.255467891693115	2.9725000858306885	0.727100133895874	0.5150278210639954
5	228	that	5.069153785705566	2.5529298782348633	2.9919323921203613	3.675429105758667
5	229	it	3.5452072620391846	2.851196765899658	2.6924915313720703	2.3098065853118896
5	230	was	2.332796096801758	1.8338143825531006	0.8880115151405334	0.7571285367012024
5	231	probably	6.227768898010254	5.939430236816406	5.983113765716553	6.018615245819092
5	232	very	6.018610000610352	5.54892635345459	5.511265277862549	5.923255920410156
5	233	tiring.	11.958663940429688	10.773557662963867	10.663222312927246	10.431078910827637
5	234	Abby	12.505660057067871	12.487372398376465	12.820975303649902	12.18002700805664
5	235	told	5.267391204833984	5.3838300704956055	5.259564399719238	5.385284423828125
5	236	her	3.4315543174743652	2.8389906883239746	2.2742714881896973	2.558645248413086
5	237	mom	6.892980098724365	6.509952068328857	4.23790168762207	4.390507698059082
5	238	that	4.742305278778076	5.159089088439941	1.149787425994873	0.987572193145752
5	239	she	4.673342227935791	2.595799207687378	1.371476411819458	1.1466480493545532
5	240	thought	5.958799362182617	5.440351486206055	5.485156059265137	5.561600208282471
5	241	Sticky	16.06283187866211	15.472615242004395	15.09391975402832	15.45982837677002
5	242	had	8.76331901550293	4.585317134857178	2.5309128761291504	2.5859742164611816
5	243	grown	6.416186809539795	6.658576011657715	6.625842094421387	6.2188568115234375
5	244	a	4.108186721801758	4.141444683074951	3.4688000679016113	2.6795220375061035
5	245	bit	5.099555015563965	2.2012686729431152	1.9528864622116089	2.0148983001708984
5	246	the	4.958535194396973	6.534912109375	6.056497573852539	6.923486709594727
5	247	next	5.502037048339844	6.32084846496582	4.5675883293151855	4.270005702972412
5	248	day	3.869964122772217	3.6418709754943848	2.238194465637207	1.9392865896224976
5	249	at	4.108102798461914	3.0494914054870605	3.4567315578460693	3.4633636474609375
5	250	breakfast.	11.185688018798828	9.559793472290039	7.442749977111816	7.742363929748535
5	251	'Just	12.446405410766602	11.616769790649414	12.00435733795166	11.343836784362793
5	252	as	3.771817445755005	3.584580898284912	3.7040064334869385	3.505312442779541
5	253	well	3.1267154216766357	5.2747344970703125	4.127972602844238	3.974900960922241
5	254	if	5.472989559173584	6.349194526672363	4.672283172607422	4.9590163230896
5	255	he's	5.63238525390625	6.421525478363037	5.956639289855957	4.594681739807129
5	256	going	3.4034903049468994	2.6546287536621094	2.948371171951294	2.9681482315063477
5	257	to	0.4396929442882538	0.12594127655029297	0.06445004791021347	0.06491583585739136
5	258	be	2.8581478595733643	1.5175895690917969	1.717757225036621	1.7710180282592773
5	259	gobbled	12.994166374206543	11.974515914916992	11.826823234558105	13.109662055969238
5	260	up	0.799336314201355	0.1857219934463501	0.2885366678237915	0.33139240741729736
5	261	like	6.342566013336182	5.85576868057251	3.712566614151001	4.021634578704834
5	262	that,'	10.680797576904297	9.697343826293945	12.356355667114258	13.109122276306152
5	263	her	7.1352691650390625	7.264934539794922	7.059421539306641	7.037104606628418
5	264	mom	6.892980098724365	4.150856018066406	3.631507635116577	3.5819780826568604
5	265	responded	8.69074821472168	8.959306716918945	6.785904407501221	7.119877815246582
5	266	who	8.46063232421875	7.170539379119873	8.560735702514648	8.341926574707031
5	267	was	3.0690267086029053	2.508044481277466	2.131500005722046	2.5800628662109375
5	268	busy	8.599903106689453	8.399007797241211	7.366002082824707	6.899070739746094
5	269	preparing	8.14574909210205	4.545700550079346	4.776853561401367	4.735232830047607
5	270	breakfast.	10.353958129882812	10.163457870483398	7.971451759338379	7.796372413635254
5	271	Abby	11.462291717529297	10.889705657958984	10.266861915588379	10.708223342895508
5	272	whined	12.898828506469727	11.833812713623047	11.9638671875	11.687509536743164
5	273	that	2.2120509147644043	2.424345016479492	2.3533706665039062	2.6709394454956055
5	274	she	4.673342227935791	2.408452033996582	1.3533259630203247	0.9575585126876831
5	275	didn't	4.516123294830322	4.1204423904418945	2.590208053588867	2.2793209552764893
5	276	want	2.847637176513672	2.1482579708099365	1.8452402353286743	1.4824130535125732
5	277	him	5.244573593139648	4.054710388183594	3.3717002868652344	3.514848232269287
5	278	to	1.9787216186523438	0.3394981622695923	0.4514937102794647	0.34976527094841003
5	279	get	4.038730621337891	3.898468494415283	3.4238321781158447	2.8178651332855225
5	280	too	5.699879169464111	6.951206207275391	7.17629337310791	6.356047630310059
5	281	big	4.451109409332275	3.8255257606506348	4.144284248352051	4.031041145324707
5	282	or	6.034524917602539	4.280607223510742	2.9143993854522705	3.102228879928589
5	283	he	6.257829666137695	7.149772644042969	6.084712982177734	6.526017189025879
5	284	wouldn't	6.27918004989624	5.208948612213135	4.0902099609375	3.4777579307556152
5	285	be	1.548761010169983	1.7745054960250854	1.3536015748977661	1.1684261560440063
5	286	cute	10.878608703613281	10.07605266571045	11.202198028564453	11.260623931884766
5	287	anymore.	10.37104606628418	9.086343765258789	4.158074378967285	3.3370003700256348
5	288	'Small	16.080547332763672	15.768715858459473	15.513983726501465	15.44739818572998
5	289	things,	9.360179901123047	6.905553340911865	6.731703281402588	7.222226142883301
5	290	not	4.623378753662109	5.113037109375	4.830002307891846	4.938273906707764
5	291	big	9.02676773071289	8.186297416687012	1.0754629373550415	1.1864655017852783
5	292	things,	7.7633161544799805	7.630211353302002	3.8502140045166016	2.6226258277893066
5	293	are	6.1439361572265625	6.849907875061035	6.925136566162109	5.0139617919921875
5	294	cute,	11.363324165344238	11.290628433227539	11.095088005065918	8.494111061096191
5	295	right?'	12.387046813964844	11.352773666381836	12.96430492401123	13.675655364990234
5	296	she	5.228245258331299	4.4974589347839355	4.647327423095703	5.232869625091553
5	297	asked,	6.978184700012207	3.374300718307495	3.283839702606201	3.52951979637146
5	298	half	8.99417781829834	7.876333236694336	7.311630725860596	7.016341209411621
5	299	to	4.137563705444336	2.5338451862335205	2.020888328552246	2.060429811477661
5	300	herself.	12.252382278442383	10.083333969116211	3.707834243774414	2.3468732833862305
5	301	The	2.9307494163513184	3.1413941383361816	3.1508071422576904	3.4808425903320312
5	302	next	5.483620643615723	4.602722644805908	4.307821750640869	4.5620527267456055
5	303	day	3.869964122772217	2.2720494270324707	1.9542052745819092	2.0434587001800537
5	304	in	3.1148152351379395	3.3964920043945312	4.464366912841797	4.441285133361816
5	305	art	9.79617691040039	10.466002464294434	10.547040939331055	10.240406036376953
5	306	class,	8.047286987304688	7.465531826019287	4.256448745727539	2.347313404083252
5	307	Abby	13.456104278564453	12.147343635559082	11.673035621643066	11.367301940917969
5	308	needed	9.402604103088379	8.870152473449707	7.8987555503845215	7.9523749351501465
5	309	two	6.836610317230225	5.879223346710205	6.6876020431518555	6.8669939041137695
5	310	pieces	6.495542526245117	5.146214485168457	5.330291271209717	4.960999965667725
5	311	of	0.9022193551063538	0.40217822790145874	0.2430279552936554	0.15691542625427246
5	312	paper	9.35658073425293	2.9025330543518066	3.6995694637298584	3.4436986446380615
5	313	that	3.5964584350585938	3.766328811645508	2.529804229736328	2.7138285636901855
5	314	were	5.190093994140625	6.342556953430176	4.558905601501465	2.6763100624084473
5	315	very	5.20054817199707	5.96099853515625	5.928554058074951	5.720063209533691
5	316	expensive,	7.355898857116699	8.248302459716797	7.083415508270264	7.318559169769287
5	317	to	5.280986309051514	5.328346252441406	5.573014259338379	4.872134208679199
5	318	draw	7.219389915466309	8.20838451385498	8.036620140075684	8.265719413757324
5	319	an	3.9154155254364014	4.368338108062744	4.4216485023498535	4.348198890686035
5	320	elephant,	10.142542839050293	9.2948637008667	8.724896430969238	9.144515037536621
5	321	but	3.8549511432647705	3.0654137134552	2.776944637298584	2.4638001918792725
5	322	the	2.6123580932617188	2.366152763366699	2.5857667922973633	2.697065830230713
5	323	teacher	9.943807601928711	8.890512466430664	9.60313892364502	8.694636344909668
5	324	didn't	6.983982086181641	5.997328758239746	3.926844596862793	3.8636090755462646
5	325	mind	6.476097106933594	6.10915470123291	6.342350482940674	6.392597198486328
5	326	Abby	14.69131851196289	12.564168930053711	12.376157760620117	12.488097190856934
5	327	using	10.064472198486328	7.966833591461182	5.393944263458252	5.455939769744873
5	328	the	1.680148959159851	1.5536973476409912	1.422080159187317	1.6092090606689453
5	329	expensive	10.515000343322754	10.595545768737793	10.593438148498535	11.220617294311523
5	330	paper	8.408655166625977	7.195892333984375	6.8988542556762695	8.069381713867188
5	331	because	7.156198501586914	5.96937894821167	6.5821027755737305	6.454102993011475
5	332	she	3.9873011112213135	3.5770487785339355	5.720471382141113	5.064196586608887
5	333	was	2.217952013015747	1.7285743951797485	1.797425389289856	2.330127477645874
5	334	pleased	8.061555862426758	7.531528949737549	8.130559921264648	7.878110885620117
5	335	with	1.9752777814865112	1.3991446495056152	1.3377666473388672	0.894213080406189
5	336	the	1.7403578758239746	0.6978733539581299	0.6466770768165588	0.7509946823120117
5	337	drawing	9.503090858459473	10.19658088684082	10.496683120727539	10.08320140838623
5	338	and	3.877549648284912	3.493971824645996	3.1163229942321777	1.515692114830017
5	339	wanted	8.664754867553711	9.955580711364746	8.615822792053223	8.988029479980469
5	340	it	4.664549350738525	4.060894966125488	3.822040319442749	3.260028600692749
5	341	on	4.798687934875488	5.160137176513672	4.019184589385986	4.0194621086120605
5	342	the	1.3069698810577393	1.378792405128479	1.430738091468811	1.2336852550506592
5	343	wall.	9.581284523010254	7.744832992553711	6.921454906463623	6.354593753814697
5	344	The	2.2613000869750977	2.245448350906372	2.321491241455078	2.69749116897583
5	345	teacher,	12.532323837280273	11.872440338134766	11.223380088806152	10.63151741027832
5	346	who	2.7878971099853516	1.8547872304916382	1.7489885091781616	1.8553897142410278
5	347	was	3.0690267086029053	1.9717553853988647	1.4622091054916382	1.2714840173721313
5	348	always	5.872978210449219	6.9276838302612305	6.886317253112793	8.04178524017334
5	349	very	6.638134956359863	4.121646881103516	3.4985921382904053	3.2579519748687744
5	350	encouraging,	11.428805351257324	8.947789192199707	8.038586616516113	7.642655849456787
5	351	remarked	12.159055709838867	13.188180923461914	13.790084838867188	12.806711196899414
5	352	that	1.2833583354949951	1.5692665576934814	1.6783404350280762	2.1380372047424316
5	353	the	2.3350260257720947	1.6783711910247803	1.6247045993804932	1.5035988092422485
5	354	drawing	9.503090858459473	10.409337997436523	10.081169128417969	10.04542350769043
5	355	Abby	14.331603050231934	15.498088836669922	16.31015396118164	15.32578182220459
5	356	had	4.34970235824585	6.805093765258789	3.4274230003356934	2.638690710067749
5	357	made	4.931170463562012	4.722282409667969	4.624208927154541	2.1482925415039062
5	358	was	7.964838027954102	5.937835693359375	5.456514835357666	4.91110897064209
5	359	very	4.8251729011535645	4.530849456787109	4.872946739196777	4.630970001220703
5	360	creative	8.211725234985352	7.727753639221191	7.317355155944824	8.44441032409668
5	361	and	2.606323003768921	1.463524341583252	1.1053560972213745	0.4128161668777466
5	362	beamed	12.327452659606934	14.088850975036621	15.161123275756836	12.101840019226074
5	363	at	3.445500135421753	2.697604179382324	3.6170597076416016	3.720970869064331
5	364	Abby,	16.459993362426758	14.974726676940918	13.426146507263184	14.34574031829834
5	365	giving	7.791172981262207	7.040370464324951	6.116971492767334	5.81602144241333
5	366	her	3.910764217376709	1.0764662027359009	0.8267581462860107	0.39272183179855347
5	367	the	5.643825531005859	2.1748790740966797	1.9835909605026245	2.058605909347534
5	368	seal	10.205373764038086	9.057088851928711	7.768935203552246	7.7718586921691895
5	369	of	3.0050361156463623	1.0980560779571533	0.37403354048728943	0.10100392997264862
5	370	approval.	11.944120407104492	3.8811233043670654	4.504889488220215	3.4129254817962646
5	371	Back	8.202798843383789	8.283833503723145	8.101181030273438	8.003813743591309
5	372	at	4.380404949188232	4.0110883712768555	3.6112051010131836	3.720789670944214
5	373	home,	6.339867115020752	3.874316930770874	3.1525325775146484	2.9884185791015625
5	374	Mom,	11.179059028625488	11.971802711486816	11.15891170501709	12.605192184448242
5	375	convinced	11.665489196777344	11.847628593444824	12.008614540100098	12.332477569580078
5	376	by	3.884605884552002	3.1729907989501953	3.8724122047424316	3.6007184982299805
5	377	Abby	11.590078353881836	12.831936836242676	11.223257064819336	11.252525329589844
5	378	to	4.25339412689209	6.194910049438477	1.7151249647140503	1.2287441492080688
5	379	clean	8.066413879394531	7.4157185554504395	6.61754035949707	7.591642379760742
5	380	out	4.08377742767334	3.5700459480285645	3.32293438911438	3.2416138648986816
5	381	the	2.331587791442871	1.0541636943817139	0.9005767703056335	0.9593144655227661
5	382	tank,	11.441761016845703	10.6691255569458	7.188051223754883	7.289899826049805
5	383	was	5.483584403991699	6.008133888244629	6.896124839782715	7.86481237411499
5	384	cleaning	10.173892974853516	9.464376449584961	9.078057289123535	8.713177680969238
5	385	with	5.112749099731445	5.704140663146973	5.961665630340576	5.619386672973633
5	386	a	2.2593159675598145	2.049452543258667	1.2990162372589111	1.074637770652771
5	387	special	5.951148509979248	5.988467216491699	5.388550281524658	6.101077079772949
5	388	vacuum,	13.898820877075195	13.517821311950684	13.814077377319336	10.02169132232666
5	389	or	3.371412515640259	3.6773290634155273	3.5877466201782227	3.650444507598877
5	390	'hoover'.	22.47219467163086	20.300888061523438	18.874805450439453	18.112770080566406
5	391	'Where's	11.843564987182617	12.55677318572998	13.54238224029541	14.173460006713867
5	392	Mr.	6.502623081207275	5.9210052490234375	6.16039514541626	6.536311626434326
5	393	Sticky?'	24.725635528564453	13.955425262451172	13.316516876220703	12.609899520874023
5	394	Abby	11.31833267211914	10.702265739440918	12.48315715789795	10.122231483459473
5	395	asked	7.203134059906006	2.946486711502075	2.6730570793151855	3.5458521842956543
5	396	first	9.015654563903809	9.819886207580566	10.419105529785156	10.667644500732422
5	397	thing	4.214604377746582	4.554428577423096	3.4208102226257324	3.781820058822632
5	398	when	4.9426350593566895	5.454370498657227	4.55789041519165	3.2921934127807617
5	399	she	3.425274610519409	3.8454370498657227	3.366271734237671	3.2540018558502197
5	400	came	5.311620235443115	4.54794979095459	4.409099578857422	3.3263356685638428
5	401	home	5.615344047546387	3.542682647705078	2.6774988174438477	3.2919819355010986
5	402	from	4.327273368835449	1.382681965827942	1.525333285331726	0.9618859887123108
5	403	school.	10.36385726928711	5.091094970703125	5.134472846984863	4.687947750091553
5	404	'On	13.24605655670166	13.192109107971191	13.05256462097168	13.260490417480469
5	405	the	1.0212301015853882	1.0535248517990112	1.0672976970672607	1.0375193357467651
5	406	side,'	18.070459365844727	11.073488235473633	8.403564453125	8.20748519897461
5	407	Mom	10.474698066711426	10.203895568847656	10.475664138793945	8.498618125915527
5	408	replied.	10.722769737243652	5.945117950439453	5.933795928955078	6.257640361785889
5	409	And	5.418091773986816	5.622832298278809	5.576828479766846	5.407917022705078
5	410	then	3.169790267944336	2.401825428009033	2.325540781021118	2.012244701385498
5	411	she	4.713489532470703	3.713618278503418	2.0691041946411133	1.299875259399414
5	412	added,	7.3804755210876465	6.678882122039795	6.070004463195801	4.321402072906494
5	413	'Don't	9.588839530944824	10.599410057067871	8.227388381958008	7.966091632843018
5	414	worry.	5.917356967926025	4.055276870727539	4.4355573654174805	3.8744568824768066
5	415	I	2.5371270179748535	1.8598049879074097	1.7864845991134644	1.7313785552978516
5	416	went	5.216136932373047	5.3670172691345215	6.407939910888672	6.317628860473633
5	417	extra	9.559925079345703	10.059433937072754	10.02277946472168	9.700553894042969
5	418	slowly	11.197490692138672	5.885529518127441	6.259866714477539	6.438897609710693
5	419	since	6.547125816345215	5.8249101638793945	5.010945796966553	5.082676887512207
5	420	it's	5.010981559753418	4.841520309448242	3.1165385246276855	3.8753418922424316
5	421	better	5.6797709465026855	6.5587263107299805	6.945156574249268	6.544322490692139
5	422	to	3.479469060897827	0.5115081071853638	0.9720468521118164	0.6481008529663086
5	423	be	2.8581483364105225	2.5603280067443848	2.3867440223693848	1.9994981288909912
5	424	safe	7.341353893280029	7.163745880126953	3.557401657104492	1.592437744140625
5	425	than	4.939656734466553	6.515486240386963	5.4944939613342285	0.20855091512203217
5	426	sorry.'	17.83370018005371	16.549936294555664	14.53605842590332	14.316656112670898
5	427	Abby	12.072675704956055	11.940091133117676	11.953960418701172	12.095261573791504
5	428	looked	7.738747596740723	3.6196484565734863	4.061577320098877	4.488231658935547
5	429	on	4.198151588439941	3.470439910888672	5.698598384857178	5.289727687835693
5	430	all	5.500799179077148	6.650703430175781	7.004051208496094	6.741841793060303
5	431	sides	7.070355415344238	4.045629501342773	3.8683104515075684	4.142317295074463
5	432	of	1.0639091730117798	0.7879087924957275	1.1381977796554565	1.9059251546859741
5	433	the	1.4618616104125977	0.4138089418411255	0.2576552629470825	0.31729626655578613
5	434	tank,	11.441761016845703	11.535565376281738	9.197244644165039	11.148503303527832
5	435	but	3.083656072616577	2.837435245513916	2.868506908416748	3.2530884742736816
5	436	there	4.257096767425537	4.440293312072754	4.408170223236084	4.296394348144531
5	437	was	2.090186595916748	2.0190839767456055	1.8180488348007202	1.483009934425354
5	438	no	4.562166690826416	1.4590710401535034	1.27424955368042	1.1277692317962646
5	439	sign	6.303828716278076	4.7383880615234375	4.24493932723999	3.1831507682800293
5	440	of	1.7027974128723145	0.2070215493440628	0.19266976416110992	0.16532884538173676
5	441	the	1.4618616104125977	2.0709280967712402	1.8162477016448975	1.7607252597808838
5	442	water	7.449392318725586	7.577590465545654	8.462909698486328	7.521842956542969
5	443	snail	11.336740493774414	14.007884979248047	13.4117431640625	13.575287818908691
5	444	that	4.305507659912109	4.021142959594727	4.068812847137451	3.7522401809692383
5	445	she	4.673342227935791	5.589696407318115	5.608138084411621	5.064546585083008
5	446	had	3.0206072330474854	2.294961452484131	2.257388114929199	2.1649112701416016
5	447	discovered	6.989995002746582	6.256792068481445	6.025487422943115	5.213489055633545
5	448	a	2.7863287925720215	1.8421050310134888	1.979520320892334	1.5744673013687134
5	449	couple	5.264904975891113	5.901565074920654	6.34224796295166	6.333473205566406
5	450	of	0.5149016380310059	0.42290112376213074	0.3714519739151001	0.3610401451587677
5	451	days	9.303244590759277	3.039614677429199	3.3676538467407227	4.274092674255371
5	452	ago.	4.956474304199219	5.365387439727783	3.516998291015625	3.41591739654541
5	453	She	4.815490245819092	4.586925983428955	4.787081718444824	4.297404766082764
5	454	was	2.028120517730713	1.9428436756134033	1.9975603818893433	2.017805337905884
5	455	very	4.8251729011535645	4.316031455993652	4.908130645751953	4.792514801025391
5	456	sad.	8.472037315368652	7.274901390075684	7.293826580047607	7.044721603393555
5	457	Her	6.18172550201416	5.902649879455566	5.256731986999512	3.4540188312530518
5	458	mom	6.337027072906494	5.231990814208984	4.911300182342529	4.694949626922607
5	459	said	4.115095138549805	3.5664772987365723	3.7064366340637207	3.418031692504883
5	460	to	3.6833791732788086	3.0625317096710205	4.541852951049805	3.18733811378479
5	461	wait	7.5199737548828125	8.491793632507324	8.444334030151367	6.081122398376465
5	462	a	4.074546813964844	3.0593934059143066	2.918405055999756	2.5366246700286865
5	463	few	4.033159255981445	1.0958446264266968	1.1907427310943604	1.3501900434494019
5	464	hours	3.8941845893859863	3.75656795501709	3.224797487258911	2.9110209941864014
5	465	until	5.6236772537231445	5.323068141937256	5.303950786590576	3.869095802307129
5	466	the	1.8668162822723389	1.3767023086547852	1.3164459466934204	1.353192925453186
5	467	water	7.449392318725586	6.73477029800415	5.446981430053711	5.8025336265563965
5	468	clears	12.836983680725098	11.495536804199219	7.357087135314941	6.782229900360107
5	469	to	4.649364471435547	3.4389047622680664	3.086902379989624	3.697962760925293
5	470	take	4.696230888366699	4.918487071990967	6.094468116760254	6.417633056640625
5	471	another	6.136760711669922	5.614758491516113	5.541326522827148	5.548277854919434
5	472	careful	11.48930835723877	9.050108909606934	9.768908500671387	9.096332550048828
5	473	look.	9.077048301696777	5.477435111999512	3.0478172302246094	2.844109535217285
5	474	That	5.0151567459106445	5.088875770568848	5.3301005363464355	5.066143989562988
5	475	evening,	7.721241474151611	8.307689666748047	7.417828559875488	6.842083930969238
5	476	Abby	11.124706268310547	9.687601089477539	9.80671501159668	9.790667533874512
5	477	went	6.203112602233887	4.923003673553467	4.129739761352539	4.104475021362305
5	478	up	4.078526496887207	3.956665277481079	3.785836696624756	4.119344234466553
5	479	to	1.760380744934082	1.2933820486068726	0.5841948986053467	0.22188730537891388
5	480	her	5.974987983703613	5.215635299682617	3.561894178390503	2.4287450313568115
5	481	bedroom	8.053448677062988	7.351311683654785	6.978883743286133	4.695343971252441
5	482	to	3.6864161491394043	4.003772258758545	3.4001426696777344	3.483492612838745
5	483	check	6.609025001525879	5.47031307220459	4.454851150512695	4.128641128540039
5	484	the	2.5449037551879883	2.00104022026062	2.3646161556243896	2.7342634201049805
5	485	tank	9.706589698791504	9.219006538391113	8.899141311645508	8.281195640563965
5	486	again.	8.851962089538574	7.577922821044922	6.056770324707031	6.214409828186035
5	487	The	2.686863422393799	2.551957130432129	2.2695350646972656	2.5189661979675293
5	488	water	7.758410930633545	7.302734851837158	5.867770195007324	5.031508445739746
5	489	had	6.771679878234863	4.41949462890625	4.154452800750732	4.506060600280762
5	490	settled	8.071017265319824	6.512134552001953	6.055438041687012	5.822870254516602
5	491	and	3.845099687576294	4.410979270935059	3.1687958240509033	2.4461357593536377
5	492	looked	8.55667495727539	7.904501914978027	6.751188278198242	7.013774871826172
5	493	clear,	10.158203125	12.82850456237793	12.66009521484375	10.620270729064941
5	494	but	2.8495161533355713	2.0946292877197266	2.108989953994751	2.0667810440063477
5	495	Abby	13.951288223266602	12.662866592407227	12.400293350219727	11.725608825683594
5	496	could	6.267714023590088	4.812173366546631	5.041419982910156	3.8143577575683594
5	497	not	2.7619237899780273	3.105239152908325	1.5444051027297974	1.9086560010910034
5	498	see	5.686426162719727	4.2196455001831055	3.903761863708496	3.1894471645355225
5	499	Mr.	9.030862808227539	8.382583618164062	8.073843955993652	7.111365795135498
5	500	Sticky.	17.78586196899414	17.43283462524414	17.54898452758789	17.077056884765625
5	501	Abby	12.340291976928711	11.609025955200195	11.69966983795166	11.682793617248535
5	502	kneeled	13.833511352539062	11.759450912475586	10.563950538635254	10.415452003479004
5	503	down	1.593425989151001	1.2403435707092285	0.9269077777862549	1.00417160987854
5	504	to	2.1468281745910645	1.8622945547103882	1.5783106088638306	1.8128199577331543
5	505	have	4.459298133850098	6.957744598388672	5.738617897033691	6.0070977210998535
5	506	another	6.678549289703369	6.216752529144287	5.0410661697387695	5.964613914489746
5	507	look	7.087867736816406	5.414254665374756	4.68334436416626	3.445512294769287
5	508	in	4.161123275756836	3.9342150688171387	3.8202216625213623	4.142265796661377
5	509	the	1.3865309953689575	0.6692695021629333	0.842179000377655	0.7812111377716064
5	510	tank	9.706589698791504	8.850533485412598	8.008794784545898	8.338188171386719
5	511	that	4.156409740447998	4.092477798461914	4.117218017578125	4.89058780670166
5	512	her	6.158485412597656	8.096022605895996	7.02747106552124	7.180135726928711
5	513	mom	6.892980098724365	6.248830318450928	5.417348384857178	5.479113578796387
5	514	had	3.854820966720581	3.4722743034362793	1.985839605331421	1.6907830238342285
5	515	cleared	8.91392707824707	9.680624008178711	8.825839042663574	8.980566024780273
5	516	so	6.936442852020264	6.868168830871582	7.061002254486084	6.672931671142578
5	517	thoroughly,	11.048173904418945	10.38015079498291	8.444351196289062	9.166844367980957
5	518	but	2.730189323425293	3.4353013038635254	3.8014936447143555	3.3214895725250244
5	519	Mr.	8.731708526611328	7.918581008911133	7.827909469604492	7.236690521240234
5	520	Sticky	14.478614807128906	14.809976577758789	14.287199974060059	14.161396980285645
5	521	was	7.136928558349609	4.450675010681152	3.3867599964141846	3.525192975997925
5	522	still	5.029843330383301	4.947658061981201	4.429844856262207	3.560713052749634
5	523	nowhere	9.532349586486816	7.457727432250977	7.721580505371094	7.477203845977783
5	524	to	2.1594200134277344	2.285041332244873	1.7904998064041138	0.511771023273468
5	525	be	2.8581483364105225	1.9455403089523315	1.046679973602295	0.02261599712073803
5	526	found.	8.32749080657959	7.634132385253906	1.4818367958068848	1.4557523727416992
5	527	Abby	12.953584671020508	12.91403865814209	12.928034782409668	12.23180866241455
5	528	was	3.3734123706817627	2.5892064571380615	3.0043022632598877	2.871192693710327
5	529	a	2.5677971839904785	2.555490493774414	3.017519950866699	2.800962209701538
5	530	bundle	9.42061710357666	9.174809455871582	8.38927173614502	8.29675579071045
5	531	of	1.6928563117980957	0.3930753171443939	0.1294337809085846	0.027274999767541885
5	532	nerves	11.430464744567871	9.667816162109375	8.111839294433594	5.226394176483154
5	533	as	4.760872840881348	4.305473804473877	4.946404457092285	4.641639709472656
5	534	she	4.986759662628174	3.4867866039276123	4.562716007232666	3.9287612438201904
5	535	descended	10.590412139892578	8.468844413757324	8.29128360748291	8.17200756072998
5	536	the	4.227382659912109	1.5536603927612305	0.7667303681373596	0.893109142780304
5	537	stairs.	11.832276344299316	5.243268966674805	2.985714912414551	2.267948865890503
5	538	In	3.9643168449401855	4.273137092590332	4.412783622741699	4.473465919494629
5	539	the	1.7240358591079712	1.1973341703414917	1.1377630233764648	0.9301996231079102
5	540	study,	8.928215980529785	6.826173782348633	7.255653381347656	7.012352466583252
5	541	surrounded	11.575579643249512	11.836461067199707	12.68115520477295	11.888848304748535
5	542	by	0.30880025029182434	0.10802444070577621	0.16615493595600128	0.08024875819683075
5	543	books	10.917631149291992	8.37552261352539	7.962960243225098	7.884563446044922
5	544	and	2.073547840118408	1.2380616664886475	0.7549551129341125	0.6542080640792847
5	545	papers,	12.349386215209961	6.942849159240723	5.811691761016846	5.0740203857421875
5	546	her	7.458033084869385	7.453125	7.1962785720825195	7.356217384338379
5	547	mom	6.892979621887207	7.2400617599487305	6.682919979095459	6.735743522644043
5	548	was	2.7628393173217773	2.904492139816284	2.8824429512023926	2.864964246749878
5	549	working	6.080582618713379	5.632815361022949	5.634016036987305	4.68971061706543
5	550	and	4.1059112548828125	4.690844535827637	2.937054395675659	3.0614190101623535
5	551	she	6.135594367980957	6.514805793762207	4.251712799072266	2.497706174850464
5	552	looked	5.261148452758789	5.098437786102295	5.938575267791748	5.373312473297119
5	553	impatient	11.984748840332031	11.327218055725098	10.88210391998291	10.931055068969727
5	554	when	4.972809314727783	3.102524757385254	2.8540921211242676	3.120574951171875
5	555	she	3.42527437210083	2.903602123260498	1.9692877531051636	1.2165179252624512
5	556	saw	5.321394443511963	4.147298812866211	1.8593220710754395	1.5285677909851074
5	557	Abby	11.753804206848145	11.52109146118164	10.992115020751953	11.009032249450684
5	558	in	4.425230026245117	2.483743667602539	2.307751417160034	2.5822396278381348
5	559	the	1.3865312337875366	1.3628305196762085	1.1375972032546997	0.86943519115448
5	560	doorway	10.766927719116211	10.18183708190918	8.447036743164062	5.907466888427734
5	561	and	2.519101619720459	2.0264811515808105	2.030409812927246	1.5919023752212524
5	562	even	6.0278520584106445	6.991926193237305	7.399356842041016	7.094762325286865
5	563	more	2.6050314903259277	3.088604211807251	3.0599029064178467	3.564894676208496
5	564	worried	8.755906105041504	8.109477043151855	8.53732967376709	7.706202030181885
5	565	when	6.022834777832031	4.904749393463135	3.83001708984375	4.1158342361450195
5	566	she	3.425274610519409	3.2659614086151123	3.098506450653076	2.7036685943603516
5	567	heard	6.162893772125244	4.389657974243164	2.726175308227539	2.5904765129089355
5	568	the	2.4317140579223633	1.6101521253585815	1.2524610757827759	1.5826036930084229
5	569	bad	8.52232551574707	7.974255561828613	8.504149436950684	7.735490798950195
5	570	news.	5.478259086608887	4.203370094299316	2.306440830230713	1.8553950786590576
5	571	'He'll	15.699033737182617	15.291626930236816	15.420132637023926	13.165294647216797
5	572	turn	5.9183735847473145	5.487006187438965	5.469667434692383	5.364294052124023
5	573	up,'	13.426331520080566	5.96878719329834	5.050992965698242	4.88327169418335
5	574	Mom	10.398170471191406	11.109837532043457	10.59167766571045	9.33839225769043
5	575	said,	5.6841888427734375	2.4719066619873047	2.5501322746276855	2.347501277923584
5	576	and	3.3339738845825195	3.075702667236328	2.220625400543213	2.3253984451293945
5	577	that	4.976616382598877	3.129525899887085	4.087344646453857	4.360079765319824
5	578	was	4.186563014984131	3.6101632118225098	2.7028825283050537	1.28252375125885
5	579	that.	10.36104965209961	8.65689754486084	4.513885974884033	3.85744571685791
5	580	Then,	7.417593002319336	7.105432987213135	6.747522354125977	6.4397664070129395
5	581	to	4.15904426574707	4.44234561920166	4.5615315437316895	4.687580108642578
5	582	add	6.04510498046875	4.252903938293457	3.5983328819274902	3.077404737472534
5	583	fuel	7.6663923263549805	6.808984756469727	4.822649955749512	4.536980152130127
5	584	to	4.3809709548950195	0.3507373034954071	0.23297278583049774	0.0393427312374115
5	585	the	2.329280376434326	1.3848891258239746	0.2871599495410919	0.30350425839424133
5	586	flames,	11.97386646270752	11.368494033813477	8.165618896484375	5.920891284942627
5	587	she	4.996371269226074	4.502931118011475	4.519138336181641	5.242838382720947
5	588	raised	7.503243446350098	6.3420891761779785	6.202324867248535	6.176968097686768
5	589	her	4.089593887329102	1.1521823406219482	0.4575563669204712	0.4532364010810852
5	590	tone	8.714513778686523	7.807065486907959	8.292634010314941	8.672407150268555
5	591	of	1.628738522529602	1.9356939792633057	2.884953260421753	2.4688479900360107
5	592	voice	10.4042329788208	3.121877670288086	0.5773506164550781	0.5961288213729858
5	593	and	2.464775800704956	2.3801772594451904	1.2703412771224976	1.7133126258850098
5	594	said	6.7537736892700195	6.461233139038086	7.61529016494751	7.837774276733398
5	595	dismissively,	13.388904571533203	11.821260452270508	10.901261329650879	10.777605056762695
5	596	'For	10.211273193359375	10.510408401489258	9.49682903289795	9.705224990844727
5	597	the	1.597521424293518	1.9955841302871704	2.0496068000793457	1.958772897720337
5	598	time	5.858691215515137	4.983325958251953	5.5971999168396	4.748837947845459
5	599	being,	7.329400539398193	6.341798782348633	0.6247895359992981	0.49914196133613586
5	600	go	8.35499382019043	8.160408020019531	7.923469066619873	6.286155700683594
5	601	to	1.7482281923294067	1.5517690181732178	1.7010300159454346	1.6499313116073608
5	602	bed,	11.255751609802246	5.972961902618408	6.145181655883789	6.325044631958008
5	603	Abby.	16.104822158813477	17.194047927856445	16.793073654174805	16.563190460205078
5	604	I've	6.603941917419434	5.051457405090332	5.084885597229004	5.020564556121826
5	605	got	3.149933338165283	2.971064805984497	1.7548521757125854	1.3564567565917969
5	606	masses	13.950896263122559	13.657112121582031	13.747766494750977	14.985568046569824
5	607	of	1.0287177562713623	0.10946612060070038	0.08196495473384857	0.07340846210718155
5	608	work	7.643852233886719	7.571714401245117	5.880054473876953	4.349539756774902
5	609	to	3.6806998252868652	2.7996389865875244	2.3472514152526855	1.7927488088607788
5	610	catch	7.2694478034973145	7.103177070617676	7.628419876098633	7.84746789932251
5	611	up	2.173872232437134	1.66422700881958	1.3296501636505127	0.7697345018386841
5	612	on.'	14.400491714477539	12.307348251342773	12.840757369995117	11.231639862060547
5	613	Abby	12.76062297821045	12.67448616027832	12.43393325805664	12.183008193969727
5	614	had	4.34970235824585	3.8238604068756104	3.7327208518981934	3.731729507446289
5	615	a	2.359611988067627	2.3341751098632812	2.049217462539673	2.0027801990509033
5	616	quick	6.718353271484375	6.731066703796387	6.340052604675293	6.136322975158691
5	617	temper	9.969212532043457	9.317353248596191	7.047577381134033	6.526724815368652
5	618	and	1.685278058052063	1.2314952611923218	0.9091914892196655	0.45338886976242065
5	619	she	6.135594367980957	7.199075698852539	5.893960952758789	5.424668312072754
5	620	was	2.217952013015747	2.1514623165130615	2.2398195266723633	2.1063122749328613
5	621	angry	8.572162628173828	7.211774826049805	7.010235786437988	6.777177810668945
5	622	as	4.683793544769287	4.790331840515137	5.168745994567871	4.69852876663208
5	623	hell.	11.139519691467285	4.747178554534912	2.849431037902832	2.5600051879882812
5	624	'You've	13.392097473144531	13.406603813171387	12.499297142028809	11.615225791931152
5	625	hoovered	15.825556755065918	15.434057235717773	15.518515586853027	15.410426139831543
5	626	him	5.659635066986084	6.565464019775391	5.712343215942383	5.945044994354248
5	627	up,	6.734013557434082	2.3659753799438477	2.258096933364868	2.3765647411346436
5	628	haven't	10.081585884094238	10.63668441772461	11.857552528381348	4.153535842895508
5	629	you?'	13.146346092224121	6.1422224044799805	6.037557601928711	6.8655104637146
5	630	she	4.583581447601318	3.785996437072754	4.20671272277832	4.274749755859375
5	631	said	4.1153788566589355	3.156383752822876	2.979649066925049	3.0052146911621094
5	632	accusingly.	20.30921173095703	14.056724548339844	8.888313293457031	8.458076477050781
5	633	Abby's	14.471734046936035	15.156169891357422	14.425323486328125	14.645365715026855
5	634	mom	5.324857711791992	4.995136260986328	5.5746307373046875	5.607705116271973
5	635	denied	9.596410751342773	8.90633487701416	8.090346336364746	7.984750270843506
5	636	Abby's	14.913432121276855	11.99142837524414	7.594846248626709	6.433745384216309
5	637	version	7.48539400100708	6.730337619781494	8.17634105682373	5.9525580406188965
5	638	of	0.46535325050354004	0.28282344341278076	0.1992659717798233	0.0996936708688736
5	639	the	1.4618616104125977	0.9315479397773743	1.2737163305282593	1.9633204936981201
5	640	story	6.962050914764404	6.940269470214844	5.614463806152344	2.3986873626708984
5	641	was	3.3215866088867188	3.6695969104766846	3.416121244430542	3.0588910579681396
5	642	true	7.7123589515686035	6.829516887664795	6.199136734008789	7.731325626373291
5	643	and	3.304006338119507	2.9424588680267334	1.4642698764801025	1.422534465789795
5	644	said	6.7537736892700195	7.972377300262451	6.415264129638672	6.054001331329346
5	645	that	2.095280647277832	1.5814688205718994	1.3717445135116577	1.2142655849456787
5	646	she	4.673342227935791	3.4188480377197266	3.0114622116088867	3.423947334289551
5	647	was	2.217952013015747	1.8418159484863281	1.8105735778808594	1.6471192836761475
5	648	careful,	12.527005195617676	11.855205535888672	12.317071914672852	12.705699920654297
5	649	but	2.3840689659118652	2.3192527294158936	2.265873432159424	2.114537000656128
5	650	because	6.117562294006348	6.157937526702881	6.585159778594971	6.433374881744385
5	651	Mr.	7.4465837478637695	7.875033378601074	8.153493881225586	7.857329368591309
5	652	Sticky	14.478614807128906	14.650651931762695	14.859231948852539	14.481199264526367
5	653	was	7.136928558349609	4.4506754875183105	2.7696170806884766	2.742103338241577
5	654	so	5.345942497253418	4.914646625518799	4.723344326019287	4.702347278594971
5	655	small	7.414885997772217	5.738730430603027	5.78842830657959	5.963524341583252
5	656	he	9.100778579711914	5.581964492797852	3.73162841796875	3.4182417392730713
5	657	was	2.2246432304382324	2.918102979660034	2.390211582183838	2.595344066619873
5	658	hard	7.362831115722656	8.842878341674805	7.429235935211182	6.502933502197266
5	659	to	0.9252113103866577	0.43116676807403564	1.0335283279418945	0.27162936329841614
5	660	see.	8.654903411865234	6.947642803192139	6.442022800445557	5.468616485595703
5	661	'What's	13.162210464477539	13.017738342285156	13.296716690063477	12.197731971740723
5	662	wrong	3.341470718383789	3.226057529449463	3.3490195274353027	3.1605279445648193
5	663	with	3.0225741863250732	0.0866730809211731	0.11248260736465454	0.1217302680015564
5	664	being	7.054887771606445	4.798652172088623	4.428198337554932	4.326010704040527
5	665	small?'	20.55804443359375	18.53753662109375	15.851807594299316	8.138212203979492
5	666	'Nothing	10.231647491455078	10.509976387023926	10.792197227478027	10.751340866088867
5	667	at	4.894674777984619	2.0678703784942627	2.1980931758880615	2.362393856048584
5	668	all,	5.710789680480957	3.806788921356201	2.3310227394104004	2.327498197555542
5	669	but	3.0086708068847656	2.0706675052642822	3.0755326747894287	3.2613141536712646
5	670	it	2.854325771331787	2.699784278869629	2.639773368835449	3.5547871589660645
5	671	makes	4.901464939117432	5.090611457824707	4.690980911254883	4.550653457641602
5	672	things	5.497255325317383	4.9986982345581055	4.484949111938477	4.553388595581055
5	673	hard	8.54799747467041	4.98410177230835	4.983217239379883	4.950501918792725
5	674	to	0.9252113103866577	1.3016364574432373	2.1792421340942383	1.6375443935394287
5	675	find.'	15.99521541595459	12.403482437133789	11.599041938781738	12.273544311523438
5	676	'Or	10.722331047058105	10.882307052612305	11.10775089263916	11.308396339416504
5	677	notice,'	17.101940155029297	13.893203735351562	12.980032920837402	13.479762077331543
5	678	Abby	11.414793014526367	11.296304702758789	11.323116302490234	11.285253524780273
5	679	said,	5.364733695983887	2.341150999069214	1.8044772148132324	1.5484049320220947
5	680	suddenly	9.274850845336914	7.638917922973633	6.3086652755737305	6.395684242248535
5	681	feeling	8.040531158447266	3.299294948577881	2.6693215370178223	2.7026445865631104
5	682	like	2.182858467102051	2.6163549423217773	3.0326356887817383	3.046605110168457
5	683	the	2.2219321727752686	2.7991626262664795	2.7226481437683105	2.63545823097229
5	684	small,	10.888228416442871	10.284734725952148	11.433515548706055	10.86146354675293
5	685	overlooked	10.487481117248535	9.011096000671387	9.627799987792969	8.252458572387695
5	686	Mr.	8.803168296813965	10.884359359741211	10.25986385345459	9.933679580688477
5	687	Sticky	14.478614807128906	14.399894714355469	13.482845306396484	13.91550064086914
5	688	herself	11.3798828125	10.950247764587402	11.093299865722656	11.114518165588379
5	689	and	2.5852484703063965	2.3390285968780518	3.2229561805725098	2.0044431686401367
5	690	storming	13.265473365783691	11.854019165039062	11.002199172973633	12.283446311950684
5	691	from	5.249395847320557	4.86265230178833	4.730063438415527	4.846056938171387
5	692	the	1.3965858221054077	0.9043593406677246	0.8746664524078369	0.35570332407951355
5	693	room.	9.338220596313477	9.244600296020508	8.45582103729248	5.717961311340332
5	694	The	2.3297572135925293	2.515317678451538	2.518240213394165	2.4304869174957275
5	695	door	8.16041088104248	4.405299663543701	4.220591068267822	3.9201371669769287
5	696	to	1.944964051246643	2.141462802886963	2.255341053009033	2.3356106281280518
5	697	the	2.329280376434326	1.2382704019546509	0.469099760055542	0.22097079455852509
5	698	bedroom	9.958436965942383	9.590409278869629	6.229436874389648	4.832805633544922
5	699	opened	9.367347717285156	9.351222038269043	10.390375137329102	8.215986251831055
5	700	a	2.298140525817871	3.7034263610839844	3.448066234588623	2.652106761932373
5	701	few	4.033159255981445	4.393162250518799	3.8882174491882324	3.7952675819396973
5	702	minutes	3.6966943740844727	3.535322666168213	3.628143548965454	2.1090869903564453
5	703	later	3.9729573726654053	3.816922664642334	3.626560688018799	1.5745222568511963
5	704	and	4.431432723999023	2.4590299129486084	2.396606206893921	2.109760046005249
5	705	Mom's	13.399022102355957	15.978724479675293	14.423291206359863	13.969337463378906
5	706	face	5.922359943389893	5.713598251342773	4.496274948120117	3.22941255569458
5	707	appeared.	11.939926147460938	8.077278137207031	7.505852699279785	7.149338722229004
5	708	She	3.8685922622680664	3.0173306465148926	1.9914398193359375	2.0192103385925293
5	709	was	2.028120517730713	1.9587962627410889	1.8965554237365723	1.6894193887710571
5	710	there	6.1860127449035645	5.370572090148926	5.543628692626953	6.111527442932129
5	711	to	4.1788249015808105	1.8177928924560547	1.344703197479248	1.4690660238265991
5	712	try	5.67345666885376	4.752501010894775	5.1005330085754395	5.181570529937744
5	713	to	0.5786436796188354	0.9827326536178589	0.9636560082435608	0.916769802570343
5	714	make	4.0804948806762695	3.066006898880005	3.0826499462127686	2.9192655086517334
5	715	up	4.2962565422058105	4.1317315101623535	4.508143901824951	4.123740196228027
5	716	for	3.4127931594848633	1.4734939336776733	0.6399347186088562	0.4677591919898987
5	717	having	7.068906307220459	8.32806396484375	6.184922218322754	6.221336364746094
5	718	been	2.805657148361206	3.035752534866333	3.3323655128479004	3.7551238536834717
5	719	insensitive	11.814483642578125	11.66331672668457	10.391825675964355	10.467373847961426
5	720	earlier.	12.317294120788574	10.984167098999023	9.260899543762207	9.10391902923584
5	721	She	4.86850118637085	4.329643726348877	4.252328872680664	3.33408522605896
5	722	had	3.220275640487671	2.8892014026641846	2.8947997093200684	2.7680084705352783
5	723	put	6.43983268737793	6.311110973358154	6.287091255187988	6.110103607177734
5	724	her	3.8441214561462402	3.6763434410095215	2.1204214096069336	2.0860040187835693
5	725	work	5.97587776184082	7.6105523109436035	7.060831069946289	6.493131637573242
5	726	on	2.508415699005127	2.3936305046081543	1.7333742380142212	1.0966076850891113
5	727	the	1.3069698810577393	1.5735689401626587	1.1428098678588867	1.575041651725769
5	728	back	7.2468976974487305	5.281842231750488	6.370584487915039	7.029821395874023
5	729	burner	11.869704246520996	7.1309285163879395	5.491547584533691	4.231664180755615
5	730	and	2.7372100353240967	2.7801148891448975	2.43804669380188	2.5992326736450195
5	731	occupied	10.92680549621582	11.401932716369629	9.280102729797363	9.302125930786133
5	732	herself	9.358080863952637	9.726305961608887	7.570158004760742	6.960794925689697
5	733	with	3.1264548301696777	0.6883001923561096	0.3344337046146393	0.36180517077445984
5	734	Sticky.	18.271099090576172	18.259010314941406	18.673852920532227	20.357608795166016
5	735	Abby,	15.489686965942383	15.8571138381958	13.635688781738281	13.124242782592773
5	736	who	2.6929426193237305	2.8180198669433594	2.3769397735595703	2.368572950363159
5	737	was	3.0690267086029053	2.0477781295776367	2.024718999862671	1.958993673324585
5	738	breathing	9.997679710388184	10.127368927001953	9.829051971435547	8.996633529663086
5	739	fire	7.991175651550293	6.508062362670898	5.814644813537598	7.308016300201416
5	740	all	6.545201301574707	4.645847320556641	4.416017055511475	5.145066261291504
5	741	on	5.698816299438477	5.74714469909668	5.699319839477539	6.137723445892334
5	742	account	7.671847343444824	5.869476318359375	5.949490070343018	6.712828636169434
5	743	of	1.8474736213684082	0.031061381101608276	0.021823028102517128	0.02116280421614647
5	744	the	1.4618616104125977	1.0964314937591553	1.1547374725341797	1.148703932762146
5	745	little	7.854135513305664	8.020245552062988	8.192522048950195	7.704671859741211
5	746	snail,	13.631085395812988	13.100199699401855	12.693848609924316	12.690542221069336
5	747	tried	9.773591041564941	9.366833686828613	9.135068893432617	9.382669448852539
5	748	to	0.36249661445617676	0.31843504309654236	0.33072197437286377	0.288396418094635
5	749	ignore	8.040879249572754	6.667291641235352	6.951724052429199	6.792752265930176
5	750	her,	6.820380210876465	6.72361946105957	5.137594223022461	4.844015598297119
5	751	but	2.7294235229492188	1.9400137662887573	1.898151159286499	0.8708657622337341
5	752	it	2.854325771331787	3.0153400897979736	3.4186525344848633	3.186983585357666
5	753	was	2.332796096801758	1.9581379890441895	1.286507248878479	1.876348853111267
5	754	hard	7.362831115722656	5.349215984344482	4.87077522277832	4.153393268585205
5	755	when	6.23789119720459	5.548520565032959	6.045179843902588	5.484033584594727
5	756	Mom	11.178872108459473	10.300779342651367	9.578877449035645	9.57691764831543
5	757	walked	7.907980442047119	5.792208194732666	5.907249450683594	5.51361083984375
5	758	over	3.4769129753112793	3.2640810012817383	4.488876819610596	4.660480499267578
5	759	to	3.6739819049835205	0.38391822576522827	0.6399688124656677	0.6482822895050049
5	760	the	2.329280376434326	1.28843355178833	0.9754717350006104	1.273176908493042
5	761	bed	9.033003807067871	8.944801330566406	7.421436309814453	5.1350178718566895
5	762	and	2.0812015533447266	1.6438145637512207	1.521740436553955	0.8143314719200134
5	763	sat	8.799131393432617	6.419095039367676	5.5350141525268555	5.167193412780762
5	764	next	5.4972920417785645	3.8260037899017334	4.634177207946777	4.20701789855957
5	765	to	2.7583394050598145	0.052727654576301575	0.02346363663673401	0.012835860252380371
5	766	her.	8.482613563537598	5.2188615798950195	4.341187953948975	3.8062214851379395
5	767	Mom,	12.170562744140625	12.314370155334473	12.217965126037598	12.116239547729492
5	768	who	3.8799185752868652	4.4164509773254395	4.252938747406006	3.185577869415283
5	769	Abby	14.408493041992188	14.463187217712402	14.198015213012695	14.457905769348145
5	770	still	8.045914649963379	7.027702808380127	5.970608711242676	5.14995002746582
5	771	strained	12.001762390136719	11.416833877563477	12.227399826049805	12.338634490966797
5	772	to	2.717195987701416	2.5418357849121094	1.7434481382369995	0.34433606266975403
5	773	remain	7.227355003356934	6.418800354003906	7.251239776611328	5.793906211853027
5	774	upset	8.91061019897461	10.107471466064453	10.150174140930176	9.51465129852295
5	775	with,	8.789434432983398	8.56179141998291	8.105976104736328	8.925530433654785
5	776	had	6.973109245300293	6.860798358917236	7.297477722167969	7.27679443359375
5	777	gone	5.074402809143066	5.491180419921875	5.43131160736084	6.017399311065674
5	778	out	3.3848376274108887	3.376858711242676	3.14091420173645	3.247446060180664
5	779	to	2.9634809494018555	1.8337419033050537	1.7459970712661743	1.562225341796875
5	780	find	5.03812837600708	5.296401023864746	4.46205472946167	4.466404438018799
5	781	her	5.450311660766602	4.976977348327637	4.1024651527404785	3.7844200134277344
5	782	glasses	9.881494522094727	10.020665168762207	9.47285270690918	9.867486000061035
5	783	in	3.668626308441162	3.650217294692993	2.3189830780029297	1.8992419242858887
5	784	order	4.727999210357666	4.1265034675598145	3.818486452102661	5.196982383728027
5	785	to	0.6947311758995056	0.08710842579603195	0.03722858428955078	0.0515865758061409
5	786	search	7.979467391967773	8.067536354064941	7.851163387298584	6.93544864654541
5	787	for	1.12957763671875	0.9319717884063721	0.953298807144165	0.7070980072021484
5	788	Sticky	15.223798751831055	15.308500289916992	15.360904693603516	15.3834810256958
5	789	more	10.206175804138184	10.324758529663086	9.78746509552002	9.475503921508789
5	790	effectively.	10.565260887145996	8.881845474243164	6.814162254333496	7.532316207885742
5	791	'This	11.47364616394043	11.479140281677246	12.447181701660156	12.528489112854004
5	792	is	0.7096363306045532	0.7741823792457581	0.8222248554229736	0.9915698766708374
5	793	my	6.229379177093506	3.309516429901123	4.29168701171875	4.226950645446777
5	794	new	5.61598539352417	5.080499172210693	5.138134956359863	5.009893417358398
5	795	and	4.569526672363281	5.5569844245910645	6.0509490966796875	6.688472747802734
5	796	extra	9.087579727172852	8.718391418457031	9.174694061279297	8.875215530395508
5	797	powerful	9.14359188079834	7.818853378295898	4.517079830169678	3.700352668762207
5	798	pair	9.012157440185547	9.193546295166016	9.868708610534668	9.468585968017578
5	799	I	7.56007194519043	7.243860244750977	7.944958686828613	8.3986234664917
5	800	have	3.051668643951416	2.504985809326172	1.2527382373809814	1.9832572937011719
5	801	for	6.48883056640625	5.6325297355651855	3.8398590087890625	4.956605911254883
5	802	important	8.79629898071289	9.553543090820312	10.322872161865234	10.78411865234375
5	803	occasions	9.513853073120117	8.832876205444336	8.86716365814209	7.296135902404785
5	804	like	5.463035583496094	3.229294776916504	1.8788179159164429	1.848008632659912
5	805	snail	13.805036544799805	12.20432186126709	13.818224906921387	13.864837646484375
5	806	hunting,'	18.896703720092773	17.394678115844727	17.148849487304688	14.513364791870117
5	807	she	3.10659122467041	2.9496569633483887	2.3327293395996094	2.0744071006774902
5	808	said.	3.6382107734680176	2.109959363937378	2.0423946380615234	1.9216914176940918
5	809	She	5.058872222900391	3.398268699645996	3.674748420715332	3.9598987102508545
5	810	smiled	7.277320384979248	6.72993803024292	7.154508113861084	7.784029960632324
5	811	at	2.00744366645813	1.741224765777588	1.727553129196167	1.8141511678695679
5	812	Abby,	16.459993362426758	12.893285751342773	12.377266883850098	11.912797927856445
5	813	trying	8.077845573425293	7.041945934295654	5.644184589385986	5.170043468475342
5	814	to	0.08810203522443771	0.10511340945959091	0.09128045290708542	0.15299482643604279
5	815	butter	11.773670196533203	11.008708953857422	10.333438873291016	10.163761138916016
5	816	her	8.507871627807617	4.984597206115723	3.8112857341766357	1.6170146465301514
5	817	up,	8.764854431152344	5.902007102966309	3.6798977851867676	2.543456554412842
5	818	but	2.842987537384033	2.499838352203369	2.58213472366333	2.287660598754883
5	819	Abby	13.951288223266602	12.578926086425781	11.066638946533203	11.770874977111816
5	820	didn't	6.371915817260742	4.483966827392578	3.9138383865356445	3.519498586654663
5	821	smile	9.513537406921387	7.909446716308594	7.607712745666504	7.887547492980957
5	822	back.	6.903630256652832	4.863753318786621	4.870028495788574	4.010091304779053
5	823	Abby	11.642805099487305	11.12220573425293	11.248979568481445	5.319087982177734
5	824	believed	10.04350471496582	8.853117942810059	9.303342819213867	8.434745788574219
5	825	her	5.619096755981445	3.087721347808838	3.0908727645874023	2.66658353805542
5	826	mom's	8.767644882202148	9.270917892456055	6.861415863037109	6.840939521789551
5	827	idea	7.128873825073242	7.517948627471924	6.711780548095703	6.514237403869629
5	828	would	5.43716287612915	6.341428756713867	6.0183868408203125	3.8046278953552246
5	829	not	2.984980344772339	3.4896135330200195	3.7799434661865234	3.7190253734588623
5	830	succeed,	10.95562744140625	9.621665000915527	7.4207072257995605	7.940829277038574
5	831	but	2.484450340270996	2.4530587196350098	2.210832118988037	2.1512792110443115
5	832	then	4.8112993240356445	5.473495006561279	4.958751678466797	5.034607887268066
5	833	she	4.713489532470703	4.154716491699219	4.318274021148682	4.542657375335693
5	834	had	3.0206072330474854	3.5983352661132812	3.814581871032715	3.728353500366211
5	835	an	4.280649662017822	4.705118656158447	4.095839500427246	4.1315083503723145
5	836	idea	5.545241355895996	4.2631731033325195	3.9792304039001465	2.78830623626709
5	837	of	1.271870732307434	1.415149211883545	1.3237802982330322	1.1654095649719238
5	838	her	5.251116752624512	6.3431396484375	5.942841529846191	5.374204635620117
5	839	own.	7.055843830108643	5.770462989807129	6.890039920806885	4.487967014312744
5	840	'I've	12.523490905761719	11.258281707763672	11.257099151611328	10.93365478515625
5	841	got	1.4339607954025269	1.7428818941116333	2.015291213989258	2.0512232780456543
5	842	a	2.1022443771362305	1.3327600955963135	1.4206868410110474	1.469605803489685
5	843	magnifying	11.133235931396484	10.503103256225586	11.222086906433105	11.279242515563965
5	844	glass,'	9.067609786987305	8.957634925842285	8.609550476074219	3.7217321395874023
5	845	Abby	12.116260528564453	12.218999862670898	11.96173095703125	11.820068359375
5	846	suddenly	9.25263786315918	6.5294013023376465	6.902746200561523	6.926845073699951
5	847	remembered	7.313689231872559	6.23966646194458	5.615692138671875	5.186616897583008
5	848	and	3.9262826442718506	4.8032612800598145	4.3760833740234375	3.35990571975708
5	849	rushed	10.476192474365234	9.458146095275879	6.197040557861328	4.76510763168335
5	850	off	5.306632041931152	3.9248604774475098	3.782562255859375	4.497716903686523
5	851	to	3.341308116912842	1.4415851831436157	0.9630976915359497	0.7429599761962891
5	852	find	5.03812837600708	5.095884323120117	4.840723037719727	3.3266520500183105
5	853	it.	5.777557373046875	5.596399307250977	5.523040294647217	6.0344038009643555
5	854	On	5.690492630004883	5.6347551345825195	5.477483749389648	5.325899124145508
5	855	the	1.4577577114105225	0.8735558986663818	0.8172593116760254	0.8536306619644165
5	856	floor	7.7598876953125	6.75010347366333	6.911885738372803	6.495603084564209
5	857	beside	8.504310607910156	7.728576183319092	5.076510906219482	4.9078593254089355
5	858	each	6.309703826904297	6.421648979187012	6.153080940246582	6.463412761688232
5	859	other	2.665235757827759	1.4192142486572266	2.0075714588165283	1.6798796653747559
5	860	they	8.09456729888916	6.538143157958984	6.231935501098633	7.053646087646484
5	861	sat,	11.900918960571289	10.378362655639648	11.197986602783203	9.429665565490723
5	862	shuffling	9.049674987792969	8.748724937438965	8.920280456542969	9.383522033691406
5	863	around	3.0530848503112793	3.328742027282715	2.7428808212280273	2.9124560356140137
5	864	the	1.353689193725586	1.4701898097991943	1.5259850025177002	1.7982689142227173
5	865	tank,	11.441761016845703	11.262519836425781	10.13647174835205	10.145814895629883
5	866	looking	8.01327133178711	7.432157516479492	6.012965202331543	3.925243616104126
5	867	all	7.301340103149414	5.665382385253906	5.331231117248535	5.098516464233398
5	868	over	4.5665178298950195	0.6966240406036377	4.007830619812012	3.3339920043945312
5	869	the	1.1159007549285889	0.5112401843070984	0.4568195939064026	0.605365514755249
5	870	place	7.655526161193848	8.130195617675781	2.9649534225463867	1.561797857284546
5	871	and	3.315584182739258	3.259694814682007	1.7169313430786133	1.5536020994186401
5	872	peering	12.662196159362793	12.003087997436523	11.462152481079102	10.755074501037598
5	873	into	1.5929591655731201	1.616945505142212	1.5575369596481323	1.5927560329437256
5	874	the	1.2543747425079346	0.6778571009635925	0.6842586994171143	0.6758006811141968
5	875	corners	9.884711265563965	8.57235336303711	6.4771728515625	6.3359150886535645
5	876	among	8.238128662109375	9.821186065673828	9.54598617553711	9.531065940856934
5	877	the	1.3170015811920166	0.9898823499679565	0.9017983675003052	0.6354186534881592
5	878	big	7.351417541503906	6.9527788162231445	6.273705959320068	6.455329895019531
5	879	pebbles	12.872363090515137	14.20530891418457	14.569645881652832	13.633552551269531
5	880	and	2.0887420177459717	2.341397523880005	2.4450154304504395	2.650519371032715
5	881	the	2.761542558670044	3.8285603523254395	3.379382848739624	2.0888214111328125
5	882	pond	11.456727027893066	11.422614097595215	8.071409225463867	8.188841819763184
5	883	weed.	11.082027435302734	12.67711353302002	11.889307022094727	10.76318359375
5	884	Abby	14.070769309997559	13.469518661499023	12.791427612304688	12.877399444580078
5	885	tried	7.611249923706055	5.726616859436035	5.695095539093018	5.5395894050598145
5	886	to	0.36249661445617676	0.30965638160705566	0.4337223768234253	0.38296568393707275
5	887	imagine,	11.20008373260498	11.5311861038208	12.237476348876953	13.041898727416992
5	888	if	3.396003246307373	4.337310314178467	4.480594635009766	4.458556175231934
5	889	she	4.263339042663574	4.613821506500244	4.553707122802734	3.324228286743164
5	890	were	6.468535423278809	3.0929031372070312	2.143901824951172	2.0951595306396484
5	891	Sticky,	20.468318939208984	20.35759735107422	20.383193969726562	20.304590225219727
5	892	a	3.838369131088257	3.6785202026367188	4.225546360015869	4.785707473754883
5	893	little	4.709710121154785	5.28054141998291	4.794395446777344	4.481647491455078
5	894	water	7.833034515380859	8.070276260375977	7.176599979400635	8.079320907592773
5	895	snail,	12.677253723144531	15.80278205871582	16.349403381347656	12.360485076904297
5	896	where	6.556797027587891	6.809748649597168	6.947898864746094	7.180106163024902
5	897	would	7.374643802642822	7.628881931304932	8.462597846984863	6.849326133728027
5	898	she	7.844174385070801	4.097209453582764	3.841362237930298	3.934385061264038
5	899	hide	12.784680366516113	8.56545352935791	6.194010257720947	5.089137077331543
5	900	out?	11.145552635192871	9.619325637817383	7.389467716217041	4.624536991119385
5	901	At	6.0240349769592285	6.065155029296875	5.864100456237793	5.450218200683594
5	902	one	4.288487911224365	3.8953075408935547	3.7806990146636963	4.072152137756348
5	903	point	5.292970657348633	0.9047165513038635	0.9942218065261841	0.9437896013259888
5	904	she	6.461645603179932	4.3798065185546875	3.285952091217041	3.6094582080841064
5	905	thought	5.958799362182617	5.981292247772217	5.3640265464782715	5.530929088592529
5	906	she	4.323741436004639	2.0622010231018066	1.8236981630325317	1.3162353038787842
5	907	saw	5.321394443511963	4.351758003234863	3.0721592903137207	3.0631961822509766
5	908	him,	6.416139602661133	5.342155456542969	5.464096546173096	5.8266119956970215
5	909	but	2.633538007736206	2.6013011932373047	3.465357780456543	1.6126487255096436
5	910	it	2.854326009750366	2.953096389770508	3.0267157554626465	3.0362730026245117
5	911	wasn't	5.3391594886779785	3.9210739135742188	3.137017250061035	2.3975634574890137
5	912	the	2.869131088256836	2.9558610916137695	2.710388422012329	2.77250075340271
5	913	water	7.449392318725586	9.078720092773438	8.009078025817871	8.830409049987793
5	914	snail.	13.230793952941895	15.708709716796875	15.838929176330566	16.105497360229492
5	915	It	3.0806188583374023	2.96079683303833	2.9645276069641113	1.6315698623657227
5	916	was	1.6171106100082397	1.9960743188858032	2.179823398590088	2.1486856937408447
5	917	a	2.5677971839904785	1.8369977474212646	1.9004000425338745	1.9905705451965332
5	918	large	5.378332138061523	6.0282793045043945	6.307119846343994	5.555683135986328
5	919	speck	10.93287181854248	11.101588249206543	10.26008129119873	10.215914726257324
5	920	of	0.8434469699859619	0.6217935085296631	0.5875645279884338	0.8317859768867493
5	921	dust	10.52097225189209	1.935834527015686	1.7024425268173218	1.9478964805603027
5	922	that	3.884995460510254	3.408853054046631	2.4874863624572754	2.6449694633483887
5	923	was	4.186563014984131	2.8440868854522705	2.9659249782562256	2.4710099697113037
5	924	deceptively	10.903205871582031	10.905138969421387	12.106369018554688	11.582381248474121
5	925	bobbing	15.233251571655273	16.131628036499023	15.672751426696777	14.54503059387207
5	926	around	2.4457736015319824	3.191110372543335	2.610586643218994	2.529008388519287
5	927	in	4.622678279876709	1.6565325260162354	1.533194899559021	1.629706859588623
5	928	the	1.3865312337875366	1.063499927520752	0.8579221963882446	0.911635160446167
5	929	water	7.449392318725586	7.177531719207764	5.725822448730469	2.8442468643188477
5	930	like	6.618549823760986	6.293111324310303	5.4962005615234375	4.409135341644287
5	931	a	2.331728219985962	1.8884402513504028	1.1098616123199463	1.3133584260940552
5	932	live	8.250268936157227	8.183547019958496	8.159567832946777	7.926067352294922
5	933	animal.	10.426739692687988	7.054189682006836	5.996834754943848	6.166078567504883
5	934	They	3.781616687774658	3.727979898452759	3.8428397178649902	3.6567509174346924
5	935	were	2.539424180984497	2.765047788619995	3.0277464389801025	2.8841333389282227
5	936	ready	6.761587142944336	6.6785502433776855	7.22502326965332	7.158265113830566
5	937	to	0.5057691931724548	0.3025188148021698	0.3195001184940338	0.3901320695877075
5	938	call	6.710411548614502	6.11187744140625	5.249293804168701	5.558352470397949
5	939	it	2.97747540473938	2.818199634552002	1.9704970121383667	1.1945178508758545
5	940	quits,	14.823307037353516	8.606616973876953	6.378728866577148	3.1117610931396484
5	941	when	5.997681617736816	5.760356426239014	5.916578769683838	5.615532398223877
5	942	suddenly	10.123496055603027	6.255324363708496	6.181321144104004	6.6589508056640625
5	943	Mom	14.193066596984863	9.385320663452148	9.447689056396484	9.49500846862793
5	944	cried,	10.80305290222168	8.995784759521484	8.992511749267578	11.850783348083496
5	945	'Ah	10.598212242126465	12.339513778686523	10.092676162719727	11.680196762084961
5	946	ha!'	5.124161720275879	6.117858409881592	5.776265621185303	6.613955497741699
5	947	Tucked	13.655208587646484	14.403362274169922	13.528196334838867	13.64349365234375
5	948	in	2.197902202606201	1.9050936698913574	1.9534928798675537	1.8228429555892944
5	949	a	2.6917762756347656	2.135622978210449	2.445972204208374	2.3559441566467285
5	950	curve	10.32015323638916	10.445884704589844	8.753368377685547	8.609570503234863
5	951	of	2.350701332092285	2.5262258052825928	2.845151901245117	1.9606021642684937
5	952	the	1.4618616104125977	1.1376498937606812	2.1290149688720703	2.3154947757720947
5	953	archway,	14.796038627624512	15.582008361816406	15.048988342285156	14.484888076782227
5	954	perfectly	10.040523529052734	10.266768455505371	10.038037300109863	9.292135238647461
5	955	hidden	8.050620079040527	4.780965328216553	5.14340353012085	5.053864479064941
5	956	against	7.713611125946045	7.3453240394592285	5.484927654266357	5.160972595214844
5	957	a	3.295199394226074	2.431547164916992	2.4513893127441406	2.3862082958221436
5	958	pitch	9.592768669128418	8.688819885253906	9.250856399536133	8.392040252685547
5	959	dark	10.237075805664062	6.929800510406494	8.388326644897461	4.231803894042969
5	960	stone,	8.920788764953613	11.467138290405273	11.100638389587402	11.482665061950684
5	961	sat	9.044417381286621	8.779540061950684	8.294214248657227	7.440046787261963
5	962	Mr.	11.919832229614258	11.825435638427734	11.879570007324219	11.59931468963623
5	963	Sticky,	17.263601303100586	15.820927619934082	15.723114013671875	15.396282196044922
5	964	safe	10.337557792663574	10.905750274658203	10.710807800292969	10.570086479187012
5	965	and	2.2330803871154785	0.8981266617774963	1.3928203582763672	1.0471969842910767
5	966	sound.	11.56826114654541	6.085111618041992	5.576246738433838	1.606285572052002
5	967	'You,	15.198678016662598	16.5714054107666	16.120906829833984	15.816555976867676
5	968	I	4.198287010192871	3.8691232204437256	4.0022406578063965	4.140729904174805
5	969	can	3.775498867034912	4.294452667236328	3.6781961917877197	3.660895824432373
5	970	always	5.639474868774414	5.633103370666504	5.643149375915527	5.199881076812744
5	971	count	8.978721618652344	4.459917068481445	3.514275550842285	2.906769037246704
5	972	on,'	13.597953796386719	12.897212982177734	12.687055587768555	10.641159057617188
5	973	Abby	11.668148040771484	11.798478126525879	11.240777015686035	11.151924133300781
5	974	said	4.49838924407959	2.5974481105804443	2.585231304168701	2.439366102218628
5	975	to	3.6833791732788086	2.7919058799743652	2.1880240440368652	2.124500274658203
5	976	her	5.974987983703613	4.651045322418213	2.6182971000671387	2.3755946159362793
5	977	mom,	8.168543815612793	8.384685516357422	8.03507137298584	5.521239757537842
5	978	with	5.620662689208984	5.578906536102295	5.507041931152344	6.178772926330566
5	979	relief.	11.941405296325684	12.09839153289795	11.352510452270508	11.624452590942383
5	980	Then	5.88916015625	4.991076469421387	4.735805988311768	4.666337966918945
5	981	she	3.9464809894561768	3.34482741355896	2.5568177700042725	1.6534512042999268
5	982	noticed	7.370187759399414	5.786054611206055	5.625084400177002	4.870553016662598
5	983	another	6.793717384338379	5.627017021179199	5.0634260177612305	5.070642471313477
5	984	water	8.749334335327148	8.276200294494629	8.407594680786133	8.23310375213623
5	985	snail	11.336740493774414	12.472197532653809	10.5447359085083	10.457687377929688
5	986	was	4.656115531921387	4.654389381408691	4.169703960418701	4.044663429260254
5	987	right	6.934087753295898	7.5523362159729	8.40839958190918	8.2101411819458
5	988	next	5.660305500030518	4.7788920402526855	3.0192880630493164	3.009538173675537
5	989	to	2.7583394050598145	0.06062789633870125	0.09222552180290222	0.017816195264458656
5	990	Sticky	16.582836151123047	13.87603759765625	13.870851516723633	14.373003005981445
5	991	and	4.324797630310059	3.9234626293182373	3.7656643390655518	3.8262152671813965
5	992	asked	8.026597023010254	10.100257873535156	8.43586540222168	8.026750564575195
5	993	where	7.173458099365234	5.4608588218688965	5.076723575592041	5.133031845092773
5	994	this	4.892121315002441	4.449912071228027	5.213465690612793	5.397243499755859
5	995	new	5.6895575523376465	5.0121612548828125	4.056155204772949	4.3637542724609375
5	996	addition	7.907050609588623	6.6701483726501465	6.387270927429199	5.950438976287842
5	997	to	0.33910053968429565	0.20023967325687408	0.3982197642326355	1.1992757320404053
5	998	the	2.329280376434326	1.1777422428131104	0.4949225187301636	0.5245183706283569
5	999	family	7.51606559753418	6.939277648925781	7.875898361206055	4.656399726867676
5	1000	could	6.343603610992432	5.756011009216309	7.368838787078857	9.30113410949707
5	1001	have	2.9554443359375	2.63491153717041	2.742093324661255	2.3660988807678223
5	1002	come	5.574945449829102	4.8963751792907715	5.18636417388916	5.037900447845459
5	1003	from.	5.083132743835449	5.304181098937988	6.025872230529785	4.961381912231445
5	1004	'I'm	11.233736038208008	11.410693168640137	11.546584129333496	11.359572410583496
5	1005	beginning	8.364472389221191	7.669615745544434	8.202496528625488	8.036674499511719
5	1006	to	1.9646776914596558	0.035905621945858	0.03476610779762268	0.03568846732378006
5	1007	suspect	10.524076461791992	6.285213470458984	4.02387809753418	3.741177558898926
5	1008	the	3.2109971046447754	2.4181056022644043	2.5331435203552246	2.9601523876190186
5	1009	pond	11.456727027893066	11.960592269897461	12.167486190795898	12.069793701171875
5	1010	weed	9.249445915222168	10.890094757080078	10.821150779724121	10.647327423095703
5	1011	is	3.2630116939544678	2.9989681243896484	2.7271852493286133	1.8586316108703613
5	1012	guilty,	11.964741706848145	11.1516752243042	13.39016342163086	13.01527214050293
5	1013	don't	8.391495704650879	8.382841110229492	7.083955764770508	7.400933265686035
5	1014	you	5.488085746765137	2.302604913711548	1.9073452949523926	2.699585199356079
5	1015	think?'	12.019795417785645	6.378766059875488	5.083890438079834	5.654366493225098
5	1016	replied	8.150862693786621	8.43202018737793	7.767210006713867	8.076982498168945
5	1017	Mom.	14.456417083740234	9.805755615234375	9.783391952514648	10.400343894958496
5	1018	They	4.461312294006348	5.7234206199646	5.954110622406006	5.794112205505371
5	1019	both	7.341773986816406	4.042243957519531	2.794377326965332	2.918837070465088
5	1020	laughed	11.210212707519531	7.43154764175415	5.259485244750977	3.5540523529052734
5	1021	and	2.6736230850219727	0.5845489501953125	1.3499939441680908	1.1233534812927246
5	1022	climbed	11.073578834533691	7.956330299377441	8.026540756225586	7.480526924133301
5	1023	into	3.285090446472168	2.6410601139068604	2.4414126873016357	2.4103407859802246
5	1024	Abby's	14.508840560913086	14.236751556396484	13.967317581176758	13.323226928710938
5	1025	bed	7.235071182250977	5.180410861968994	3.32474422454834	3.0280208587646484
5	1026	together	7.789114952087402	8.94307804107666	8.803784370422363	9.084281921386719
5	1027	and,	7.921157360076904	7.222821235656738	6.610589027404785	6.1009368896484375
5	1028	though	5.593626499176025	5.637975692749023	5.262198448181152	5.4922194480896
5	1029	it	2.5692882537841797	2.6432876586914062	2.8021018505096436	2.9189412593841553
5	1030	was	2.332796096801758	2.0948920249938965	1.9376211166381836	1.6821357011795044
5	1031	cozy,	14.366620063781738	13.938322067260742	14.171684265136719	12.725383758544922
5	1032	it	5.59036111831665	3.876281261444092	3.3847904205322266	2.4175305366516113
5	1033	was	2.332796096801758	1.8657891750335693	0.7085148096084595	0.42273908853530884
5	1034	a	2.5677971839904785	2.2706642150878906	1.9265503883361816	2.2772750854492188
5	1035	bit	5.099555015563965	4.345911026000977	4.274357318878174	3.0796475410461426
5	1036	of	1.2462691068649292	1.2050831317901611	1.3269071578979492	1.2669919729232788
5	1037	a	3.287022113800049	1.4827871322631836	1.2055144309997559	0.30958521366119385
5	1038	squeeze.	13.583490371704102	14.325078964233398	10.183540344238281	10.091791152954102
5	1039	'Budge	20.54289436340332	19.750511169433594	19.875762939453125	20.534486770629883
5	1040	up,'	9.478864669799805	4.98732328414917	4.475330829620361	4.576269149780273
5	1041	Mom	10.398170471191406	11.242918014526367	8.202688217163086	8.115384101867676
5	1042	said,	5.6841888427734375	2.4719064235687256	2.917698383331299	2.0947041511535645
5	1043	giving	6.8541412353515625	6.291934967041016	5.6572418212890625	5.725568771362305
5	1044	Abby	13.382536888122559	12.195268630981445	9.933560371398926	9.614194869995117
5	1045	a	6.304137229919434	1.1761696338653564	0.9031106233596802	0.5375160574913025
5	1046	push	8.974374771118164	8.420093536376953	7.256004333496094	7.155843734741211
5	1047	with	5.798672199249268	4.739902019500732	4.557319641113281	3.3612070083618164
5	1048	her	4.7759599685668945	4.477254867553711	5.079660892486572	1.2007063627243042
5	1049	bottom.	10.878047943115234	11.164569854736328	10.221503257751465	9.954829216003418
5	1050	'I	10.061565399169922	8.300287246704102	8.309613227844238	8.735392570495605
5	1051	can't	3.582162618637085	3.805640697479248	3.3104910850524902	3.3341562747955322
5	1052	because	7.8637824058532715	7.438045501708984	8.028987884521484	8.083578109741211
5	1053	I'm	4.796582221984863	3.477869987487793	1.9025580883026123	1.9148738384246826
5	1054	already	5.936854362487793	5.401650428771973	4.882997989654541	5.385261535644531
5	1055	on	5.227790355682373	3.7036609649658203	3.503303050994873	3.4485960006713867
5	1056	the	1.3069698810577393	0.8923003077507019	1.254699945449829	1.2493953704833984
5	1057	edge.'	17.906564712524414	16.07649803161621	14.355142593383789	12.263629913330078
5	1058	'Good	10.538654327392578	10.28353214263916	10.276790618896484	10.599288940429688
5	1059	heavens,	7.235764503479004	4.574373245239258	4.693849563598633	4.5711894035339355
5	1060	you've	9.478818893432617	5.801122665405273	5.891505241394043	5.868621349334717
5	1061	grown	6.647111892700195	6.5960164070129395	4.51125955581665	4.832544326782227
5	1062	then.	12.094301223754883	13.657800674438477	10.931890487670898	11.483640670776367
5	1063	When	4.691033363342285	4.646040916442871	4.643562316894531	4.8377251625061035
5	1064	did	7.550260543823242	6.273078441619873	5.737696647644043	5.145049095153809
5	1065	that	4.545105457305908	3.4146831035614014	2.9578824043273926	2.700685501098633
5	1066	happen?	12.19379711151123	5.59757137298584	1.4704270362854004	1.4049514532089233
5	1067	You	4.1999006271362305	4.034700870513916	3.893238067626953	4.029421806335449
5	1068	could've	9.587230682373047	9.213769912719727	9.26676082611084	7.526575088500977
5	1069	put	5.298624038696289	4.785872459411621	5.077210426330566	4.8544816970825195
5	1070	an	4.392073631286621	3.997185230255127	3.987712860107422	3.9812943935394287
5	1071	elephant	8.28711986541748	8.3189058303833	7.6550140380859375	6.913194179534912
5	1072	in	2.3763301372528076	1.7803101539611816	0.8682138323783875	0.8975359201431274
5	1073	here	9.124856948852539	9.514018058776855	8.666980743408203	6.994674205780029
5	1074	last	7.121057033538818	7.099431037902832	7.0819478034973145	7.6112494468688965
5	1075	time	3.7205934524536133	4.7379841804504395	4.21336555480957	4.002349853515625
5	1076	we	4.283660888671875	2.5582308769226074	2.5181026458740234	2.9382376670837402
5	1077	did	4.851252555847168	4.567589282989502	3.35670804977417	3.3122990131378174
5	1078	this.	6.599145889282227	6.625560760498047	5.721409320831299	4.246376991271973
5	1079	Before	7.219186782836914	7.025268077850342	7.130224704742432	6.503628253936768
5	1080	I	3.3183324337005615	1.9271541833877563	1.7454781532287598	2.181960344314575
5	1081	know	4.126457214355469	5.943863868713379	5.4801926612854	5.057852745056152
5	1082	it,	5.726972579956055	6.262212753295898	1.0001156330108643	0.5119927525520325
5	1083	you'll	5.91743803024292	6.201352119445801	5.719879627227783	3.553230047225952
5	1084	be	1.906242847442627	1.8622088432312012	1.7248574495315552	2.0615131855010986
5	1085	all	6.100882530212402	6.007615566253662	5.732832431793213	5.735962867736816
5	1086	grown	9.531521797180176	6.9595208168029785	5.723808765411377	5.980386734008789
5	1087	up.'	10.697061538696289	8.115547180175781	7.457330703735352	6.576569557189941
5	1088	On	6.227929592132568	5.9992876052856445	5.9977850914001465	6.043959140777588
5	1089	her	5.897764205932617	4.990910530090332	4.383907318115234	4.403820991516113
5	1090	mom's	8.767644882202148	8.24549674987793	7.770759105682373	7.048386096954346
5	1091	chest	7.753724098205566	6.658034324645996	7.041207313537598	7.033902168273926
5	1092	Abby	16.300230026245117	14.224925994873047	14.388630867004395	12.288665771484375
5	1093	then	7.2226243019104	5.608785629272461	6.072023391723633	5.6202592849731445
5	1094	put	5.090945243835449	6.346837043762207	5.628006458282471	5.219654560089111
5	1095	her	3.8441214561462402	3.9045941829681396	1.5488207340240479	1.2374248504638672
5	1096	head	4.843109607696533	3.0728063583374023	2.9932827949523926	2.832632064819336
5	1097	and	2.5380711555480957	1.859140157699585	5.314197540283203	5.126512050628662
5	1098	smiled.	11.999883651733398	8.707975387573242	6.272024154663086	8.960335731506348
6	0	The	2.483332395553589	2.483332395553589	2.483332395553589	2.483332395553589
6	1	text	8.048542976379395	8.048542976379395	8.048542976379395	8.048542976379395
6	2	message	3.9515209197998047	5.156438827514648	5.156438827514648	5.156438827514648
6	3	said	7.982379913330078	6.5133867263793945	3.8825063705444336	3.8825063705444336
6	4	that	2.095280647277832	1.985609769821167	1.918505072593689	1.5566747188568115
6	5	Lucy	12.04761791229248	12.051826477050781	12.02353572845459	11.48173999786377
6	6	Josephs	12.425134658813477	14.990036010742188	15.032689094543457	14.7159423828125
6	7	was	3.615713357925415	3.3758652210235596	1.987196922302246	1.5916746854782104
6	8	a	2.5677971839904785	2.296384334564209	2.2275807857513428	2.300577163696289
6	9	failure.	10.92267894744873	8.454023361206055	9.47970199584961	10.460704803466797
6	10	It	3.4076027870178223	3.3044838905334473	2.9228999614715576	3.442890167236328
6	11	said	6.413971424102783	6.273680686950684	6.549736976623535	6.6794209480285645
6	12	she	3.5090975761413574	4.983893394470215	5.398589134216309	5.335976600646973
6	13	was	2.217952013015747	1.5126041173934937	1.3994117975234985	1.617392897605896
6	14	ugly,	11.914796829223633	11.559024810791016	13.726314544677734	12.632436752319336
6	15	had	8.556324005126953	6.792491912841797	5.034684181213379	3.7885875701904297
6	16	no	3.646517276763916	2.700700044631958	2.2268218994140625	2.13765549659729
6	17	style	10.226293563842773	10.195446014404297	7.67582893371582	6.90140962600708
6	18	and	2.7397072315216064	3.11826491355896	2.290410041809082	0.9792557954788208
6	19	the	2.761542558670044	2.9941048622131348	4.216272830963135	4.285361289978027
6	20	world	5.71575927734375	5.8879804611206055	6.151334762573242	5.59564208984375
6	21	hated	11.837480545043945	11.114007949829102	11.118839263916016	11.96453857421875
6	22	her.	5.417821884155273	4.802961826324463	4.595765113830566	3.7920968532562256
6	23	At	5.3493547439575195	5.165072917938232	5.113232612609863	5.041301727294922
6	24	least	1.8412104845046997	2.6880416870117188	2.1625421047210693	2.2314395904541016
6	25	that	4.383935928344727	4.427910804748535	3.8041911125183105	3.7698352336883545
6	26	was	4.186563014984131	4.070096015930176	1.2152661085128784	0.929497480392456
6	27	what	6.330655097961426	5.367824554443359	3.584425210952759	2.090967893600464
6	28	it	3.174875259399414	3.3831980228424072	3.0949087142944336	3.276137590408325
6	29	said	7.527544021606445	5.272889614105225	4.635372161865234	5.474647045135498
6	30	to	3.6833791732788086	4.471986770629883	2.8970718383789062	3.5260162353515625
6	31	Lucy.	15.280247688293457	13.412538528442383	13.428560256958008	12.791614532470703
6	32	It	3.677212953567505	3.6017422676086426	4.957545280456543	3.7323412895202637
6	33	said	6.413971424102783	6.5388641357421875	6.400305271148682	6.243041038513184
6	34	that	2.095280647277832	1.7774797677993774	1.4455571174621582	1.3561897277832031
6	35	and	5.829968452453613	7.162508964538574	7.550859451293945	7.731474876403809
6	36	a	3.965337038040161	4.264517307281494	4.903095722198486	4.2910027503967285
6	37	whole	6.238431453704834	5.691524028778076	4.138503551483154	5.024307727813721
6	38	lot	5.149825572967529	1.876460075378418	1.064159870147705	0.9445433616638184
6	39	more	2.9526054859161377	1.9448297023773193	1.7297906875610352	2.1665399074554443
6	40	that	6.079251289367676	5.767401695251465	5.671028137207031	5.536813735961914
6	41	she	4.673342227935791	4.843626499176025	5.044952869415283	5.213382720947266
6	42	was	2.217952013015747	1.8418159484863281	2.2277419567108154	2.76777982711792
6	43	struggling	8.483765602111816	7.121271133422852	7.21029806137085	7.266031265258789
6	44	to	0.9737858772277832	0.6639581918716431	0.6775108575820923	0.7538726329803467
6	45	understand.	9.624784469604492	7.323854446411133	7.220003128051758	6.154313087463379
6	46	The	2.6600050926208496	2.6273088455200195	2.5944879055023193	2.775467872619629
6	47	actual	7.176175594329834	6.807613372802734	6.910661697387695	7.198664665222168
6	48	text	7.183603286743164	5.783400535583496	5.834707736968994	5.622562885284424
6	49	of	2.5445854663848877	1.8726997375488281	0.9603135585784912	0.8989946842193604
6	50	the	1.4618616104125977	0.585946261882782	0.5214624404907227	0.3851904273033142
6	51	note	9.893231391906738	9.993705749511719	6.7581987380981445	7.030126094818115
6	52	said	7.308653831481934	5.482639312744141	5.370991230010986	4.823886871337891
6	53	that	2.095280170440674	1.5518382787704468	1.5326474905014038	1.3686431646347046
6	54	Lucy	12.047616958618164	12.051826477050781	12.344687461853027	11.8131742477417
6	55	better	11.051294326782227	10.208291053771973	10.303102493286133	10.830160140991211
6	56	not	7.391135215759277	4.772931098937988	2.394166946411133	2.047717809677124
6	57	show	6.8153839111328125	7.769713401794434	5.655165672302246	5.179084777832031
6	58	up	3.235987424850464	1.3073159456253052	1.7734172344207764	1.6541024446487427
6	59	at	4.123318672180176	2.1493420600891113	3.2543749809265137	1.982792854309082
6	60	the	1.3130742311477661	1.0394587516784668	1.1174277067184448	1.269755244255066
6	61	party	7.33702278137207	7.288643836975098	6.725766181945801	5.179230690002441
6	62	tonight,	10.72955322265625	10.253884315490723	7.589932918548584	7.451817989349365
6	63	because	5.493427276611328	4.544733047485352	4.48431396484375	4.937654495239258
6	64	it	2.388087511062622	2.7630672454833984	2.8001039028167725	2.7826004028320312
6	65	was	2.332796096801758	2.0273349285125732	1.4883514642715454	1.7439161539077759
6	66	going	4.780345916748047	5.054844379425049	5.082190036773682	4.363778591156006
6	67	to	0.4396929442882538	0.3799077272415161	0.1542278528213501	0.18719778954982758
6	68	be	2.8581483364105225	1.5175895690917969	1.3453887701034546	0.7701979279518127
6	69	bad	7.977072238922119	8.108988761901855	7.301394462585449	7.595123767852783
6	70	enough	4.645959854125977	2.933629274368286	3.318943500518799	3.056602716445923
6	71	already!	12.15292739868164	10.195061683654785	8.403058052062988	10.217925071716309
6	72	Lucy,	14.393011093139648	13.804649353027344	13.580267906188965	13.558756828308105
6	73	who	2.7734463214874268	3.8573808670043945	3.7769360542297363	3.610767364501953
6	74	had	3.2151079177856445	2.4536380767822266	2.019927978515625	1.9568030834197998
6	75	started	6.207316875457764	6.168931007385254	5.697088718414307	5.3194403648376465
6	76	receiving	6.978461265563965	6.571090221405029	6.967081546783447	6.7444963455200195
6	77	these	6.667738914489746	5.304086685180664	5.612608909606934	5.875337600708008
6	78	messages	7.804709434509277	3.8327431678771973	2.914853572845459	3.197223663330078
6	79	a	5.784354209899902	6.154371738433838	5.840149879455566	4.124353408813477
6	80	few	4.033159255981445	2.8289828300476074	2.415989875793457	2.2689669132232666
6	81	weeks	2.9728145599365234	3.337472915649414	2.362039089202881	2.4901750087738037
6	82	ago,	3.0934972763061523	2.320864677429199	2.1055288314819336	1.9982545375823975
6	83	tapped	12.679888725280762	12.564014434814453	12.46187686920166	12.40301513671875
6	84	the	2.3499515056610107	2.4224026203155518	2.5245206356048584	2.410581350326538
6	85	mobile	9.290618896484375	7.79041862487793	7.705260753631592	7.948121070861816
6	86	screen	6.600934028625488	7.039361476898193	6.256093978881836	6.761096954345703
6	87	to	4.032517910003662	2.848240375518799	2.9440829753875732	1.3857182264328003
6	88	make	4.0804948806762695	3.815951347351074	3.8547511100769043	3.6417477130889893
6	89	the	2.5418028831481934	2.1503758430480957	1.992270827293396	2.1070120334625244
6	90	message	8.201231002807617	7.976161956787109	7.848167419433594	6.111554145812988
6	91	disappear	11.938028335571289	11.564746856689453	6.879696846008301	6.930981159210205
6	92	from	2.1761703491210938	1.357499122619629	1.473196029663086	1.4378587007522583
6	93	view.	11.00280475616455	3.98592209815979	5.63922643661499	5.196446418762207
6	94	She	5.251223564147949	4.534223556518555	4.919642925262451	6.169960021972656
6	95	only	6.7019734382629395	6.338856220245361	6.061884880065918	6.176791667938232
6	96	wished	9.89625072479248	6.298487663269043	5.946784496307373	6.048491477966309
6	97	it	3.1959595680236816	3.2232584953308105	3.237781047821045	3.0204997062683105
6	98	was	2.332796096801758	1.9702014923095703	1.536598801612854	1.0846667289733887
6	99	as	6.007297992706299	5.716828346252441	4.187978744506836	4.255899429321289
6	100	easy	7.0669732093811035	5.06472635269165	4.223142147064209	2.465491533279419
6	101	to	0.8099327087402344	2.0299737453460693	2.208203077316284	1.8690292835235596
6	102	tap	9.158408164978027	7.946091175079346	7.758761882781982	7.711109638214111
6	103	her	5.622739315032959	6.252012729644775	7.672577857971191	7.749757766723633
6	104	heart	6.5195441246032715	6.741663455963135	6.392183303833008	6.086623191833496
6	105	and	2.357001304626465	2.3601021766662598	2.0005452632904053	1.691890835762024
6	106	erase	11.167932510375977	11.775585174560547	10.851491928100586	9.555740356445312
6	107	the	1.6002187728881836	1.5910745859146118	1.4184890985488892	1.4077084064483643
6	108	trace	11.624942779541016	6.448403835296631	6.285941123962402	6.303840160369873
6	109	the	1.6884859800338745	5.785152912139893	6.205480575561523	6.343400955200195
6	110	message	8.201231002807617	7.764042377471924	6.616540431976318	6.909565448760986
6	111	had	6.402732849121094	5.728695392608643	7.386004447937012	5.36464786529541
6	112	left	5.90225887298584	5.430539608001709	5.916741371154785	4.9797892570495605
6	113	there.	7.653507232666016	8.941637992858887	10.287168502807617	8.949219703674316
6	114	'Was	14.236578941345215	13.467839241027832	13.083166122436523	12.657073974609375
6	115	that	2.496523141860962	1.9206615686416626	1.694624423980713	1.94919753074646
6	116	another	7.4063310623168945	6.379382133483887	6.034272193908691	6.116257667541504
6	117	one	4.397590637207031	4.266754150390625	3.065761089324951	3.093334674835205
6	118	of	1.2437083721160889	1.7077113389968872	0.972445011138916	0.18580561876296997
6	119	those	5.027412414550781	3.2067012786865234	1.922889232635498	2.778419017791748
6	120	messages?'	19.34619140625	18.538198471069336	19.082691192626953	19.258195877075195
6	121	her	8.008356094360352	8.453749656677246	8.504291534423828	8.29062557220459
6	122	mom	6.892979621887207	4.052574634552002	3.766695499420166	3.7828593254089355
6	123	asked,	7.936122417449951	8.273606300354004	3.9305121898651123	3.6725785732269287
6	124	who	5.9743876457214355	6.150901794433594	6.399327278137207	6.430352687835693
6	125	was	3.0690267086029053	2.3063013553619385	2.097996950149536	2.140672445297241
6	126	driving	8.195752143859863	6.263084888458252	6.722167015075684	6.825488090515137
6	127	the	2.438063621520996	2.9081976413726807	1.1904473304748535	0.831734836101532
6	128	car.	9.488912582397461	4.895920753479004	4.4130635261535645	3.832066774368286
6	129	Lucy	11.432278633117676	10.83536148071289	11.159307479858398	11.36460018157959
6	130	confirmed	9.547567367553711	9.205680847167969	9.062105178833008	8.797675132751465
6	131	her	5.765549659729004	2.905837059020996	3.0321226119995117	3.1223082542419434
6	132	mother's	6.611919403076172	5.866838455200195	4.5513505935668945	5.031730651855469
6	133	suspicion	10.329225540161133	11.159648895263672	7.6024699211120605	6.338683128356934
6	134	was	4.515787124633789	3.0037574768066406	3.8899598121643066	3.204472064971924
6	135	founded	7.5827765464782715	6.363667011260986	7.0091142654418945	7.98287296295166
6	136	as	4.429842472076416	3.304152011871338	4.848094940185547	3.4880642890930176
6	137	she	4.986759662628174	8.67939567565918	9.637185096740723	6.347264289855957
6	138	answered	8.397951126098633	7.6932692527771	7.6359477043151855	7.3074631690979
6	139	dejectedly,	11.877340316772461	10.52952766418457	11.983000755310059	13.807040214538574
6	140	'I'm	9.034086227416992	8.054043769836426	7.602121353149414	7.647589206695557
6	141	sorry	4.078107833862305	2.838502883911133	2.827120304107666	2.6718873977661133
6	142	to	1.7051842212677002	2.354238986968994	2.2900333404541016	2.0794475078582764
6	143	say	5.438575267791748	2.16951322555542	2.358577013015747	2.1930525302886963
6	144	it	3.021580696105957	3.792752504348755	3.3569438457489014	3.8735923767089844
6	145	was.'	12.863546371459961	12.801079750061035	12.827493667602539	13.577585220336914
6	146	'Haven't	11.955973625183105	11.92847728729248	11.601608276367188	12.042073249816895
6	147	you	1.3335360288619995	0.6234755516052246	0.6284542679786682	0.6411741375923157
6	148	reported	9.958118438720703	9.662514686584473	9.164193153381348	9.076056480407715
6	149	it	4.981469631195068	3.729144334793091	2.5880515575408936	2.152451992034912
6	150	yet?'	15.797560691833496	17.057697296142578	13.381613731384277	2.5199058055877686
6	151	asked	5.13053035736084	5.324769020080566	5.097813606262207	5.509080410003662
6	152	Jill,	13.165681838989258	10.291175842285156	10.103983879089355	10.321211814880371
6	153	Lucy's	13.615984916687012	14.60893726348877	13.427268028259277	13.283727645874023
6	154	older	7.537919521331787	4.995746612548828	5.031682014465332	4.055511474609375
6	155	sister	6.453062057495117	1.449560284614563	1.6919465065002441	2.382784366607666
6	156	who	4.386700630187988	3.3498973846435547	4.2875871658325195	2.4076104164123535
6	157	was	3.0690267086029053	1.9810130596160889	1.7446690797805786	1.720449686050415
6	158	sitting	6.99641227722168	5.443356513977051	5.607636451721191	6.653876304626465
6	159	in	1.4900193214416504	1.2555994987487793	1.5535497665405273	1.8120577335357666
6	160	the	1.3865309953689575	1.177625060081482	0.9797710180282593	0.583336591720581
6	161	passenger	9.666898727416992	8.89584732055664	4.886481285095215	3.8982419967651367
6	162	seat.	6.861813545227051	4.246044635772705	2.6168618202209473	2.142982244491577
6	163	'Yes,'	13.431197166442871	14.691561698913574	14.171083450317383	14.166910171508789
6	164	Lucy	10.986590385437012	10.549259185791016	9.797246932983398	9.762228965759277
6	165	replied,	9.832182884216309	4.44787073135376	4.196331024169922	4.083156585693359
6	166	lying	9.115617752075195	8.217312812805176	8.160850524902344	7.9828901290893555
6	167	through	5.225180625915527	5.454143524169922	6.8918280601501465	6.909687519073486
6	168	her	4.885950088500977	1.6523630619049072	0.4982532858848572	0.03563016653060913
6	169	teeth.	8.667374610900879	6.622425079345703	1.6876143217086792	1.0944710969924927
6	170	That	5.148170471191406	5.45142936706543	5.611469745635986	5.150165557861328
6	171	Lucy	13.31106185913086	13.570709228515625	12.58913516998291	12.3445463180542
6	172	should	7.413786888122559	5.21768856048584	4.712709426879883	4.993069648742676
6	173	not	2.877842903137207	3.2439351081848145	3.0047502517700195	3.272019386291504
6	174	let	6.530981063842773	5.764744758605957	5.955994606018066	6.351105690002441
6	175	the	2.854020118713379	1.9654126167297363	1.8697189092636108	2.457998752593994
6	176	messages	10.29517936706543	9.156135559082031	9.332622528076172	9.591803550720215
6	177	get	7.426445960998535	7.139896392822266	3.1638317108154297	2.096892833709717
6	178	to	2.9124155044555664	2.8361904621124268	3.100710391998291	2.2459020614624023
6	179	her	5.974987983703613	6.3113532066345215	5.859154224395752	5.264822959899902
6	180	and	4.128654479980469	3.6060049533843994	2.959796667098999	2.331625461578369
6	181	that	4.976616382598877	4.453701972961426	4.1351847648620605	4.381463527679443
6	182	the	2.3350260257720947	2.1352968215942383	2.974914312362671	2.9985551834106445
6	183	sender	10.920873641967773	9.554243087768555	9.905400276184082	10.401530265808105
6	184	was	4.5852203369140625	4.47640323638916	2.979489326477051	2.8031957149505615
6	185	only	5.324974060058594	5.957927703857422	5.907791614532471	5.8025407791137695
6	186	jealous	12.61789608001709	10.8252592086792	11.021251678466797	9.777647972106934
6	187	were	7.376704216003418	8.784592628479004	10.158275604248047	10.603097915649414
6	188	Lucy's	15.246707916259766	13.456418991088867	13.662803649902344	12.821964263916016
6	189	mom's	9.560562133789062	8.711220741271973	10.780244827270508	10.789680480957031
6	190	arguments,	11.004935264587402	11.74781608581543	12.584529876708984	11.408818244934082
6	191	in	4.540507793426514	5.280036926269531	4.874959945678711	5.132102012634277
6	192	an	4.468513011932373	4.15706729888916	3.931523323059082	3.9174022674560547
6	193	effort	5.021510601043701	2.7888987064361572	1.643615961074829	1.3738051652908325
6	194	to	0.6669716835021973	0.17612232267856598	0.028643988072872162	0.026596389710903168
6	195	comfort	10.222247123718262	10.299492835998535	9.282522201538086	9.166642189025879
6	196	her	6.315308570861816	3.2494735717773438	3.206064462661743	3.2205405235290527
6	197	daughter.	7.893311500549316	6.4659576416015625	5.455878734588623	5.30537223815918
6	198	Lucy's	11.172883987426758	11.395635604858398	11.57996940612793	11.488324165344238
6	199	mom	6.404210567474365	4.913015365600586	5.235233783721924	5.126838684082031
6	200	suddenly	9.054452896118164	8.079035758972168	8.500556945800781	8.019474029541016
6	201	felt	5.915626525878906	5.721299648284912	6.298808574676514	6.1196746826171875
6	202	guilty,	8.19255542755127	7.60044002532959	5.974130153656006	6.296815872192383
6	203	for	4.969301223754883	4.771631717681885	4.134433746337891	5.095800399780273
6	204	she	9.003589630126953	5.952030181884766	3.1988413333892822	2.2223525047302246
6	205	had	3.0206072330474854	2.2120628356933594	1.6918238401412964	1.404841661453247
6	206	been	1.9564940929412842	2.149780035018921	2.408869981765747	2.477911949157715
6	207	the	3.750098705291748	3.812781572341919	4.2663960456848145	3.9433984756469727
6	208	one	6.588553428649902	4.753547191619873	4.536245346069336	2.4574217796325684
6	209	to	4.031935691833496	4.1417436599731445	1.5030994415283203	1.378484845161438
6	210	buy	6.118574619293213	6.801904201507568	6.711395740509033	6.614091873168945
6	211	the	2.787144899368286	2.3919525146484375	2.2836201190948486	1.4230660200119019
6	212	phone	8.090442657470703	6.882231712341309	6.987276077270508	6.610655784606934
6	213	for	4.167757034301758	3.9004406929016113	2.6384711265563965	2.7501699924468994
6	214	Lucy	12.19964599609375	13.677433013916016	13.498625755310059	15.116026878356934
6	215	just	7.521334171295166	6.63102912902832	5.8740458488464355	6.0950727462768555
6	216	a	2.5661144256591797	3.8517675399780273	3.086581230163574	3.335066080093384
6	217	couple	5.264904975891113	3.4516303539276123	2.8468828201293945	2.7322452068328857
6	218	of	0.5149016380310059	0.42290106415748596	0.3914899230003357	0.3196558654308319
6	219	months	9.599515914916992	3.352895736694336	3.5663037300109863	2.9436724185943604
6	220	ago.	3.704155683517456	4.217477321624756	2.734647750854492	2.643277168273926
6	221	She	4.815490245819092	4.495755195617676	4.731472969055176	4.167954444885254
6	222	then	5.26521110534668	5.238069534301758	5.045210361480713	4.9928178787231445
6	223	admitted	8.931739807128906	6.493967533111572	6.2512054443359375	5.947195529937744
6	224	her	5.850272178649902	4.40054988861084	3.8043053150177	3.702378034591675
6	225	regret	10.858672142028809	8.389366149902344	9.100143432617188	8.26877212524414
6	226	about	4.562763214111328	3.0191171169281006	2.621249198913574	3.0457053184509277
6	227	the	1.7622787952423096	1.6412445306777954	1.7313120365142822	1.4260563850402832
6	228	phone	8.090442657470703	8.334607124328613	7.5672101974487305	6.8158135414123535
6	229	was	4.143144607543945	3.6454498767852783	4.8618879318237305	6.315555572509766
6	230	still	5.029843330383301	4.916624069213867	4.3303937911987305	5.297911643981934
6	231	bugging	11.901199340820312	10.11392879486084	9.863470077514648	10.365129470825195
6	232	her	4.016781806945801	3.263465166091919	3.063998222351074	2.1744441986083984
6	233	out	6.366420269012451	5.9260358810424805	4.884925365447998	6.259485244750977
6	234	loud	8.71743392944336	7.085897445678711	8.383833885192871	7.73786735534668
6	235	as	3.8686389923095703	3.5289933681488037	3.3036203384399414	3.852799415588379
6	236	she	4.986759662628174	2.584270715713501	2.588855266571045	1.1306610107421875
6	237	sighed,	9.667326927185059	9.719517707824707	8.714948654174805	8.666465759277344
6	238	'I	7.855319023132324	7.480470657348633	7.594176292419434	7.89039945602417
6	239	never	5.0495476722717285	4.50839376449585	4.668582439422607	4.6286773681640625
6	240	should	7.418193817138672	6.01739501953125	5.2687201499938965	5.144500255584717
6	241	have	2.753774642944336	0.17537946999073029	0.053269222378730774	0.0361371785402298
6	242	given	5.587137222290039	5.310324668884277	5.427384376525879	4.581793785095215
6	243	you	4.733464241027832	3.3008406162261963	3.2347030639648438	3.093471050262451
6	244	that	6.151673793792725	3.1714441776275635	4.292719841003418	3.5819168090820312
6	245	phone	10.638931274414062	9.912650108337402	7.485507965087891	7.787744522094727
6	246	Lucy.'	25.913475036621094	26.532230377197266	26.015605926513672	25.306533813476562
6	247	'No,	7.968896865844727	7.460465431213379	7.547345161437988	7.05427885055542
6	248	it's	3.1874046325683594	3.1058714389801025	2.790919780731201	2.6081619262695312
6	249	fine.	7.894991874694824	5.722886562347412	5.336549282073975	5.62183952331543
6	250	I	2.686741352081299	2.483999013900757	1.6842427253723145	1.7180612087249756
6	251	love	4.754384517669678	4.5506792068481445	4.137792110443115	4.283235549926758
6	252	it,'	10.477046012878418	9.690102577209473	10.504246711730957	9.069645881652832
6	253	said	2.503671884536743	2.876124858856201	2.814284324645996	2.3501176834106445
6	254	Lucy	10.75389575958252	8.816292762756348	8.22331428527832	8.428159713745117
6	255	knowing	12.41699504852295	13.33810806274414	11.942510604858398	11.226238250732422
6	256	that	1.8446102142333984	1.3767831325531006	1.5004267692565918	1.3058077096939087
6	257	affording	16.234329223632812	13.98165512084961	16.62441635131836	16.365285873413086
6	258	the	2.1550843715667725	2.3729612827301025	2.685537815093994	2.7697858810424805
6	259	phone	8.090442657470703	9.595768928527832	9.832475662231445	9.283794403076172
6	260	had	5.822763442993164	5.770880222320557	8.067155838012695	5.879105567932129
6	261	been	1.9564940929412842	1.1905094385147095	1.2371845245361328	1.187508463859558
6	262	no	5.581244468688965	6.052061080932617	8.249258041381836	8.079322814941406
6	263	small	7.774096965789795	7.634974479675293	7.060096740722656	6.419705390930176
6	264	thing	7.197012901306152	4.544401168823242	6.295431613922119	4.952133655548096
6	265	for	3.8208811283111572	3.1321802139282227	1.5532480478286743	0.9544280767440796
6	266	her	5.257211208343506	4.781073093414307	4.9325056076049805	4.9556803703308105
6	267	mother.	7.215444087982178	7.355227947235107	7.800257205963135	8.361947059631348
6	268	It	3.7197413444519043	3.8015646934509277	3.774184226989746	3.458263874053955
6	269	had	4.6718292236328125	4.142199516296387	3.8884594440460205	3.968113660812378
6	270	been	1.9564940929412842	1.4230279922485352	0.996509313583374	0.7889403104782104
6	271	nothing	7.460241317749023	7.149962425231934	6.664777755737305	6.553136825561523
6	272	but	4.209010124206543	0.6834676861763	1.0930088758468628	1.0993638038635254
6	273	trouble	11.233194351196289	5.746060848236084	3.9328324794769287	4.719196796417236
6	274	though.	8.960649490356445	10.760926246643066	8.858716011047363	9.353941917419434
6	275	Lucy	11.30245590209961	11.270243644714355	10.161867141723633	10.072051048278809
6	276	did	6.478331089019775	5.603986740112305	5.466182231903076	5.563404560089111
6	277	not	0.9057575464248657	0.6265652775764465	1.316892385482788	1.3470442295074463
6	278	know	4.9288434982299805	3.531102418899536	2.9603261947631836	2.8047738075256348
6	279	who	4.988495826721191	3.58894944190979	3.6959245204925537	3.763204574584961
6	280	it	6.814561367034912	3.341505527496338	3.091789722442627	3.23293399810791
6	281	was	2.332796096801758	1.749420166015625	2.0397706031799316	1.64529550075531
6	282	that	5.069153785705566	5.086362361907959	2.116077423095703	1.7241395711898804
6	283	was	4.186563014984131	6.68781852722168	5.929103851318359	2.4905214309692383
6	284	sending	8.771400451660156	9.28758716583252	9.16671085357666	7.622115612030029
6	285	her	4.0835185050964355	3.8073489665985107	3.4860663414001465	4.139039039611816
6	286	the	5.643825531005859	3.6583406925201416	3.992727041244507	4.422595024108887
6	287	messages,	13.059325218200684	10.914446830749512	7.841551780700684	6.0257887840271
6	288	and	2.0713255405426025	2.232342004776001	1.7947206497192383	2.101091146469116
6	289	she	6.135594367980957	6.254186630249023	5.553927898406982	2.08805513381958
6	290	did	4.536901950836182	4.649775505065918	4.438982963562012	4.3061323165893555
6	291	not	0.9057575464248657	0.6846215128898621	0.7800089120864868	0.6260127425193787
6	292	know	4.9288434982299805	3.531102418899536	2.6724467277526855	2.7750473022460938
6	293	how	2.2787699699401855	2.037057638168335	2.395292282104492	2.350027561187744
6	294	they	3.2386844158172607	3.8361685276031494	3.700007915496826	4.008251190185547
6	295	had	3.638810634613037	4.700963973999023	5.397385120391846	4.5188703536987305
6	296	got	6.443802833557129	6.782415390014648	5.48130989074707	4.42618465423584
6	297	her	4.710922718048096	4.3401079177856445	5.261504650115967	5.7577290534973145
6	298	number,	10.844356536865234	7.761479377746582	8.742006301879883	7.769270420074463
6	299	but	2.942462682723999	2.697715997695923	2.690243721008301	2.4159650802612305
6	300	whoever	10.388190269470215	9.134746551513672	8.908385276794434	9.901206016540527
6	301	it	5.032806873321533	2.7908105850219727	2.3742897510528564	1.3249315023422241
6	302	was,	6.664775848388672	2.9073486328125	1.8060343265533447	2.259021282196045
6	303	he	3.889281988143921	3.428767442703247	3.4244022369384766	1.7380549907684326
6	304	or	7.66047477722168	7.611910343170166	7.588723182678223	4.692410945892334
6	305	she	7.0280046463012695	0.08743298798799515	0.13317562639713287	0.10785982012748718
6	306	had	3.0206072330474854	3.828493118286133	4.12906551361084	2.5380680561065674
6	307	slowly	9.460963249206543	9.910530090332031	11.222822189331055	12.049581527709961
6	308	taken	6.977375030517578	4.71600341796875	4.686103820800781	4.687319278717041
6	309	over	3.7217721939086914	2.1836957931518555	1.4181187152862549	2.27514910697937
6	310	Lucy's	15.097868919372559	13.442140579223633	14.330829620361328	12.017500877380371
6	311	life.	7.469787120819092	8.006999969482422	4.37368631362915	3.8125247955322266
6	312	She	4.462518215179443	2.6718027591705322	2.889298439025879	2.108469247817993
6	313	was	2.028120517730713	2.247493028640747	1.8575356006622314	2.379277467727661
6	314	getting	6.523463249206543	6.292581081390381	6.5321455001831055	6.687091827392578
6	315	several	7.966766357421875	8.203468322753906	7.900613784790039	8.237083435058594
6	316	texts	8.532082557678223	6.953799724578857	5.181388854980469	4.857979774475098
6	317	a	5.941094398498535	6.1467156410217285	3.7770004272460938	3.9291529655456543
6	318	day	6.337062358856201	4.815428733825684	1.3991079330444336	0.76143878698349
6	319	now,	7.838725566864014	8.641019821166992	7.974824905395508	7.493762016296387
6	320	all	5.48155403137207	5.636930465698242	5.620600700378418	5.385036468505859
6	321	of	2.1475186347961426	1.8755953311920166	1.7891030311584473	1.9395469427108765
6	322	which	6.0362982749938965	3.6383278369903564	2.618248701095581	2.5247576236724854
6	323	were	4.362722873687744	2.9974825382232666	2.91740345954895	3.2935798168182373
6	324	abusive	11.012147903442383	11.376691818237305	10.815755844116211	10.487908363342285
6	325	and	2.539473056793213	1.4066100120544434	1.0292956829071045	1.1774766445159912
6	326	hurtful.	14.494132041931152	8.294342994689941	7.274629592895508	6.563554763793945
6	327	Lucy	11.345580101013184	11.470634460449219	11.308265686035156	10.497690200805664
6	328	wondered	10.277144432067871	7.174238681793213	7.422762870788574	8.004624366760254
6	329	what	2.6433091163635254	2.268772602081299	1.9614121913909912	1.9943788051605225
6	330	the	2.726040840148926	2.1567678451538086	2.3765223026275635	2.6470818519592285
6	331	person	7.137084484100342	6.055630683898926	5.986152648925781	5.827046871185303
6	332	who	1.7821065187454224	1.697755217552185	2.9749984741210938	2.2428719997406006
6	333	was	3.0690267086029053	3.047271251678467	3.0285120010375977	3.0527169704437256
6	334	messaging	13.434120178222656	12.50275993347168	12.448370933532715	11.449338912963867
6	335	her	7.881193161010742	3.086686134338379	2.2889952659606934	2.2833149433135986
6	336	might	8.941872596740723	7.909440040588379	10.770151138305664	9.20876407623291
6	337	be	1.221409559249878	1.2895245552062988	1.7243664264678955	1.6181060075759888
6	338	thinking	8.245586395263672	7.446393966674805	7.503758430480957	6.105042457580566
6	339	or	6.019021987915039	5.927318572998047	6.40036678314209	5.586652755737305
6	340	trying	7.861888885498047	5.09544563293457	5.228475093841553	4.874514579772949
6	341	to	0.08810203522443771	0.07819627225399017	0.14994780719280243	0.09698644280433655
6	342	achieve	6.8659796714782715	6.0807623863220215	6.555513381958008	5.505356311798096
6	343	with	5.397344589233398	5.843489646911621	4.619351387023926	5.731287956237793
6	344	all	4.852497100830078	4.88430118560791	5.02169132232666	4.805084705352783
6	345	of	2.1475186347961426	1.8215359449386597	1.7544255256652832	1.6067246198654175
6	346	their	4.489696502685547	4.054232597351074	3.36655855178833	3.018176317214966
6	347	hateful	11.474078178405762	11.016627311706543	10.897232055664062	10.398193359375
6	348	messages.	9.465166091918945	6.168931484222412	6.130921840667725	5.416591644287109
6	349	As	4.889484405517578	4.640417098999023	4.385753154754639	4.302212715148926
6	350	the	2.4049935340881348	2.4944863319396973	2.5402283668518066	2.372972011566162
6	351	car	7.496217727661133	7.172733306884766	7.865329742431641	9.035213470458984
6	352	pulled	8.312753677368164	7.193819522857666	4.024673938751221	3.1596839427948
6	353	up	2.9387247562408447	1.4539910554885864	1.5388127565383911	1.8948438167572021
6	354	outside	7.965664386749268	5.49572229385376	3.8897743225097656	3.932183027267456
6	355	the	1.132375955581665	0.8684989213943481	0.8474085330963135	0.964129626750946
6	356	school,	10.029182434082031	6.957386016845703	6.569551467895508	6.041194438934326
6	357	which	3.960968017578125	3.317988872528076	3.8119888305664062	3.9941561222076416
6	358	looked	8.34669017791748	7.615383148193359	8.244256973266602	8.477017402648926
6	359	like	2.0456576347351074	1.1447153091430664	1.1862034797668457	1.1160473823547363
6	360	a	2.331728219985962	1.31117844581604	0.9884123802185059	0.9438854455947876
6	361	large	5.378332138061523	6.289613723754883	5.523732662200928	4.802051067352295
6	362	shadow	9.830564498901367	9.028953552246094	8.35972785949707	7.159883499145508
6	363	in	3.920670509338379	3.4976906776428223	3.0304465293884277	2.6873176097869873
6	364	the	1.3865312337875366	0.8954627513885498	0.6173632144927979	0.6077316999435425
6	365	darkness	9.661818504333496	9.185993194580078	4.804703712463379	6.0431227684021
6	366	of	1.9181292057037354	1.2752037048339844	1.0942885875701904	1.0632047653198242
6	367	a	3.287022113800049	2.897301435470581	3.1521706581115723	2.7777528762817383
6	368	November	10.054817199707031	10.089027404785156	8.508347511291504	9.35834789276123
6	369	evening,	10.867703437805176	9.678947448730469	9.318042755126953	4.210146903991699
6	370	Lucy	10.176794052124023	10.765270233154297	10.6552734375	10.416946411132812
6	371	felt	7.635046482086182	6.273486614227295	6.806910037994385	6.028400897979736
6	372	a	3.1439712047576904	2.9331603050231934	1.9706059694290161	1.8619498014450073
6	373	shiver	12.37977409362793	5.783167839050293	5.136497497558594	5.189328193664551
6	374	run	6.927751541137695	3.6427812576293945	1.1564112901687622	1.1566643714904785
6	375	down	4.879541397094727	0.779965877532959	0.4399346709251404	0.42352017760276794
6	376	her	5.53969669342041	5.343595027923584	1.6850932836532593	1.4882524013519287
6	377	spine.	10.610060691833496	7.5589423179626465	7.575115203857422	1.2551496028900146
6	378	Hastened	15.931486129760742	16.64921760559082	16.53310775756836	16.144611358642578
6	379	by	2.591938018798828	2.4881155490875244	1.031862497329712	1.0258692502975464
6	380	Jill,	14.413792610168457	14.868867874145508	14.470525741577148	13.168201446533203
6	381	who	2.648519277572632	2.1422603130340576	3.230088710784912	3.0364561080932617
6	382	did	4.736393451690674	5.566136837005615	5.586601734161377	5.835809707641602
6	383	not	0.9057575464248657	0.5946128964424133	0.5855295658111572	0.8513471484184265
6	384	want	5.290489673614502	3.447775363922119	2.717031240463257	1.9427778720855713
6	385	to	0.3682401776313782	0.41134113073349	0.3998907506465912	0.302099347114563
6	386	be	2.8581478595733643	2.5677390098571777	2.014998197555542	2.041229009628296
6	387	late	9.691596031188965	9.32120418548584	9.100693702697754	7.888195037841797
6	388	to	4.686490058898926	1.5752124786376953	1.5724400281906128	1.3954052925109863
6	389	her	5.974987983703613	7.030240535736084	6.213507652282715	4.875277519226074
6	390	own	3.6007463932037354	3.9302632808685303	3.341090440750122	4.32395601272583
6	391	concert,	12.518654823303223	12.41068172454834	11.718866348266602	7.747848987579346
6	392	Lucy	10.96839427947998	10.851776123046875	10.165760040283203	9.75318431854248
6	393	hesitantly	13.141185760498047	12.51945686340332	12.78449535369873	12.427956581115723
6	394	stepped	5.926136493682861	5.423854827880859	5.483016014099121	5.30344295501709
6	395	out	2.1397433280944824	2.4847402572631836	2.2681918144226074	2.334381580352783
6	396	of	1.2769882678985596	0.6030488610267639	0.48739388585090637	0.39511728286743164
6	397	the	1.4618616104125977	1.2509452104568481	0.579530656337738	0.3561036288738251
6	398	car	7.496217727661133	7.624241828918457	5.569487571716309	2.5452282428741455
6	399	and	2.7644548416137695	2.2648773193359375	2.3297159671783447	1.0778876543045044
6	400	walked	9.443543434143066	6.909345626831055	5.660978317260742	6.656144142150879
6	401	toward	5.749611854553223	4.164315223693848	4.271368503570557	4.033246994018555
6	402	the	1.389391303062439	0.7868884205818176	0.5491580963134766	0.5625622868537903
6	403	school.	10.191926956176758	9.311797142028809	8.036578178405762	7.281948566436768
6	404	It	3.6644182205200195	3.525477886199951	3.5978031158447266	3.8323092460632324
6	405	was	1.6171106100082397	1.3029839992523193	1.3250449895858765	1.0828566551208496
6	406	Jill	13.710153579711914	12.980372428894043	13.44637393951416	13.792757987976074
6	407	who	7.452125549316406	6.150702476501465	2.570236921310425	1.436492919921875
6	408	in	6.1807355880737305	5.956218719482422	6.894857883453369	7.2889180183410645
6	409	her	5.411279678344727	4.801707744598389	2.4609804153442383	2.5435290336608887
6	410	final	7.616615295410156	5.760231971740723	6.525812149047852	6.475457191467285
6	411	year	5.017294883728027	3.059138298034668	2.1752870082855225	2.168997049331665
6	412	of	2.7681198120117188	0.4373720586299896	0.922957181930542	0.842559814453125
6	413	high	7.425635814666748	5.619010925292969	3.853464365005493	1.3869181871414185
6	414	school	2.2243447303771973	1.91591215133667	2.4781603813171387	1.0660346746444702
6	415	had	5.479622840881348	6.078320503234863	6.3480024337768555	5.994426727294922
6	416	become	5.549066543579102	5.013594627380371	4.974534511566162	5.002225399017334
6	417	involved	6.621808052062988	5.837821006774902	6.2184977531433105	6.574656963348389
6	418	in	0.4699391722679138	0.3613024950027466	0.46644505858421326	0.4075312614440918
6	419	helping	9.105424880981445	6.32266902923584	6.311766624450684	6.478421211242676
6	420	organize	8.237198829650879	7.416686534881592	6.417263507843018	7.041966915130615
6	421	this	4.297123908996582	4.126574516296387	3.9072742462158203	3.3781189918518066
6	422	year's	5.424963474273682	6.144255638122559	2.7865090370178223	2.478640556335449
6	423	school	6.970175743103027	7.472046375274658	7.077538967132568	7.171044826507568
6	424	talent	9.577523231506348	9.380233764648438	8.376639366149902	6.720329761505127
6	425	show,	9.815468788146973	4.623095989227295	2.7237088680267334	2.1966700553894043
6	426	and	2.5507359504699707	2.4242539405822754	2.2486884593963623	2.678035259246826
6	427	she	6.135594367980957	4.979905128479004	4.617533206939697	3.909869909286499
6	428	took	4.872612476348877	5.221374988555908	5.510478496551514	5.275019645690918
6	429	her	4.0050129890441895	2.535928249359131	2.8235158920288086	3.1925766468048096
6	430	position	6.9927215576171875	7.434834003448486	5.355504035949707	5.292098045349121
6	431	very	8.24155044555664	7.773125648498535	5.2155442237854	6.894892692565918
6	432	seriously.	9.888940811157227	6.0835418701171875	4.449982643127441	1.2490310668945312
6	433	Lucy	11.488441467285156	11.82479476928711	11.98633098602295	10.811896324157715
6	434	hurried	12.328031539916992	11.520764350891113	12.372581481933594	12.383760452270508
6	435	behind	7.076079845428467	5.122284412384033	4.971198081970215	5.042441368103027
6	436	Jill,	14.800198554992676	13.214818954467773	11.880878448486328	10.531795501708984
6	437	pulling	10.478631973266602	9.256230354309082	6.3289690017700195	4.863364219665527
6	438	on	4.796078681945801	3.3490285873413086	3.4858028888702393	2.7423481941223145
6	439	the	1.3069698810577393	1.1124646663665771	1.5341455936431885	1.6461503505706787
6	440	worn,	15.82266616821289	14.804283142089844	12.879714012145996	11.151612281799316
6	441	oversized	9.553467750549316	8.158435821533203	8.473116874694824	7.876910209655762
6	442	coat	7.896370887756348	6.01463508605957	5.98458194732666	6.2862324714660645
6	443	that	3.7540335655212402	3.382382869720459	3.0413951873779297	2.680284023284912
6	444	had	5.558730602264404	3.9515295028686523	3.595996856689453	3.3780782222747803
6	445	originally	7.328684329986572	6.452341079711914	6.067155361175537	6.755249977111816
6	446	belonged	8.777437210083008	6.983266830444336	5.448790550231934	2.3823113441467285
6	447	to	0.22701744735240936	0.0989665538072586	0.042252492159605026	0.03781360387802124
6	448	Jill,	15.026338577270508	13.329657554626465	13.0475492477417	12.953055381774902
6	449	in	4.813385009765625	4.71266508102417	5.089023590087891	5.112393379211426
6	450	order	4.727999210357666	4.375179767608643	3.053928852081299	3.27840256690979
6	451	to	0.6947311758995056	0.08710842579603195	0.07540497183799744	0.10593684762716293
6	452	keep	5.115128040313721	3.9334423542022705	3.9705114364624023	3.7528223991394043
6	453	her	4.423274993896484	4.179018974304199	4.258603096008301	4.354260444641113
6	454	dry	9.583884239196777	7.957225799560547	8.454647064208984	9.3897705078125
6	455	as	4.880427360534668	5.13778018951416	3.159938335418701	2.8523008823394775
6	456	the	2.3149778842926025	2.1436338424682617	3.0508580207824707	2.375674247741699
6	457	raindrops	12.908485412597656	12.112289428710938	9.223761558532715	7.089200496673584
6	458	fell	4.5416154861450195	3.946066379547119	3.5948450565338135	3.2266478538513184
6	459	all	6.44032096862793	4.861467361450195	5.192686557769775	5.417660713195801
6	460	around	5.882347583770752	2.9578356742858887	1.0544618368148804	1.3774763345718384
6	461	them.	5.841662883758545	4.782566547393799	3.6653707027435303	3.5121333599090576
6	462	As	4.513871669769287	4.3690009117126465	4.331143379211426	4.30740213394165
6	463	the	2.4049935340881348	2.3530454635620117	1.9666106700897217	1.911888599395752
6	464	sisters	10.891337394714355	10.188876152038574	9.388309478759766	8.635706901550293
6	465	entered	9.363334655761719	7.44559383392334	5.418936729431152	5.370072841644287
6	466	the	1.2731341123580933	0.8089269399642944	0.530362069606781	0.2891187071800232
6	467	hall	10.112161636352539	6.472291469573975	6.224559307098389	5.76243257522583
6	468	where	5.24793815612793	3.605700731277466	3.5304782390594482	3.788515090942383
6	469	the	2.0781350135803223	1.7217319011688232	1.4604257345199585	1.134663701057434
6	470	show	7.7704057693481445	7.474940299987793	6.669992446899414	5.739248275756836
6	471	was	4.71285343170166	3.1057634353637695	2.1152327060699463	1.2149295806884766
6	472	to	4.499977111816406	4.430990695953369	4.075420379638672	4.828015327453613
6	473	take	4.696230888366699	4.426204681396484	4.206173896789551	4.233092308044434
6	474	place,	5.4593682289123535	6.556006908416748	7.489734649658203	5.237299919128418
6	475	Jill	11.867734909057617	12.276656150817871	12.4374418258667	12.520111083984375
6	476	filled	11.09481430053711	9.770564079284668	10.46520709991455	10.323208808898926
6	477	with	0.492264062166214	3.446009874343872	5.07231330871582	5.197696208953857
6	478	excitement	11.2740478515625	6.72662353515625	4.719426155090332	4.310510635375977
6	479	while	6.175162315368652	5.59188175201416	5.592916011810303	4.9978556632995605
6	480	Lucy	11.253402709960938	11.814221382141113	10.238995552062988	9.808266639709473
6	481	regretted	12.61310863494873	13.463032722473145	13.700267791748047	12.546552658081055
6	482	that	2.1220881938934326	2.0398311614990234	2.3655271530151367	2.439997911453247
6	483	she	4.673342227935791	2.7851076126098633	1.1135867834091187	0.997557520866394
6	484	had	3.0206072330474854	2.294961452484131	1.2808842658996582	1.1654157638549805
6	485	promised	8.093611717224121	6.906816005706787	6.88840389251709	7.44341516494751
6	486	her	4.5766072273254395	4.188647747039795	2.55041766166687	2.4978950023651123
6	487	mother	5.242162227630615	5.632458209991455	5.153853416442871	3.017528533935547
6	488	she	6.517286777496338	6.786542892456055	3.64955997467041	3.1723685264587402
6	489	would	3.8393025398254395	3.7318572998046875	2.8147597312927246	0.8600206971168518
6	490	participate	8.591415405273438	8.467264175415039	10.1034574508667	9.210521697998047
6	491	in	0.2068440020084381	0.1994163542985916	0.21762344241142273	0.2037946581840515
6	492	the	1.3865309953689575	1.1820073127746582	0.879252016544342	1.0905777215957642
6	493	show.	9.365131378173828	8.90320873260498	8.221467018127441	7.287872314453125
6	494	'To	11.680374145507812	12.510276794433594	12.779958724975586	12.904821395874023
6	495	waste	9.848779678344727	9.218695640563965	9.405255317687988	9.45882511138916
6	496	your	4.56182336807251	2.9238107204437256	2.4741690158843994	2.3773550987243652
6	497	talent	8.928407669067383	8.076395988464355	6.292652130126953	4.387546062469482
6	498	would	5.0593791007995605	5.654481887817383	8.133298873901367	5.014992713928223
6	499	be	1.432634949684143	1.1711325645446777	1.1556589603424072	1.140985131263733
6	500	a	2.672325849533081	2.294001817703247	2.2111434936523438	3.003913640975952
6	501	real	6.059114456176758	4.975143909454346	4.759284973144531	4.782155990600586
6	502	shame,	11.277881622314453	8.037115097045898	7.50813102722168	5.392971038818359
6	503	for	4.231320381164551	4.1516828536987305	4.463382720947266	4.385595321655273
6	504	you	5.485073089599609	3.9783754348754883	4.302105903625488	4.595495223999023
6	505	have	2.9000420570373535	5.759058952331543	2.062049388885498	2.6699092388153076
6	506	such	7.0360822677612305	6.969619274139404	6.770419597625732	6.521607875823975
6	507	a	1.8720529079437256	0.8071329593658447	0.6769068241119385	0.7619547247886658
6	508	beautiful	7.370909690856934	5.829458236694336	5.71875	5.049668312072754
6	509	voice,'	15.699930191040039	14.892117500305176	14.254383087158203	11.179878234863281
6	510	her	6.507374286651611	6.199835300445557	6.213040351867676	6.101834297180176
6	511	mother	5.242162704467773	2.452120065689087	1.6872947216033936	1.5274605751037598
6	512	had	3.7685799598693848	2.965912342071533	4.516816139221191	4.534582138061523
6	513	argued	7.968217372894287	7.91098690032959	7.91010856628418	8.149209022521973
6	514	two	8.805974006652832	7.502002716064453	7.996111869812012	8.224162101745605
6	515	months	4.132883071899414	4.647922039031982	3.3627750873565674	2.8214783668518066
6	516	back,	7.85775089263916	7.290352821350098	7.550067901611328	6.985544204711914
6	517	when	5.157319068908691	3.388690233230591	3.277886390686035	3.920530080795288
6	518	the	2.160183906555176	1.98090398311615	1.8233383893966675	1.7877854108810425
6	519	concert	10.314776420593262	9.770668029785156	9.56183910369873	10.01784896850586
6	520	was	3.612335205078125	2.446704864501953	1.1797456741333008	1.1754719018936157
6	521	first	6.379311561584473	6.521589279174805	6.738855838775635	4.84567928314209
6	522	announced.	11.767350196838379	7.437518119812012	6.993923187255859	3.844576120376587
6	523	Lucy	11.659557342529297	11.716409683227539	11.586847305297852	11.190089225769043
6	524	had	5.1080451011657715	4.349985599517822	4.382442474365234	4.104290962219238
6	525	been	1.9564940929412842	1.9494106769561768	1.8740801811218262	1.8450350761413574
6	526	considering	8.120656967163086	8.039291381835938	8.691253662109375	7.872051239013672
6	527	it,	6.243555068969727	6.033236026763916	5.966860771179199	5.914825439453125
6	528	for	5.138387680053711	4.975579261779785	4.961102485656738	4.8235392570495605
6	529	she	9.003589630126953	5.200042724609375	5.292469501495361	6.7906694412231445
6	530	did	4.536901473999023	3.9878907203674316	3.724426507949829	3.6400115489959717
6	531	love	8.770886421203613	7.864383697509766	6.226435661315918	5.648991107940674
6	532	to	2.345447540283203	1.7110626697540283	2.7479214668273926	2.8604071140289307
6	533	sing.	12.136937141418457	9.645563125610352	6.341270446777344	4.7964887619018555
6	534	That	5.138790607452393	4.972264289855957	5.001307964324951	4.911524295806885
6	535	very	7.432406425476074	6.87846565246582	6.916984558105469	7.267745018005371
6	536	night,	11.452954292297363	3.3489387035369873	2.933494806289673	2.731924295425415
6	537	the	2.642752170562744	2.8108901977539062	2.0478012561798096	2.0819902420043945
6	538	first	4.645151615142822	4.492808818817139	4.800310134887695	4.795114517211914
6	539	text	9.331912994384766	8.710929870605469	8.352827072143555	9.111639976501465
6	540	message	3.9515209197998047	2.1806347370147705	2.390392780303955	1.0925170183181763
6	541	had	6.402732849121094	6.162877559661865	5.53537130355835	6.142954349517822
6	542	come	5.59286642074585	3.59075665473938	3.7883524894714355	3.268890857696533
6	543	through.	6.914602279663086	8.036519050598145	5.8831658363342285	4.832198143005371
6	544	'How	11.835813522338867	12.14161491394043	11.114601135253906	10.42563533782959
6	545	does	3.489309310913086	3.6535253524780273	3.7838921546936035	4.051502704620361
6	546	it	3.5536463260650635	1.6412675380706787	1.2524198293685913	1.1850488185882568
6	547	feel	8.711837768554688	3.7375049591064453	1.089991807937622	1.1686408519744873
6	548	to	4.876128196716309	3.6036195755004883	1.4303938150405884	0.24979925155639648
6	549	be	2.8581483364105225	1.9866069555282593	1.518464207649231	1.2534599304199219
6	550	tall	10.328725814819336	10.75925064086914	10.586894989013672	10.086865425109863
6	551	and	1.9398514032363892	1.3191250562667847	1.0013861656188965	1.0863046646118164
6	552	lanky	14.231904983520508	4.814786911010742	4.863570690155029	5.164841175079346
6	553	like	7.74858283996582	6.105835437774658	5.226153373718262	3.2407326698303223
6	554	a	2.331728219985962	1.3684273958206177	1.0809634923934937	1.2025729417800903
6	555	giraffe?'	19.945343017578125	18.728355407714844	15.47683334350586	17.326566696166992
6	556	it	6.00947380065918	6.0298380851745605	6.221772193908691	6.253129005432129
6	557	had	4.759343147277832	4.2290940284729	4.186945915222168	4.321927547454834
6	558	asked,	9.673168182373047	11.000507354736328	6.453439235687256	5.984447956085205
6	559	taking	7.501463890075684	8.434065818786621	7.883312225341797	6.491613388061523
6	560	Lucy	14.135009765625	12.328704833984375	11.877641677856445	12.779745101928711
6	561	by	6.377011775970459	6.205466270446777	3.7786710262298584	5.035386085510254
6	562	surprise.	11.47227954864502	10.707337379455566	5.423910140991211	5.000655651092529
6	563	One	5.475904941558838	5.29929256439209	5.658622741699219	5.679797649383545
6	564	of	1.3792686462402344	1.1725594997406006	1.3516948223114014	0.9992250204086304
6	565	the	1.4618616104125977	0.4233604967594147	0.44542738795280457	0.5756834745407104
6	566	popular	8.523625373840332	8.291028022766113	7.847225189208984	8.188653945922852
6	567	girls,	10.26668643951416	11.50143051147461	10.769079208374023	9.265159606933594
6	568	Lucy	10.556955337524414	10.315926551818848	9.412769317626953	8.895261764526367
6	569	had	5.1080451011657715	5.698581695556641	5.8099565505981445	6.311203479766846
6	570	always	6.11662483215332	4.61838436126709	3.880244255065918	3.777357816696167
6	571	known	5.681665420532227	3.8700742721557617	3.861590623855591	3.8757801055908203
6	572	she	8.72900676727295	5.495016574859619	3.661379337310791	2.193183422088623
6	573	wasn't,	10.353250503540039	8.169342994689941	8.894681930541992	8.807637214660645
6	574	but	2.240494728088379	2.110788106918335	1.8872946500778198	1.2259124517440796
6	575	before	6.886411666870117	6.850642681121826	6.443624496459961	6.362825393676758
6	576	the	1.6276185512542725	2.067704200744629	2.2718751430511475	3.091578960418701
6	577	messages	10.29517936706543	10.915594100952148	10.428601264953613	10.859990119934082
6	578	began,	11.736213684082031	10.552302360534668	7.489457130432129	7.884126663208008
6	579	Lucy	11.254579544067383	11.82229995727539	11.27267837524414	10.832174301147461
6	580	had	5.1080451011657715	3.134507179260254	3.859640598297119	3.4770469665527344
6	581	always	6.11662483215332	4.61838436126709	4.754766464233398	5.611752510070801
6	582	been	3.117008686065674	1.0439906120300293	1.1083959341049194	1.0601122379302979
6	583	quite	6.57966423034668	5.634410858154297	5.6730804443359375	5.162941932678223
6	584	proud	7.429152011871338	7.4336371421813965	5.567696571350098	4.64799690246582
6	585	of	0.6928736567497253	0.3845352232456207	0.38771921396255493	0.2570872902870178
6	586	being	6.310659408569336	4.389123916625977	4.479129791259766	4.463317394256592
6	587	a	2.7236196994781494	1.9810065031051636	1.716609001159668	1.4264503717422485
6	588	little	4.709710121154785	4.223973751068115	4.911247253417969	5.380672454833984
6	589	different.	7.889584541320801	6.681365013122559	6.300580978393555	6.150864601135254
6	590	But	3.4423844814300537	3.7601747512817383	3.960628032684326	3.877483606338501
6	591	text	11.409086227416992	11.712594032287598	11.841936111450195	11.982793807983398
6	592	by	5.0500054359436035	5.5895094871521	5.80092716217041	5.8828206062316895
6	593	text,	11.779541015625	8.175046920776367	1.4903972148895264	1.0089038610458374
6	594	Lucy's	15.37053394317627	16.15843963623047	15.274947166442871	12.467597961425781
6	595	self-confidence	12.238120079040527	11.548606872558594	11.784489631652832	12.962233543395996
6	596	had	5.810662269592285	4.30167293548584	4.305553436279297	4.802224636077881
6	597	deflated	13.189203262329102	8.51421070098877	8.11343765258789	7.905946731567383
6	598	and,	8.63507080078125	8.685340881347656	6.387617111206055	6.732098579406738
6	599	in	2.22233247756958	2.175414562225342	2.1626152992248535	2.079723596572876
6	600	the	1.3865312337875366	1.7033188343048096	1.5449117422103882	1.6324419975280762
6	601	end,	7.9278154373168945	6.598752975463867	2.7137179374694824	2.8266239166259766
6	602	it	3.5496764183044434	2.9148826599121094	2.5552821159362793	2.6853113174438477
6	603	had	4.759343147277832	4.552893161773682	4.608010292053223	4.917901039123535
6	604	taken	4.987831115722656	4.4246506690979	4.458281993865967	4.500754356384277
6	605	some	5.871728897094727	4.532870769500732	3.854726552963257	4.000072479248047
6	606	doing	11.224974632263184	10.080511093139648	10.200551986694336	6.62445068359375
6	607	to	4.192264556884766	4.1164469718933105	2.105380058288574	0.9649679660797119
6	608	get	4.038730621337891	4.049638748168945	3.172940254211426	2.1440677642822266
6	609	her	5.282983779907227	4.785228252410889	4.224534034729004	4.661625862121582
6	610	to	3.7863619327545166	2.013784885406494	1.9729937314987183	1.777502179145813
6	611	agree	8.079312324523926	7.587991714477539	4.943212509155273	4.383065223693848
6	612	to	1.2435568571090698	1.1095430850982666	0.3217533826828003	0.15819726884365082
6	613	perform	6.823246479034424	7.032846927642822	7.262752056121826	5.646711349487305
6	614	in	3.576963186264038	3.7248992919921875	4.054555416107178	3.75700306892395
6	615	the	1.3865309953689575	1.361936092376709	1.2427312135696411	1.4723126888275146
6	616	show.	9.365131378173828	8.90320873260498	6.686374664306641	6.949711799621582
6	617	Now,	7.024378776550293	6.801356792449951	6.828720569610596	7.118941307067871
6	618	however,	4.035615921020508	4.3412933349609375	4.290881156921387	4.4404401779174805
6	619	Lucy	12.223395347595215	11.586395263671875	11.03352165222168	10.515707015991211
6	620	had	5.1080451011657715	3.796154737472534	4.353026390075684	5.665279865264893
6	621	no	3.646517276763916	4.186504364013672	2.967689037322998	3.5110738277435303
6	622	choice	6.414864540100098	3.5381920337677	3.352268695831299	3.3252692222595215
6	623	but	5.983280658721924	0.30182600021362305	0.1257413774728775	0.14764375984668732
6	624	to	4.6806745529174805	0.27908533811569214	0.02778872661292553	0.01064998097717762
6	625	make	4.0804948806762695	3.658137321472168	4.081658363342285	3.8720479011535645
6	626	her	5.365181922912598	4.940830707550049	4.939690589904785	4.136129856109619
6	627	way	6.022602558135986	4.595536708831787	3.98017954826355	6.000430583953857
6	628	towards	6.704679489135742	5.22636079788208	4.624135971069336	4.9764909744262695
6	629	the	1.3708609342575073	1.9774831533432007	0.9477843046188354	0.6154835820198059
6	630	stage	8.066740036010742	7.099000930786133	7.806157112121582	6.316078186035156
6	631	where	5.3570332527160645	3.3487601280212402	2.1351232528686523	1.8280009031295776
6	632	Jill	12.203821182250977	11.072002410888672	11.062522888183594	10.396397590637207
6	633	was	4.787458896636963	2.439279079437256	2.9289894104003906	2.8686296939849854
6	634	beckoning	14.24208927154541	12.117040634155273	12.13244342803955	11.425012588500977
6	635	encouragingly	13.591739654541016	14.03126049041748	11.716859817504883	12.260825157165527
6	636	to	4.741034507751465	1.9912395477294922	2.3443713188171387	2.1722888946533203
6	637	her.	8.482613563537598	7.853559970855713	5.851434707641602	4.793971061706543
6	638	She	2.4084858894348145	2.2494142055511475	2.348951578140259	2.118947982788086
6	639	was	2.028120517730713	2.2148289680480957	2.32211971282959	2.360393762588501
6	640	the	3.1938233375549316	3.2211995124816895	3.6337740421295166	3.668154239654541
6	641	first	4.645151615142822	2.235046863555908	1.945994257926941	2.2078866958618164
6	642	performer.	13.612704277038574	14.617593765258789	14.250652313232422	13.892062187194824
6	643	Lucy,	13.950541496276855	13.559566497802734	13.266834259033203	13.285009384155273
6	644	announced	9.814982414245605	10.397085189819336	9.949965476989746	10.065751075744629
6	645	by	3.594369888305664	4.388867378234863	3.054922103881836	2.6603176593780518
6	646	her	5.445134162902832	6.143233299255371	3.18491268157959	2.5027525424957275
6	647	sister	6.515322685241699	5.483669757843018	6.302974700927734	4.838929653167725
6	648	to	3.1194918155670166	3.3991525173187256	3.8616364002227783	3.8183674812316895
6	649	the	2.329280376434326	2.3501570224761963	2.3264317512512207	2.7020914554595947
6	650	audience,	9.813920974731445	9.193719863891602	9.311485290527344	9.501045227050781
6	651	was	5.433077812194824	5.756071090698242	5.696462631225586	4.960529327392578
6	652	all	5.719913959503174	6.001072406768799	5.72974967956543	5.711294174194336
6	653	nerves	11.486035346984863	11.05661392211914	11.142226219177246	10.811918258666992
6	654	as	4.760872840881348	4.693781852722168	4.036198616027832	3.405557632446289
6	655	she	4.986759662628174	3.486786365509033	3.305290937423706	2.661781072616577
6	656	walked	5.997506141662598	4.311164855957031	4.367572784423828	4.21012020111084
6	657	out	2.513056755065918	2.320019245147705	2.7589516639709473	3.08615779876709
6	658	onto	8.102256774902344	4.450910568237305	4.048344135284424	4.315350532531738
6	659	the	1.0041412115097046	0.4828321933746338	0.2652650773525238	0.19677722454071045
6	660	middle	6.665273666381836	7.728501796722412	7.838800430297852	8.049243927001953
6	661	of	0.9687308073043823	0.4765918552875519	0.5493605732917786	0.5671886801719666
6	662	the	1.4618616104125977	0.6457201838493347	0.648674488067627	0.4303154945373535
6	663	stage,	9.635411262512207	10.31785774230957	7.169585227966309	7.134705543518066
6	664	where	4.470851421356201	4.197264194488525	4.041152000427246	3.7160744667053223
6	665	there	4.430088996887207	4.417922019958496	4.462099075317383	4.1981000900268555
6	666	was	2.090186595916748	1.9082481861114502	1.6481322050094604	1.5628418922424316
6	667	nothing	6.4877777099609375	3.314558506011963	3.9695701599121094	4.393315315246582
6	668	but	4.209010124206543	2.152541160583496	4.057183265686035	2.448000907897949
6	669	a	3.991562843322754	2.1207032203674316	1.1047554016113281	2.0482494831085205
6	670	microphone	10.133134841918945	10.317334175109863	10.915265083312988	11.564815521240234
6	671	and	2.391507387161255	1.7374122142791748	2.565211772918701	1.2540817260742188
6	672	her.	13.516029357910156	13.888981819152832	14.76930046081543	15.254809379577637
6	673	She	2.4084861278533936	2.546048164367676	2.4566397666931152	2.38637375831604
6	674	heard	6.474791049957275	6.479283809661865	6.925853729248047	5.752167701721191
6	675	the	2.4317140579223633	1.599534273147583	1.5241279602050781	1.4543613195419312
6	676	audience	7.902036666870117	8.754425048828125	8.609378814697266	8.934595108032227
6	677	applaud	11.356112480163574	10.103076934814453	5.626383304595947	4.319367408752441
6	678	and	3.7298269271850586	2.6891705989837646	1.9511959552764893	1.7751872539520264
6	679	could	6.881526470184326	9.367608070373535	9.658672332763672	9.449864387512207
6	680	feel	5.9283318519592285	6.664098739624023	4.079924583435059	3.8529324531555176
6	681	a	3.399075746536255	2.7790257930755615	2.8128950595855713	2.749020576477051
6	682	sense	7.146902084350586	2.5798280239105225	3.43658709526062	3.9395623207092285
6	683	of	0.7136419415473938	0.26469600200653076	0.032227739691734314	0.017414942383766174
6	684	anticipation	11.200376510620117	7.709400177001953	7.347461700439453	6.509054660797119
6	685	emanate	17.040180206298828	15.079496383666992	14.520328521728516	14.773550987243652
6	686	from	0.3544006645679474	0.14463894069194794	0.17938250303268433	0.14935022592544556
6	687	the	1.3965858221054077	1.0217499732971191	1.0124168395996094	0.8946464657783508
6	688	other	5.477868556976318	5.208660125732422	6.186659812927246	5.631252288818359
6	689	side	5.059685230255127	2.52077317237854	1.9871468544006348	1.659677267074585
6	690	of	0.8667781949043274	0.4182697832584381	0.3246625065803528	0.377053439617157
6	691	the	1.4618616104125977	0.4107869267463684	0.2605721354484558	0.28262993693351746
6	692	heavy	9.238798141479492	9.515433311462402	10.48190689086914	10.99173641204834
6	693	curtain.	10.71648120880127	11.412150382995605	12.080850601196289	9.181126594543457
6	694	As	4.439591407775879	4.260010719299316	4.1604905128479	4.126204490661621
6	695	the	2.4049935340881348	1.7940256595611572	1.6140638589859009	1.5160003900527954
6	696	curtains	11.180220603942871	10.611907005310059	5.729000568389893	4.534445285797119
6	697	began	7.239362716674805	6.882951259613037	4.034411430358887	4.5577569007873535
6	698	to	1.3023005723953247	0.24307012557983398	0.110592782497406	0.05297650024294853
6	699	part,	13.34579849243164	12.663652420043945	7.944268226623535	6.146546840667725
6	700	she	5.181199073791504	5.0175580978393555	4.687614440917969	5.051328182220459
6	701	cast	9.856106758117676	9.401589393615723	8.902691841125488	7.562399864196777
6	702	a	2.626716136932373	1.7482224702835083	1.39641273021698	1.7301324605941772
6	703	worried	11.232437133789062	10.737539291381836	8.265974998474121	7.686166763305664
6	704	look	10.161442756652832	2.040832042694092	0.9815624952316284	0.977336585521698
6	705	at	1.0504311323165894	2.4214067459106445	2.417959451675415	0.8390303254127502
6	706	Jill	12.570039749145508	11.861291885375977	10.797765731811523	11.418240547180176
6	707	in	4.962143898010254	5.729727745056152	5.154138565063477	3.934788465499878
6	708	the	1.3865312337875366	1.5088945627212524	1.4807924032211304	1.3433817625045776
6	709	wings,	12.695602416992188	10.68421745300293	10.58396053314209	10.735483169555664
6	710	who	6.204894065856934	6.919013023376465	5.530632972717285	4.397767543792725
6	711	assured	9.760391235351562	9.164749145507812	8.945869445800781	9.127433776855469
6	712	her	3.6870346069335938	2.989776611328125	3.0831286907196045	2.8059096336364746
6	713	with	5.354418754577637	6.337718963623047	6.191514015197754	5.037800312042236
6	714	a	2.2593159675598145	1.3712706565856934	1.0258331298828125	0.8098912835121155
6	715	positive	7.082408905029297	6.807441711425781	7.691052436828613	6.955029487609863
6	716	thumbs	10.046058654785156	12.550224304199219	11.045585632324219	10.598347663879395
6	717	up.	4.855340957641602	2.469949960708618	1.6800799369812012	1.586404800415039
6	718	Lucy	11.112577438354492	11.253470420837402	11.496237754821777	11.403605461120605
6	719	thought	8.754476547241211	6.041723251342773	6.458080768585205	7.3749308586120605
6	720	to	2.70363712310791	2.951202869415283	3.2143266201019287	3.2523539066314697
6	721	herself	11.342204093933105	8.110703468322754	1.3643407821655273	0.8841139078140259
6	722	that	4.183671951293945	2.426281452178955	1.6326795816421509	2.3104543685913086
6	723	she	4.673342227935791	1.3519798517227173	1.1051782369613647	1.3475695848464966
6	724	could	4.226595401763916	3.499481201171875	3.169830799102783	3.0991179943084717
6	725	not	2.7619240283966064	2.089674234390259	1.7148782014846802	1.7570847272872925
6	726	go	5.512496471405029	4.987497806549072	4.487462997436523	4.232640266418457
6	727	through	3.2590842247009277	3.143336296081543	2.9077868461608887	3.2107737064361572
6	728	with	5.965521335601807	3.1559548377990723	1.6622974872589111	0.9732216000556946
6	729	this	4.598618030548096	3.717230796813965	2.9702303409576416	3.613525629043579
6	730	and	5.295055389404297	4.900625228881836	4.574832439422607	3.7101058959960938
6	731	that	4.976616382598877	3.3196310997009277	3.6415863037109375	4.640147686004639
6	732	she,	9.932829856872559	9.528120994567871	10.742218017578125	11.13906478881836
6	733	unlike	7.107513904571533	5.382699012756348	5.359832763671875	5.474617004394531
6	734	her	4.919168472290039	2.285425901412964	2.0869619846343994	2.151902914047241
6	735	older	8.363682746887207	5.4240617752075195	5.001595973968506	4.968147277832031
6	736	sister,	7.091382026672363	2.1205995082855225	2.16795015335083	1.0319297313690186
6	737	was	5.120538711547852	4.844705581665039	5.102806091308594	3.6826272010803223
6	738	not	3.4648635387420654	4.007554054260254	4.183620452880859	3.913374185562134
6	739	confident	9.350475311279297	8.070596694946289	8.694820404052734	8.717941284179688
6	740	enough	5.61646842956543	2.0082077980041504	2.0148119926452637	2.7509453296661377
6	741	to	0.8666296005249023	0.357454389333725	0.6026517152786255	0.6131297945976257
6	742	put	5.964809894561768	4.901366233825684	4.311211109161377	4.393582820892334
6	743	herself	6.745307922363281	6.8853349685668945	6.822436332702637	5.556090831756592
6	744	before	5.326783657073975	6.679741859436035	5.618425369262695	6.82432746887207
6	745	the	1.6276185512542725	2.1577882766723633	0.9269859790802002	1.2948205471038818
6	746	judging	11.746933937072754	11.42519760131836	9.880243301391602	9.530372619628906
6	747	audience.	11.906255722045898	9.072877883911133	11.039895057678223	7.177051067352295
6	748	The	2.4438047409057617	2.4551100730895996	2.3232948780059814	2.1166317462921143
6	749	crowd	8.066999435424805	5.6079816818237305	6.041492462158203	5.770417213439941
6	750	looked	7.02655553817749	5.817587852478027	6.200850963592529	6.174661636352539
6	751	up	3.53908109664917	4.726141452789307	4.043025970458984	4.121411323547363
6	752	at	4.123319625854492	1.5560638904571533	1.2219231128692627	0.9589514136314392
6	753	her	5.464801788330078	4.641086578369141	2.6552927494049072	3.4796142578125
6	754	and	4.128654479980469	3.4558680057525635	2.2914912700653076	1.4790626764297485
6	755	Lucy	11.432151794433594	9.840511322021484	10.042900085449219	10.472153663635254
6	756	was	3.920731782913208	4.567852973937988	4.418240547180176	3.908149003982544
6	757	ready	6.693933963775635	7.239694595336914	6.216528415679932	6.143317699432373
6	758	to	0.5057691931724548	0.3211669623851776	0.3784515857696533	0.3449447751045227
6	759	run	6.334149360656738	5.322384834289551	5.176464557647705	5.4016828536987305
6	760	when	6.396345138549805	6.487471580505371	5.954867362976074	5.662285804748535
6	761	the	2.160183906555176	1.6298348903656006	1.747288465499878	1.6235424280166626
6	762	first	4.645151615142822	4.838296890258789	5.041543960571289	5.379010200500488
6	763	notes	10.13742446899414	10.125082969665527	8.275081634521484	9.290153503417969
6	764	of	3.0761234760284424	0.9684786796569824	0.3408980965614319	0.535494863986969
6	765	the	1.4618616104125977	1.825368046760559	1.0767436027526855	1.2257555723190308
6	766	music	8.137033462524414	8.165505409240723	6.966039657592773	4.62789249420166
6	767	sounded	10.149277687072754	8.025202751159668	8.98037338256836	7.934798240661621
6	768	out	5.366801738739014	5.479725360870361	5.564367294311523	5.572021961212158
6	769	and	3.803292751312256	3.969088554382324	4.365505695343018	3.9557414054870605
6	770	a	3.965337038040161	5.150642395019531	3.7875170707702637	3.7288286685943604
6	771	sudden	8.271780014038086	8.410948753356934	7.6385416984558105	6.3105878829956055
6	772	calm	9.331418991088867	8.452123641967773	7.723019123077393	7.252361297607422
6	773	settled	11.160733222961426	5.139710426330566	5.245029926300049	4.040307521820068
6	774	over	4.638017654418945	1.8827729225158691	0.661811351776123	0.32528015971183777
6	775	her.	7.830653190612793	9.099576950073242	4.644739151000977	5.426362991333008
6	776	She	2.4084858894348145	2.080899715423584	2.14689302444458	1.580146312713623
6	777	closed	9.208708763122559	7.194427013397217	6.367480754852295	5.824716567993164
6	778	her	4.416553020477295	0.3525560796260834	0.21008053421974182	0.15951700508594513
6	779	eyes	5.051270961761475	0.7753816843032837	0.43567216396331787	0.40660586953163147
6	780	and	1.9165470600128174	1.9634102582931519	0.6840604543685913	0.4978458881378174
6	781	shut	9.156874656677246	7.860637664794922	7.678136348724365	5.700974464416504
6	782	everything	7.736763954162598	5.855494499206543	6.462547779083252	7.218772888183594
6	783	out,	7.586524486541748	6.640059947967529	6.33734130859375	3.7748241424560547
6	784	including	6.162076950073242	4.593933582305908	4.859087944030762	4.419865608215332
6	785	the	1.9852380752563477	1.8040286302566528	1.5859267711639404	1.04853355884552
6	786	audience,	9.813921928405762	10.651691436767578	10.314735412597656	10.996228218078613
6	787	the	2.8779547214508057	2.836719274520874	1.8282415866851807	2.534165620803833
6	788	nerves	11.650635719299316	11.04977798461914	10.291631698608398	10.410648345947266
6	789	that	2.673297643661499	2.9089128971099854	3.2106642723083496	3.441861391067505
6	790	threatened	10.21161937713623	8.175854682922363	9.947441101074219	6.961503028869629
6	791	to	0.7971674203872681	0.896979808807373	0.30495381355285645	0.3027135133743286
6	792	take	4.696230888366699	3.2930819988250732	3.8612008094787598	4.036548614501953
6	793	over,	7.613198280334473	7.388332843780518	6.998875141143799	6.171529769897461
6	794	the	2.8278415203094482	2.85536789894104	2.978790521621704	2.98117733001709
6	795	text	8.213010787963867	7.858872413635254	8.80310344696045	8.85894775390625
6	796	messages,	5.768885612487793	7.2859344482421875	8.370970726013184	8.129106521606445
6	797	and	2.0713255405426025	2.515437126159668	2.361626625061035	1.879426121711731
6	798	the	2.761542558670044	2.836454391479492	2.948852062225342	2.1907408237457275
6	799	way	5.775808811187744	5.900918006896973	5.509937286376953	5.888766765594482
6	800	they	4.191207408905029	3.3040831089019775	2.3403756618499756	1.7927268743515015
6	801	made	5.9988932609558105	5.7477240562438965	5.89366340637207	5.944775104522705
6	802	her	4.807568073272705	5.02803897857666	5.178657054901123	4.725398063659668
6	803	feel.	12.731295585632324	8.974528312683105	6.941195964813232	3.298839569091797
6	804	It	3.0501718521118164	3.4328598976135254	2.771411180496216	2.8885931968688965
6	805	was	1.6171106100082397	1.7656993865966797	1.0201598405838013	0.6828822493553162
6	806	just	4.879685401916504	3.964852809906006	3.5259833335876465	3.721053123474121
6	807	her	7.374151706695557	6.737363815307617	6.093244552612305	6.601576805114746
6	808	and	4.128654479980469	2.7943153381347656	2.974091053009033	2.6774470806121826
6	809	the	2.761542558670044	2.657356023788452	2.4915480613708496	2.478757381439209
6	810	music,	10.319374084472656	10.714751243591309	10.519221305847168	9.06174373626709
6	811	and	1.9966204166412354	2.0329270362854004	2.044827938079834	1.7804356813430786
6	812	it	4.743192672729492	4.138195991516113	3.5900518894195557	3.3129334449768066
6	813	was	2.332796096801758	1.985961675643921	1.7367016077041626	1.679347038269043
6	814	a	2.5677971839904785	2.2706642150878906	2.3458092212677	2.1013550758361816
6	815	love	8.710929870605469	8.201138496398926	7.8864240646362305	7.971001625061035
6	816	story	9.233358383178711	3.0300629138946533	2.7028000354766846	2.7714812755584717
6	817	that	3.0373151302337646	2.7228763103485107	2.1663243770599365	2.1837098598480225
6	818	had	5.5587310791015625	4.3176655769348145	4.846094131469727	4.837630271911621
6	819	been	1.9564940929412842	1.2385568618774414	1.3394813537597656	2.079554319381714
6	820	going	5.5103373527526855	5.636368751525879	5.673725128173828	4.296377182006836
6	821	on	3.085085868835449	0.736487627029419	1.0421767234802246	0.2647905945777893
6	822	her	4.903877258300781	8.381792068481445	8.873167037963867	8.41450023651123
6	823	whole	7.532322406768799	7.964713096618652	7.246728897094727	4.252677917480469
6	824	life.	5.9886884689331055	2.369832754135132	2.649958372116089	1.7866013050079346
6	825	She	4.462517738342285	4.235604286193848	1.9877474308013916	1.9342538118362427
6	826	began	6.263674259185791	5.797157287597656	5.964378833770752	5.810379505157471
6	827	to	1.3023005723953247	0.9266613125801086	1.1547815799713135	1.2282887697219849
6	828	sing,	11.81651496887207	9.062620162963867	6.11012601852417	7.690387725830078
6	829	and	2.140177011489868	2.1050057411193848	1.9123716354370117	1.6195718050003052
6	830	all	5.60943603515625	4.77777099609375	5.038651466369629	4.4316277503967285
6	831	the	1.7134159803390503	1.6406359672546387	1.3917754888534546	1.3803049325942993
6	832	pain	8.943841934204102	7.533339500427246	7.5026960372924805	7.815859794616699
6	833	and	2.032825231552124	2.0773611068725586	1.0629360675811768	1.31973397731781
6	834	confusion	10.649496078491211	6.2489824295043945	4.891977310180664	4.685973644256592
6	835	that	2.989410877227783	3.243813991546631	2.213151454925537	1.9468156099319458
6	836	the	2.3350260257720947	2.4548099040985107	3.067465305328369	3.6251258850097656
6	837	messages	10.29517936706543	9.478436470031738	9.290093421936035	9.223691940307617
6	838	had	6.2146782875061035	5.732051849365234	4.246678352355957	4.125548362731934
6	839	been	1.9564940929412842	0.6999315619468689	0.8172414898872375	0.5317445993423462
6	840	causing	8.674537658691406	7.967279434204102	8.793972969055176	8.775099754333496
6	841	inside	11.35791015625	10.836087226867676	10.925379753112793	11.717989921569824
6	842	her	4.122693061828613	5.655508518218994	4.394784927368164	4.207617282867432
6	843	just	6.825218200683594	8.73794937133789	6.867428779602051	7.409134864807129
6	844	flowed	11.496820449829102	11.303240776062012	10.982172012329102	10.871228218078613
6	845	out.	6.3392157554626465	4.464819431304932	3.7198781967163086	3.021843910217285
6	846	The	2.580427408218384	2.1417276859283447	2.28627872467041	2.8393940925598145
6	847	words	7.930226802825928	7.381289005279541	6.9458770751953125	6.952463150024414
6	848	were	4.344606399536133	3.0044140815734863	2.5406384468078613	1.9254353046417236
6	849	not	3.5051400661468506	3.0980255603790283	3.2218708992004395	3.295915365219116
6	850	important,	9.316141128540039	10.004746437072754	8.441335678100586	8.584489822387695
6	851	for	4.515423774719238	4.703132152557373	4.761872291564941	4.550436019897461
6	852	it	5.761353969573975	2.8345813751220703	2.9674949645996094	3.094139337539673
6	853	was	2.332796096801758	3.5087687969207764	2.956301212310791	2.3864059448242188
6	854	the	3.1938233375549316	2.921642780303955	2.630509376525879	1.9757556915283203
6	855	feeling	9.038274765014648	7.89209508895874	7.96520471572876	6.710649490356445
6	856	behind	8.12456226348877	6.830867767333984	6.201105117797852	6.693561553955078
6	857	them	4.283619403839111	4.8878889083862305	4.73050594329834	6.014046669006348
6	858	that	4.01625394821167	4.186413764953613	2.9612789154052734	3.2553911209106445
6	859	she	4.673342227935791	4.161746501922607	4.451316833496094	4.9744462966918945
6	860	latched	11.54802417755127	12.143445014953613	13.09151554107666	12.159520149230957
6	861	onto.	5.298829555511475	3.7094597816467285	3.6676650047302246	4.085662364959717
6	862	Lucy	11.314167022705078	11.193434715270996	9.849691390991211	10.01282024383545
6	863	was	3.920731782913208	2.924319267272949	2.6217925548553467	2.289186954498291
6	864	in	4.065667629241943	3.654238700866699	3.7335429191589355	3.8292369842529297
6	865	the	1.3865312337875366	1.3653335571289062	1.319847583770752	1.2443385124206543
6	866	heart	7.565221786499023	6.770392894744873	6.685981273651123	7.821119785308838
6	867	of	1.6864856481552124	0.28935766220092773	0.06455677002668381	0.025359846651554108
6	868	the	1.4618616104125977	0.7546811103820801	0.8298309445381165	1.0105503797531128
6	869	song	8.595722198486328	8.24327564239502	8.321196556091309	8.489459991455078
6	870	with	4.079235076904297	4.554132461547852	4.581649303436279	4.0658135414123535
6	871	the	1.7403578758239746	1.9253829717636108	1.6903456449508667	1.5600789785385132
6	872	rest	6.293513774871826	4.976930618286133	5.2482075691223145	4.9563751220703125
6	873	of	0.2915501594543457	0.09636098146438599	0.025668896734714508	0.03804303705692291
6	874	the	1.4618616104125977	0.4165794551372528	0.44765371084213257	0.39590758085250854
6	875	world	5.71575927734375	5.4996442794799805	2.6771011352539062	2.6223416328430176
6	876	slipping	11.671712875366211	11.746930122375488	11.308685302734375	10.376751899719238
6	877	away.	5.0522284507751465	3.0502102375030518	2.8210854530334473	2.760420322418213
6	878	When	4.465470314025879	4.528947830200195	4.802721977233887	4.783563137054443
6	879	the	2.0844085216522217	1.8977642059326172	1.8375248908996582	1.69645094871521
6	880	song	8.595722198486328	6.749212741851807	7.029269218444824	6.662223815917969
6	881	finished	10.97238540649414	9.96058177947998	6.293280124664307	5.37363338470459
6	882	and	3.872610569000244	2.3411178588867188	1.6146266460418701	2.06709623336792
6	883	the	2.761542558670044	2.5402352809906006	2.1026477813720703	1.782924771308899
6	884	last	5.395113945007324	6.217144966125488	5.1823835372924805	5.17935037612915
6	885	note	9.525154113769531	8.910916328430176	8.450165748596191	7.068374156951904
6	886	died	11.370827674865723	9.862628936767578	9.0408296585083	8.253168106079102
6	887	away,	8.941431999206543	6.533749103546143	4.100081443786621	3.7695140838623047
6	888	she	4.3029069900512695	4.057416915893555	4.487736701965332	4.442599296569824
6	889	opened	7.5242719650268555	6.317929267883301	6.688621997833252	5.9339070320129395
6	890	her	4.430412292480469	1.1007392406463623	0.7705069184303284	1.1218624114990234
6	891	eyes.	6.387014865875244	2.5691871643066406	2.852452278137207	3.010767936706543
6	892	To	5.776106834411621	6.423062801361084	6.396818161010742	6.328623294830322
6	893	see	4.134154319763184	3.7905054092407227	3.779360294342041	3.6821846961975098
6	894	the	2.0579659938812256	1.616157054901123	1.9334174394607544	1.9968886375427246
6	895	whole	6.197235107421875	5.012953281402588	4.7348504066467285	4.85172176361084
6	896	audience	7.270876884460449	7.252135276794434	8.332113265991211	9.232059478759766
6	897	on	4.260837554931641	4.625460147857666	4.620449542999268	4.382277488708496
6	898	their	4.100375652313232	3.9513158798217773	3.3112423419952393	3.144293785095215
6	899	feet	7.34760856628418	5.820183753967285	7.141107559204102	4.524628639221191
6	900	and	2.6250674724578857	1.7099628448486328	1.3361482620239258	1.6420164108276367
6	901	the	2.761542558670044	3.4404256343841553	3.664703607559204	3.7563345432281494
6	902	hall	10.112161636352539	10.930215835571289	9.524913787841797	9.397175788879395
6	903	filled	8.3062744140625	7.133744239807129	5.982269763946533	5.884592533111572
6	904	with	0.4922638237476349	0.07085876911878586	0.20400725305080414	0.2634536921977997
6	905	cheers	12.295734405517578	10.045916557312012	7.782070159912109	5.991828918457031
6	906	and	2.205350637435913	1.278268814086914	0.725565493106842	0.5325096249580383
6	907	applause	12.389421463012695	2.3407726287841797	1.5776410102844238	2.0962142944335938
6	908	was	3.8938980102539062	4.005584716796875	4.560087203979492	7.564657211303711
6	909	not	3.4648635387420654	3.4978129863739014	4.089969635009766	4.04864501953125
6	910	what	6.099884986877441	6.095915794372559	5.436258316040039	4.832364082336426
6	911	Lucy	13.12674331665039	11.991728782653809	10.931869506835938	11.54395580291748
6	912	had	5.1080451011657715	3.3909478187561035	3.203019618988037	2.122917652130127
6	913	expected.	10.208488464355469	10.403568267822266	7.231829643249512	2.7500452995300293
6	914	Lucy	11.815162658691406	10.635072708129883	6.289299964904785	3.405306339263916
6	915	allowed	10.504103660583496	9.856073379516602	8.708720207214355	8.010464668273926
6	916	herself	7.633028507232666	2.2054672241210938	1.5082738399505615	0.9981023669242859
6	917	to	2.375023126602173	0.18445511162281036	0.20210528373718262	0.8549420237541199
6	918	enjoy	7.35025691986084	7.098553657531738	4.793534755706787	5.239440441131592
6	919	the	1.746677279472351	1.3013032674789429	1.474226474761963	1.0749622583389282
6	920	sense	8.33650016784668	6.976191520690918	7.978731155395508	7.477587699890137
6	921	of	0.7136419415473938	0.8672184348106384	0.06313695013523102	0.043778788298368454
6	922	achievement	11.513198852539062	6.257512092590332	7.883293628692627	4.329310417175293
6	923	and	2.8455734252929688	1.6774697303771973	1.3087571859359741	1.6089457273483276
6	924	belonging	11.461585998535156	9.794427871704102	7.9732465744018555	5.7332305908203125
6	925	that	7.2804718017578125	5.341724872589111	3.0447521209716797	2.5141375064849854
6	926	she	4.673342227935791	5.5194244384765625	4.604778289794922	4.756923675537109
6	927	had	3.0206072330474854	2.294961452484131	2.291459798812866	2.279222011566162
6	928	not	4.20198917388916	3.7462058067321777	3.512505531311035	3.451742649078369
6	929	felt	8.493976593017578	6.489438056945801	5.621809005737305	5.755428314208984
6	930	in	4.217236042022705	3.345672845840454	3.285705327987671	3.1115756034851074
6	931	a	2.6917762756347656	2.8542165756225586	2.326735734939575	1.544399380683899
6	932	very	4.924206733703613	5.070349216461182	4.242380142211914	2.8240604400634766
6	933	long	4.777869701385498	3.521284580230713	3.7926716804504395	4.534853458404541
6	934	time.	3.6678261756896973	2.8026747703552246	1.7867136001586914	1.499769687652588
6	935	Then	5.522976398468018	5.850850582122803	5.814032554626465	5.888825416564941
6	936	she	3.9464807510375977	3.5701820850372314	3.4976084232330322	3.6643381118774414
6	937	saw	5.321394443511963	4.8819098472595215	4.871479034423828	4.202065467834473
6	938	her	3.7443668842315674	3.0676093101501465	3.1236135959625244	3.1012725830078125
6	939	mother,	6.243723392486572	7.357048511505127	5.195847511291504	4.459188461303711
6	940	who	2.617790699005127	2.188340663909912	2.1262049674987793	2.0929417610168457
6	941	was	3.0690267086029053	1.830367088317871	1.6864030361175537	1.175783395767212
6	942	cheering	10.485933303833008	9.941912651062012	10.510734558105469	10.036487579345703
6	943	the	3.0895657539367676	3.09684681892395	2.805084466934204	3.197568893432617
6	944	loudest	10.868230819702148	8.150270462036133	8.406115531921387	8.171863555908203
6	945	of	3.1706392765045166	3.2460684776306152	2.8088698387145996	2.9933362007141113
6	946	all	5.171164035797119	1.9316394329071045	2.606653928756714	3.1893341541290283
6	947	in	4.561515808105469	5.975477695465088	3.988656520843506	4.95178747177124
6	948	the	1.3865309953689575	1.4807965755462646	0.9840376377105713	1.1544315814971924
6	949	crowd,	9.761886596679688	9.482200622558594	10.267119407653809	9.036966323852539
6	950	and	2.114961862564087	2.2180469036102295	2.1022355556488037	1.9432322978973389
6	951	Jill,	14.245044708251953	15.84168529510498	15.442475318908691	15.379546165466309
6	952	who	2.648519277572632	2.5409631729125977	1.6373286247253418	1.6958997249603271
6	953	was	3.0690267086029053	2.0391016006469727	2.7896058559417725	1.6069990396499634
6	954	beaming	11.606291770935059	12.413139343261719	9.480757713317871	9.368863105773926
6	955	at	2.3022899627685547	2.4405834674835205	2.388267993927002	2.2516565322875977
6	956	her	5.464801788330078	3.109752893447876	3.0769217014312744	2.9257171154022217
6	957	with	5.354418754577637	4.692215919494629	3.369868278503418	2.7345683574676514
6	958	pride	10.432172775268555	9.470879554748535	7.793376445770264	5.2628583908081055
6	959	from	4.657383441925049	5.230726718902588	5.498653411865234	5.568458557128906
6	960	the	1.3965858221054077	1.3119261264801025	1.3797972202301025	1.1137421131134033
6	961	wings.	12.878114700317383	11.167214393615723	12.075904846191406	11.821474075317383
6	962	She	4.752920627593994	4.790680885314941	4.408196449279785	4.182056903839111
6	963	knew	5.377355575561523	5.728725910186768	5.493412017822266	5.547924995422363
6	964	she	4.484821796417236	2.2470340728759766	2.527554750442505	2.416104555130005
6	965	owed	11.136962890625	8.037202835083008	6.537899971008301	6.9557600021362305
6	966	them	4.405023574829102	4.187380790710449	3.2141876220703125	4.33448600769043
6	967	big	9.285202026367188	7.472373008728027	7.711961269378662	6.955264568328857
6	968	time	5.93003511428833	3.5773608684539795	1.7498821020126343	1.7971160411834717
6	969	for	3.0234298706054688	3.752528429031372	3.515084743499756	1.328626036643982
6	970	reminding	11.123401641845703	11.142672538757324	12.145658493041992	10.374366760253906
6	971	her	3.4957704544067383	3.839207172393799	4.745306015014648	5.287510871887207
6	972	what	7.901839256286621	4.5038533210754395	4.319856643676758	3.892092704772949
6	973	she	4.202237129211426	1.878161072731018	1.954838514328003	1.7852630615234375
6	974	was	2.217952013015747	2.334217071533203	1.8221629858016968	1.8718252182006836
6	975	capable	7.923595905303955	7.796000003814697	5.625705718994141	5.593844413757324
6	976	of	0.12910881638526917	0.1489330530166626	0.3461717963218689	0.7950365543365479
6	977	and	7.331781387329102	6.755434989929199	5.674375534057617	4.825486660003662
6	978	who	6.689155578613281	6.454631328582764	5.486415863037109	5.43675422668457
6	979	she	6.424415111541748	5.961516857147217	5.71804666519165	7.176774978637695
6	980	really	6.695647716522217	4.980833530426025	3.660588264465332	3.5809526443481445
6	981	was.	7.779306411743164	5.0830979347229	2.82600474357605	2.5470545291900635
6	982	The	2.7278287410736084	2.6920900344848633	3.0401439666748047	2.975931406021118
6	983	next	5.483620643615723	4.714158535003662	5.027318000793457	4.395504474639893
6	984	time	3.8353981971740723	2.509160041809082	2.568723201751709	2.4628067016601562
6	985	her	7.64907169342041	6.931452751159668	7.020904541015625	6.164762020111084
6	986	phone	7.575537204742432	5.805141448974609	5.286884784698486	4.540493488311768
6	987	bleeped	13.837911605834961	13.020584106445312	9.53940200805664	9.199292182922363
6	988	she	8.902315139770508	9.533183097839355	7.780144691467285	7.306663513183594
6	989	would	3.8393025398254395	4.069594383239746	3.4618940353393555	3.479933977127075
6	990	tap	10.100180625915527	8.62307071685791	9.247729301452637	8.523916244506836
6	991	the	2.4596352577209473	2.2958643436431885	2.2701709270477295	1.9675554037094116
6	992	message	8.201231002807617	8.140666961669922	8.202021598815918	8.11292839050293
6	993	straight	10.83865737915039	9.761405944824219	9.908342361450195	8.607783317565918
6	994	into	3.747037649154663	3.1443138122558594	3.276437282562256	2.4822521209716797
6	995	oblivion	11.236817359924316	9.062980651855469	10.011701583862305	10.478113174438477
6	996	where	5.261455535888672	5.954923629760742	5.8754167556762695	6.320810794830322
6	997	it	2.9639229774475098	3.51002836227417	1.938693642616272	2.1737020015716553
6	998	belonged.	13.345657348632812	7.509636878967285	5.787095069885254	4.870997905731201
7	0	The	2.483332395553589	2.483332395553589	2.483332395553589	2.483332395553589
7	1	Roswell	12.040374755859375	12.040373802185059	12.040374755859375	12.040374755859375
7	2	UFO	4.175173759460449	2.826751708984375	2.826751708984375	2.826751708984375
7	3	Incident	9.333453178405762	3.7473602294921875	2.234386682510376	2.234386920928955
7	4	was	3.679215431213379	5.7468156814575195	4.08795690536499	3.4188780784606934
7	5	the	3.1938233375549316	2.866218328475952	2.7599148750305176	2.6459882259368896
7	6	alleged	8.539651870727539	8.779211044311523	8.176375389099121	7.161158561706543
7	7	recovery	10.536179542541504	10.000114440917969	10.426876068115234	9.605720520019531
7	8	of	2.400561809539795	0.5858086943626404	0.2859380543231964	0.1360352337360382
7	9	extra-terrestrial	13.59867000579834	12.871194839477539	11.485997200012207	10.925954818725586
7	10	debris,	10.522492408752441	10.027207374572754	9.459778785705566	7.1464738845825195
7	11	including	3.7446157932281494	3.2620832920074463	3.000781297683716	2.9037692546844482
7	12	alien	10.509893417358398	9.502293586730957	5.648233413696289	5.662233829498291
7	13	corpses,	11.535747528076172	7.185543060302734	4.253502368927002	5.625732421875
7	14	from	6.128640174865723	5.908779144287109	5.913636207580566	3.610468626022339
7	15	an	4.579050064086914	4.730662822723389	4.694957733154297	4.048027515411377
7	16	object	6.032214641571045	6.424636363983154	6.330010414123535	6.2130889892578125
7	17	that	2.9599075317382812	2.281257152557373	2.0939040184020996	1.8413751125335693
7	18	crashed	11.340906143188477	9.830357551574707	9.857524871826172	8.39350700378418
7	19	near	6.189294338226318	3.664968967437744	5.544538497924805	4.175668239593506
7	20	Roswell,	11.82824420928955	8.771201133728027	6.6736955642700195	6.64964485168457
7	21	New	1.3310595750808716	0.87285977602005	0.5819927453994751	0.576295018196106
7	22	Mexico,	6.749497413635254	0.9660651683807373	0.9199066162109375	1.0240540504455566
7	23	on	5.438801288604736	5.564609527587891	2.639907121658325	1.428013563156128
7	24	or	6.867953300476074	5.805484294891357	6.067089080810547	6.179173946380615
7	25	about	6.575838565826416	2.9073965549468994	0.9576170444488525	0.6691948175430298
7	26	July	9.670193672180176	10.232097625732422	2.973494529724121	2.146129846572876
7	27	eighth,	12.943740844726562	11.4973726272583	11.294408798217773	11.194820404052734
7	28	nineteen	11.015621185302734	8.264404296875	8.287317276000977	7.705226898193359
7	29	forty-seven.	11.378178596496582	10.163721084594727	9.27276611328125	8.05798625946045
7	30	Since	5.772928714752197	6.321247100830078	6.355324745178223	6.14815616607666
7	31	the	1.5880560874938965	1.5942285060882568	1.806167483329773	1.733130931854248
7	32	late	7.5230793952941895	4.826389789581299	5.532611846923828	5.529200553894043
7	33	nineteen	11.369686126708984	8.535201072692871	7.899065017700195	6.274505615234375
7	34	seventies,	10.003313064575195	5.1934614181518555	4.0520172119140625	2.9467029571533203
7	35	the	2.5239899158477783	2.5576934814453125	2.4164724349975586	2.172929525375366
7	36	incident	8.548612594604492	9.25949764251709	8.82380485534668	8.84317684173584
7	37	has	4.2429704666137695	3.97908091545105	3.5898845195770264	3.5310301780700684
7	38	been	1.529977798461914	1.0275459289550781	1.1021342277526855	1.1853201389312744
7	39	the	3.750098705291748	3.7250192165374756	4.844232082366943	4.5983662605285645
7	40	subject	7.484014987945557	2.9035933017730713	2.55656361579895	0.9370009899139404
7	41	of	1.8517388105392456	0.7389824390411377	0.022706832736730576	0.01511136069893837
7	42	intense	10.006891250610352	4.734007835388184	5.783977508544922	3.9141197204589844
7	43	controversy	8.024500846862793	6.743312358856201	4.388412952423096	3.892008066177368
7	44	and	2.5780551433563232	2.8053412437438965	2.0612435340881348	2.254659652709961
7	45	the	2.761542558670044	2.55806565284729	3.2814972400665283	3.582270860671997
7	46	subject	7.484014987945557	8.111259460449219	7.426621437072754	7.016148090362549
7	47	of	1.8517388105392456	0.7389825582504272	0.8062434792518616	0.18734899163246155
7	48	conspiracy	10.393736839294434	7.954440593719482	7.546237945556641	7.843059539794922
7	49	theories	2.429959774017334	1.4516249895095825	2.1183786392211914	1.8475792407989502
7	50	as	4.537072658538818	4.417998313903809	4.300761699676514	3.956852674484253
7	51	to	4.6728973388671875	2.423478126525879	3.405411958694458	4.196174144744873
7	52	the	2.329280376434326	2.0088095664978027	1.7093477249145508	1.844282627105713
7	53	true	8.102139472961426	8.026859283447266	5.405918121337891	4.292757987976074
7	54	nature	6.40952205657959	2.579474925994873	2.2438154220581055	1.3976620435714722
7	55	of	0.6321919560432434	0.18327051401138306	0.04109879583120346	0.03542688861489296
7	56	the	1.4618616104125977	0.8902751207351685	0.9493696689605713	0.8100813627243042
7	57	object	8.193960189819336	8.549613952636719	6.307827949523926	6.505361557006836
7	58	that	2.9599075317382812	3.6564598083496094	3.004703998565674	3.2750301361083984
7	59	crashed.	14.189249992370605	11.89525032043457	10.122893333435059	10.61147689819336
7	60	The	1.771244764328003	2.0133440494537354	1.938882827758789	2.0619239807128906
7	61	United	5.702286720275879	7.064312934875488	6.541797161102295	7.577155590057373
7	62	States	0.6146537065505981	0.3270339071750641	0.2526598572731018	0.22179090976715088
7	63	military	7.2519025802612305	5.332244873046875	5.280365467071533	3.8694159984588623
7	64	maintains	11.017021179199219	9.253899574279785	8.682694435119629	5.993661880493164
7	65	the	1.8504295349121094	2.2472329139709473	2.513141393661499	2.757082939147949
7	66	debris	10.655649185180664	11.921226501464844	11.711801528930664	12.41891860961914
7	67	recovered	7.290881156921387	7.5950608253479	8.01813793182373	6.042728900909424
7	68	was	7.007013320922852	5.211454391479492	4.378391265869141	5.692050457000732
7	69	from	6.71475887298584	4.243256092071533	3.3542306423187256	3.339559555053711
7	70	an	4.579050064086914	3.7863965034484863	3.4077749252319336	2.9998908042907715
7	71	experimental	7.5621747970581055	7.180002212524414	7.176028251647949	7.305157661437988
7	72	high-altitude	12.807533264160156	11.7769775390625	11.406327247619629	11.935720443725586
7	73	surveillance	8.174627304077148	6.567952632904053	7.25844144821167	8.181425094604492
7	74	balloon	10.723912239074707	5.351191520690918	3.5657806396484375	2.119760751724243
7	75	that	4.384334564208984	2.9423770904541016	2.96958327293396	3.172071695327759
7	76	belonged	10.235010147094727	8.205883026123047	8.6517972946167	8.849969863891602
7	77	to	0.22701744735240936	0.08766397088766098	0.029653925448656082	0.013611364178359509
7	78	a	3.8145251274108887	2.0454695224761963	2.4242911338806152	1.9329328536987305
7	79	classified	10.378725051879883	9.653936386108398	9.110525131225586	9.542702674865723
7	80	program	7.1253509521484375	5.613365173339844	5.877447605133057	4.8643927574157715
7	81	named	7.7121686935424805	6.61203670501709	6.4798736572265625	6.430123805999756
7	82	'Mogul'.	18.471939086914062	18.237890243530273	18.93944549560547	19.010129928588867
7	83	However,	5.114098072052002	4.852502346038818	4.832950115203857	4.825376987457275
7	84	many	4.9655303955078125	5.328479290008545	5.443752288818359	5.363672256469727
7	85	UFO	12.383796691894531	10.427334785461426	11.344474792480469	10.453790664672852
7	86	proponents	10.038970947265625	7.35922908782959	4.750293731689453	5.457897663116455
7	87	maintain	8.788116455078125	6.691390514373779	7.3570098876953125	4.450577735900879
7	88	that,	7.6336870193481445	4.60081148147583	4.704563140869141	4.639025688171387
7	89	in	2.934673547744751	2.705591917037964	2.193328380584717	2.360149621963501
7	90	fact,	6.876526355743408	2.971918821334839	2.8246707916259766	2.975513458251953
7	91	a	3.740652561187744	2.980220079421997	4.092165946960449	4.074589729309082
7	92	crashed	12.004121780395508	11.869552612304688	11.917409896850586	11.723729133605957
7	93	alien	10.924813270568848	5.323070526123047	5.4879631996154785	5.114193439483643
7	94	craft	9.229226112365723	4.01915168762207	2.9415085315704346	3.077296018600464
7	95	and	2.4982709884643555	2.630171537399292	2.508641242980957	2.527883291244507
7	96	bodies	10.369869232177734	10.438676834106445	8.842348098754883	8.759099006652832
7	97	were	3.4325780868530273	3.700488805770874	4.295760154724121	3.8333661556243896
7	98	recovered,	10.935194969177246	6.817958831787109	7.561079502105713	8.988364219665527
7	99	and	1.8787471055984497	1.8266105651855469	1.9143942594528198	2.0473263263702393
7	100	that	4.976616382598877	3.600400447845459	3.3210482597351074	3.2594637870788574
7	101	the	2.3350260257720947	2.1352968215942383	1.7543387413024902	1.5879905223846436
7	102	military	7.692066192626953	6.960145473480225	6.675447463989258	6.897455215454102
7	103	then	9.284395217895508	7.834238529205322	7.8785200119018555	7.81987190246582
7	104	engaged	10.055572509765625	6.5373687744140625	7.194110870361328	6.321524620056152
7	105	in	0.399507999420166	0.47370645403862	0.41042259335517883	0.2650530934333801
7	106	a	2.6917762756347656	1.9219189882278442	1.3922829627990723	1.5175154209136963
7	107	cover-up.	12.894292831420898	12.776098251342773	9.526963233947754	10.93720531463623
7	108	The	2.1814539432525635	2.2131199836730957	2.1811585426330566	2.1350936889648438
7	109	incident	8.001347541809082	6.62330436706543	6.446977138519287	6.611035346984863
7	110	has	4.2429704666137695	3.0862016677856445	2.589033603668213	2.435197353363037
7	111	turned	6.333614349365234	6.147784233093262	6.452406406402588	5.78530216217041
7	112	into	2.2327988147735596	1.5798412561416626	0.8222815990447998	1.0373789072036743
7	113	a	2.010791778564453	0.7129558324813843	0.4600036144256592	0.3503173589706421
7	114	widely	9.197710037231445	9.628280639648438	9.851425170898438	9.009608268737793
7	115	known	2.726114273071289	3.321120262145996	3.4833009243011475	2.9918925762176514
7	116	pop	11.291827201843262	9.204324722290039	8.261619567871094	7.417845726013184
7	117	culture	3.3022820949554443	1.724652886390686	1.6833778619766235	1.1252199411392212
7	118	phenomenon,	11.40688419342041	6.222036361694336	5.433405876159668	3.940455913543701
7	119	making	6.62157678604126	6.177972793579102	6.222196578979492	6.36016845703125
7	120	the	2.3866634368896484	2.0273656845092773	2.357952833175659	2.3921144008636475
7	121	name	6.715263843536377	7.488373279571533	6.87567663192749	6.146455764770508
7	122	Roswell	15.811967849731445	13.101285934448242	12.341496467590332	10.078916549682617
7	123	synonymous	14.939665794372559	14.507524490356445	13.556903839111328	5.193897724151611
7	124	with	0.25387924909591675	0.10577742755413055	0.05970703065395355	0.05955889821052551
7	125	UFOs.	13.57858657836914	12.092564582824707	5.255679607391357	3.7791898250579834
7	126	It	3.649710178375244	3.529292583465576	3.137544631958008	3.352752685546875
7	127	ranks	10.291363716125488	9.539667129516602	9.316961288452148	9.00977897644043
7	128	as	3.7359910011291504	2.081374168395996	1.5509634017944336	1.9646990299224854
7	129	one	5.0133538246154785	1.763478398323059	1.0009779930114746	0.8640156388282776
7	130	of	1.243708610534668	0.47503164410591125	0.01587333157658577	0.00939488410949707
7	131	the	1.4618616104125977	0.5239232182502747	0.3678080141544342	0.18888096511363983
7	132	most	4.979346752166748	4.582069396972656	1.8230513334274292	1.6833250522613525
7	133	publicized	10.293954849243164	8.687202453613281	8.252120018005371	8.275766372680664
7	134	and	3.3372533321380615	3.797391176223755	3.2750911712646484	2.9269344806671143
7	135	controversial	10.323490142822266	6.56800651550293	3.6575255393981934	3.1219024658203125
7	136	alleged	8.937760353088379	9.876501083374023	9.917886734008789	8.905555725097656
7	137	UFO	11.175925254821777	8.766263961791992	7.671032905578613	7.3427910804748535
7	138	incidents.	9.918315887451172	7.327383518218994	6.451265335083008	6.454917907714844
7	139	On	4.950927257537842	5.128933906555176	4.926600456237793	4.849481582641602
7	140	July	4.7057785987854	3.463914394378662	3.2616498470306396	3.167147636413574
7	141	ninth,	13.095166206359863	12.190614700317383	12.460832595825195	12.882533073425293
7	142	nineteen	11.051596641540527	8.838704109191895	8.475179672241211	8.224860191345215
7	143	forty-seven,	11.073430061340332	9.09389591217041	9.09599494934082	7.81187629699707
7	144	a	3.679666519165039	3.6403415203094482	4.280589580535889	3.8989334106445312
7	145	press	7.707222938537598	8.66285514831543	9.13340950012207	9.275407791137695
7	146	release	2.672860622406006	1.684903860092163	0.5861697196960449	1.2820788621902466
7	147	that	4.016555309295654	3.2172560691833496	2.985814332962036	4.753484725952148
7	148	Roswell	13.82447624206543	13.717415809631348	13.246551513671875	13.579156875610352
7	149	Army	6.483824729919434	7.028426647186279	6.460094451904297	5.583484649658203
7	150	Air	5.161891937255859	1.0877593755722046	0.6717605590820312	0.6509711742401123
7	151	Field	8.563202857971191	4.507933616638184	1.353964924812317	0.5532654523849487
7	152	issued	8.985564231872559	9.952914237976074	9.235573768615723	9.067824363708496
7	153	stated	9.972909927368164	11.520727157592773	11.09485149383545	11.747245788574219
7	154	that	0.7264927625656128	1.1478837728500366	0.8969401121139526	0.920204758644104
7	155	personnel	10.798868179321289	10.94538402557373	10.028117179870605	9.327832221984863
7	156	from	3.919755458831787	3.7807788848876953	2.5940051078796387	2.4451065063476562
7	157	the	1.3965858221054077	0.9231338500976562	0.8094254732131958	0.610990583896637
7	158	field's	12.598018646240234	11.923779487609863	12.057133674621582	12.25210952758789
7	159	Bomb	15.085994720458984	16.228801727294922	16.170949935913086	13.19710922241211
7	160	Group	7.615415573120117	5.9872846603393555	5.276886940002441	5.1384477615356445
7	161	had	5.637290000915527	5.073581695556641	4.192470073699951	4.489609718322754
7	162	recovered	8.689468383789062	8.417013168334961	7.269988059997559	7.003355026245117
7	163	a	3.5797770023345947	3.501901388168335	3.2785158157348633	2.6763932704925537
7	164	crashed	12.004121780395508	9.377652168273926	9.789173126220703	8.180521011352539
7	165	'flying	16.563695907592773	12.84542465209961	12.504049301147461	12.518736839294434
7	166	disc'	6.230462074279785	5.15024471282959	4.530572891235352	3.5196051597595215
7	167	from	4.070937156677246	4.518352031707764	4.684535026550293	3.8267107009887695
7	168	a	2.895885944366455	2.645484209060669	2.375582218170166	3.2520413398742676
7	169	ranch	11.054800987243652	9.978290557861328	12.933282852172852	9.268787384033203
7	170	near	6.682823657989502	3.3418259620666504	2.73537015914917	3.3970301151275635
7	171	Roswell,	11.82824420928955	7.751217842102051	8.182648658752441	8.028064727783203
7	172	sparking	9.74841022491455	9.17867660522461	9.443557739257812	10.246700286865234
7	173	intense	7.655628681182861	5.456833839416504	4.95650577545166	5.101268768310547
7	174	media	7.353391647338867	4.269339084625244	3.9567718505859375	4.318819999694824
7	175	interest.	11.04468822479248	6.864274978637695	3.5335192680358887	2.789006471633911
7	176	Later	8.509023666381836	8.279630661010742	8.275732040405273	7.710297107696533
7	177	the	2.554591417312622	3.20339298248291	3.13710618019104	3.063436269760132
7	178	same	4.463314056396484	2.830396890640259	2.5867464542388916	2.361860990524292
7	179	day,	5.653061389923096	5.698607444763184	1.7472630739212036	1.8476228713989258
7	180	the	2.6723506450653076	2.046135902404785	2.097547769546509	1.8620541095733643
7	181	Commanding	13.286004066467285	12.215704917907715	12.675102233886719	13.109538078308105
7	182	General	3.7345662117004395	1.6810407638549805	1.3587090969085693	0.9647656083106995
7	183	of	4.138277530670166	0.530346155166626	0.44588354229927063	0.38284578919410706
7	184	the	1.4618616104125977	1.0743337869644165	0.30796387791633606	0.2723371088504791
7	185	Eighth	10.538908004760742	10.696502685546875	9.461642265319824	6.7194414138793945
7	186	Air	6.704943656921387	5.579280376434326	5.362786769866943	3.245659112930298
7	187	Force	0.8193569183349609	0.4204920530319214	0.4645160138607025	0.5903047919273376
7	188	stated	9.630850791931152	8.709325790405273	8.56303596496582	8.247101783752441
7	189	that,	4.568117618560791	4.618901252746582	4.4120869636535645	3.777010440826416
7	190	in	2.934673547744751	2.4458377361297607	2.4284861087799072	2.6504499912261963
7	191	fact,	6.876526355743408	2.971918821334839	3.332716464996338	3.8613502979278564
7	192	a	3.740652561187744	2.980220079421997	4.092165946960449	4.0785627365112305
7	193	weather	10.114461898803711	10.334138870239258	10.401578903198242	10.346269607543945
7	194	balloon	7.1553239822387695	3.6251635551452637	3.0312461853027344	3.5413625240325928
7	195	had	5.969829559326172	5.885463714599609	8.255800247192383	4.62802791595459
7	196	been	1.9564940929412842	1.5866377353668213	1.7720904350280762	1.732271671295166
7	197	recovered	8.557733535766602	8.421669960021973	5.334970474243164	5.653841495513916
7	198	by	2.4560840129852295	2.2787601947784424	2.0243008136749268	1.9439188241958618
7	199	the	1.5458581447601318	0.9625762701034546	0.9443082809448242	0.9832088947296143
7	200	Roswell	12.56164836883545	12.306595802307129	12.098546028137207	11.235386848449707
7	201	Army	6.483824729919434	5.57245397567749	4.246486186981201	3.4739723205566406
7	202	Air	5.161891937255859	1.0877593755722046	0.4769325256347656	0.513882577419281
7	203	Field	8.563202857971191	4.507933616638184	1.3539652824401855	0.5747808814048767
7	204	personnel,	12.309391021728516	11.392961502075195	10.411592483520508	11.591058731079102
7	205	rather	7.139894962310791	7.41971492767334	7.968472003936768	8.238879203796387
7	206	than	0.5171272158622742	0.026279589161276817	0.026630615815520287	0.027868330478668213
7	207	a	2.786282777786255	2.5276551246643066	2.986696720123291	3.090341567993164
7	208	'flying	15.64521312713623	15.0875825881958	14.688007354736328	14.39240837097168
7	209	saucer'.	6.99913215637207	5.34364652633667	4.627041816711426	4.506955146789551
7	210	A	4.134495258331299	4.034467697143555	3.8968327045440674	4.075350284576416
7	211	subsequent	9.235379219055176	7.3208465576171875	6.626556396484375	7.1138596534729
7	212	press	7.253968238830566	6.687221050262451	5.806338310241699	5.531566619873047
7	213	conference	1.637495756149292	1.2725094556808472	1.9563968181610107	2.1685214042663574
7	214	was	3.814789056777954	4.590900897979736	3.5454273223876953	2.1692705154418945
7	215	called,	8.872840881347656	6.86807918548584	6.867591857910156	7.299594879150391
7	216	featuring	9.923148155212402	10.167448997497559	7.88669490814209	7.872293472290039
7	217	debris	11.026683807373047	12.454639434814453	12.31216812133789	13.505038261413574
7	218	from	2.888883352279663	1.0366535186767578	0.598055362701416	0.5600471496582031
7	219	the	1.3965858221054077	0.8502615690231323	0.6917638778686523	0.6685982942581177
7	220	crashed	12.585800170898438	11.187525749206543	6.544724464416504	5.105497360229492
7	221	object	10.624567985534668	5.803108215332031	6.107582092285156	6.7219014167785645
7	222	that	2.9599075317382812	3.1858975887298584	3.8289127349853516	3.349492311477661
7	223	confirmed	10.23830795288086	11.778116226196289	10.349712371826172	8.300742149353027
7	224	the	2.3224499225616455	1.3755590915679932	1.3760663270950317	1.3252018690109253
7	225	weather	8.514331817626953	8.87630844116211	8.815644264221191	8.965803146362305
7	226	balloon	7.1553239822387695	7.509230136871338	7.095797538757324	6.646723747253418
7	227	description.	12.770929336547852	11.355025291442871	11.703865051269531	12.160808563232422
7	228	The	2.367340326309204	2.332181453704834	2.4108057022094727	2.295930862426758
7	229	case	6.436700820922852	6.846065521240234	7.366113662719727	8.373427391052246
7	230	was	3.906064033508301	2.2775356769561768	2.350254535675049	2.565197229385376
7	231	quickly	7.550785541534424	6.712011814117432	5.383755683898926	5.775972366333008
7	232	forgotten	8.45654010772705	4.702401161193848	5.287724494934082	5.210251808166504
7	233	and	3.3458406925201416	2.6169159412384033	1.9077284336090088	1.650816798210144
7	234	almost	7.529774188995361	6.0494465827941895	5.910886287689209	6.565742015838623
7	235	completely	4.801784992218018	4.497034072875977	3.9985015392303467	3.333214282989502
7	236	ignored,	9.24077033996582	6.630496978759766	6.878363609313965	6.022387504577637
7	237	even	4.703250408172607	3.9924662113189697	3.735466480255127	4.381647109985352
7	238	by	5.444462299346924	1.8415775299072266	1.745911955833435	1.524134635925293
7	239	UFO	11.770919799804688	11.43857192993164	11.352298736572266	10.933594703674316
7	240	researchers,	8.519407272338867	4.362502098083496	4.2519378662109375	3.4065513610839844
7	241	for	4.765910625457764	5.004258155822754	4.954703330993652	4.582752704620361
7	242	more	4.827448844909668	5.479391574859619	4.949629783630371	4.719791412353516
7	243	than	1.7245304584503174	1.1102396249771118	0.8733546137809753	1.4483133554458618
7	244	thirty	7.382744312286377	7.245048522949219	5.777637958526611	5.280849933624268
7	245	years.	3.4779000282287598	3.433145761489868	2.614915370941162	1.2220547199249268
7	246	Then,	6.936895370483398	7.078564643859863	7.191407680511475	7.24806022644043
7	247	in	2.982656478881836	1.6238632202148438	1.573576807975769	1.5230934619903564
7	248	nineteen	11.663930892944336	10.686697959899902	10.816611289978027	10.00810718536377
7	249	seventy-eight,	12.466073036193848	9.588044166564941	7.085419654846191	5.817193031311035
7	250	nuclear	12.106348037719727	12.457792282104492	11.25612735748291	10.737528800964355
7	251	physicist	8.382745742797852	4.482361316680908	4.630077362060547	5.530202865600586
7	252	and	2.496769905090332	2.2427618503570557	2.1270079612731934	2.1070950031280518
7	253	author	9.422425270080566	5.09716796875	3.949662685394287	3.3608055114746094
7	254	Stanton	11.746663093566895	10.973830223083496	9.066572189331055	9.40595817565918
7	255	Friedman	9.422228813171387	3.536893129348755	2.6675925254821777	0.8274220824241638
7	256	interviewed	9.393108367919922	7.544623374938965	6.907137393951416	6.671270370483398
7	257	Jesse	9.608158111572266	8.53176498413086	7.536004066467285	7.910332679748535
7	258	Marcel,	10.874342918395996	9.287819862365723	9.596515655517578	8.927669525146484
7	259	the	2.598837375640869	2.7215964794158936	1.8773820400238037	1.7196608781814575
7	260	only	6.083714485168457	5.367493629455566	5.350285530090332	5.498974800109863
7	261	person	6.844931602478027	4.024308204650879	2.873405694961548	2.6909267902374268
7	262	known	7.657604217529297	5.651672840118408	5.399569034576416	4.417020320892334
7	263	to	2.292736291885376	1.394965410232544	0.07477185130119324	0.07471735030412674
7	264	have	4.459298133850098	2.283050537109375	2.709104537963867	0.2903183400630951
7	265	accompanied	10.12237548828125	10.402196884155273	7.902491092681885	7.520732402801514
7	266	the	4.065863132476807	1.6491100788116455	1.6291275024414062	1.281135082244873
7	267	Roswell	12.56164836883545	11.845426559448242	12.068170547485352	11.288222312927246
7	268	debris	7.238831520080566	3.303295850753784	3.400064468383789	3.2005486488342285
7	269	from	2.888883352279663	4.030203819274902	4.707916736602783	4.724974632263184
7	270	where	7.0146636962890625	6.925782203674316	5.951624393463135	5.665722846984863
7	271	it	2.9639229774475098	2.4279513359069824	2.136556625366211	1.610500454902649
7	272	was	2.332796096801758	2.1004397869110107	1.6447086334228516	1.59078848361969
7	273	recovered	9.316243171691895	10.034306526184082	8.98384952545166	8.62145709991455
7	274	to	3.4408774375915527	4.469141483306885	4.60609245300293	4.481492042541504
7	275	Fort	10.65088939666748	8.412515640258789	9.995125770568848	9.73216438293457
7	276	Worth.	4.948814392089844	4.317647933959961	4.805871963500977	4.633070945739746
7	277	Over	6.965287685394287	6.979857921600342	6.851516246795654	7.2227020263671875
7	278	the	1.1067341566085815	0.5763963460922241	0.5088709592819214	0.47056853771209717
7	279	next	5.502037048339844	2.200575590133667	1.9342244863510132	1.5328741073608398
7	280	few	3.9994120597839355	2.855229139328003	1.3841423988342285	1.5245859622955322
7	281	years,	4.008929252624512	2.5316529273986816	2.6049628257751465	1.6451042890548706
7	282	the	2.353285551071167	2.300671339035034	2.448700189590454	2.4759039878845215
7	283	accounts	10.05528450012207	9.776398658752441	10.190061569213867	10.223489761352539
7	284	he	6.761654853820801	5.049022674560547	5.592059135437012	5.688174247741699
7	285	and	5.736567497253418	4.67313289642334	4.495267391204834	3.801971435546875
7	286	others	7.075419902801514	3.895045042037964	3.155294895172119	3.2486937046051025
7	287	gave	7.8065032958984375	7.601217746734619	6.924810409545898	4.375727653503418
7	288	elevated	12.276930809020996	11.929800033569336	11.012033462524414	11.848906517028809
7	289	Roswell	15.555293083190918	15.167957305908203	14.986113548278809	14.668846130371094
7	290	from	6.0712456703186035	5.856035232543945	7.346992492675781	7.729472637176514
7	291	a	2.895885944366455	2.8729088306427	2.11462140083313	1.092016577720642
7	292	forgotten	9.97630500793457	9.734062194824219	9.170154571533203	8.170092582702637
7	293	incident	10.324315071105957	7.859768867492676	7.208948135375977	5.806482315063477
7	294	to	3.651047706604004	3.7234675884246826	4.3266777992248535	3.968158721923828
7	295	perhaps	9.826082229614258	10.382247924804688	8.349631309509277	7.938827991485596
7	296	the	2.1337499618530273	2.1238372325897217	2.511111259460449	3.547931432723999
7	297	most	4.979346752166748	1.428008794784546	1.1585406064987183	1.2015877962112427
7	298	famous	5.290651321411133	4.709316253662109	3.7552943229675293	3.3836748600006104
7	299	UFO	10.063393592834473	8.621026992797852	8.267097473144531	8.22291374206543
7	300	case	8.539996147155762	4.847378730773926	3.7207789421081543	3.743610143661499
7	301	of	1.540284514427185	3.703951835632324	2.2837846279144287	1.5085937976837158
7	302	all	5.171164035797119	6.425050735473633	7.036993026733398	5.0310163497924805
7	303	time.	7.282740592956543	4.6969099044799805	4.450018405914307	1.7115633487701416
7	304	By	5.809028148651123	6.047105312347412	5.929173469543457	5.9888434410095215
7	305	the	1.649709939956665	1.3193321228027344	1.336826205253601	1.342679738998413
7	306	early	7.03384256362915	4.441235065460205	4.746546268463135	4.381961822509766
7	307	nineteen	10.485124588012695	8.093472480773926	7.436302661895752	7.422949314117432
7	308	nineties,	11.38044548034668	5.45333194732666	4.2869415283203125	3.4491918087005615
7	309	UFO	11.252874374389648	11.543076515197754	11.326366424560547	11.255578994750977
7	310	researchers	6.7143659591674805	2.8244712352752686	2.6182188987731934	2.6541357040405273
7	311	had	4.3722028732299805	4.1482744216918945	3.2652587890625	3.3578057289123535
7	312	interviewed	8.743490219116211	8.214390754699707	6.84898042678833	8.6780366897583
7	313	several	6.153219223022461	3.9828150272369385	5.0857133865356445	3.6597952842712402
7	314	hundred	4.586215972900391	4.5932159423828125	3.801199436187744	1.4276732206344604
7	315	people	3.535198926925659	3.0331432819366455	1.830649495124817	1.702270746231079
7	316	who	2.1084210872650146	2.9444210529327393	3.0410125255584717	1.6089973449707031
7	317	had,	9.489410400390625	10.16496467590332	9.518640518188477	9.27904224395752
7	318	or	3.901151180267334	4.581334590911865	2.1885695457458496	3.1720805168151855
7	319	who	6.861269950866699	5.081498622894287	2.9936721324920654	2.5421242713928223
7	320	claimed	6.847004413604736	7.51423978805542	6.968869209289551	6.843568801879883
7	321	to	2.0794003009796143	1.1437753438949585	1.0346291065216064	0.6190354228019714
7	322	have	4.459298133850098	1.133074164390564	1.242676019668579	1.2425163984298706
7	323	had,	8.896597862243652	8.932953834533691	9.2684326171875	11.500909805297852
7	324	a	4.97182559967041	4.528418064117432	3.9855964183807373	3.611586332321167
7	325	connection	8.517630577087402	8.417452812194824	7.560018062591553	7.4227776527404785
7	326	with	1.4502795934677124	1.8152798414230347	1.9943232536315918	1.5384721755981445
7	327	the	1.7403578758239746	1.041495680809021	1.1713958978652954	1.2046537399291992
7	328	events	8.125146865844727	8.617408752441406	6.159700393676758	7.8005290031433105
7	329	at	4.3565802574157715	4.273954391479492	4.032111167907715	3.5034494400024414
7	330	Roswell	12.363597869873047	11.607466697692871	9.249374389648438	9.13587760925293
7	331	in	3.574807643890381	2.06503963470459	2.220698118209839	2.167691230773926
7	332	nineteen	11.663930892944336	12.032337188720703	13.12158489227295	13.654471397399902
7	333	forty-seven.	11.378178596496582	10.270085334777832	7.379915237426758	6.982161521911621
7	334	Additionally,	7.435322284698486	8.748552322387695	8.532894134521484	8.628678321838379
7	335	hundreds	9.344792366027832	8.19720458984375	8.967915534973145	8.609450340270996
7	336	of	0.07480502128601074	0.046518780291080475	0.09754841774702072	0.09542687982320786
7	337	documents	9.821727752685547	7.025757789611816	6.7362380027771	6.974431037902832
7	338	were	4.160121440887451	4.532459735870361	4.673395156860352	1.9777002334594727
7	339	obtained	7.421594619750977	3.0320472717285156	3.6598691940307617	3.6252193450927734
7	340	by	1.7318323850631714	1.8127996921539307	0.49096953868865967	0.7611904740333557
7	341	Freedom	10.94118881225586	8.366935729980469	10.877873420715332	7.224727630615234
7	342	of	1.6810295581817627	0.9608293771743774	0.18607376515865326	0.20193521678447723
7	343	Information	10.46553897857666	0.9339837431907654	0.27154672145843506	0.19464950263500214
7	344	Act	4.708665370941162	1.3277180194854736	0.6479222774505615	0.3005368709564209
7	345	requests,	12.127132415771484	6.3504133224487305	3.912825107574463	3.8467845916748047
7	346	as	4.171913146972656	3.803457736968994	3.7445244789123535	3.9171764850616455
7	347	were	7.817563056945801	6.876540184020996	7.362545013427734	7.072178363800049
7	348	some	6.256826400756836	3.9686174392700195	3.621361017227173	3.8942644596099854
7	349	that	6.828818321228027	4.635769844055176	5.073991775512695	3.864075183868408
7	350	insiders	12.363195419311523	12.639101028442383	13.511870384216309	12.939628601074219
7	351	apparently	9.281718254089355	8.107353210449219	8.532110214233398	8.43171501159668
7	352	leaked.	11.988372802734375	12.992265701293945	10.58673095703125	9.024374961853027
7	353	Their	6.819859504699707	6.905333042144775	6.662428855895996	6.895693302154541
7	354	conclusions	8.542610168457031	7.041769981384277	7.247380256652832	7.03810453414917
7	355	were	4.151191711425781	1.741802453994751	1.5068649053573608	1.6485192775726318
7	356	that	5.918351173400879	3.617701768875122	2.380525588989258	2.3833329677581787
7	357	at	6.775269985198975	6.461235046386719	6.182713508605957	6.209122180938721
7	358	least	2.649752378463745	1.2187633514404297	1.4885317087173462	0.8491206765174866
7	359	one	2.6017608642578125	2.206284999847412	1.6486339569091797	1.7223390340805054
7	360	alien	10.507878303527832	8.692727088928223	8.342241287231445	8.351024627685547
7	361	craft	9.229226112365723	6.602215766906738	6.775823593139648	6.110393047332764
7	362	had	6.7505364418029785	4.037499904632568	3.173661708831787	3.4409782886505127
7	363	crashed	9.359834671020508	8.430187225341797	3.2064208984375	2.442507743835449
7	364	in	2.3300838470458984	2.378943920135498	1.9837268590927124	1.4237949848175049
7	365	the	1.3865312337875366	1.5675194263458252	1.2508463859558105	1.0158939361572266
7	366	Roswell	12.56164836883545	12.954501152038574	11.924294471740723	11.332337379455566
7	367	vicinity,	12.507579803466797	13.1527738571167	9.588885307312012	8.557198524475098
7	368	that	5.355461120605469	5.430977821350098	5.226736545562744	4.9875688552856445
7	369	aliens,	14.217432022094727	15.464314460754395	11.670557975769043	10.82895278930664
7	370	some	5.708134651184082	5.6569929122924805	4.968359470367432	4.890133857727051
7	371	possibly	10.890092849731445	8.04311752319336	6.267472267150879	5.560165882110596
7	372	still	6.530505180358887	7.327671051025391	6.091281890869141	6.669171333312988
7	373	alive,	7.214947700500488	7.7218732833862305	6.967612266540527	2.0237438678741455
7	374	were	6.6082963943481445	6.707382678985596	5.066073417663574	3.8061020374298096
7	375	recovered,	10.935194969177246	10.232721328735352	10.130688667297363	9.786467552185059
7	376	and	1.8787472248077393	1.8266105651855469	1.318958044052124	1.3272489309310913
7	377	that	4.976616382598877	3.600400447845459	3.3210482597351074	3.987342596054077
7	378	a	4.261780738830566	4.417794704437256	4.005377769470215	3.5226376056671143
7	379	massive	6.735623836517334	7.012441158294678	6.870615005493164	6.678178787231445
7	380	cover-up	10.229056358337402	9.24168586730957	8.415328025817871	7.830223083496094
7	381	of	1.3623735904693604	1.3953779935836792	1.372041940689087	1.9526268243789673
7	382	any	5.635997772216797	6.050528526306152	5.8537373542785645	5.36132287979126
7	383	knowledge	7.5560526847839355	8.022085189819336	6.166276454925537	5.538058280944824
7	384	of	1.1164246797561646	0.38737213611602783	1.0314323902130127	0.7455088496208191
7	385	the	1.4618616104125977	1.10019052028656	1.1103612184524536	1.0321474075317383
7	386	incident	8.548612594604492	8.111668586730957	8.314542770385742	5.178624629974365
7	387	was	2.6449687480926514	2.524850606918335	2.412351369857788	3.040189266204834
7	388	put	6.485535621643066	7.445246696472168	7.635956764221191	7.597136497497559
7	389	in	2.6065683364868164	1.8115382194519043	2.202453136444092	2.3954925537109375
7	390	place.	8.225656509399414	4.4080963134765625	4.549698829650879	3.758716344833374
7	391	Numerous	9.699584007263184	9.752504348754883	9.695799827575684	9.14594554901123
7	392	books,	9.702199935913086	7.952917098999023	8.479243278503418	8.789697647094727
7	393	articles,	6.237538814544678	2.1920599937438965	2.6177122592926025	2.4870283603668213
7	394	television	8.983776092529297	6.554069995880127	5.708427429199219	5.811192512512207
7	395	specials	9.352716445922852	4.923177719116211	4.64881706237793	3.6797099113464355
7	396	and	2.3335912227630615	1.4765468835830688	0.1349729299545288	0.09981828927993774
7	397	even	6.0278520584106445	5.556546211242676	4.4783782958984375	3.8703038692474365
7	398	a	3.337850570678711	3.192108154296875	1.984522819519043	1.6917626857757568
7	399	made-for-TV	12.39382553100586	13.202417373657227	12.05692195892334	11.289278030395508
7	400	movie	1.6796748638153076	1.2318917512893677	1.508152723312378	1.0542949438095093
7	401	brought	8.758599281311035	7.965429306030273	7.912555694580078	8.499377250671387
7	402	the	2.9283461570739746	2.8079729080200195	2.0781302452087402	2.357701063156128
7	403	nineteen	12.852359771728516	13.224014282226562	13.655117988586426	13.717422485351562
7	404	forty-seven	10.199102401733398	9.436758995056152	10.423665046691895	8.492778778076172
7	405	incident	10.98630428314209	10.873892784118652	8.34469985961914	8.656220436096191
7	406	fame	13.384416580200195	14.709757804870605	13.279318809509277	13.626657485961914
7	407	and	2.0936741828918457	2.18157696723938	2.6283631324768066	2.4260153770446777
7	408	notoriety,	14.744486808776855	5.8723225593566895	5.4769697189331055	4.917228698730469
7	409	so	4.939789772033691	4.694149017333984	4.848602294921875	4.6541829109191895
7	410	that	2.8531723022460938	3.290151596069336	2.4623301029205322	2.763545036315918
7	411	by	6.76305627822876	6.197601795196533	5.155561447143555	4.871158599853516
7	412	the	1.5458581447601318	1.9237029552459717	1.0654408931732178	1.0148952007293701
7	413	mid	9.628303527832031	9.777788162231445	6.611929893493652	7.300329208374023
7	414	nineteen	10.235610961914062	8.18587589263916	7.5468430519104	6.62359619140625
7	415	nineties,	11.38044548034668	4.339190483093262	3.9294466972351074	4.218602180480957
7	416	strong	10.300689697265625	10.486227035522461	10.628155708312988	10.46509075164795
7	417	majorities	9.747325897216797	6.583010673522949	6.027292251586914	6.668235778808594
7	418	in	1.914368748664856	1.1205531358718872	1.39324152469635	1.3735069036483765
7	419	polls,	12.59852409362793	9.229835510253906	8.984827995300293	10.996273040771484
7	420	such	6.285634994506836	6.066409587860107	5.405826091766357	5.392747402191162
7	421	as	0.8127424716949463	0.08451824635267258	0.09953343868255615	0.10868065059185028
7	422	a	1.8714717626571655	3.371734619140625	3.2881577014923096	2.8547048568725586
7	423	nineteen	13.645538330078125	13.268762588500977	14.190690994262695	12.390686988830566
7	424	ninety-seven	11.563974380493164	10.446414947509766	11.580856323242188	10.266640663146973
7	425	CNN	12.426888465881348	12.447837829589844	12.484735488891602	13.039798736572266
7	426	Time	9.602330207824707	9.784783363342285	8.288191795349121	8.423212051391602
7	427	poll,	10.625020027160645	8.837339401245117	6.965019226074219	6.427872657775879
7	428	believed	8.84445858001709	9.642650604248047	9.780102729797363	9.947773933410645
7	429	that	1.3242199420928955	1.6448832750320435	2.030578136444092	1.3895659446716309
7	430	aliens	10.7049560546875	8.685639381408691	10.321319580078125	11.247846603393555
7	431	had	5.056920528411865	3.301957368850708	2.0342776775360107	2.3477845191955566
7	432	visited	7.409843444824219	5.7606072425842285	2.4005067348480225	1.134984016418457
7	433	earth	10.115423202514648	10.257128715515137	3.6799395084381104	3.3075904846191406
7	434	and	2.1833343505859375	2.140315294265747	1.9176950454711914	1.8734055757522583
7	435	specifically	9.109455108642578	10.128618240356445	10.147974967956543	10.679893493652344
7	436	that	4.072495937347412	4.2341389656066895	4.424570083618164	5.124502182006836
7	437	aliens	10.7049560546875	10.415667533874512	10.704150199890137	9.774260520935059
7	438	had	5.056920051574707	3.301957368850708	3.8803293704986572	4.135400295257568
7	439	landed	8.063970565795898	4.632452964782715	2.7924156188964844	3.7079873085021973
7	440	at	3.202728271484375	2.749941825866699	3.174243211746216	3.8669071197509766
7	441	Roswell	12.363597869873047	9.115554809570312	9.007364273071289	5.736055850982666
7	442	and	2.798940896987915	2.1928036212921143	2.2105984687805176	2.1064388751983643
7	443	the	2.761542558670044	2.1095826625823975	2.403689384460449	3.048079013824463
7	444	government	6.227968215942383	5.996692657470703	5.541620254516602	6.071720123291016
7	445	was	3.9303081035614014	3.925679922103882	4.119520664215088	2.96696400642395
7	446	covering	9.489059448242188	9.045300483703613	8.18315601348877	8.550009727478027
7	447	up	4.393213272094727	3.0768508911132812	0.8452490568161011	1.1356946229934692
7	448	the	2.3614025115966797	1.063600778579712	1.4408373832702637	0.9679139852523804
7	449	fact.	12.263880729675293	12.916707038879395	7.721742630004883	7.5516462326049805
7	450	During	6.652557373046875	7.039731502532959	7.018996715545654	6.726525783538818
7	451	the	0.7506523132324219	0.7177515625953674	0.75462806224823	0.7384189367294312
7	452	nineteen	12.852359771728516	10.12146282196045	9.502357482910156	9.653074264526367
7	453	eighties	11.684717178344727	4.94111967086792	4.160187244415283	3.6971359252929688
7	454	and	1.4157791137695312	1.5656816959381104	1.3991535902023315	1.7234855890274048
7	455	nineteen	12.074039459228516	9.87821102142334	4.19518518447876	3.7589027881622314
7	456	nineties,	11.38044548034668	12.454666137695312	3.969899892807007	1.5321050882339478
7	457	a	3.550807476043701	3.4891576766967773	3.6530697345733643	3.841707944869995
7	458	new	4.364058494567871	2.9109370708465576	3.067765474319458	3.5569281578063965
7	459	narrative	9.184991836547852	8.516960144042969	7.410764694213867	7.368889808654785
7	460	emerged	9.024002075195312	8.735991477966309	8.049860000610352	2.799283027648926
7	461	which	7.869204521179199	6.296581268310547	4.506892681121826	4.058124542236328
7	462	was	3.198791980743408	3.2786128520965576	2.51809024810791	2.289611577987671
7	463	at	5.402684211730957	5.664366245269775	6.083271503448486	5.578396797180176
7	464	strong	10.102754592895508	10.74260139465332	10.774740219116211	10.7039213180542
7	465	odds	9.908197402954102	4.595886707305908	0.7575958967208862	0.6588555574417114
7	466	with	3.3882386684417725	4.421719551086426	1.183093786239624	0.1719866842031479
7	467	what	5.769779205322266	4.917850494384766	6.164450645446777	3.5780105590820312
7	468	was	3.7657439708709717	3.17764949798584	3.4966819286346436	3.2152183055877686
7	469	reported	6.720419883728027	6.54869270324707	6.007325172424316	4.445789813995361
7	470	in	2.6472296714782715	2.003337860107422	1.7243388891220093	1.7461717128753662
7	471	nineteen	11.663930892944336	11.014771461486816	10.464188575744629	12.052746772766113
7	472	forty-seven.	11.378178596496582	10.270085334777832	11.779433250427246	11.288347244262695
7	473	This	3.5719356536865234	3.8282737731933594	3.5443270206451416	3.4862000942230225
7	474	narrative	9.233332633972168	9.558454513549805	8.811436653137207	8.266900062561035
7	475	evolved	10.309165000915527	9.043679237365723	9.769357681274414	9.75844669342041
7	476	over	4.63347053527832	2.751206874847412	1.9645262956619263	1.716815710067749
7	477	the	1.1159007549285889	1.0207632780075073	1.0209406614303589	1.2278255224227905
7	478	years	8.76681137084961	3.730725049972534	2.4813778400421143	1.8441169261932373
7	479	from	4.588940143585205	4.498171329498291	3.9691591262817383	3.121150016784668
7	480	the	1.3965858221054077	2.308687686920166	1.7797127962112427	1.7682479619979858
7	481	time	5.858691215515137	5.787842750549316	1.9468809366226196	2.7977638244628906
7	482	the	3.705333948135376	3.264075756072998	2.566838502883911	2.176943778991699
7	483	first	4.645151615142822	4.750394821166992	4.543055534362793	3.7144675254821777
7	484	book	6.219338893890381	6.849486827850342	6.171594142913818	5.813894271850586
7	485	on	3.420966386795044	3.193082809448242	3.6011085510253906	5.742572784423828
7	486	Roswell	13.622737884521484	14.173730850219727	13.348604202270508	13.929338455200195
7	487	was	3.6722965240478516	4.0331573486328125	3.9952878952026367	2.3689942359924316
7	488	published	6.874642372131348	8.279317855834961	6.6379570960998535	1.488637089729309
7	489	in	1.6357178688049316	0.7334645986557007	0.47677960991859436	0.5745667815208435
7	490	nineteen	11.663930892944336	10.143396377563477	10.027634620666504	10.190386772155762
7	491	eighty,	12.14139461517334	9.194350242614746	12.121384620666504	9.778898239135742
7	492	as	4.558615684509277	4.608567237854004	4.450630187988281	4.890172481536865
7	493	many	4.99940824508667	3.911865234375	5.475160121917725	5.362292766571045
7	494	new	6.202152252197266	5.894619941711426	7.529435634613037	7.3795881271362305
7	495	witnesses	10.405263900756836	8.726861953735352	8.346527099609375	7.70247220993042
7	496	and	2.9198246002197266	2.429072856903076	2.4653189182281494	3.083569288253784
7	497	accounts	10.123100280761719	7.993391990661621	7.828609466552734	6.9828200340271
7	498	emerged,	11.573995590209961	12.82791805267334	11.254114151000977	9.075308799743652
7	499	drawn	10.06124496459961	9.54762077331543	9.091035842895508	8.850322723388672
7	500	out	4.040811538696289	4.078786373138428	5.597806453704834	5.766745567321777
7	501	in	3.2803616523742676	2.436624050140381	3.1797561645507812	2.6088573932647705
7	502	part	7.153270244598389	7.803681373596191	6.957769870758057	6.192616939544678
7	503	by	6.183405876159668	2.036438465118408	1.7742470502853394	1.2140532732009888
7	504	the	1.5458581447601318	1.863835334777832	1.4954694509506226	1.3973137140274048
7	505	publicity	10.911418914794922	10.442026138305664	10.166686058044434	8.490071296691895
7	506	on	3.104269027709961	4.307286262512207	4.804826736450195	4.789470672607422
7	507	the	1.3069698810577393	1.3145815134048462	1.32798171043396	0.999538779258728
7	508	incident.	10.425863265991211	10.695314407348633	7.883994102478027	8.370418548583984
7	509	Of	6.769084453582764	7.171603202819824	7.368510723114014	6.888352870941162
7	510	the	2.382643461227417	1.2011005878448486	1.0766701698303223	1.1141579151153564
7	511	hundreds	9.620787620544434	5.644206523895264	5.6656494140625	5.829594135284424
7	512	of	0.07480502128601074	0.12968237698078156	0.0720340758562088	0.11521798372268677
7	513	witnesses	10.615875244140625	7.572383880615234	7.153306484222412	6.4566497802734375
7	514	that	3.6162052154541016	3.503519058227539	3.947293758392334	2.507267951965332
7	515	the	2.3350260257720947	1.8949353694915771	2.3246657848358154	2.7157094478607178
7	516	various	7.939871311187744	7.692114353179932	8.136754989624023	7.657526969909668
7	517	researchers	8.28054141998291	8.882237434387207	7.941695213317871	8.014938354492188
7	518	interviewed,	12.261868476867676	10.0886812210083	8.0450439453125	9.970295906066895
7	519	a	3.964392900466919	4.331147193908691	4.145992755889893	4.247760772705078
7	520	seemingly	9.153051376342773	8.513715744018555	8.631186485290527	8.10380744934082
7	521	impressive	6.769301414489746	8.143919944763184	7.40965461730957	7.1778669357299805
7	522	figure,	8.226158142089844	7.557056427001953	7.824704170227051	6.285547256469727
7	523	a	3.539761781692505	4.236474990844727	4.126891613006592	4.267213821411133
7	524	comparable	9.442365646362305	10.47176742553711	9.266098022460938	10.659069061279297
7	525	few	10.917289733886719	9.209033966064453	9.586433410644531	9.238024711608887
7	526	were	7.278013229370117	4.785780906677246	6.300876617431641	4.537357807159424
7	527	true	8.30212688446045	7.847444534301758	7.6825971603393555	8.566593170166016
7	528	'witnesses'	19.76614761352539	14.981462478637695	13.910818099975586	13.196846008300781
7	529	who	2.6709322929382324	2.50730562210083	2.885026693344116	2.5891828536987305
7	530	claimed	6.847004413604736	4.24237585067749	4.453063011169434	4.503106117248535
7	531	to	2.0794003009796143	1.1437751054763794	0.8571866154670715	0.5871304273605347
7	532	have	4.459298133850098	1.1330742835998535	1.242676019668579	0.36587828397750854
7	533	actually	7.149005889892578	7.572176456451416	7.6477556228637695	7.506588935852051
7	534	seen	6.248821258544922	3.6759049892425537	3.923497438430786	3.1310338973999023
7	535	debris	12.43086051940918	11.745716094970703	11.751625061035156	12.113624572753906
7	536	or	3.8670549392700195	4.531074523925781	3.96038818359375	4.1886491775512695
7	537	aliens.	12.487762451171875	11.778144836425781	12.603025436401367	12.29344367980957
7	538	Most	5.792300224304199	6.161378383636475	5.79716682434082	5.838444709777832
7	539	of	1.3284363746643066	0.9797202348709106	1.2724597454071045	1.072633981704712
7	540	these	4.898470878601074	2.4246957302093506	2.026029109954834	1.9511098861694336
7	541	so-called	7.9815263748168945	7.308703422546387	7.973949909210205	7.243162155151367
7	542	witnesses	10.932380676269531	8.984769821166992	8.888038635253906	8.0913724899292
7	543	were	3.829953670501709	3.581244945526123	2.7642838954925537	2.735098123550415
7	544	repeating	10.27534008026123	10.722918510437012	10.324169158935547	10.086893081665039
7	545	the	1.6721042394638062	1.3839998245239258	1.3365989923477173	1.4538242816925049
7	546	claims	9.6887788772583	7.933732986450195	7.006399154663086	5.505130767822266
7	547	of	2.49605131149292	1.121319055557251	0.8435729146003723	0.9237021803855896
7	548	others,	9.14113998413086	9.849380493164062	7.570712089538574	6.574150562286377
7	549	and	2.3289239406585693	2.135103464126587	1.9942049980163574	2.0221729278564453
7	550	their	5.587678909301758	4.666645050048828	4.578214645385742	4.463963508605957
7	551	testimony	9.441278457641602	9.310551643371582	7.757354736328125	7.757288932800293
7	552	would	5.5330939292907715	3.975053310394287	3.859869956970215	3.9048333168029785
7	553	be	1.4326350688934326	1.205641269683838	0.9637709259986877	0.8902058601379395
7	554	inadmissible	12.86490535736084	12.363409996032715	5.975071907043457	4.96260404586792
7	555	hearsay	6.880393028259277	7.804467678070068	7.604440212249756	5.396373748779297
7	556	in	3.5546164512634277	2.754631996154785	2.861400604248047	2.82780122756958
7	557	an	4.468512535095215	3.6818556785583496	4.2254509925842285	4.0117411613464355
7	558	American	5.225057125091553	5.993034362792969	5.585071563720703	4.65411376953125
7	559	court.	11.135880470275879	8.615765571594238	6.2586798667907715	2.806424617767334
7	560	As	4.547054767608643	4.460138320922852	4.5716233253479	4.565542697906494
7	561	for	4.648601055145264	3.164198398590088	3.226271867752075	3.2866153717041016
7	562	the	1.8875508308410645	1.1356953382492065	0.9891997575759888	0.9417624473571777
7	563	several	9.930337905883789	9.647359848022461	9.539437294006348	9.141152381896973
7	564	accounts	8.109212875366211	7.090727806091309	8.283792495727539	6.970851421356201
7	565	from	4.013484001159668	3.504971742630005	4.544534206390381	4.884300708770752
7	566	those	5.7649736404418945	5.123894691467285	4.691782474517822	4.811845302581787
7	567	who	1.8317852020263672	1.5198500156402588	1.6154810190200806	0.8139628171920776
7	568	claimed	6.847004413604736	7.388201713562012	6.777358531951904	5.777246475219727
7	569	to	2.0794003009796143	1.1437753438949585	1.026442527770996	1.1860285997390747
7	570	have	4.459298133850098	1.1330742835998535	1.242676019668579	1.2895313501358032
7	571	seen	4.554488182067871	5.465651512145996	3.7662265300750732	3.168886661529541
7	572	aliens,	12.97614574432373	12.468401908874512	11.74193286895752	9.97924518585205
7	573	critics	11.694136619567871	11.987401962280273	12.081657409667969	11.986689567565918
7	574	identified	8.104496002197266	8.977548599243164	8.285745620727539	9.519205093383789
7	575	a	3.1565630435943604	3.39839768409729	2.5074074268341064	2.4869465827941895
7	576	variety	6.474437236785889	6.107539653778076	4.7871294021606445	4.742048740386963
7	577	of	0.09961982071399689	0.01341223530471325	0.005866010207682848	0.0036998142022639513
7	578	problems	9.283438682556152	6.219120979309082	6.589296340942383	4.775756359100342
7	579	with	2.201129913330078	1.7677594423294067	2.2154786586761475	2.098841905593872
7	580	them.	6.4424943923950195	7.240657806396484	6.990583419799805	6.202323913574219
7	581	These	5.0893754959106445	5.101275444030762	4.7940778732299805	4.870602130889893
7	582	problems	6.141077518463135	6.19189453125	6.52985954284668	3.4670228958129883
7	583	ranged	11.33248519897461	8.379766464233398	8.039576530456543	8.050607681274414
7	584	from	1.2526031732559204	0.09102433174848557	0.10034187883138657	0.06897137314081192
7	585	the	1.3965858221054077	2.765615224838257	2.878634214401245	2.1606810092926025
7	586	reliability	10.321756362915039	11.093597412109375	10.326020240783691	9.95871639251709
7	587	of	1.6000168323516846	0.202943354845047	0.28699517250061035	0.20116688311100006
7	588	second-hand	11.941854476928711	10.839071273803711	10.554841995239258	10.182557106018066
7	589	accounts,	6.14776611328125	7.657761573791504	7.273481369018555	5.390414237976074
7	590	to	5.067266464233398	5.234906196594238	5.378475666046143	5.526983737945557
7	591	serious	10.25905704498291	11.219930648803711	9.973184585571289	9.87634563446045
7	592	credibility	9.834742546081543	10.438867568969727	9.600059509277344	9.5792818069458
7	593	problems	8.272106170654297	4.666173934936523	2.3090667724609375	2.3745980262756348
7	594	with	2.201129913330078	2.1421751976013184	2.043630599975586	2.1537203788757324
7	595	witnesses	10.582512855529785	11.308091163635254	9.273371696472168	8.55386734008789
7	596	making	8.922264099121094	7.583259105682373	6.240690231323242	6.686076641082764
7	597	demonstrably	13.585121154785156	12.230389595031738	9.88468074798584	10.00784683227539
7	598	false	3.5690386295318604	0.5942279696464539	0.1704780012369156	0.18095681071281433
7	599	or	3.6647772789001465	3.235354423522949	3.7740845680236816	4.298879146575928
7	600	internally-inconsistent	26.275436401367188	22.834531784057617	19.115955352783203	18.56035804748535
7	601	claims,	10.000171661376953	9.777650833129883	7.524359703063965	4.84901762008667
7	602	to	4.897536277770996	5.080121994018555	4.910706043243408	5.090029716491699
7	603	dubious	13.193452835083008	11.14307975769043	9.415555953979492	10.413081169128418
7	604	death-bed	15.219558715820312	14.638225555419922	13.490067481994629	13.779412269592285
7	605	'confessions'	13.337449073791504	13.513986587524414	11.09531021118164	9.953145980834961
7	606	or	3.7874338626861572	4.9374518394470215	5.040626525878906	4.282004356384277
7	607	accounts	10.282317161560059	7.291590690612793	6.429319381713867	6.663744926452637
7	608	from	4.013484001159668	4.054360866546631	3.2685015201568604	3.0882368087768555
7	609	elderly	10.646517753601074	11.330528259277344	10.859079360961914	9.000406265258789
7	610	or	4.699339866638184	3.7542123794555664	3.5823535919189453	2.4250240325927734
7	611	easily	8.878976821899414	9.6676664352417	9.050968170166016	9.451547622680664
7	612	confused	8.396785736083984	6.166925430297852	4.341246604919434	4.008623123168945
7	613	witnesses.	13.081991195678711	11.829113006591797	10.467702865600586	9.551809310913086
7	614	A	4.261834144592285	4.039146423339844	3.9476242065429688	4.016460418701172
7	615	basic	8.172163009643555	8.521586418151855	8.245279312133789	7.366569519042969
7	616	problem	6.727259635925293	6.380486011505127	5.386133670806885	5.295852184295654
7	617	with	1.9642904996871948	2.0974607467651367	0.9946199655532837	0.9428337812423706
7	618	all	4.852497100830078	5.019391059875488	4.3715009689331055	3.8445260524749756
7	619	the	1.7134159803390503	1.1431832313537598	2.0565433502197266	2.4741427898406982
7	620	witness	9.861562728881836	11.069015502929688	11.840755462646484	11.703108787536621
7	621	accounts,	10.284969329833984	7.5737080574035645	4.971790313720703	4.806753635406494
7	622	according	5.535547256469727	5.2775726318359375	5.415771484375	6.150242805480957
7	623	to	0.004521921277046204	0.005232950672507286	0.006821147631853819	0.006726137828081846
7	624	the	2.329280376434326	1.247283935546875	1.1486231088638306	1.2126564979553223
7	625	critics,	12.268598556518555	11.889145851135254	11.093843460083008	11.819299697875977
7	626	is	5.277743339538574	4.647252082824707	4.4664764404296875	2.0516226291656494
7	627	that	3.991318702697754	1.7535245418548584	1.9458556175231934	1.6036068201065063
7	628	they	3.509007453918457	3.29355525970459	3.1082944869995117	3.158006191253662
7	629	all	5.561561584472656	5.6427693367004395	4.680587291717529	5.198070526123047
7	630	came	8.113921165466309	4.364799499511719	4.263643264770508	4.817729949951172
7	631	a	4.64412784576416	6.107995986938477	6.409398555755615	6.804743766784668
7	632	minimum	7.749452114105225	9.713804244995117	9.505279541015625	9.931352615356445
7	633	of	2.7855823040008545	0.5371626615524292	0.5161427855491638	0.22141610085964203
7	634	thirty-one	13.756216049194336	11.289721488952637	11.224631309509277	11.077560424804688
7	635	years	2.3306775093078613	2.7271223068237305	3.3474185466766357	3.259948968887329
7	636	after	3.1288259029388428	3.346829414367676	4.3151631355285645	4.251272201538086
7	637	the	1.6587421894073486	0.9282077550888062	0.8339753746986389	0.7479373812675476
7	638	events	8.125146865844727	5.827589511871338	4.677519798278809	4.439495086669922
7	639	in	2.2168502807617188	2.723893165588379	2.3611886501312256	2.1524040699005127
7	640	question,	9.480545043945312	8.993668556213379	4.946976661682129	6.301138877868652
7	641	and	2.462467908859253	2.4248740673065186	2.2822067737579346	2.239548683166504
7	642	in	5.227930545806885	4.426809310913086	4.114310264587402	3.9673502445220947
7	643	many	6.226961135864258	4.094255447387695	3.808318853378296	3.9657371044158936
7	644	cases	5.887072563171387	2.5291800498962402	1.3088529109954834	1.126399040222168
7	645	were	3.679560661315918	4.349067687988281	4.881720542907715	5.275259971618652
7	646	recounted	11.728556632995605	8.521220207214355	9.711601257324219	11.012237548828125
7	647	more	6.630248546600342	6.565928936004639	6.299127578735352	6.438679218292236
7	648	than	1.7245304584503174	1.4259313344955444	0.7177731990814209	0.4657926559448242
7	649	forty	7.970615386962891	7.629516124725342	6.872318744659424	6.320664405822754
7	650	years	1.5133085250854492	1.4228289127349854	1.2652034759521484	0.7799254655838013
7	651	after	3.1288259029388428	3.10768723487854	3.320641040802002	3.0667505264282227
7	652	the	1.658742070198059	0.9282077550888062	0.8366492986679077	0.8253607749938965
7	653	fact.	12.26388168334961	6.147980690002441	5.365503787994385	5.087392807006836
7	654	Not	5.613809108734131	5.504759311676025	5.864171981811523	5.9979248046875
7	655	only	2.3287248611450195	1.1166671514511108	1.4061579704284668	1.38975191116333
7	656	are	5.987222671508789	2.6148080825805664	2.6072182655334473	2.7058157920837402
7	657	memories	11.511164665222168	10.429048538208008	10.373502731323242	10.517786979675293
7	658	this	6.862380027770996	8.202548027038574	7.880515098571777	7.865611553192139
7	659	old	8.443418502807617	6.810187339782715	6.271623134613037	5.197059631347656
7	660	of	5.704587936401367	7.4258832931518555	6.862981796264648	4.021017074584961
7	661	dubious	11.345697402954102	9.564718246459961	11.05101203918457	9.916292190551758
7	662	reliability,	11.940156936645508	6.939584732055664	6.608044147491455	6.835330009460449
7	663	they	5.43850040435791	4.733888626098633	4.919196128845215	4.817537307739258
7	664	were	2.5176022052764893	3.115351915359497	2.786902904510498	2.6781578063964844
7	665	also	4.506866455078125	5.088239669799805	3.117198944091797	3.634657621383667
7	666	subject	8.033905982971191	7.127154350280762	6.505290985107422	5.499702453613281
7	667	to	0.6569617986679077	0.03887880593538284	0.014760875143110752	0.013171444647014141
7	668	contamination	13.432966232299805	10.811140060424805	10.392048835754395	8.821533203125
7	669	from	3.558082103729248	2.1103715896606445	1.800366997718811	1.6985251903533936
7	670	other	5.573169708251953	4.6650214195251465	3.3353397846221924	2.506058931350708
7	671	accounts	7.66948938369751	7.601104736328125	9.81456470489502	10.551136016845703
7	672	the	4.55654239654541	5.150322914123535	5.634346961975098	6.165515422821045
7	673	witnesses	10.439026832580566	10.001585960388184	9.042134284973145	9.759820938110352
7	674	may	5.1595563888549805	5.579426288604736	5.059198379516602	4.6849775314331055
7	675	have	2.320138931274414	2.042179822921753	2.6392345428466797	1.183184266090393
7	676	been	1.9701929092407227	1.5504708290100098	1.6957767009735107	1.2779062986373901
7	677	exposed	6.663038730621338	6.30118989944458	6.115422248840332	5.82855749130249
7	678	to.	5.687593460083008	4.128081798553467	3.792335033416748	4.254444599151611
7	679	Though	6.844346046447754	6.685327053070068	6.759273529052734	6.742112636566162
7	680	there	3.701673746109009	3.7311134338378906	3.5585718154907227	3.483083963394165
7	681	had	5.0341267585754395	5.0767130851745605	5.421567916870117	5.879936695098877
7	682	always	6.11662483215332	4.873091697692871	4.480746269226074	4.348348617553711
7	683	been	3.117008686065674	1.0439903736114502	0.056495316326618195	0.017055688425898552
7	684	skeptics	14.103065490722656	12.341965675354004	12.286118507385254	10.761682510375977
7	685	who	3.0600709915161133	2.6575987339019775	2.770556926727295	3.8351871967315674
7	686	had	3.2151079177856445	4.66337776184082	3.4611849784851074	4.08915901184082
7	687	many	6.378910064697266	7.354544162750244	8.12475872039795	7.476930618286133
7	688	objections	10.071211814880371	7.171806812286377	6.658090114593506	4.540177345275879
7	689	to	1.0644330978393555	0.8951123952865601	0.39356863498687744	0.1856660097837448
7	690	the	2.329280376434326	1.0082188844680786	1.1074331998825073	1.0490435361862183
7	691	plausibility	12.272272109985352	12.611602783203125	10.455035209655762	9.902501106262207
7	692	of	1.066331386566162	0.18289385735988617	0.13176745176315308	0.08259561657905579
7	693	these	4.898470878601074	3.7004647254943848	3.637892246246338	3.638943672180176
7	694	accounts,	8.631360054016113	8.931686401367188	6.625901699066162	6.359821796417236
7	695	it	4.370773792266846	3.771707057952881	3.7909016609191895	2.8906939029693604
7	696	was	2.332796096801758	2.3945984840393066	2.4154083728790283	2.3175342082977295
7	697	not	3.4648635387420654	3.4057462215423584	2.958256721496582	2.7503268718719482
7	698	until	7.787135124206543	5.584521293640137	3.7141239643096924	2.8187546730041504
7	699	the	1.8668162822723389	1.6238999366760254	1.686657428741455	1.668328881263733
7	700	mid	9.628303527832031	7.393167495727539	5.660021781921387	4.893610000610352
7	701	nineteen	10.235610961914062	8.18587589263916	6.953124523162842	6.547083377838135
7	702	nineties	11.151507377624512	4.087847709655762	3.5966694355010986	3.85709285736084
7	703	that	3.5462942123413086	3.689107894897461	3.467134475708008	3.5332396030426025
7	704	a	4.261780738830566	4.55317497253418	4.232231140136719	4.032496452331543
7	705	strong	6.123104095458984	6.614613056182861	6.894735813140869	6.947619438171387
7	706	counter-argument	13.390475273132324	10.285416603088379	10.487367630004883	11.115694999694824
7	707	to	1.871845006942749	1.4083842039108276	1.1854050159454346	1.930139422416687
7	708	the	2.329280376434326	1.2982288599014282	1.3161661624908447	1.193397879600525
7	709	presence	7.607237339019775	7.97974967956543	7.710200786590576	7.767958641052246
7	710	of	0.5877806544303894	0.07028676569461823	0.06354960054159164	0.049607403576374054
7	711	aliens	10.058792114257812	8.73235034942627	8.159896850585938	8.409821510314941
7	712	was	6.036869049072266	4.906361103057861	4.318905353546143	4.406768798828125
7	713	widely	7.383249282836914	7.763385772705078	6.532674789428711	5.2992730140686035
7	714	publicized.	9.811936378479004	7.729548454284668	6.631069660186768	5.915482521057129
7	715	The	2.072139024734497	2.1048877239227295	2.003763437271118	1.9773529767990112
7	716	General	8.279402732849121	8.92569351196289	8.836156845092773	8.452271461486816
7	717	Accounting	7.419419765472412	4.202732563018799	3.506138324737549	2.457334280014038
7	718	Office	4.806797027587891	0.4980001151561737	0.2538650333881378	0.18021392822265625
7	719	launched	7.91510009765625	8.6343994140625	8.397850036621094	7.106613636016846
7	720	an	3.1962268352508545	1.9976859092712402	2.0838074684143066	1.451624870300293
7	721	inquiry	7.078146457672119	4.074230194091797	3.1451876163482666	2.8355484008789062
7	722	and	2.9192848205566406	3.721163749694824	3.879169225692749	3.873528242111206
7	723	directed	9.416780471801758	9.422883987426758	8.349267959594727	7.709773063659668
7	724	the	2.954148769378662	1.9596366882324219	1.4119640588760376	1.4890474081039429
7	725	Office	8.611282348632812	7.4795637130737305	7.389440536499023	5.7076826095581055
7	726	of	1.4851653575897217	0.13057205080986023	0.09120627492666245	0.06649213284254074
7	727	the	1.4618616104125977	1.2865928411483765	1.1334497928619385	1.3758716583251953
7	728	Secretary	8.799073219299316	9.393545150756836	3.1026556491851807	3.081557035446167
7	729	of	0.8001247644424438	0.5213925838470459	0.4129883944988251	0.15530766546726227
7	730	the	1.4618616104125977	2.6093297004699707	2.0088672637939453	1.984595537185669
7	731	Air	8.48473072052002	8.405261993408203	2.8469552993774414	3.24025559425354
7	732	Force	0.8193569183349609	0.551921546459198	0.7956567406654358	0.6837721467018127
7	733	to	3.73175048828125	4.216412544250488	3.311072587966919	3.443138599395752
7	734	conduct	7.645451545715332	4.95546817779541	3.648744583129883	3.82882022857666
7	735	an	4.161604881286621	2.702650547027588	2.5463526248931885	2.770284652709961
7	736	internal	6.403564929962158	3.410590887069702	3.4704885482788086	3.4579317569732666
7	737	investigation.	7.496886253356934	5.668745040893555	2.768925189971924	2.8008503913879395
7	738	The	2.048661947250366	1.9162096977233887	1.8181675672531128	1.782328486442566
7	739	result	6.496579647064209	6.498072624206543	6.495972633361816	6.69114875793457
7	740	was	4.185776233673096	1.7971336841583252	1.1174319982528687	1.101717472076416
7	741	summarized	11.017155647277832	9.646307945251465	11.031678199768066	9.942212104797363
7	742	in	2.1898727416992188	0.8429312705993652	0.6770374774932861	0.7620893120765686
7	743	two	6.369192123413086	6.664167881011963	4.531096458435059	4.84561014175415
7	744	reports.	11.024449348449707	10.076886177062988	7.123011589050293	6.49625301361084
7	745	The	1.948089361190796	1.7002249956130981	1.5325796604156494	1.0724495649337769
7	746	first,	8.955605506896973	8.966039657592773	2.939441680908203	1.9650200605392456
7	747	released	10.273797035217285	7.624452114105225	4.745124340057373	2.922966480255127
7	748	in	2.3739511966705322	1.479859709739685	0.5435055494308472	1.191370964050293
7	749	nineteen	11.663930892944336	10.057290077209473	10.503118515014648	10.92087459564209
7	750	ninety-five,	12.244354248046875	9.216083526611328	10.009011268615723	7.661744117736816
7	751	concluded	10.202083587646484	10.174676895141602	9.742135047912598	9.30722713470459
7	752	that	0.5092675685882568	0.683232307434082	0.8679109215736389	0.5123993158340454
7	753	the	2.3350260257720947	1.2704111337661743	1.2031798362731934	1.1460509300231934
7	754	reported	9.741496086120605	8.972343444824219	7.909075736999512	8.532907485961914
7	755	recovered	12.286237716674805	11.19417953491211	11.188451766967773	11.490555763244629
7	756	material	8.70489501953125	5.3739166259765625	4.607734680175781	3.934246063232422
7	757	in	3.4658470153808594	3.211336612701416	2.547109842300415	3.1508841514587402
7	758	nineteen	11.663930892944336	12.51197338104248	11.899114608764648	10.990808486938477
7	759	forty-seven	10.199102401733398	9.651541709899902	11.034714698791504	11.03205680847168
7	760	was	6.858416557312012	4.699200630187988	3.4292547702789307	3.134195327758789
7	761	likely	6.689651012420654	7.948094844818115	8.61718463897705	8.346614837646484
7	762	debris	13.513694763183594	12.902873039245605	12.708979606628418	13.041264533996582
7	763	from	2.888883113861084	1.573246955871582	0.3319224417209625	0.2882879674434662
7	764	a	2.895885944366455	2.6824886798858643	2.0613820552825928	1.2496801614761353
7	765	secret	7.458889007568359	7.4757585525512695	9.266566276550293	9.616270065307617
7	766	government	6.014581680297852	4.284800052642822	3.896012544631958	3.375201940536499
7	767	program	7.161118507385254	4.081180572509766	2.545022964477539	2.9007651805877686
7	768	called	6.102083683013916	3.308030843734741	3.0379014015197754	2.494142532348633
7	769	Project	9.612217903137207	4.105581283569336	5.535512924194336	3.815873146057129
7	770	Mogul,	13.430383682250977	9.075183868408203	9.816370010375977	10.651622772216797
7	771	which	3.8864781856536865	2.68664813041687	1.9528911113739014	1.092713713645935
7	772	involved	8.639823913574219	8.101593971252441	8.065196990966797	4.88372802734375
7	773	high	8.735848426818848	7.481283187866211	7.631003379821777	8.083312034606934
7	774	altitude	6.486272811889648	5.325222015380859	5.308229446411133	4.52048921585083
7	775	balloons	10.325514793395996	7.312129974365234	6.5267415046691895	5.641264915466309
7	776	meant	8.760042190551758	7.890357494354248	7.942781448364258	8.502193450927734
7	777	to	1.0691938400268555	0.8392695188522339	0.8479813933372498	0.6399169564247131
7	778	detect	8.105766296386719	8.106328964233398	7.059377670288086	5.292197227478027
7	779	sound	8.622973442077637	9.063328742980957	8.84221076965332	7.76846170425415
7	780	waves	8.130485534667969	3.383026599884033	2.6460719108581543	2.2651307582855225
7	781	generated	8.314505577087402	5.328268051147461	4.998284339904785	4.547585487365723
7	782	by	1.4933538436889648	0.5232751369476318	0.32472115755081177	0.32705163955688477
7	783	Soviet	9.83466911315918	10.046257972717285	9.641413688659668	11.206865310668945
7	784	atomic	9.250999450683594	6.906274795532227	4.962700366973877	4.219744682312012
7	785	bomb	3.4734623432159424	0.9470230340957642	2.194887638092041	2.177428960800171
7	786	tests	9.146821022033691	3.725464344024658	3.2331533432006836	1.4294641017913818
7	787	and	2.5135555267333984	2.4620580673217773	2.690394401550293	2.3423538208007812
7	788	ballistic	11.501672744750977	11.001411437988281	5.38039493560791	6.5648512840271
7	789	missiles.	4.031797885894775	3.00715970993042	5.613122940063477	3.290327548980713
7	790	The	1.867736577987671	1.8387588262557983	1.8748465776443481	1.8663097620010376
7	791	second	5.682956218719482	5.164569854736328	5.969759941101074	5.7194719314575195
7	792	report,	10.115222930908203	8.661888122558594	7.956234931945801	8.415328025817871
7	793	released	4.612689018249512	4.326852798461914	3.0774970054626465	2.7458033561706543
7	794	two	5.385697364807129	6.523745059967041	5.7207560539245605	5.1507368087768555
7	795	years	3.0598642826080322	2.911994218826294	1.6785531044006348	2.1114933490753174
7	796	later,	3.6758456230163574	3.8710386753082275	3.4272894859313965	3.423307418823242
7	797	in	3.4861631393432617	3.031019449234009	2.937180995941162	2.6862359046936035
7	798	nineteen	11.663930892944336	10.965531349182129	11.62913703918457	11.001398086547852
7	799	ninety-seven,	12.20179271697998	9.075196266174316	6.294957160949707	5.251183032989502
7	800	concluded	9.970105171203613	10.091066360473633	9.751111030578613	10.56828784942627
7	801	that	0.5092675685882568	0.7239760160446167	0.8704897165298462	0.5166834592819214
7	802	reports	9.742415428161621	9.357288360595703	10.330089569091797	10.658446311950684
7	803	of	2.226348400115967	1.1604299545288086	0.5025836825370789	0.4365912973880768
7	804	recovered	12.732330322265625	10.969464302062988	11.14651870727539	10.476518630981445
7	805	alien	10.933256149291992	7.620356559753418	5.755166053771973	5.182538986206055
7	806	bodies	7.706457138061523	4.117693901062012	2.7192440032958984	1.8526610136032104
7	807	were	3.4325780868530273	4.130548477172852	4.520873069763184	4.23564338684082
7	808	likely	6.61474084854126	7.2287163734436035	5.537928581237793	6.262296676635742
7	809	a	4.480607032775879	4.225663661956787	5.226632118225098	4.019036769866943
7	810	combination	7.377082347869873	5.626683712005615	4.444084167480469	3.4736571311950684
7	811	of	0.3271584212779999	0.09863955527544022	0.05305081605911255	0.027059154585003853
7	812	innocently	16.494220733642578	15.309745788574219	15.204493522644043	16.675670623779297
7	813	transformed	9.354619979858398	11.130036354064941	10.789365768432617	11.076327323913574
7	814	memories	10.940797805786133	10.81782054901123	8.817512512207031	7.242315769195557
7	815	of	1.1711004972457886	1.3271971940994263	1.095078706741333	1.5233774185180664
7	816	military	7.751543998718262	8.476585388183594	8.027420997619629	8.074339866638184
7	817	accidents	12.091793060302734	9.685140609741211	9.195496559143066	8.7980375289917
7	818	involving	4.243156433105469	3.3304553031921387	2.4586517810821533	3.6602208614349365
7	819	injured	9.981820106506348	7.68546199798584	9.7660493850708	9.403081893920898
7	820	or	4.010689735412598	2.741713523864746	1.5357247591018677	2.0808284282684326
7	821	killed	9.55173397064209	2.1693050861358643	2.353480577468872	1.2559504508972168
7	822	personnel,	13.870184898376465	12.186559677124023	12.172322273254395	6.955234050750732
7	823	innocently	14.760220527648926	16.033164978027344	16.76530647277832	16.34333038330078
7	824	transformed	9.354619979858398	9.3479642868042	9.659866333007812	10.483882904052734
7	825	memories	10.940797805786133	10.81782054901123	10.953596115112305	9.957818984985352
7	826	of	1.1711004972457886	1.3271970748901367	1.095078706741333	1.226511001586914
7	827	the	1.4618616104125977	1.5277988910675049	1.6943378448486328	1.8980491161346436
7	828	recovery	9.496350288391113	10.109024047851562	10.078042984008789	11.031108856201172
7	829	of	2.400561809539795	1.2673656940460205	2.3146023750305176	1.3209748268127441
7	830	anthropomorphic	13.13347053527832	14.38624382019043	14.161623001098633	13.657642364501953
7	831	dummies	10.47722053527832	10.484148025512695	11.120769500732422	11.636550903320312
7	832	in	2.8199338912963867	2.793825149536133	2.593632221221924	2.4009037017822266
7	833	military	8.49666976928711	8.383096694946289	8.951337814331055	8.571783065795898
7	834	programs	7.228795051574707	8.032651901245117	9.145013809204102	9.772552490234375
7	835	US	11.736680030822754	10.264204978942871	11.281621932983398	11.048060417175293
7	836	conducted	10.115588188171387	8.95964527130127	8.563344955444336	9.223884582519531
7	837	in	2.145132541656494	3.349123954772949	0.9283328056335449	1.0963712930679321
7	838	the	1.3865309953689575	1.4979888200759888	1.2336012125015259	1.4283219575881958
7	839	nineteen	12.852359771728516	11.679636001586914	10.137572288513184	10.725799560546875
7	840	fifties,	13.623046875	5.460270881652832	4.442577838897705	4.87330436706543
7	841	and	2.0812366008758545	2.221694231033325	2.2039568424224854	1.955639123916626
7	842	hoaxes	13.627032279968262	13.949115753173828	14.505853652954102	14.177412986755371
7	843	that	2.8005051612854004	2.6702213287353516	3.493135690689087	3.8937723636627197
7	844	various	9.18258285522461	9.398613929748535	9.390660285949707	9.790242195129395
7	845	witnesses	8.746651649475098	7.804374694824219	7.7138142585754395	8.340818405151367
7	846	and	2.9198246002197266	2.372161626815796	2.9150807857513428	2.896864414215088
7	847	UFO	12.125411987304688	11.506671905517578	11.74902057647705	10.502884864807129
7	848	proponents	10.038970947265625	8.063075065612793	6.333071231842041	6.210665225982666
7	849	perpetrated.	16.342540740966797	15.39975357055664	15.370487213134766	15.883379936218262
7	850	The	2.1845173835754395	2.1724693775177	2.16034197807312	2.1759283542633057
7	851	psychological	10.256149291992188	8.148984909057617	8.382353782653809	8.291272163391113
7	852	effects	3.823270320892334	2.240874767303467	2.2025146484375	2.702070713043213
7	853	of	0.9420344233512878	0.6328933835029602	0.2358306497335434	0.4117096960544586
7	854	time	6.569288730621338	7.426384449005127	7.663337707519531	6.934614181518555
7	855	compression	12.552521705627441	11.989760398864746	6.422935485839844	5.1767778396606445
7	856	and	2.8190572261810303	2.276197671890259	2.024372100830078	2.2812461853027344
7	857	confusion	10.649496078491211	10.82529067993164	11.569391250610352	10.549676895141602
7	858	about	3.4055228233337402	2.493817090988159	3.1832058429718018	3.0281004905700684
7	859	when	6.151912212371826	6.0816650390625	5.90177059173584	5.817593574523926
7	860	events	10.448840141296387	8.694131851196289	8.003588676452637	7.825015068054199
7	861	occurred	7.111658096313477	4.5114240646362305	3.5992603302001953	3.3034377098083496
7	862	explained	12.432908058166504	11.986769676208496	11.990763664245605	11.308847427368164
7	863	the	2.090000629425049	1.8881076574325562	1.6072027683258057	1.8542370796203613
7	864	discrepancy	11.179913520812988	7.819394111633301	5.736534118652344	5.296365737915039
7	865	with	3.30997896194458	4.529665470123291	3.5296802520751953	3.648698091506958
7	866	the	1.7403578758239746	0.946742057800293	1.0216784477233887	1.4303282499313354
7	867	years	8.76681137084961	10.302927017211914	8.568594932556152	8.310139656066895
7	868	in	3.2225704193115234	3.489867925643921	3.456787109375	2.680980682373047
7	869	question.	9.635224342346191	10.342374801635742	6.724885940551758	7.044903755187988
7	870	In	3.7623565196990967	3.2536709308624268	3.139492988586426	3.0643863677978516
7	871	January	6.241906642913818	6.72950553894043	6.461782932281494	5.510729789733887
7	872	nineteen	12.487625122070312	11.070741653442383	11.215056419372559	11.069108009338379
7	873	ninety-seven,	12.20179271697998	7.211882591247559	6.831336498260498	5.9804768562316895
7	874	Karl	10.910106658935547	9.91557788848877	10.048635482788086	9.305032730102539
7	875	Pflock,	14.660463333129883	11.947208404541016	12.11671257019043	12.05880069732666
7	876	one	5.3158345222473145	5.197839736938477	4.38010311126709	4.10178279876709
7	877	of	1.2437083721160889	0.07464555650949478	0.05189358443021774	0.027928419411182404
7	878	the	1.4618616104125977	0.5239233374595642	0.3872327208518982	0.3469223082065582
7	879	more	6.7454633712768555	6.848470211029053	4.122620582580566	5.322423458099365
7	880	prominent	7.313620090484619	6.186593055725098	4.273334503173828	4.484492301940918
7	881	pro-UFO	19.357088088989258	20.98280906677246	19.948570251464844	18.532485961914062
7	882	researchers,	6.599512100219727	4.989318370819092	6.2629289627075195	6.41848087310791
7	883	said,	8.193976402282715	8.437166213989258	8.168529510498047	9.596580505371094
7	884	'Based	12.695256233215332	12.259085655212402	11.63703727722168	11.287358283996582
7	885	on	0.2526673972606659	0.0403817743062973	0.029906708747148514	0.05140643194317818
7	886	my	4.757163047790527	2.728081464767456	2.4424691200256348	4.187224388122559
7	887	research	7.426321029663086	8.52296257019043	3.6138384342193604	3.2894182205200195
7	888	and	2.341392993927002	2.3598198890686035	2.1601176261901855	0.872607946395874
7	889	that	4.976616382598877	5.364924907684326	4.275595188140869	4.173900604248047
7	890	of	5.554527282714844	4.416590213775635	3.0113792419433594	1.6704301834106445
7	891	others,	9.141140937805176	7.635779857635498	6.4700751304626465	5.748405456542969
7	892	I'm	6.734457969665527	7.053926467895508	7.952366828918457	8.544839859008789
7	893	as	6.836521148681641	6.860726356506348	6.735713481903076	6.5618696212768555
7	894	certain	7.866916656494141	6.914887428283691	6.048750400543213	6.047956943511963
7	895	as	6.287781238555908	1.2398370504379272	0.5622777938842773	0.6771551370620728
7	896	it's	6.607139587402344	6.846039295196533	5.877734661102295	6.46632719039917
7	897	possible	4.632350921630859	4.6866455078125	4.765043258666992	1.43646240234375
7	898	to	1.4539339542388916	0.8224467039108276	0.6472041606903076	0.5557374954223633
7	899	be	2.8581483364105225	3.972715139389038	3.749523639678955	3.8967783451080322
7	900	without	8.10473918914795	7.652462005615234	7.160115718841553	6.748697280883789
7	901	absolute	9.316588401794434	10.083235740661621	9.994422912597656	9.472624778747559
7	902	proof,	9.83134937286377	4.230515480041504	4.886470317840576	5.216448783874512
7	903	that	3.0010080337524414	2.84955096244812	3.78178334236145	3.9397225379943848
7	904	no	6.319924354553223	4.916241645812988	4.695178985595703	5.434889793395996
7	905	flying	11.718692779541016	10.493619918823242	10.486117362976074	10.696842193603516
7	906	saucer	8.985984802246094	6.670306205749512	4.685654640197754	2.447896957397461
7	907	or	4.142128944396973	3.7185168266296387	2.7437286376953125	3.3321611881256104
7	908	saucers	14.402094841003418	9.636760711669922	9.573641777038574	9.057063102722168
7	909	crashed	10.421777725219727	11.649272918701172	9.282768249511719	5.685786724090576
7	910	in	2.3300838470458984	2.9385175704956055	3.034318447113037	2.657259464263916
7	911	the	1.3865312337875366	1.5675194263458252	1.1985924243927002	0.9154385924339294
7	912	general	7.279334545135498	6.866412162780762	7.9799675941467285	7.299995422363281
7	913	vicinity	11.526716232299805	7.640505313873291	4.703503131866455	1.381498098373413
7	914	of	0.5973263382911682	0.804162859916687	0.24344101548194885	0.198152557015419
7	915	Roswell	12.90977668762207	10.027153015136719	10.47337818145752	10.25819206237793
7	916	or	5.672292709350586	5.295652389526367	5.0643815994262695	4.4506120681762695
7	917	on	5.997037410736084	5.626742362976074	5.584798812866211	4.325930595397949
7	918	the	1.3069698810577393	1.2116128206253052	1.0777583122253418	1.0229251384735107
7	919	Plains	11.26249885559082	10.122538566589355	10.609389305114746	9.028834342956543
7	920	of	2.6308999061584473	1.6275430917739868	0.9839987754821777	0.826752781867981
7	921	San	7.981908798217773	6.53159761428833	6.284597396850586	5.219356536865234
7	922	Agustin	10.320483207702637	8.982074737548828	6.471604347229004	4.820632457733154
7	923	in	6.654505729675293	3.5568501949310303	2.4754300117492676	2.40425443649292
7	924	nineteen	11.663930892944336	10.96788215637207	11.604501724243164	11.631203651428223
7	925	forty-seven.'	16.9311466217041	16.105770111083984	15.529367446899414	14.973081588745117
7	926	He	3.0836312770843506	3.0786936283111572	3.347843647003174	3.3337743282318115
7	927	then	5.04849910736084	3.5039267539978027	3.5847599506378174	3.2225747108459473
7	928	added,	9.833319664001465	6.171536445617676	3.8615472316741943	3.8739306926727295
7	929	'The	7.28279972076416	6.746675491333008	6.941664218902588	2.5954344272613525
7	930	debris	12.069796562194824	11.11937141418457	11.366534233093262	11.553579330444336
7	931	found	7.171041488647461	5.99170446395874	5.446936130523682	5.742172718048096
7	932	was	7.026773452758789	5.269661903381348	2.806309700012207	2.6241190433502197
7	933	the	3.1938233375549316	2.652669668197632	3.1709625720977783	3.766906976699829
7	934	remains	9.256531715393066	10.045954704284668	7.684168815612793	2.184591054916382
7	935	of	3.9208321571350098	0.28664249181747437	0.06812729686498642	0.019053103402256966
7	936	something	7.679356575012207	7.439473628997803	7.888129234313965	6.719759941101074
7	937	very	5.046699523925781	4.055952072143555	4.242589950561523	4.084597587585449
7	938	earthly,	14.631845474243164	13.232089042663574	11.987391471862793	11.185760498046875
7	939	all	5.675577163696289	6.043395519256592	6.584056377410889	6.556602954864502
7	940	but	6.661364555358887	5.526829242706299	4.498750686645508	5.083414077758789
7	941	certainly	7.2091875076293945	6.51579475402832	7.0028839111328125	6.927585601806641
7	942	something	5.370193958282471	5.334390640258789	7.311251163482666	7.0705885887146
7	943	from	5.449514865875244	6.632086753845215	6.1603875160217285	6.063290596008301
7	944	the	1.3965858221054077	1.285356044769287	1.2107785940170288	1.2546924352645874
7	945	Top	9.236394882202148	8.591392517089844	9.147798538208008	9.330339431762695
7	946	Secret	6.497260570526123	4.722095489501953	4.86075496673584	4.6311235427856445
7	947	Project	7.071008682250977	5.235923767089844	4.986495018005371	4.966514587402344
7	948	Mogul.'	20.48846435546875	17.652860641479492	17.620582580566406	18.823457717895508
7	949	Although	7.012400150299072	6.6316633224487305	6.454517841339111	6.543509006500244
7	950	most	4.921382904052734	5.361006259918213	5.197141647338867	5.144748687744141
7	951	now	8.703484535217285	8.587320327758789	7.712366104125977	8.017827987670898
7	952	agree	8.694246292114258	6.628041744232178	4.316218852996826	3.575819492340088
7	953	with	1.3577443361282349	1.731823444366455	2.837284803390503	3.7797815799713135
7	954	this	4.598618030548096	2.655115842819214	3.291053056716919	3.275116205215454
7	955	conclusion,	9.865401268005371	9.751970291137695	5.762594699859619	5.188854217529297
7	956	each	7.283661365509033	7.551254749298096	7.713931560516357	8.498931884765625
7	957	year,	5.211310386657715	6.569031238555908	6.0472636222839355	6.701861381530762
7	958	during	6.426388740539551	6.702247619628906	6.6734771728515625	5.875135898590088
7	959	July	7.754204273223877	8.712722778320312	7.445371627807617	7.249141216278076
7	960	Fourth	11.519193649291992	9.989677429199219	9.76877212524414	11.064603805541992
7	961	weekend,	11.807496070861816	3.4859886169433594	3.930438280105591	2.2541146278381348
7	962	the	2.566000461578369	2.2690963745117188	2.282829523086548	2.4748990535736084
7	963	City	7.9126129150390625	6.663236618041992	7.72896671295166	6.474038124084473
7	964	of	2.084000587463379	0.6587068438529968	0.8327021598815918	0.7667480707168579
7	965	Roswell	12.90977668762207	11.065653800964355	10.191365242004395	9.20433521270752
7	966	hosts	11.246163368225098	11.561528205871582	9.944708824157715	10.229500770568848
7	967	the	3.1164212226867676	1.7785838842391968	1.9364889860153198	1.3441340923309326
7	968	Roswell	12.56164836883545	12.787747383117676	6.838932037353516	4.796343803405762
7	969	UFO	4.175173759460449	2.5981509685516357	2.711557626724243	1.8258427381515503
7	970	Festival	7.827348709106445	8.122427940368652	8.972537994384766	5.241210460662842
7	971	celebrating	9.668701171875	7.40336799621582	7.637172698974609	7.927976608276367
7	972	all	4.246020317077637	5.37349796295166	4.747910022735596	4.682319641113281
7	973	things	5.153499603271484	3.5026931762695312	0.39369043707847595	0.28284427523612976
7	974	UFO,	18.42159652709961	11.874640464782715	10.083385467529297	9.749652862548828
7	975	featuring	9.21407699584961	9.770672798156738	8.092806816101074	6.618022441864014
7	976	prominent	9.392709732055664	7.875475883483887	7.480563163757324	7.267131805419922
7	977	UFOlogists	15.770381927490234	12.489264488220215	5.770188331604004	5.959016799926758
7	978	and	2.282064914703369	2.285123586654663	1.347678542137146	1.4366707801818848
7	979	discussions.	12.836454391479492	14.568370819091797	14.311393737792969	14.721846580505371
8	0	Tulip	13.405673027038574	13.405673027038574	13.405673027038574	13.405673027038574
8	1	mania	10.453712463378906	10.453712463378906	10.453712463378906	10.453712463378906
8	2	was	3.6655354499816895	2.9536890983581543	2.9536890983581543	2.953688859939575
8	3	a	2.5677971839904785	2.6243603229522705	2.649265766143799	2.649265766143799
8	4	period	7.293519973754883	7.39544677734375	6.233684539794922	6.075740814208984
8	5	in	2.9275426864624023	3.188133478164673	2.8681530952453613	2.7940421104431152
8	6	the	1.3865309953689575	1.5040829181671143	1.7579827308654785	2.136314868927002
8	7	Dutch	9.019392967224121	9.188915252685547	9.455098152160645	9.731785774230957
8	8	Golden	9.523929595947266	8.112568855285645	7.983939170837402	6.418367862701416
8	9	Age	3.6690292358398438	5.31644868850708	4.1867218017578125	3.5860414505004883
8	10	during	8.337738990783691	7.472144603729248	5.993366241455078	5.7486724853515625
8	11	which	5.924470901489258	3.5599331855773926	1.9652513265609741	2.670579433441162
8	12	contract	11.916512489318848	10.865951538085938	10.840874671936035	11.55546760559082
8	13	prices	7.994291305541992	6.478931903839111	4.742961883544922	5.158624172210693
8	14	for	2.9331750869750977	1.9914005994796753	2.7861781120300293	2.8493542671203613
8	15	bulbs	14.1930570602417	11.37440013885498	11.628205299377441	10.627620697021484
8	16	of	4.00759744644165	4.123368740081787	4.548192024230957	4.538774013519287
8	17	the	1.4618616104125977	1.4294788837432861	2.1919925212860107	2.112969160079956
8	18	recently	10.237100601196289	9.458823204040527	9.61186408996582	9.499300956726074
8	19	introduced	5.881070137023926	4.237088203430176	4.486133098602295	2.6833581924438477
8	20	tulip	15.613546371459961	15.425782203674316	13.909713745117188	13.669013977050781
8	21	reached	12.652338027954102	16.264442443847656	15.650550842285156	14.267816543579102
8	22	extraordinarily	12.667448997497559	13.095939636230469	11.381911277770996	11.15993595123291
8	23	high	3.2165305614471436	0.4709814488887787	0.6059268116950989	0.252297043800354
8	24	levels	3.7454776763916016	2.6111016273498535	1.0378165245056152	2.1785740852355957
8	25	and	2.8918228149414062	4.949281692504883	4.818996429443359	3.4842898845672607
8	26	then	4.8332672119140625	5.165353775024414	4.856407165527344	5.130743026733398
8	27	suddenly	8.187532424926758	6.559248924255371	7.1761088371276855	5.508977890014648
8	28	collapsed.	9.092270851135254	8.784063339233398	8.796056747436523	9.571725845336914
8	29	At	4.672548770904541	4.929242134094238	4.886445999145508	4.844027519226074
8	30	the	1.3110326528549194	1.1210455894470215	1.1015061140060425	1.1953160762786865
8	31	peak	9.249650955200195	6.30435848236084	5.785855293273926	6.7069926261901855
8	32	of	2.070955276489258	0.8578124642372131	0.09881104528903961	0.0730636715888977
8	33	tulip	13.817337036132812	12.454322814941406	12.488224029541016	13.270992279052734
8	34	mania	6.5884904861450195	5.399686336517334	3.715420722961426	2.6882877349853516
8	35	in	2.7966647148132324	2.2138357162475586	1.4191824197769165	0.8782837986946106
8	36	February	7.038618087768555	6.836218357086182	6.287960529327393	6.97845983505249
8	37	sixteen	12.600552558898926	13.183183670043945	13.511228561401367	13.289749145507812
8	38	thirty-seven,	11.804122924804688	8.81318187713623	10.538665771484375	10.131759643554688
8	39	tulip	14.90238094329834	14.12618350982666	14.197304725646973	14.977949142456055
8	40	contracts	12.01508903503418	10.400256156921387	11.52978801727295	9.848976135253906
8	41	sold	9.664976119995117	7.066399097442627	4.727077007293701	5.624237060546875
8	42	for	3.4027113914489746	2.7799644470214844	2.2246055603027344	1.0265069007873535
8	43	more	4.827448844909668	3.304600954055786	2.9402871131896973	2.709221601486206
8	44	than	1.7245304584503174	1.1102396249771118	0.04342485964298248	0.04395182058215141
8	45	ten	6.3217267990112305	5.81536865234375	4.6700968742370605	6.460916519165039
8	46	times	3.3991780281066895	3.019547939300537	2.5681724548339844	5.414607048034668
8	47	the	2.8770110607147217	1.811281442642212	1.468595027923584	1.1653461456298828
8	48	annual	8.32814884185791	6.237431526184082	4.616744518280029	4.462771415710449
8	49	income	3.744428873062134	6.248104095458984	3.4537107944488525	3.0975422859191895
8	50	of	3.5277976989746094	1.2878785133361816	0.9793423414230347	0.37773680686950684
8	51	a	3.287022113800049	3.0423717498779297	3.7963950634002686	1.9277839660644531
8	52	skilled	9.268966674804688	9.045758247375488	7.040889263153076	6.833923816680908
8	53	craftsman.	10.215209007263184	6.397799968719482	5.768594264984131	7.507780075073242
8	54	It	3.5975570678710938	3.4600095748901367	3.3589253425598145	3.236733913421631
8	55	is	1.6737160682678223	1.2543913125991821	1.0900131464004517	1.1156320571899414
8	56	generally	6.817326545715332	5.955893516540527	6.024997711181641	5.8073554039001465
8	57	considered	4.443519592285156	2.7905139923095703	2.632943868637085	3.0374808311462402
8	58	the	2.381736993789673	2.161098003387451	2.304149866104126	2.622945785522461
8	59	first	4.645151615142822	3.5851664543151855	3.9709975719451904	3.6032962799072266
8	60	recorded	7.486178398132324	7.787951469421387	6.349820137023926	6.069982051849365
8	61	economic	9.754836082458496	9.75314712524414	9.550928115844727	9.473127365112305
8	62	bubble.	10.259098052978516	10.683794975280762	7.281869888305664	7.002851963043213
8	63	The	2.216722249984741	2.1190531253814697	2.0503294467926025	1.8135833740234375
8	64	tulip,	17.247182846069336	14.6971435546875	15.29673957824707	14.664298057556152
8	65	introduced	10.359597206115723	7.379974365234375	7.705444812774658	7.803729057312012
8	66	to	1.90800940990448	1.9656012058258057	1.6967226266860962	2.1242220401763916
8	67	Europe	9.046028137207031	6.899431228637695	3.489716053009033	1.5269393920898438
8	68	in	3.054828643798828	2.3825836181640625	1.5678677558898926	1.0350033044815063
8	69	the	1.3865312337875366	1.3035825490951538	1.280949592590332	0.9189274311065674
8	70	mid	9.628303527832031	7.663349151611328	6.103091239929199	5.709218978881836
8	71	sixteenth	8.97053050994873	9.095590591430664	9.379961013793945	7.009472370147705
8	72	century	1.1460607051849365	1.0661039352416992	1.0616469383239746	1.114067792892456
8	73	from	5.1240692138671875	5.229864120483398	5.020147800445557	5.305269718170166
8	74	the	1.3965858221054077	1.175544023513794	1.0508928298950195	1.0629429817199707
8	75	Ottoman	9.742765426635742	9.583150863647461	6.287361145019531	6.466035842895508
8	76	Empire,	2.6960091590881348	1.820657730102539	1.7700748443603516	2.2672717571258545
8	77	became	8.134481430053711	6.907228469848633	6.865026950836182	6.200806617736816
8	78	very	4.991265296936035	5.56675910949707	5.846993446350098	5.650622844696045
8	79	popular	5.6148295402526855	2.8607115745544434	2.5140254497528076	2.755673408508301
8	80	in	3.448627471923828	2.622445821762085	1.2460143566131592	1.4575247764587402
8	81	the	1.3865312337875366	1.2248952388763428	1.0958553552627563	0.8190534114837646
8	82	United	5.470684051513672	4.152403354644775	2.5930895805358887	3.1568098068237305
8	83	Provinces,	12.968411445617676	11.397130966186523	12.110727310180664	12.30350399017334
8	84	which	3.6391115188598633	3.536539316177368	3.331738233566284	3.4501922130584717
8	85	we	4.122842788696289	5.416102409362793	6.038429260253906	5.8388671875
8	86	now	6.0811028480529785	5.109755039215088	4.236364364624023	4.0441365242004395
8	87	know	6.1568498611450195	1.7835726737976074	1.4033674001693726	2.0616605281829834
8	88	as	5.221877098083496	4.697978973388672	4.8380303382873535	2.187748432159424
8	89	the	2.3149778842926025	1.841186761856079	1.4177902936935425	1.2957197427749634
8	90	Netherlands.	10.484491348266602	11.30364990234375	11.197708129882812	10.450098991394043
8	91	Tulip	13.171734809875488	13.156126022338867	12.883577346801758	12.433028221130371
8	92	cultivation	11.204546928405762	6.7958903312683105	6.923776149749756	6.957343101501465
8	93	in	3.5178303718566895	2.165924549102783	2.298326015472412	2.1105523109436035
8	94	the	1.3865312337875366	1.2863916158676147	1.3474359512329102	1.403847098350525
8	95	United	5.470684051513672	4.152403354644775	3.4514784812927246	3.66103196144104
8	96	Provinces	11.567697525024414	10.05623722076416	11.031198501586914	11.067252159118652
8	97	is	5.343042373657227	4.47371768951416	4.444782257080078	3.8810276985168457
8	98	generally	6.817326545715332	6.866995811462402	6.844454765319824	6.743966102600098
8	99	thought	6.234072685241699	4.5782904624938965	5.159448623657227	4.70468282699585
8	100	to	2.70363712310791	1.061475396156311	0.3876240849494934	0.48633402585983276
8	101	have	4.459298133850098	1.9493141174316406	1.913217544555664	1.3722867965698242
8	102	started	6.244849681854248	6.897857666015625	5.8075361251831055	5.048929214477539
8	103	in	3.0616936683654785	3.8684120178222656	2.888352870941162	1.9857097864151
8	104	earnest	10.598167419433594	5.153430938720703	3.9249136447906494	4.735842227935791
8	105	around	8.193044662475586	6.001977920532227	3.9769039154052734	4.861200332641602
8	106	fifteen	8.767461776733398	10.59538745880127	9.571767807006836	9.14955997467041
8	107	ninety-three,	15.092717170715332	16.359617233276367	15.09583568572998	12.985514640808105
8	108	after	5.703076362609863	5.197411060333252	5.316451072692871	5.072074890136719
8	109	the	1.658742070198059	2.0643796920776367	1.651885747909546	1.8691519498825073
8	110	Flemish	13.427740097045898	13.650739669799805	12.975637435913086	14.397926330566406
8	111	botanist	9.31669807434082	10.46580696105957	10.659004211425781	9.677410125732422
8	112	Charles	5.572323322296143	4.997073173522949	4.76810884475708	4.696294784545898
8	113	de	6.138208389282227	6.431362152099609	3.030611276626587	3.130678415298462
8	114	l'Ecluse	18.45427894592285	19.62516212463379	16.510408401489258	15.425775527954102
8	115	had	6.223723411560059	6.3529229164123535	4.125359535217285	4.040060997009277
8	116	taken	4.987831115722656	4.468959331512451	4.458597183227539	4.343971252441406
8	117	up	3.703439235687256	3.8282337188720703	3.054272174835205	2.9147579669952393
8	118	a	2.990438938140869	3.036137819290161	2.232144594192505	2.1551311016082764
8	119	post	7.4738969802856445	7.129560947418213	6.021979331970215	4.22540807723999
8	120	at	4.560598850250244	3.4309659004211426	3.4316482543945312	1.8405178785324097
8	121	the	1.3130742311477661	1.6643619537353516	1.476589322090149	1.5010175704956055
8	122	University	6.957864284515381	4.102560043334961	3.9803671836853027	3.865791082382202
8	123	of	0.7249098420143127	0.0828663557767868	0.025043712928891182	0.013867019675672054
8	124	Leiden	14.353017807006836	9.948678970336914	9.878602981567383	9.375761985778809
8	125	and	3.3299198150634766	3.146358013153076	1.5116108655929565	1.9010566473007202
8	126	established	9.160367965698242	8.382718086242676	8.105934143066406	8.867408752441406
8	127	a	2.7765655517578125	1.905781626701355	1.5489678382873535	1.8081690073013306
8	128	botanical	13.833904266357422	11.857322692871094	11.125720977783203	9.097236633300781
8	129	garden,	5.198998928070068	3.639194965362549	3.061241626739502	2.8175835609436035
8	130	which	3.2797813415527344	3.0247249603271484	3.3946533203125	2.7533204555511475
8	131	is	2.1034939289093018	1.5391418933868408	1.5409685373306274	1.6257718801498413
8	132	famous	9.185623168945312	9.186975479125977	7.156205177307129	6.983971118927002
8	133	as	4.099005222320557	3.890977382659912	3.8347394466400146	3.5589599609375
8	134	one	5.0133538246154785	3.480111837387085	2.4047415256500244	2.5083205699920654
8	135	of	1.243708610534668	0.4750317335128784	0.08442462235689163	0.027374660596251488
8	136	the	1.4618616104125977	0.5239230990409851	0.3678080141544342	0.21878758072853088
8	137	oldest	8.59988021850586	8.047496795654297	5.328526496887207	5.484443664550781
8	138	in	4.547385215759277	3.8409810066223145	4.800838947296143	4.024284362792969
8	139	the	1.3865309953689575	1.2223073244094849	0.6893794536590576	0.5981142520904541
8	140	world.	7.146109580993652	5.642770290374756	3.5293800830841064	2.797121047973633
8	141	There,	8.666990280151367	8.870224952697754	9.159595489501953	9.165935516357422
8	142	he	2.0448226928710938	2.0755093097686768	2.035485029220581	2.3171563148498535
8	143	planted	9.438331604003906	7.920802116394043	8.182403564453125	8.13788890838623
8	144	his	4.623296737670898	2.4327304363250732	2.446399688720703	1.9691046476364136
8	145	collection	8.631016731262207	7.0740532875061035	8.68554973602295	7.773299694061279
8	146	of	0.7880814075469971	0.6053166389465332	0.7234675884246826	0.5737282037734985
8	147	tulip	13.81733512878418	13.528507232666016	12.138274192810059	11.464132308959961
8	148	bulbs	2.017838478088379	1.0387084484100342	1.0669279098510742	1.0576705932617188
8	149	that	3.481637477874756	3.458139181137085	3.1761651039123535	2.566767930984497
8	150	the	2.3350260257720947	4.6544189453125	4.358127117156982	4.1294965744018555
8	151	Emperor's	10.43043327331543	10.701528549194336	12.077668190002441	10.941412925720215
8	152	ambassador	10.152462005615234	10.027803421020508	9.02071475982666	8.565454483032227
8	153	sent	6.416762351989746	5.776628017425537	5.76737642288208	5.096624374389648
8	154	to	1.7035683393478394	1.2478047609329224	2.175621271133423	1.5375211238861084
8	155	him	7.0118865966796875	3.947715997695923	5.537022590637207	3.9096596240997314
8	156	from	4.001835346221924	4.167789459228516	2.762251615524292	2.918898820877075
8	157	Turkey,	9.340646743774414	10.448970794677734	10.140093803405762	8.710220336914062
8	158	which	3.201139211654663	3.2820138931274414	3.704465866088867	3.786004066467285
8	159	were	4.362722873687744	4.7788801193237305	4.428296089172363	6.068937301635742
8	160	able	5.135719299316406	6.150248050689697	5.601153373718262	5.9937920570373535
8	161	to	0.014735110104084015	0.011269782669842243	0.011555835604667664	0.011191988363862038
8	162	tolerate	9.496479034423828	8.09957218170166	8.925572395324707	7.75071907043457
8	163	the	2.0549070835113525	1.8646056652069092	1.5399268865585327	1.397128701210022
8	164	harsher	12.917243957519531	10.079078674316406	9.116392135620117	8.343700408935547
8	165	conditions	4.9910664558410645	4.038112640380859	3.1759257316589355	2.7932393550872803
8	166	of	1.9884033203125	2.5081474781036377	1.1916791200637817	1.4574968814849854
8	167	the	1.4618616104125977	1.2667666673660278	2.538663625717163	1.1162365674972534
8	168	northern	8.467514038085938	8.63888168334961	8.870589256286621	8.36149787902832
8	169	climate.	10.807358741760254	11.165056228637695	11.063146591186523	7.707736015319824
8	170	It	3.408425807952881	3.1720566749572754	3.236032247543335	3.1573266983032227
8	171	was	1.6171106100082397	2.343181610107422	2.208623170852661	2.0148727893829346
8	172	shortly	9.184652328491211	8.091541290283203	8.556289672851562	8.34936237335205
8	173	thereafter	4.232918739318848	2.0500893592834473	1.944129228591919	1.8551896810531616
8	174	that	3.4354944229125977	3.16422963142395	5.838462829589844	0.3630783259868622
8	175	the	2.3350260257720947	1.6730976104736328	1.765782356262207	1.543826937675476
8	176	tulips	14.134678840637207	13.087347030639648	14.211484909057617	14.143488883972168
8	177	began	8.147083282470703	6.6625657081604	6.4886698722839355	4.759488105773926
8	178	to	1.3023005723953247	0.5858995318412781	0.39518681168556213	0.5345795154571533
8	179	grow	7.280731201171875	4.322571754455566	2.7464027404785156	2.8396852016448975
8	180	in	2.704993724822998	2.8707492351531982	2.3198342323303223	1.216551423072815
8	181	popularity.	12.07182502746582	5.110525608062744	5.2585296630859375	4.2770538330078125
8	182	The	2.3131446838378906	2.2170307636260986	2.2900452613830566	2.241368055343628
8	183	flower	10.468756675720215	10.50897216796875	9.697555541992188	8.994987487792969
8	184	rapidly	10.302300453186035	9.124176025390625	9.326435089111328	9.20181655883789
8	185	became	5.822808742523193	5.12148380279541	4.202026844024658	2.735564947128296
8	186	a	1.5176796913146973	1.499885082244873	1.7493984699249268	1.7428288459777832
8	187	coveted	11.053955078125	9.601858139038086	8.79216194152832	9.814811706542969
8	188	luxury	7.73177433013916	7.7177276611328125	6.264437198638916	5.164747714996338
8	189	item	8.331579208374023	5.633664608001709	3.030465602874756	1.1719322204589844
8	190	and	3.687830924987793	2.852566957473755	3.064955949783325	3.0193052291870117
8	191	a	3.965337038040161	3.628849983215332	2.4550657272338867	2.56054949760437
8	192	status	9.308287620544434	9.76657485961914	8.454156875610352	6.939125061035156
8	193	symbol,	10.415163040161133	6.371359825134277	6.100469589233398	6.8124518394470215
8	194	and	2.4005839824676514	2.1762359142303467	2.080335855484009	2.325024366378784
8	195	a	3.965337038040161	3.194946527481079	3.0309431552886963	3.296051502227783
8	196	profusion	12.341874122619629	10.410866737365723	9.628030776977539	10.69229507446289
8	197	of	0.17124274373054504	0.021750565618276596	0.00830795243382454	0.009051274508237839
8	198	varieties	12.07331657409668	8.644640922546387	7.962997913360596	7.927041053771973
8	199	followed.	13.118300437927246	12.769688606262207	12.467718124389648	12.681602478027344
8	200	They	4.1247406005859375	3.904651403427124	4.048768997192383	4.161866188049316
8	201	were	2.539424180984497	2.1636617183685303	1.9093408584594727	1.6860520839691162
8	202	classified	7.918303489685059	8.980813980102539	9.289913177490234	7.4222211837768555
8	203	in	3.9485836029052734	3.2715539932250977	3.5096166133880615	2.9169623851776123
8	204	groups:	15.353428840637207	14.626996994018555	11.227415084838867	9.30341625213623
8	205	one-colored	18.416885375976562	17.175615310668945	17.797069549560547	18.49919891357422
8	206	tulips	11.955489158630371	10.318465232849121	10.544709205627441	10.30562686920166
8	207	of	4.52376651763916	4.879635810852051	4.904786109924316	5.0724029541015625
8	208	red,	11.180866241455078	7.231240272521973	5.697104454040527	4.312579154968262
8	209	yellow,	4.074059963226318	3.493208169937134	2.6945486068725586	2.195024013519287
8	210	or	3.898620128631592	1.81948983669281	2.1174774169921875	3.0797717571258545
8	211	white	7.900185585021973	3.762986660003662	2.503203868865967	2.8963966369628906
8	212	were	7.955868244171143	7.084538459777832	6.94388484954834	6.8680338859558105
8	213	known	6.442427158355713	7.074223518371582	7.3696489334106445	6.6232075691223145
8	214	as	0.7767870426177979	1.6119873523712158	1.4889497756958008	1.6818532943725586
8	215	Couleren,	30.174392700195312	27.486024856567383	28.423736572265625	29.011009216308594
8	216	but	5.168754577636719	3.958343029022217	4.309802532196045	3.5939550399780273
8	217	it	2.854326009750366	2.959005355834961	2.880556106567383	2.519163131713867
8	218	was	2.332796096801758	1.9581379890441895	1.5490102767944336	1.8467158079147339
8	219	the	3.1938233375549316	2.921642780303955	3.107386350631714	2.998542547225952
8	220	multicolored	14.069428443908691	14.863160133361816	14.615498542785645	14.52249526977539
8	221	Rosen	14.517704010009766	14.301337242126465	13.78909969329834	13.772377014160156
8	222	(red	12.819847106933594	11.035370826721191	11.718781471252441	11.204628944396973
8	223	or	4.242763996124268	5.210243225097656	3.476564407348633	3.70491361618042
8	224	pink	10.025200843811035	5.260982513427734	5.276165962219238	5.56048583984375
8	225	on	5.704303741455078	4.904077053070068	4.501246452331543	4.78157377243042
8	226	white	8.883191108703613	4.180539131164551	6.081536293029785	5.559374809265137
8	227	background),	13.902734756469727	10.953364372253418	9.955038070678711	10.104985237121582
8	228	Violetten	24.863866806030273	24.42816162109375	24.603437423706055	23.555191040039062
8	229	(purple	13.860566139221191	9.363485336303711	7.621853351593018	8.212297439575195
8	230	or	4.475233554840088	4.7763214111328125	4.208034515380859	4.384316444396973
8	231	lilac	14.170783042907715	9.462553024291992	8.697822570800781	8.011919975280762
8	232	on	4.888859748840332	4.8713555335998535	4.399916648864746	4.9005513191223145
8	233	white	8.883191108703613	6.184266090393066	6.057657241821289	5.662428855895996
8	234	background),	13.902735710144043	10.953364372253418	10.065788269042969	9.637126922607422
8	235	and,	7.110978126525879	7.215699195861816	7.401947498321533	7.771571636199951
8	236	to	3.940093994140625	3.8939476013183594	3.8986191749572754	3.9877700805664062
8	237	a	3.8145251274108887	1.644663691520691	1.1719691753387451	1.4235413074493408
8	238	lesser	8.613818168640137	7.163015365600586	0.5021206140518188	0.22776131331920624
8	239	extent,	6.913756370544434	2.9533908367156982	1.7621828317642212	0.26016199588775635
8	240	the	2.1585047245025635	2.269181251525879	2.130146026611328	1.9194756746292114
8	241	Bizarden	28.945873260498047	29.78736686706543	29.235519409179688	29.281028747558594
8	242	(red,	14.946989059448242	16.53952980041504	17.17717170715332	16.611995697021484
8	243	brown	6.1577348709106445	5.907051086425781	5.791548728942871	6.182190418243408
8	244	or	3.9173896312713623	1.705749750137329	2.7972049713134766	2.580705165863037
8	245	purple	10.763705253601074	4.700506210327148	5.58074951171875	5.040599346160889
8	246	on	5.54798698425293	4.835053443908691	4.596506595611572	4.194854736328125
8	247	yellow	10.795544624328613	5.568032741546631	6.0696492195129395	6.718815803527832
8	248	background)	12.77482795715332	8.312482833862305	6.717885971069336	7.041611671447754
8	249	that	4.113819122314453	3.923330307006836	4.301104545593262	4.482997894287109
8	250	were	5.190093994140625	4.185964584350586	4.1656060218811035	4.02021598815918
8	251	the	3.8087499141693115	4.532182693481445	4.656790733337402	4.381967544555664
8	252	most	4.979346752166748	2.893927812576294	2.974497079849243	2.621312379837036
8	253	popular.	8.256518363952637	7.90227746963501	6.081195831298828	5.72037410736084
8	254	These	5.209394931793213	4.899652481079102	4.812651634216309	4.671505928039551
8	255	spectacular	10.916609764099121	10.393436431884766	10.841215133666992	10.8319091796875
8	256	and	3.1926755905151367	3.9612090587615967	3.828791618347168	3.9923696517944336
8	257	highly	8.709951400756836	5.920835971832275	4.565877914428711	4.477883338928223
8	258	sought-after	8.562244415283203	6.7139482498168945	7.11076021194458	5.757167816162109
8	259	tulip	12.817862510681152	13.154253959655762	13.212335586547852	11.946856498718262
8	260	bulbs	2.017838478088379	1.5243616104125977	1.9555795192718506	1.7731852531433105
8	261	would	5.234962463378906	5.3593363761901855	5.74709939956665	6.503759384155273
8	262	grow	7.4997382164001465	7.044050216674805	4.401942253112793	5.11664342880249
8	263	flowers	10.05090045928955	9.267168998718262	7.662858009338379	6.9182257652282715
8	264	with	4.061062335968018	3.901740074157715	3.8241329193115234	3.844424247741699
8	265	vivid	10.90860366821289	7.341820240020752	8.359441757202148	8.001155853271484
8	266	colors,	5.6381402015686035	3.955087900161743	2.927711248397827	2.9808082580566406
8	267	lines,	8.361945152282715	9.491514205932617	8.782959938049316	10.009109497070312
8	268	and	2.0091562271118164	1.0714783668518066	0.5622062087059021	0.5312374830245972
8	269	flames	11.395482063293457	11.288887023925781	10.238045692443848	10.682003021240234
8	270	on	3.6825578212738037	4.017019271850586	4.239304065704346	2.8854317665100098
8	271	the	1.3069698810577393	0.8970587253570557	0.7867336273193359	0.48693910241127014
8	272	petals,	14.418790817260742	14.83642578125	13.907304763793945	12.983155250549316
8	273	as	4.319265365600586	4.141088008880615	4.001437187194824	4.078983306884766
8	274	a	1.8714717626571655	3.502737522125244	3.673867702484131	3.6603872776031494
8	275	result,	7.55954122543335	5.175755500793457	4.595629692077637	4.320637226104736
8	276	it	3.2531909942626953	3.2593863010406494	3.188664674758911	3.225447177886963
8	277	is	2.1171772480010986	1.3725987672805786	1.4436932802200317	1.3074684143066406
8	278	now	4.882393836975098	4.656035423278809	4.516584396362305	4.131422519683838
8	279	understood,	11.563661575317383	10.772058486938477	8.916961669921875	9.213515281677246
8	280	of	5.533880233764648	5.5445876121521	5.716313362121582	5.719802379608154
8	281	being	6.310659408569336	5.305755138397217	5.055778503417969	4.996943473815918
8	282	infected	7.770391464233398	8.026673316955566	7.935448169708252	7.458293437957764
8	283	with	2.363793134689331	0.7510695457458496	0.7097207903862	0.8186771869659424
8	284	tulip-specific	27.39067840576172	25.265151977539062	25.12664222717285	24.471942901611328
8	285	virus	6.942150115966797	7.54806661605835	3.948493480682373	3.866034984588623
8	286	known	6.5140204429626465	6.578179836273193	7.2484965324401855	7.657148361206055
8	287	as	0.7767871618270874	0.31425413489341736	0.12212304025888443	0.1336638331413269
8	288	the	2.3149778842926025	1.1808003187179565	2.8110713958740234	2.2063212394714355
8	289	'Tulip	18.809640884399414	16.96319007873535	14.020340919494629	15.019538879394531
8	290	breaking	13.831409454345703	13.51524543762207	13.161314010620117	14.043448448181152
8	291	virus'.	19.827634811401367	15.58376407623291	13.902569770812988	13.017264366149902
8	292	The	1.9654074907302856	2.2643251419067383	2.1262688636779785	1.9337003231048584
8	293	Dutch	8.682243347167969	8.374736785888672	8.11880874633789	6.425747394561768
8	294	Golden	9.523929595947266	8.70144271850586	10.792501449584961	10.455381393432617
8	295	Age	3.6690292358398438	5.316448211669922	3.8201613426208496	6.447216033935547
8	296	growers	16.175966262817383	14.968701362609863	11.420210838317871	12.849078178405762
8	297	named	8.44047737121582	9.742775917053223	9.017284393310547	8.032971382141113
8	298	their	6.334035873413086	5.581573963165283	3.4962053298950195	3.8249971866607666
8	299	new	5.548249244689941	3.2217235565185547	3.631392002105713	3.2124743461608887
8	300	varieties	9.738965034484863	11.608036994934082	11.797123908996582	4.545871257781982
8	301	with	4.495479583740234	4.985129356384277	3.9057631492614746	3.739410400390625
8	302	exalted	13.621441841125488	12.619773864746094	12.883051872253418	12.854233741760254
8	303	titles.	10.532034873962402	5.304717063903809	6.37912654876709	5.939040184020996
8	304	Many	5.930107116699219	5.255160808563232	5.1494832038879395	4.901157379150391
8	305	early	8.569122314453125	7.000102996826172	7.339486122131348	7.747332572937012
8	306	forms	9.565722465515137	5.6229939460754395	7.251220703125	6.189492702484131
8	307	were	5.532203674316406	4.9049530029296875	3.4856741428375244	2.9222044944763184
8	308	prefixed	11.798864364624023	9.867810249328613	9.785490036010742	9.694905281066895
8	309	with	1.9733796119689941	0.6398138999938965	0.7194111943244934	0.6327109336853027
8	310	'admiral',	23.340768814086914	19.192237854003906	18.019685745239258	18.1434326171875
8	311	often	8.123147964477539	8.014184951782227	7.297006607055664	6.554635524749756
8	312	combined	8.984415054321289	6.498518943786621	5.696544647216797	6.763350486755371
8	313	with	1.0128179788589478	0.6046157479286194	0.05588963255286217	0.07234702259302139
8	314	the	1.7403578758239746	1.1635380983352661	2.07893705368042	1.1888668537139893
8	315	growers'	15.216636657714844	14.833742141723633	13.672650337219238	14.140430450439453
8	316	names.	8.85725212097168	7.891928672790527	7.821950912475586	10.910921096801758
8	317	'General'	15.7677640914917	17.13846778869629	16.86157989501953	17.109275817871094
8	318	was	5.102856159210205	2.8583130836486816	3.303414821624756	2.2837400436401367
8	319	another	6.671106338500977	6.226597785949707	4.965845108032227	5.333745956420898
8	320	prefix	11.797595977783203	12.892576217651367	10.078117370605469	7.635684967041016
8	321	that	4.654124736785889	3.5885353088378906	2.0227599143981934	1.8303203582763672
8	322	found	8.675688743591309	7.740902423858643	8.653813362121582	6.401146411895752
8	323	its	6.161672592163086	3.326345443725586	2.4598917961120605	0.5415970087051392
8	324	way	4.96033239364624	0.3493300676345825	0.30653026700019836	0.05466672033071518
8	325	into	4.7493085861206055	2.0660011768341064	0.6778197884559631	0.5834149718284607
8	326	the	1.2543747425079346	0.8939014077186584	0.8655799031257629	0.9310160875320435
8	327	names	8.371622085571289	9.786722183227539	10.245343208312988	10.045799255371094
8	328	of	1.6947178840637207	0.47408872842788696	0.39573198556900024	0.3369465172290802
8	329	around	9.105083465576172	9.313045501708984	8.78472900390625	9.673157691955566
8	330	thirty	8.573750495910645	6.946188926696777	5.492833614349365	5.83587646484375
8	331	varieties.	12.36210823059082	10.899496078491211	10.243184089660645	10.879114151000977
8	332	Later	8.468634605407715	8.461445808410645	8.729874610900879	8.489337921142578
8	333	came	6.8641462326049805	5.686703205108643	5.153837203979492	5.261795997619629
8	334	varieties	15.610855102539062	13.800636291503906	6.721676349639893	5.9069414138793945
8	335	with	4.495479583740234	4.360671043395996	3.958583354949951	2.3627912998199463
8	336	even	7.393000602722168	6.833881378173828	5.984420299530029	5.485403537750244
8	337	more	2.6050314903259277	1.5301368236541748	1.2022151947021484	0.9483503103256226
8	338	superb	11.62619400024414	10.480859756469727	9.58047866821289	7.971719741821289
8	339	names,	12.107300758361816	10.883146286010742	10.726179122924805	9.141770362854004
8	340	such	4.873616695404053	3.6001150608062744	3.279751777648926	2.5741631984710693
8	341	as	0.8127423524856567	0.06017684563994408	0.026305440813302994	0.04087807983160019
8	342	even	7.344890594482422	8.883673667907715	9.20964241027832	9.660061836242676
8	343	'Admiral	19.821025848388672	19.40825843811035	19.23163414001465	16.29731559753418
8	344	of	3.561058282852173	3.3069376945495605	3.3132801055908203	3.6514475345611572
8	345	Admirals'	17.150999069213867	8.210033416748047	6.456691741943359	5.951666831970215
8	346	and	4.366072654724121	4.2577667236328125	2.3849523067474365	2.311490058898926
8	347	'General	16.63254165649414	11.023903846740723	13.287853240966797	5.612013816833496
8	348	of	4.6093854904174805	4.972639083862305	2.746382713317871	2.3481125831604004
8	349	Generals'.	21.473936080932617	12.139152526855469	11.605506896972656	11.430274963378906
8	350	Most	6.269864559173584	6.393764495849609	6.392195701599121	6.154716968536377
8	351	of	1.3284367322921753	0.9425397515296936	0.9733192920684814	1.0309650897979736
8	352	these	4.898470878601074	2.4246954917907715	2.085538148880005	2.1535840034484863
8	353	varieties	8.791722297668457	8.857003211975098	8.60417366027832	9.846169471740723
8	354	have	4.717578887939453	3.7209854125976562	3.5500426292419434	2.3793373107910156
8	355	now	6.616010665893555	5.894227027893066	5.905577659606934	5.821601867675781
8	356	died	9.272970199584961	7.134511947631836	7.211004734039307	6.191022872924805
8	357	out,	6.557605743408203	7.310731887817383	6.073658466339111	2.2014129161834717
8	358	though	6.14279317855835	5.477736473083496	5.0620622634887695	5.108040809631348
8	359	similar	8.731977462768555	9.447277069091797	8.468107223510742	8.169658660888672
8	360	'broken'	18.270429611206055	17.77490997314453	17.6248836517334	17.116863250732422
8	361	tulips	14.000347137451172	12.885374069213867	11.840629577636719	12.032731056213379
8	362	continue	8.728897094726562	7.873394012451172	8.331719398498535	6.682339191436768
8	363	in	3.9673805236816406	4.172753810882568	4.010335922241211	4.399090766906738
8	364	the	1.3865309953689575	1.2744717597961426	1.375149130821228	2.219916582107544
8	365	trade.	11.42177963256836	10.69564437866211	10.565473556518555	11.318732261657715
8	366	Tulips	17.690513610839844	17.600982666015625	17.603506088256836	18.164737701416016
8	367	grow	7.356484413146973	3.972902774810791	4.586304664611816	4.676064968109131
8	368	from	4.32534122467041	3.047636032104492	3.432342290878296	3.554931163787842
8	369	bulbs,	15.258001327514648	15.025768280029297	8.961019515991211	6.381750583648682
8	370	and	2.1451077461242676	2.6146631240844727	2.3443756103515625	2.1088602542877197
8	371	can	6.271353721618652	5.644098281860352	5.188262939453125	4.370413780212402
8	372	be	1.4955850839614868	1.0399940013885498	0.9640348553657532	0.8844875693321228
8	373	propagated	10.743006706237793	10.20438289642334	10.107990264892578	11.181893348693848
8	374	through	2.9130756855010986	2.2081942558288574	2.028672218322754	2.062761068344116
8	375	both	6.71250581741333	5.696783065795898	5.26521110534668	4.977065563201904
8	376	seeds	11.140969276428223	10.872733116149902	10.28519344329834	7.679308891296387
8	377	and	2.0380797386169434	0.8854281902313232	0.22435009479522705	0.09336301684379578
8	378	buds.	15.479937553405762	9.612982749938965	8.292001724243164	7.276079177856445
8	379	Seeds	7.708992958068848	7.273976802825928	5.6953253746032715	4.8141889572143555
8	380	from	4.140958786010742	3.723661184310913	3.721020221710205	4.01228141784668
8	381	a	2.895885944366455	3.0627079010009766	3.4191298484802246	3.3961679935455322
8	382	tulip	13.318086624145508	13.003585815429688	10.622101783752441	8.06784439086914
8	383	will	8.24228572845459	6.919922351837158	7.8941497802734375	6.722225189208984
8	384	form	7.866690635681152	6.650059700012207	6.430751800537109	6.426314830780029
8	385	a	2.9296326637268066	0.9939966201782227	1.5521328449249268	2.3303580284118652
8	386	flowering	11.736212730407715	11.592153549194336	11.771202087402344	8.160199165344238
8	387	bulb	6.973275184631348	6.595799446105957	6.586313724517822	6.7068376541137695
8	388	after	5.6872429847717285	5.755193710327148	5.63205623626709	4.925389289855957
8	389	seven-twelve	22.470327377319336	21.419902801513672	19.186492919921875	18.268495559692383
8	390	years.	5.466139793395996	3.548679828643799	3.4448368549346924	4.144711971282959
8	391	When	4.857210159301758	4.44234561920166	4.440950393676758	4.283597946166992
8	392	a	3.8046200275421143	3.7034449577331543	4.012576103210449	3.7692337036132812
8	393	bulb	11.57031536102295	10.857035636901855	10.909733772277832	11.354608535766602
8	394	grows	8.29487133026123	9.361555099487305	6.694438934326172	6.67622709274292
8	395	into	4.244734287261963	2.867189645767212	3.0388622283935547	2.8732833862304688
8	396	the	1.2543747425079346	2.255527973175049	2.2600996494293213	2.4443304538726807
8	397	flower,	12.955957412719727	12.630688667297363	10.57321548461914	7.849505424499512
8	398	the	3.19997501373291	2.5365965366363525	2.905134439468384	2.498061180114746
8	399	original	6.346828460693359	7.493001937866211	7.589748382568359	7.392828941345215
8	400	bulb	10.469161033630371	11.30634880065918	9.160223007202148	7.986880779266357
8	401	will	5.424999237060547	3.4409754276275635	4.089110374450684	4.081998825073242
8	402	disappear,	9.939939498901367	9.138033866882324	9.608796119689941	8.841109275817871
8	403	but	2.683907985687256	2.525179624557495	2.2955780029296875	2.182785987854004
8	404	a	3.991562843322754	4.007417678833008	4.070549011230469	3.7146615982055664
8	405	clone	9.49492073059082	9.730233192443848	8.783679962158203	7.888269901275635
8	406	bulb	11.396608352661133	14.037866592407227	13.444173812866211	13.655110359191895
8	407	forms	10.46048641204834	7.316723346710205	9.652742385864258	8.758712768554688
8	408	in	3.3176755905151367	2.5910379886627197	2.364053249359131	1.757272720336914
8	409	its	4.974391460418701	5.194388389587402	4.582979679107666	5.316131591796875
8	410	place,	8.834290504455566	6.310430526733398	6.973915100097656	6.920581817626953
8	411	as	4.177342414855957	3.6336333751678467	3.7669613361358643	3.5980300903320312
8	412	do	8.210721969604492	6.134418487548828	5.146139144897461	6.0354743003845215
8	413	several	8.702812194824219	5.638100624084473	4.930103302001953	4.884509563446045
8	414	buds.	14.294879913330078	16.977275848388672	14.75143814086914	14.784761428833008
8	415	Properly	10.817296028137207	10.532600402832031	10.489217758178711	11.009554862976074
8	416	cultivated,	10.511270523071289	4.899585723876953	4.932272911071777	5.926596641540527
8	417	these	6.141143798828125	3.422532558441162	1.9469645023345947	1.9845573902130127
8	418	buds	11.68929672241211	8.985444068908691	7.051454544067383	3.8811745643615723
8	419	will	4.633264064788818	3.0607733726501465	1.864919662475586	1.62514066696167
8	420	become	5.264049530029297	4.787035942077637	4.351886749267578	3.7402613162994385
8	421	bulbs	15.711673736572266	16.326019287109375	10.386664390563965	10.748860359191895
8	422	of	4.00759744644165	2.110346794128418	2.948854446411133	3.461897134780884
8	423	their	4.489696502685547	3.955761194229126	4.676451683044434	4.641190528869629
8	424	own.	6.379233360290527	5.123125076293945	3.1462583541870117	1.6773197650909424
8	425	The	2.6016616821289062	2.5288095474243164	2.4393227100372314	2.213239908218384
8	426	'tulip	20.207550048828125	19.806650161743164	19.721105575561523	19.578824996948242
8	427	breaking'	11.870274543762207	11.37415885925293	11.906270980834961	11.984258651733398
8	428	virus,	11.495184898376465	12.730884552001953	11.23642635345459	11.147811889648438
8	429	which	2.340874195098877	2.1155874729156494	1.4439060688018799	1.0442192554473877
8	430	many	6.765348434448242	6.725832939147949	7.5860137939453125	7.841597080230713
8	431	botanists	14.310137748718262	11.866005897521973	13.029718399047852	12.980890274047852
8	432	have	2.4570536613464355	1.9094388484954834	2.667250394821167	2.752197504043579
8	433	studied,	12.01303482055664	8.63865852355957	7.232941627502441	7.718271732330322
8	434	spreads	13.4453706741333	13.651500701904297	12.046786308288574	12.264144897460938
8	435	only	6.851899147033691	5.705970764160156	5.897800445556641	5.463749408721924
8	436	through	6.881319046020508	3.2923648357391357	2.2556893825531006	2.3098196983337402
8	437	buds,	15.940591812133789	15.51513385772705	13.099485397338867	13.78583812713623
8	438	not	5.424014568328857	5.270390510559082	2.5054025650024414	2.360645055770874
8	439	seeds,	15.643987655639648	6.64353084564209	5.766895294189453	5.2371625900268555
8	440	and	1.9558191299438477	2.4400649070739746	1.872750997543335	1.5640555620193481
8	441	so	5.8186936378479	4.664971351623535	3.6366190910339355	4.024657726287842
8	442	cultivating	13.399335861206055	12.920571327209473	11.047879219055176	10.114587783813477
8	443	the	2.274779796600342	1.8521188497543335	1.8720808029174805	2.384636640548706
8	444	most	4.979346752166748	4.912467002868652	5.462192535400391	5.558490753173828
8	445	appealing	7.730592250823975	7.6037211418151855	7.344825744628906	7.330047607421875
8	446	varieties	11.951959609985352	9.134142875671387	9.037610054016113	7.275637626647949
8	447	takes	10.490288734436035	10.34583568572998	10.781638145446777	10.8521728515625
8	448	years.	10.362465858459473	8.522930145263672	8.082124710083008	8.844532012939453
8	449	Propagation	14.939936637878418	15.070310592651367	10.668660163879395	11.66310977935791
8	450	is	3.8293261528015137	1.890379548072815	1.2109428644180298	1.0010416507720947
8	451	greatly	8.679443359375	7.728981018066406	6.996233940124512	7.491819381713867
8	452	slowed	8.126815795898438	7.754597187042236	5.437729835510254	3.6981749534606934
8	453	down	1.0333209037780762	1.3695346117019653	1.230346441268921	2.0678367614746094
8	454	by	4.10698127746582	2.6131787300109863	1.9772342443466187	0.9717932939529419
8	455	the	1.5458581447601318	1.489762783050537	1.3027701377868652	0.9650315046310425
8	456	virus.	11.593859672546387	10.859840393066406	9.795595169067383	9.243646621704102
8	457	Tulips	18.809898376464844	18.30058479309082	17.91326141357422	17.26724624633789
8	458	bloom	7.812930107116699	4.786580562591553	4.007582187652588	4.1942644119262695
8	459	in	3.246021032333374	1.1768651008605957	1.1015154123306274	1.0975334644317627
8	460	April	6.904138565063477	6.015929698944092	5.210019588470459	4.709822654724121
8	461	and	4.0096635818481445	2.898937225341797	0.9942237138748169	1.0316681861877441
8	462	May	9.597902297973633	3.9457755088806152	2.4483816623687744	1.959229588508606
8	463	for	5.41738224029541	4.887683868408203	4.566009998321533	5.002172470092773
8	464	about	6.854005336761475	6.5146870613098145	6.6606059074401855	5.777573585510254
8	465	a	3.265512228012085	1.9511022567749023	1.7362267971038818	1.4775234460830688
8	466	week,	8.506332397460938	5.984951496124268	3.284498691558838	2.808765411376953
8	467	and	2.7251384258270264	2.0868148803710938	2.0186972618103027	1.7756043672561646
8	468	the	2.761542558670044	2.4189088344573975	2.5958261489868164	2.5931644439697266
8	469	secondary	9.435661315917969	9.482003211975098	9.427776336669922	9.464312553405762
8	470	buds	11.652128219604492	11.772773742675781	11.218297958374023	13.342973709106445
8	471	appear	7.406937599182129	6.247986316680908	6.527278900146484	5.379693508148193
8	472	shortly	10.124015808105469	8.466673851013184	6.341369152069092	7.4874587059021
8	473	thereafter.	4.397150993347168	5.168169975280762	4.2455878257751465	3.8134665489196777
8	474	Bulbs	17.175189971923828	17.336904525756836	16.879446029663086	10.499192237854004
8	475	can	4.904869079589844	3.1102163791656494	4.219618320465088	3.51371431350708
8	476	be	1.4955850839614868	0.6712016463279724	0.5914407968521118	0.6633287072181702
8	477	uprooted	12.254073143005371	12.220487594604492	10.523920059204102	8.948502540588379
8	478	and	2.3780994415283203	1.5368967056274414	1.539765477180481	1.2211438417434692
8	479	moved	8.93277645111084	4.8051557540893555	4.308539867401123	3.5942296981811523
8	480	about	5.81184720993042	6.002471446990967	4.807588577270508	5.184678554534912
8	481	from	7.430208683013916	4.820860862731934	4.6378583908081055	4.160562038421631
8	482	June	8.052502632141113	8.795882225036621	10.45687484741211	11.264313697814941
8	483	to	5.030409812927246	2.288661479949951	2.417224884033203	1.1263686418533325
8	484	September,	12.570162773132324	5.621371269226074	2.8971447944641113	2.9975521564483643
8	485	and	2.9932861328125	2.696837902069092	2.4821362495422363	2.295947551727295
8	486	thus	7.58259391784668	7.114981651306152	6.176906108856201	6.763611793518066
8	487	actual	11.148370742797852	10.188180923461914	10.643735885620117	10.042399406433105
8	488	purchases	9.732444763183594	8.882495880126953	8.984189987182617	6.4283905029296875
8	489	occurred	8.14120101928711	8.049515724182129	7.337975978851318	7.784729957580566
8	490	during	3.3175902366638184	3.1856446266174316	2.718137264251709	3.566559314727783
8	491	these	5.70613956451416	5.597395896911621	4.908977031707764	5.279006481170654
8	492	months.	8.14850902557373	5.705475330352783	5.8180999755859375	3.8743820190429688
8	493	As	4.490431785583496	4.432746887207031	4.223362922668457	4.1497483253479
8	494	the	2.4049935340881348	2.277151584625244	2.2825021743774414	2.0896525382995605
8	495	flowers	10.587182998657227	9.586043357849121	9.986066818237305	9.918662071228027
8	496	grew	7.086116790771484	6.198278427124023	4.797460556030273	4.788515567779541
8	497	in	2.945746898651123	1.6021314859390259	2.218451976776123	1.920149564743042
8	498	popularity,	12.097260475158691	4.793912887573242	10.200425148010254	9.014625549316406
8	499	professional	9.840967178344727	10.240015029907227	10.44548511505127	10.637088775634766
8	500	growers	11.907005310058594	10.521061897277832	9.812015533447266	8.995407104492188
8	501	paid	8.22130012512207	10.250229835510254	8.990213394165039	9.088302612304688
8	502	higher	7.6422295570373535	6.139270305633545	5.817181587219238	5.765414714813232
8	503	and	4.043251991271973	4.832780361175537	5.1901445388793945	5.723024368286133
8	504	higher	8.34481143951416	2.89953875541687	0.46448761224746704	0.164498969912529
8	505	prices	4.927834987640381	5.145963191986084	4.85336971282959	2.3129019737243652
8	506	for	2.9331750869750977	1.5166959762573242	1.2739275693893433	1.4693889617919922
8	507	bulbs	14.1930570602417	11.37440013885498	11.259990692138672	11.56447696685791
8	508	with	3.688973903656006	3.664501667022705	4.529397010803223	4.887361526489258
8	509	the	1.7403578758239746	2.501817226409912	2.644700527191162	2.346003532409668
8	510	virus.	11.593859672546387	10.198735237121582	11.11563777923584	11.70594596862793
8	511	By	5.804012298583984	5.5141754150390625	5.549429893493652	5.584105491638184
8	512	sixteen	12.050491333007812	13.137014389038086	13.075376510620117	13.133244514465332
8	513	thirty-four,	12.271207809448242	10.410640716552734	10.340920448303223	10.219491958618164
8	514	in	4.430378437042236	4.070079803466797	3.989046096801758	4.76446008682251
8	515	part	7.153270244598389	5.7484846115112305	7.345422744750977	7.837099552154541
8	516	as	5.406320571899414	4.019294261932373	3.950395107269287	3.896402359008789
8	517	a	1.8714717626571655	1.5024362802505493	0.4934816360473633	0.44942188262939453
8	518	result	6.815457344055176	3.338481903076172	4.267574787139893	2.0085484981536865
8	519	of	0.863627552986145	0.17290517687797546	0.08189460635185242	0.04860813915729523
8	520	demand	10.320054054260254	9.690157890319824	9.227438926696777	9.365799903869629
8	521	from	4.168781757354736	3.218067169189453	2.4168646335601807	1.8424333333969116
8	522	the	1.3965858221054077	1.3136284351348877	1.5633572340011597	1.5360891819000244
8	523	French,	10.6951322555542	10.004496574401855	8.900627136230469	8.937582015991211
8	524	speculators	15.558382034301758	14.692234992980957	15.304434776306152	13.722484588623047
8	525	began	6.153120994567871	4.172207832336426	4.136533260345459	3.795931816101074
8	526	to	1.3023005723953247	0.9683361053466797	0.885198712348938	0.834541916847229
8	527	enter	7.024587154388428	7.239419460296631	5.358218669891357	4.984921932220459
8	528	the	1.1506836414337158	1.0290048122406006	0.8762589693069458	0.23478169739246368
8	529	market.	9.289815902709961	7.853811264038086	6.966718673706055	6.643184661865234
8	530	In	3.184147834777832	3.433858871459961	3.328493595123291	3.177645206451416
8	531	sixteen	11.76048469543457	12.334542274475098	12.378152847290039	12.126389503479004
8	532	thirty-six,	11.62339973449707	11.575698852539062	11.376626968383789	11.18382453918457
8	533	the	3.05820631980896	3.244555950164795	1.7007098197937012	1.4922698736190796
8	534	Dutch	9.019392967224121	8.42391586303711	9.045889854431152	7.811944007873535
8	535	created	10.482011795043945	9.160402297973633	7.516993999481201	8.034075736999512
8	536	a	1.720258355140686	1.245147943496704	1.3153479099273682	1.1119637489318848
8	537	type	7.8701066970825195	7.340937614440918	6.519344806671143	6.200913906097412
8	538	of	0.6296432018280029	0.5036267638206482	0.41871780157089233	0.0806063860654831
8	539	formal	10.643019676208496	10.286290168762207	9.681514739990234	9.195690155029297
8	540	futures	12.611268043518066	12.447700500488281	12.405801773071289	12.892485618591309
8	541	markets,	7.556561470031738	3.8795111179351807	4.294451713562012	6.1498541831970215
8	542	which	3.4423575401306152	3.0643622875213623	2.5897269248962402	2.750196933746338
8	543	merchants	11.79935073852539	11.352856636047363	12.441230773925781	10.80101490020752
8	544	used	6.999924182891846	5.353731155395508	5.398634433746338	4.848500728607178
8	545	to	1.3023784160614014	1.4923603534698486	0.4118656516075134	0.2167617529630661
8	546	sell	6.7382378578186035	5.668407440185547	3.9492297172546387	2.762777805328369
8	547	and	3.983243465423584	4.296944618225098	4.3460259437561035	4.270322799682617
8	548	buy	8.666027069091797	4.4388957023620605	2.9904682636260986	2.7699859142303467
8	549	contracts	8.859597206115723	9.845251083374023	7.603360176086426	7.31471061706543
8	550	to	2.7899906635284424	2.7284295558929443	2.493372917175293	2.941901922225952
8	551	buy	6.118574619293213	4.514742851257324	2.0149693489074707	2.176628351211548
8	552	bulbs	11.76436996459961	12.086321830749512	11.966516494750977	11.610400199890137
8	553	at	4.156437873840332	3.1482365131378174	2.923964262008667	3.0679726600646973
8	554	the	1.3130742311477661	1.431792140007019	1.5743939876556396	1.476811170578003
8	555	end	5.597233772277832	3.0291786193847656	2.9363625049591064	3.51223087310791
8	556	of	0.6554146409034729	0.1828761100769043	0.060256361961364746	0.09995347261428833
8	557	the	1.4618616104125977	0.7116572260856628	0.7651013135910034	0.7174766063690186
8	558	season.	9.108762741088867	7.978379249572754	5.0619707107543945	5.3396782875061035
8	559	Traders	14.353547096252441	14.686549186706543	14.844108581542969	14.933780670166016
8	560	met	8.839771270751953	8.708159446716309	8.750053405761719	8.838847160339355
8	561	at	3.9703872203826904	1.817413330078125	2.428203821182251	2.5097427368164062
8	562	taverns	14.175239562988281	11.79692554473877	11.88105297088623	12.263875007629395
8	563	and	0.9813965559005737	0.8182309865951538	0.9787505865097046	0.90578293800354
8	564	buyers	11.060517311096191	12.407940864562988	13.207099914550781	14.49290657043457
8	565	were	3.770890235900879	4.063671588897705	4.112296104431152	4.606454372406006
8	566	required	6.493903160095215	6.194468975067139	5.759793758392334	5.954861164093018
8	567	to	1.1611196994781494	0.20705737173557281	0.04113584756851196	0.04317440837621689
8	568	pay	5.788163185119629	3.958314895629883	2.9693241119384766	2.171327590942383
8	569	a	2.826469898223877	2.8399159908294678	2.3487112522125244	1.7237333059310913
8	570	fee	9.013616561889648	3.890775203704834	3.4967312812805176	2.462721109390259
8	571	per	4.540163040161133	5.774727821350098	5.402815341949463	6.119507789611816
8	572	trade.	12.590246200561523	9.910062789916992	8.99599838256836	9.571344375610352
8	573	People	6.954447269439697	7.590865612030029	7.358656406402588	7.080848217010498
8	574	were	4.0574445724487305	3.468417167663574	3.876129627227783	4.071800708770752
8	575	purchasing	10.270764350891113	10.132023811340332	7.980921745300293	7.04109001159668
8	576	bulbs	12.426387786865234	11.688915252685547	11.162681579589844	11.234323501586914
8	577	at	4.156437873840332	3.2946691513061523	2.8575639724731445	2.5307321548461914
8	578	higher	7.715009689331055	6.690869331359863	6.230329990386963	5.431398868560791
8	579	and	4.043251991271973	5.0281195640563965	5.104158878326416	5.121315956115723
8	580	higher	8.34481143951416	2.899538993835449	0.6768633723258972	0.6774750351905823
8	581	prices,	6.578882217407227	6.8390350341796875	6.026386260986328	5.413708686828613
8	582	intending	12.316221237182617	13.505189895629883	12.983067512512207	13.113834381103516
8	583	to	0.1992935687303543	0.1534949094057083	0.15557517111301422	0.17760425806045532
8	584	re-sell	13.556058883666992	11.658109664916992	8.671667098999023	8.801607131958008
8	585	them	3.1680760383605957	2.7398698329925537	3.1678626537323	1.0553176403045654
8	586	for	3.718086004257202	2.1412668228149414	2.2605361938476562	2.2349538803100586
8	587	a	2.6860671043395996	2.157973051071167	1.6115078926086426	1.5113338232040405
8	588	profit.	11.050140380859375	9.996758460998535	8.569761276245117	1.6124839782714844
8	589	However,	4.732133865356445	4.558190822601318	4.576472759246826	4.716205596923828
8	590	such	6.218432426452637	5.904392242431641	6.138481616973877	5.99638557434082
8	591	a	1.8720529079437256	1.4971786737442017	1.4968444108963013	1.3104429244995117
8	592	scheme	9.476122856140137	7.133853435516357	5.616774559020996	4.628177642822266
8	593	could	5.20034646987915	6.7220306396484375	3.3679401874542236	2.7743735313415527
8	594	not	2.7619240283966064	3.1822478771209717	3.1272077560424805	3.036292791366577
8	595	last	8.609201431274414	8.33243465423584	6.707798480987549	6.267422199249268
8	596	unless	12.93439769744873	7.427562713623047	5.703873157501221	5.385934352874756
8	597	someone	5.7323150634765625	4.334767818450928	4.398680686950684	4.629359245300293
8	598	was	4.609158039093018	3.676576614379883	4.698512077331543	4.233180999755859
8	599	ultimately	8.177360534667969	9.410806655883789	9.391671180725098	9.815106391906738
8	600	willing	8.826220512390137	7.166059494018555	5.542837619781494	3.524803876876831
8	601	to	0.05250510200858116	0.06570463627576828	0.02217254973948002	0.024982064962387085
8	602	pay	5.788163185119629	2.9297032356262207	3.7008585929870605	3.4740748405456543
8	603	such	7.42127799987793	6.248588562011719	5.58269739151001	5.5826029777526855
8	604	high	7.092809677124023	6.856497764587402	5.249078750610352	2.470580816268921
8	605	prices	5.965344429016113	4.445580959320068	2.4008095264434814	1.7356688976287842
8	606	and	2.144812822341919	1.8209847211837769	2.4867284297943115	3.278545379638672
8	607	take	6.761021614074707	6.877123832702637	7.998703479766846	6.776106834411621
8	608	possession	6.9070725440979	6.632490634918213	7.677215576171875	7.902511119842529
8	609	of	0.48825109004974365	0.11605861037969589	0.10142526775598526	0.10213736444711685
8	610	the	1.4618616104125977	1.722388744354248	0.9545278549194336	0.9241346716880798
8	611	bulbs.	14.386866569519043	14.272982597351074	14.117973327636719	13.374359130859375
8	612	In	3.7753477096557617	3.919372081756592	3.8689472675323486	3.398097038269043
8	613	February	6.237648963928223	7.203854560852051	7.541170597076416	7.562978744506836
8	614	sixteen	12.600552558898926	12.192355155944824	12.374147415161133	12.349153518676758
8	615	thirty-seven,	11.804122924804688	8.81318187713623	11.334968566894531	12.420806884765625
8	616	tulip	14.90238094329834	14.12618350982666	14.197304725646973	14.219316482543945
8	617	traders	11.277174949645996	10.238678932189941	11.352777481079102	8.63747501373291
8	618	could	5.268886566162109	5.295413970947266	5.275764465332031	5.831689834594727
8	619	no	5.764159679412842	5.787562847137451	5.6099724769592285	4.710158348083496
8	620	longer	2.218226671218872	0.049335625022649765	0.04012291133403778	0.08169613778591156
8	621	find	6.52895975112915	6.9085845947265625	4.641834735870361	4.802381992340088
8	622	new	5.894791126251221	5.7797956466674805	6.793313026428223	7.004889488220215
8	623	buyers	9.087591171264648	7.547590255737305	6.931684494018555	7.852359771728516
8	624	willing	8.329998970031738	7.090674877166748	5.023730278015137	4.260231971740723
8	625	to	0.05250510200858116	0.032849740236997604	0.03128441423177719	0.023484576493501663
8	626	pay	5.788163185119629	2.9297032356262207	0.9905505776405334	0.9030205607414246
8	627	increasingly	10.73897933959961	10.31912899017334	10.396827697753906	10.969280242919922
8	628	inflated	9.032793045043945	7.406525135040283	4.805774211883545	4.2102131843566895
8	629	prices	5.279114723205566	3.514770984649658	1.8640682697296143	1.6941221952438354
8	630	for	2.9331750869750977	1.8418917655944824	1.5812708139419556	0.6365814208984375
8	631	their	4.6064133644104	4.068174362182617	4.12133264541626	4.081143856048584
8	632	bulbs.	13.862462043762207	14.758688926696777	11.828407287597656	11.254158973693848
8	633	As	4.646217346191406	4.531704902648926	4.502610206604004	4.157907962799072
8	634	this	4.439784049987793	4.9336934089660645	5.0123443603515625	5.087156295776367
8	635	realization	10.707331657409668	9.525810241699219	10.086498260498047	9.654735565185547
8	636	set	10.203523635864258	6.179439544677734	4.828487396240234	4.111580848693848
8	637	in,	8.204765319824219	2.8690900802612305	2.6987948417663574	0.2146211713552475
8	638	the	3.0896527767181396	2.6491634845733643	2.3563103675842285	2.5434799194335938
8	639	demand	8.939596176147461	8.174558639526367	8.61063289642334	8.19338321685791
8	640	for	1.6833056211471558	0.581546425819397	0.4953431189060211	0.46513915061950684
8	641	tulips	15.2228364944458	12.039113998413086	11.644270896911621	10.67837142944336
8	642	collapsed,	13.951212882995605	14.252768516540527	11.970239639282227	11.349403381347656
8	643	and	1.8225396871566772	1.7150921821594238	1.8139418363571167	1.4343334436416626
8	644	prices	9.745963096618652	8.958916664123535	9.46923828125	6.861578464508057
8	645	plummeted.	11.916401863098145	8.780261039733887	3.6094281673431396	3.124443769454956
8	646	The	1.8497533798217773	2.0412356853485107	2.141054630279541	2.050285816192627
8	647	speculative	12.162126541137695	10.769533157348633	9.874348640441895	10.320340156555176
8	648	bubble	9.051950454711914	6.2260661125183105	2.435878276824951	1.8400204181671143
8	649	burst.	8.058762550354004	7.0710859298706055	5.97597599029541	4.908482074737549
8	650	Some	5.852852821350098	5.326789855957031	5.316934585571289	5.380235195159912
8	651	were	4.9765214920043945	4.115416049957275	4.0726776123046875	4.892158508300781
8	652	left	5.926426887512207	5.501568794250488	4.996313095092773	3.991426944732666
8	653	holding	9.755373001098633	5.6193695068359375	5.818868637084961	5.594808578491211
8	654	contracts	9.805960655212402	13.347580909729004	10.68529224395752	10.285054206848145
8	655	to	2.7899906635284424	2.432758331298828	2.2469310760498047	2.4520015716552734
8	656	purchase	7.481429576873779	5.041830539703369	4.713077068328857	5.477856159210205
8	657	tulips	15.738004684448242	12.866925239562988	13.684654235839844	13.229278564453125
8	658	at	4.095827102661133	3.660837173461914	2.577498197555542	3.1288440227508545
8	659	prices	10.146136283874512	9.15613842010498	5.788303375244141	5.220180988311768
8	660	now	7.214212417602539	7.2847490310668945	7.6278076171875	8.148755073547363
8	661	ten	10.21983528137207	9.429021835327148	8.789315223693848	7.670862197875977
8	662	times	3.3991780281066895	2.645003318786621	0.5084589123725891	0.34356632828712463
8	663	greater	7.770740509033203	4.3458356857299805	4.320241928100586	3.6571855545043945
8	664	than	1.4813790321350098	0.4260481894016266	0.40427371859550476	0.25621476769447327
8	665	those	5.4218268394470215	4.7717695236206055	3.127894163131714	3.6089603900909424
8	666	on	5.6060791015625	4.212316989898682	4.999814033508301	5.129786491394043
8	667	the	1.3069698810577393	0.7564781308174133	0.928143322467804	0.9556829929351807
8	668	open	8.379183769226074	7.236337661743164	7.92666482925415	7.408881187438965
8	669	market,	7.815247535705566	4.359029769897461	2.6174802780151367	1.9850196838378906
8	670	while	4.8297882080078125	4.741415023803711	4.6410675048828125	4.497175216674805
8	671	others	5.770197868347168	3.555633544921875	3.504016399383545	3.656735420227051
8	672	found	5.907000541687012	5.548494338989258	6.012568473815918	6.597442626953125
8	673	themselves	4.829550266265869	3.170294761657715	2.967846155166626	2.6249961853027344
8	674	in	2.4647419452667236	1.5766489505767822	1.4644767045974731	2.0511364936828613
8	675	possession	8.467628479003906	8.00430965423584	5.261501312255859	5.4730916023254395
8	676	of	0.48825132846832275	0.17377129197120667	0.10088593512773514	0.02979745715856552
8	677	bulbs	13.347533226013184	13.974737167358398	14.431742668151855	14.166502952575684
8	678	now	7.199533462524414	7.583545684814453	8.10329532623291	7.757175445556641
8	679	worth	7.549275875091553	7.6466522216796875	6.635878562927246	5.062166213989258
8	680	a	2.7468481063842773	2.6629865169525146	2.943782329559326	3.1997225284576416
8	681	fraction	8.347501754760742	8.30821704864502	4.927995681762695	3.8571016788482666
8	682	of	0.16705232858657837	0.08941716700792313	0.03858529403805733	0.02644435688853264
8	683	the	1.4618616104125977	0.9252369403839111	0.9295502305030823	0.9146690368652344
8	684	price	7.3908843994140625	7.867980003356934	5.538987159729004	3.602412223815918
8	685	they	6.974603176116943	5.677258491516113	4.851212501525879	4.494978427886963
8	686	had	3.638810634613037	3.8114542961120605	4.135141372680664	4.192363739013672
8	687	paid.	11.115230560302734	10.764788627624512	5.313614845275879	4.548044204711914
8	688	The	2.273780345916748	2.3181469440460205	2.225829839706421	2.2084829807281494
8	689	event	7.446160793304443	7.762572288513184	7.998158931732178	8.050520896911621
8	690	was	3.633854627609253	1.890988826751709	1.663130521774292	1.011147141456604
8	691	popularized	11.080246925354004	11.018280982971191	11.66226577758789	13.184050559997559
8	692	in	2.1489481925964355	1.4964396953582764	1.8698961734771729	2.104569435119629
8	693	eighteen	11.427909851074219	12.648139953613281	12.281975746154785	12.818769454956055
8	694	forty-one	11.52501392364502	11.703110694885254	10.058724403381348	9.456644058227539
8	695	by	6.736878395080566	5.957622528076172	4.742271423339844	1.06341552734375
8	696	the	1.5458581447601318	1.4502421617507935	1.2371852397918701	1.2299281358718872
8	697	book	7.344992160797119	8.294222831726074	7.71762752532959	7.555391788482666
8	698	'Extraordinary	15.328937530517578	13.912988662719727	13.286212921142578	13.868258476257324
8	699	Popular	5.412283420562744	2.3261263370513916	1.6842862367630005	1.71708345413208
8	700	Delusions	12.08626651763916	1.839364767074585	0.0755862444639206	0.043721869587898254
8	701	and	2.449096918106079	1.38314688205719	0.055526457726955414	0.041852258145809174
8	702	the	2.761542558670044	2.164951801300049	1.1412349939346313	0.04379193112254143
8	703	Madness	12.836592674255371	12.419556617736816	4.719850063323975	2.977097272872925
8	704	of	2.895686149597168	1.7814610004425049	1.1379748582839966	0.09030625969171524
8	705	Crowds',	24.667217254638672	18.934310913085938	16.12261199951172	14.821393013000488
8	706	that	5.434486389160156	5.272292137145996	5.463418960571289	5.35932731628418
8	707	a	4.261780738830566	4.904562950134277	4.541762351989746	4.652634143829346
8	708	British	8.239053726196289	7.547174453735352	5.8658552169799805	6.4444475173950195
8	709	journalist	6.224671840667725	4.978432655334473	4.902736186981201	4.725342273712158
8	710	Charles	5.891168594360352	5.945967674255371	9.582825660705566	10.864897727966309
8	711	Mackay	9.536428451538086	8.02907657623291	7.307361602783203	7.988683700561523
8	712	wrote.	9.009387969970703	8.933820724487305	6.831475257873535	7.781805515289307
8	713	That	6.214946746826172	6.25314998626709	5.544445991516113	5.63685417175293
8	714	crowds	12.8322172164917	12.636276245117188	12.675564765930176	11.774312019348145
8	715	of	2.0868990421295166	2.1824207305908203	1.4915820360183716	1.7880791425704956
8	716	people	5.624353885650635	2.4011757373809814	1.3471579551696777	1.6779636144638062
8	717	often	7.26950740814209	7.612478256225586	7.465573310852051	4.757837295532227
8	718	behave	9.41590690612793	7.291524410247803	7.54860258102417	7.662230491638184
8	719	irrationally	11.04512882232666	7.1904706954956055	6.42333984375	6.243419170379639
8	720	was	7.666830062866211	6.691666603088379	7.890190124511719	9.21241569519043
8	721	the	3.1938233375549316	3.0205111503601074	2.650304079055786	2.57747745513916
8	722	main	6.30784797668457	5.113168716430664	5.704517841339111	5.245002746582031
8	723	thesis	9.965231895446777	8.188272476196289	8.268217086791992	7.579921245574951
8	724	of	2.5945076942443848	1.1142328977584839	0.5377357006072998	0.29340308904647827
8	725	the	1.4618616104125977	1.214758276939392	1.4364664554595947	1.281410574913025
8	726	book,	8.78927230834961	8.153486251831055	4.36453914642334	3.885560989379883
8	727	and	2.58849835395813	2.480334997177124	2.3264331817626953	2.346339225769043
8	728	tulip	14.107680320739746	16.0914363861084	16.409433364868164	16.65730094909668
8	729	mania	6.5884904861450195	5.768584251403809	4.971993446350098	4.585631847381592
8	730	was	3.6655354499816895	3.1626646518707275	3.661599636077881	2.6045641899108887
8	731	one	4.929082870483398	4.833612442016602	4.414939880371094	4.5680623054504395
8	732	of	1.243708610534668	0.2524586617946625	0.3413020372390747	0.21502771973609924
8	733	the	1.4618616104125977	0.5239232182502747	0.505159318447113	0.3182983994483948
8	734	primary	7.615662097930908	7.604809761047363	5.993485927581787	5.616955757141113
8	735	examples.	12.735971450805664	12.44164752960205	12.050045013427734	9.254631042480469
8	736	According	6.735259056091309	6.579765319824219	6.655209064483643	6.5062971115112305
8	737	to	0.0061017596162855625	0.006559010129421949	0.006616248283535242	0.006689250469207764
8	738	Mackay,	16.2659912109375	14.070511817932129	13.205669403076172	13.370147705078125
8	739	at	6.283649444580078	5.863044738769531	5.709953784942627	5.910365104675293
8	740	one	5.254367351531982	4.207075595855713	4.283108711242676	3.092886209487915
8	741	point	5.292970657348633	1.5769480466842651	0.8803417682647705	0.9982373118400574
8	742	twelve	12.949880599975586	11.41855239868164	12.210772514343262	12.081790924072266
8	743	acres	7.330284118652344	9.8693265914917	8.749960899353027	7.112817764282227
8	744	of	0.7299674153327942	0.7790928483009338	1.221633791923523	1.0345247983932495
8	745	land	8.407266616821289	1.6249052286148071	1.51060950756073	1.8208760023117065
8	746	were	6.506691932678223	5.798828125	4.205559730529785	4.24219274520874
8	747	offered	7.042238235473633	7.2450761795043945	6.519359111785889	6.680833339691162
8	748	for	3.3834564685821533	3.312154769897461	2.460772752761841	1.7510826587677002
8	749	a	2.6860671043395996	3.407932758331299	4.1749677658081055	4.332942962646484
8	750	Semper	15.399740219116211	14.685216903686523	15.592580795288086	16.820783615112305
8	751	Augustus	3.813248634338379	5.234098434448242	5.467226982116699	5.167349815368652
8	752	bulb.	16.392894744873047	14.156328201293945	11.86505126953125	11.967580795288086
8	753	He	4.037423133850098	4.335115432739258	4.942541122436523	4.092576026916504
8	754	claims	6.6970038414001465	6.1837358474731445	5.930461883544922	6.132439613342285
8	755	that	1.2198537588119507	1.1286239624023438	0.9868395328521729	0.8896170258522034
8	756	many	6.06129264831543	5.796821117401123	5.582845211029053	5.776980400085449
8	757	such	7.100254058837891	7.051719665527344	6.2868852615356445	6.327023506164551
8	758	investors	10.684101104736328	9.228097915649414	7.758750915527344	7.666284084320068
8	759	ruined	12.372562408447266	13.218523979187012	12.438687324523926	12.603449821472168
8	760	by	2.8131327629089355	1.9554210901260376	1.8046627044677734	1.953333854675293
8	761	the	1.5458582639694214	1.251433253288269	1.0897009372711182	0.9013281464576721
8	762	fall	8.267783164978027	8.138545036315918	6.195936679840088	5.711430072784424
8	763	in	2.3079049587249756	3.5099024772644043	3.577200412750244	4.136936187744141
8	764	prices	10.992618560791016	6.665857315063477	3.8638858795166016	3.6863365173339844
8	765	were	3.7373876571655273	5.700375556945801	6.602978229522705	6.397711753845215
8	766	desperate,	12.205233573913574	12.634315490722656	13.23019027709961	14.153636932373047
8	767	and	2.0750114917755127	1.6929391622543335	1.4612449407577515	1.5269989967346191
8	768	Dutch	10.544891357421875	12.077366828918457	11.673349380493164	10.530062675476074
8	769	commerce	11.484293937683105	10.195735931396484	10.444221496582031	9.734617233276367
8	770	suffered	9.676846504211426	7.185476779937744	6.670155048370361	5.427811622619629
8	771	a	2.0773870944976807	1.5848788022994995	1.4393616914749146	1.8891844749450684
8	772	severe	8.7006196975708	3.607316493988037	3.2072103023529053	3.026002883911133
8	773	shock.	9.447224617004395	7.447278022766113	7.94379997253418	7.791959285736084
8	774	In	3.878312587738037	3.3116207122802734	3.512223720550537	3.8697986602783203
8	775	Mackay's	16.139625549316406	16.314184188842773	16.952922821044922	16.442739486694336
8	776	account,	8.416763305664062	5.256035327911377	4.913396835327148	5.458565711975098
8	777	the	2.8851659297943115	2.187162160873413	1.424170970916748	1.4226844310760498
8	778	panicked	13.195856094360352	13.282005310058594	11.406288146972656	11.447929382324219
8	779	tulip	12.885724067687988	12.01329231262207	10.761704444885254	12.317358016967773
8	780	speculators	15.809784889221191	14.514644622802734	10.054923057556152	7.818244934082031
8	781	sought	8.355830192565918	8.219627380371094	8.202964782714844	7.792407035827637
8	782	help	7.429648399353027	7.058737754821777	7.058086395263672	6.758911609649658
8	783	from	5.402304649353027	0.7406892776489258	0.5504238605499268	0.5411307215690613
8	784	the	1.3965858221054077	1.4254623651504517	1.2222706079483032	1.024031639099121
8	785	government	6.227968215942383	6.798888683319092	4.991721153259277	4.851819038391113
8	786	of	3.499328851699829	2.648989677429199	2.619382381439209	2.9023518562316895
8	787	the	1.4618616104125977	1.7331366539001465	1.7986451387405396	1.7449610233306885
8	788	Netherlands,	9.657037734985352	10.097343444824219	7.1840667724609375	6.234572887420654
8	789	which	3.780634880065918	3.538355588912964	3.499129295349121	2.52986478805542
8	790	responded	9.47896671295166	8.283685684204102	8.201303482055664	8.359535217285156
8	791	by	2.6171751022338867	2.8312525749206543	1.485177755355835	1.3921810388565063
8	792	declaring	8.694077491760254	5.023926258087158	4.965398788452148	4.223287582397461
8	793	that	2.0060229301452637	1.5990298986434937	1.2941677570343018	1.576436161994934
8	794	anyone	7.017278671264648	6.36968994140625	6.071227073669434	5.963902950286865
8	795	who	1.6508787870407104	1.663562536239624	0.6134539842605591	0.521468997001648
8	796	had	3.2151079177856445	3.843931198120117	4.083312034606934	3.78175950050354
8	797	bought	7.210297584533691	6.766706466674805	5.746487140655518	5.88186502456665
8	798	contracts	9.585307121276855	10.132061958312988	9.499889373779297	10.071981430053711
8	799	to	2.7899906635284424	2.1827008724212646	1.8845694065093994	2.0446112155914307
8	800	purchase	7.481429576873779	5.041830539703369	4.68513822555542	5.358154296875
8	801	bulbs	12.790262222290039	12.086687088012695	11.76137638092041	11.580915451049805
8	802	in	2.7392640113830566	2.2081193923950195	2.3398258686065674	2.588322877883911
8	803	the	1.3865312337875366	1.2270371913909912	1.4470394849777222	1.4306631088256836
8	804	future	7.081451416015625	6.153805732727051	6.372355937957764	5.542113304138184
8	805	could	6.720259666442871	6.156811237335205	5.511001110076904	4.346299171447754
8	806	void	10.641294479370117	11.120738983154297	11.708293914794922	10.755054473876953
8	807	their	7.562631607055664	3.497683048248291	3.352165699005127	3.72714900970459
8	808	contract	8.320484161376953	7.700708389282227	3.9490084648132324	3.8189942836761475
8	809	by	4.701352119445801	5.428582191467285	4.062084674835205	4.549858093261719
8	810	payment	10.139055252075195	8.974705696105957	9.125802993774414	9.235777854919434
8	811	of	1.9799189567565918	0.9127223491668701	0.5446306467056274	0.5838606953620911
8	812	a	3.287022113800049	2.7324087619781494	1.4220857620239258	1.3245033025741577
8	813	ten	10.123346328735352	10.220320701599121	9.600695610046387	9.080360412597656
8	814	percent	4.044073581695557	3.1772255897521973	3.4832046031951904	2.1271443367004395
8	815	fee.	11.609495162963867	9.969677925109863	6.313764572143555	6.680147171020508
8	816	Attempts	11.467941284179688	10.902926445007324	10.838014602661133	10.784433364868164
8	817	that	5.902957916259766	7.351670265197754	7.232900619506836	7.2040791511535645
8	818	were	5.190093994140625	3.345731258392334	3.2642645835876465	3.047883987426758
8	819	made	5.262619972229004	4.534482002258301	1.6841988563537598	1.5185067653656006
8	820	to	3.3421833515167236	2.361783266067505	2.7904610633850098	0.9005173444747925
8	821	resolve	7.870753288269043	7.500589847564697	7.762922286987305	7.642869472503662
8	822	the	1.5585674047470093	1.1773741245269775	1.0975497961044312	0.9366074800491333
8	823	situation	7.3427510261535645	3.2787442207336426	3.6192915439605713	3.7553226947784424
8	824	to	3.739210367202759	3.479222297668457	4.420184135437012	4.493531703948975
8	825	the	2.329280376434326	2.931220293045044	2.189749240875244	1.8284238576889038
8	826	satisfaction	10.710451126098633	8.798558235168457	6.2520270347595215	6.030031204223633
8	827	of	1.5739763975143433	0.35909906029701233	0.0348067432641983	0.021687941625714302
8	828	all	5.171164035797119	4.221462726593018	4.249472141265869	3.299525737762451
8	829	parties	7.015229225158691	6.919968128204346	3.25656795501709	3.619131326675415
8	830	were	3.6500072479248047	4.199358940124512	5.3856201171875	7.3914408683776855
8	831	unsuccessful.	11.041481018066406	10.949018478393555	11.251230239868164	10.884397506713867
8	832	The	2.1498312950134277	1.9826384782791138	1.856995701789856	1.7309155464172363
8	833	mania	13.461864471435547	13.463623046875	13.888924598693848	14.064617156982422
8	834	finally	7.969328880310059	6.266094207763672	5.952672958374023	5.855299949645996
8	835	ended,	8.319725036621094	4.506785869598389	4.364786624908447	4.973635673522949
8	836	Mackay	13.49044132232666	13.505728721618652	12.821383476257324	14.705745697021484
8	837	says,	6.967376708984375	5.369390964508057	5.99200963973999	6.295654296875
8	838	with	4.474963188171387	4.848245620727539	4.6613616943359375	3.4378113746643066
8	839	individuals	8.368898391723633	11.656317710876465	10.405168533325195	9.438278198242188
8	840	stuck	10.968055725097656	9.645605087280273	7.910645484924316	7.906628608703613
8	841	with	1.701584815979004	2.4954543113708496	2.9851484298706055	2.9644830226898193
8	842	the	1.7403578758239746	1.6261799335479736	2.012218952178955	2.107612371444702
8	843	bulbs	12.226584434509277	12.837728500366211	12.392768859863281	11.91816520690918
8	844	they	6.6640706062316895	5.20421028137207	4.8225483894348145	4.087485313415527
8	845	held	7.44043493270874	8.427260398864746	7.7290544509887695	7.708344459533691
8	846	at	3.655740737915039	4.839840888977051	4.41871452331543	4.371760845184326
8	847	the	1.3130742311477661	0.9726464152336121	1.0995290279388428	1.0419728755950928
8	848	end	5.597233772277832	3.0291786193847656	4.111024379730225	3.4969193935394287
8	849	of	0.6554146409034729	0.1828761100769043	0.060256361961364746	0.023265067487955093
8	850	the	1.4618616104125977	0.7116572260856628	0.7651013135910034	0.7174763679504395
8	851	crash.	11.742127418518066	11.614280700683594	11.607664108276367	11.805583000183105
8	852	No	5.484021186828613	5.363297462463379	5.315066814422607	5.393511772155762
8	853	court	9.136982917785645	8.889093399047852	8.33701229095459	8.507533073425293
8	854	would	5.52932596206665	4.625661849975586	5.080778121948242	5.402766227722168
8	855	enforce	9.193094253540039	6.671299934387207	5.230924606323242	5.682887077331543
8	856	payment	8.747455596923828	8.504659652709961	8.372417449951172	8.804189682006836
8	857	of	1.9799188375473022	0.8197823166847229	0.7070921063423157	0.43533849716186523
8	858	a	3.287022113800049	2.7324087619781494	3.2534821033477783	2.5547122955322266
8	859	contract,	10.44933032989502	9.554170608520508	7.552535057067871	7.855226516723633
8	860	since	6.827978134155273	6.714489459991455	6.9301323890686035	7.993036270141602
8	861	judges	10.75477409362793	10.683868408203125	9.90318775177002	9.645952224731445
8	862	regarded	9.823789596557617	10.257115364074707	10.987675666809082	11.26784896850586
8	863	the	3.1531381607055664	1.4300870895385742	1.4611990451812744	1.5365806818008423
8	864	debts	11.63145637512207	10.551860809326172	10.801563262939453	9.829245567321777
8	865	as	3.8539724349975586	5.679286003112793	1.6597576141357422	1.3079707622528076
8	866	contracted	12.830900192260742	10.769407272338867	10.108785629272461	8.907283782958984
8	867	through	5.836183547973633	4.385989665985107	4.584108829498291	4.963885307312012
8	868	gambling,	12.81557846069336	12.900184631347656	12.795413970947266	11.147838592529297
8	869	and	2.1259067058563232	2.6034746170043945	2.1831440925598145	2.470731019973755
8	870	thus	7.58259391784668	6.307208061218262	5.883944511413574	4.847111701965332
8	871	not	4.756346702575684	4.480029582977295	4.5895185470581055	4.493063926696777
8	872	enforceable	12.164765357971191	9.463552474975586	7.768063545227051	7.7809648513793945
8	873	by	2.1185574531555176	1.532317042350769	1.4599974155426025	1.3030776977539062
8	874	law.	9.225601196289062	3.2045505046844482	3.8735451698303223	3.890082597732544
8	875	Although	5.901277542114258	6.202819347381592	6.151948928833008	6.161000728607178
8	876	Mackay's	17.46584701538086	15.51758098602295	16.18228530883789	16.165668487548828
8	877	book	6.013123512268066	5.32024621963501	5.816196441650391	6.018927574157715
8	878	is	2.611306667327881	2.7535459995269775	1.2832461595535278	1.3629194498062134
8	879	a	2.279606580734253	1.9865728616714478	1.9194636344909668	2.0216779708862305
8	880	classic	7.883990287780762	6.448424339294434	5.075932502746582	4.5753631591796875
8	881	that	6.097599983215332	5.644693374633789	4.874565124511719	3.2687692642211914
8	882	many	6.06129264831543	5.420041561126709	4.665145397186279	4.363061904907227
8	883	publishing	12.29319953918457	12.092154502868652	12.563858985900879	12.9763822555542
8	884	houses	8.41445255279541	0.9893324971199036	0.7310636043548584	0.4290309548377991
8	885	continue	9.002324104309082	7.4108805656433105	6.556362628936768	5.5990681648254395
8	886	reprinting	14.84054946899414	15.470312118530273	12.02541446685791	11.510659217834473
8	887	today,	9.275596618652344	8.960561752319336	8.527249336242676	9.248113632202148
8	888	his	6.071683883666992	5.987491130828857	8.127421379089355	7.397223472595215
8	889	account	7.303775310516357	7.1655802726745605	5.5012922286987305	5.958506107330322
8	890	is	3.1175639629364014	3.273171901702881	2.2767043113708496	2.338902473449707
8	891	contested.	13.385268211364746	13.104392051696777	12.28240966796875	11.775588989257812
8	892	Many	5.837156295776367	5.922545433044434	6.358464241027832	6.141667366027832
8	893	modern	7.696365833282471	7.976437568664551	7.105286598205566	7.9932146072387695
8	894	scholars	7.927626609802246	5.2314372062683105	3.8326804637908936	3.743166208267212
8	895	believe	5.445454120635986	4.4151201248168945	2.3769030570983887	2.110952377319336
8	896	the	2.8412604331970215	2.2592358589172363	2.2165780067443848	2.226534843444824
8	897	mania	12.815189361572266	13.006362915039062	13.069884300231934	14.143304824829102
8	898	was	3.6655354499816895	3.55115008354187	2.552332639694214	1.7726207971572876
8	899	not	3.4648635387420654	3.4895009994506836	3.404296636581421	3.4295289516448975
8	900	as	5.085111618041992	4.7531418800354	4.335742473602295	4.263476371765137
8	901	extraordinary	10.736126899719238	8.89748764038086	8.836915969848633	7.635813236236572
8	902	as	5.751092910766602	1.1472347974777222	0.25148099660873413	0.23348595201969147
8	903	Mackay	15.444499015808105	14.820663452148438	14.538458824157715	15.109057426452637
8	904	described,	11.674427032470703	8.696052551269531	9.566398620605469	9.652264595031738
8	905	with	4.62153434753418	4.655140399932861	5.317039966583252	4.2684326171875
8	906	some	4.7064208984375	3.468594789505005	3.4875447750091553	4.372744560241699
8	907	arguing	11.275306701660156	10.011417388916016	5.820366859436035	8.23705005645752
8	908	that	0.6191194653511047	0.5802968144416809	0.5134001970291138	0.4027976095676422
8	909	the	2.3350260257720947	1.4266541004180908	1.4288573265075684	1.3889427185058594
8	910	price	7.3908843994140625	6.810840606689453	7.05179500579834	6.563357353210449
8	911	changes	7.14804744720459	7.301874160766602	6.588771343231201	6.507005214691162
8	912	may	5.711996078491211	4.476952075958252	5.138906478881836	4.226181983947754
8	913	not	2.3550591468811035	2.907275438308716	2.3274242877960205	1.663635492324829
8	914	have	3.8583626747131348	2.172152519226074	3.0961408615112305	3.9183106422424316
8	915	constituted	10.164801597595215	9.897747039794922	9.420281410217285	8.990854263305664
8	916	a	1.5217944383621216	1.0876681804656982	0.83951735496521	0.8750821352005005
8	917	bubble.	11.950570106506348	11.624975204467773	11.560712814331055	12.958876609802246
8	918	Research	9.34439468383789	8.995102882385254	9.195867538452148	8.963947296142578
8	919	on	4.053297519683838	2.9837589263916016	3.1547513008117676	2.853468656539917
8	920	the	1.3069698810577393	1.8308018445968628	1.2391636371612549	1.1823493242263794
8	921	tulip	13.504660606384277	13.716322898864746	14.914068222045898	9.699363708496094
8	922	mania	6.5884904861450195	3.575854778289795	5.3559136390686035	3.902019500732422
8	923	is	3.1663851737976074	2.948894739151001	3.846848964691162	4.551803112030029
8	924	difficult	7.019639492034912	6.99547815322876	7.32523250579834	7.717721939086914
8	925	because	5.438337326049805	3.716905117034912	4.491430759429932	4.3910017013549805
8	926	of	1.9673587083816528	2.1730666160583496	2.1272029876708984	2.144042491912842
8	927	the	1.4618616104125977	1.1450259685516357	0.6485514640808105	0.5519896745681763
8	928	limited	9.156333923339844	9.336163520812988	6.436489105224609	4.935452461242676
8	929	data	6.573598861694336	4.553802967071533	4.968426704406738	4.715688228607178
8	930	from	2.589498996734619	3.749171018600464	4.211716651916504	4.497937202453613
8	931	the	1.3965858221054077	1.209547519683838	1.3182176351547241	1.0470024347305298
8	932	sixteen	12.169246673583984	12.022188186645508	11.954771041870117	11.514310836791992
8	933	thirties.	10.634117126464844	10.244820594787598	9.645389556884766	12.761299133300781
8	934	However,	5.624876022338867	6.089524269104004	5.693135738372803	5.653225898742676
8	935	some	4.4975810050964355	5.053198337554932	5.008089065551758	4.9733123779296875
8	936	modern	8.16015625	7.335346221923828	6.255658149719238	6.680985927581787
8	937	economists	9.115220069885254	8.496947288513184	6.844514846801758	5.996790885925293
8	938	have	2.754899740219116	2.2627787590026855	2.5085949897766113	1.74396812915802
8	939	proposed	8.613128662109375	5.172109127044678	5.238058090209961	4.460943222045898
8	940	rational	11.663858413696289	10.844600677490234	8.527301788330078	7.261028289794922
8	941	explanations,	9.47050952911377	8.269002914428711	6.529552459716797	8.443977355957031
8	942	rather	6.58912992477417	5.063405513763428	4.6844682693481445	5.06980562210083
8	943	than	0.5171272158622742	0.05102544650435448	0.04439392685890198	0.023708848282694817
8	944	a	2.786282777786255	2.5276551246643066	2.9787282943725586	3.312859058380127
8	945	speculative	10.541929244995117	10.853422164916992	9.004891395568848	8.193506240844727
8	946	mania,	13.677652359008789	10.838953018188477	10.576522827148438	10.608528137207031
8	947	for	5.047906398773193	4.288595199584961	4.282470226287842	3.77189302444458
8	948	the	1.8875508308410645	2.108635902404785	1.8783231973648071	1.846465826034546
8	949	rise	8.238987922668457	8.554503440856934	7.712960243225098	7.4469380378723145
8	950	and	3.429594039916992	3.3943865299224854	3.2958157062530518	2.7807724475860596
8	951	fall	9.046096801757812	1.9236927032470703	0.24152116477489471	0.3023010194301605
8	952	in	2.3079049587249756	1.6672518253326416	2.0560383796691895	4.064481735229492
8	953	prices.	12.530052185058594	8.220102310180664	9.78399658203125	6.54233980178833
8	954	For	4.106219291687012	4.285486698150635	4.4134111404418945	4.390921592712402
8	955	example,	1.4371542930603027	1.0751771926879883	0.9782304167747498	1.0454047918319702
8	956	other	7.652171611785889	7.474544525146484	7.943973064422607	7.944220542907715
8	957	flowers,	11.367531776428223	12.141204833984375	12.072684288024902	12.260616302490234
8	958	such	5.976140975952148	3.597123622894287	1.7095857858657837	1.2511190176010132
8	959	as	0.8127423524856567	0.06683693826198578	0.03352426365017891	0.013193916529417038
8	960	the	2.3149778842926025	1.9143729209899902	1.7960069179534912	1.8745392560958862
8	961	hyacinth,	17.8222599029541	17.459501266479492	16.109174728393555	9.114540100097656
8	962	also	6.320228576660156	6.629849910736084	5.789253234863281	6.185792922973633
8	963	had	4.596306800842285	6.522109508514404	5.188502788543701	5.450477600097656
8	964	high	7.987725257873535	6.58006477355957	6.745179653167725	7.437365531921387
8	965	prices	5.965344429016113	6.162835121154785	6.25600528717041	6.745210647583008
8	966	on	3.735600471496582	2.8789749145507812	2.9243834018707275	2.5772533416748047
8	967	the	1.3069698810577393	1.8744806051254272	2.189687490463257	2.0281906127929688
8	968	flower's	14.181625366210938	15.151917457580566	15.225508689880371	15.398125648498535
8	969	introduction,	11.242575645446777	11.555694580078125	12.78427505493164	10.936226844787598
8	970	which	3.5194473266601562	3.5970940589904785	3.4149787425994873	3.222616195678711
8	971	then	6.609036445617676	6.627862930297852	6.158281326293945	6.193641185760498
8	972	fell	7.517867088317871	6.572257995605469	7.194645881652832	7.888840198516846
8	973	dramatically.	10.14576244354248	10.878067970275879	11.202649116516113	10.957194328308105
8	974	The	2.172621965408325	1.9787745475769043	2.054892063140869	1.8916196823120117
8	975	high	8.044516563415527	7.14964485168457	7.404034614562988	7.405220985412598
8	976	prices	5.965344429016113	4.793503761291504	4.294668674468994	3.9353652000427246
8	977	may	5.280607223510742	5.601289749145508	4.536703586578369	4.7275238037109375
8	978	also	3.714016914367676	4.333897590637207	3.4551682472229004	2.4053568840026855
8	979	have	3.945103168487549	2.487762928009033	3.0343189239501953	2.6669349670410156
8	980	been	1.9701929092407227	3.7816288471221924	1.8563737869262695	1.7078323364257812
8	981	driven	7.1978583335876465	6.955852508544922	6.874427795410156	5.737184047698975
8	982	by	0.8535890579223633	1.2583154439926147	1.749587893486023	1.274722933769226
8	983	expectations	12.211528778076172	8.877692222595215	8.509279251098633	8.418899536132812
8	984	of	1.6044901609420776	1.4631034135818481	0.9804942607879639	1.0464203357696533
8	985	a	3.287022113800049	2.8918638229370117	2.754150867462158	2.5137734413146973
8	986	parliamentary	9.367034912109375	9.065366744995117	9.235394477844238	9.080709457397461
8	987	decree	9.080608367919922	8.319496154785156	8.703829765319824	9.837347030639648
8	988	that	1.8984116315841675	2.7017273902893066	2.3881986141204834	2.433112144470215
8	989	contracts	11.628628730773926	10.257800102233887	10.685911178588867	10.138252258300781
8	990	could	5.5939154624938965	4.484681606292725	3.9620277881622314	4.3267316818237305
8	991	be	1.4785027503967285	1.0305014848709106	0.6358048915863037	1.0404016971588135
8	992	voided	11.545656204223633	11.154134750366211	7.197537422180176	5.850724697113037
8	993	for	4.504302501678467	3.7179548740386963	3.2017083168029785	3.5477442741394043
8	994	a	2.6860671043395996	3.245110034942627	2.4176201820373535	2.4090490341186523
8	995	small	5.304818630218506	5.744598388671875	6.870853424072266	6.465946197509766
8	996	cost,	10.205397605895996	9.755414962768555	7.670351028442383	8.12271785736084
8	997	thus	7.032855987548828	6.8228559494018555	7.448355674743652	7.052342414855957
8	998	lowering	8.52268123626709	4.765899658203125	4.560394763946533	4.695397853851318
8	999	the	1.2237131595611572	0.7636827230453491	0.6362223029136658	0.5796338319778442
8	1000	risk	7.762571334838867	3.500689744949341	2.5969583988189697	3.94231915473938
8	1001	to	3.128046989440918	3.3553378582000732	3.575468063354492	4.1790452003479
8	1002	buyers.	14.0341215133667	11.328885078430176	11.30809497833252	11.514362335205078
8	1003	Despite	6.805455684661865	6.885169506072998	6.740841865539551	6.8892364501953125
8	1004	these	4.228524208068848	3.729583501815796	3.639198064804077	3.2079458236694336
8	1005	disagreements	10.523000717163086	8.927084922790527	10.03658676147461	9.932148933410645
8	1006	about	3.7322938442230225	4.057762622833252	3.164154529571533	3.2278668880462646
8	1007	whether	5.868901252746582	2.9462339878082275	3.3067264556884766	3.3524787425994873
8	1008	the	1.752374291419983	1.8808549642562866	1.7708467245101929	1.842733383178711
8	1009	phenomenon	9.80438232421875	8.697590827941895	8.88459300994873	8.688263893127441
8	1010	technically	11.813392639160156	12.485942840576172	11.62108325958252	11.398932456970215
8	1011	constituted	8.893670082092285	8.962234497070312	8.361186981201172	5.798759460449219
8	1012	an	2.913942813873291	3.3491318225860596	2.597338914871216	2.8247015476226807
8	1013	economic	6.416747093200684	5.874704837799072	5.430820465087891	5.748824119567871
8	1014	bubble,	9.972860336303711	7.4538397789001465	7.030116081237793	6.5600266456604
8	1015	the	2.7191596031188965	2.3791942596435547	2.848642110824585	2.9373767375946045
8	1016	term	7.451062202453613	7.24467658996582	7.804773330688477	7.4242844581604
8	1017	'tulip	16.732084274291992	14.672255516052246	14.356907844543457	14.242659568786621
8	1018	mania'	5.267662048339844	4.363315582275391	2.709728956222534	2.041135787963867
8	1019	is	3.0430803298950195	2.9730801582336426	2.0213801860809326	2.135514736175537
8	1020	still	4.699638366699219	4.807758808135986	4.404340744018555	4.525646686553955
8	1021	often	7.95427131652832	7.659775733947754	7.206748962402344	7.492062568664551
8	1022	used	4.030486583709717	3.852771759033203	2.6728105545043945	2.081328868865967
8	1023	metaphorically	11.865640640258789	10.498970985412598	10.712545394897461	10.716815948486328
8	1024	to	4.522784233093262	1.531657099723816	0.9577692151069641	0.8809888958930969
8	1025	refer	8.299263000488281	5.210432529449463	2.503676414489746	1.8771131038665771
8	1026	to	0.13169685006141663	0.2523251175880432	0.05288282781839371	0.04016951471567154
8	1027	any	6.2878804206848145	4.736451625823975	4.52353572845459	4.399499416351318
8	1028	large	7.510148048400879	7.029116630554199	7.5688676834106445	7.4463701248168945
8	1029	economic	7.2747602462768555	7.366884708404541	7.168109893798828	7.38154411315918
8	1030	bubble,	9.972860336303711	9.89216423034668	8.385233879089355	8.370049476623535
8	1031	when	5.331637859344482	5.434342861175537	5.823501110076904	5.871099948883057
8	1032	asset	13.566730499267578	9.351385116577148	6.176263809204102	6.443850040435791
8	1033	prices	6.806094646453857	1.0225070714950562	0.3502900302410126	0.28016528487205505
8	1034	deviate	11.823760986328125	11.028603553771973	8.518899917602539	8.778614044189453
8	1035	from	0.296592652797699	0.5472655892372131	0.4843127131462097	0.38361310958862305
8	1036	intrinsic	12.119030952453613	11.624777793884277	10.234162330627441	6.754383087158203
8	1037	values.	5.9449872970581055	6.476346969604492	3.8465487957000732	3.32503080368042
9	0	Tourette's	14.489249229431152	14.489249229431152	14.489249229431152	14.489249229431152
9	1	syndrome,	2.3733534812927246	2.3733534812927246	2.3733537197113037	2.3733537197113037
9	2	a	3.6120188236236572	2.6721155643463135	2.6721155643463135	2.6721155643463135
9	3	neurological	11.051148414611816	4.906909942626953	2.1744539737701416	2.1744539737701416
9	4	disorder	3.3595545291900635	1.3042718172073364	0.6237882375717163	0.40529415011405945
9	5	characterized	8.38672161102295	5.4068827629089355	4.069809913635254	2.256429433822632
9	6	by	0.7556622624397278	0.08082948625087738	0.020636342465877533	0.01562892645597458
9	7	repetitive,	15.291318893432617	10.075556755065918	7.982664585113525	6.786428451538086
9	8	involuntary	9.816391944885254	6.7017974853515625	5.455103874206543	3.9224488735198975
9	9	movements,	8.377087593078613	3.231642246246338	2.9888906478881836	2.3786416053771973
9	10	was	6.555940628051758	6.724709510803223	7.053365230560303	6.780850410461426
9	11	named	6.970704555511475	6.055649757385254	7.143233299255371	7.49229621887207
9	12	for	3.3937175273895264	3.7462210655212402	3.585280418395996	3.1669459342956543
9	13	Dr.	9.153782844543457	6.334136962890625	5.692573547363281	5.702554225921631
9	14	Georges	9.160348892211914	9.819698333740234	8.06562328338623	7.933222770690918
9	15	Gilles	11.270441055297852	9.712124824523926	9.772113800048828	10.409464836120605
9	16	de	2.2777533531188965	2.1006476879119873	1.7471201419830322	1.9214494228363037
9	17	la	1.8915669918060303	1.7491133213043213	0.839812695980072	0.5608469247817993
9	18	Tourette,	13.673689842224121	10.810636520385742	4.0862321853637695	3.873509407043457
9	19	the	3.6144585609436035	3.228430986404419	3.1750411987304688	2.4265599250793457
9	20	pioneering	11.022513389587402	10.323545455932617	9.808244705200195	9.362706184387207
9	21	French	8.492658615112305	6.814203262329102	5.6891255378723145	4.033792018890381
9	22	neurologist	11.048576354980469	7.252613067626953	6.944339752197266	2.8081471920013428
9	23	who	2.6094744205474854	3.1983933448791504	3.4907121658325195	2.667858600616455
9	24	first	7.5229339599609375	5.644620895385742	3.73360538482666	3.3472509384155273
9	25	described	7.9435906410217285	5.999840259552002	2.637948513031006	1.666468858718872
9	26	the	2.3082027435302734	2.8045907020568848	0.9079334139823914	0.8649877309799194
9	27	condition	8.596787452697754	7.13885498046875	5.692844867706299	5.336582183837891
9	28	in	3.153438091278076	3.8247976303100586	3.654557704925537	1.3202332258224487
9	29	an	4.468513011932373	4.536083221435547	5.153591156005859	3.3398962020874023
9	30	eighty-six-year-old	15.914156913757324	17.31069564819336	15.454655647277832	16.518712997436523
9	31	French	6.785269737243652	6.928020000457764	7.659128189086914	7.7443037033081055
9	32	noblewoman.	16.765705108642578	11.281840324401855	9.253421783447266	9.372719764709473
9	33	It	3.7315025329589844	3.697054386138916	3.845123767852783	3.7459421157836914
9	34	is	1.6737160682678223	1.3651057481765747	1.3623969554901123	1.4231951236724854
9	35	almost	6.315924167633057	5.928688049316406	5.862323760986328	5.791823387145996
9	36	always	3.688474178314209	2.1928305625915527	2.727725028991699	3.9438223838806152
9	37	in	4.946327209472656	3.507931709289551	3.9140477180480957	4.042857646942139
9	38	childhood	9.76714038848877	11.12163257598877	9.451517105102539	10.879105567932129
9	39	that	4.798516273498535	3.8820831775665283	2.9145054817199707	4.364758491516113
9	40	the	2.3350260257720947	3.3334462642669678	3.58272123336792	2.782593011856079
9	41	early	7.03384256362915	7.978684425354004	7.097426414489746	6.6870903968811035
9	42	symptoms	8.83989429473877	8.33088207244873	7.0446457862854	7.294688701629639
9	43	of	1.047486424446106	0.7116919755935669	0.3547329902648926	0.5423482656478882
9	44	Tourette's	15.424394607543945	8.4275541305542	8.689430236816406	8.70993709564209
9	45	are	6.159016132354736	4.756280422210693	2.825552463531494	2.9589037895202637
9	46	first	7.327251434326172	8.475811958312988	8.007553100585938	8.62037467956543
9	47	noticed,	12.431374549865723	9.437492370605469	8.606369018554688	8.243987083435059
9	48	with	4.9767584800720215	5.192576885223389	5.001164436340332	4.367812156677246
9	49	the	1.7403578758239746	1.8266749382019043	1.3990027904510498	1.5553326606750488
9	50	average	7.051507472991943	7.252286911010742	7.4774298667907715	7.739803314208984
9	51	onset	11.218100547790527	11.673995971679688	11.331048965454102	10.984206199645996
9	52	between	7.784276485443115	7.345160961151123	6.183550834655762	5.3294148445129395
9	53	the	1.4740252494812012	1.4698699712753296	1.903165578842163	1.7797679901123047
9	54	ages	9.775612831115723	5.4765706062316895	3.4866783618927	2.4348936080932617
9	55	of	1.6446201801300049	0.3763424754142761	0.032350845634937286	0.022598374634981155
9	56	seven	8.387792587280273	4.600961685180664	4.333610534667969	4.4159440994262695
9	57	and	4.693874835968018	4.524730205535889	0.24867698550224304	0.26021310687065125
9	58	ten	9.283896446228027	5.2014384269714355	5.909395694732666	3.360130548477173
9	59	years.	3.610511302947998	4.726006507873535	3.471186876296997	3.261674404144287
9	60	It	3.4655494689941406	3.3823771476745605	3.5339362621307373	3.4813342094421387
9	61	is	1.6737160682678223	1.5115175247192383	1.6021819114685059	1.414258599281311
9	62	estimated	8.172513961791992	5.625913619995117	4.2263383865356445	4.376309394836426
9	63	that	2.3751163482666016	1.2160192728042603	0.11324969679117203	0.11916808038949966
9	64	two	7.030013561248779	6.458705902099609	6.373743057250977	6.354091167449951
9	65	hundred	5.751180171966553	5.915546417236328	3.5770955085754395	3.755091428756714
9	66	thousand	3.1047580242156982	2.5885932445526123	2.4387805461883545	1.141504168510437
9	67	Americans	6.080822467803955	5.731000900268555	5.611058235168457	4.555881500244141
9	68	have	2.8348729610443115	1.8930929899215698	2.2066357135772705	2.305056571960449
9	69	the	3.343902111053467	3.402453660964966	6.199613094329834	5.774723529815674
9	70	most	4.979346752166748	4.036744594573975	3.5502095222473145	4.978823184967041
9	71	severe	7.486511707305908	6.403548240661621	6.062495708465576	5.42301082611084
9	72	form	6.701106071472168	3.309781074523926	2.7509756088256836	2.8507578372955322
9	73	of	0.7655907869338989	0.11618896573781967	0.11502701044082642	0.09675978869199753
9	74	Tourette's,	17.673343658447266	16.128337860107422	11.15177059173584	11.32042121887207
9	75	and	2.463839054107666	2.3481009006500244	2.599198818206787	2.5863773822784424
9	76	as	6.221829414367676	5.400647163391113	5.103681564331055	4.710358142852783
9	77	many	4.99940824508667	4.2088494300842285	4.151796817779541	4.2305908203125
9	78	as	5.902072429656982	1.227561116218567	0.9233465194702148	0.6223446130752563
9	79	one	5.0133538246154785	4.341344356536865	4.700291633605957	4.377758026123047
9	80	in	4.243618965148926	4.621720314025879	2.0652072429656982	1.6113626956939697
9	81	a	2.6917762756347656	2.947544574737549	2.241569757461548	3.3684892654418945
9	82	hundred	7.603544235229492	8.27015495300293	4.24683952331543	5.905503273010254
9	83	people	3.535198926925659	3.994749069213867	5.82534122467041	2.600006341934204
9	84	exhibit	12.377080917358398	11.429285049438477	11.868515968322754	12.178004264831543
9	85	milder	14.832806587219238	9.865011215209961	10.286802291870117	10.417684555053711
9	86	and	2.5954182147979736	4.02366828918457	4.783304691314697	5.911136150360107
9	87	less	7.547210693359375	2.6564366817474365	2.1670949459075928	1.6006429195404053
9	88	complex	6.9541826248168945	6.2906599044799805	5.896574020385742	6.41092586517334
9	89	symptoms	8.812042236328125	9.246801376342773	9.049795150756836	9.27924633026123
9	90	that	3.0531418323516846	2.7837672233581543	3.192842483520508	3.268557548522949
9	91	include	7.732655048370361	4.853079795837402	4.189265251159668	5.23531436920166
9	92	chronic	10.155031204223633	9.765752792358398	4.96734619140625	4.70202112197876
9	93	motor	10.650798797607422	8.235025405883789	8.298892974853516	9.969149589538574
9	94	and	4.228119850158691	4.004020690917969	3.0977730751037598	3.112915515899658
9	95	vocal	10.56188678741455	8.480525970458984	4.539368152618408	5.025264739990234
9	96	tics	10.599489212036133	9.88971996307373	7.934401512145996	4.04904842376709
9	97	or	2.6895813941955566	3.5557689666748047	4.793741226196289	4.423097133636475
9	98	transient	11.545367240905762	9.381523132324219	10.375173568725586	10.303303718566895
9	99	tics	12.355603218078613	11.367757797241211	2.0088047981262207	3.883629322052002
9	100	of	3.8699469566345215	3.457803726196289	3.3576529026031494	3.269113063812256
9	101	childhood.	12.30732536315918	9.030526161193848	8.329890251159668	8.436574935913086
9	102	For	4.732886791229248	4.361753940582275	4.481942653656006	4.298206806182861
9	103	the	2.517672300338745	2.1861724853515625	2.3290534019470215	2.6360421180725098
9	104	majority	6.94826078414917	5.623020648956299	4.558606147766113	4.215035915374756
9	105	of	0.37991100549697876	0.2370981127023697	0.05629467964172363	0.03206495940685272
9	106	people	5.624353885650635	3.4816434383392334	3.440889358520508	3.2085859775543213
9	107	diagnosed	9.829463958740234	8.481679916381836	7.856930732727051	7.263322830200195
9	108	with	1.559118628501892	0.10191702097654343	0.08891700208187103	0.06806626915931702
9	109	the	1.7403578758239746	2.7910594940185547	2.9764647483825684	2.823591470718384
9	110	disorder,	12.301685333251953	11.73161506652832	4.4311723709106445	4.006631851196289
9	111	Tourette's	10.098006248474121	10.387455940246582	10.351065635681152	10.592891693115234
9	112	is	4.561964988708496	4.231439113616943	2.347337245941162	2.6049718856811523
9	113	not	3.007038116455078	2.555798053741455	2.537346839904785	2.491609573364258
9	114	a	3.1330788135528564	2.0357768535614014	1.4737253189086914	1.4276002645492554
9	115	chronic	9.927496910095215	9.956615447998047	9.820897102355957	4.1369524002075195
9	116	condition	6.558797836303711	3.0166573524475098	3.3296284675598145	2.8352625370025635
9	117	with	4.31112813949585	3.8706612586975098	3.275473117828369	3.804398536682129
9	118	symptoms	9.958086013793945	6.209341049194336	3.748976707458496	3.343008518218994
9	119	lasting	9.556780815124512	6.015131950378418	4.942011833190918	5.441010475158691
9	120	a	4.531740188598633	2.7569849491119385	3.153730869293213	3.2460532188415527
9	121	lifetime.	10.392532348632812	5.849724769592285	5.855493068695068	6.3713579177856445
9	122	Rather	8.290475845336914	8.259421348571777	7.970911979675293	8.15303897857666
9	123	it	5.834807395935059	3.454719066619873	3.3466367721557617	3.3725063800811768
9	124	is	2.1171772480010986	0.9522325396537781	0.8876442909240723	0.9219686985015869
9	125	a	2.279606580734253	2.6495449542999268	2.047140121459961	1.597834825515747
9	126	condition	8.540703773498535	7.848736763000488	7.479928970336914	6.822571754455566
9	127	whose	8.611061096191406	7.695217132568359	7.29955530166626	8.278040885925293
9	128	severity	10.934704780578613	4.488346576690674	4.089053153991699	4.521329879760742
9	129	peaks	10.895903587341309	9.309784889221191	9.956097602844238	9.818875312805176
9	130	in	2.024261713027954	1.8409746885299683	2.569214344024658	2.2752366065979004
9	131	the	1.3865309953689575	1.065006136894226	0.8735573291778564	0.9371472597122192
9	132	early	7.03384256362915	5.061661243438721	4.57037353515625	2.5619759559631348
9	133	teens,	9.918002128601074	8.08742904663086	8.703147888183594	8.684581756591797
9	134	with	4.427799701690674	4.5050835609436035	4.551952362060547	4.603366374969482
9	135	improvement	11.122110366821289	11.52464485168457	11.046643257141113	11.255087852478027
9	136	occurring	10.458025932312012	6.91616153717041	4.0987396240234375	3.261528968811035
9	137	in	1.062833547592163	1.2178083658218384	1.430016040802002	1.8004183769226074
9	138	the	1.3865312337875366	1.2081496715545654	1.1142122745513916	1.2725913524627686
9	139	late	7.5230793952941895	5.847418785095215	5.851463317871094	5.661285400390625
9	140	teens	10.121021270751953	7.518097877502441	6.517434120178223	5.6560468673706055
9	141	and	2.414956569671631	1.2457404136657715	0.9635288715362549	0.7443230152130127
9	142	continuing	9.202739715576172	9.035991668701172	7.821938991546631	8.878857612609863
9	143	into	6.178229331970215	4.991701126098633	2.376572608947754	1.4464045763015747
9	144	adulthood.	10.7701416015625	6.147991180419922	5.4160919189453125	2.222902774810791
9	145	However,	4.481253623962402	4.355453014373779	4.169234275817871	4.176036357879639
9	146	approximately	9.773204803466797	8.388426780700684	8.222747802734375	7.856779098510742
9	147	ten	6.839470863342285	5.624648094177246	6.017125129699707	5.857882976531982
9	148	percent	4.044073581695557	3.6564183235168457	1.143943190574646	0.893557071685791
9	149	of	0.8045998811721802	0.6095641851425171	0.3023517429828644	0.14001406729221344
9	150	those	5.027412414550781	3.691401958465576	4.178810119628906	4.4978485107421875
9	151	affected	7.884535789489746	7.083468437194824	5.5818963050842285	5.8658366203308105
9	152	have	8.788972854614258	4.107372283935547	3.8404040336608887	3.022069215774536
9	153	a	2.3029873371124268	3.1279380321502686	3.486194610595703	3.830471992492676
9	154	progressive	8.912251472473145	9.202608108520508	8.837056159973145	8.877900123596191
9	155	or	5.951452255249023	5.534026145935059	4.813416481018066	4.753443717956543
9	156	disabling	10.290189743041992	12.897086143493652	13.635557174682617	12.912942886352539
9	157	course	9.132226943969727	10.2549467086792	9.273802757263184	8.339507102966309
9	158	that	2.8014039993286133	5.3932695388793945	6.072170257568359	4.502330780029297
9	159	lasts	9.91625690460205	9.873326301574707	7.121983051300049	7.353907585144043
9	160	into	6.185892105102539	5.316864013671875	5.065455913543701	6.449953556060791
9	161	adulthood.	10.770140647888184	5.559121608734131	4.480260372161865	3.8225412368774414
9	162	It	3.4887099266052246	3.6018686294555664	3.5185422897338867	3.3342204093933105
9	163	is	1.6737160682678223	1.1763527393341064	1.123425006866455	0.9688529968261719
9	164	not	3.007038116455078	2.583082437515259	2.486041307449341	2.5357775688171387
9	165	uncommon	9.039775848388672	6.321704387664795	4.165903091430664	2.9272353649139404
9	166	for	2.9445831775665283	1.0232261419296265	0.7727410197257996	0.43523603677749634
9	167	symptoms	10.733019828796387	9.915464401245117	9.44631290435791	8.906295776367188
9	168	to	4.306126594543457	4.41262149810791	0.32577890157699585	0.4678061604499817
9	169	be	2.8581483364105225	2.57079815864563	1.8973270654678345	1.8047988414764404
9	170	present	7.93705940246582	7.125147819519043	5.762187957763672	4.983962535858154
9	171	for	3.947360038757324	3.2360482215881348	2.843715190887451	3.6811280250549316
9	172	an	4.397432327270508	4.470176696777344	4.126823425292969	4.133297920227051
9	173	extended	6.349054336547852	4.382842540740967	3.1338043212890625	2.7483277320861816
9	174	period	6.2303924560546875	1.838042974472046	0.45827680826187134	0.42648279666900635
9	175	of	0.8675988912582397	0.34833091497421265	0.23403215408325195	0.21365319192409515
9	176	time	6.569288730621338	1.6089770793914795	1.1069025993347168	1.2489664554595947
9	177	before	4.730884552001953	3.5848889350891113	3.305159568786621	3.0392727851867676
9	178	a	3.6101512908935547	3.803292989730835	3.3574602603912354	3.233990430831909
9	179	formal	8.16577434539795	7.081007957458496	6.8618083000183105	7.427427291870117
9	180	diagnosis	7.91215181350708	6.736716270446777	6.710765361785889	6.551270484924316
9	181	of	1.4809678792953491	0.7517516016960144	0.6373147368431091	0.9097415804862976
9	182	Tourette's	15.424394607543945	7.406059741973877	7.300069808959961	7.1417670249938965
9	183	is	4.561964988708496	3.755793333053589	3.7948966026306152	3.797334671020508
9	184	obtained.	11.23503589630127	14.101500511169434	12.849383354187012	11.289520263671875
9	185	The	2.1030383110046387	2.029803991317749	2.264258861541748	2.0117509365081787
9	186	reasons	8.552040100097656	7.384919166564941	8.313141822814941	9.456079483032227
9	187	for	1.6755608320236206	0.8968216776847839	0.5748018026351929	0.5208850502967834
9	188	this	4.413958549499512	2.0699148178100586	1.0172699689865112	1.5782787799835205
9	189	are	6.529112815856934	7.0687456130981445	2.1044716835021973	0.9251025915145874
9	190	many	5.898609161376953	6.6949872970581055	5.99223518371582	4.193974494934082
9	191	and	5.611873626708984	6.283595085144043	5.133933067321777	2.251793146133423
9	192	may	7.092811584472656	5.935834884643555	6.626917839050293	6.27596378326416
9	193	include	5.55891227722168	4.353102684020996	4.110138893127441	2.4046924114227295
9	194	the	2.030503988265991	2.1473498344421387	2.402409076690674	2.7357020378112793
9	195	fact	6.2964091300964355	5.347723007202148	5.774457931518555	6.578231334686279
9	196	that	0.4399940073490143	0.16607366502285004	0.09088461101055145	0.08860233426094055
9	197	for	6.093999862670898	6.738822937011719	6.537404537200928	6.177427768707275
9	198	families	8.745650291442871	8.935656547546387	8.546182632446289	8.656944274902344
9	199	and	2.1740546226501465	2.0177175998687744	2.5311551094055176	3.666996479034424
9	200	physicians	10.929739952087402	10.041996002197266	8.299810409545898	8.112714767456055
9	201	unfamiliar	12.143545150756836	10.308283805847168	10.713315963745117	11.001531600952148
9	202	with	0.5817364454269409	0.058183521032333374	0.04451363533735275	0.043074626475572586
9	203	Tourette's,	14.565013885498047	15.633650779724121	14.24951171875	13.4996976852417
9	204	mild	7.20855712890625	7.956669330596924	9.42254638671875	9.278009414672852
9	205	and	2.6019134521484375	3.9252002239227295	4.2674102783203125	3.3705525398254395
9	206	even	6.0278520584106445	5.596317768096924	5.651849746704102	5.733380317687988
9	207	moderate	10.859098434448242	9.249628067016602	6.823875427246094	2.2664661407470703
9	208	tic	12.936062812805176	13.641669273376465	13.7254056930542	12.573715209960938
9	209	symptoms	9.334465026855469	5.180759906768799	5.198509216308594	5.521037578582764
9	210	may	5.2493391036987305	4.097307205200195	4.368568420410156	3.801687717437744
9	211	be	1.1380510330200195	1.1380494832992554	1.0914015769958496	1.0103408098220825
9	212	considered	5.2212815284729	4.963932037353516	5.251647472381592	5.259143829345703
9	213	inconsequential,	12.842071533203125	12.000473022460938	11.608561515808105	12.796123504638672
9	214	part	8.300992012023926	7.890954494476318	8.118279457092285	8.278310775756836
9	215	of	0.25894156098365784	0.0858757495880127	0.02344617247581482	0.017389966174960136
9	216	a	3.287022113800049	2.0387210845947266	1.5992600917816162	1.3695824146270752
9	217	developmental	10.388082504272461	10.382593154907227	9.51463508605957	9.357219696044922
9	218	phase,	8.167988777160645	5.482171058654785	5.261445045471191	4.773871421813965
9	219	or	4.426445484161377	4.6164231300354	3.9862213134765625	3.742413282394409
9	220	the	3.26246976852417	2.685288190841675	2.733255386352539	3.1872940063476562
9	221	result	7.3315534591674805	6.870429992675781	6.783346176147461	7.356578350067139
9	222	of	0.863627552986145	0.5374552011489868	0.10578424483537674	0.09407590329647064
9	223	another	7.237015247344971	7.301919937133789	6.8780717849731445	5.7636823654174805
9	224	condition.	10.967130661010742	9.49786376953125	9.377100944519043	9.980337142944336
9	225	For	4.32905387878418	3.9219753742218018	3.432741403579712	3.072694778442383
9	226	example,	1.4371542930603027	1.4160910844802856	1.041041374206543	0.6171920895576477
9	227	parents	9.257354736328125	8.402194023132324	8.108156204223633	7.580131530761719
9	228	may	5.230672836303711	2.5908777713775635	2.345482110977173	1.8258529901504517
9	229	think	6.064112663269043	5.165919303894043	4.863710403442383	4.831106662750244
9	230	that	2.351951837539673	1.6580920219421387	1.5220162868499756	1.07571542263031
9	231	eye	10.713154792785645	11.195369720458984	11.06272029876709	10.945890426635742
9	232	blinking	11.319183349609375	9.430939674377441	8.149700164794922	7.67410135269165
9	233	is	5.178210735321045	4.350551605224609	1.9904155731201172	0.906326413154602
9	234	related	8.021598815917969	7.437007427215576	6.242569923400879	4.895044803619385
9	235	to	0.5047555565834045	0.08242844045162201	0.0508454404771328	0.0644073635339737
9	236	vision	11.491573333740234	10.213624954223633	9.854856491088867	5.996072292327881
9	237	problems	9.200345039367676	5.317002296447754	3.9210267066955566	3.7078511714935303
9	238	or	4.8744378089904785	3.3418054580688477	2.8243865966796875	2.3856050968170166
9	239	that	5.248498916625977	5.2447404861450195	4.969827651977539	5.327563285827637
9	240	sniffing	14.01577091217041	14.589217185974121	14.755502700805664	13.551165580749512
9	241	is	5.842776298522949	3.708261489868164	3.1997456550598145	2.9620113372802734
9	242	related	8.021598815917969	6.3959269523620605	6.049013614654541	5.182915687561035
9	243	to	0.5047555565834045	0.08242844045162201	0.04852999746799469	0.03811459243297577
9	244	seasonal	12.792413711547852	9.518392562866211	9.028514862060547	8.182723999023438
9	245	allergies.	9.84797191619873	6.4258012771606445	5.735629081726074	6.650612831115723
9	246	There	4.29429817199707	4.429811477661133	4.554152965545654	4.286273956298828
9	247	are	0.9673796892166138	0.8180665373802185	0.8542383313179016	0.8050588369369507
9	248	many	5.898609161376953	2.519965171813965	2.137624502182007	2.1890833377838135
9	249	patients	6.998837947845459	7.925060272216797	8.597726821899414	7.6126708984375
9	250	who	2.5737740993499756	2.326479911804199	0.8694750070571899	0.877291202545166
9	251	are	2.9235785007476807	2.140327215194702	1.9894092082977295	1.7483075857162476
9	252	self-diagnosed	15.292941093444824	13.62594223022461	10.887895584106445	9.61413860321045
9	253	after	5.874050140380859	6.707050323486328	7.788418769836426	7.026895046234131
9	254	they,	11.664955139160156	12.138941764831543	11.300384521484375	11.457823753356934
9	255	their	4.58298397064209	3.834488868713379	2.684391975402832	2.8293893337249756
9	256	parents,	7.354267120361328	3.6894495487213135	3.344182252883911	2.33156418800354
9	257	other	6.861529350280762	6.854710578918457	6.088161468505859	6.66014289855957
9	258	relatives,	10.632299423217773	2.600999355316162	2.580648899078369	1.9821890592575073
9	259	or	3.528165340423584	3.3839869499206543	1.5629385709762573	1.0832374095916748
9	260	friends	8.947885513305664	4.1039581298828125	4.327311038970947	2.137044906616211
9	261	read	8.539093017578125	8.34715747833252	9.374896049499512	9.964366912841797
9	262	or	5.122697830200195	4.744442462921143	3.9285197257995605	3.6521124839782715
9	263	hear	9.171527862548828	3.1320576667785645	3.070385217666626	2.8324227333068848
9	264	about	3.3040013313293457	2.4999592304229736	2.730250835418701	1.7055301666259766
9	265	Tourette's	15.190132141113281	13.426539421081543	14.375840187072754	13.336152076721191
9	266	from	7.659305572509766	5.437247276306152	3.996695041656494	3.183095932006836
9	267	others.	9.261908531188965	8.739931106567383	8.091479301452637	5.75049352645874
9	268	Tics	15.633129119873047	15.635510444641113	8.549771308898926	9.10050106048584
9	269	are	3.2361743450164795	1.2606844902038574	1.2281054258346558	1.2695622444152832
9	270	classified	7.528071403503418	7.299096584320068	7.261746883392334	7.4670538902282715
9	271	as	1.275691270828247	0.5264182090759277	0.828081488609314	0.9126802682876587
9	272	either	8.072726249694824	5.128494739532471	4.682657241821289	3.811946392059326
9	273	simple	8.33370304107666	7.808930397033691	8.087878227233887	7.24394416809082
9	274	or	5.5480475425720215	2.8656134605407715	1.1894949674606323	0.6034293174743652
9	275	complex.	12.129572868347168	5.490322589874268	2.2924718856811523	2.1018295288085938
9	276	Simple	9.049312591552734	8.056757926940918	7.513851642608643	7.208776473999023
9	277	motor	10.957342147827148	9.235969543457031	9.134936332702637	10.36050033569336
9	278	tics	12.673372268676758	14.231642723083496	11.608247756958008	9.91093635559082
9	279	are	3.242827892303467	2.91864275932312	2.3500139713287354	1.8019894361495972
9	280	sudden,	13.045778274536133	11.033679962158203	11.111763000488281	11.072280883789062
9	281	brief,	9.939496040344238	7.599787712097168	6.149877548217773	5.957702159881592
9	282	repetitive	8.942105293273926	8.939552307128906	9.121564865112305	6.230452537536621
9	283	movements	6.803220748901367	5.708361625671387	4.886392116546631	3.530384063720703
9	284	that	3.2244813442230225	2.411728620529175	1.7920070886611938	1.6196496486663818
9	285	involve	9.486454010009766	6.519150257110596	5.033621788024902	5.1484198570251465
9	286	a	2.4649338722229004	2.491093873977661	2.729435443878174	2.536938190460205
9	287	limited	7.483148574829102	6.632325172424316	6.690027713775635	6.852882385253906
9	288	number	4.5886406898498535	1.3418481349945068	0.8798474073410034	1.013502597808838
9	289	of	0.28632652759552	0.048597998917102814	0.033268436789512634	0.011947992257773876
9	290	muscle	9.75108528137207	9.979584693908691	9.63232421875	10.399632453918457
9	291	groups.	7.915050506591797	6.460936069488525	4.379724502563477	3.764050245285034
9	292	Some	4.7483811378479	5.48645544052124	5.390728950500488	5.176040172576904
9	293	of	1.6212177276611328	1.3911651372909546	1.536278247833252	1.5870416164398193
9	294	the	1.4618616104125977	0.8047134876251221	0.9495595693588257	0.735102653503418
9	295	more	6.7454633712768555	6.848470211029053	4.033796310424805	3.4958035945892334
9	296	common	6.14398717880249	4.623140335083008	3.5173685550689697	3.0008890628814697
9	297	simple	9.75090217590332	10.96436595916748	9.235755920410156	9.329898834228516
9	298	tics	13.408618927001953	13.818588256835938	10.987594604492188	12.142090797424316
9	299	include	7.601635932922363	7.0059614181518555	6.363734245300293	4.948744297027588
9	300	eye	9.678253173828125	4.766108512878418	5.334573268890381	4.50564432144165
9	301	blinking,	13.209890365600586	9.029603958129883	3.153777599334717	3.912031888961792
9	302	facial	10.033353805541992	7.044219970703125	4.458871841430664	4.0060834884643555
9	303	grimacing,	15.050579071044922	9.851865768432617	8.547454833984375	7.129319190979004
9	304	shoulder	10.20149040222168	8.841002464294434	8.291796684265137	7.928531646728516
9	305	shrugging,	13.948173522949219	4.89619255065918	3.643885612487793	2.9460294246673584
9	306	and	2.8036863803863525	2.468649387359619	1.683623194694519	0.8776880502700806
9	307	head	8.243463516235352	8.220162391662598	7.754048824310303	4.30155086517334
9	308	or	4.344074249267578	7.344519138336182	7.878188133239746	8.183202743530273
9	309	shoulder	10.499258041381836	4.774230003356934	4.466287612915039	3.5476772785186768
9	310	jerking.	14.649507522583008	14.707846641540527	13.977193832397461	13.585350036621094
9	311	Simple	10.71756649017334	11.070592880249023	9.569211959838867	9.694090843200684
9	312	vocalizations,	17.252222061157227	13.75117301940918	12.585726737976074	12.159581184387207
9	313	which	3.15230393409729	3.7096335887908936	4.148405075073242	4.106718063354492
9	314	motor	11.446696281433105	12.45964241027832	13.191547393798828	11.392810821533203
9	315	tics	12.673372268676758	12.498391151428223	8.431236267089844	8.566948890686035
9	316	typically	8.760770797729492	7.746872425079346	6.198174953460693	5.680887222290039
9	317	precede,	15.109275817871094	10.162023544311523	9.621072769165039	9.800331115722656
9	318	might	8.614108085632324	8.49310302734375	9.176219940185547	9.325322151184082
9	319	include	6.416425704956055	6.567580223083496	6.312187671661377	6.824489593505859
9	320	repetitive	11.251640319824219	10.663187026977539	10.281449317932129	8.758882522583008
9	321	throat-clearing,	16.084060668945312	14.881903648376465	14.832634925842285	14.758034706115723
9	322	sniffing,	10.790384292602539	10.461174011230469	7.559234619140625	7.063268184661865
9	323	or	4.171038627624512	3.752828598022461	2.946932554244995	3.4984190464019775
9	324	grunting	14.194939613342285	9.723466873168945	6.723740100860596	5.444389343261719
9	325	sounds.	5.947103500366211	5.694344520568848	5.213197708129883	3.29276442527771
9	326	Complex	10.99472713470459	13.120004653930664	11.275117874145508	11.031448364257812
9	327	tics	15.204338073730469	10.641735076904297	8.156551361083984	9.178725242614746
9	328	are	3.242827892303467	2.8914928436279297	2.183821439743042	3.5772082805633545
9	329	distinct,	11.706571578979492	9.242636680603027	9.76805591583252	9.893678665161133
9	330	coordinated	9.149059295654297	10.669634819030762	9.884560585021973	9.376153945922852
9	331	patterns	10.34339714050293	7.799807548522949	5.219045162200928	3.446803569793701
9	332	of	1.6087061166763306	0.7203371524810791	0.305623322725296	0.35150474309921265
9	333	movement	9.788385391235352	6.585076808929443	5.204710483551025	4.711976528167725
9	334	that	3.796945095062256	3.9982845783233643	2.459860324859619	2.5957820415496826
9	335	involve	9.486454010009766	10.899084091186523	8.598206520080566	6.301262378692627
9	336	several	5.864758491516113	6.89521598815918	6.9052886962890625	6.1450605392456055
9	337	muscle	11.135871887207031	10.212556838989258	9.931560516357422	9.885308265686035
9	338	groups.	7.915050506591797	2.835902690887451	2.35237455368042	1.9076511859893799
9	339	Complex	11.319253921508789	9.893465995788574	9.773763656616211	9.11680793762207
9	340	motor	11.910032272338867	9.282587051391602	6.41325569152832	6.822719097137451
9	341	tics	12.673372268676758	11.885900497436523	8.787727355957031	10.462379455566406
9	342	might	6.934544563293457	6.289487361907959	6.290380477905273	5.504278182983398
9	343	include	6.416425704956055	5.891275405883789	5.56637716293335	4.953303337097168
9	344	facial	10.444096565246582	9.102560043334961	5.840152263641357	6.0731096267700195
9	345	grimacing	13.933252334594727	12.165489196777344	12.4430513381958	10.019495010375977
9	346	combined	12.462082862854004	9.686058044433594	9.06663990020752	9.091814041137695
9	347	with	1.0128182172775269	0.24790391325950623	0.04427928850054741	0.013136791065335274
9	348	a	2.2593159675598145	2.1611008644104004	1.6258447170257568	1.4778821468353271
9	349	head	8.027119636535645	7.265739440917969	8.282771110534668	7.323319435119629
9	350	twist	11.349565505981445	10.184889793395996	8.773284912109375	8.181160926818848
9	351	and	2.7016663551330566	2.0239999294281006	1.890169620513916	1.2493185997009277
9	352	a	3.965337038040161	3.2663559913635254	2.985046863555908	2.7103092670440674
9	353	shoulder	9.768641471862793	9.08266830444336	8.845480918884277	6.420368194580078
9	354	shrug.	11.541285514831543	7.2542338371276855	7.676033973693848	5.688488483428955
9	355	Other	8.386063575744629	8.007359504699707	8.185147285461426	7.770876884460449
9	356	complex	8.91602897644043	10.199478149414062	10.926308631896973	11.00822925567627
9	357	motor	9.713600158691406	8.230883598327637	8.539331436157227	6.711681365966797
9	358	tics	12.673371315002441	11.508970260620117	9.1910982131958	8.52428913116455
9	359	may	5.938295364379883	4.989321708679199	4.909559726715088	3.1529033184051514
9	360	actually	5.92311954498291	5.275245666503906	5.381277561187744	5.40217924118042
9	361	appear	7.046900749206543	6.7903852462768555	6.219500541687012	6.219155311584473
9	362	purposeful,	14.84745979309082	13.892152786254883	13.954228401184082	12.88757038116455
9	363	including	7.399203300476074	6.516934871673584	6.581159591674805	6.42928409576416
9	364	sniffing	13.835583686828613	12.408084869384766	12.589700698852539	12.635021209716797
9	365	or	5.795948028564453	4.737569808959961	4.695464611053467	4.500459671020508
9	366	touching	10.551578521728516	4.334547519683838	3.392167568206787	2.8481061458587646
9	367	objects,	10.383759498596191	8.075318336486816	7.852646827697754	7.018545150756836
9	368	hopping,	15.985177993774414	12.510510444641113	12.983550071716309	12.234338760375977
9	369	jumping,	4.978538513183594	2.9914755821228027	3.2003653049468994	3.3366100788116455
9	370	bending,	8.336910247802734	6.761303901672363	6.191651821136475	5.530734539031982
9	371	or	3.342839002609253	2.366788864135742	3.474926710128784	4.106622695922852
9	372	twisting.	14.740331649780273	7.123950004577637	4.589179039001465	4.323047637939453
9	373	Complex	11.283239364624023	11.06093978881836	10.609783172607422	10.430877685546875
9	374	vocal	13.753509521484375	10.162370681762695	10.722925186157227	10.716350555419922
9	375	tics	10.599489212036133	9.615294456481934	6.858219146728516	6.405384540557861
9	376	include	7.601635932922363	7.0547661781311035	6.094049453735352	6.473508834838867
9	377	words	8.289688110351562	7.623114585876465	7.207800388336182	7.553499698638916
9	378	or	4.394225597381592	3.7488317489624023	3.6106927394866943	4.247212886810303
9	379	phrases.	13.786758422851562	4.45213508605957	4.081438064575195	4.4216814041137695
9	380	Perhaps	6.485058307647705	6.758775234222412	6.6471123695373535	6.905947685241699
9	381	the	1.876418113708496	1.7539244890213013	1.7593270540237427	1.8360121250152588
9	382	most	4.979346752166748	1.528562307357788	1.2966424226760864	1.3177711963653564
9	383	dramatic	7.4114909172058105	6.076458930969238	4.798595905303955	5.630159854888916
9	384	and	3.4165096282958984	3.274991989135742	3.0798418521881104	3.399230718612671
9	385	disabling	11.475224494934082	11.77145767211914	10.75337028503418	10.398082733154297
9	386	tics	14.200660705566406	14.164138793945312	11.633983612060547	11.847883224487305
9	387	include	7.601635932922363	8.157781600952148	8.627180099487305	7.034712791442871
9	388	motor	10.698972702026367	6.337888717651367	5.381026268005371	7.479328632354736
9	389	movements	8.773429870605469	8.615829467773438	3.4451470375061035	4.651705265045166
9	390	that	3.2244813442230225	3.250501871109009	2.555872917175293	1.8339227437973022
9	391	result	8.528773307800293	7.056698799133301	5.358022212982178	5.246204376220703
9	392	in	1.5721590518951416	0.6663553714752197	0.7547562718391418	0.33593693375587463
9	393	self-harm	14.274799346923828	11.461214065551758	11.400360107421875	10.48508071899414
9	394	such	7.5754218101501465	7.210239410400391	6.370599746704102	6.26450777053833
9	395	as	0.8127423524856567	0.0838172659277916	0.0590381920337677	0.054519690573215485
9	396	punching	12.421916961669922	10.852824211120605	6.426704406738281	6.633827209472656
9	397	oneself	9.673834800720215	8.48501205444336	7.918142318725586	5.365711212158203
9	398	in	2.4553651809692383	0.9508717656135559	0.35033828020095825	0.5054067373275757
9	399	the	1.3865309953689575	1.22920823097229	0.2129145860671997	0.04114675521850586
9	400	face,	10.049543380737305	8.311914443969727	9.247156143188477	3.9846324920654297
9	401	or	4.465428352355957	4.011098861694336	3.725924253463745	3.309062957763672
9	402	vocal	11.055513381958008	10.234341621398926	10.43166732788086	12.320018768310547
9	403	tics	10.599489212036133	8.156611442565918	7.3678059577941895	7.650132656097412
9	404	including	7.548466682434082	6.814434051513672	6.724898815155029	7.561720848083496
9	405	coprolalia,	16.9956111907959	11.285284042358398	11.461698532104492	10.316014289855957
9	406	which	2.981935977935791	3.1804380416870117	4.822583198547363	4.48553466796875
9	407	involves	6.937783241271973	4.127307415008545	3.7830276489257812	3.7172412872314453
9	408	uttering	12.048330307006836	10.545638084411621	6.0528411865234375	5.000406265258789
9	409	swear	8.712149620056152	7.540639400482178	7.013010025024414	6.047792434692383
9	410	words,	7.419025421142578	1.9547451734542847	1.5878883600234985	1.832978367805481
9	411	or	5.01173734664917	3.5766799449920654	3.1726291179656982	3.0503480434417725
9	412	echolalia,	18.586673736572266	13.466280937194824	15.42664909362793	15.800731658935547
9	413	which	3.197542667388916	3.2279653549194336	3.406297206878662	4.335262298583984
9	414	involves	6.937783241271973	5.3462934494018555	5.804825782775879	5.686428546905518
9	415	repeating	9.826698303222656	7.8783674240112305	4.382482528686523	4.940231800079346
9	416	the	1.6721042394638062	1.0158699750900269	1.0825647115707397	1.8481056690216064
9	417	words	7.715640068054199	5.01336669921875	4.881841659545898	4.4830322265625
9	418	or	4.394225597381592	5.6399946212768555	5.409228324890137	4.396236419677734
9	419	phrases	11.637809753417969	2.4700355529785156	2.4130947589874268	2.014404058456421
9	420	of	2.388673782348633	3.102999687194824	3.773331642150879	3.3434367179870605
9	421	others.	9.171637535095215	9.536703109741211	8.474811553955078	8.059272766113281
9	422	Tics	15.633129119873047	15.7730712890625	15.755559921264648	15.361082077026367
9	423	are	3.2361743450164795	1.2606844902038574	1.2263646125793457	1.1470038890838623
9	424	often	5.348021030426025	4.468178749084473	3.2801108360290527	3.272327423095703
9	425	worse	8.640913963317871	7.719145774841309	6.936918258666992	7.105656147003174
9	426	with	4.5933356285095215	4.451955795288086	5.3019585609436035	4.6259307861328125
9	427	excitement	11.2740478515625	10.917375564575195	11.43649673461914	11.24863338470459
9	428	or	4.759207725524902	4.084568977355957	3.6663548946380615	3.3726041316986084
9	429	anxiety	10.0949068069458	5.373394012451172	4.8065996170043945	5.239828586578369
9	430	and	1.7798634767532349	2.8927507400512695	3.172151565551758	2.9740986824035645
9	431	better	7.769254684448242	8.49560546875	7.865969657897949	8.332592010498047
9	432	during	8.114792823791504	8.385763168334961	9.032723426818848	8.484492301940918
9	433	calm,	13.426504135131836	11.860075950622559	12.590654373168945	12.274734497070312
9	434	focused	6.777873516082764	6.223944664001465	5.013010025024414	5.157443046569824
9	435	activities.	12.380788803100586	11.486906051635742	8.399560928344727	6.321301460266113
9	436	Certain	8.70311450958252	8.402275085449219	8.472179412841797	8.248690605163574
9	437	physical	6.815134048461914	6.918183326721191	6.304811000823975	4.857831001281738
9	438	experiences	7.824647426605225	7.485367774963379	6.854642391204834	7.241467475891113
9	439	can	4.956323623657227	4.0889763832092285	2.0565667152404785	2.031586170196533
9	440	trigger	7.748248100280762	5.788773536682129	4.321880340576172	3.0963597297668457
9	441	or	4.9424052238464355	5.485705375671387	4.7521867752075195	4.198009490966797
9	442	worsen	11.355840682983398	10.842633247375488	6.887842655181885	3.9202592372894287
9	443	tics.	15.955072402954102	15.070040702819824	14.446938514709473	13.31798267364502
9	444	For	4.53031587600708	4.17083740234375	4.050002098083496	4.021186828613281
9	445	example,	1.4371542930603027	1.3525437116622925	1.1202178001403809	0.9925756454467773
9	446	tight	11.914226531982422	11.591150283813477	11.260893821716309	11.175819396972656
9	447	collars	11.005839347839355	8.569589614868164	8.029348373413086	8.028621673583984
9	448	may	5.208282470703125	5.579248428344727	3.349761486053467	3.0589733123779297
9	449	trigger	8.32555866241455	6.798239707946777	6.721182823181152	7.047188758850098
9	450	neck	11.686257362365723	11.431428909301758	8.690652847290039	8.39930248260498
9	451	tics,	13.751790046691895	13.050899505615234	9.864100456237793	8.372955322265625
9	452	or	3.4932217597961426	3.852605104446411	3.875643730163574	3.9438862800598145
9	453	hearing	9.373586654663086	5.715831279754639	5.98508882522583	7.0245361328125
9	454	another	7.2411041259765625	6.216605186462402	7.8231940269470215	8.406679153442383
9	455	person	4.687448024749756	3.9896905422210693	1.9590028524398804	0.7334815263748169
9	456	sniff	14.116676330566406	14.581767082214355	11.573606491088867	11.445276260375977
9	457	or	3.636291027069092	4.5958638191223145	4.073678016662598	3.6204071044921875
9	458	throat-clear	24.434288024902344	17.879125595092773	17.885284423828125	17.48032569885254
9	459	may	8.387982368469238	8.631065368652344	7.408434867858887	7.517084121704102
9	460	trigger	8.32555866241455	7.406530857086182	7.0058674812316895	6.665060997009277
9	461	the	1.8574455976486206	1.9481215476989746	2.0577549934387207	2.0581772327423096
9	462	production	8.07914924621582	6.67940092086792	6.577413082122803	4.255899429321289
9	463	of	1.7007337808609009	0.7873207926750183	0.16541650891304016	0.058712732046842575
9	464	similar	8.940232276916504	8.1767578125	8.161346435546875	7.79904317855835
9	465	sounds.	11.46229362487793	9.89190673828125	10.372977256774902	9.31258487701416
9	466	Tics	14.706762313842773	14.314305305480957	14.205205917358398	15.401516914367676
9	467	come	7.4339799880981445	5.248868942260742	5.532354354858398	5.5570478439331055
9	468	and	4.366362571716309	2.8634462356567383	0.9539283514022827	1.5402799844741821
9	469	go	7.044700622558594	2.2762179374694824	1.2326626777648926	1.07382071018219
9	470	over	5.031087875366211	4.418693542480469	5.500677585601807	4.057519912719727
9	471	time,	5.5980024337768555	7.826626300811768	8.73537826538086	3.7349958419799805
9	472	varying	11.324337005615234	9.942147254943848	9.978248596191406	10.164817810058594
9	473	in	4.153531074523926	2.8449881076812744	2.3061721324920654	2.467686891555786
9	474	type,	13.602534294128418	7.153979301452637	7.931375503540039	7.739299297332764
9	475	frequency,	9.812002182006836	7.657703399658203	4.817831039428711	4.371891021728516
9	476	location,	8.942330360412598	5.436972618103027	5.762001991271973	5.578858852386475
9	477	and	2.072065830230713	0.7636548280715942	1.0407042503356934	0.6696107387542725
9	478	severity.	14.15124797821045	14.72454833984375	9.220632553100586	8.54796028137207
9	479	The	2.176650285720825	2.046083927154541	1.9919488430023193	2.0560293197631836
9	480	first	4.465542793273926	4.5582404136657715	4.579967498779297	4.455914497375488
9	481	symptoms	10.8360013961792	9.055105209350586	6.014188289642334	6.704720973968506
9	482	Tourette's	15.404410362243652	16.40418243408203	16.949039459228516	16.70659065246582
9	483	patients	6.7613677978515625	5.841460227966309	5.448203086853027	3.2277956008911133
9	484	experience	8.56758975982666	5.8693132400512695	2.8455147743225098	1.7932320833206177
9	485	usually	9.408061981201172	9.803077697753906	8.579925537109375	6.583693504333496
9	486	occur	7.623331546783447	5.551071643829346	3.9369592666625977	3.4509148597717285
9	487	in	1.3080947399139404	1.0901854038238525	1.5642049312591553	1.508270263671875
9	488	the	1.3865312337875366	1.3892171382904053	1.485321283340454	1.0773184299468994
9	489	head	7.173526287078857	7.5379557609558105	8.191588401794434	7.744838714599609
9	490	and	2.5380711555480957	2.5006961822509766	1.725139856338501	1.5138338804244995
9	491	neck	10.708802223205566	3.7465455532073975	2.0903735160827637	2.644512891769409
9	492	area,	9.127809524536133	5.936465740203857	5.013298988342285	3.599024772644043
9	493	though	6.026853561401367	5.9981584548950195	5.932275772094727	6.147659778594971
9	494	they	2.987607479095459	3.176807165145874	3.6967172622680664	3.471618175506592
9	495	may	4.806103229522705	3.428062915802002	3.172077178955078	3.1345720291137695
9	496	progress	10.356843948364258	9.620884895324707	10.164276123046875	9.450382232666016
9	497	to	2.496217966079712	1.501845121383667	1.371388554573059	1.726189374923706
9	498	include	6.763903617858887	5.8358473777771	5.68617057800293	5.585024833679199
9	499	muscles	11.365785598754883	11.539390563964844	11.91576099395752	10.992538452148438
9	500	of	3.5596277713775635	2.823972225189209	2.9218716621398926	2.7227487564086914
9	501	the	1.4618616104125977	0.7852864861488342	0.586030125617981	0.3928317725658417
9	502	trunk	10.099982261657715	10.182479858398438	6.123788833618164	5.122171878814697
9	503	and	2.18239164352417	2.2797703742980957	1.8945492506027222	1.1460129022598267
9	504	extremities.	14.633428573608398	12.892627716064453	12.188363075256348	10.602788925170898
9	505	The	2.008410930633545	2.0468451976776123	1.8466596603393555	1.8213330507278442
9	506	symptoms	9.663196563720703	7.365869522094727	6.774701118469238	7.216477394104004
9	507	of	1.047486424446106	0.9521445035934448	1.3981467485427856	1.4335840940475464
9	508	Tourette's	15.424394607543945	8.4275541305542	8.820222854614258	10.313253402709961
9	509	are	6.159016132354736	4.756280422210693	2.825552463531494	1.6585266590118408
9	510	involuntary,	13.305185317993164	9.640290260314941	9.402029991149902	8.118715286254883
9	511	but	3.223848342895508	2.837672710418701	2.4728472232818604	2.533223867416382
9	512	there	4.257096290588379	4.21166467666626	3.997753143310547	3.7995874881744385
9	513	are	1.4943828582763672	1.2080422639846802	1.2381641864776611	0.8701778054237366
9	514	some	5.777917385101318	2.88525652885437	2.3698556423187256	2.4231724739074707
9	515	people	3.983365535736084	4.452891826629639	3.5458531379699707	4.149463176727295
9	516	who	2.1084210872650146	2.6070499420166016	0.47593748569488525	0.4681992530822754
9	517	can	4.383753776550293	4.361344337463379	4.744834899902344	4.0576372146606445
9	518	sometimes	7.09536600112915	7.570780277252197	7.643799781799316	6.924457550048828
9	519	suppress,	13.87501335144043	14.368544578552246	14.833185195922852	14.70356273651123
9	520	camouflage,	9.467930793762207	10.637663841247559	9.619709014892578	10.040176391601562
9	521	or	4.006837844848633	1.876233458518982	1.297834038734436	0.7691263556480408
9	522	otherwise	6.254465103149414	5.375997543334961	2.00447678565979	2.7881276607513428
9	523	manage	9.316853523254395	7.456210613250732	8.685334205627441	7.166732311248779
9	524	their	3.659379005432129	3.6875264644622803	3.3347339630126953	3.036447048187256
9	525	tics	14.861464500427246	13.64055061340332	13.579047203063965	15.258437156677246
9	526	in	3.130972385406494	4.097481727600098	3.1749682426452637	2.8926260471343994
9	527	an	4.468513011932373	4.684029579162598	3.6280605792999268	3.2457144260406494
9	528	effort	5.021510601043701	2.7888987064361572	2.031015396118164	1.534172534942627
9	529	to	0.6669716835021973	0.17612232267856598	0.028643988072872162	0.019085200503468513
9	530	minimize	8.481485366821289	6.715609550476074	5.738002300262451	5.7842936515808105
9	531	their	3.6189653873443604	3.754326581954956	3.9100561141967773	4.141787528991699
9	532	impact	8.84652042388916	3.4262356758117676	2.749634265899658	2.5512404441833496
9	533	on	1.3437914848327637	0.33905020356178284	0.40893155336380005	0.39011263847351074
9	534	functioning.	14.91634750366211	12.976907730102539	12.813037872314453	12.268152236938477
9	535	However,	4.471560478210449	4.749536514282227	4.03511905670166	4.154329776763916
9	536	people	6.240930080413818	6.031516075134277	5.637480735778809	6.128124237060547
9	537	affected	8.855560302734375	7.486839294433594	6.810525894165039	6.710280418395996
9	538	by	0.7617577910423279	0.2202294021844864	0.18232138454914093	0.2033282369375229
9	539	Tourette's	15.280054092407227	12.937315940856934	11.790693283081055	9.038386344909668
9	540	often	7.63736629486084	7.814877510070801	7.475516319274902	6.12116003036499
9	541	report	9.151691436767578	8.72819995880127	8.493103981018066	4.905711650848389
9	542	a	4.430490493774414	2.708167552947998	3.0502798557281494	3.1486411094665527
9	543	substantial	7.521031379699707	6.395540714263916	6.548030376434326	8.051647186279297
9	544	buildup	9.649364471435547	8.819978713989258	9.188535690307617	9.34456729888916
9	545	in	2.056143283843994	2.393479347229004	2.310857057571411	1.8147345781326294
9	546	tension	10.578533172607422	8.658219337463379	7.628824234008789	7.403629779815674
9	547	when	5.646595478057861	4.936575412750244	5.972692489624023	6.224360466003418
9	548	suppressing	11.533110618591309	11.163959503173828	11.231901168823242	11.260162353515625
9	549	their	3.7530503273010254	4.234723091125488	3.6498007774353027	3.6583478450775146
9	550	tics	14.861464500427246	13.044252395629883	11.522527694702148	10.236797332763672
9	551	to	3.74862003326416	3.854773998260498	4.288205146789551	4.149248123168945
9	552	the	2.329280376434326	2.21897292137146	2.358736991882324	2.235318422317505
9	553	point	7.050684928894043	5.197290420532227	3.2962777614593506	2.9604876041412354
9	554	where	4.438967704772949	1.7547094821929932	0.9603704214096069	1.0435680150985718
9	555	they	2.4395179748535156	2.8253180980682373	2.879242420196533	2.5136609077453613
9	556	often	6.7125444412231445	6.243007659912109	7.218121528625488	7.341750144958496
9	557	feel	6.504806995391846	4.94573974609375	5.43251895904541	3.7712512016296387
9	558	that	2.998321294784546	2.051978588104248	2.241243600845337	3.063833236694336
9	559	the	2.3350260257720947	2.1631064414978027	2.0405540466308594	2.037198066711426
9	560	tic	14.546674728393555	14.237815856933594	14.34526252746582	14.194764137268066
9	561	must	6.961674213409424	6.237172603607178	4.75311279296875	4.712172508239746
9	562	be	0.9842413663864136	0.7560774087905884	0.6303451657295227	0.6076326370239258
9	563	expressed.	11.511876106262207	10.201229095458984	9.319591522216797	9.269412994384766
9	564	Tics	15.720403671264648	15.277939796447754	15.760255813598633	7.2799906730651855
9	565	in	3.260429859161377	3.4506406784057617	3.666684150695801	3.7931957244873047
9	566	response	6.4611334800720215	5.612916469573975	4.397665500640869	4.955078125
9	567	to	0.742262065410614	0.06235092878341675	0.04051730036735535	0.0199971254914999
9	568	an	5.5229105949401855	3.7290914058685303	3.5678141117095947	3.950650215148926
9	569	environmental	7.547425746917725	7.179107666015625	6.020077228546143	6.524361610412598
9	570	trigger	12.07817268371582	10.342658042907715	10.752891540527344	9.306388854980469
9	571	can	7.138504981994629	5.025928974151611	4.524899005889893	4.677134037017822
9	572	appear	7.404958724975586	6.917876243591309	7.047935485839844	7.261927604675293
9	573	to	0.9086178541183472	2.3318119049072266	2.446272850036621	2.32615065574646
9	574	be	2.8581478595733643	0.626341700553894	1.0087469816207886	1.0592516660690308
9	575	voluntary	12.233529090881348	11.490755081176758	10.996773719787598	11.21127986907959
9	576	or	4.715608596801758	2.973445415496826	3.1468231678009033	3.107255220413208
9	577	purposeful,	16.82541275024414	12.490202903747559	12.610650062561035	12.324231147766113
9	578	but	3.1595559120178223	3.4852051734924316	3.0536980628967285	2.061258554458618
9	579	are	5.674566745758057	5.877767086029053	4.447998046875	4.219396591186523
9	580	not.	7.693484783172607	7.577998161315918	6.94401741027832	7.278562545776367
9	581	Many	6.362519264221191	5.6016621589660645	5.518218517303467	5.629236698150635
9	582	people	2.609038829803467	2.40824031829834	2.454296588897705	2.526930809020996
9	583	with	3.5490496158599854	4.629770278930664	4.406406402587891	4.002105712890625
9	584	Tourette's	12.743139266967773	9.776788711547852	7.548808574676514	7.271321773529053
9	585	experience	8.829225540161133	9.497217178344727	5.977341175079346	4.132707595825195
9	586	additional	9.893080711364746	11.41048812866211	10.125547409057617	6.612119197845459
9	587	neurobehavioral	14.858007431030273	14.54455852508545	11.500237464904785	10.720826148986816
9	588	problems	5.102283477783203	3.7854111194610596	5.080100059509277	3.2823193073272705
9	589	that	2.677283525466919	3.2472176551818848	3.2233223915100098	3.049429416656494
9	590	include	7.732655048370361	7.127601623535156	4.334711074829102	4.887811660766602
9	591	inattention,	17.211530685424805	15.545387268066406	10.278326988220215	6.026862144470215
9	592	hyperactivity	7.014484405517578	4.418462753295898	3.201272964477539	3.7716667652130127
9	593	and	2.051140546798706	0.6959292888641357	0.7796258926391602	0.4942735433578491
9	594	impulsivity.	14.882637023925781	4.714105606079102	3.523306369781494	2.8823413848876953
9	595	People	5.65684175491333	5.747664451599121	6.084322929382324	5.952190399169922
9	596	with	4.034195899963379	0.9582473635673523	0.8757427334785461	0.6519811749458313
9	597	Tourette's	12.743139266967773	8.897390365600586	8.224804878234863	7.6574225425720215
9	598	have	6.632943153381348	6.22287654876709	3.0236473083496094	2.845480442047119
9	599	also	5.658735275268555	4.211836338043213	4.5053887367248535	4.526543140411377
9	600	reported	6.122303485870361	4.959375858306885	5.3626909255981445	4.3898797035217285
9	601	problems	9.34083080291748	7.218722343444824	4.4227375984191895	4.323465824127197
9	602	with	2.20112943649292	0.5808091163635254	0.4424678087234497	0.36530694365501404
9	603	depression	9.990581512451172	9.642646789550781	9.807884216308594	9.747908592224121
9	604	or	3.5287258625030518	2.608337640762329	3.06288480758667	3.2337770462036133
9	605	anxiety	10.0949068069458	3.1455698013305664	1.8055131435394287	1.8578208684921265
9	606	disorders,	6.028505325317383	4.015730857849121	3.4624061584472656	3.7378411293029785
9	607	as	3.8317368030548096	4.108305931091309	3.547459363937378	3.4090754985809326
9	608	well	3.1267154216766357	0.7200987935066223	0.6803010106086731	0.4099656045436859
9	609	as	0.7283455729484558	0.11777180433273315	0.01528719998896122	0.014085160568356514
9	610	other	6.500310897827148	3.7518444061279297	3.878507614135742	3.029676675796509
9	611	difficulties	9.869430541992188	9.4842529296875	8.994386672973633	8.792889595031738
9	612	Tourette's	20.581296920776367	20.620014190673828	21.686662673950195	20.58934783935547
9	613	syndrome	1.6153390407562256	1.6229219436645508	2.793231725692749	3.8338184356689453
9	614	may	4.985751152038574	4.307919979095459	3.466536521911621	2.872532367706299
9	615	or	7.9184346199035645	5.529699802398682	5.317469596862793	5.470772743225098
9	616	may	7.403779029846191	0.05307237431406975	0.007721681613475084	0.005178793333470821
9	617	not	2.3550591468811035	1.6091041564941406	0.009883907623589039	0.0032869307324290276
9	618	directly	7.341865539550781	7.275634765625	7.829155921936035	7.996181964874268
9	619	cause.	14.299489974975586	10.96213436126709	10.91830825805664	10.467711448669434
9	620	Tourette's	14.448896408081055	14.768927574157715	14.008429527282715	12.949501991271973
9	621	is	4.561964988708496	1.1944502592086792	1.0179431438446045	1.118422508239746
9	622	a	2.279606580734253	1.5938527584075928	1.0419304370880127	1.0408048629760742
9	623	diagnosis	10.327234268188477	10.863441467285156	5.83695125579834	6.818849086761475
9	624	doctors	10.663588523864746	11.06330680847168	8.60717487335205	6.6322808265686035
9	625	make	6.240104675292969	6.181823253631592	4.61433219909668	2.820979118347168
9	626	after	9.228800773620605	7.862025737762451	5.287468910217285	3.8663854598999023
9	627	verifying	10.228094100952148	9.015691757202148	8.94305419921875	7.195923328399658
9	628	that	2.5832085609436035	1.3970075845718384	1.4911611080169678	1.4190475940704346
9	629	the	2.3350260257720947	1.1622025966644287	0.9450429081916809	0.9391968250274658
9	630	patient	8.846006393432617	7.199579238891602	6.554001808166504	6.367036819458008
9	631	has	4.041903018951416	3.333038806915283	2.576484203338623	1.447913408279419
9	632	had	4.818243026733398	3.999319076538086	3.851936101913452	3.667349100112915
9	633	both	7.203282356262207	6.739413261413574	6.509448051452637	6.486057281494141
9	634	motor	10.06070613861084	10.820950508117676	10.416342735290527	8.273157119750977
9	635	and	4.228119850158691	1.2501192092895508	1.230355143547058	0.9138580560684204
9	636	vocal	10.561887741088867	8.480525970458984	5.373642444610596	4.121650695800781
9	637	tics	10.599489212036133	9.88971996307373	7.934401512145996	7.520195484161377
9	638	for	4.6887688636779785	4.681982040405273	4.797635078430176	4.784366607666016
9	639	at	6.961686611175537	5.863945960998535	6.768179416656494	6.480326175689697
9	640	least	2.649752378463745	0.03148386999964714	0.017814913764595985	0.035656023770570755
9	641	one	2.6017608642578125	2.206284999847412	2.415482997894287	2.8631174564361572
9	642	year.	7.5224809646606445	7.426268577575684	7.501737594604492	3.69496488571167
9	643	The	2.1077094078063965	2.0921154022216797	2.0419187545776367	2.0767786502838135
9	644	existence	8.442493438720703	9.243768692016602	9.160832405090332	8.879419326782227
9	645	of	0.5932794809341431	0.07387395948171616	0.04187726974487305	0.04694000259041786
9	646	other	5.7770466804504395	5.0019941329956055	5.214902400970459	5.4792656898498535
9	647	neurological	10.401308059692383	9.920539855957031	10.043619155883789	9.459951400756836
9	648	or	5.10996675491333	4.2201714515686035	4.957079887390137	4.177567005157471
9	649	psychiatric	10.757230758666992	2.602454662322998	1.1272361278533936	0.8560157418251038
9	650	conditions	4.653472900390625	3.7005209922790527	2.6379072666168213	2.4468014240264893
9	651	can	4.627464294433594	4.045138359069824	4.490847587585449	4.046895503997803
9	652	also	3.6435747146606445	3.5649471282958984	3.2845473289489746	3.025294542312622
9	653	help	6.1329498291015625	4.374647617340088	4.392800331115723	4.637767314910889
9	654	doctors	8.69810962677002	7.839430332183838	7.889632225036621	7.4918389320373535
9	655	establish	9.873135566711426	6.800556182861328	6.266302585601807	6.198967933654785
9	656	the	1.701681137084961	1.9924890995025635	1.8332334756851196	1.875977873802185
9	657	diagnosis	10.604787826538086	9.684002876281738	4.416379928588867	3.8390941619873047
9	658	of	1.4809677600860596	0.6752967238426208	0.6889941096305847	0.7913327217102051
9	659	Tourette's	15.424394607543945	7.406059741973877	7.351167678833008	7.07918119430542
9	660	is	4.561964988708496	3.755793333053589	3.7948966026306152	3.722698926925659
9	661	the	2.8239450454711914	3.141331195831299	3.092214345932007	3.893214225769043
9	662	correct	8.405181884765625	6.732089042663574	7.568309783935547	8.105403900146484
9	663	one.	7.839086532592773	5.662691116333008	4.602025032043457	5.5398783683776855
9	664	Knowledgeable	14.267496109008789	13.34994888305664	13.893951416015625	13.776639938354492
9	665	clinicians	11.06983757019043	7.603013038635254	7.6462860107421875	7.828800201416016
9	666	consulted	9.058971405029297	9.051867485046387	8.60033893585205	8.947823524475098
9	667	by	2.459089756011963	2.4108386039733887	1.838767647743225	1.9277970790863037
9	668	patients	9.263208389282227	9.016854286193848	6.157615661621094	4.112952709197998
9	669	do	6.0288286209106445	8.43492603302002	9.509685516357422	7.572784900665283
9	670	not	1.7516671419143677	0.47082284092903137	0.30272534489631653	0.3253253400325775
9	671	often	7.730135917663574	7.336549282073975	6.297982215881348	6.514291286468506
9	672	misdiagnose	14.342216491699219	17.724586486816406	14.582967758178711	11.046443939208984
9	673	common	6.691718101501465	6.783811092376709	7.310383319854736	6.807093620300293
9	674	tics.	14.572977066040039	13.727768898010254	13.05661392211914	12.224695205688477
9	675	However,	4.975696563720703	4.67612361907959	4.663566589355469	4.546161651611328
9	676	atypical	13.366517066955566	11.663644790649414	10.996712684631348	9.45625114440918
9	677	symptoms	4.910277843475342	5.210621356964111	3.7554287910461426	4.009398937225342
9	678	or	4.138006687164307	3.8496365547180176	4.823091506958008	5.003283500671387
9	679	atypical	13.709956169128418	8.957801818847656	5.3089094161987305	6.423971176147461
9	680	presentation	7.283036231994629	7.108095169067383	6.620907783508301	4.362205505371094
9	681	such	7.782156467437744	6.257924556732178	5.728620529174805	5.028573989868164
9	682	as	0.8127424716949463	0.2050706446170807	0.0593559704720974	0.049925826489925385
9	683	onset	14.247943878173828	12.978561401367188	13.688770294189453	8.00396728515625
9	684	of	0.19543275237083435	0.587672770023346	0.44791853427886963	0.5985291004180908
9	685	symptoms	10.081674575805664	4.105137825012207	2.714867115020752	3.3363723754882812
9	686	in	3.3258261680603027	2.7390389442443848	2.0621490478515625	2.837838888168335
9	687	adulthood	10.71351432800293	7.539435386657715	7.792418956756592	7.230788230895996
9	688	may	6.10126256942749	4.327670097351074	3.507608413696289	3.76961612701416
9	689	require	5.200883865356445	4.89478874206543	4.996908187866211	4.943356513977051
9	690	specialty	10.794083595275879	10.77196979522705	10.812106132507324	9.984733581542969
9	691	expertise	8.593188285827637	6.224936008453369	6.201948165893555	7.499110221862793
9	692	for	3.489421844482422	3.928617000579834	3.6034059524536133	3.453791379928589
9	693	diagnosis.	13.555139541625977	11.756790161132812	13.403818130493164	9.17192268371582
9	694	There	4.292250633239746	4.394623756408691	4.506862640380859	4.762462615966797
9	695	are	0.9673796892166138	1.1850922107696533	1.079817771911621	1.0129647254943848
9	696	no	4.647318363189697	2.652125358581543	2.2091381549835205	2.154269218444824
9	697	blood	8.247291564941406	8.648904800415039	8.53148365020752	6.629342079162598
9	698	or	4.1791181564331055	2.3886377811431885	3.2386634349823	3.3802099227905273
9	699	laboratory	11.336038589477539	10.96307373046875	11.769591331481934	11.232003211975098
9	700	tests	4.281931400299072	3.0522985458374023	2.102011203765869	3.403573989868164
9	701	needed	8.267722129821777	8.621883392333984	7.151463985443115	6.722281455993652
9	702	for	2.3869354724884033	2.142961263656616	2.1980717182159424	1.698444128036499
9	703	diagnosis.	13.555139541625977	11.30403995513916	8.216442108154297	7.037291526794434
9	704	However,	4.431883335113525	4.085296630859375	4.098647117614746	4.3118205070495605
9	705	neuroimaging	13.623858451843262	9.839334487915039	8.935669898986816	8.783260345458984
9	706	studies,	3.608004093170166	5.154653549194336	4.82581090927124	4.84996223449707
9	707	which	3.250669002532959	2.837881088256836	2.067654609680176	2.1056065559387207
9	708	include	6.32061767578125	4.413422584533691	5.304474830627441	4.727819442749023
9	709	magnetic	10.856894493103027	10.661347389221191	9.34187126159668	5.370684623718262
9	710	resonance	4.0434064865112305	2.4566164016723633	1.5431796312332153	0.0545542910695076
9	711	imaging,	10.93216609954834	2.7222936153411865	1.7454733848571777	1.3459224700927734
9	712	computerized	9.68239688873291	9.173266410827637	9.68280029296875	7.184216022491455
9	713	tomography,	8.303955078125	0.6455551385879517	0.4497230648994446	0.3772047162055969
9	714	and	2.088989496231079	2.3938920497894287	1.3568546772003174	1.2606672048568726
9	715	electroencephalograms,	20.261613845825195	12.47525405883789	11.919366836547852	11.7296724319458
9	716	as	4.208668231964111	3.3022024631500244	2.915553092956543	3.278165817260742
9	717	well	3.1267154216766357	0.7300927042961121	0.2634396553039551	0.24998924136161804
9	718	as	0.7283455729484558	0.11777180433273315	0.011918077245354652	0.010828180238604546
9	719	certain	7.866917133331299	7.260310173034668	7.067494869232178	6.755189418792725
9	720	lab	11.852291107177734	11.319209098815918	9.902482986450195	9.772802352905273
9	721	tests	5.481574058532715	2.7028985023498535	2.1289544105529785	2.340850591659546
9	722	may	5.449180603027344	5.873637676239014	5.374674320220947	4.147241115570068
9	723	be	1.1380510330200195	1.0893537998199463	1.3039743900299072	0.8026406764984131
9	724	used	3.881664276123047	3.7574613094329834	2.6452908515930176	2.774139404296875
9	725	to	1.3023784160614014	1.1288137435913086	1.0409278869628906	0.6029907464981079
9	726	rule	8.641706466674805	8.021759033203125	7.998651504516602	8.089544296264648
9	727	out	4.139714241027832	1.4220833778381348	3.156379222869873	2.094878673553467
9	728	other	6.910220146179199	4.995455265045166	4.700930595397949	4.1514787673950195
9	729	conditions	7.314336776733398	7.594368934631348	6.423928260803223	6.382394790649414
9	730	that	2.5696494579315186	2.3863227367401123	1.9568870067596436	1.521606206893921
9	731	Tourette's	16.050678253173828	18.180477142333984	17.644392013549805	17.331090927124023
9	732	might	8.261935234069824	5.5281081199646	4.645324230194092	4.928596496582031
9	733	be	1.221409559249878	1.0062973499298096	0.7960969805717468	1.7761164903640747
9	734	confused	7.463050365447998	6.610570430755615	7.658019542694092	8.375904083251953
9	735	with.	7.279362678527832	6.456239223480225	7.204565048217773	5.012763977050781
9	736	In	3.813770294189453	3.4187703132629395	3.3244330883026123	3.3186593055725098
9	737	terms	4.9930219650268555	5.104338645935059	5.488049507141113	5.432555675506592
9	738	of	0.4071657061576843	0.00674206530675292	0.006295874714851379	0.007275884505361319
9	739	the	1.4618616104125977	1.8891288042068481	2.208460807800293	2.187797784805298
9	740	role	7.623854637145996	8.93887996673584	7.521166801452637	6.451864242553711
9	741	of	1.5531232357025146	0.3134157061576843	0.613252580165863	0.5907504558563232
9	742	genes	9.967538833618164	7.237381458282471	8.399286270141602	7.128351211547852
9	743	in	2.961684226989746	2.7360496520996094	0.8062074780464172	0.6472855806350708
9	744	the	1.3865309953689575	1.2377318143844604	1.0228018760681152	1.700191855430603
9	745	disorder,	12.301685333251953	12.990910530090332	11.694609642028809	11.382238388061523
9	746	evidence	9.91938304901123	9.292214393615723	9.074420928955078	8.65696907043457
9	747	from	3.5943164825439453	2.8481297492980957	3.159355401992798	3.274254560470581
9	748	twin	11.433186531066895	9.268367767333984	5.06227970123291	5.68877649307251
9	749	and	3.5342459678649902	4.773947715759277	2.960683584213257	1.3623430728912354
9	750	family	8.075701713562012	7.448747634887695	6.108656406402588	1.3834247589111328
9	751	studies	9.169683456420898	8.259117126464844	7.3866071701049805	3.257089138031006
9	752	suggests	7.108354568481445	7.141109943389893	7.225125789642334	5.095955848693848
9	753	that	0.5367621183395386	0.27671244740486145	0.29811322689056396	0.2972067892551422
9	754	Tourette's	16.050678253173828	13.846802711486816	12.442901611328125	12.230972290039062
9	755	is	4.561964988708496	1.6619415283203125	1.4988584518432617	1.7529890537261963
9	756	an	3.927283525466919	3.521495819091797	3.3330278396606445	3.0381240844726562
9	757	inherited	10.436590194702148	9.275602340698242	4.254694938659668	3.091686964035034
9	758	disorder.	11.335988998413086	6.671820640563965	6.869980335235596	3.087576389312744
9	759	Although	4.954133033752441	5.134036540985107	5.144813060760498	5.008048057556152
9	760	early	7.715021133422852	6.704268455505371	6.832155227661133	7.034713268280029
9	761	family	9.143569946289062	8.613408088684082	7.294778347015381	6.826984882354736
9	762	studies	9.169683456420898	7.129356861114502	2.272860050201416	2.8354549407958984
9	763	suggested	6.650521278381348	7.96185827255249	6.237791538238525	2.1175522804260254
9	764	an	5.625631332397461	4.562672138214111	4.526939392089844	4.071547508239746
9	765	autosomal	14.13821792602539	12.556988716125488	10.052104949951172	8.932836532592773
9	766	dominant	2.2778854370117188	0.4819709062576294	0.6873751878738403	0.3151175379753113
9	767	mode	6.783504009246826	4.992561340332031	5.366326332092285	3.8911805152893066
9	768	of	2.149902820587158	0.28673723340034485	0.422011137008667	0.2739865779876709
9	769	inheritance	11.59579086303711	8.601917266845703	7.661123275756836	0.9153974056243896
9	770	characterized	12.705838203430176	12.25897216796875	10.801339149475098	8.687369346618652
9	771	the	2.632415294647217	2.974923610687256	1.985344648361206	3.2121498584747314
9	772	condition,	11.67881965637207	10.579473495483398	8.833956718444824	9.40920639038086
9	773	more	7.3544697761535645	7.579793930053711	7.299753189086914	7.396439552307129
9	774	recent	6.004633903503418	6.108033657073975	6.058115005493164	5.386964797973633
9	775	studies	3.944538116455078	3.890727996826172	2.1686413288116455	2.002222776412964
9	776	discovered	7.917325019836426	8.463768005371094	8.54955768585205	8.488900184631348
9	777	the	2.353764295578003	3.0411911010742188	3.2093851566314697	3.18965220451355
9	778	pattern	9.077530860900879	7.401928424835205	7.0804057121276855	7.713891983032227
9	779	of	1.3832758665084839	1.3911964893341064	1.0419398546218872	0.9338521957397461
9	780	inheritance	11.59579086303711	9.344545364379883	8.48646354675293	8.480047225952148
9	781	was	4.5833892822265625	4.376703262329102	4.596942901611328	4.605199813842773
9	782	much	6.28249454498291	5.959001064300537	5.773415565490723	5.734903335571289
9	783	more	1.9885751008987427	1.1630284786224365	1.0490806102752686	1.2437825202941895
9	784	complex.	8.549948692321777	6.578152656555176	6.495436668395996	5.423397064208984
9	785	Although	5.991567611694336	6.152867317199707	6.1584014892578125	5.738822937011719
9	786	there	3.3787577152252197	3.0053865909576416	3.096871852874756	3.0559215545654297
9	787	may	5.200221061706543	4.120499610900879	3.6972718238830566	3.8304104804992676
9	788	be	1.138051152229309	0.26572325825691223	0.19398555159568787	0.17903633415699005
9	789	a	2.672325849533081	2.812333106994629	1.5532162189483643	1.9997882843017578
9	790	few	4.033159255981445	5.460506439208984	4.8856353759765625	3.35495662689209
9	791	genes	10.165121078491211	9.471879005432129	9.593487739562988	8.860772132873535
9	792	that	2.99600887298584	1.5720173120498657	1.2488584518432617	0.7924193143844604
9	793	have	5.181549549102783	2.8082633018493652	2.880810022354126	2.9740631580352783
9	794	substantial	9.507698059082031	8.606353759765625	8.77648639678955	7.684032917022705
9	795	effects,	9.144600868225098	7.888237953186035	7.895137786865234	7.034544944763184
9	796	it's	5.6951704025268555	5.999197483062744	5.709470748901367	6.164355278015137
9	797	also	4.469113349914551	3.572553873062134	3.687135934829712	3.6516175270080566
9	798	possible	7.0139594078063965	3.449784755706787	3.004727602005005	2.5550312995910645
9	799	that	3.0961661338806152	1.106527328491211	1.0087014436721802	0.8991021513938904
9	800	many	6.06129264831543	5.409214019775391	5.366888523101807	5.262829303741455
9	801	genes	9.519195556640625	9.322958946228027	8.265427589416504	7.507837772369385
9	802	with	4.763113021850586	4.071078777313232	5.085132122039795	4.6400861740112305
9	803	smaller	8.85171890258789	7.511030197143555	7.438458442687988	7.495361328125
9	804	effects	8.942978858947754	7.194399833679199	5.243337631225586	2.0198252201080322
9	805	and	3.285346269607544	3.247626781463623	2.7999119758605957	3.153430938720703
9	806	environmental	8.308648109436035	6.509127616882324	9.12788200378418	9.549617767333984
9	807	factors	4.638761043548584	3.990053176879883	2.383190631866455	2.803276538848877
9	808	may	5.175887107849121	4.2858567237854	3.5910654067993164	3.3736772537231445
9	809	play	6.845433712005615	3.5478062629699707	2.671492576599121	2.5320327281951904
9	810	a	2.535421848297119	0.6528012156486511	0.20515160262584686	0.16899296641349792
9	811	role	7.505312919616699	2.2348852157592773	1.1269590854644775	0.6202088594436646
9	812	in	0.8079681396484375	0.5448938608169556	0.11450916528701782	0.11595383286476135
9	813	the	1.3865309953689575	1.1114763021469116	1.104831337928772	1.320400595664978
9	814	development	7.508615970611572	7.479021072387695	3.699812889099121	3.529813528060913
9	815	of	1.4606585502624512	0.2609192728996277	0.22163082659244537	0.10329186916351318
9	816	Tourette's.	18.328838348388672	16.055076599121094	15.505889892578125	14.692770004272461
9	817	Genetic	9.290870666503906	8.892223358154297	8.028828620910645	7.691136360168457
9	818	studies	5.703359603881836	2.5226478576660156	2.5678420066833496	2.3056559562683105
9	819	also	5.8853230476379395	4.516262054443359	3.77831768989563	3.652665138244629
9	820	suggest	6.431780815124512	2.285891056060791	1.9749224185943604	1.47049880027771
9	821	that	0.6140091419219971	0.5659539699554443	0.23495452105998993	0.24965354800224304
9	822	some	5.862247943878174	4.656285285949707	4.381691932678223	4.503870487213135
9	823	forms	7.492458343505859	6.9190287590026855	5.999321937561035	5.609233856201172
9	824	of	0.6808715462684631	0.12491723895072937	0.06787891685962677	0.05772639438509941
9	825	Attention	12.06405258178711	12.55551528930664	11.66772174835205	12.401968955993652
9	826	Deficit	9.169069290161133	2.905261754989624	0.6816016435623169	0.17586380243301392
9	827	Hyperactivity	12.09572696685791	0.5657398700714111	0.1276923418045044	0.12763303518295288
9	828	Disorder	1.535947322845459	0.48961934447288513	0.35188040137290955	0.39492008090019226
9	829	and	2.423133373260498	2.287555456161499	2.643422842025757	3.181612014770508
9	830	Obsessive	15.331903457641602	7.316870212554932	6.072783470153809	6.273819446563721
9	831	Compulsive	0.9898656010627747	0.45210301876068115	0.07080164551734924	0.05262834206223488
9	832	Disorder	2.935678482055664	0.6187320947647095	0.806549072265625	0.7427265644073486
9	833	are	5.881454944610596	6.052549362182617	5.657999038696289	3.8634462356567383
9	834	genetically	10.030959129333496	8.46950626373291	7.914000511169434	7.925290584564209
9	835	related	6.9071149826049805	4.063876628875732	3.672351360321045	3.634868621826172
9	836	to	0.5047555565834045	0.6144301295280457	0.5345931053161621	0.41570496559143066
9	837	Tourette's,	18.59226417541504	14.444485664367676	14.005187034606934	13.818252563476562
9	838	but	3.4752731323242188	2.650238275527954	2.761072874069214	2.5275022983551025
9	839	there	4.257096767425537	4.302529335021973	4.153872489929199	3.7778396606445312
9	840	is	1.4194005727767944	1.202170729637146	1.2099207639694214	1.134208083152771
9	841	less	6.1218695640563965	5.937260627746582	6.282646179199219	5.88173770904541
9	842	evidence	7.452512741088867	7.512042999267578	4.51869535446167	3.5416054725646973
9	843	for	3.2799201011657715	2.3677682876586914	1.7414119243621826	1.7943412065505981
9	844	a	2.6860671043395996	2.3082334995269775	2.3030240535736084	2.0486207008361816
9	845	genetic	9.082832336425781	10.001239776611328	4.884117603302002	5.156444549560547
9	846	relationship	7.564388751983643	5.593832969665527	6.086349964141846	3.154662847518921
9	847	between	1.1688611507415771	1.1131327152252197	0.988946795463562	0.853582501411438
9	848	Tourette's	14.363958358764648	12.461335182189941	10.599023818969727	9.518845558166504
9	849	and	3.805833339691162	1.331376075744629	1.1858793497085571	1.386529564857483
9	850	other	4.999858379364014	2.7402729988098145	2.8308403491973877	3.8088719844818115
9	851	neurobehavioral	15.039912223815918	14.214791297912598	7.3907318115234375	7.903067588806152
9	852	problems	5.102283477783203	3.872253894805908	3.5446648597717285	3.660482406616211
9	853	that	2.677284002304077	3.247217893600464	2.763611078262329	2.650174617767334
9	854	Tourette's	16.050678253173828	16.32283592224121	14.418607711791992	13.650482177734375
9	855	commonly	10.994111061096191	10.268482208251953	8.737977027893066	8.710813522338867
9	856	co-occurs	17.029104232788086	8.300458908081055	5.1968092918396	7.97621488571167
9	857	with.	7.612362861633301	8.630833625793457	8.835859298706055	8.957351684570312
9	858	An	6.483978271484375	5.8208513259887695	5.546235084533691	5.6570844650268555
9	859	important	4.88932991027832	4.251896381378174	3.8528833389282227	3.6621253490448
9	860	role	4.090211868286133	4.9608564376831055	5.462843418121338	4.819719314575195
9	861	in	0.8079681396484375	0.38668134808540344	1.2756423950195312	1.5004326105117798
9	862	Tourette's	14.769564628601074	14.289971351623535	13.79808235168457	12.924478530883789
9	863	gene	9.190357208251953	10.179133415222168	8.39126205444336	8.338349342346191
9	864	expression	5.395213603973389	6.724133491516113	5.905257701873779	4.626228332519531
9	865	is	3.113922357559204	3.470703601837158	2.671431541442871	3.506944179534912
9	866	played	8.688858985900879	8.198318481445312	9.51843547821045	9.847702980041504
9	867	by	3.215459108352661	1.776026725769043	2.0507078170776367	1.9205058813095093
9	868	the	1.5458581447601318	2.4383327960968018	2.2214457988739014	1.4090813398361206
9	869	sex	9.254019737243652	9.410848617553711	10.428971290588379	10.57060432434082
9	870	of	4.5537614822387695	2.1662778854370117	1.253874659538269	2.99748158454895
9	871	the	1.4618616104125977	1.203993558883667	0.6231994032859802	0.25201132893562317
9	872	person.	10.945556640625	10.518257141113281	6.664371490478516	6.733362197875977
9	873	In	3.4970531463623047	3.3822622299194336	3.1967406272888184	3.0884294509887695
9	874	particular,	5.208271026611328	5.011399745941162	5.016254425048828	4.776096820831299
9	875	males	10.372767448425293	9.040295600891113	8.349507331848145	9.218316078186035
9	876	affected	9.041740417480469	8.859550476074219	8.148954391479492	8.492307662963867
9	877	by	0.7617577910423279	0.7073811888694763	0.48060232400894165	0.4315437376499176
9	878	the	1.5458581447601318	1.1073776483535767	2.009657621383667	2.270892381668091
9	879	gene	10.01966381072998	10.635856628417969	10.064294815063477	4.9988884925842285
9	880	are	6.204392910003662	6.731725692749023	6.611746311187744	4.7782487869262695
9	881	more	4.554062843322754	4.303116798400879	4.503708839416504	4.339982032775879
9	882	likely	3.8869435787200928	1.7738399505615234	1.4771100282669067	1.1750726699829102
9	883	to	0.7655502557754517	0.2874065339565277	0.08386175334453583	0.06853430718183517
9	884	have	4.459298133850098	2.9954652786254883	2.7885255813598633	2.59096622467041
9	885	tics	15.438018798828125	14.627023696899414	12.462224960327148	11.933724403381348
9	886	and	1.265296459197998	1.250554084777832	1.2618242502212524	1.3243701457977295
9	887	females	10.680133819580078	14.328983306884766	13.718743324279785	13.617371559143066
9	888	who	3.5071041584014893	4.059230804443359	3.1732234954833984	3.3651375770568848
9	889	have	3.0278306007385254	2.153107166290283	2.3320770263671875	1.9266160726547241
9	890	a	2.3029873371124268	3.1006016731262207	2.8488001823425293	2.9454827308654785
9	891	genetic	9.082832336425781	8.64029312133789	6.910988807678223	4.690997123718262
9	892	predisposition	7.310764312744141	2.8551807403564453	1.3279194831848145	1.3149749040603638
9	893	are	6.580310344696045	5.794923782348633	7.107479095458984	8.507375717163086
9	894	more	4.554062843322754	3.773588180541992	3.750814437866211	3.3146424293518066
9	895	likely	3.886943817138672	1.773840308189392	1.0147898197174072	0.9655323624610901
9	896	to	0.7655503749847412	0.2874065339565277	0.08386175334453583	0.06535124778747559
9	897	have	4.459298133850098	2.9954657554626465	2.7885255813598633	2.59096622467041
9	898	obsessive-compulsive	14.300307273864746	13.451116561889648	12.048466682434082	9.994460105895996
9	899	symptoms.	6.4997477531433105	6.79356575012207	5.642392158508301	4.8218512535095215
9	900	Much	7.828105926513672	8.412505149841309	8.519594192504883	8.506475448608398
9	901	current	10.338085174560547	9.038114547729492	8.298666000366211	8.396076202392578
9	902	research	5.737298488616943	3.0325894355773926	0.7741585373878479	0.6222186088562012
9	903	is	3.490206003189087	3.080425977706909	2.5135979652404785	1.9257622957229614
9	904	aimed	8.395963668823242	5.516969680786133	4.485718727111816	3.418937921524048
9	905	at	0.5992893576622009	0.13641665875911713	0.056519050151109695	0.06170386075973511
9	906	better	8.862347602844238	7.310216903686523	7.11855411529541	5.129331588745117
9	907	understanding	5.093138694763184	6.4385986328125	1.9153335094451904	1.7902997732162476
9	908	the	2.812499761581421	4.447779655456543	1.1410086154937744	0.7823189496994019
9	909	genetic	9.790508270263672	7.800878047943115	6.625216484069824	6.195225238800049
9	910	basis	7.319165229797363	3.085721492767334	1.3375273942947388	1.17221999168396
9	911	and	3.45995831489563	3.178687334060669	4.405449390411377	4.289459228515625
9	912	symptomology	16.7658748626709	15.962605476379395	13.217248916625977	11.840120315551758
9	913	of	1.9607561826705933	1.6146159172058105	0.959213137626648	1.448462724685669
9	914	Tourette's,	17.673343658447266	11.731605529785156	11.379528045654297	11.010011672973633
9	915	as	4.660106182098389	4.2735090255737305	3.777526617050171	3.52242374420166
9	916	well	3.1267154216766357	1.140238642692566	1.0175336599349976	0.9978993535041809
9	917	as	0.7283455729484558	0.11777180433273315	0.023794807493686676	0.018621083348989487
9	918	its	6.172211170196533	4.757805824279785	5.0119757652282715	6.227516174316406
9	919	relationship	6.5056610107421875	7.2826619148254395	5.702630043029785	5.6676225662231445
9	920	to	3.0480966567993164	1.6709438562393188	1.7727839946746826	1.283961534500122
9	921	related	11.002387046813965	10.441314697265625	10.044088363647461	9.707084655761719
9	922	disorders.	9.882009506225586	8.193934440612793	7.7690911293029785	8.030261993408203
9	923	The	2.226249933242798	2.2415711879730225	2.2475197315216064	2.2955546379089355
9	924	hope	8.671277046203613	7.726644992828369	7.638247966766357	7.737977981567383
9	925	is	4.392096519470215	0.5252854228019714	0.2771807312965393	0.21120359003543854
9	926	that	3.991318702697754	0.5658518075942993	0.29024070501327515	0.1974891573190689
9	927	this	4.618095874786377	3.9842543601989746	2.8435702323913574	2.36063814163208
9	928	research	8.260957717895508	7.370021343231201	7.157775402069092	6.05005407333374
9	929	leads	8.458888053894043	7.671833038330078	6.8779802322387695	6.614771366119385
9	930	to	0.9474070072174072	0.5667978525161743	0.699923574924469	0.3178642690181732
9	931	better	7.875485420227051	5.424925804138184	3.5104424953460693	3.3951218128204346
9	932	diagnostic	11.116172790527344	11.975662231445312	8.433643341064453	5.470836162567139
9	933	tools	5.199197769165039	1.7398321628570557	2.7026162147521973	4.018136024475098
9	934	and	2.1986241340637207	2.1127498149871826	2.3348865509033203	1.079574704170227
9	935	better	7.769254684448242	7.870630264282227	7.468411445617676	4.160093307495117
9	936	treatments	9.952948570251465	8.14022445678711	7.882674694061279	5.705770492553711
9	937	for	2.767869472503662	0.8795006275177002	0.7706687450408936	0.6179363131523132
9	938	Tourette's.	17.274234771728516	11.443462371826172	11.044689178466797	11.132462501525879
