text_id	word_id	word	context_limited_surprisal_context_1	context_limited_surprisal_context_2	context_limited_surprisal_context_3	context_limited_surprisal_context_4
0	0	If	5.940820693969727	5.940820693969727	5.940820693969727	5.940820693969727
0	1	you	1.545180082321167	1.545180082321167	1.545180082321167	1.545180082321167
0	2	were	4.825489044189453	4.053683757781982	4.053683757781982	4.053683757781982
0	3	to	4.8086161613464355	3.206770896911621	1.344009280204773	1.344009280204773
0	4	journey	12.230854988098145	10.493778228759766	9.698152542114258	9.86462116241455
0	5	to	1.8803378343582153	1.2090848684310913	1.2872588634490967	1.2416281700134277
0	6	the	2.180013418197632	1.2825103998184204	1.0634938478469849	1.0191287994384766
0	7	North	7.5766448974609375	7.754050254821777	4.646822929382324	4.7949981689453125
0	8	of	4.408588886260986	4.129615783691406	3.6407310962677	3.821390151977539
0	9	England,	9.439290046691895	3.966045618057251	2.749072551727295	4.208341598510742
0	10	you	6.218087196350098	5.989382266998291	6.447918891906738	5.764583110809326
0	11	would	4.66046667098999	3.046947956085205	3.2120094299316406	3.289402961730957
0	12	come	5.061758041381836	6.095551490783691	5.354853630065918	5.254631042480469
0	13	to	1.6344467401504517	1.7388832569122314	1.4242525100708008	1.0477561950683594
0	14	a	3.548675775527954	2.9561476707458496	2.9112439155578613	2.7614591121673584
0	15	valley	10.325862884521484	10.372475624084473	11.184164047241211	10.497530937194824
0	16	that	5.1125030517578125	3.7428624629974365	3.909531831741333	3.3018875122070312
0	17	is	3.652514934539795	2.633197784423828	2.203582525253296	2.230677843093872
0	18	surrounded	9.230446815490723	8.399203300476074	4.931395530700684	4.401095867156982
0	19	by	0.25053709745407104	0.10964268445968628	0.12062031775712967	0.09401483833789825
0	20	moors	17.429147720336914	12.982673645019531	13.157094955444336	13.535232543945312
0	21	as	4.6643452644348145	4.753069877624512	5.325863838195801	5.648200035095215
0	22	high	6.175971508026123	6.7485504150390625	5.990440845489502	5.060513496398926
0	23	as	4.866513252258301	0.37290316820144653	0.5200190544128418	0.25263381004333496
0	24	mountains.	13.285086631774902	12.16353702545166	13.131321907043457	6.376172065734863
0	25	It	3.2187790870666504	3.323258876800537	2.9775023460388184	2.9853391647338867
0	26	is	1.2118124961853027	1.2848840951919556	1.1653448343276978	1.2815327644348145
0	27	in	4.542908191680908	4.914793491363525	4.287789821624756	4.452465057373047
0	28	this	3.940133571624756	4.314011573791504	1.5234681367874146	2.029683828353882
0	29	valley	10.463415145874023	10.176733016967773	9.047178268432617	8.583345413208008
0	30	where	5.223430633544922	4.902721405029297	4.513147354125977	3.576571464538574
0	31	you	3.4151313304901123	3.8953042030334473	3.2199578285217285	3.143130302429199
0	32	would	4.66046667098999	4.6221208572387695	4.716668605804443	4.828680038452148
0	33	find	5.738190174102783	4.2910003662109375	2.9802260398864746	2.5527806282043457
0	34	the	2.1668708324432373	2.2140259742736816	2.4620654582977295	1.6599805355072021
0	35	city	6.717935085296631	7.979073524475098	7.13957405090332	7.639293670654297
0	36	of	1.793946623802185	1.4992060661315918	1.92927885055542	1.8842867612838745
0	37	Bradford,	14.107336044311523	8.960026741027832	8.687654495239258	9.696627616882324
0	38	where	5.164731979370117	4.378422737121582	3.5303592681884766	3.8708319664001465
0	39	once	8.453083038330078	7.586589813232422	7.586916446685791	7.801173210144043
0	40	a	2.830502986907959	3.0605671405792236	2.4349448680877686	2.74645733833313
0	41	thousand	7.951266288757324	8.654216766357422	6.429168224334717	6.377423286437988
0	42	spinning	13.025561332702637	10.889999389648438	11.843536376953125	9.13211441040039
0	43	jennies	15.025102615356445	8.926336288452148	11.203432083129883	8.688097953796387
0	44	that	3.9111406803131104	3.3929531574249268	3.561744213104248	3.749239921569824
0	45	hummed	13.25068473815918	11.95258903503418	11.103944778442383	7.161144733428955
0	46	and	2.522005558013916	2.4379043579101562	1.8751449584960938	1.6486945152282715
0	47	clattered	14.124190330505371	8.905289649963379	5.5839056968688965	5.053116798400879
0	48	spun	15.313154220581055	16.386707305908203	16.345802307128906	15.515758514404297
0	49	wool	9.502695083618164	7.489160060882568	6.532158374786377	7.493648529052734
0	50	into	6.1344499588012695	2.5688304901123047	1.9607876539230347	1.5614326000213623
0	51	money	9.20719051361084	9.105307579040527	8.725199699401855	9.412034034729004
0	52	for	2.8596110343933105	2.6173977851867676	2.53358793258667	2.3186097145080566
0	53	the	1.8431031703948975	1.741599440574646	1.6114568710327148	1.432506799697876
0	54	long-bearded	16.895233154296875	17.131868362426758	18.70550537109375	19.610828399658203
0	55	mill	10.709149360656738	10.872701644897461	11.23497486114502	10.858932495117188
0	56	owners.	9.696279525756836	6.404263973236084	6.308201313018799	5.488086223602295
0	57	That	5.177008152008057	5.031756401062012	5.569388389587402	5.35744047164917
0	58	all	5.763156414031982	6.32537841796875	6.075615882873535	5.79965877532959
0	59	mill	12.86988353729248	14.378015518188477	15.064037322998047	12.615955352783203
0	60	owners	7.077920913696289	3.6185710430145264	2.574099540710449	1.2066987752914429
0	61	were	4.378647804260254	2.971156358718872	2.1162877082824707	1.920968770980835
0	62	generally	7.2613525390625	6.673892021179199	5.94019079208374	6.925227165222168
0	63	busy	9.997674942016602	8.65124225616455	7.796358585357666	8.0165376663208
0	64	as	4.945801258087158	4.535999298095703	4.88527250289917	5.712397575378418
0	65	beavers	15.137176513671875	12.693609237670898	11.472978591918945	8.867083549499512
0	66	and	2.0158591270446777	1.954896092414856	2.6697335243225098	2.5380711555480957
0	67	quite	9.165947914123535	9.692071914672852	10.350011825561523	7.7076239585876465
0	68	pleased	6.768877983093262	6.350939750671387	7.648326873779297	9.090312957763672
0	69	with	1.4341455698013306	0.45883262157440186	0.5785537958145142	0.6452301144599915
0	70	themselves	9.610769271850586	5.308463096618652	4.980648040771484	4.427740573883057
0	71	for	4.273800849914551	3.679985523223877	1.1700266599655151	1.2903504371643066
0	72	being	6.665378570556641	4.6017913818359375	2.7550830841064453	2.642395257949829
0	73	so	4.959202766418457	2.901289939880371	2.8528571128845215	1.8521400690078735
0	74	successful	9.435440063476562	6.391003608703613	6.632877349853516	6.795503616333008
0	75	and	2.9392528533935547	2.813732385635376	2.6061136722564697	1.8619023561477661
0	76	well	8.177515983581543	5.438788890838623	4.3920512199401855	5.19588565826416
0	77	off	7.394880294799805	6.439772605895996	8.473661422729492	8.772500991821289
0	78	was	7.720244884490967	6.124236106872559	5.799773216247559	5.80162239074707
0	79	known	6.703965187072754	7.4384660720825195	7.102787971496582	6.783380508422852
0	80	to	1.9427400827407837	1.322069525718689	1.2333984375	1.0079421997070312
0	81	the	2.180013418197632	2.667768716812134	2.445403814315796	2.6943671703338623
0	82	residents	9.535676956176758	9.951897621154785	7.731729984283447	6.687507629394531
0	83	of	1.783017873764038	0.7455664873123169	0.5080643892288208	0.3566500246524811
0	84	Bradford,	14.107336044311523	10.268505096435547	10.810312271118164	10.54531478881836
0	85	and	3.009450912475586	2.446028470993042	3.290623903274536	2.9504826068878174
0	86	if	6.424923896789551	6.256032466888428	5.974138259887695	5.9654927253723145
0	87	you	2.1625356674194336	1.715512990951538	1.7769627571105957	2.0834763050079346
0	88	were	4.825489044189453	3.715686798095703	4.080263137817383	3.7025418281555176
0	89	to	4.8086161613464355	3.206770896911621	1.5128121376037598	1.1217949390411377
0	90	go	5.00748872756958	4.223617076873779	3.587373733520508	3.5390613079071045
0	91	into	4.152775287628174	3.353639602661133	3.045116662979126	2.6945528984069824
0	92	the	1.1791348457336426	1.2979332208633423	1.2620192766189575	1.2584218978881836
0	93	city	6.717935085296631	6.263378620147705	5.20687198638916	4.938134670257568
0	94	to	3.741319179534912	3.3573086261749268	3.008263349533081	1.8108694553375244
0	95	visit	7.244463920593262	5.712932586669922	6.032029151916504	4.271773338317871
0	96	the	2.182711124420166	1.4957168102264404	1.3340963125228882	1.2371190786361694
0	97	stately	12.85128116607666	10.342476844787598	10.194021224975586	9.354791641235352
0	98	City	9.437453269958496	8.670509338378906	7.213268280029297	7.316190719604492
0	99	Hall,	5.714570999145508	2.341114044189453	2.8501503467559814	2.393892288208008
0	100	you	5.77203369140625	5.341771125793457	5.710505962371826	4.985152244567871
0	101	would	4.66046667098999	4.122134208679199	3.811023473739624	3.7453317642211914
0	102	see	5.9490766525268555	4.139898300170898	2.769413471221924	2.0173702239990234
0	103	there	6.406749725341797	6.514986038208008	5.617043495178223	5.783203125
0	104	the	5.374418258666992	4.887960910797119	3.873729944229126	4.383458137512207
0	105	Crest	14.455564498901367	14.416119575500488	14.136178970336914	13.552624702453613
0	106	of	2.536755084991455	1.7436596155166626	1.481268286705017	0.6307804584503174
0	107	the	1.4737688302993774	0.5619979500770569	0.6170032620429993	0.6476706266403198
0	108	City	7.927426338195801	7.750616550445557	8.916322708129883	6.986689567565918
0	109	of	1.4578535556793213	0.6993541717529297	0.5423374772071838	1.9103024005889893
0	110	Bradford,	14.107336044311523	9.440400123596191	9.438626289367676	9.094317436218262
0	111	which	5.152873992919922	4.0894670486450195	4.762977600097656	3.8914859294891357
0	112	those	7.916720390319824	10.426563262939453	10.155559539794922	10.823378562927246
0	113	same	6.999859809875488	5.2152814865112305	4.492767333984375	4.821652412414551
0	114	mill	13.388185501098633	12.509176254272461	12.289876937866211	11.53989315032959
0	115	owners	7.077920913696289	6.998177528381348	2.8781306743621826	1.254065752029419
0	116	created	8.189654350280762	7.5570855140686035	7.478991508483887	7.473493576049805
0	117	to	3.5212128162384033	4.842578411102295	4.905686378479004	5.668285369873047
0	118	celebrate	8.545806884765625	6.4460649490356445	6.461965084075928	8.247513771057129
0	119	their	3.1802027225494385	3.181635856628418	4.063542366027832	2.4760546684265137
0	120	achievements.	11.41285514831543	7.007658958435059	6.148578643798828	5.342465400695801
0	121	It	3.5405521392822266	3.5165653228759766	3.547131061553955	3.4628496170043945
0	122	shows	6.1906328201293945	5.537591457366943	5.505548000335693	5.865657806396484
0	123	a	2.280367612838745	2.3052027225494385	2.953606367111206	3.0575180053710938
0	124	sinister	10.945720672607422	11.715335845947266	9.860189437866211	10.430708885192871
0	125	looking	7.464639663696289	6.128961086273193	4.8272857666015625	5.017973899841309
0	126	boar's	19.984872817993164	15.11082649230957	14.488430976867676	14.10408878326416
0	127	head	1.9821404218673706	1.2115840911865234	0.730817437171936	0.5596377849578857
0	128	sitting	8.826982498168945	6.786474227905273	7.005394458770752	5.954232692718506
0	129	on	1.5121119022369385	1.0590543746948242	0.6834099888801575	0.6713373064994812
0	130	top	5.687542915344238	3.785844087600708	2.4267079830169678	2.5489916801452637
0	131	of	1.3425618410110474	0.12723854184150696	0.043723493814468384	0.05161096155643463
0	132	a	3.1972079277038574	2.610121488571167	2.6635360717773438	1.8775941133499146
0	133	well	7.803429126739502	7.713868141174316	6.983536720275879	7.513418674468994
0	134	which	7.995639801025391	6.151162624359131	5.312907695770264	4.668890953063965
0	135	seems	6.653106212615967	5.929956436157227	7.5088276863098145	8.115583419799805
0	136	puzzling	11.652718544006348	10.051220893859863	9.56528377532959	12.24914264678955
0	137	at	4.628538608551025	3.262385845184326	1.9347976446151733	2.3826911449432373
0	138	first,	6.559955596923828	2.737441062927246	1.5110138654708862	1.6496098041534424
0	139	but	3.030872106552124	1.3176287412643433	1.0008678436279297	0.7531933784484863
0	140	the	2.655514717102051	2.719137668609619	2.8699021339416504	2.8551626205444336
0	141	reason	7.5545973777771	6.712960720062256	6.5295820236206055	6.860546112060547
0	142	for	1.4272444248199463	1.2310099601745605	1.5478780269622803	1.9299521446228027
0	143	this	4.635157585144043	2.109224319458008	2.124223232269287	1.6915602684020996
0	144	symbol	10.258527755737305	10.156655311584473	12.648809432983398	11.895238876342773
0	145	is	3.023866891860962	1.9976468086242676	1.9398105144500732	1.1548761129379272
0	146	a	2.231854200363159	2.461918592453003	2.6330573558807373	3.1305880546569824
0	147	matter	6.400568962097168	5.8713531494140625	7.07775354385376	6.406562805175781
0	148	of	1.3267908096313477	0.1315462589263916	0.1586201786994934	0.09231351315975189
0	149	legend.	13.914796829223633	11.369871139526367	12.135332107543945	12.472660064697266
0	150	There	4.683500289916992	4.317966461181641	4.1883769035339355	4.3160624504089355
0	151	was	1.7857314348220825	1.9888180494308472	1.8507654666900635	1.8156988620758057
0	152	once,	12.762496948242188	10.567052841186523	9.643428802490234	9.090194702148438
0	153	legend	12.785110473632812	11.025842666625977	9.461377143859863	6.769753456115723
0	154	has	4.373631954193115	1.051619291305542	0.7519516348838806	0.8601368069648743
0	155	it,	9.16830062866211	2.0748329162597656	0.49800509214401245	0.04142725095152855
0	156	a	4.72796630859375	4.31941556930542	3.2793424129486084	3.1668808460235596
0	157	fearsome	11.16769027709961	10.202499389648438	10.879716873168945	8.823512077331543
0	158	boar,	10.663677215576172	10.048830032348633	9.59627628326416	10.065335273742676
0	159	which	3.453902244567871	3.180938243865967	3.0895164012908936	3.2827794551849365
0	160	lived	9.739794731140137	5.67572546005249	5.492532730102539	6.05595588684082
0	161	in	1.1504470109939575	1.0242103338241577	0.7210853695869446	0.5485077500343323
0	162	a	2.713128089904785	2.119969367980957	2.1995627880096436	1.977425456047058
0	163	wood	10.126533508300781	9.589469909667969	7.914735794067383	6.653103351593018
0	164	located	7.610655784606934	10.2598876953125	8.560757637023926	8.085806846618652
0	165	just	6.9738359451293945	5.453423500061035	4.388636112213135	4.343693733215332
0	166	outside	6.198189735412598	2.1651389598846436	1.7293071746826172	1.8068971633911133
0	167	the	1.2722160816192627	0.7839439511299133	0.7226672172546387	0.5035821795463562
0	168	manor	11.641120910644531	10.37612247467041	9.525633811950684	9.954317092895508
0	169	of	2.151686668395996	1.5496392250061035	3.368741989135742	3.4448180198669434
0	170	Bradford.	15.587783813476562	11.080639839172363	10.836163520812988	12.014885902404785
0	171	A	4.436873435974121	4.123795986175537	4.168866157531738	4.125356674194336
0	172	source	7.852291107177734	7.735352516174316	7.715719699859619	8.022933006286621
0	173	of	1.1888303756713867	1.882318377494812	3.5102365016937256	3.009481906890869
0	174	great	8.051525115966797	6.5635175704956055	4.9189066886901855	3.597661256790161
0	175	trouble	7.808682918548584	7.351825714111328	6.075628757476807	6.489383697509766
0	176	to	3.249842405319214	1.9124376773834229	1.1081372499465942	0.9549635648727417
0	177	the	2.180013418197632	4.521095275878906	2.548973560333252	1.9789326190948486
0	178	local	6.803601264953613	6.522584915161133	5.965677738189697	6.562726974487305
0	179	folk	8.683876037597656	8.4900484085083	8.744394302368164	7.865677833557129
0	180	the	6.911638259887695	7.1919708251953125	6.998235702514648	6.890050888061523
0	181	boar	12.689279556274414	11.786927223205566	11.266929626464844	11.033565521240234
0	182	was,	9.217002868652344	8.062283515930176	6.8346848487854	6.932969093322754
0	183	bringing	9.348901748657227	9.15362548828125	9.090600967407227	8.172139167785645
0	184	terror	10.829625129699707	9.2653226852417	7.1191534996032715	7.8763532638549805
0	185	to	4.26157283782959	0.7648335695266724	0.5628198981285095	0.4747436046600342
0	186	the	2.180013418197632	1.8178974390029907	0.7738319635391235	0.8847534656524658
0	187	peaceful	10.736189842224121	11.15672779083252	8.200274467468262	7.7249226570129395
0	188	flocks	13.345853805541992	10.547988891601562	10.903511047363281	8.966985702514648
0	189	and	2.457045078277588	2.7872116565704346	2.4446840286254883	1.9234669208526611
0	190	ravaging	14.857088088989258	13.953340530395508	12.480070114135742	14.000112533569336
0	191	the	1.2285674810409546	1.2824277877807617	1.297916054725647	1.6048250198364258
0	192	countryside	11.09449577331543	3.766153573989868	3.4122180938720703	3.127962350845337
0	193	around.	9.285921096801758	6.38105583190918	7.424301624298096	6.490850448608398
0	194	Even	5.590181827545166	5.688602447509766	5.566522598266602	5.362319469451904
0	195	worse,	6.166630744934082	5.619734764099121	6.094418525695801	6.1038947105407715
0	196	however,	5.278294563293457	6.36283016204834	5.909393787384033	5.639813423156738
0	197	the	2.2341108322143555	2.1717567443847656	2.8012821674346924	3.0268120765686035
0	198	boar	12.689279556274414	13.755624771118164	13.130233764648438	13.183393478393555
0	199	most	9.713671684265137	9.297626495361328	9.055008888244629	9.35635757446289
0	200	liked	9.654851913452148	6.326629161834717	6.886284828186035	6.445176124572754
0	201	to	2.0564186573028564	3.643068552017212	1.4402668476104736	1.263394832611084
0	202	go	5.00748872756958	4.259563446044922	4.4783854484558105	5.303340435028076
0	203	to	1.9147382974624634	1.564010739326477	1.4348827600479126	1.240090012550354
0	204	the	2.180013418197632	1.3030991554260254	1.2856751680374146	1.1720327138900757
0	205	well	9.393519401550293	8.465426445007324	7.440387725830078	7.260223388671875
0	206	that	5.023398399353027	4.787250518798828	4.725422382354736	5.245017051696777
0	207	was	4.486698627471924	3.5060291290283203	2.474991798400879	2.2784974575042725
0	208	in	4.181621551513672	4.303226470947266	4.135710716247559	3.95865535736084
0	209	the	1.3686838150024414	1.442101001739502	1.3248838186264038	1.3099035024642944
0	210	wood	9.29893684387207	9.587113380432129	9.5543794631958	9.049444198608398
0	211	and	2.274629592895508	2.498492479324341	2.291325569152832	2.3050389289855957
0	212	drink	9.703857421875	8.3799409866333	8.510866165161133	8.406494140625
0	213	its	6.922329902648926	6.940436840057373	5.991179466247559	4.521866321563721
0	214	fresh	10.32548999786377	6.863650321960449	6.38383674621582	6.645145416259766
0	215	water,	5.770332336425781	6.459454536437988	4.085508346557617	3.2202701568603516
0	216	so	4.803544044494629	4.592273712158203	4.542442321777344	4.437511444091797
0	217	that	2.5636909008026123	1.7868741750717163	2.089913845062256	1.7338566780090332
0	218	the	2.0494112968444824	1.5547603368759155	1.1526650190353394	1.5418310165405273
0	219	people	6.889947891235352	6.524951457977295	6.563329696655273	7.143013000488281
0	220	of	3.4909071922302246	1.8265588283538818	1.5737228393554688	1.9840812683105469
0	221	Bradford	13.106612205505371	10.495096206665039	9.397701263427734	9.20294189453125
0	222	had	4.398398399353027	5.640130519866943	4.1255083084106445	4.043361663818359
0	223	second	9.789203643798828	9.140151023864746	9.468411445617676	9.995022773742676
0	224	thoughts	8.758535385131836	0.7152252197265625	0.6180987358093262	0.5957327485084534
0	225	about	2.4629640579223633	1.222316861152649	0.5124691724777222	0.5043376684188843
0	226	visiting	9.890312194824219	8.845305442810059	7.155266761779785	6.859138011932373
0	227	the	1.811810851097107	1.5173814296722412	1.4860894680023193	1.3230376243591309
0	228	well.	11.699808120727539	11.163345336914062	11.180234909057617	11.41508674621582
0	229	That	5.088842391967773	5.11862325668335	5.045531272888184	5.005799293518066
0	230	the	4.065777778625488	4.800750732421875	4.326288223266602	4.576033592224121
0	231	people	6.889947891235352	6.091768264770508	5.734950542449951	7.545949459075928
0	232	of	3.4909071922302246	1.8265588283538818	1.0867506265640259	1.632504940032959
0	233	Bradford	13.106612205505371	10.495096206665039	9.397701263427734	9.413691520690918
0	234	bore	11.310125350952148	10.264171600341797	8.181512832641602	8.593440055847168
0	235	the	2.0713930130004883	1.5371172428131104	1.6565598249435425	1.0773634910583496
0	236	brunt	11.69184684753418	3.0579850673675537	2.142303705215454	2.1856093406677246
0	237	of	0.1257239580154419	0.04070533066987991	0.03848253935575485	0.03309053182601929
0	238	the	1.4737688302993774	0.7350836992263794	0.6541571021080017	0.6167095303535461
0	239	beast's	14.0443754196167	13.285455703735352	11.12436294555664	10.499774932861328
0	240	ferocity	9.463910102844238	9.34443473815918	9.729331016540527	6.701682090759277
0	241	was	4.690234184265137	2.366366147994995	2.726012945175171	2.8288040161132812
0	242	unfair	9.97835922241211	12.008584976196289	12.98268985748291	12.821901321411133
0	243	in	4.684378623962402	3.5561742782592773	3.6241707801818848	3.488966464996338
0	244	the	1.3686838150024414	1.6074516773223877	1.9440927505493164	1.4689558744430542
0	245	eyes	8.472546577453613	7.372466564178467	3.0764830112457275	2.797325849533081
0	246	of	2.624567985534668	0.5236108303070068	0.11402354389429092	0.012583911418914795
0	247	the	1.4737688302993774	1.0575597286224365	0.9367913603782654	0.9998701810836792
0	248	people	6.889947891235352	6.402532577514648	4.396997451782227	4.328126907348633
0	249	of	3.4909071922302246	1.8265588283538818	2.2572672367095947	1.671867847442627
0	250	the	1.4737688302993774	1.6521553993225098	1.586620569229126	1.4528599977493286
0	251	region.	9.819093704223633	9.540338516235352	6.612453460693359	6.515897274017334
0	252	Eventually,	8.952408790588379	8.420990943908691	8.432904243469238	8.679890632629395
0	253	the	1.515346884727478	1.2388548851013184	1.309795618057251	1.2805815935134888
0	254	issue	7.285947799682617	7.256364822387695	8.284981727600098	7.589057922363281
0	255	reached	10.063673973083496	9.546402931213379	6.026825904846191	5.3063201904296875
0	256	the	1.616112232208252	1.5138903856277466	0.5771508812904358	0.26923754811286926
0	257	ears	10.660529136657715	8.12463092803955	5.383471965789795	6.626353740692139
0	258	of	2.540759563446045	0.7277639508247375	0.07981227338314056	0.03171354904770851
0	259	the	1.4737688302993774	1.0832585096359253	1.0331664085388184	0.8620237112045288
0	260	kindly	12.171172142028809	13.65118408203125	11.819376945495605	11.358726501464844
0	261	Lord	10.188562393188477	6.120173454284668	6.077364921569824	6.184230804443359
0	262	of	2.343085289001465	2.874464511871338	1.940987229347229	1.9164127111434937
0	263	the	1.4737688302993774	0.8261224627494812	1.215362548828125	1.4912490844726562
0	264	Manor	12.444085121154785	12.144734382629395	4.241275787353516	3.193946123123169
0	265	who	6.376620292663574	7.581248760223389	6.775214195251465	4.895412445068359
0	266	the	5.510059833526611	5.6893157958984375	6.387102127075195	6.847811222076416
0	267	people	6.889947891235352	5.116408824920654	5.599373817443848	5.682084083557129
0	268	had	5.623620986938477	5.2853264808654785	5.031765937805176	3.4535281658172607
0	269	often	7.514756202697754	8.311372756958008	7.869556427001953	10.460583686828613
0	270	asked	7.023009300231934	4.711268901824951	3.9487621784210205	4.5524115562438965
0	271	for	2.3693130016326904	3.2861409187316895	2.78239369392395	4.07053279876709
0	272	help.	9.267491340637207	5.1103315353393555	5.191773414611816	5.791370868682861
0	273	The	2.922271490097046	2.79052472114563	2.5342819690704346	2.784672260284424
0	274	Lord	8.076041221618652	6.772104263305664	6.85079288482666	6.4492082595825195
0	275	saw	8.856878280639648	5.74926233291626	5.426377296447754	4.870798110961914
0	276	the	1.7942062616348267	1.7783608436584473	2.542044162750244	2.4069454669952393
0	277	severity	8.69243049621582	9.238693237304688	7.472477912902832	8.499673843383789
0	278	of	0.5197357535362244	0.11008484661579132	0.06815486401319504	0.06385202705860138
0	279	the	1.4737688302993774	1.5019299983978271	1.1126089096069336	0.7206119298934937
0	280	problem	6.95890998840332	7.339766025543213	4.96684455871582	4.673616886138916
0	281	the	5.544698715209961	5.876102447509766	5.539947986602783	5.372825622558594
0	282	people	6.889947891235352	5.604126930236816	6.111379146575928	6.15034294128418
0	283	faced	9.647661209106445	11.553966522216797	7.288090229034424	6.393370628356934
0	284	and	4.143176078796387	5.086881160736084	4.831240653991699	3.524160385131836
0	285	suggested	9.068272590637207	8.643521308898926	8.746882438659668	8.553689956665039
0	286	a	3.141484498977661	2.791640520095825	2.567888021469116	2.55110502243042
0	287	contest	9.937135696411133	9.927799224853516	9.642885208129883	9.274625778198242
0	288	could	7.663627624511719	6.813501834869385	6.02789306640625	5.888348579406738
0	289	solve	7.802873611450195	8.544046401977539	7.912271499633789	6.135402202606201
0	290	the	1.0326417684555054	1.276502251625061	1.220475435256958	1.3470598459243774
0	291	problem.	9.219826698303223	3.4525060653686523	2.668231964111328	2.7815988063812256
0	292	He	4.480667591094971	3.930133819580078	4.401264190673828	3.5780816078186035
0	293	said	4.146234512329102	3.2937355041503906	2.9452099800109863	2.9794678688049316
0	294	that	2.5322840213775635	1.6653953790664673	1.636583924293518	1.6735928058624268
0	295	whoever	10.708479881286621	8.830148696899414	8.590606689453125	8.684978485107422
0	296	could	5.5481276512146	5.638023853302002	5.428183078765869	5.055972099304199
0	297	kill	6.887191295623779	6.0453009605407715	5.144598484039307	5.226595878601074
0	298	the	2.408945083618164	2.5623388290405273	2.6726949214935303	1.9570077657699585
0	299	boar	12.689279556274414	10.418758392333984	10.301194190979004	8.874979019165039
0	300	and	2.398326873779297	2.560025215148926	1.9740417003631592	1.7792776823043823
0	301	bring	8.246176719665527	8.586394309997559	7.241405010223389	4.65729284286499
0	302	as	6.5046892166137695	7.275730133056641	7.457340240478516	8.067843437194824
0	303	proof	9.162291526794434	7.499634742736816	7.422963619232178	5.894712924957275
0	304	its	8.633160591125488	8.74162483215332	6.554332256317139	6.705183982849121
0	305	head	6.292634963989258	9.212091445922852	7.299046516418457	9.002867698669434
0	306	to	3.075254440307617	2.602342128753662	2.530333995819092	5.972405910491943
0	307	the	2.180013418197632	1.3431181907653809	1.649423599243164	1.5622633695602417
0	308	Manor	12.444085121154785	12.323221206665039	12.22115421295166	13.597190856933594
0	309	House	4.111845970153809	2.00864839553833	1.986208438873291	2.0666961669921875
0	310	would	5.723689079284668	6.272015571594238	6.100249767303467	7.051542282104492
0	311	be	1.476707100868225	1.7975795269012451	1.117061734199524	1.0958491563796997
0	312	rewarded	9.242897987365723	8.17831802368164	8.998124122619629	9.375436782836914
0	313	with	2.2675399780273438	1.2309726476669312	0.9470698237419128	0.8663411140441895
0	314	land	9.847736358642578	8.521344184875488	8.429243087768555	7.448593616485596
0	315	and	2.238894462585449	2.144787073135376	1.365087866783142	1.3492095470428467
0	316	fame.	13.165543556213379	13.510924339294434	11.602270126342773	8.372648239135742
0	317	It	3.4035768508911133	3.347147226333618	3.317206621170044	3.438140869140625
0	318	was	1.702970027923584	1.2386670112609863	1.4961376190185547	1.363067388534546
0	319	the	3.2400004863739014	2.713735580444336	2.5470173358917236	2.566162347793579
0	320	people	6.889947891235352	8.427000045776367	7.602404594421387	7.602899074554443
0	321	of	3.4909071922302246	1.8265588283538818	2.315636157989502	2.3478879928588867
0	322	Bradford	13.106612205505371	10.495096206665039	9.397701263427734	9.816650390625
0	323	and	2.5128931999206543	2.2595272064208984	2.182225227355957	2.1611692905426025
0	324	the	2.795388698577881	2.957216739654541	2.635453224182129	1.76533842086792
0	325	people	6.889947891235352	6.368451118469238	5.987774848937988	5.482252597808838
0	326	who	2.091592311859131	1.6094961166381836	1.4584630727767944	1.8190078735351562
0	327	knew	5.546401023864746	5.288946151733398	5.164951324462891	4.85554313659668
0	328	them	6.704080581665039	4.933658599853516	3.9396555423736572	4.135301113128662
0	329	who	6.080262660980225	6.717301368713379	5.696434020996094	5.868965148925781
0	330	rejoiced	10.65119457244873	10.363410949707031	8.176003456115723	8.383830070495605
0	331	at	1.6797575950622559	1.8057775497436523	2.5359036922454834	2.5070321559906006
0	332	this	4.386767864227295	2.963660955429077	3.6020960807800293	3.8183538913726807
0	333	proclamation	12.617790222167969	14.003459930419922	8.594316482543945	8.166435241699219
0	334	but	6.917813301086426	6.33834171295166	5.468549728393555	5.4563798904418945
0	335	one	5.555289268493652	5.268220901489258	5.355009078979492	5.498098373413086
0	336	question	7.895448684692383	6.8905558586120605	8.742997169494629	6.144059658050537
0	337	remained:	10.71967887878418	7.178378105163574	4.33125114440918	3.8084638118743896
0	338	who	7.310652732849121	4.2463483810424805	3.745213031768799	3.596534490585327
0	339	would	4.186790943145752	2.9569268226623535	2.1737422943115234	1.5239006280899048
0	340	kill	6.605060577392578	5.772433280944824	5.994009494781494	5.783969879150391
0	341	the	2.408945083618164	2.8777809143066406	2.920100450515747	1.861148715019226
0	342	boar?	18.251365661621094	14.627313613891602	14.786703109741211	12.902667045593262
0	343	By	6.109861373901367	5.858733177185059	5.474791049957275	5.843196868896484
0	344	the	1.954586148262024	1.204787254333496	1.3675833940505981	1.9318097829818726
0	345	handsome	11.664627075195312	14.67102336883545	11.769386291503906	11.170343399047852
0	346	reward	10.588539123535156	8.021369934082031	6.071571350097656	8.762350082397461
0	347	many	8.20364761352539	9.741052627563477	10.061596870422363	10.019067764282227
0	348	felt	9.972153663635254	11.888423919677734	6.870863914489746	5.640988349914551
0	349	tempted,	14.108774185180664	12.73641586303711	13.896733283996582	11.751275062561035
0	350	but	2.651043176651001	1.8975671529769897	2.114424467086792	2.1389098167419434
0	351	the	2.655514717102051	2.9466893672943115	3.2261898517608643	2.8403425216674805
0	352	thought	8.901717185974121	7.307568073272705	4.669396877288818	3.213338851928711
0	353	of	2.324890375137329	0.7816207408905029	0.53583824634552	0.2828187644481659
0	354	the	1.4737688302993774	2.1542980670928955	2.639378309249878	3.0078046321868896
0	355	boar	12.689279556274414	12.903812408447266	11.471525192260742	10.756284713745117
0	356	with	3.669687271118164	3.6828808784484863	3.5726826190948486	3.69559383392334
0	357	its	5.148246765136719	3.477381944656372	3.483018159866333	3.547560691833496
0	358	deadly	10.406059265136719	8.714581489562988	7.29994535446167	6.067437171936035
0	359	tusks	15.767178535461426	11.023443222045898	11.194551467895508	1.537855863571167
0	360	and	1.805228590965271	1.7223012447357178	1.6944406032562256	1.0654888153076172
0	361	face	8.98922061920166	9.04134464263916	8.418159484863281	8.499160766601562
0	362	like	6.1028289794921875	6.734601974487305	4.342527866363525	4.14694356918335
0	363	thunder	11.430044174194336	6.996381759643555	6.288504123687744	6.561952114105225
0	364	soon	10.15291976928711	10.471198081970215	11.615809440612793	10.515579223632812
0	365	put	6.482410430908203	5.784038543701172	7.114105701446533	5.870608806610107
0	366	an	4.835283279418945	2.6660611629486084	0.7530261278152466	1.0117658376693726
0	367	end	5.318336009979248	0.8150058388710022	0.04889092594385147	0.022283656522631645
0	368	to	3.7671823501586914	0.6698660850524902	0.02676263079047203	0.01415587030351162
0	369	their	5.487739562988281	4.461441993713379	3.782059669494629	3.7636961936950684
0	370	ambitions.	12.102134704589844	11.22005844116211	8.649672508239746	9.715511322021484
0	371	However,	5.027684211730957	5.034283638000488	4.881319046020508	4.797438621520996
0	372	there	3.578813314437866	3.75030255317688	3.579098701477051	3.438220500946045
0	373	was	2.1493215560913086	1.9582438468933105	1.9954839944839478	2.1262240409851074
0	374	one	5.152233600616455	4.344006061553955	4.962940216064453	2.65539813041687
0	375	huntsman,	20.317691802978516	15.86758804321289	15.442161560058594	16.725051879882812
0	376	who	2.8181891441345215	2.879378318786621	2.819706439971924	1.9591784477233887
0	377	was	3.2742245197296143	2.311980962753296	2.6097614765167236	1.9914590120315552
0	378	still	5.304815292358398	4.894124984741211	5.166297912597656	5.90920352935791
0	379	wet	9.341362953186035	6.897194862365723	7.1069440841674805	7.177760124206543
0	380	behind	6.662850379943848	4.627630710601807	4.950610160827637	1.849992275238037
0	381	the	1.2751853466033936	0.6227642297744751	0.741237998008728	0.6245074272155762
0	382	ears,	12.273140907287598	9.324968338012695	1.6554869413375854	1.2027225494384766
0	383	who	6.809752464294434	7.3818745613098145	7.09608268737793	4.703856468200684
0	384	decided	6.99799919128418	7.840734481811523	7.859866142272949	7.421773910522461
0	385	the	3.927069902420044	3.447138786315918	3.542069911956787	3.3001136779785156
0	386	prize	10.89177417755127	9.395453453063965	8.610269546508789	8.473284721374512
0	387	was	4.072505950927734	3.689556360244751	1.9183412790298462	1.970211148262024
0	388	worth	7.5775041580200195	5.114497184753418	4.586493968963623	2.136626720428467
0	389	a	2.860929489135742	2.6955649852752686	2.441408157348633	2.495542049407959
0	390	shot,	10.581809997558594	5.449820518493652	4.948960304260254	8.163617134094238
0	391	in	4.783275604248047	5.501044273376465	5.46799898147583	5.270992755889893
0	392	spite	8.51673698425293	4.872366428375244	4.225345611572266	4.0245842933654785
0	393	of	0.08685097843408585	0.025489531457424164	0.022261440753936768	0.019308242946863174
0	394	the	1.4737688302993774	1.110263705253601	1.1041117906570435	0.9230377674102783
0	395	boar's	14.489730834960938	14.325031280517578	15.131019592285156	15.155160903930664
0	396	reputation.	10.148736000061035	9.747685432434082	9.739749908447266	8.418318748474121
0	397	The	2.50116229057312	2.3182570934295654	2.248312473297119	2.195563316345215
0	398	huntsman	13.576337814331055	13.004392623901367	7.6518731117248535	7.061803817749023
0	399	discovered	9.133024215698242	8.650399208068848	8.56730842590332	8.779827117919922
0	400	the	2.4904210567474365	1.7581398487091064	1.5418051481246948	1.8252795934677124
0	401	boar	12.689279556274414	12.71767520904541	7.594172477722168	7.815925598144531
0	402	preferred	10.823081016540527	11.230229377746582	13.496334075927734	13.518514633178711
0	403	to	2.2455782890319824	1.9843727350234985	1.4043086767196655	1.9964762926101685
0	404	come	6.263788223266602	6.066556930541992	5.843696117401123	5.446690082550049
0	405	out	3.379953384399414	2.639629364013672	3.4649016857147217	2.5814623832702637
0	406	in	3.2189323902130127	3.010499954223633	3.050872802734375	2.5153236389160156
0	407	the	1.3686838150024414	1.222629189491272	1.3409481048583984	1.2768540382385254
0	408	middle	6.758469104766846	5.188357353210449	4.71522331237793	4.222743034362793
0	409	of	0.9510226845741272	0.44261178374290466	0.18425023555755615	0.10101426392793655
0	410	the	1.4737688302993774	0.5502952337265015	0.5962591767311096	0.7156635522842407
0	411	day.	8.676237106323242	7.79677677154541	5.748122215270996	5.107745170593262
0	412	So	4.840210914611816	4.875131607055664	4.84522819519043	4.74344539642334
0	413	he	3.2646849155426025	3.87732195854187	3.876268148422241	3.870964288711548
0	414	went	5.306095123291016	3.86460542678833	3.547602891921997	3.561903715133667
0	415	to	1.552777647972107	1.1178761720657349	1.1896041631698608	1.0308533906936646
0	416	the	2.180013418197632	1.3209022283554077	1.388107419013977	1.2136400938034058
0	417	wood	9.29893684387207	9.950989723205566	9.034817695617676	8.817039489746094
0	418	by	5.739857196807861	5.435914039611816	5.44942569732666	4.554424285888672
0	419	the	1.6374341249465942	1.715126872062683	1.404994249343872	1.4858871698379517
0	420	well	9.393519401550293	9.127288818359375	7.982956886291504	7.790931701660156
0	421	with	3.8092188835144043	4.440140247344971	6.547828674316406	4.217435359954834
0	422	his	4.146527290344238	3.944655179977417	3.6602795124053955	3.7972850799560547
0	423	good	7.774806976318359	6.956216812133789	6.93061637878418	6.211268901824951
0	424	bow,	15.14258098602295	11.133902549743652	9.37563419342041	11.104406356811523
0	425	to	4.753559112548828	4.737632751464844	4.220425605773926	4.142348289489746
0	426	bide	13.259449005126953	10.820636749267578	9.473237991333008	9.721869468688965
0	427	his	2.1544618606567383	1.77455735206604	2.3775529861450195	2.711886405944824
0	428	time.	8.61037826538086	1.6739115715026855	1.7277882099151611	2.3097710609436035
0	429	Around	8.578835487365723	8.453254699707031	8.512465476989746	8.473868370056152
0	430	noontime,	9.69511604309082	8.943948745727539	8.742526054382324	7.594729900360107
0	431	the	2.4567227363586426	1.7092803716659546	1.7540477514266968	2.201270818710327
0	432	boar,	14.175932884216309	16.087186813354492	15.568815231323242	15.33259391784668
0	433	feared	12.08283805847168	11.833135604858398	11.020092010498047	12.230616569519043
0	434	by	3.7103919982910156	1.813341498374939	1.844905138015747	0.8556546568870544
0	435	the	1.6374341249465942	1.2597061395645142	1.3797197341918945	1.4140087366104126
0	436	locals,	13.034579277038574	10.857932090759277	6.66010046005249	4.369750022888184
0	437	came	7.75136137008667	7.704031467437744	7.614806175231934	8.273582458496094
0	438	out,	5.7793803215026855	6.523226737976074	6.325538635253906	6.7558488845825195
0	439	as	4.112490653991699	4.696054458618164	4.43046760559082	4.606683731079102
0	440	slow	9.803665161132812	9.920496940612793	9.896260261535645	10.731063842773438
0	441	as	5.073162078857422	0.5981251001358032	0.24125763773918152	0.29060035943984985
0	442	a	1.974064588546753	1.939497470855713	2.4035003185272217	1.9612168073654175
0	443	snail,	14.182214736938477	13.595842361450195	3.957183837890625	4.277514934539795
0	444	from	6.044867992401123	6.358836650848389	6.537668228149414	6.879165172576904
0	445	among	8.693058013916016	6.426928520202637	6.532334804534912	6.440546989440918
0	446	the	1.4583534002304077	0.8027786612510681	0.8637633323669434	0.872983992099762
0	447	trees,	10.949725151062012	7.031848907470703	7.038198471069336	7.704952716827393
0	448	just	6.798219203948975	6.131592273712158	5.94973087310791	6.230492115020752
0	449	as	3.380901575088501	1.5284830331802368	1.6415067911148071	1.5573147535324097
0	450	the	2.4659602642059326	2.5630781650543213	1.948676347732544	1.7419041395187378
0	451	huntsman	13.883673667907715	14.289329528808594	12.393951416015625	11.280518531799316
0	452	had	4.225899696350098	3.8585894107818604	3.7283825874328613	1.9229034185409546
0	453	predicted.	10.914224624633789	9.134509086608887	9.964400291442871	5.528571605682373
0	454	The	1.8393640518188477	2.044922113418579	1.9178234338760376	1.7922803163528442
0	455	huntsman	13.576337814331055	14.514598846435547	13.061691284179688	6.387409687042236
0	456	leaped	8.950448989868164	7.953074932098389	8.929835319519043	7.305064678192139
0	457	from	2.3332204818725586	1.9207465648651123	1.9570324420928955	1.895249605178833
0	458	his	4.186800003051758	2.039577007293701	0.9167683124542236	1.0458805561065674
0	459	hiding	11.497116088867188	7.321800231933594	4.446502685546875	4.993566513061523
0	460	place	4.205814361572266	0.9975219964981079	0.7139965295791626	0.5745499134063721
0	461	and	3.273303508758545	3.0621159076690674	1.8864238262176514	1.306998610496521
0	462	through	7.6856489181518555	8.568686485290527	8.738844871520996	7.7696213722229
0	463	the	1.1363747119903564	1.1374648809432983	1.5066040754318237	0.9727509021759033
0	464	heart	7.885250568389893	6.7477216720581055	6.672764778137207	6.8271636962890625
0	465	with	5.363176345825195	4.495476245880127	4.701484203338623	4.489038467407227
0	466	his	4.146527290344238	3.6150336265563965	3.93399977684021	2.970984935760498
0	467	fine	8.662792205810547	8.12470531463623	7.814401149749756	8.08217716217041
0	468	arrows	11.9970703125	11.105133056640625	10.936406135559082	10.321237564086914
0	469	shot	8.91675853729248	5.8000383377075195	5.248412132263184	5.031331539154053
0	470	the	3.6879971027374268	4.6394758224487305	4.936991214752197	3.640533685684204
0	471	boar.	14.85372257232666	12.127840042114258	11.96407413482666	11.101308822631836
0	472	Now	5.75212287902832	5.68670654296875	5.209921836853027	5.91170597076416
0	473	the	2.7516024112701416	2.3792495727539062	2.026517868041992	2.102689027786255
0	474	problem	6.95890998840332	4.509228706359863	5.899515151977539	6.890209197998047
0	475	was	3.937856674194336	3.825690269470215	2.8818037509918213	2.575925350189209
0	476	no	4.312295913696289	6.298145771026611	6.138671398162842	4.501145839691162
0	477	longer	2.3771049976348877	2.598710060119629	0.937108039855957	0.9516189098358154
0	478	to	4.430319786071777	5.1102800369262695	5.302194595336914	4.981464385986328
0	479	kill	6.794615745544434	6.40424919128418	7.983763217926025	7.823605537414551
0	480	the	2.408945083618164	2.275782823562622	1.990831732749939	2.0733399391174316
0	481	boar.	14.85372257232666	11.694466590881348	10.809623718261719	10.856951713562012
0	482	It	3.054675579071045	3.187623977661133	3.2678542137145996	3.304945230484009
0	483	was	1.702970027923584	1.2643617391586304	1.1220942735671997	1.1538796424865723
0	484	to	4.248964786529541	5.676238059997559	5.7334747314453125	5.759612560272217
0	485	find	5.1783552169799805	4.5593485832214355	5.783923149108887	5.646058082580566
0	486	a	2.124114513397217	1.854661226272583	1.463768482208252	1.9061119556427002
0	487	way	5.7758684158325195	2.0565500259399414	1.9663680791854858	1.2057932615280151
0	488	to	1.2989118099212646	0.8842761516571045	0.24699322879314423	0.2664552330970764
0	489	carry	6.459979057312012	6.66383171081543	7.067070960998535	6.809713363647461
0	490	the	2.423893690109253	2.3865137100219727	2.593822717666626	2.3750061988830566
0	491	boar	12.689279556274414	12.068931579589844	12.216425895690918	11.511384010314941
0	492	back.	10.257028579711914	9.730355262756348	6.865158557891846	6.150440216064453
0	493	The	2.5943896770477295	2.331533670425415	2.326801061630249	2.151531457901001
0	494	head	7.476722240447998	7.143408298492432	6.4033203125	6.357725143432617
0	495	was	4.320772647857666	3.456726551055908	2.6805670261383057	1.7576768398284912
0	496	too	5.514091968536377	4.487739562988281	4.925468921661377	4.71018648147583
0	497	heavy	6.196429252624512	5.001003742218018	2.875181198120117	2.7639002799987793
0	498	for	6.051450729370117	1.1433018445968628	0.9589889049530029	0.793953001499176
0	499	the	1.8431031703948975	1.6778781414031982	1.730299472808838	2.0356106758117676
0	500	little	7.964140892028809	7.681090354919434	5.405845642089844	4.942172050476074
0	501	huntsman	14.961587905883789	12.275060653686523	13.114917755126953	12.697278022766113
0	502	to	3.4915835857391357	3.4638166427612305	3.3547475337982178	2.089963436126709
0	503	carry	6.459979057312012	5.454336643218994	5.143651485443115	5.438115119934082
0	504	back	6.680392742156982	6.532634735107422	5.475003719329834	5.268935203552246
0	505	to	1.4931408166885376	0.941561222076416	1.148987889289856	1.8728691339492798
0	506	the	2.180013418197632	1.2471520900726318	1.130638837814331	1.1817383766174316
0	507	Manor	12.444085121154785	12.323221206665039	11.576334953308105	11.592954635620117
0	508	House,	4.671806335449219	2.9416351318359375	2.799427032470703	2.939566135406494
0	509	but	4.039960861206055	4.553768157958984	3.8391480445861816	3.4805691242218018
0	510	the	2.655514717102051	2.4023232460021973	2.4625394344329834	2.4652838706970215
0	511	huntsman,	15.283048629760742	15.665164947509766	16.517541885375977	15.362390518188477
0	512	who	2.8181891441345215	2.703774929046631	2.131389856338501	2.1364383697509766
0	513	was	3.2742245197296143	2.311980962753296	1.9078997373580933	1.6284244060516357
0	514	as	6.121305465698242	6.510394096374512	5.230106830596924	5.174717426300049
0	515	quick-witted	15.276244163513184	11.823845863342285	8.37182331085205	8.923840522766113
0	516	and	1.8301877975463867	1.352210521697998	1.6907176971435547	1.7086492776870728
0	517	cunning	12.555543899536133	7.22555685043335	5.743747234344482	4.969431400299072
0	518	as	4.376892566680908	3.241109848022461	2.3838629722595215	0.2857275605201721
0	519	ever,	9.73109245300293	6.312278747558594	4.5971856117248535	4.222348690032959
0	520	asked	8.361573219299316	8.565873146057129	7.986295700073242	8.36408805847168
0	521	himself,	7.4815144538879395	6.2313432693481445	6.84177303314209	8.081266403198242
0	522	'What	9.62214183807373	4.482663154602051	4.881625652313232	3.6045923233032227
0	523	else	4.857041358947754	5.613271236419678	5.03876256942749	5.452040195465088
0	524	can	5.200836181640625	1.6591796875	1.5027589797973633	1.616424322128296
0	525	I	4.496889114379883	2.270380735397339	0.9904305338859558	0.6885665655136108
0	526	do	4.074650764465332	2.3436169624328613	2.0184237957000732	2.0117297172546387
0	527	to	4.247328281402588	4.349858283996582	1.454367756843567	0.7655962109565735
0	528	prove	6.972150802612305	5.4912261962890625	5.02441930770874	5.62341833114624
0	529	I	6.743356227874756	7.290002822875977	4.91029691696167	3.8525819778442383
0	530	killed	8.413765907287598	7.3875837326049805	6.784712791442871	6.749640464782715
0	531	the	2.6794464588165283	2.44317364692688	2.82086443901062	2.776205539703369
0	532	boar?'	21.148868560791016	17.581951141357422	15.880573272705078	14.748579978942871
0	533	The	3.7639331817626953	3.9533257484436035	3.970947027206421	3.707235097885132
0	534	next	5.9745306968688965	6.344629287719727	6.312893867492676	6.574400424957275
0	535	instance	10.113945007324219	8.183544158935547	8.111400604248047	8.158121109008789
0	536	he	5.701627731323242	6.824616432189941	5.562918663024902	3.691448926925659
0	537	opened	7.062367916107178	7.249632835388184	6.686159133911133	5.996884822845459
0	538	the	1.8517351150512695	1.0853806734085083	1.4781970977783203	1.3734647035598755
0	539	boar's	14.489730834960938	14.719640731811523	13.565685272216797	13.475482940673828
0	540	mouth	5.326104164123535	4.98908805847168	2.1386661529541016	2.2570481300354004
0	541	and	1.6888617277145386	1.6423206329345703	1.4654825925827026	0.9076336026191711
0	542	cut	8.51115894317627	7.171021461486816	6.8658647537231445	6.436211585998535
0	543	out	3.7126617431640625	3.20607328414917	3.2640414237976074	2.861184597015381
0	544	its	6.27332878112793	6.428867340087891	6.447230339050293	4.365544319152832
0	545	tongue,	11.922628402709961	10.563332557678223	6.665755748748779	6.862335205078125
0	546	taking	7.474074363708496	7.223486423492432	6.998859405517578	7.626533508300781
0	547	that	5.546268463134766	6.026775360107422	5.846897125244141	6.157797813415527
0	548	as	6.202862739562988	3.39066743850708	2.806063175201416	2.699146032333374
0	549	proof	9.162291526794434	8.262345314025879	6.519369125366211	6.280697345733643
0	550	for	3.587627649307251	3.738429069519043	4.000075817108154	4.7826247215271
0	551	the	1.8431031703948975	1.4134526252746582	1.2387161254882812	1.3863704204559326
0	552	Lord.	10.742341995239258	10.079611778259277	14.093527793884277	10.641216278076172
0	553	He	3.1475729942321777	2.8230717182159424	2.810129165649414	2.895752429962158
0	554	set	7.1809797286987305	6.561946392059326	6.575657367706299	6.458341598510742
0	555	out	4.0666399002075195	2.160351037979126	2.666205644607544	3.14355206489563
0	556	for	3.629181146621704	3.0797858238220215	2.4411840438842773	2.1955208778381348
0	557	the	1.8431031703948975	1.876044511795044	1.1737709045410156	1.248896837234497
0	558	Manor	12.444085121154785	13.191864967346191	12.56958293914795	9.67133617401123
0	559	House	4.111845970153809	2.00864839553833	2.4342446327209473	2.5428457260131836
0	560	as	6.004977226257324	4.798477649688721	4.163315296173096	4.4545183181762695
0	561	quickly	7.3541340827941895	6.884847164154053	7.530697822570801	6.563624382019043
0	562	as	3.383366584777832	0.1161629930138588	0.04590250551700592	0.05749818682670593
0	563	he	3.8243770599365234	2.935659408569336	3.0260720252990723	3.118021011352539
0	564	could	4.0830535888671875	4.300069808959961	2.006946563720703	1.7253774404525757
0	565	and	6.530396461486816	5.282334327697754	3.602447748184204	2.243011951446533
0	566	he	5.028239727020264	4.1078386306762695	2.4882540702819824	3.377124071121216
0	567	had	2.924950361251831	3.0828452110290527	3.0818066596984863	3.642073631286621
0	568	only	5.976154327392578	5.406332969665527	5.2554168701171875	5.570675849914551
0	569	been	5.811637878417969	2.344768524169922	2.2194859981536865	2.4486446380615234
0	570	gone	8.244239807128906	7.14099645614624	5.400107383728027	4.185578346252441
0	571	a	5.020773410797119	2.556705951690674	1.4011681079864502	1.0577642917633057
0	572	few	4.649507522583008	3.7425477504730225	2.266082763671875	0.9833193421363831
0	573	minutes	3.6791670322418213	3.346923589706421	3.5998177528381348	2.3812308311462402
0	574	when	5.682160377502441	5.409483909606934	5.422652244567871	4.872393608093262
0	575	a	3.416940689086914	3.6161558628082275	3.6335463523864746	3.13299560546875
0	576	second	5.807012557983398	5.904481410980225	5.309513092041016	5.532553672790527
0	577	huntsman,	14.809955596923828	16.60828971862793	16.77187728881836	16.526782989501953
0	578	not	5.795416355133057	6.223846912384033	6.360648155212402	5.7766218185424805
0	579	so	5.246119976043701	4.782604217529297	4.565977096557617	4.214230060577393
0	580	bold	9.626530647277832	8.124272346496582	7.849160671234131	7.2976975440979
0	581	as	4.394209384918213	1.4125356674194336	0.7155940532684326	0.7785490155220032
0	582	the	2.4659602642059326	2.5429201126098633	7.102169513702393	4.59536600112915
0	583	first	4.495286464691162	4.394420623779297	4.82896089553833	4.380415916442871
0	584	but	8.052778244018555	8.670587539672852	8.54570484161377	5.816648483276367
0	585	a	4.024580001831055	4.756443023681641	4.469742774963379	4.722615718841553
0	586	little	4.897584915161133	3.916853666305542	3.5789382457733154	3.799281358718872
0	587	more	2.8903658390045166	2.5596747398376465	2.4267303943634033	2.3611936569213867
0	588	cunning,	14.511775016784668	11.933722496032715	11.94776439666748	11.647215843200684
0	589	came	8.67305850982666	8.213654518127441	7.804072380065918	7.752166748046875
0	590	on	3.864858627319336	4.735772132873535	4.9592814445495605	5.074982643127441
0	591	the	1.213181972503662	1.3199338912963867	1.4840010404586792	1.6078786849975586
0	592	scene.	10.192869186401367	8.836711883544922	3.793513536453247	3.027151346206665
0	593	Seeing	8.452291488647461	8.270286560058594	8.232257843017578	7.979567527770996
0	594	the	1.7322442531585693	1.5466792583465576	1.4097357988357544	1.427428960800171
0	595	slain	12.492724418640137	10.56309700012207	8.902520179748535	8.511683464050293
0	596	carcass	16.06021499633789	10.264784812927246	8.276537895202637	8.825807571411133
0	597	of	2.352625846862793	1.600228190422058	1.1578295230865479	0.6052353382110596
0	598	the	1.4737688302993774	1.3267358541488647	1.8242076635360718	1.4563820362091064
0	599	boar,	14.175932884216309	14.135777473449707	8.892634391784668	7.329940319061279
0	600	the	3.00421404838562	2.6942319869995117	2.5562901496887207	2.719602584838867
0	601	huntsman	13.883673667907715	8.542791366577148	7.426341533660889	7.1951189041137695
0	602	rejoiced	11.147126197814941	11.667462348937988	10.774864196777344	10.37217903137207
0	603	in	1.5870919227600098	1.3511507511138916	1.623729944229126	1.5946439504623413
0	604	his	4.316005706787109	2.882702112197876	1.8056479692459106	1.550062656402588
0	605	good	7.774806976318359	8.588152885437012	3.9985787868499756	3.914170742034912
0	606	fortune.	9.188798904418945	4.796154499053955	6.137598514556885	1.6702748537063599
0	607	The	2.511871814727783	2.4934492111206055	2.5649399757385254	2.5885095596313477
0	608	second	5.323416709899902	5.494773864746094	5.482410430908203	5.6226654052734375
0	609	huntsman	13.716235160827637	14.431661605834961	12.941654205322266	12.007153511047363
0	610	knew	6.980268478393555	7.07564640045166	6.257823944091797	6.025335788726807
0	611	a	4.495351314544678	4.29325532913208	4.418254852294922	3.905689239501953
0	612	shortcut	10.068599700927734	8.580015182495117	7.494541168212891	6.572109222412109
0	613	to	1.272499918937683	0.8173233270645142	0.6621682643890381	1.0171797275543213
0	614	the	2.180013418197632	1.900280237197876	1.654009222984314	1.460655927658081
0	615	Manor	12.444085121154785	12.323221206665039	13.09243392944336	11.979009628295898
0	616	House	4.111845970153809	2.00864839553833	1.986208438873291	1.814378261566162
0	617	was	4.1619977951049805	3.144597053527832	3.221754312515259	4.259298801422119
0	618	just	5.192382335662842	5.6119065284729	6.285221576690674	6.169816017150879
0	619	around	6.75238561630249	6.18527364730835	4.1083245277404785	3.5532946586608887
0	620	the	1.2614864110946655	0.2660645842552185	0.26407524943351746	0.023108825087547302
0	621	nearby	9.411748886108398	9.885787963867188	11.280399322509766	11.760573387145996
0	622	pond,	11.60875129699707	8.94308090209961	7.593084335327148	7.785403251647949
0	623	and,	6.595503807067871	6.773628234863281	6.6830339431762695	7.1028547286987305
0	624	being	5.64655876159668	5.084223747253418	5.301401138305664	5.518157005310059
0	625	a	2.72825288772583	1.9824668169021606	1.975935935974121	2.1858279705047607
0	626	bigger	8.300822257995605	7.76966667175293	8.346627235412598	8.562943458557129
0	627	man	6.863186359405518	6.916202545166016	5.126465797424316	3.341641426086426
0	628	than	6.604700088500977	1.517188549041748	1.1735957860946655	0.8607930541038513
0	629	the	2.2189552783966064	2.615277051925659	2.625544786453247	3.069481611251831
0	630	first,	9.170263290405273	6.552392959594727	5.985810279846191	5.553485870361328
0	631	was	5.992321491241455	5.710597038269043	5.1387104988098145	4.011091709136963
0	632	able	5.298504829406738	5.666781902313232	5.6224846839904785	5.320151329040527
0	633	to	0.030165337026119232	0.016539543867111206	0.023536527529358864	0.03508307784795761
0	634	pick	7.367620468139648	6.260901927947998	5.759716033935547	5.920251846313477
0	635	up	0.6040449142456055	0.7650759816169739	0.745106041431427	0.6749577522277832
0	636	the	2.6440300941467285	1.270619511604309	1.3910354375839233	1.4091705083847046
0	637	boar's	14.489730834960938	13.523398399353027	14.698492050170898	14.199331283569336
0	638	head	1.9821404218673706	2.516068458557129	2.127203941345215	3.283285617828369
0	639	and	2.132467746734619	2.196561813354492	2.1782779693603516	1.2278375625610352
0	640	carry	8.692203521728516	8.549675941467285	6.86659049987793	6.846868515014648
0	641	it	3.873047351837158	2.689324140548706	1.659058928489685	0.2965873181819916
0	642	through	6.1374311447143555	4.035093784332275	3.8002216815948486	4.309796333312988
0	643	the	1.1363747119903564	1.2824435234069824	1.339188575744629	1.3940081596374512
0	644	wood	9.29893684387207	7.742727279663086	7.455859184265137	8.2064847946167
0	645	towards	8.887456893920898	7.707475185394287	5.288012504577637	6.316666126251221
0	646	the	1.0973165035247803	0.7229496836662292	0.4282993674278259	0.37811464071273804
0	647	prize	10.89177417755127	10.461755752563477	11.362709045410156	11.383707046508789
0	648	that	5.155180931091309	4.424740314483643	4.042057514190674	3.8797593116760254
0	649	awaited	12.610477447509766	9.519543647766113	7.089389801025391	5.162125110626221
0	650	him.	4.322722434997559	3.0390589237213135	2.9606943130493164	2.7927613258361816
0	651	The	2.814800262451172	2.408905506134033	2.497177839279175	2.3422741889953613
0	652	Lord	8.076041221618652	6.842276573181152	6.480536460876465	6.762524604797363
0	653	of	2.343085289001465	2.4852802753448486	2.761435031890869	1.0657728910446167
0	654	the	1.4737688302993774	0.8261224627494812	0.38862675428390503	1.1006823778152466
0	655	Manor	12.444085121154785	12.144734382629395	4.241275787353516	4.714085578918457
0	656	was	3.196863889694214	3.757392644882202	3.744544506072998	3.7809696197509766
0	657	seated	9.083869934082031	9.05156135559082	9.418039321899414	9.390503883361816
0	658	in	1.8927600383758545	1.3534108400344849	1.3363561630249023	1.38386869430542
0	659	his	4.316005706787109	3.2467355728149414	2.784878969192505	2.8832192420959473
0	660	hall	10.229439735412598	9.86202621459961	8.6162691116333	8.873373031616211
0	661	when	5.940688133239746	4.981773853302002	4.037264347076416	4.062116622924805
0	662	the	2.10417103767395	1.9742276668548584	1.9823665618896484	1.9672387838363647
0	663	second	5.61448860168457	6.229853630065918	6.120258331298828	6.887635231018066
0	664	huntsman	13.716235160827637	15.39214038848877	14.077905654907227	12.936500549316406
0	665	burst	9.679669380187988	8.52881908416748	7.554156303405762	6.3157148361206055
0	666	through	3.609955310821533	2.7810568809509277	2.7704672813415527	2.705446481704712
0	667	the	1.1363747119903564	0.4716945290565491	0.1635422557592392	0.13689377903938293
0	668	door	7.268364429473877	5.569199085235596	2.9692721366882324	2.0593113899230957
0	669	and	1.9702023267745972	1.961493730545044	1.142424464225769	1.100142002105713
0	670	began	8.250997543334961	5.572590351104736	5.562806606292725	5.687353134155273
0	671	to	1.1736726760864258	0.8118298053741455	0.754691481590271	0.7201117873191833
0	672	spin	9.383540153503418	7.410499095916748	7.1018571853637695	8.185741424560547
0	673	a	5.897262096405029	3.0759222507476807	4.694772720336914	4.29903507232666
0	674	line.	10.54739761352539	8.50587272644043	8.406285285949707	9.391079902648926
0	675	'The	9.242040634155273	9.300825119018555	9.02859115600586	9.268218040466309
0	676	woes	13.607271194458008	13.254240989685059	13.100906372070312	12.93427848815918
0	677	of	1.8133416175842285	0.189682736992836	0.2144232839345932	0.226358100771904
0	678	Bradford	13.106612205505371	12.409865379333496	11.927907943725586	11.575733184814453
0	679	are	4.722077369689941	5.22736930847168	4.482630729675293	1.637955665588379
0	680	ended!'	21.231157302856445	22.646337509155273	20.960134506225586	21.090320587158203
0	681	he	2.217209815979004	2.528770923614502	2.420220136642456	2.6226348876953125
0	682	announced.	9.44747543334961	6.501063346862793	7.452918529510498	6.638343334197998
0	683	'With	10.659201622009277	8.511775970458984	6.577421188354492	6.486784934997559
0	684	my	3.7141599655151367	3.9975874423980713	3.5272271633148193	3.429556369781494
0	685	own	4.009457588195801	2.69809889793396	2.676784038543701	2.5487823486328125
0	686	hand	6.056558609008789	6.51057243347168	4.108853340148926	4.514158248901367
0	687	I	6.241971969604492	5.299929618835449	3.314509630203247	0.248049795627594
0	688	have	2.890766143798828	3.049149513244629	2.8961329460144043	3.096585988998413
0	689	slain	10.942366600036621	10.439724922180176	9.82203197479248	5.979435920715332
0	690	the	4.563426971435547	1.8565435409545898	2.129932165145874	2.218350410461426
0	691	boar!'	21.35443878173828	16.754335403442383	13.654693603515625	11.765616416931152
0	692	And,	7.4730682373046875	7.276766777038574	7.357985019683838	7.404178619384766
0	693	with	4.462008476257324	2.939181327819824	2.9260263442993164	3.3740673065185547
0	694	that,	8.137948036193848	3.830504894256592	2.146965503692627	2.129324436187744
0	695	at	3.977799892425537	6.045174598693848	7.388096809387207	6.995043754577637
0	696	the	1.4987046718597412	1.289151906967163	1.4998515844345093	1.4770348072052002
0	697	feet	9.814565658569336	7.207531452178955	10.131545066833496	8.797340393066406
0	698	of	2.462064743041992	0.9495746493339539	0.08101382106542587	0.031911417841911316
0	699	his	4.446447372436523	4.0859832763671875	3.535473346710205	3.2625842094421387
0	700	lord	10.266929626464844	10.855450630187988	9.845638275146484	7.7351250648498535
0	701	he	6.154840469360352	6.108708381652832	5.110095024108887	5.0996856689453125
0	702	dropped	7.521310806274414	9.54568862915039	9.362335205078125	8.965965270996094
0	703	the	2.4888129234313965	1.9889906644821167	2.1034138202667236	1.7627851963043213
0	704	boar's	14.489730834960938	13.698556900024414	13.036808967590332	11.324212074279785
0	705	enormous	8.4429292678833	7.160012722015381	8.523061752319336	9.444889068603516
0	706	head.	9.459606170654297	3.9816057682037354	3.6597795486450195	3.1427078247070312
0	707	'Then	9.420788764953613	10.509387969970703	10.526785850524902	10.094439506530762
0	708	you	2.521068572998047	2.0832395553588867	1.8419705629348755	2.231877326965332
0	709	will	3.8414955139160156	2.461843729019165	2.5268709659576416	2.2279200553894043
0	710	be	1.430108904838562	1.89599609375	2.068082094192505	2.090557813644409
0	711	rewarded,	11.957776069641113	10.867289543151855	9.151742935180664	8.23812484741211
0	712	as	3.273728132247925	3.3500149250030518	3.3024396896362305	3.174161195755005
0	713	I	4.476711750030518	3.573826313018799	3.895336389541626	3.976156234741211
0	714	promised.'	16.619403839111328	14.083194732666016	13.99385929107666	12.273122787475586
0	715	'But	7.436002254486084	6.521833419799805	6.78357458114624	6.367395401000977
0	716	first,	7.581048965454102	8.911785125732422	9.152791976928711	8.536264419555664
0	717	let	6.048383712768555	2.742971658706665	2.919874429702759	2.8651320934295654
0	718	me	2.1777853965759277	1.1206518411636353	0.5456227660179138	0.8146238327026367
0	719	examine	10.91780948638916	7.875662803649902	7.961271286010742	6.491166114807129
0	720	the	0.6549767851829529	1.139426350593567	1.4855620861053467	0.8686381578445435
0	721	head	7.258533477783203	9.777364730834961	8.038949012756348	8.356551170349121
0	722	of	1.9877550601959229	0.7065396308898926	1.0909898281097412	0.6114915013313293
0	723	this	4.404536247253418	4.887930870056152	4.531155586242676	4.166958808898926
0	724	monster,'	17.662799835205078	16.562681198120117	14.220871925354004	13.064330101013184
0	725	said	2.138087749481201	1.7045708894729614	1.6533782482147217	1.7244702577590942
0	726	the	2.604597806930542	2.0396227836608887	1.9686766862869263	1.9843930006027222
0	727	Lord	8.567073822021484	7.76806640625	6.444353103637695	6.219535827636719
0	728	of	2.343085289001465	2.7501041889190674	2.3209478855133057	1.2255914211273193
0	729	the	1.4737688302993774	0.8261224627494812	0.9826054573059082	0.8659933805465698
0	730	Manor.	14.970735549926758	14.592293739318848	6.116264343261719	6.178177833557129
0	731	To	5.2513885498046875	5.420666694641113	5.356844902038574	5.544595718383789
0	732	not	8.370977401733398	8.335531234741211	8.29923152923584	8.604917526245117
0	733	examine	9.449224472045898	9.356952667236328	9.146618843078613	9.2767972946167
0	734	the	0.6549767851829529	0.9419373273849487	1.1367783546447754	1.023650050163269
0	735	head	7.258533477783203	9.777364730834961	9.419929504394531	8.754777908325195
0	736	in	3.2781572341918945	4.552723407745361	4.111660003662109	4.101999759674072
0	737	advance	8.357982635498047	9.588032722473145	8.562878608703613	8.976578712463379
0	738	had	7.952537536621094	7.858029365539551	6.7078857421875	6.682571887969971
0	739	not	3.6423168182373047	3.6604676246643066	3.7522807121276855	3.614993095397949
0	740	been	4.658369064331055	1.4124785661697388	0.9449269771575928	1.0120980739593506
0	741	very	5.034624099731445	5.644281387329102	5.756986618041992	5.304192066192627
0	742	clever	7.945108413696289	6.426279067993164	6.823817253112793	6.414445877075195
0	743	on	6.014681339263916	5.527027130126953	4.6894659996032715	4.244769096374512
0	744	the	1.213181972503662	1.1475812196731567	1.2813001871109009	1.6374584436416626
0	745	part	7.6265974044799805	5.430875778198242	3.6030728816986084	2.7536745071411133
0	746	of	0.3488386571407318	0.3519565463066101	0.03184279054403305	0.012741437181830406
0	747	the	1.4737688302993774	0.7519347667694092	0.7311333417892456	0.607306718826294
0	748	huntsman.	16.13945198059082	17.15409278869629	17.863460540771484	16.507925033569336
0	749	Right	8.546074867248535	8.770782470703125	8.834248542785645	8.579362869262695
0	750	away,	5.029258728027344	4.364173412322998	3.978081226348877	4.167316913604736
0	751	the	2.9158921241760254	2.2126548290252686	2.0732505321502686	1.7044121026992798
0	752	Lord	8.567073822021484	7.300318241119385	7.037304878234863	7.712197303771973
0	753	noticed	10.145431518554688	10.920573234558105	9.967382431030273	9.24169921875
0	754	the	2.0113039016723633	1.6608893871307373	2.0818679332733154	2.0787367820739746
0	755	tongue	10.153488159179688	9.781193733215332	9.523176193237305	9.77472972869873
0	756	of	3.088449239730835	1.9219366312026978	1.7899373769760132	0.782249391078949
0	757	the	1.4737688302993774	1.2235965728759766	1.0710183382034302	1.2261489629745483
0	758	boar	12.689279556274414	12.903812408447266	9.814340591430664	9.694448471069336
0	759	was	4.006946563720703	3.2534375190734863	3.4141464233398438	3.183380365371704
0	760	missing	8.187287330627441	7.508561611175537	8.017496109008789	7.6816511154174805
0	761	and	3.3764660358428955	3.096219062805176	2.316993236541748	2.135059118270874
0	762	exclaimed,	12.194392204284668	13.127636909484863	12.13538646697998	12.868021011352539
0	763	'What	7.088644981384277	5.619753837585449	5.207454204559326	5.0104193687438965
0	764	is	2.0020952224731445	1.9643990993499756	2.1447031497955322	2.6358437538146973
0	765	this?	10.087874412536621	4.989032745361328	3.3517699241638184	2.595531940460205
0	766	A	5.000821113586426	4.227443695068359	2.42855167388916	2.8199758529663086
0	767	boar	13.905922889709473	12.40328598022461	11.964996337890625	10.935232162475586
0	768	with	3.669687271118164	3.711991786956787	3.086134433746338	2.620716094970703
0	769	no	4.933034896850586	5.363784313201904	5.521437168121338	4.231542587280273
0	770	tongue?'	18.467187881469727	18.13202667236328	13.913790702819824	13.767752647399902
0	771	He	4.07102632522583	3.5975394248962402	3.214827060699463	3.3135905265808105
0	772	looked	4.870909214019775	3.203258514404297	3.3530755043029785	3.4030628204345703
0	773	at	1.6668345928192139	1.396777868270874	1.0929667949676514	1.1346098184585571
0	774	the	1.4987046718597412	1.4427490234375	1.4442228078842163	1.821860671043396
0	775	huntsman,	15.283048629760742	16.672473907470703	14.816295623779297	14.27757740020752
0	776	dubiously.	18.547672271728516	17.1866455078125	15.454148292541504	12.21614933013916
0	777	'How	6.463838577270508	7.435667514801025	7.246335029602051	6.768495559692383
0	778	come	4.730161190032959	4.347938060760498	5.230820178985596	4.942720413208008
0	779	this	6.695399284362793	4.218599319458008	4.771657943725586	4.687023639678955
0	780	creature	10.170875549316406	11.933799743652344	7.705167770385742	7.389073848724365
0	781	has	4.170983791351318	3.787903308868408	3.608246088027954	2.3423593044281006
0	782	no	3.8824050426483154	3.4766337871551514	3.173611879348755	3.4406843185424805
0	783	tongue?'	18.467187881469727	19.035701751708984	15.65127944946289	16.27433204650879
0	784	he	2.1965622901916504	2.4116060733795166	2.4388976097106934	2.4533965587615967
0	785	demanded.	10.645980834960938	5.271388053894043	4.908495903015137	5.606481075286865
0	786	All	6.455388069152832	7.000265598297119	7.848141670227051	7.368741989135742
0	787	eyes	6.915496349334717	3.53407883644104	3.269329071044922	2.476975440979004
0	788	were	3.281461238861084	0.8609213829040527	1.3928022384643555	1.3381967544555664
0	789	on	5.240340709686279	3.710348129272461	5.091305255889893	0.5325894951820374
0	790	the	1.213181972503662	1.0230882167816162	1.2039164304733276	1.2880408763885498
0	791	huntsman.	16.13945198059082	17.649415969848633	18.894874572753906	12.934072494506836
0	792	The	2.3663365840911865	2.0944597721099854	2.0862746238708496	2.0734763145446777
0	793	huntsman	13.576337814331055	4.918060302734375	2.812868118286133	2.7405450344085693
0	794	questioned	11.321791648864746	9.757229804992676	9.374577522277832	8.934410095214844
0	795	by	2.812566041946411	3.1163015365600586	5.025411605834961	5.949733734130859
0	796	the	1.6374341249465942	1.2672659158706665	1.1520594358444214	0.9415035843849182
0	797	Lord	8.567073822021484	7.8938822746276855	7.790724754333496	6.004251003265381
0	798	replied,	9.693191528320312	8.043747901916504	10.619288444519043	10.56234073638916
0	799	'I	5.060866355895996	4.913069248199463	4.9735565185546875	4.574238300323486
0	800	cannot	5.275234222412109	4.695754051208496	5.1606764793396	5.366644859313965
0	801	say,	7.740117073059082	6.175207614898682	5.726316452026367	7.511838436126709
0	802	my	5.423830509185791	6.435823440551758	2.6232712268829346	2.996534824371338
0	803	Lord.'	13.666915893554688	10.937753677368164	9.272756576538086	6.011083602905273
0	804	He	2.1800642013549805	2.1106131076812744	1.953039288520813	2.019839286804199
0	805	was	2.231938362121582	2.3842391967773438	2.4296252727508545	2.5976791381835938
0	806	suddenly	8.494426727294922	7.9153642654418945	7.457799911499023	7.013516426086426
0	807	realizing	9.080042839050293	7.987774848937988	7.677180290222168	8.602008819580078
0	808	his	3.615910291671753	4.586633682250977	5.293191909790039	4.203304767608643
0	809	tricky	12.902901649475098	12.365267753601074	12.781469345092773	13.535490989685059
0	810	situation	5.11216926574707	7.197109222412109	7.265100955963135	5.463421821594238
0	811	could	5.602128505706787	7.2115864753723145	5.575318813323975	6.042864799499512
0	812	end	6.744261264801025	6.054147720336914	5.08384895324707	4.5086798667907715
0	813	badly	12.601011276245117	6.882157802581787	4.2893242835998535	3.967740058898926
0	814	for	4.0318217277526855	0.8030508756637573	0.5305171012878418	0.5196115970611572
0	815	him.	6.78877592086792	4.2185468673706055	3.819220542907715	3.2685658931732178
0	816	Through	7.758932113647461	7.831813812255859	8.076231956481934	8.10532283782959
0	817	the	1.114436388015747	1.1432545185089111	1.5009653568267822	1.3682639598846436
0	818	door	7.268364429473877	5.676035404205322	4.189912796020508	4.72189998626709
0	819	at	4.0667595863342285	4.275930404663086	4.098028182983398	4.360265731811523
0	820	this	4.386767864227295	4.711045742034912	4.088938236236572	6.0983757972717285
0	821	moment,	7.727574348449707	4.851482391357422	4.662014007568359	4.748322010040283
0	822	the	2.474501848220825	2.6418330669403076	2.8326175212860107	3.17038893699646
0	823	first	4.495286464691162	5.453153610229492	4.987360000610352	5.110118865966797
0	824	huntsman	15.10938549041748	15.10345458984375	12.390477180480957	12.971810340881348
0	825	burst.	15.44939136505127	15.103689193725586	14.881121635437012	13.099677085876465
0	826	'The	9.072071075439453	6.475009918212891	6.658450126647949	6.934863090515137
0	827	woes	13.607271194458008	13.086332321166992	13.335886001586914	12.830528259277344
0	828	of	1.8133416175842285	0.189682736992836	0.22631779313087463	0.1892968863248825
0	829	Bradford	13.106612205505371	12.409865379333496	11.927907943725586	12.03124713897705
0	830	are	4.722077369689941	5.22736930847168	4.482630729675293	1.637955665588379
0	831	ended!'	21.231157302856445	22.646337509155273	20.960134506225586	21.090320587158203
0	832	he	2.217209815979004	2.528770923614502	2.420220136642456	2.6226348876953125
0	833	cried.	8.839088439941406	3.0691471099853516	2.766268730163574	2.8051326274871826
0	834	'I	4.738724231719971	3.810037612915039	2.195639133453369	2.3405675888061523
0	835	have	2.729746103286743	3.075129747390747	2.823288679122925	2.2097833156585693
0	836	slain	10.942366600036621	8.782645225524902	8.045050621032715	6.941601753234863
0	837	the	4.563426971435547	1.8565435409545898	1.7331513166427612	1.926020860671997
0	838	boar	12.689279556274414	8.91872787475586	7.7294464111328125	6.664426803588867
0	839	the	5.445827484130859	5.426280498504639	6.185872554779053	6.061119079589844
0	840	people	6.889947891235352	6.373099327087402	6.209364414215088	5.67972993850708
0	841	of	3.4909071922302246	1.8265588283538818	1.3772472143173218	1.3713380098342896
0	842	Bradford	13.106612205505371	10.495096206665039	9.397701263427734	10.922704696655273
0	843	dreaded!'	25.91162872314453	25.725095748901367	26.665977478027344	26.26938247680664
0	844	All	7.0970458984375	7.057581901550293	6.751868724822998	6.546778678894043
0	845	eyes	6.915496349334717	4.854534149169922	5.237488269805908	4.9864091873168945
0	846	turned	5.861886978149414	4.45411491394043	1.947227120399475	1.5595279932022095
0	847	to	1.8553006649017334	1.3990448713302612	0.5011774897575378	0.7668182849884033
0	848	the	2.180013418197632	1.6739287376403809	2.002814292907715	1.4054386615753174
0	849	man	7.22468376159668	7.850420951843262	4.429740905761719	3.8668713569641113
0	850	who	2.1632485389709473	1.6608195304870605	1.221684217453003	1.915959119796753
0	851	now	6.231472015380859	6.802996635437012	6.419887542724609	6.367345809936523
0	852	stood	8.475096702575684	6.183147430419922	4.090814113616943	2.9671502113342285
0	853	in	2.566636085510254	1.9395017623901367	2.0288548469543457	1.8875646591186523
0	854	the	1.3686838150024414	0.9776685833930969	1.0711565017700195	1.0842084884643555
0	855	doorway.	11.835840225219727	9.68917465209961	3.3927032947540283	4.443417549133301
0	856	'The	7.853133678436279	7.274838447570801	6.691009521484375	6.771720886230469
0	857	reward	10.672229766845703	9.944271087646484	9.899764060974121	9.956221580505371
0	858	is	3.807231903076172	1.8625633716583252	1.403134822845459	1.2591267824172974
0	859	already	6.590404033660889	7.22376823425293	7.243588447570801	5.902574062347412
0	860	given,'	15.646732330322266	16.12982940673828	12.346489906311035	7.84227991104126
0	861	said	1.7012832164764404	1.4722468852996826	1.896314263343811	1.9282662868499756
0	862	the	2.604597806930542	1.8748774528503418	1.9711562395095825	1.7430353164672852
0	863	Lord	8.567073822021484	7.76806640625	6.03690242767334	6.10735559463501
0	864	of	2.343085289001465	2.7501041889190674	2.3209478855133057	2.0140514373779297
0	865	the	1.4737688302993774	0.8261224627494812	0.9826054573059082	0.8659933805465698
0	866	Manor.	14.970735549926758	14.592293739318848	6.116264343261719	6.178177833557129
0	867	'The	9.281425476074219	8.144550323486328	8.086950302124023	7.9996771812438965
0	868	man	5.908108711242676	4.466009140014648	4.124316215515137	4.2932868003845215
0	869	here	7.840522766113281	8.133810043334961	7.3931403160095215	7.378602504730225
0	870	has	5.497846603393555	3.708923816680908	2.670610189437866	2.482118844985962
0	871	brought	6.362249374389648	6.347843170166016	5.765413284301758	5.090193271636963
0	872	to	2.3347339630126953	2.5149173736572266	2.676072120666504	3.3718936443328857
0	873	me	6.302051067352295	4.619795799255371	5.045764446258545	4.173061370849609
0	874	the	3.7086572647094727	3.753560781478882	3.510441303253174	2.2518763542175293
0	875	boar's	14.489730834960938	14.764144897460938	15.32146167755127	13.592469215393066
0	876	head.'	8.78286075592041	9.355855941772461	7.279454231262207	9.105181694030762
0	877	'Then	7.823254585266113	7.904995918273926	7.380456924438477	7.269880294799805
0	878	where	5.195379257202148	5.112621307373047	5.414213180541992	5.705623626708984
0	879	is	5.425018310546875	1.40082848072052	1.2472856044769287	1.0706787109375
0	880	its	7.110032081604004	7.028082847595215	7.841507911682129	7.596288204193115
0	881	tongue?'	20.38397216796875	21.701311111450195	14.60863971710205	8.76081657409668
0	882	the	4.135848522186279	3.834638833999634	4.031725883483887	4.007107257843018
0	883	first	4.495286464691162	5.710472106933594	5.21157169342041	5.080873489379883
0	884	huntsman	15.10938549041748	15.10345458984375	10.800681114196777	9.724900245666504
0	885	replied.	10.62221908569336	11.281440734863281	11.613720893859863	4.366416931152344
0	886	And,	8.290209770202637	9.155641555786133	9.267578125	9.215951919555664
0	887	so	5.416784286499023	5.311476707458496	5.234131813049316	5.227650165557861
0	888	saying,	10.127748489379883	7.191805839538574	3.537468194961548	1.5729769468307495
0	889	he	5.402722358703613	1.9578174352645874	0.8577859997749329	0.6889827847480774
0	890	drew	6.9380292892456055	7.305726051330566	4.664876937866211	4.280878067016602
0	891	out	4.641810894012451	3.280447006225586	3.21354079246521	2.911532402038574
0	892	the	3.0494792461395264	1.7890926599502563	1.594916582107544	1.681524395942688
0	893	boar's	14.489730834960938	14.178874969482422	12.338541984558105	11.596324920654297
0	894	tongue	6.6043524742126465	6.545976638793945	5.949392795562744	4.1881561279296875
0	895	he	6.2712907791137695	6.150077819824219	5.406346321105957	5.5124053955078125
0	896	had	2.924950361251831	2.391666889190674	2.2479617595672607	2.1197426319122314
0	897	put	6.496943473815918	6.046431541442871	5.690395355224609	5.46354866027832
0	898	in	2.9427032470703125	2.68320894241333	2.6268928050994873	2.0553810596466064
0	899	his	4.316005706787109	3.821024179458618	3.244267225265503	2.093064308166504
0	900	hunting	9.526123046875	10.245347023010254	11.014915466308594	11.014573097229004
0	901	pouch	13.26888370513916	8.242484092712402	6.749529838562012	5.626692295074463
0	902	and	2.2056450843811035	2.2952539920806885	0.9515711665153503	1.1892536878585815
0	903	related	8.291525840759277	8.997913360595703	9.18308162689209	10.975105285644531
0	904	how	9.36072826385498	9.985970497131348	10.157709121704102	9.910306930541992
0	905	he	3.5885136127471924	2.686565399169922	1.8279550075531006	1.965356707572937
0	906	had	2.924950361251831	2.8479743003845215	1.8367213010787964	1.3042588233947754
0	907	ambushed	11.362556457519531	12.441341400146484	10.927833557128906	10.026979446411133
0	908	the	2.1587650775909424	1.5742194652557373	1.6854488849639893	1.6762245893478394
0	909	creature	10.463249206542969	9.456453323364258	8.573342323303223	7.262186050415039
0	910	in	3.2006072998046875	3.3518624305725098	2.1754112243652344	2.055083751678467
0	911	the	1.3686838150024414	1.0300462245941162	1.2096991539001465	0.998969316482544
0	912	wood	9.29893684387207	9.587113380432129	7.178988456726074	7.478175163269043
0	913	and	2.274629592895508	2.498492479324341	2.291325569152832	2.461362361907959
0	914	cut	8.51115894317627	6.12228536605835	5.372025012969971	5.759889602661133
0	915	out	3.7126617431640625	3.20607328414917	3.334789276123047	3.199111223220825
0	916	its	6.27332878112793	6.428867340087891	6.447230339050293	5.933675765991211
0	917	tongue	10.82125473022461	9.39910888671875	6.0551862716674805	6.407697677612305
0	918	as	4.558807373046875	4.169731616973877	3.3969578742980957	4.066220760345459
0	919	proof	9.162291526794434	9.3451566696167	9.026898384094238	8.834470748901367
0	920	of	0.7316948771476746	0.6205509901046753	0.5773043036460876	0.5791765451431274
0	921	his	4.446447372436523	4.45554256439209	3.2271149158477783	1.9025073051452637
0	922	victory.	10.569978713989258	10.033174514770508	9.542417526245117	9.084904670715332
0	923	Listening	11.086527824401855	10.780550003051758	10.601895332336426	11.066964149475098
0	924	to	0.588705837726593	0.16908788681030273	0.17845699191093445	0.19039680063724518
0	925	the	2.180013418197632	1.4311449527740479	1.304781198501587	1.3275810480117798
0	926	tale,	12.639039039611816	12.759865760803223	9.285378456115723	8.546148300170898
0	927	the	2.821932792663574	2.3814570903778076	2.4100418090820312	2.1891748905181885
0	928	Lord	8.567073822021484	7.1438703536987305	6.490787982940674	6.625213623046875
0	929	of	2.343085289001465	2.7501041889190674	1.0533243417739868	0.8674060702323914
0	930	the	1.4737688302993774	0.8261224627494812	0.9826054573059082	0.7015916705131531
0	931	Manor	12.444085121154785	12.144734382629395	4.241275787353516	4.381649971008301
0	932	tried	10.610054969787598	11.407425880432129	11.485697746276855	8.897058486938477
0	933	to	0.6739252805709839	0.2629087269306183	0.20164236426353455	0.2139001339673996
0	934	discern	10.118061065673828	8.42703628540039	7.8049421310424805	9.214797973632812
0	935	which	5.883944034576416	3.7540533542633057	4.002223491668701	3.9047036170959473
0	936	huntsman	20.18694305419922	14.01174259185791	14.544821739196777	13.386972427368164
0	937	was	3.6729416847229004	3.3604700565338135	2.452458143234253	2.0003702640533447
0	938	telling	8.037749290466309	7.0639543533325195	7.414137840270996	5.724040508270264
0	939	him	2.4136803150177	2.5424225330352783	2.3543925285339355	2.207789659500122
0	940	the	3.743698835372925	3.27614426612854	2.900033473968506	2.678915023803711
0	941	truth	8.374656677246094	6.196497440338135	2.8022451400756836	2.432570695877075
0	942	and	2.2133240699768066	2.8280739784240723	2.4644429683685303	2.1308608055114746
0	943	what	6.860904693603516	4.810921669006348	4.700244426727295	4.974488735198975
0	944	the	2.860854148864746	2.9909424781799316	3.286497116088867	2.882960796356201
0	945	two	6.018369674682617	6.445174217224121	6.470147609710693	7.487977504730225
0	946	huntsmen	14.402397155761719	14.216403007507324	12.375160217285156	12.379866600036621
0	947	were	3.6518187522888184	3.2155838012695312	2.894500732421875	1.6980453729629517
0	948	thinking	8.026423454284668	8.055234909057617	8.356372833251953	7.835125923156738
0	949	as	5.477282524108887	5.497399806976318	4.472759246826172	4.30767297744751
0	950	they	4.536813259124756	3.402825117111206	2.6763556003570557	0.8386697769165039
0	951	waited	9.070266723632812	7.1057448387146	6.105112552642822	5.238025665283203
0	952	for	1.1161929368972778	0.9068036675453186	0.4473320543766022	0.38487476110458374
0	953	him	5.651179313659668	2.6905128955841064	3.102059841156006	3.689260482788086
0	954	to	2.0475192070007324	0.8015339970588684	0.28441789746284485	0.42170196771621704
0	955	make	4.563215732574463	4.460229873657227	3.8764729499816895	3.8205370903015137
0	956	a	2.0436930656433105	1.8874435424804688	1.5459705591201782	1.4635860919952393
0	957	decision.	10.703062057495117	6.050634384155273	5.488356590270996	4.557573318481445
0	958	Almost	8.37093734741211	8.328560829162598	8.6229887008667	8.472529411315918
0	959	instantly,	7.000924587249756	5.657926559448242	5.407129287719727	5.339865684509277
0	960	the	2.836236000061035	1.4632550477981567	1.4454766511917114	1.5485503673553467
0	961	Lord	8.567073822021484	8.055854797363281	8.760930061340332	8.334362983703613
0	962	saw	8.856878280639648	6.930139541625977	5.56601619720459	5.152379989624023
0	963	that	3.0758721828460693	1.8909422159194946	1.1011266708374023	0.7359596490859985
0	964	the	2.0494112968444824	1.708823800086975	1.1618945598602295	0.9602246880531311
0	965	second	5.61448860168457	6.400728225708008	6.125190258026123	8.508270263671875
0	966	huntsman	13.716235160827637	15.39214038848877	13.892837524414062	12.684626579284668
0	967	had	4.225899696350098	3.693453311920166	3.6741390228271484	2.009575366973877
0	968	fed	9.145391464233398	8.361945152282715	8.833633422851562	9.016510963439941
0	969	him	3.786794662475586	2.7280282974243164	2.2588438987731934	2.252126693725586
0	970	a	3.2683846950531006	1.8098046779632568	2.483576536178589	2.142911672592163
0	971	pack	9.182526588439941	8.830649375915527	6.964653015136719	4.79679012298584
0	972	of	2.322422742843628	0.24432452023029327	0.10744965076446533	0.027083348482847214
0	973	lies	11.618986129760742	6.516468048095703	5.897110939025879	4.489542484283447
0	974	and	3.8559482097625732	1.1831504106521606	1.5674679279327393	1.4069613218307495
0	975	it	5.143139839172363	5.996507167816162	7.265079021453857	5.753565311431885
0	976	was	2.4596688747406006	1.8944282531738281	2.3810791969299316	2.0552284717559814
0	977	the	3.2400004863739014	3.1082122325897217	3.1086416244506836	3.1868832111358643
0	978	first	4.495286464691162	2.626523494720459	2.504743814468384	1.9251158237457275
0	979	huntsman	15.10938549041748	15.10345458984375	14.00195598602295	14.92247486114502
0	980	who	2.9883999824523926	3.0102715492248535	2.9477617740631104	2.657228469848633
0	981	was	3.2742245197296143	2.6582601070404053	2.660705804824829	3.037153720855713
0	982	the	3.2400004863739014	3.0649805068969727	3.5926122665405273	4.0230607986450195
0	983	true	8.354373931884766	6.974230766296387	6.8163251876831055	6.144970893859863
0	984	savior	10.985624313354492	10.718299865722656	8.46756649017334	7.884029865264893
0	985	of	1.1127824783325195	0.9103348255157471	0.3006783425807953	0.2191678285598755
0	986	Bradford.	15.587783813476562	14.566679000854492	14.553255081176758	14.657548904418945
0	987	The	2.486729621887207	2.0916643142700195	2.5847878456115723	2.67250657081604
0	988	Lord	8.076041221618652	7.976515769958496	7.9032158851623535	6.929563999176025
0	989	believed	11.567522048950195	10.193424224853516	10.223658561706543	9.477806091308594
0	990	the	2.7716565132141113	2.5414540767669678	2.5846481323242188	2.7263567447662354
0	991	second	5.61448860168457	7.115784168243408	7.316251754760742	7.643214702606201
0	992	huntsman	13.716235160827637	15.39214038848877	12.74280071258545	13.430585861206055
0	993	had	4.225899696350098	3.693453311920166	3.6741390228271484	1.6555145978927612
0	994	tried	6.868021488189697	6.490085124969482	6.159181594848633	6.295001983642578
0	995	to	0.6739252805709839	0.4267596900463104	0.21872229874134064	0.17225417494773865
0	996	steal	8.735493659973145	6.052124977111816	5.6448469161987305	5.378461837768555
0	997	the	1.7203621864318848	1.7185992002487183	1.550196886062622	1.6337785720825195
0	998	first	4.495286464691162	5.685070037841797	5.852130889892578	6.175016403198242
0	999	huntsman's	17.684894561767578	17.89345359802246	16.992961883544922	15.542550086975098
0	1000	prize	10.025558471679688	8.741525650024414	8.563384056091309	5.5101847648620605
0	1001	and	3.367255687713623	3.1535329818725586	3.1922543048858643	3.5186662673950195
0	1002	so	5.790785789489746	6.006414413452148	5.823545455932617	5.593543529510498
0	1003	proclaimed	13.318946838378906	12.10330581665039	10.73344612121582	8.81248950958252
0	1004	the	2.149380683898926	2.963101863861084	1.961629867553711	1.8766441345214844
0	1005	first	4.495286464691162	4.311792373657227	5.368834495544434	4.710218906402588
0	1006	huntsman	15.10938549041748	15.10345458984375	14.858657836914062	13.98806381225586
0	1007	the	5.978207111358643	5.62701940536499	5.553995132446289	5.816399574279785
0	1008	true	8.354373931884766	7.40772819519043	7.691534519195557	8.069075584411621
0	1009	victor.	15.544573783874512	11.399072647094727	8.430397033691406	8.667152404785156
0	1010	The	2.192613363265991	2.1264724731445312	2.192300319671631	2.1044418811798096
0	1011	Lord	8.076041221618652	7.185174942016602	6.971225738525391	6.845759391784668
0	1012	wondered	10.97011661529541	10.862311363220215	10.939657211303711	11.088705062866211
0	1013	for	5.758559226989746	4.976685523986816	4.707232475280762	4.402740955352783
0	1014	a	2.5906777381896973	0.4799749255180359	0.700892448425293	0.4771658480167389
0	1015	moment	6.78959846496582	4.57670783996582	0.9554071426391602	0.5831516981124878
0	1016	why	9.036165237426758	8.036466598510742	6.806586265563965	3.1088762283325195
0	1017	he	3.056804656982422	2.950528621673584	2.9062037467956543	3.0931785106658936
0	1018	always	6.457761764526367	6.2383341789245605	6.66506814956665	6.359885215759277
0	1019	encountered	9.352874755859375	9.851228713989258	10.20004653930664	9.667490005493164
0	1020	so	6.3748908042907715	5.634792327880859	5.834869861602783	3.1965701580047607
0	1021	much	2.5958755016326904	2.9093947410583496	1.6712939739227295	0.9584563970565796
0	1022	chicanery	14.554429054260254	14.650907516479492	10.920620918273926	10.245594024658203
0	1023	in	2.759399890899658	2.289271116256714	1.9416908025741577	1.5286072492599487
0	1024	his	4.316005706787109	4.093107223510742	4.138887405395508	4.742783069610596
0	1025	everyday	10.035573959350586	9.073779106140137	7.973952770233154	7.120980262756348
0	1026	interactions.	10.730168342590332	7.934751510620117	7.383294105529785	6.751651763916016
0	1027	The	1.905263900756836	2.47896409034729	2.551100492477417	2.7304208278656006
0	1028	huntsman	13.576337814331055	15.409997940063477	14.390114784240723	13.88271713256836
0	1029	who	2.9883999824523926	4.212325572967529	7.407101631164551	5.023699760437012
0	1030	had	3.1637158393859863	2.2458670139312744	2.300528049468994	2.9843192100524902
0	1031	earned	7.507106304168701	6.88561487197876	6.660594940185547	8.172247886657715
0	1032	his	2.698939323425293	2.545666456222534	2.1487789154052734	1.0067681074142456
0	1033	prize	10.55628776550293	8.37354564666748	8.174614906311035	8.159467697143555
0	1034	fair	8.775140762329102	9.421960830688477	8.502175331115723	7.894120693206787
0	1035	and	2.476186513900757	2.188621759414673	2.696230411529541	0.13116922974586487
0	1036	square	10.762014389038086	5.39078950881958	5.6339569091796875	3.218316078186035
0	1037	received	11.391463279724121	11.374799728393555	11.457660675048828	11.634222030639648
0	1038	as	4.588958740234375	5.187847137451172	5.38177490234375	4.638406753540039
0	1039	his	5.382676124572754	5.424984931945801	4.876737594604492	6.250886917114258
0	1040	reward	10.629359245300293	8.617695808410645	3.0089914798736572	2.6376142501831055
0	1041	a	5.5192790031433105	5.2515363693237305	3.914767265319824	2.072597026824951
0	1042	piece	6.759724140167236	7.405422687530518	5.793353080749512	5.919556140899658
0	1043	of	0.49031731486320496	0.1613868772983551	0.16752734780311584	0.04790084809064865
0	1044	land	8.613727569580078	4.330167293548584	4.4182634353637695	3.401625871658325
0	1045	just	7.165311336517334	7.347795486450195	5.539178371429443	5.646226406097412
0	1046	outside	6.198189735412598	2.200634479522705	1.6952800750732422	1.4318803548812866
0	1047	the	1.2722160816192627	0.7839439511299133	0.9154742956161499	0.9186297059059143
0	1048	town,	9.489089965820312	7.171206474304199	5.9450602531433105	4.7674560546875
0	1049	known	6.974550247192383	7.018243312835693	7.007845401763916	6.686525821685791
0	1050	thereafter	12.157868385314941	9.19729232788086	8.535016059875488	9.185527801513672
0	1051	as	4.647851943969727	0.26981425285339355	0.07395485788583755	0.1133103221654892
0	1052	Hunt	13.218620300292969	11.727546691894531	10.923969268798828	11.475914001464844
0	1053	Yard.	13.290519714355469	13.624014854431152	13.82772445678711	10.993322372436523
0	1054	His	4.716318607330322	4.868655204772949	5.139424800872803	5.821994304656982
0	1055	fame	9.162123680114746	7.4821600914001465	7.677051067352295	7.523076057434082
0	1056	was	4.139373779296875	2.1777737140655518	2.0065054893493652	2.1654515266418457
0	1057	indeed	7.909653186798096	7.638816833496094	7.305630683898926	8.066832542419434
0	1058	assured,	12.454168319702148	12.431404113769531	7.988168716430664	7.454276084899902
0	1059	but	3.014796733856201	3.106410264968872	2.7016513347625732	2.1568827629089355
0	1060	it	3.077126979827881	2.78330135345459	2.7960379123687744	2.478081464767456
0	1061	was	2.4596688747406006	2.04014253616333	1.8695087432861328	1.5889461040496826
0	1062	not	3.2028963565826416	2.944957971572876	2.5222671031951904	2.659855604171753
0	1063	nearly	8.391029357910156	7.369574069976807	7.658365726470947	6.298187255859375
0	1064	as	3.5197653770446777	0.6619580984115601	0.5961166620254517	0.7729614973068237
0	1065	lasting	12.06299114227295	11.23373031616211	10.989507675170898	11.036515235900879
0	1066	as	5.477914333343506	2.2379164695739746	0.22323276102542877	0.22590585052967072
0	1067	that	6.043239116668701	4.785134792327881	3.6887459754943848	2.868037700653076
0	1068	of	4.8956403732299805	1.1039389371871948	0.6869979500770569	0.6114789247512817
0	1069	the	1.4737688302993774	1.136404037475586	1.159960150718689	0.9681053757667542
0	1070	fearsome	13.047819137573242	12.553176879882812	13.129891395568848	12.72929573059082
0	1071	Bradford	13.058687210083008	11.380576133728027	11.651522636413574	11.74691390991211
0	1072	Boar.	18.549654006958008	13.355901718139648	13.245260238647461	12.619909286499023
1	0	A	3.995009660720825	3.995009660720825	3.995009660720825	3.995009660720825
1	1	clear	7.859291076660156	7.859291076660156	7.859291076660156	7.859291076660156
1	2	and	2.4131340980529785	2.5907280445098877	2.5907280445098877	2.5907280445098877
1	3	joyous	14.125652313232422	10.747274398803711	10.229506492614746	10.229506492614746
1	4	day	5.188939094543457	5.513404846191406	4.486286163330078	5.233281135559082
1	5	it	5.473701477050781	5.963166236877441	5.285964012145996	4.925337314605713
1	6	was	2.4596688747406006	1.5393924713134766	1.5231330394744873	1.5620300769805908
1	7	and	6.704633712768555	6.879981994628906	6.181891441345215	3.8567235469818115
1	8	out	7.817811489105225	9.310614585876465	9.128273963928223	7.9234795570373535
1	9	on	3.473745346069336	4.781736373901367	4.676999092102051	4.995268821716309
1	10	the	1.213181972503662	1.1923609972000122	0.691762387752533	0.5404085516929626
1	11	wide	9.410239219665527	9.506473541259766	8.334744453430176	6.982359886169434
1	12	open	3.9331679344177246	3.454092264175415	3.931952953338623	2.6638541221618652
1	13	sea,	10.922074317932129	9.967169761657715	6.255039215087891	5.494480133056641
1	14	thousands	8.702442169189453	8.195293426513672	7.957070827484131	8.013290405273438
1	15	upon	6.089685440063477	3.919072151184082	3.9274561405181885	3.779524803161621
1	16	thousands	9.059741973876953	0.3619315028190613	0.11046358942985535	0.0628979504108429
1	17	of	0.274445503950119	0.10299724340438843	0.14697995781898499	0.16193149983882904
1	18	sparkling	12.222481727600098	11.784551620483398	10.968402862548828	11.033975601196289
1	19	water	3.169654369354248	2.7401556968688965	4.1022186279296875	5.045838356018066
1	20	drops,	9.911136627197266	11.590104103088379	11.174150466918945	8.992588996887207
1	21	excited	12.004777908325195	11.219326972961426	10.680763244628906	10.103243827819824
1	22	by	2.990844249725342	2.033459186553955	1.586922287940979	2.099575996398926
1	23	getting	7.643492698669434	8.456466674804688	8.264348983764648	9.061323165893555
1	24	to	3.3817906379699707	3.438807964324951	1.7017964124679565	1.6386969089508057
1	25	play	5.96907901763916	5.003732204437256	5.796289920806885	3.1235132217407227
1	26	in	2.7963719367980957	2.804586410522461	2.379053831100464	2.2470505237579346
1	27	the	1.3686838150024414	1.081553339958191	0.9209747314453125	0.9157372117042542
1	28	ocean,	10.608363151550293	9.633872985839844	9.868363380432129	10.085490226745605
1	29	danced	11.632497787475586	11.61474895477295	13.420818328857422	12.081631660461426
1	30	all	5.04124116897583	5.462034225463867	5.0812764167785645	5.0856757164001465
1	31	around.	7.863834857940674	5.868607521057129	6.01083517074585	6.394626617431641
1	32	One	5.379217624664307	5.1772308349609375	5.088683128356934	5.304319858551025
1	33	of	1.328187108039856	1.1575193405151367	1.146677851676941	1.0483179092407227
1	34	these	4.808768272399902	2.929697275161743	3.1967384815216064	2.981703042984009
1	35	was	7.7361860275268555	6.516081809997559	2.8754000663757324	2.2343332767486572
1	36	a	2.6166157722473145	2.2636618614196777	2.5957179069519043	2.094855785369873
1	37	merry	10.821833610534668	10.134513854980469	9.977717399597168	10.857072830200195
1	38	little	4.9430437088012695	3.2124204635620117	3.171969175338745	3.4820141792297363
1	39	fellow	8.622516632080078	5.787113189697266	5.617585182189941	4.3634490966796875
1	40	named	6.746182918548584	6.393017292022705	5.168671131134033	4.552987575531006
1	41	Aqua,	15.561205863952637	14.08551025390625	13.93775749206543	13.81865119934082
1	42	who	4.401354789733887	2.9569501876831055	1.5559065341949463	1.5443185567855835
1	43	danced	9.873700141906738	8.809562683105469	9.384308815002441	9.482415199279785
1	44	on	3.3847415447235107	3.0673766136169434	3.0200226306915283	2.7319297790527344
1	45	the	1.213181972503662	1.026869535446167	0.8542396426200867	0.7642928957939148
1	46	silver	9.27083969116211	9.525300025939941	7.628398418426514	7.288651466369629
1	47	backs	9.669027328491211	9.898286819458008	9.605483055114746	9.2799072265625
1	48	of	2.1519198417663574	2.327338218688965	0.803040087223053	0.19877693057060242
1	49	the	1.4737688302993774	1.3750053644180298	1.3964176177978516	0.9205950498580933
1	50	fishes	12.9302978515625	12.015897750854492	9.87804889678955	8.202543258666992
1	51	as	4.846304893493652	4.632162570953369	4.843108177185059	3.818315267562866
1	52	they	4.536813259124756	2.5210864543914795	1.8418623208999634	2.2323243618011475
1	53	plunged	11.133917808532715	9.105884552001953	8.082843780517578	7.064352035522461
1	54	up	5.52280855178833	6.032863616943359	5.386556625366211	5.295660018920898
1	55	and	2.5191383361816406	2.661081314086914	2.1442060470581055	1.9870877265930176
1	56	down	8.132890701293945	2.194159746170044	0.8241322040557861	0.5780767798423767
1	57	in	3.245820999145508	3.27376389503479	3.1358895301818848	2.3518710136413574
1	58	the	1.3686838150024414	1.2511725425720215	1.1952077150344849	1.3715846538543701
1	59	waves,	11.018264770507812	12.246294021606445	10.133440017700195	9.017562866210938
1	60	and,	6.691478729248047	6.4454450607299805	6.547125339508057	6.597664833068848
1	61	no	6.5753278732299805	7.196935176849365	6.5253825187683105	6.4174652099609375
1	62	matter	4.036463260650635	1.736506462097168	1.264085292816162	1.1875821352005005
1	63	how	2.5763256549835205	1.0836340188980103	0.7676231265068054	0.6344671845436096
1	64	high	6.4051361083984375	5.690039157867432	5.215418338775635	5.0766921043396
1	65	he	8.396598815917969	3.503364324569702	3.303717613220215	3.3961689472198486
1	66	sprung,	14.60059642791748	14.311701774597168	12.109834671020508	11.47119140625
1	67	he	4.015780448913574	3.1250662803649902	3.1138076782226562	3.121229648590088
1	68	always	6.457761764526367	6.718000411987305	7.258745193481445	7.773061752319336
1	69	came	7.212316036224365	5.345973491668701	4.259507656097412	4.194304466247559
1	70	down	3.6816062927246094	2.90781307220459	4.007464408874512	3.6481690406799316
1	71	again	6.610862731933594	6.00803804397583	8.370465278625488	6.555385112762451
1	72	into	6.272034168243408	3.525069236755371	3.7398409843444824	5.110990047454834
1	73	his	3.776785373687744	3.1932897567749023	3.1615285873413086	3.696753978729248
1	74	mother's	6.773054122924805	6.015767574310303	5.360474109649658	5.7848663330078125
1	75	lap.	8.297327041625977	8.295985221862793	4.314909934997559	3.8117623329162598
1	76	His	4.456056594848633	4.435841083526611	3.710883378982544	3.33126163482666
1	77	mother,	6.436605453491211	7.327439308166504	5.144726753234863	4.436197280883789
1	78	you	5.083617210388184	6.739287376403809	6.755540370941162	6.447048187255859
1	79	know,	4.978687763214111	3.3854241371154785	1.5971697568893433	1.8687939643859863
1	80	was	6.701364994049072	6.631481170654297	4.629758834838867	2.359402656555176
1	81	the	3.2400004863739014	2.654433012008667	2.755739212036133	2.9853122234344482
1	82	ocean,	10.608363151550293	12.16742992401123	11.697428703308105	11.885080337524414
1	83	and	2.037248134613037	1.9533112049102783	1.5849063396453857	1.4664281606674194
1	84	very	7.255560874938965	7.189062118530273	7.348298072814941	7.6959075927734375
1	85	beautiful	6.487375259399414	6.045578956604004	5.532872200012207	5.197508811950684
1	86	she	6.6200995445251465	6.986545085906982	5.571084022521973	5.379703044891357
1	87	looked	5.355445861816406	4.475195407867432	4.147192001342773	3.885178804397583
1	88	that	7.0642619132995605	7.1968278884887695	3.4570000171661377	3.8692245483398438
1	89	summer	10.344009399414062	7.808370590209961	7.948359489440918	6.160844802856445
1	90	day	5.984256267547607	4.749171257019043	4.298201560974121	3.6932263374328613
1	91	in	3.1873044967651367	1.879233479499817	1.2305645942687988	1.4827593564987183
1	92	her	5.366942405700684	5.2918701171875	5.286235809326172	5.245560169219971
1	93	dark	8.150535583496094	7.182217121124268	7.897330284118652	7.365511894226074
1	94	blue	4.192595481872559	4.151115894317627	2.512786626815796	2.51989483833313
1	95	dress	6.6512451171875	4.121362686157227	2.8511433601379395	2.6778252124786377
1	96	and	2.3669967651367188	1.2132737636566162	1.451843500137329	1.1240051984786987
1	97	white	7.6703972816467285	6.220444679260254	3.8701260089874268	2.9531946182250977
1	98	ruffles.	15.638764381408691	12.93931770324707	9.809151649475098	9.952491760253906
1	99	By	6.302628993988037	6.556211948394775	6.3749213218688965	6.412003517150879
1	100	and	6.271195411682129	6.393099308013916	6.433880805969238	6.1756672859191895
1	101	by,	13.637980461120605	3.8344273567199707	2.4773755073547363	2.1635420322418213
1	102	the	3.1446614265441895	3.272674322128296	2.0823886394500732	2.167405843734741
1	103	happy	10.339373588562012	10.213146209716797	10.182745933532715	8.668394088745117
1	104	water	8.887153625488281	10.640581130981445	9.94676685333252	9.949816703796387
1	105	drop	7.497524261474609	8.991971969604492	8.848777770996094	9.290950775146484
1	106	tired	10.920604705810547	16.927820205688477	14.599967956542969	13.261482238769531
1	107	of	1.1297557353973389	1.6035828590393066	2.0099992752075195	2.155163049697876
1	108	his	4.446447372436523	4.353178024291992	4.0735321044921875	4.238440036773682
1	109	play,	10.236700057983398	9.269248008728027	10.01611328125	9.230112075805664
1	110	and	2.094078779220581	1.8871008157730103	2.26737117767334	1.5747811794281006
1	111	looking	8.032343864440918	8.33608627319336	8.59333610534668	8.308502197265625
1	112	up	3.432532787322998	3.7660274505615234	4.035735130310059	3.594986915588379
1	113	to	1.8520309925079346	2.4215991497039795	2.469636917114258	2.386242628097534
1	114	the	2.180013418197632	1.8727006912231445	1.9871752262115479	1.1606425046920776
1	115	clear	9.27590560913086	9.603036880493164	9.966767311096191	7.496159553527832
1	116	sky	9.259183883666992	4.551060676574707	3.9823262691497803	3.0554518699645996
1	117	above	4.396127223968506	4.446192741394043	3.5833473205566406	2.9228532314300537
1	118	him,	7.281527519226074	4.595477104187012	4.852494239807129	4.464407920837402
1	119	thought	8.569803237915039	8.453680992126465	8.878793716430664	8.250008583068848
1	120	he	2.887676954269409	2.2775816917419434	2.126328468322754	1.650574803352356
1	121	would	3.5065248012542725	2.6099870204925537	2.873145580291748	3.0042316913604736
1	122	like	3.318265676498413	4.125602722167969	3.9507365226745605	3.581174373626709
1	123	to	2.466524839401245	0.1985483467578888	0.2646366059780121	0.5627744197845459
1	124	have	4.3862786293029785	3.0128018856048584	3.244107246398926	2.962529182434082
1	125	a	2.0847954750061035	1.6668955087661743	1.4167906045913696	1.4656503200531006
1	126	sail	11.545013427734375	12.06207275390625	11.430167198181152	11.2052001953125
1	127	on	2.804286003112793	2.9661495685577393	2.5089542865753174	2.374929428100586
1	128	one	5.620316028594971	4.897819995880127	4.223681926727295	4.406194686889648
1	129	of	1.3370164632797241	1.415312647819519	0.39428627490997314	0.6667951345443726
1	130	the	1.4737688302993774	0.554715633392334	0.5831487774848938	0.6218277812004089
1	131	white,	11.988265037536621	12.65286922454834	13.494083404541016	12.332230567932129
1	132	marshmallow-like	14.717758178710938	13.045243263244629	12.86752700805664	12.590484619140625
1	133	clouds,	8.541009902954102	8.467070579528809	8.116694450378418	8.146562576293945
1	134	instead	8.010828018188477	8.048683166503906	8.012356758117676	8.271746635437012
1	135	of	0.41959914565086365	0.11997123062610626	0.0914979949593544	0.04830680042505264
1	136	spending	9.665680885314941	6.49951171875	5.991008281707764	8.673262596130371
1	137	his	4.47987699508667	4.154637336730957	3.9753785133361816	3.765306234359741
1	138	whole	6.654137134552002	4.5363874435424805	4.20861291885376	3.81864070892334
1	139	life	4.527683734893799	2.1467885971069336	0.5257905125617981	0.5219511389732361
1	140	in	2.6623411178588867	3.0319204330444336	2.5859475135803223	1.6655970811843872
1	141	the	1.3686838150024414	1.4578243494033813	1.6201274394989014	1.4447230100631714
1	142	ocean.	10.808822631835938	9.78243637084961	8.881852149963379	8.678396224975586
1	143	Of	6.241349220275879	6.3903279304504395	6.294332504272461	6.237386226654053
1	144	the	1.9975605010986328	2.099133253097534	2.1989359855651855	1.983944058418274
1	145	sky,	10.07585334777832	12.540508270263672	9.65771198272705	9.952163696289062
1	146	little	8.362220764160156	8.503817558288574	7.588976860046387	6.8719801902771
1	147	Aqua	15.139237403869629	15.113916397094727	15.107784271240234	15.092536926269531
1	148	had	5.753562927246094	4.974784851074219	3.7708590030670166	3.856016159057617
1	149	always	5.771392822265625	4.822599411010742	4.941424369812012	5.562934875488281
1	150	been	3.2084567546844482	1.1508605480194092	1.201778531074524	1.4929251670837402
1	151	afraid,	10.845505714416504	10.188641548156738	8.918745040893555	9.24530029296875
1	152	but	2.3239428997039795	1.8825924396514893	1.8379206657409668	1.9736520051956177
1	153	he	3.476435422897339	3.214447021484375	2.925083637237549	3.340561628341675
1	154	decided	6.0442657470703125	6.39831018447876	6.453702926635742	6.40242862701416
1	155	to	0.46894571185112	0.4215424358844757	0.7174554467201233	0.6619842648506165
1	156	finally	9.654718399047852	7.292048454284668	7.191211700439453	8.414874076843262
1	157	face	9.0106201171875	5.809317588806152	5.166013240814209	4.982179641723633
1	158	his	5.737332344055176	4.053054332733154	3.804377794265747	3.1964921951293945
1	159	demons	11.867424964904785	5.686929702758789	3.957395076751709	4.1002960205078125
1	160	and	2.0519895553588867	1.7488468885421753	1.1303064823150635	1.2480524778366089
1	161	suggested	9.068272590637207	10.87629508972168	10.991109848022461	12.615494728088379
1	162	a	3.141484498977661	2.791640520095825	3.078552484512329	2.6746935844421387
1	163	solution	7.146126747131348	6.017031192779541	5.31022310256958	5.047919273376465
1	164	involving	8.88674545288086	7.104699611663818	5.381495475769043	5.104283332824707
1	165	the	1.8041317462921143	1.6555304527282715	1.8617490530014038	1.7558513879776
1	166	sun	8.014984130859375	9.0558443069458	11.252827644348145	9.965060234069824
1	167	carrying	8.604251861572266	12.330702781677246	11.098516464233398	9.543938636779785
1	168	him	4.392130374908447	4.232274055480957	3.8718032836914062	5.533681869506836
1	169	up	4.541086196899414	3.6813249588012695	3.6553421020507812	3.4553375244140625
1	170	to	1.8520309925079346	1.9562852382659912	1.2909510135650635	1.4572539329528809
1	171	the	2.180013418197632	1.8727006912231445	1.1942527294158936	0.5615986585617065
1	172	sky	8.916959762573242	8.902708053588867	6.644008636474609	6.757917881011963
1	173	would	6.696136474609375	5.1761674880981445	6.343801021575928	6.688135147094727
1	174	be	1.476707100868225	1.0010838508605957	1.125519037246704	1.1313103437423706
1	175	ideal.	12.267268180847168	8.683099746704102	8.276912689208984	10.595245361328125
1	176	The	2.2412192821502686	2.581106424331665	2.827488899230957	2.5686769485473633
1	177	sun	7.864468574523926	8.236891746520996	7.970463752746582	8.405747413635254
1	178	understood	13.335128784179688	11.554268836975098	11.134927749633789	11.776314735412598
1	179	Aqua's	19.588720321655273	16.82541847229004	16.556474685668945	16.5311222076416
1	180	request	6.898959636688232	5.980324745178223	7.488590240478516	4.758620262145996
1	181	came	8.653704643249512	6.4167351722717285	7.263199806213379	7.447681903839111
1	182	from	2.6945464611053467	1.3171640634536743	2.648418426513672	1.5157859325408936
1	183	his	4.186800003051758	3.8571643829345703	4.340486526489258	3.8719260692596436
1	184	heart,	7.981012344360352	7.352613925933838	6.079689025878906	7.688339710235596
1	185	so	4.549256801605225	4.7671613693237305	4.614319801330566	4.541486740112305
1	186	he	3.97934627532959	3.257294178009033	1.664717197418213	2.0292201042175293
1	187	acquiesced	12.865997314453125	11.39978313446045	10.83275032043457	10.261248588562012
1	188	and	3.5302507877349854	3.2920632362365723	1.507388710975647	1.483701467514038
1	189	also	5.886268138885498	6.9641828536987305	6.838706016540527	7.09657096862793
1	190	took	6.853346824645996	6.9918975830078125	4.72691011428833	4.572644233703613
1	191	ever	9.589889526367188	11.488499641418457	11.43044662475586	11.756924629211426
1	192	so	4.821247100830078	2.738894462585449	1.859149694442749	2.0700149536132812
1	193	many	3.017774820327759	4.284904479980469	2.2004287242889404	2.1717519760131836
1	194	other	3.447751522064209	3.5008389949798584	3.953270673751831	4.849369525909424
1	195	drops,	13.16999626159668	13.688546180725098	13.963701248168945	13.324443817138672
1	196	so	4.1368865966796875	4.0764265060424805	3.9952499866485596	3.387773275375366
1	197	that	2.5636909008026123	2.0588417053222656	2.3414859771728516	2.0566577911376953
1	198	Aqua	14.025429725646973	15.253381729125977	15.367403030395508	14.602079391479492
1	199	might	8.076852798461914	6.547706604003906	6.026942729949951	6.07350492477417
1	200	not	2.8884506225585938	2.6772916316986084	2.962594509124756	2.6183316707611084
1	201	be	3.141035318374634	1.0132144689559937	0.8202051520347595	0.9807149171829224
1	202	lonesome	15.083135604858398	14.760880470275879	15.26952075958252	15.162178039550781
1	203	on	4.733721733093262	3.4938855171203613	3.5017330646514893	3.5812876224517822
1	204	the	1.213181972503662	0.7758104205131531	0.984828770160675	1.0346285104751587
1	205	way.	9.009174346923828	7.463325500488281	7.692468643188477	5.726647853851318
1	206	It	3.310185432434082	3.452322483062744	3.482614040374756	3.59415340423584
1	207	was	1.702970027923584	1.7259653806686401	1.3768281936645508	1.3078076839447021
1	208	only	5.856836318969727	4.376877307891846	4.069985866546631	4.127296447753906
1	209	the	3.1511571407318115	3.1630642414093018	2.986393451690674	2.897731065750122
1	210	sun	8.014984130859375	8.287605285644531	8.542181015014648	8.456707954406738
1	211	that	5.102993965148926	5.001221656799316	4.015720367431641	1.3416346311569214
1	212	knew	10.248682975769043	8.415584564208984	9.2324800491333	6.807837009429932
1	213	this,	7.014277458190918	6.802533149719238	7.4821014404296875	7.566798210144043
1	214	however,	5.210987567901611	6.626767158508301	6.814017295837402	7.310272216796875
1	215	for	4.979767322540283	5.6461896896362305	4.338513374328613	4.9180450439453125
1	216	all	4.281421184539795	3.665165424346924	3.7541913986206055	4.303489685058594
1	217	the	1.922678828239441	2.3603224754333496	1.806530475616455	1.6300243139266968
1	218	other	5.352060317993164	3.7625181674957275	3.829371690750122	3.882511615753174
1	219	drops	11.154580116271973	12.11967658996582	10.90497875213623	11.346457481384277
1	220	had	7.571849346160889	5.982363700866699	5.586193084716797	4.86098575592041
1	221	been	2.345865249633789	1.9281482696533203	1.7067787647247314	2.0146493911743164
1	222	changed	7.010232448577881	7.173854827880859	8.069961547851562	8.493791580200195
1	223	into	5.211678504943848	4.061537265777588	2.8389995098114014	2.3536388874053955
1	224	fine	9.770748138427734	8.686079025268555	8.967002868652344	8.40638542175293
1	225	mist	8.479400634765625	6.54416561126709	6.554317474365234	7.034998416900635
1	226	or	4.814251899719238	4.357412338256836	3.8016085624694824	3.7985680103302
1	227	vapor	10.912391662597656	6.154336452484131	3.985671043395996	4.007435321807861
1	228	and	3.2250466346740723	4.139435291290283	3.605421304702759	3.859537363052368
1	229	Aqua	12.87851619720459	14.752092361450195	14.705029487609863	14.653478622436523
1	230	could	7.564858436584473	7.329493522644043	7.702471733093262	7.147609233856201
1	231	not	2.338412284851074	2.2205910682678223	2.1861729621887207	2.1048038005828857
1	232	see	6.072675704956055	4.255206108093262	4.395567417144775	5.236481189727783
1	233	them.	6.7065510749816895	5.675135135650635	5.172521591186523	5.347987174987793
1	234	Do	6.393311023712158	6.2819976806640625	6.861729621887207	8.184494018554688
1	235	you	0.9682348370552063	0.9045880436897278	0.6382062435150146	0.7416887283325195
1	236	know	3.7268247604370117	2.2166481018066406	1.844624638557434	1.887067437171936
1	237	what	2.5859227180480957	2.108816385269165	1.61456298828125	1.5267804861068726
1	238	vapor	13.698424339294434	14.98145866394043	14.774726867675781	14.091662406921387
1	239	is?	16.4600887298584	6.392452239990234	4.319215774536133	2.985719680786133
1	240	If	4.014014720916748	3.55578875541687	3.942809581756592	3.872574806213379
1	241	you	1.545180082321167	1.4273295402526855	1.6440913677215576	1.0771015882492065
1	242	breathe	9.921904563903809	10.238091468811035	10.479997634887695	6.263721466064453
1	243	into	4.773388385772705	4.215096950531006	4.465792655944824	3.7943601608276367
1	244	the	1.1791348457336426	1.5098127126693726	1.6984561681747437	1.588673710823059
1	245	air,	9.54798698425293	6.4312310218811035	4.588289737701416	5.507807731628418
1	246	when	5.858582019805908	5.892951965332031	6.587233543395996	6.369264125823975
1	247	it	3.193666696548462	2.676194667816162	2.749048948287964	2.6623029708862305
1	248	is	1.9536738395690918	2.0933830738067627	1.6321029663085938	1.7022955417633057
1	249	cold	10.343299865722656	9.400257110595703	7.098909378051758	5.286015033721924
1	250	enough,	8.425047874450684	5.227085113525391	5.83416748046875	5.574979782104492
1	251	you	3.8192551136016846	3.277614116668701	2.7166590690612793	2.829123020172119
1	252	will	3.8414955139160156	2.3475303649902344	2.7023637294769287	2.6896891593933105
1	253	see	4.896672248840332	2.7737953662872314	2.8033037185668945	2.5578906536102295
1	254	it	4.083846092224121	3.9315831661224365	3.9011635780334473	3.861318349838257
1	255	coming	8.813193321228027	5.7642998695373535	5.205024719238281	6.286133289337158
1	256	out	3.187105894088745	2.601292371749878	3.976339101791382	4.050923824310303
1	257	of	1.5602710247039795	0.6913223266601562	0.8412044048309326	0.5488812327384949
1	258	your	5.512327194213867	3.891233205795288	3.645995616912842	2.721198797225952
1	259	mouth	7.068103790283203	6.905524730682373	4.386291980743408	2.523859977722168
1	260	thick	12.230940818786621	10.443275451660156	11.109753608703613	11.44765853881836
1	261	and	1.8981542587280273	1.2836614847183228	1.0791025161743164	1.0952084064483643
1	262	fast	8.948953628540039	6.057133197784424	7.593018531799316	7.281981468200684
1	263	like	8.329581260681152	7.3764142990112305	4.740530014038086	3.6672134399414062
1	264	steam.	13.735774993896484	9.661654472351074	9.97031307220459	8.9144926071167
1	265	When	4.165116310119629	4.295863151550293	4.338661193847656	4.275938987731934
1	266	the	1.9600512981414795	1.1206398010253906	1.4439643621444702	1.643057942390442
1	267	vapor	10.72960090637207	9.51036548614502	6.146541118621826	6.024250030517578
1	268	is	4.443951606750488	3.7260982990264893	1.9539083242416382	1.9783849716186523
1	269	quite	6.158039093017578	7.307391166687012	6.969998359680176	8.59144401550293
1	270	near	7.065487861633301	7.427697658538818	7.277767658233643	6.245471477508545
1	271	the	1.3336421251296997	0.9541339874267578	0.9961224794387817	0.614651620388031
1	272	earth,	9.883564949035645	9.264331817626953	7.752226829528809	7.745607376098633
1	273	we	4.347383499145508	4.583410739898682	4.755908012390137	4.623536586761475
1	274	call	5.298943042755127	5.912258148193359	5.698017597198486	5.504969596862793
1	275	it	2.8895411491394043	2.5583531856536865	1.2669858932495117	1.2971065044403076
1	276	'fog'.	22.929527282714844	18.17527961730957	16.761659622192383	14.568392753601074
1	277	Into	10.313236236572266	10.037843704223633	9.692352294921875	9.551456451416016
1	278	vapor	11.545748710632324	11.96218490600586	10.73256778717041	10.969672203063965
1	279	the	6.470892429351807	4.387773513793945	2.4132702350616455	2.3757266998291016
1	280	water	7.276157379150391	4.1563615798950195	4.302326202392578	4.032052993774414
1	281	drops	7.442997932434082	7.629104137420654	6.505049705505371	4.888319969177246
1	282	that	5.0918707847595215	4.165521621704102	3.727144718170166	3.998565435409546
1	283	danced	13.11947250366211	11.64161491394043	7.980527877807617	6.924288749694824
1	284	in	2.4745073318481445	1.9873878955841064	2.1329987049102783	2.0047385692596436
1	285	the	1.3686838150024414	1.1431362628936768	1.1260192394256592	0.6633266806602478
1	286	ocean	9.459875106811523	8.692919731140137	7.64805269241333	7.544939994812012
1	287	had	6.764299392700195	5.49798583984375	5.982853889465332	6.616933822631836
1	288	been	2.345865249633789	2.074000120162964	2.1180953979492188	1.6275665760040283
1	289	changed,	8.890292167663574	9.354894638061523	8.134510040283203	8.221708297729492
1	290	because	4.983705043792725	4.811002254486084	4.789959907531738	5.571846961975098
1	291	in	5.234311103820801	4.051019191741943	4.148381233215332	4.187413692474365
1	292	their	4.666034698486328	4.868727207183838	4.940895080566406	5.490001678466797
1	293	own	2.9084134101867676	2.831563949584961	3.460874319076538	3.530548334121704
1	294	shape	9.16224193572998	9.58912467956543	9.321779251098633	10.630537033081055
1	295	they	7.0797271728515625	6.602018356323242	6.437740325927734	5.79149055480957
1	296	were	2.7650744915008545	2.865450143814087	2.5452828407287598	2.838740587234497
1	297	too	5.906911849975586	5.3814544677734375	7.104867935180664	5.2859344482421875
1	298	heavy	6.196429252624512	4.826868057250977	4.685822486877441	4.445364952087402
1	299	for	6.051450729370117	1.1433018445968628	1.0274518728256226	1.1529830694198608
1	300	the	1.8431031703948975	1.6778781414031982	1.730299472808838	1.6085058450698853
1	301	sunbeams	14.497774124145508	15.54305648803711	14.565211296081543	13.074506759643555
1	302	that	3.349728584289551	3.140195369720459	2.286834478378296	3.3193905353546143
1	303	the	2.0494112968444824	4.407966136932373	4.629987716674805	5.00399112701416
1	304	sun	8.014984130859375	7.660793304443359	2.9937074184417725	4.321294784545898
1	305	let	8.268905639648438	10.147846221923828	10.326543807983398	7.81809663772583
1	306	out	4.53005838394165	4.152057647705078	2.688464641571045	3.1073880195617676
1	307	to	2.8825085163116455	5.75093936920166	5.608000755310059	5.443572998046875
1	308	carry.	11.006675720214844	12.990754127502441	12.734087944030762	14.32816219329834
1	309	Higher	9.231711387634277	10.218442916870117	10.706770896911621	10.27971076965332
1	310	and	4.38214111328125	5.930826187133789	5.465056419372559	4.575232028961182
1	311	higher	7.938307762145996	4.712827682495117	0.8819314241409302	0.7619805335998535
1	312	they	9.190043449401855	9.15010929107666	3.165719985961914	3.2844605445861816
1	313	sailed,	13.71811294555664	11.391188621520996	10.923653602600098	7.523895263671875
1	314	and	1.7524173259735107	1.8096626996994019	1.6843072175979614	1.6721179485321045
1	315	though	8.645086288452148	6.01204776763916	6.388779640197754	6.155130386352539
1	316	it	2.641422748565674	2.48637056350708	2.646876811981201	3.150892972946167
1	317	was	2.4596688747406006	1.8325896263122559	1.567326545715332	0.8186139464378357
1	318	grand,	13.2048978805542	12.388920783996582	12.339249610900879	10.697547912597656
1	319	Aqua	14.930782318115234	15.607680320739746	15.848125457763672	16.091341018676758
1	320	and	3.8910133838653564	3.329998731613159	3.033269166946411	3.124056577682495
1	321	his	5.090290069580078	4.657896995544434	4.815154075622559	4.424910545349121
1	322	friends	6.222980499267578	4.810863018035889	3.4229347705841064	2.4917569160461426
1	323	were	4.571281909942627	3.0527966022491455	2.445981502532959	2.7314529418945312
1	324	like	6.941586494445801	5.835480690002441	6.417006969451904	6.29693603515625
1	325	fish	9.070220947265625	7.179355144500732	7.50316047668457	8.28853988647461
1	326	out	5.270133972167969	4.510139465332031	2.114377498626709	2.4594125747680664
1	327	of	1.5602710247039795	0.41247159242630005	0.014040050096809864	0.007394155487418175
1	328	water,	8.784516334533691	8.162933349609375	4.03665828704834	1.6513556241989136
1	329	so	4.803544044494629	4.471951484680176	3.9630110263824463	3.595947742462158
1	330	they	4.407509803771973	3.291220188140869	3.424041986465454	2.877701759338379
1	331	grew	7.450611114501953	9.269041061401367	7.554272651672363	7.738125801086426
1	332	quite	6.820046424865723	7.175441741943359	6.264443397521973	5.924909591674805
1	333	dizzy.	10.829771041870117	8.862220764160156	8.868675231933594	8.769835472106934
1	334	They	4.7654595375061035	4.802465915679932	4.986484050750732	2.4045872688293457
1	335	enjoyed	9.194031715393066	9.224798202514648	8.654180526733398	8.841821670532227
1	336	looking	6.428418159484863	6.4786224365234375	5.987680912017822	5.6092329025268555
1	337	down	4.443365097045898	4.012764930725098	3.5134620666503906	3.8047242164611816
1	338	on	2.6951186656951904	1.546220302581787	1.2566945552825928	0.9047054052352905
1	339	the	1.213181972503662	1.0373973846435547	1.1609536409378052	0.976624608039856
1	340	world	6.093578338623047	6.66923189163208	6.937674522399902	4.1670098304748535
1	341	below,	8.539348602294922	9.721248626708984	9.55494499206543	5.602329730987549
1	342	while	5.715404987335205	5.3728108406066895	5.089948654174805	4.8265886306762695
1	343	the	2.0270068645477295	1.176340103149414	1.2826570272445679	1.3015353679656982
1	344	wind	8.738590240478516	7.594024658203125	8.471446990966797	5.765416622161865
1	345	scattered	10.558331489562988	9.088103294372559	8.937625885009766	8.525798797607422
1	346	them	6.678491592407227	4.361935615539551	3.1814441680908203	3.577280044555664
1	347	across	6.716960430145264	2.6634018421173096	3.0525565147399902	2.323273181915283
1	348	the	0.8021813631057739	0.498474657535553	0.4594663381576538	0.1340334117412567
1	349	four	7.693164825439453	6.918961524963379	7.612921714782715	7.205295562744141
1	350	corners	7.6696648597717285	3.5495214462280273	3.6874258518218994	2.692060947418213
1	351	of	0.8413419127464294	0.3117097318172455	0.16172514855861664	0.1606169492006302
1	352	the	1.4737688302993774	0.5615289211273193	0.4218020737171173	0.3453962206840515
1	353	earth,	9.883564949035645	8.924015998840332	6.937467098236084	7.202958106994629
1	354	but	3.232670307159424	3.2498157024383545	3.3771820068359375	3.129105567932129
1	355	after	5.843611717224121	5.882121562957764	6.003050327301025	6.1087422370910645
1	356	a	2.6374595165252686	2.064434051513672	2.0268967151641846	2.1212916374206543
1	357	while	8.209600448608398	4.73078727722168	2.113797664642334	1.9009456634521484
1	358	it	4.242736339569092	4.608268737792969	2.9289369583129883	2.268516778945923
1	359	grew	8.840011596679688	8.105548858642578	7.080452919006348	6.213759422302246
1	360	nearly	7.4588727951049805	7.663734436035156	7.6127119064331055	8.251306533813477
1	361	time	6.986526012420654	10.235535621643066	9.02904987335205	9.657468795776367
1	362	for	3.3014779090881348	1.152403473854065	1.828464150428772	1.1681824922561646
1	363	the	1.8431031703948975	1.924493670463562	1.615722417831421	1.9329668283462524
1	364	sun	8.014984130859375	9.001970291137695	7.183343410491943	5.050149440765381
1	365	to	4.2414984703063965	3.443683385848999	1.4589383602142334	0.07749773561954498
1	366	go	5.00748872756958	4.316194534301758	4.616512775421143	3.5527331829071045
1	367	to	1.9147382974624634	1.564010739326477	2.308413028717041	2.334916591644287
1	368	bed.	10.504861831665039	5.649416446685791	5.53095817565918	3.8320045471191406
1	369	He	2.638833522796631	2.806610107421875	3.232517719268799	2.7730214595794678
1	370	became	6.697057723999023	7.448832988739014	7.434422492980957	7.291295051574707
1	371	very	4.70733642578125	4.572175979614258	3.1349098682403564	2.7208681106567383
1	372	red	8.697342872619629	8.557522773742676	8.129796981811523	6.1512932777404785
1	373	in	4.706237316131592	3.6225123405456543	0.7052109241485596	0.2029966562986374
1	374	the	1.3686838150024414	1.11167311668396	1.292524814605713	0.3802223205566406
1	375	face,	10.310565948486328	8.566699981689453	5.754827976226807	4.891019821166992
1	376	and	1.987748622894287	1.9526454210281372	1.6603717803955078	1.513651728630066
1	377	began	8.250997543334961	6.355344772338867	6.7723517417907715	6.310406684875488
1	378	to	1.1736726760864258	0.8118298053741455	0.5685548782348633	0.5748106241226196
1	379	sink	9.754993438720703	6.943694591522217	7.4547438621521	7.503820419311523
1	380	lower	8.128381729125977	6.041023254394531	4.194620132446289	3.8207054138183594
1	381	and	3.934335947036743	2.902843475341797	0.8317726850509644	0.6225918531417847
1	382	lower,	11.959562301635742	5.2914299964904785	2.977405548095703	1.7855241298675537
1	383	until	7.552517890930176	5.707058906555176	2.264676332473755	1.7983800172805786
1	384	suddenly	9.370739936828613	8.493363380432129	8.507943153381348	6.1925530433654785
1	385	he	3.9477853775024414	2.570124626159668	2.483889102935791	2.6699109077453613
1	386	went	5.306095123291016	4.987708568572998	5.362006187438965	5.460618019104004
1	387	clear	8.899444580078125	10.214151382446289	8.948464393615723	8.904512405395508
1	388	out	5.745173454284668	3.688256025314331	3.61220383644104	3.4015843868255615
1	389	of	1.5602710247039795	1.9630420207977295	0.42015308141708374	0.6274826526641846
1	390	sight!	15.584207534790039	9.880274772644043	10.296659469604492	8.550859451293945
1	391	Poor	8.579940795898438	8.290695190429688	7.9691386222839355	7.765232086181641
1	392	little	5.811939239501953	2.672847270965576	3.029723644256592	2.7407002449035645
1	393	Aqua,	17.468647003173828	15.605810165405273	16.639314651489258	16.381208419799805
1	394	frightened	14.146235466003418	11.751498222351074	7.291348934173584	7.397190093994141
1	395	by	2.002074956893921	1.7129523754119873	1.5541510581970215	1.4173957109451294
1	396	the	1.6374341249465942	0.9930313229560852	0.7070630192756653	0.6716164946556091
1	397	impending	10.867356300354004	10.974508285522461	7.538475036621094	7.599313735961914
1	398	cold	7.118547439575195	7.765658855438232	7.321133136749268	7.924374580383301
1	399	and	2.3283426761627197	2.8803870677948	3.0634117126464844	2.71712064743042
1	400	darkness,	12.36591911315918	8.75698184967041	5.9307661056518555	5.507211208343506
1	401	wished	12.042149543762207	12.267529487609863	11.88344669342041	11.512877464294434
1	402	he	3.433931350708008	2.2748985290527344	2.9170501232147217	2.359503746032715
1	403	could	4.0830535888671875	1.1659284830093384	1.0336966514587402	0.9450450539588928
1	404	sleep	8.377015113830566	7.433413505554199	6.787047386169434	4.966246128082275
1	405	not	7.006775856018066	7.747017860412598	7.759501934051514	8.455185890197754
1	406	in	4.2114458084106445	3.520864963531494	4.039501667022705	4.378269195556641
1	407	the	1.3686838150024414	1.331498146057129	1.2169851064682007	1.411047339439392
1	408	sky,	10.07585334777832	8.573697090148926	8.405176162719727	7.844913482666016
1	409	but	3.315321445465088	3.3813045024871826	3.1507716178894043	1.1988025903701782
1	410	somewhere	10.083345413208008	8.38330078125	8.271448135375977	8.325725555419922
1	411	closer	8.689858436584473	7.039910316467285	6.727318286895752	6.43166446685791
1	412	to	0.5070244669914246	0.24293741583824158	0.2161407172679901	0.7757360339164734
1	413	earth.	11.999828338623047	8.828022956848145	7.941161155700684	7.807449817657471
1	414	Then	5.330218315124512	5.023576259613037	5.459542274475098	5.524364471435547
1	415	Aqua	13.098726272583008	14.091798782348633	14.284687042236328	14.297588348388672
1	416	heard	11.796756744384766	8.506461143493652	8.204273223876953	8.043985366821289
1	417	the	2.1138577461242676	1.555084466934204	1.4978992938995361	1.4982168674468994
1	418	wind	8.738590240478516	5.991183757781982	6.6135053634643555	6.752042770385742
1	419	blow	6.4493818283081055	6.9785356521606445	4.067013263702393	4.4349470138549805
1	420	and	3.7992186546325684	2.5154900550842285	2.7023138999938965	2.027966022491455
1	421	conjectured	13.276906967163086	14.03111743927002	15.287282943725586	15.378822326660156
1	422	that	1.191184163093567	0.5303112864494324	0.5240880846977234	0.47203198075294495
1	423	maybe	9.245319366455078	7.434666633605957	7.0898332595825195	5.806237697601318
1	424	the	2.969419479370117	2.2830779552459717	1.7541770935058594	1.6250817775726318
1	425	wind	8.738590240478516	7.493739604949951	7.746477127075195	7.989264488220215
1	426	could	6.688300609588623	5.775723457336426	4.6993608474731445	3.930945873260498
1	427	take	4.7303147315979	5.17588996887207	4.185607433319092	3.5407142639160156
1	428	him	4.113811016082764	4.249791622161865	3.0624303817749023	2.6648967266082764
1	429	back	5.695713520050049	3.3729426860809326	3.4840338230133057	3.854419231414795
1	430	down	4.519888877868652	4.429427146911621	5.484260082244873	5.002893924713135
1	431	to	2.0162200927734375	1.2880750894546509	1.2060192823410034	0.9029055833816528
1	432	the	2.180013418197632	1.1541640758514404	1.2271720170974731	1.2439794540405273
1	433	ocean.	10.808822631835938	10.073469161987305	7.738895893096924	8.470643997192383
1	434	Indeed,	7.440367698669434	7.609408378601074	7.554131507873535	8.63480281829834
1	435	the	1.6501842737197876	1.5868035554885864	1.5946483612060547	1.5615432262420654
1	436	wind	8.738590240478516	9.22176456451416	6.277786731719971	6.246133804321289
1	437	took	8.61015510559082	6.50637149810791	7.481845855712891	6.633997917175293
1	438	pity	8.76324462890625	7.3716325759887695	6.995579242706299	6.792398452758789
1	439	on	3.7821907997131348	0.11600527912378311	0.17819227278232574	0.17553456127643585
1	440	him	6.448404312133789	4.5051350593566895	2.7591047286987305	2.5884897708892822
1	441	and	2.6007208824157715	2.0758323669433594	1.7980445623397827	0.30189812183380127
1	442	fanned	14.19559383392334	12.14689826965332	11.968376159667969	13.096717834472656
1	443	him,	6.87434196472168	7.058948516845703	4.255695343017578	3.9735589027404785
1	444	together	9.119014739990234	9.750628471374512	9.211419105529785	9.614387512207031
1	445	with	1.3748126029968262	0.07744823396205902	0.07632619142532349	0.07127092778682709
1	446	all	5.102107524871826	4.8395843505859375	3.6048972606658936	3.7711188793182373
1	447	of	2.368680238723755	2.0237979888916016	2.1873106956481934	2.703707218170166
1	448	his	4.446447372436523	3.7201271057128906	3.2482051849365234	3.2509970664978027
1	449	brothers	7.5018157958984375	7.753964424133301	6.6911139488220215	5.814689636230469
1	450	and	1.4977545738220215	1.2857110500335693	1.0986580848693848	0.7547481060028076
1	451	sisters,	12.735763549804688	2.599846601486206	2.2566733360290527	2.0822863578796387
1	452	into	8.927495956420898	7.827737331390381	8.080500602722168	7.300145149230957
1	453	a	2.00657320022583	2.065016269683838	1.9928150177001953	1.8911833763122559
1	454	heavy	7.9584197998046875	8.340790748596191	8.474721908569336	8.836860656738281
1	455	gray	7.213418006896973	8.14224624633789	6.58234977722168	6.000612258911133
1	456	cloud,	10.222326278686523	6.124812126159668	6.041616439819336	4.167656898498535
1	457	after	6.487937927246094	6.99447774887085	7.326623916625977	7.520224094390869
1	458	which	5.795291900634766	2.2614755630493164	1.832358479499817	1.4892895221710205
1	459	he	3.5136897563934326	2.6706390380859375	2.896129608154297	2.5989880561828613
1	460	blew	8.830292701721191	9.591511726379395	8.46752643585205	7.549906253814697
1	461	them	5.3886237144470215	4.342905044555664	4.961250305175781	3.994729518890381
1	462	apart	7.771615982055664	5.044249057769775	5.882294654846191	5.822840690612793
1	463	and	2.467771530151367	1.7798465490341187	1.8897429704666138	2.290235757827759
1	464	told	8.559876441955566	7.743878364562988	6.459658145904541	6.553737163543701
1	465	them	3.7639143466949463	2.6718859672546387	2.767031669616699	0.9890380501747131
1	466	to	2.08781099319458	1.817518949508667	1.3642646074295044	1.0746010541915894
1	467	hurry	10.463024139404297	9.539921760559082	6.079048156738281	5.46809720993042
1	468	down,	8.558578491210938	7.7274169921875	8.259469032287598	8.487152099609375
1	469	fast	9.897417068481445	8.765743255615234	9.35388469696045	9.223447799682617
1	470	and	1.9964452981948853	0.8831949234008789	1.5637950897216797	1.919876217842102
1	471	furious	12.201240539550781	3.756087064743042	4.00440788269043	5.410462379455566
1	472	to	3.7825357913970947	4.177014350891113	4.658168792724609	3.6171865463256836
1	473	the	2.180013418197632	2.497239112854004	2.7611939907073975	2.045825481414795
1	474	earth,	9.883564949035645	9.333094596862793	10.020821571350098	8.45268726348877
1	475	so	4.588518142700195	4.513332366943359	4.315736293792725	4.485930919647217
1	476	they	4.407509803771973	3.4918277263641357	3.5879616737365723	3.474531650543213
1	477	could	4.278449535369873	2.3019161224365234	2.9195759296417236	2.8862271308898926
1	478	have	2.755533218383789	2.6924972534179688	3.5773041248321533	3.461888074874878
1	479	a	2.0847954750061035	3.076836585998535	2.9014744758605957	1.5942331552505493
1	480	fighting	9.691230773925781	9.027969360351562	8.532899856567383	7.14780330657959
1	481	chance	10.431588172912598	1.6833728551864624	0.5355886816978455	0.5054277777671814
1	482	of	1.87837553024292	2.6377580165863037	2.383751630783081	1.7428351640701294
1	483	reaching	10.208748817443848	5.369189739227295	5.555699348449707	4.551840305328369
1	484	the	1.486659049987793	1.4548521041870117	1.0581257343292236	0.8493819832801819
1	485	ocean.	10.808822631835938	9.082021713256836	8.954869270324707	9.224044799804688
1	486	Down	8.957504272460938	8.764753341674805	8.628134727478027	8.81123161315918
1	487	they	8.253159523010254	5.251899242401123	5.218392372131348	5.131639003753662
1	488	went,	9.041894912719727	3.832423686981201	2.487544536590576	2.195167303085327
1	489	rolling	8.225964546203613	8.748798370361328	7.325627326965332	6.861934661865234
1	490	over	2.740927219390869	2.436619758605957	2.5697898864746094	2.1332294940948486
1	491	each	5.850486755371094	4.96240758895874	5.573195457458496	2.958649158477783
1	492	other	2.9991745948791504	1.4677844047546387	0.7906739711761475	0.7214568853378296
1	493	until	9.396336555480957	5.8298749923706055	4.785133361816406	5.002121925354004
1	494	with	8.150738716125488	9.110605239868164	9.033040046691895	8.624502182006836
1	495	a	2.1084108352661133	1.6626056432724	1.0597693920135498	1.042793869972229
1	496	patter	14.398566246032715	12.647475242614746	9.65855884552002	9.640568733215332
1	497	and	1.9274722337722778	4.43511962890625	3.6291849613189697	3.8225178718566895
1	498	clatter	12.952845573425293	6.435232639312744	6.5844831466674805	6.955694675445557
1	499	and	2.6334290504455566	3.37807297706604	3.445882558822632	3.404096841812134
1	500	spatter	13.817024230957031	7.399747848510742	7.825508117675781	8.464117050170898
1	501	they	8.240635871887207	8.282959938049316	7.66663932800293	7.1619873046875
1	502	touched	9.710371971130371	9.469642639160156	9.845405578613281	9.469294548034668
1	503	the	1.9191100597381592	1.8174419403076172	2.193488359451294	1.8600406646728516
1	504	ground,	8.668452262878418	5.32955265045166	3.501282215118408	4.3949689865112305
1	505	and	2.0220274925231934	1.8442038297653198	1.6978719234466553	2.25748610496521
1	506	all	5.88937520980835	5.100671291351318	5.120410919189453	5.01413631439209
1	507	the	1.922678828239441	1.6835438013076782	1.4592766761779785	1.4076998233795166
1	508	people	6.889947891235352	4.900978088378906	4.225149154663086	3.7413573265075684
1	509	that	4.1900553703308105	3.449294090270996	2.838688373565674	2.6839535236358643
1	510	the	2.0494112968444824	3.9590423107147217	3.854438304901123	4.528627395629883
1	511	raindrops	13.80331802368164	13.591644287109375	13.152294158935547	12.84133243560791
1	512	fell	3.0035648345947266	4.005998134613037	3.4782047271728516	4.013400077819824
1	513	on	2.552509307861328	1.4901915788650513	1.6485646963119507	2.1478681564331055
1	514	cried,	16.254512786865234	18.035585403442383	18.286190032958984	17.849327087402344
1	515	'It's	7.934516906738281	7.144047737121582	7.1981892585754395	7.591883659362793
1	516	raining',	11.175230026245117	12.85984992980957	11.299657821655273	10.736652374267578
1	517	and	2.328078269958496	2.312187433242798	0.9946455359458923	0.9822559356689453
1	518	took	7.808262825012207	7.494382381439209	8.573492050170898	6.310427188873291
1	519	out	4.948024749755859	4.081640243530273	4.152200698852539	3.869736671447754
1	520	their	5.165886878967285	3.7093231678009033	4.025534629821777	3.786449909210205
1	521	umbrellas.	13.948139190673828	11.456389427185059	8.986902236938477	8.518360137939453
1	522	Some	4.872988700866699	4.744106292724609	4.8201398849487305	5.096590995788574
1	523	of	1.5615253448486328	1.237025499343872	1.5455749034881592	1.4809951782226562
1	524	the	1.4737688302993774	0.6866110563278198	0.7406206727027893	0.9313348531723022
1	525	drops	11.651802062988281	11.904561996459961	9.908833503723145	10.282501220703125
1	526	that	5.0918707847595215	3.890190362930298	3.711920738220215	4.083368301391602
1	527	were	5.481668472290039	3.513336181640625	2.9752838611602783	2.8864688873291016
1	528	the	4.053862571716309	4.404290199279785	4.634016036987305	5.040942192077637
1	529	most	5.204439640045166	2.972874164581299	2.571244716644287	2.86883282661438
1	530	fortunate,	11.302062034606934	10.975192070007324	11.01453971862793	12.006187438964844
1	531	including	8.237117767333984	7.927530288696289	6.82357931137085	7.588708400726318
1	532	Aqua,	15.107382774353027	14.987958908081055	15.224092483520508	15.370109558105469
1	533	fell	10.956681251525879	10.402409553527832	9.212883949279785	8.854072570800781
1	534	on	2.552509307861328	3.4235386848449707	3.5404250621795654	3.6984171867370605
1	535	a	2.6385560035705566	3.0188329219818115	3.286052703857422	2.8694264888763428
1	536	mountainside,	12.698934555053711	12.144302368164062	11.50916576385498	10.068513870239258
1	537	and	2.2110023498535156	2.3081600666046143	2.288788318634033	1.7616640329360962
1	538	down	8.132890701293945	5.816812992095947	6.415058135986328	7.072267055511475
1	539	the	1.9504039287567139	1.319749355316162	1.8095660209655762	1.8670645952224731
1	540	rocky	11.510887145996094	7.873841762542725	6.814633846282959	4.429233551025391
1	541	cliff	6.3304829597473145	5.203474044799805	4.614769458770752	4.961170196533203
1	542	they	7.292882919311523	6.459864616394043	5.857144355773926	6.082479000091553
1	543	ran.	10.087600708007812	7.640506744384766	8.940322875976562	9.814156532287598
1	544	Together	9.167850494384766	9.234251976013184	8.272317886352539	8.383142471313477
1	545	they	4.0712995529174805	0.9251768589019775	0.613572359085083	0.5034467577934265
1	546	plunged	11.133917808532715	8.505559921264648	6.052951335906982	5.716124057769775
1	547	into	1.0751972198486328	1.067199945449829	0.8900384902954102	0.8213062882423401
1	548	a	2.00657320022583	1.678710699081421	2.1345579624176025	1.9251855611801147
1	549	mountain	8.941678047180176	8.091463088989258	7.5385541915893555	7.253135681152344
1	550	brook,	11.766075134277344	8.993541717529297	8.548422813415527	7.386947154998779
1	551	which	3.2050364017486572	3.001070737838745	3.169976234436035	2.9274048805236816
1	552	came	7.006511688232422	5.397979736328125	5.199336528778076	5.082874774932861
1	553	foaming	12.905364036560059	14.144240379333496	7.316547393798828	5.788728713989258
1	554	and	3.1035218238830566	1.9434788227081299	3.0961458683013916	2.790191888809204
1	555	dashing	12.61935806274414	9.960495948791504	5.9712042808532715	5.7113776206970215
1	556	along,	7.466346740722656	8.097472190856934	7.565062046051025	6.061286449432373
1	557	leaping	9.47453498840332	6.860772132873535	6.949298858642578	6.309935569763184
1	558	over	3.119158983230591	1.5583633184432983	1.0334768295288086	1.1452478170394897
1	559	rocks	12.152229309082031	4.862157821655273	3.5884695053100586	3.8753914833068848
1	560	and	1.5589656829833984	0.7883890867233276	0.5857358574867249	0.2532363533973694
1	561	rushing	11.470433235168457	7.725179195404053	6.800612449645996	4.488790512084961
1	562	down	4.359350681304932	5.027948379516602	4.61728048324585	2.9067606925964355
1	563	the	1.9504039287567139	0.7816392779350281	0.7440163493156433	1.061220645904541
1	564	hillside,	12.091032028198242	8.76824951171875	6.855506896972656	7.491122245788574
1	565	until	6.815764427185059	6.396430492401123	5.732712745666504	6.382059574127197
1	566	in	6.15905237197876	6.024579048156738	5.985556125640869	6.450496196746826
1	567	the	1.3686838150024414	1.4034703969955444	0.7986794114112854	0.7553492188453674
1	568	valley	9.653779029846191	8.725065231323242	9.098018646240234	5.272373199462891
1	569	below	4.721778869628906	4.581261157989502	4.007838249206543	2.87534761428833
1	570	they	7.228640556335449	7.394582748413086	6.233575344085693	6.182392120361328
1	571	heard	7.271486759185791	7.870000839233398	4.588804244995117	3.238227128982544
1	572	the	2.1138577461242676	1.6853251457214355	1.3056873083114624	0.8743882179260254
1	573	strangest	11.749443054199219	9.315837860107422	9.438447952270508	8.986842155456543
1	574	clattering	14.659448623657227	13.509493827819824	9.10453987121582	9.026737213134766
1	575	noise.	5.784399032592773	4.71751594543457	4.371269226074219	3.6711232662200928
1	576	The	1.8143891096115112	1.994913935661316	2.147718667984009	2.3528075218200684
1	577	little	7.736197471618652	8.941380500793457	6.129261016845703	6.071793556213379
1	578	water	6.812686920166016	7.5308332443237305	8.011133193969727	8.442635536193848
1	579	drops	7.442997932434082	7.914216995239258	5.962506294250488	4.664425373077393
1	580	were	5.1415205001831055	4.278982162475586	4.303539752960205	3.1889781951904297
1	581	then	4.635560989379883	5.412848472595215	4.4032816886901855	6.078397750854492
1	582	able	8.65524959564209	5.521251678466797	9.367044448852539	7.501169204711914
1	583	to	0.030165337026119232	0.022580448538064957	0.014068025164306164	0.014117665588855743
1	584	make	4.563215732574463	3.867154836654663	4.0054216384887695	4.140296936035156
1	585	out	5.699528694152832	5.907943248748779	3.661219596862793	3.6671791076660156
1	586	a	3.6781179904937744	2.295605421066284	2.2717480659484863	2.4092507362365723
1	587	flour	11.632928848266602	11.518147468566895	11.883309364318848	13.483878135681152
1	588	mill	7.062943458557129	1.9476851224899292	4.2776689529418945	3.852111577987671
1	589	that	5.282933235168457	3.965670108795166	3.60739803314209	3.4897208213806152
1	590	was	4.486698627471924	2.2407827377319336	2.0538272857666016	1.9852222204208374
1	591	standing	7.294432640075684	8.270785331726074	5.825761795043945	5.772761344909668
1	592	on	2.4305663108825684	2.3597047328948975	2.479001998901367	2.4435086250305176
1	593	the	1.213181972503662	0.7519588470458984	0.4323025047779083	0.4978007674217224
1	594	bank.	10.847431182861328	9.999616622924805	7.551194190979004	7.624322891235352
1	595	Inside	9.452712059020996	9.316813468933105	8.306236267089844	8.493148803710938
1	596	the	1.0455131530761719	0.7634386420249939	0.5935618281364441	0.8611606955528259
1	597	mill,	11.841388702392578	9.781498908996582	9.336810111999512	9.585304260253906
1	598	the	2.807609796524048	2.6329691410064697	1.461845874786377	1.5723257064819336
1	599	water	7.276157379150391	5.663651466369629	4.712688446044922	3.9417943954467773
1	600	drops	7.442997932434082	7.629104137420654	6.343547821044922	6.086001396179199
1	601	saw	11.02991771697998	11.287532806396484	10.998846054077148	10.995495796203613
1	602	two	6.231968402862549	5.619319915771484	6.209059238433838	6.275819301605225
1	603	great	7.44228458404541	6.312959671020508	6.013680458068848	5.906933307647705
1	604	stones,	12.498424530029297	9.658944129943848	8.853250503540039	8.775614738464355
1	605	which	3.2648935317993164	3.3003697395324707	2.9320731163024902	2.6304376125335693
1	606	the	2.954012155532837	4.296824932098389	3.169349431991577	3.6685452461242676
1	607	big	7.879308700561523	8.826421737670898	8.703699111938477	8.745340347290039
1	608	wheel	8.61491584777832	6.94581937789917	5.840785980224609	6.290526390075684
1	609	kept	10.450767517089844	8.082964897155762	6.778689384460449	6.7149271965026855
1	610	whizzing	13.71048641204834	6.562259197235107	6.39150333404541	6.07053279876709
1	611	round	3.56571102142334	3.6554579734802246	3.297823429107666	2.6904115676879883
1	612	and	2.8289504051208496	2.704803943634033	2.477048397064209	1.2091419696807861
1	613	round.	12.82137393951416	4.870347499847412	2.668612480163574	2.4514858722686768
1	614	The	2.15435791015625	2.0013771057128906	2.399890422821045	2.2954227924346924
1	615	stones,	14.463839530944824	12.952234268188477	10.786648750305176	10.962287902832031
1	616	smoothed	9.721502304077148	8.361077308654785	7.502268314361572	6.7711687088012695
1	617	by	2.711195468902588	1.9966645240783691	1.053216576576233	0.875044584274292
1	618	the	1.6374341249465942	1.6810407638549805	1.3000454902648926	1.2266069650650024
1	619	spinning,	14.704591751098633	14.519954681396484	13.608530044555664	12.79444694519043
1	620	were	7.266984939575195	8.12796688079834	7.302531719207764	7.391589641571045
1	621	busy	8.884376525878906	8.548469543457031	7.24301815032959	8.160415649414062
1	622	grinding	10.75177001953125	9.095991134643555	7.208293914794922	7.391837120056152
1	623	the	3.3779568672180176	3.138425588607788	2.325155258178711	2.0551347732543945
1	624	wheat	10.778417587280273	5.149608612060547	5.246746063232422	4.299065589904785
1	625	into	6.331960201263428	5.248800754547119	2.897274971008301	1.7529643774032593
1	626	flour	11.470096588134766	2.9755377769470215	2.8629674911499023	1.5610464811325073
1	627	and	1.435106635093689	1.2178771495819092	1.5332489013671875	1.078305721282959
1	628	the	2.795388698577881	2.602123737335205	4.576113224029541	3.07901668548584
1	629	corn	10.986257553100586	10.527069091796875	6.396199703216553	6.621876239776611
1	630	into	5.705349445343018	5.204914093017578	6.143437385559082	5.290669918060303
1	631	golden	10.46570873260498	7.766751289367676	7.8432512283325195	8.142887115478516
1	632	meal.	11.164589881896973	11.781355857849121	6.8361945152282715	6.475534439086914
1	633	But	3.9599697589874268	3.9989371299743652	4.280538082122803	4.221254348754883
1	634	what	4.423966407775879	4.141132354736328	4.250504493713379	4.270164966583252
1	635	giant	12.35433578491211	13.90052318572998	13.691627502441406	12.64095687866211
1	636	do	9.160926818847656	7.555202484130859	5.631695747375488	6.0401811599731445
1	637	you	2.531198024749756	3.007239818572998	0.44087672233581543	0.4264880418777466
1	638	suppose	8.598990440368652	5.255990982055664	4.845461368560791	4.672614574432373
1	639	it	3.3183531761169434	2.9056079387664795	2.557382583618164	2.256363868713379
1	640	was	2.4596688747406006	1.8913607597351074	2.05871844291687	2.520958423614502
1	641	who	8.555253028869629	9.170281410217285	8.862850189208984	8.15461540222168
1	642	could	5.165400505065918	4.896503448486328	4.790894031524658	5.104061603546143
1	643	turn	6.064592361450195	6.156123161315918	5.7939605712890625	5.515052318572998
1	644	and	3.629703998565674	4.91617488861084	4.994964599609375	5.690786361694336
1	645	swing	11.137290954589844	7.908018112182617	7.496948719024658	7.830695629119873
1	646	that	4.965226173400879	5.506781578063965	5.456489562988281	4.292450428009033
1	647	tremendous	11.700210571289062	11.711599349975586	10.127899169921875	8.82646369934082
1	648	wheel?	18.3424015045166	17.099729537963867	12.591628074645996	13.47875690460205
1	649	No	5.251411437988281	5.2772722244262695	5.449566841125488	5.232936382293701
1	650	giant	11.192276954650879	9.711267471313477	8.912528991699219	8.517278671264648
1	651	at	6.496521472930908	7.608113765716553	7.809533596038818	6.552484035491943
1	652	all.	5.304664611816406	4.504583358764648	2.290867805480957	1.894601821899414
1	653	It	3.383248805999756	3.222611904144287	2.9200518131256104	2.984086513519287
1	654	was	1.702970027923584	1.5285297632217407	1.4821577072143555	1.2499369382858276
1	655	just	5.192382335662842	4.278757095336914	3.59727144241333	2.6165647506713867
1	656	our	7.923659324645996	7.542478561401367	6.72476863861084	6.58197546005249
1	657	tiny	9.269362449645996	7.502717971801758	6.959630966186523	7.590665817260742
1	658	little	4.1662468910217285	3.2686829566955566	1.8076612949371338	1.7031410932540894
1	659	water	6.812686920166016	7.771060943603516	8.77929973602295	9.024754524230957
1	660	drops,	9.911136627197266	10.226463317871094	7.916781425476074	8.843629837036133
1	661	who	7.904876708984375	8.230829238891602	7.5041327476501465	7.424670219421387
1	662	sprang	10.510417938232422	9.83927059173584	8.859657287597656	8.662517547607422
1	663	on	4.009848594665527	4.740638732910156	4.074591159820557	4.427885055541992
1	664	it	6.236748695373535	4.9862060546875	5.2089033126831055	4.835419654846191
1	665	by	5.670078277587891	4.500728130340576	4.7124924659729	5.140352725982666
1	666	hundreds	9.104836463928223	9.464449882507324	9.153878211975098	8.618435859680176
1	667	and	4.018579959869385	3.9304280281066895	3.0350341796875	3.235722541809082
1	668	thousands,	14.95715618133545	4.3969621658325195	2.938966751098633	2.4548163414001465
1	669	and	2.34378719329834	2.7246930599212646	2.2295918464660645	1.9682315587997437
1	670	whirled	12.507848739624023	13.656566619873047	12.591133117675781	12.746726989746094
1	671	it	4.65537166595459	3.548068046569824	4.451814651489258	4.209988594055176
1	672	over	5.735184192657471	3.193624496459961	2.9312243461608887	3.3403663635253906
1	673	and	3.4240305423736572	2.6253936290740967	2.6623287200927734	2.93595027923584
1	674	over.	9.50194263458252	3.1509392261505127	2.7461483478546143	2.9503915309906006
1	675	It	3.3594963550567627	3.3555028438568115	3.0912585258483887	2.934108257293701
1	676	was	1.702970027923584	1.2507917881011963	1.4600945711135864	1.331174612045288
1	677	lucky	8.334941864013672	8.749784469604492	8.424736022949219	8.530983924865723
1	678	for	3.4109835624694824	4.674592018127441	2.048067569732666	2.159940242767334
1	679	the	1.8431031703948975	2.851379871368408	2.580745220184326	2.5954933166503906
1	680	water	7.276157379150391	8.091585159301758	8.618480682373047	8.422764778137207
1	681	drops	7.442997932434082	7.629104137420654	8.215560913085938	7.70791482925415
1	682	that	5.0918707847595215	4.165521621704102	3.727144718170166	2.9214513301849365
1	683	the	2.0494112968444824	3.9207048416137695	4.570592880249023	4.532790184020996
1	684	brook	12.242120742797852	12.632999420166016	10.915393829345703	8.010549545288086
1	685	where	4.800787925720215	4.377514362335205	6.871223449707031	7.769186496734619
1	686	they	3.2747652530670166	2.6953277587890625	2.493962287902832	2.213146209716797
1	687	were	2.7650744915008545	2.3332290649414062	2.1802303791046143	2.015692949295044
1	688	swimming	9.335506439208984	9.497892379760742	9.739624977111816	5.332389831542969
1	689	next	7.925710201263428	6.744210720062256	7.25764799118042	6.9210710525512695
1	690	emptied	14.640487670898438	16.80325698852539	16.321725845336914	16.317420959472656
1	691	into	3.199894666671753	3.406092405319214	3.7153968811035156	2.8240816593170166
1	692	a	2.00657320022583	2.0879087448120117	1.8700156211853027	1.7059712409973145
1	693	beautiful	7.5105977058410645	7.194284439086914	8.403888702392578	7.816465377807617
1	694	pond	11.207937240600586	9.439831733703613	7.541415691375732	4.980782985687256
1	695	where	4.495181083679199	4.035250186920166	3.981717586517334	3.865776538848877
1	696	ducks	12.856972694396973	7.533003330230713	5.124688148498535	4.3006134033203125
1	697	and	1.5771721601486206	1.8093481063842773	1.453589677810669	1.1492215394973755
1	698	geese	12.211002349853516	3.543231248855591	0.5170949101448059	0.6312560439109802
1	699	were	3.0022196769714355	3.0103657245635986	3.164106607437134	3.1101274490356445
1	700	living	6.7829084396362305	6.811590194702148	6.935463905334473	6.561893463134766
1	701	peacefully.	12.371240615844727	9.980952262878418	8.88002872467041	7.763453483581543
1	702	Aqua	14.533171653747559	14.189987182617188	14.947136878967285	12.981280326843262
1	703	liked	10.438037872314453	9.12621021270752	9.020764350891113	7.440425872802734
1	704	to	2.0564186573028564	1.3156583309173584	1.3015282154083252	1.2372899055480957
1	705	play	5.96907901763916	3.8075265884399414	3.608013868331909	3.5610105991363525
1	706	hide-and-seek	12.021347999572754	8.685792922973633	7.398078918457031	5.87566614151001
1	707	in	2.553934335708618	1.8836090564727783	2.3598709106445312	2.0100677013397217
1	708	this	3.940133571624756	4.2585835456848145	4.5182905197143555	4.289361953735352
1	709	pond,	14.051504135131836	13.306288719177246	10.295366287231445	9.818683624267578
1	710	and	1.8952077627182007	2.0759294033050537	1.8703441619873047	1.7985857725143433
1	711	it	5.143139839172363	3.9148638248443604	3.3551974296569824	3.218482494354248
1	712	was	2.4596688747406006	1.8944282531738281	1.2766908407211304	1.4146850109100342
1	713	his	5.897993087768555	5.023548126220703	5.0933613777160645	5.694351673126221
1	714	brother	5.439511775970459	5.805408954620361	5.831792831420898	6.173128604888916
1	715	water	11.233760833740234	13.152267456054688	14.451491355895996	14.163701057434082
1	716	drop	7.497524261474609	8.4141845703125	9.222127914428711	8.845273971557617
1	717	who	9.909212112426758	12.037506103515625	8.166230201721191	9.21519660949707
1	718	he	4.902798652648926	5.619472503662109	6.493463039398193	6.304967880249023
1	719	fooled	10.618083953857422	10.846488952636719	10.572297096252441	10.222219467163086
1	720	by	1.4723416566848755	6.881486415863037	3.5233852863311768	3.647533893585205
1	721	swimming	10.206941604614258	12.988819122314453	10.822246551513672	10.233833312988281
1	722	to	4.151752948760986	2.9207406044006348	4.138191223144531	2.6329824924468994
1	723	a	3.548675775527954	3.194952964782715	2.641005516052246	2.928622245788574
1	724	big	6.082209587097168	7.152151584625244	6.7031474113464355	7.458278179168701
1	725	pool	9.058146476745605	8.174696922302246	7.174668788909912	2.7550129890441895
1	726	of	1.69033682346344	0.542672336101532	0.45746099948883057	0.5513390898704529
1	727	water	7.078587055206299	4.044381618499756	1.5470645427703857	2.220667839050293
1	728	and	1.8691645860671997	2.221672773361206	2.3791754245758057	2.3856594562530518
1	729	pretending	12.11715316772461	11.47676944732666	11.64648723602295	10.73743724822998
1	730	to	0.5341377854347229	0.6713592410087585	0.6835159063339233	0.6557943224906921
1	731	hide	7.591649055480957	6.603005409240723	7.0244035720825195	7.182941436767578
1	732	there,	7.117307186126709	8.718339920043945	7.282001495361328	7.187014579772949
1	733	but	2.775883674621582	2.9977774620056152	2.0873730182647705	2.409196138381958
1	734	then	4.852505683898926	4.698538780212402	4.523709774017334	4.075921058654785
1	735	sneaking	12.784042358398438	12.85092544555664	12.880655288696289	11.603555679321289
1	736	under	6.014715194702148	5.856405735015869	5.869002342224121	6.039341926574707
1	737	a	3.126323699951172	3.5121538639068604	3.0954465866088867	3.1672263145446777
1	738	rock	8.995600700378418	6.62042236328125	3.8877429962158203	4.542340278625488
1	739	into	6.849338054656982	5.0597453117370605	9.606344223022461	6.217050075531006
1	740	an	4.4018025398254395	4.171963691711426	4.008762359619141	3.7118499279022217
1	741	obscured	12.549837112426758	10.63986587524414	10.956100463867188	11.794026374816895
1	742	little	8.142428398132324	8.209329605102539	7.328948020935059	6.607815265655518
1	743	puddle.	12.59294319152832	12.531722068786621	10.558707237243652	8.5485258102417
1	744	His	4.784049987792969	5.131479263305664	4.618079662322998	4.736360549926758
1	745	brother	5.371913433074951	6.455465316772461	6.480201721191406	6.764145851135254
1	746	had	4.037680149078369	2.8519811630249023	2.44478440284729	2.5192880630493164
1	747	blatantly	12.403460502624512	11.662349700927734	12.004100799560547	12.671966552734375
1	748	peeked	13.163660049438477	12.134797096252441	11.089191436767578	11.510358810424805
1	749	and	5.08202600479126	3.8573362827301025	3.960564374923706	3.8649630546569824
1	750	even	6.218949317932129	6.633852005004883	4.377298355102539	4.668375492095947
1	751	followed	9.333261489868164	10.036429405212402	6.551329612731934	5.909787178039551
1	752	Aqua	14.413543701171875	16.14650535583496	15.675180435180664	14.856945991516113
1	753	as	6.595966339111328	3.8243408203125	3.713312864303589	3.854548692703247
1	754	he	3.8243770599365234	3.8548247814178467	1.8225306272506714	2.137336015701294
1	755	entered	6.900111675262451	6.168580532073975	5.8829145431518555	4.885009765625
1	756	the	1.2734460830688477	0.7448052167892456	0.4166613519191742	0.38760292530059814
1	757	big	7.879308700561523	7.237389087677002	7.23558235168457	6.7782158851623535
1	758	pool	9.058146476745605	8.540091514587402	6.768408298492432	6.759115219116211
1	759	of	1.69033682346344	0.542672336101532	1.0736663341522217	1.4935989379882812
1	760	water,	8.784516334533691	5.760812759399414	2.9739723205566406	4.087833881378174
1	761	so	4.803544044494629	4.471951484680176	4.390475273132324	4.2693305015563965
1	762	when	5.663819313049316	4.890231132507324	4.596179485321045	4.522263050079346
1	763	he	2.4143896102905273	2.8222596645355225	3.1499998569488525	3.2537922859191895
1	764	searched	9.114048957824707	8.489577293395996	8.62417221069336	8.64666748046875
1	765	there	8.399201393127441	7.963963031768799	7.84295654296875	7.02419900894165
1	766	and	4.09891939163208	2.217082977294922	2.0835816860198975	2.1887764930725098
1	767	could	7.432013034820557	6.621674537658691	5.204130172729492	5.214922904968262
1	768	not	2.338412284851074	1.6539483070373535	1.7202874422073364	0.45182687044143677
1	769	find	6.0429792404174805	3.5471103191375732	3.748931407928467	2.7573752403259277
1	770	him,	6.367290019989014	7.09999418258667	6.718017578125	6.64310884475708
1	771	he	2.9532885551452637	2.9247665405273438	2.995159387588501	3.212162494659424
1	772	was	2.1642255783081055	2.408440351486206	2.371626138687134	2.61342716217041
1	773	extremely	7.60624885559082	7.353024959564209	6.668510437011719	7.080904960632324
1	774	surprised	8.57382583618164	5.633778095245361	5.433960437774658	5.725235939025879
1	775	and	3.3293280601501465	2.796210289001465	2.468078374862671	2.336484909057617
1	776	gave	7.770074844360352	7.404947280883789	8.51371955871582	7.729347229003906
1	777	up.	5.4690375328063965	6.09567403793335	6.133677959442139	6.048320770263672
1	778	Aqua	13.12863826751709	14.344179153442383	14.377222061157227	14.196128845214844
1	779	liked	10.438037872314453	8.596139907836914	7.930492877960205	8.028694152832031
1	780	this	3.545182466506958	3.8628292083740234	3.746168375015259	3.911297082901001
1	781	pond	12.681473731994629	13.141403198242188	10.464032173156738	10.481366157531738
1	782	where	4.495181083679199	5.03523588180542	4.940587043762207	5.658299446105957
1	783	he	2.3880581855773926	2.6380066871643066	2.641879081726074	2.588811159133911
1	784	could	4.0830535888671875	4.077406406402588	3.6082348823547363	3.242487668991089
1	785	play	5.959113121032715	5.874421119689941	5.1664934158325195	5.226479530334473
1	786	all	5.632564544677734	5.737642288208008	5.164259910583496	4.955132961273193
1	787	day,	7.151169300079346	6.33721923828125	4.976315021514893	4.720287799835205
1	788	so	4.374767780303955	3.4525084495544434	3.6728105545043945	3.8425097465515137
1	789	he	3.97934627532959	3.5678553581237793	3.395751953125	3.441711902618408
1	790	stayed	7.315178871154785	6.585482597351074	5.586575031280518	5.6918044090271
1	791	a	4.310585975646973	4.513110637664795	4.359090805053711	4.356419563293457
1	792	good	5.24064826965332	4.433097839355469	3.95941424369812	4.041905879974365
1	793	while,	9.852784156799316	9.084986686706543	4.688784599304199	4.078470706939697
1	794	sailing	11.121842384338379	11.00463581085205	10.98660659790039	11.191843032836914
1	795	up	3.487861156463623	3.9619064331054688	3.5089175701141357	3.312411308288574
1	796	and	2.5191383361816406	2.47790789604187	1.232611060142517	0.7130178809165955
1	797	down,	10.192705154418945	4.141010761260986	2.920834541320801	2.3839759826660156
1	798	taking	6.645615577697754	6.273067474365234	6.343911170959473	5.815042495727539
1	799	the	2.2487571239471436	1.8509451150894165	2.330745220184326	2.6996898651123047
1	800	ducks'	16.308631896972656	16.793651580810547	15.058004379272461	14.977733612060547
1	801	backs	6.343981742858887	6.270451545715332	8.169977188110352	7.505999565124512
1	802	for	4.5519561767578125	3.9086673259735107	3.8766753673553467	4.09693717956543
1	803	ships	11.099992752075195	11.992640495300293	11.338088035583496	12.332941055297852
1	804	and	2.208233118057251	1.7586948871612549	1.6574831008911133	1.6523096561431885
1	805	the	2.795388698577881	2.715219736099243	3.250955581665039	3.462228298187256
1	806	frogs	12.538474082946777	12.432990074157715	12.684417724609375	13.005374908447266
1	807	for	4.473736763000488	4.863422393798828	5.6869120597839355	5.25706148147583
1	808	horses,	11.94879150390625	11.95500373840332	12.28835391998291	11.635382652282715
1	809	but	3.4493248462677	2.805952787399292	3.1181704998016357	2.945176362991333
1	810	after	5.843611717224121	5.5227556228637695	5.774774551391602	5.7448248863220215
1	811	a	2.6374595165252686	2.064434051513672	1.7707302570343018	1.899862289428711
1	812	time	6.143407821655273	5.364351272583008	4.436099052429199	3.49426531791687
1	813	he	3.742650270462036	5.45924711227417	3.589937448501587	2.0660736560821533
1	814	tired	10.351420402526855	10.448850631713867	10.302742004394531	8.109418869018555
1	815	of	1.1297557353973389	0.7731136083602905	0.25252294540405273	0.19959431886672974
1	816	the	1.4737688302993774	2.2140920162200928	1.7980202436447144	1.9073283672332764
1	817	dull	11.255241394042969	11.877614974975586	7.503207206726074	6.905430316925049
1	818	life,	7.363093852996826	9.742842674255371	9.264917373657227	6.4556779861450195
1	819	and	1.847312569618225	1.9095503091812134	1.8650957345962524	1.8322973251342773
1	820	he	5.028239727020264	3.9848859310150146	3.4600107669830322	3.8665294647216797
1	821	and	4.838354110717773	5.0792436599731445	4.989411354064941	5.258663654327393
1	822	his	5.090290069580078	1.1203330755233765	1.1025036573410034	1.051289677619934
1	823	brothers	7.5018157958984375	6.356576442718506	4.48941707611084	4.579474449157715
1	824	floated	12.244941711425781	11.134062767028809	10.158859252929688	10.017538070678711
1	825	under	5.400168418884277	6.831124782562256	6.4284491539001465	6.6309003829956055
1	826	a	3.126323699951172	3.0079398155212402	2.4471869468688965	2.7669084072113037
1	827	bridge	8.765606880187988	6.015751361846924	4.321660995483398	4.8404412269592285
1	828	for	4.83155632019043	3.641049385070801	4.446130752563477	4.777529716491699
1	829	a	2.5906777381896973	2.562333106994629	2.87451171875	1.44221031665802
1	830	long	4.956851959228516	3.6993041038513184	3.3597235679626465	3.5165419578552246
1	831	distance,	7.459674835205078	6.718906879425049	8.351118087768555	5.067111015319824
1	832	until	7.3724870681762695	6.91209077835083	6.75698184967041	6.258763790130615
1	833	they	3.7636618614196777	2.3198976516723633	2.217210531234741	2.3031153678894043
1	834	saw	6.338042259216309	5.226833343505859	4.201381683349609	4.664957523345947
1	835	another	6.062416076660156	6.420997619628906	6.235329627990723	4.946523189544678
1	836	brook	13.318018913269043	11.749944686889648	11.73636245727539	11.31368350982666
1	837	tumbling	9.368293762207031	8.779011726379395	6.23138952255249	6.293118953704834
1	838	down	2.136777877807617	1.36233651638031	0.9878149032592773	1.1469049453735352
1	839	a	3.5321905612945557	2.5997321605682373	2.9670300483703613	2.9066591262817383
1	840	hillside.	13.28726577758789	9.393023490905762	5.955366134643555	5.14791202545166
1	841	'Come,	12.165616035461426	12.94420051574707	13.097911834716797	13.269277572631836
1	842	let's	3.5683815479278564	3.4174346923828125	3.191938638687134	3.23345947265625
1	843	join	7.966397285461426	5.950148582458496	5.845839023590088	5.927674770355225
1	844	hands!'	17.836475372314453	10.768596649169922	8.729504585266113	10.045214653015137
1	845	cried	3.003411293029785	3.3204710483551025	3.1569929122924805	3.8482770919799805
1	846	Aqua	14.529620170593262	16.754688262939453	16.260448455810547	15.673103332519531
1	847	and	3.8910133838653564	2.2245373725891113	4.486992835998535	2.820936679840088
1	848	because	7.8271589279174805	8.995694160461426	9.561962127685547	11.048035621643066
1	849	the	2.10274076461792	1.7614474296569824	2.2315361499786377	2.8397488594055176
1	850	water	7.276157379150391	6.969592094421387	7.078085899353027	4.058139324188232
1	851	drops	7.442997932434082	7.629104137420654	6.935721397399902	7.035345554351807
1	852	were	5.1415205001831055	4.278982162475586	3.61800217628479	2.6996190547943115
1	853	all	5.08637809753418	6.5556864738464355	6.739394664764404	5.486764907836914
1	854	together,	8.305013656616211	8.049833297729492	8.217203140258789	8.52425479888916
1	855	overcoming	10.487364768981934	11.718652725219727	11.177842140197754	12.751514434814453
1	856	the	1.1255038976669312	1.0949935913085938	1.1838313341140747	1.3652355670928955
1	857	brook	12.242120742797852	15.012334823608398	14.3088960647583	14.073846817016602
1	858	was	3.8223490715026855	3.2802517414093018	3.3638947010040283	3.354260206222534
1	859	child's	14.345335960388184	12.491023063659668	12.42339038848877	10.119765281677246
1	860	play.	6.82503604888916	1.4959704875946045	1.7232381105422974	1.492358684539795
1	861	It	3.345726490020752	3.174170970916748	3.322742462158203	2.977238655090332
1	862	was	1.702970027923584	1.4733147621154785	1.301660418510437	0.8220371007919312
1	863	by	7.3375163078308105	7.157536506652832	7.464109420776367	7.14237117767334
1	864	the	1.6374341249465942	2.326833486557007	2.599393844604492	3.2817721366882324
1	865	help	8.3778076171875	8.728421211242676	7.811367034912109	6.696319580078125
1	866	of	3.1858739852905273	0.21691353619098663	0.0488269217312336	0.050674181431531906
1	867	Aqua	13.537580490112305	12.65522575378418	12.81362533569336	12.806641578674316
1	868	and	3.8910133838653564	3.696139097213745	3.280545949935913	3.466423749923706
1	869	his	5.090290069580078	4.657896995544434	4.26987361907959	2.734945774078369
1	870	brothers	7.5018157958984375	6.356576442718506	5.2272820472717285	5.424696445465088
1	871	that	5.285602569580078	5.13728141784668	5.864093780517578	6.268056869506836
1	872	the	2.0494112968444824	2.791375160217285	2.502694606781006	2.5025763511657715
1	873	bewitching	13.73608112335205	14.278027534484863	13.109619140625	13.075679779052734
1	874	river	9.068239212036133	8.158891677856445	8.247880935668945	7.881750106811523
1	875	was	3.751922130584717	4.4795756340026855	4.554239749908447	2.4439756870269775
1	876	able	5.298504829406738	7.127203464508057	6.917436599731445	7.142075061798096
1	877	to	0.030165337026119232	0.016539543867111206	0.022275306284427643	0.05346333980560303
1	878	float	9.74700927734375	9.322132110595703	9.27482795715332	5.141171932220459
1	879	heavy	11.307882308959961	9.787012100219727	9.232024192810059	9.86208724975586
1	880	ships,	10.806527137756348	9.943885803222656	7.536495208740234	7.760680198669434
1	881	though	5.8512420654296875	5.593866348266602	5.800111770629883	5.599974155426025
1	882	not	3.693537712097168	3.2656660079956055	3.080573320388794	3.3863019943237305
1	883	so	5.246119976043701	4.353924751281738	3.6213531494140625	3.1561050415039062
1	884	long	4.096553802490234	3.9106907844543457	4.319590091705322	5.328502655029297
1	885	ago	5.726235389709473	3.954772710800171	1.0230543613433838	1.694854736328125
1	886	it	4.713716506958008	4.379266262054443	3.8132801055908203	4.350830078125
1	887	was	2.4596688747406006	0.6317304372787476	0.7672407627105713	1.2637414932250977
1	888	only	5.856836318969727	4.6210737228393555	4.845911979675293	5.2698869705200195
1	889	a	2.987628936767578	2.0546751022338867	1.651382327079773	1.9298973083496094
1	890	little	4.897584915161133	3.4654605388641357	3.150023937225342	4.020262718200684
1	891	stream.	12.500375747680664	11.861159324645996	11.95213508605957	10.513168334960938
1	892	As	4.379850387573242	4.397546768188477	4.5177412033081055	4.563354015350342
1	893	the	2.511078119277954	1.767293930053711	2.053624391555786	2.234556198120117
1	894	river	8.210853576660156	8.20043659210205	5.713459014892578	4.866843223571777
1	895	grew	8.596977233886719	8.818473815917969	4.270813941955566	5.154982566833496
1	896	wider	8.221595764160156	5.166350841522217	3.5201048851013184	2.3769314289093018
1	897	and	3.033693552017212	0.6236588358879089	0.34687167406082153	0.3426549434661865
1	898	he	5.028239727020264	5.96052360534668	5.298657417297363	6.896205902099609
1	899	could	4.0830535888671875	4.312689304351807	3.4018094539642334	2.89623761177063
1	900	almost	6.937588214874268	7.406308650970459	5.78916597366333	4.943055152893066
1	901	see	6.861289978027344	1.6677258014678955	1.790838599205017	1.7963143587112427
1	902	the	2.1283175945281982	1.5878676176071167	0.8319113850593567	0.8534348011016846
1	903	ocean,	10.608363151550293	9.058780670166016	8.216951370239258	9.881237983703613
1	904	Aqua	12.510936737060547	12.816097259521484	13.723177909851074	14.472747802734375
1	905	realized	11.467330932617188	10.648207664489746	9.949966430664062	9.240423202514648
1	906	his	3.9224741458892822	4.344707489013672	4.26466178894043	4.312928676605225
1	907	journey	7.83843994140625	8.10395336151123	9.017232894897461	7.537662029266357
1	908	was	4.316784858703613	3.5815510749816895	1.6363660097122192	1.2942452430725098
1	909	almost	6.2615461349487305	5.613340377807617	5.027049541473389	3.596877098083496
1	910	over	7.483128547668457	6.425326347351074	4.371614456176758	3.439633369445801
1	911	and	3.4240305423736572	1.9854925870895386	1.5580812692642212	1.1221493482589722
1	912	he	5.028239727020264	4.960030555725098	3.485736846923828	2.452045440673828
1	913	had	2.924950361251831	3.0828452110290527	3.608628988265991	2.6263680458068848
1	914	come	4.846797466278076	4.852180004119873	5.073405742645264	5.346501350402832
1	915	full	8.086875915527344	7.320389270782471	7.7148051261901855	6.8162384033203125
1	916	circle.	8.067153930664062	1.9684845209121704	1.1528747081756592	1.3551071882247925
1	917	Back	8.722949028015137	5.9277825355529785	5.206358432769775	4.644631385803223
1	918	in	2.3465917110443115	1.0116676092147827	0.8912360072135925	0.8515325784683228
1	919	the	1.3686838150024414	1.274588704109192	0.8244590759277344	1.2901837825775146
1	920	ocean,	10.608363151550293	9.633872985839844	10.624886512756348	10.07493782043457
1	921	he	4.5692267417907715	4.576133728027344	4.969012260437012	3.912971258163452
1	922	felt	5.356892108917236	4.842041015625	4.671834945678711	5.483675956726074
1	923	right	5.814883232116699	7.352084159851074	8.21158218383789	8.066463470458984
1	924	at	4.776724338531494	2.7408111095428467	1.1666393280029297	0.16745105385780334
1	925	home.	6.496053695678711	5.749916076660156	2.2511725425720215	1.3211005926132202
1	926	For	4.765612602233887	4.653080940246582	4.867840766906738	5.116865634918213
1	927	him,	7.0181884765625	5.714684963226318	5.5450215339660645	5.635186195373535
1	928	this	5.924004554748535	3.591526746749878	3.010746955871582	3.2020740509033203
1	929	was	4.458312034606934	2.5974113941192627	1.191413164138794	1.1783602237701416
1	930	the	3.2400004863739014	1.962778925895691	1.7851240634918213	1.8109290599822998
1	931	safest,	14.378002166748047	12.170026779174805	12.264076232910156	11.002617835998535
1	932	sweetest	7.748948097229004	7.212202548980713	6.961433410644531	7.2861738204956055
1	933	place	5.633341312408447	3.504093885421753	3.1479902267456055	2.514343738555908
1	934	in	2.091947555541992	1.2089078426361084	1.3895165920257568	1.416263461112976
1	935	the	1.3686838150024414	0.9244275093078613	0.44513139128685	0.3899713158607483
1	936	whole	6.020485877990723	6.88641357421875	6.472785949707031	2.317713975906372
1	937	wide	9.346268653869629	7.169304847717285	5.530045032501221	5.100611686706543
1	938	world.	10.109688758850098	2.852839708328247	2.328484535217285	1.9341742992401123
1	939	During	6.522393703460693	6.518618583679199	7.506546497344971	7.548539161682129
1	940	the	0.8125919699668884	0.7786030769348145	0.8887343406677246	0.8571990132331848
1	941	warm	9.652261734008789	8.463458061218262	8.216951370239258	8.11279010772705
1	942	summer	6.998296737670898	4.061038017272949	2.912405014038086	2.259692907333374
1	943	evenings,	8.176390647888184	4.7106733322143555	4.641780853271484	4.168072700500488
1	944	if	5.562039375305176	5.8019700050354	5.707093715667725	5.9878153800964355
1	945	you	2.1625356674194336	1.736889362335205	1.6458903551101685	1.2884972095489502
1	946	take	5.606046676635742	5.064193248748779	5.495287895202637	4.981433868408203
1	947	a	1.9606149196624756	1.934845209121704	1.7067853212356567	1.9093906879425049
1	948	walk	8.133956909179688	4.859465599060059	5.037852764129639	5.155231475830078
1	949	on	3.172062397003174	2.962771415710449	2.6193130016326904	2.6508560180664062
1	950	the	1.213181972503662	1.105505347251892	0.538249135017395	0.1862548589706421
1	951	sea	9.01312255859375	8.280517578125	6.404772758483887	7.550795078277588
1	952	beach,	10.75997257232666	9.374555587768555	7.917346954345703	5.6936445236206055
1	953	you	4.415902137756348	4.058030128479004	3.775120735168457	3.8923492431640625
1	954	will	3.8414955139160156	2.100294351577759	1.6625282764434814	1.5163333415985107
1	955	hear	7.127947807312012	5.271129608154297	4.935915470123291	5.548013210296631
1	956	the	1.8541630506515503	2.2128822803497314	2.206139326095581	1.1562122106552124
1	957	gentle	10.470281600952148	8.000809669494629	8.108318328857422	7.42227840423584
1	958	rippling	11.248976707458496	7.571969509124756	6.1747636795043945	5.918161392211914
1	959	swash	15.045966148376465	12.89881706237793	13.057881355285645	13.20338249206543
1	960	of	3.8207204341888428	0.5934690237045288	0.5976368188858032	0.2022722363471985
1	961	the	1.4737688302993774	1.992438554763794	1.4582040309906006	0.9982419610023499
1	962	waves	9.372129440307617	10.088092803955078	3.6350271701812744	3.439443826675415
1	963	and	2.4845223426818848	2.429960012435913	2.496419668197632	2.1050870418548584
1	964	some	6.683999538421631	6.529016494750977	6.610787868499756	6.085337162017822
1	965	say	8.514144897460938	6.43844747543335	7.71126651763916	6.750550270080566
1	966	that	1.933546781539917	1.5632838010787964	1.8643988370895386	1.899635672569275
1	967	it	3.832268238067627	3.151453971862793	2.5989482402801514	2.086590051651001
1	968	must	5.647726058959961	4.928310394287109	5.463250637054443	6.575057029724121
1	969	be	1.0680124759674072	0.6245402693748474	0.7565465569496155	0.621629536151886
1	970	the	3.3194472789764404	3.792041301727295	3.375528335571289	3.1776208877563477
1	971	gurgling	14.684371948242188	15.315211296081543	14.623866081237793	13.998188018798828
1	972	voices	6.684178829193115	7.129873752593994	6.9980926513671875	7.595526695251465
1	973	of	2.518421173095703	1.5339964628219604	0.5283616781234741	0.3389968276023865
1	974	Aqua	13.537580490112305	13.73145580291748	13.388388633728027	12.615937232971191
1	975	and	3.8910133838653564	3.696139097213745	1.197790265083313	0.7708662152290344
1	976	his	5.090290069580078	4.657896995544434	4.26987361907959	4.014013290405273
1	977	brother	5.439511775970459	4.51345157623291	4.221855163574219	4.4344635009765625
1	978	water	11.233760833740234	13.152267456054688	13.246468544006348	9.191370010375977
1	979	drops	7.442997932434082	7.4233574867248535	8.229116439819336	8.883116722106934
1	980	telling	11.596110343933105	12.073576927185059	11.86804485321045	11.680532455444336
1	981	each	6.745901584625244	5.849062919616699	4.982838153839111	4.9526777267456055
1	982	other	2.9991745948791504	0.3612571656703949	0.21264459192752838	0.23256005346775055
1	983	about	7.657537937164307	4.549261569976807	1.5947763919830322	1.9026473760604858
1	984	their	4.218536376953125	3.295161008834839	2.7865617275238037	1.4669325351715088
1	985	wonderful	9.456412315368652	9.179715156555176	8.759894371032715	8.76147174835205
1	986	journey	8.116972923278809	5.879394054412842	5.217620849609375	5.532578945159912
1	987	around	4.997956275939941	5.4555864334106445	5.206650733947754	5.2743916511535645
1	988	the	1.2614864110946655	0.393001914024353	0.28374847769737244	0.1593361347913742
1	989	world.	7.377230644226074	3.2370004653930664	2.5642991065979004	2.133765459060669
2	0	It	6.012286186218262	6.012286186218262	6.012286186218262	6.012286186218262
2	1	was	1.702970027923584	1.702970027923584	1.702970027923584	1.702970027923584
2	2	cold	9.635842323303223	7.344766616821289	7.344766616821289	7.344766616821289
2	3	and	2.3283426761627197	0.7947782278060913	0.9893664121627808	0.9893664121627808
2	4	nearly	8.817152976989746	8.675102233886719	7.789628982543945	8.018597602844238
2	5	dark	9.07376766204834	9.96512508392334	4.521759510040283	2.7899820804595947
2	6	on	5.883027076721191	4.149087905883789	3.9781689643859863	3.39986515045166
2	7	the	1.213181972503662	0.7765786647796631	0.7392219305038452	0.843793511390686
2	8	last	5.431286811828613	6.3475565910339355	6.14285135269165	4.648421287536621
2	9	evening	7.255527019500732	8.976157188415527	6.501584053039551	4.940186023712158
2	10	of	2.4793834686279297	3.639043092727661	0.8914914131164551	0.4436279535293579
2	11	the	1.4737688302993774	1.2264416217803955	1.066372275352478	1.0493087768554688
2	12	old	7.127545356750488	6.8406171798706055	8.156728744506836	5.105349540710449
2	13	year,	8.710897445678711	7.957002639770508	7.922446250915527	3.6431756019592285
2	14	and	2.37711501121521	1.8271019458770752	1.6240259408950806	1.7937501668930054
2	15	the	2.795388698577881	2.273033618927002	1.9754037857055664	1.7204595804214478
2	16	snow	9.627060890197754	9.534811019897461	8.982192993164062	6.376320838928223
2	17	was	3.873835802078247	2.9974546432495117	2.2003872394561768	2.4544966220855713
2	18	falling	8.546306610107422	2.4431886672973633	3.079583168029785	2.298368453979492
2	19	fast	6.712960243225098	6.024709701538086	4.541220664978027	4.317646503448486
2	20	and	1.9964452981948853	1.6689960956573486	1.1556532382965088	0.5682272911071777
2	21	furious.	13.893346786499023	6.105045318603516	3.9811508655548096	4.823089599609375
2	22	A	4.7728986740112305	4.323317527770996	4.013530731201172	3.9615273475646973
2	23	little	5.2778215408325195	4.271642684936523	4.568665504455566	4.738188743591309
2	24	girl	4.435297012329102	4.074296951293945	3.3391337394714355	3.099881410598755
2	25	no	7.984760284423828	7.457376480102539	6.77891731262207	6.521644592285156
2	26	one	3.6594128608703613	2.2818939685821533	1.939732313156128	2.2383272647857666
2	27	sheltered	14.381309509277344	13.701089859008789	13.428093910217285	13.206933975219727
2	28	from	1.7193536758422852	2.646651029586792	1.912619948387146	1.7049462795257568
2	29	the	1.3691444396972656	0.5341681241989136	0.4427076578140259	0.6917235255241394
2	30	gelid	17.286548614501953	17.64834976196289	15.275580406188965	14.106520652770996
2	31	air	8.100495338439941	5.841579914093018	5.41677188873291	2.8879902362823486
2	32	roamed	14.432674407958984	13.837018013000488	13.507847785949707	13.898890495300293
2	33	through	3.238663673400879	3.2210049629211426	2.5509121417999268	3.0359323024749756
2	34	the	1.1363747119903564	0.6404560208320618	0.660080075263977	0.40454578399658203
2	35	streets	8.776274681091309	6.0500664710998535	3.9333138465881348	4.2680158615112305
2	36	with	3.8444113731384277	3.3534674644470215	3.224214792251587	3.028412342071533
2	37	a	2.1084108352661133	2.0880861282348633	1.8477963209152222	1.5441800355911255
2	38	bare	9.531648635864258	8.976728439331055	8.805156707763672	9.045412063598633
2	39	head	5.756805896759033	6.412746429443359	5.652161598205566	3.3775672912597656
2	40	and	2.132467746734619	1.3804326057434082	1.2214107513427734	0.749247133731842
2	41	naked	11.104963302612305	10.026541709899902	5.441583633422852	5.177515983581543
2	42	feet,	7.988699436187744	8.571654319763184	6.700353622436523	3.948507785797119
2	43	looking	6.225348949432373	6.595498085021973	6.412120819091797	5.902901649475098
2	44	as	5.416770935058594	3.7483432292938232	3.5949816703796387	3.146218776702881
2	45	poor	8.852523803710938	8.204768180847168	9.633880615234375	8.884437561035156
2	46	as	5.249138832092285	1.5217981338500977	0.27139514684677124	0.4758119285106659
2	47	a	1.974064588546753	2.777838706970215	3.3218259811401367	2.6573822498321533
2	48	church	8.847352981567383	9.085763931274414	6.076512813568115	5.708037376403809
2	49	mouse.	14.132380485534668	9.404958724975586	7.927885055541992	2.185854434967041
2	50	It's	5.466527938842773	5.028586387634277	5.171192169189453	5.340567588806152
2	51	true	6.092370986938477	6.1982879638671875	5.813858985900879	5.219150066375732
2	52	she	7.993133544921875	5.586873531341553	5.840271949768066	4.8073930740356445
2	53	had	2.9027035236358643	2.3077473640441895	2.7616097927093506	3.041518211364746
2	54	on	6.082699775695801	5.9207048416137695	7.5700554847717285	6.900486946105957
2	55	a	2.6385560035705566	3.203397274017334	2.4401679039001465	1.6989109516143799
2	56	pair	7.17883825302124	6.8537492752075195	5.641120433807373	3.4528074264526367
2	57	of	0.6433783769607544	0.11448398977518082	0.06516504287719727	0.0435226671397686
2	58	slippers	13.80174446105957	8.79941177368164	8.569878578186035	8.28009033203125
2	59	her	7.8539204597473145	8.4464111328125	8.198600769042969	8.421490669250488
2	60	mother	5.230654716491699	2.225917100906372	1.655937671661377	1.2968158721923828
2	61	had	3.1198320388793945	2.5835657119750977	0.5542247295379639	0.6583030819892883
2	62	once	6.828372955322266	5.377742767333984	5.292356491088867	5.098394393920898
2	63	given	6.642374038696289	5.56117057800293	4.78203010559082	4.88850212097168
2	64	her	5.271209716796875	4.8925065994262695	2.526426315307617	2.0289719104766846
2	65	when	6.870445728302002	6.8401055335998535	6.048070907592773	5.385545253753662
2	66	she	3.5291061401367188	0.9282345175743103	0.43567684292793274	0.4325765073299408
2	67	left	6.071319103240967	5.059618949890137	5.159027099609375	4.333260536193848
2	68	home,	8.649184226989746	5.498516082763672	4.710670471191406	4.785634517669678
2	69	but	2.9481072425842285	3.1720151901245117	3.4063773155212402	2.8219046592712402
2	70	they	4.086185455322266	3.56252384185791	3.5754573345184326	4.117969512939453
2	71	were	2.7650744915008545	2.400277853012085	2.2513463497161865	2.1781318187713623
2	72	as	6.232301712036133	6.108844757080078	5.822937488555908	5.9669013023376465
2	73	much	4.4288482666015625	4.018470764160156	3.2189645767211914	3.18035888671875
2	74	use	6.769325256347656	6.8947529792785645	5.731507778167725	5.844103813171387
2	75	to	4.0372443199157715	1.1675087213516235	1.6599065065383911	1.0652161836624146
2	76	her	5.867611408233643	6.584190368652344	4.464752674102783	3.524496078491211
2	77	as	5.204511642456055	4.308749675750732	4.120381832122803	2.8002398014068604
2	78	a	1.974064588546753	1.6369801759719849	2.0246758460998535	1.374355673789978
2	79	chocolate	10.459741592407227	10.324538230895996	10.942877769470215	11.089922904968262
2	80	teapot.	11.316808700561523	8.842653274536133	8.107942581176758	6.985926628112793
2	81	The	2.6155989170074463	2.3739848136901855	2.4051711559295654	2.228503942489624
2	82	slippers	14.280936241149902	11.267528533935547	11.0673189163208	11.407176971435547
2	83	owned	11.043015480041504	10.325284957885742	11.259033203125	11.28055191040039
2	84	by	0.8101106882095337	0.14581462740898132	0.1352049708366394	0.12617561221122742
2	85	her	5.77619743347168	5.490128040313721	3.244920253753662	4.62549352645874
2	86	mother	5.230654716491699	4.329708099365234	3.540973663330078	3.2209506034851074
2	87	were	5.915935516357422	5.223742485046387	5.837080001831055	5.67108678817749
2	88	so	5.583066463470459	4.614997863769531	4.62959098815918	4.470449447631836
2	89	large	6.4712300300598145	5.890591621398926	7.444855213165283	7.444810390472412
2	90	that	6.893408298492432	0.615379273891449	0.6981067657470703	1.0201702117919922
2	91	the	2.0494112968444824	1.600175380706787	1.6467437744140625	1.9107074737548828
2	92	emaciated	14.12207317352295	13.837093353271484	13.471435546875	14.134007453918457
2	93	little	5.896182060241699	5.278591156005859	5.189162254333496	5.284459114074707
2	94	creature	9.92572021484375	3.9643285274505615	3.6765427589416504	2.9074769020080566
2	95	had	4.990156650543213	3.835965394973755	3.9926419258117676	3.7187840938568115
2	96	lost	5.214397430419922	5.523768901824951	5.766031265258789	5.187531471252441
2	97	them	6.62576961517334	6.753988742828369	6.823390960693359	6.863798141479492
2	98	while	7.526858329772949	6.02939510345459	5.174384117126465	4.366372585296631
2	99	running	5.2861833572387695	5.838469982147217	4.0637407302856445	4.05468225479126
2	100	across	4.777956008911133	6.181279182434082	6.271337985992432	4.6280837059021
2	101	the	0.8021813631057739	0.5505952835083008	0.46432483196258545	0.4335954785346985
2	102	street	8.492107391357422	3.96809720993042	3.5457258224487305	3.199944496154785
2	103	to	3.2794389724731445	3.0702600479125977	1.9759089946746826	1.341495156288147
2	104	avoid	6.4663896560668945	4.981912612915039	4.287173271179199	6.134771347045898
2	105	two	7.6866455078125	7.670361042022705	7.514411926269531	7.547363758087158
2	106	carriages	11.107118606567383	11.443534851074219	11.131938934326172	9.649883270263672
2	107	that	3.7534255981445312	3.72554349899292	3.2651753425598145	3.2237777709960938
2	108	were	5.481668472290039	2.3016605377197266	1.9329025745391846	1.3636231422424316
2	109	rolling	10.285942077636719	10.384827613830566	5.86980676651001	6.1094818115234375
2	110	along	5.603147506713867	3.8431882858276367	3.845705032348633	1.9618481397628784
2	111	at	6.549317836761475	3.680238962173462	3.0707616806030273	3.1324028968811035
2	112	a	2.9531726837158203	1.6862421035766602	1.5954948663711548	1.4688317775726318
2	113	terrible	8.106171607971191	9.533392906188965	8.090596199035645	8.57646656036377
2	114	rate.	10.869515419006348	9.384988784790039	3.728858709335327	2.6636064052581787
2	115	One	5.474682331085205	5.02666711807251	4.934731483459473	4.950526237487793
2	116	of	1.328187108039856	1.5530673265457153	1.3312910795211792	1.4354987144470215
2	117	the	1.4737688302993774	0.44330841302871704	0.2751797139644623	0.5056470632553101
2	118	slippers	14.291197776794434	15.470100402832031	13.228119850158691	16.199989318847656
2	119	she	5.640860557556152	4.568502426147461	4.462123870849609	4.329436302185059
2	120	could	4.051194190979004	4.139871120452881	5.147321701049805	5.071928024291992
2	121	not	2.338412284851074	1.9228730201721191	2.0469324588775635	1.7615500688552856
2	122	find,	10.966352462768555	8.700488090515137	8.780040740966797	5.6504034996032715
2	123	and	2.8172197341918945	2.6159114837646484	2.488100290298462	1.95798921585083
2	124	a	3.878800868988037	4.001532554626465	4.168055534362793	4.531472206115723
2	125	boy	8.579511642456055	8.30413818359375	7.748363494873047	8.54294204711914
2	126	seized	9.857900619506836	10.466514587402344	10.153724670410156	9.823078155517578
2	127	upon	3.3396434783935547	3.855159282684326	3.931450128555298	4.07027530670166
2	128	the	1.3526920080184937	1.3207451105117798	1.2399964332580566	1.4198147058486938
2	129	other,	8.320104598999023	6.987443923950195	9.090572357177734	7.446746826171875
2	130	saying	7.7387614250183105	7.371328353881836	8.243524551391602	6.650139331817627
2	131	that	1.5535781383514404	1.5552661418914795	1.3255836963653564	1.251184344291687
2	132	he	3.27907657623291	2.86067533493042	2.342906951904297	2.2528648376464844
2	133	could	4.0830535888671875	3.443854331970215	3.9678876399993896	3.5333645343780518
2	134	use	4.382579326629639	4.97511100769043	4.511655807495117	4.729987621307373
2	135	it	3.9205970764160156	3.2797415256500244	2.560375690460205	2.928452730178833
2	136	as	4.631284713745117	2.092677593231201	1.945659875869751	1.9139738082885742
2	137	a	1.974064588546753	1.1595802307128906	0.6484245657920837	0.5501099228858948
2	138	home	7.390502452850342	7.796426773071289	7.7009100914001465	6.850269317626953
2	139	for	3.3917078971862793	2.8385074138641357	1.6268446445465088	1.5501983165740967
2	140	his	4.556158542633057	4.187531471252441	3.8835935592651367	3.6596176624298096
2	141	little	6.698856830596924	7.342004299163818	6.173551559448242	5.87419319152832
2	142	pet	8.351069450378418	8.245206832885742	8.126995086669922	8.413593292236328
2	143	mouse.	10.933271408081055	7.85295295715332	7.781831741333008	7.33331298828125
2	144	So	5.644261360168457	4.933856964111328	4.553389549255371	4.905617713928223
2	145	with	5.539656639099121	5.581228733062744	5.861557960510254	6.03452205657959
2	146	her	4.8049750328063965	4.868919849395752	6.039439678192139	4.6072163581848145
2	147	naked	8.121979713439941	8.31892204284668	8.196504592895508	8.168299674987793
2	148	feet,	7.988699436187744	7.145142555236816	7.094804286956787	5.9511494636535645
2	149	which	4.278792858123779	3.9057021141052246	3.7428274154663086	3.8352713584899902
2	150	were	4.745160102844238	3.229271411895752	2.1528797149658203	1.3031123876571655
2	151	quite	6.861052989959717	6.548286437988281	5.7841033935546875	5.778007984161377
2	152	red	10.624933242797852	10.035842895507812	9.111740112304688	7.470900535583496
2	153	and	2.4623470306396484	2.0615105628967285	1.4372414350509644	1.285601019859314
2	154	blue	8.728218078613281	2.2235727310180664	4.606911659240723	6.420586585998535
2	155	with	5.4723920822143555	5.672343730926514	5.967652797698975	4.025564193725586
2	156	the	1.7724734544754028	2.0789501667022705	1.9411660432815552	1.893585205078125
2	157	cold,	10.65399169921875	10.039225578308105	9.313908576965332	9.80223274230957
2	158	the	3.292912721633911	2.8777997493743896	2.887747049331665	2.8003995418548584
2	159	little	7.964140892028809	6.587588787078857	6.987292289733887	7.0084381103515625
2	160	girl	4.435297012329102	2.9002280235290527	2.795413017272949	2.761646032333374
2	161	went	6.527581214904785	6.314534664154053	5.999944686889648	5.0289306640625
2	162	on,	4.4695234298706055	4.136815547943115	5.9979166984558105	4.710413455963135
2	163	wondering	9.23058032989502	8.193010330200195	8.47006893157959	7.918156623840332
2	164	how	2.4493608474731445	2.05403470993042	2.070051670074463	2.092142105102539
2	165	she	4.797760009765625	4.556864261627197	2.9805173873901367	2.507553815841675
2	166	would	3.6959211826324463	3.2867743968963623	2.4414947032928467	2.0219435691833496
2	167	get	5.182544231414795	4.305576801300049	3.640782594680786	2.960737943649292
2	168	through	4.984847068786621	5.504355430603027	4.883261203765869	3.200417995452881
2	169	this	4.523127555847168	2.8536527156829834	3.277782440185547	2.5375137329101562
2	170	dreadful	10.776741981506348	8.348584175109863	7.266733169555664	7.368170738220215
2	171	night.	7.166694641113281	6.322469711303711	5.513093948364258	4.907205581665039
2	172	She	3.669307231903076	3.7648983001708984	3.8810839653015137	3.413360357284546
2	173	approached	9.45106315612793	8.476428031921387	8.70078182220459	8.364645004272461
2	174	an	6.417873382568359	5.387137413024902	5.571554183959961	5.670297622680664
2	175	old	5.1640424728393555	3.1281936168670654	2.68162202835083	2.9484200477600098
2	176	hovel	11.726945877075195	11.06833267211914	10.161791801452637	10.721450805664062
2	177	she	5.550654411315918	5.154385566711426	5.905080795288086	6.111354351043701
2	178	had	2.9027035236358643	1.958754539489746	1.6343443393707275	1.4101488590240479
2	179	used	7.199278831481934	6.1405510902404785	5.293611526489258	5.4077558517456055
2	180	as	2.708606719970703	4.201728343963623	4.094786643981934	0.8220829963684082
2	181	a	1.974064588546753	0.8707858920097351	0.8570521473884583	0.5958362221717834
2	182	shelter	10.087204933166504	10.046610832214355	9.059911727905273	7.190709114074707
2	183	a	5.698652267456055	6.462675094604492	8.195016860961914	8.28079605102539
2	184	few	4.649507522583008	4.022947788238525	1.4639122486114502	1.4927492141723633
2	185	times	4.43751335144043	4.241372585296631	5.170783519744873	4.128541469573975
2	186	before,	6.7462921142578125	4.617734909057617	5.307980537414551	5.5432281494140625
2	187	and	2.058669090270996	1.7175202369689941	1.800661563873291	1.7554118633270264
2	188	found	7.535784721374512	6.693865776062012	6.403520107269287	5.8100738525390625
2	189	the	3.0080409049987793	2.525421619415283	2.366187572479248	2.421945095062256
2	190	entrance	9.244754791259766	9.023488998413086	8.116623878479004	7.123183727264404
2	191	was	4.2639265060424805	4.654991149902344	4.946722030639648	3.9694926738739014
2	192	locked.	10.93341064453125	6.820621490478516	5.3494977951049805	3.36865234375
2	193	Tough	11.619215965270996	11.75772762298584	11.651729583740234	11.604456901550293
2	194	luck	5.454741477966309	3.502793073654175	3.16654634475708	3.319045066833496
2	195	for	3.459865093231201	1.723196268081665	1.413557529449463	0.9187042713165283
2	196	the	1.8431031703948975	1.9199298620224	1.6980477571487427	1.5845324993133545
2	197	girl!	14.798425674438477	14.780964851379395	11.277957916259766	10.3299560546875
2	198	This	4.687210559844971	4.739567756652832	4.60192346572876	4.68308687210083
2	199	day	7.824326992034912	7.47979736328125	7.5757622718811035	7.373806953430176
2	200	was	4.611198425292969	2.561262369155884	2.4436771869659424	2.484548568725586
2	201	even	6.655616760253906	6.567514419555664	6.669060707092285	6.116207122802734
2	202	worse	5.8602399826049805	3.8076815605163574	2.807046890258789	2.7877278327941895
2	203	than	1.5930155515670776	0.9397130608558655	0.9154185652732849	0.5781543254852295
2	204	the	2.2189552783966064	1.901716709136963	1.6706609725952148	1.608586072921753
2	205	others.	9.756464004516602	6.250270843505859	5.483094215393066	6.52601957321167
2	206	No	5.9379096031188965	5.806798934936523	6.1706438064575195	5.942670822143555
2	207	Good	9.743700981140137	10.557297706604004	11.305807113647461	11.107336044311523
2	208	Samaritan	6.873208999633789	4.455129623413086	3.1533451080322266	3.5170397758483887
2	209	had	4.93153190612793	5.5633649826049805	4.92952823638916	4.600847244262695
2	210	given	6.143775463104248	4.490381240844727	4.67970609664917	5.04848575592041
2	211	her	5.271209716796875	2.365645408630371	2.274686098098755	2.3460707664489746
2	212	even	7.866009712219238	7.768013000488281	7.557186603546143	7.89506721496582
2	213	a	3.543884754180908	4.366119384765625	2.413756847381592	3.1369030475616455
2	214	penny.	12.817872047424316	9.825159072875977	8.408256530761719	8.954463958740234
2	215	And	3.6909589767456055	3.5426225662231445	3.3805947303771973	3.2443337440490723
2	216	she	4.441683769226074	4.421246528625488	4.468388080596924	4.122112274169922
2	217	had	2.9027035236358643	2.9067294597625732	2.750490427017212	2.8745834827423096
2	218	no	3.4734935760498047	3.299405097961426	2.859501838684082	2.8208534717559814
2	219	luck	8.37852668762207	7.136135101318359	7.311614990234375	7.599890232086182
2	220	selling	9.317329406738281	9.752285957336426	7.685995578765869	5.39833927154541
2	221	any	6.387365341186523	5.796773433685303	4.212230682373047	4.036230087280273
2	222	matches	10.9777193069458	9.469341278076172	10.084858894348145	9.41760540008545
2	223	that	4.3566789627075195	3.5619122982025146	2.8968286514282227	2.28460693359375
2	224	she	4.497393608093262	6.409431457519531	7.445774555206299	5.118544101715088
2	225	carried	7.539436340332031	7.827698707580566	7.256162643432617	8.326559066772461
2	226	in	4.230233669281006	2.7482895851135254	2.746791124343872	1.6481300592422485
2	227	the	1.3686838150024414	1.4442083835601807	2.178934335708618	2.4576799869537354
2	228	old	7.127545356750488	7.119555473327637	6.89994478225708	6.0956926345825195
2	229	apron	11.919195175170898	12.24500560760498	13.157297134399414	10.802848815917969
2	230	her	7.521197319030762	6.877039432525635	7.761125087738037	7.451859951019287
2	231	grandmother	8.271471977233887	7.046862602233887	2.4604604244232178	2.317688465118408
2	232	had	3.1919760704040527	2.635883331298828	0.5562204718589783	0.3847726285457611
2	233	given	6.143775463104248	3.9310529232025146	3.8801164627075195	2.0419836044311523
2	234	her.	8.822120666503906	5.114323616027832	3.069066047668457	2.3712916374206543
2	235	Poor	8.810100555419922	8.599611282348633	8.522462844848633	8.54446029663086
2	236	little	5.811939239501953	2.60720157623291	2.4568090438842773	2.5286478996276855
2	237	child,	8.058616638183594	5.805464744567871	6.2234787940979	5.908808708190918
2	238	she	4.374970436096191	4.409312725067139	3.328442335128784	1.4640089273452759
2	239	looked	5.355445861816406	5.484037399291992	4.873736381530762	4.549403667449951
2	240	the	5.244185447692871	5.493158340454102	4.724598407745361	4.993896007537842
2	241	picture	8.672449111938477	5.119327068328857	3.647656202316284	2.639883518218994
2	242	of	1.129119634628296	1.6776238679885864	0.45100489258766174	0.041409000754356384
2	243	misery.	12.648801803588867	12.403692245483398	10.526145935058594	5.546784400939941
2	244	On	5.522228240966797	5.384952545166016	5.3212432861328125	5.316985130310059
2	245	her	5.934828758239746	4.3833723068237305	4.519021034240723	3.9028308391571045
2	246	long,	8.612146377563477	9.331295013427734	8.91492748260498	8.69753360748291
2	247	fair	8.89388656616211	5.5401716232299805	6.581503868103027	7.90845251083374
2	248	hair,	7.758733749389648	1.9373159408569336	2.0457630157470703	2.2645387649536133
2	249	which	3.7992360591888428	3.809838056564331	4.000731468200684	2.765153408050537
2	250	hung	11.080069541931152	6.087993144989014	4.600442409515381	2.9905080795288086
2	251	in	3.308187961578369	2.119703531265259	1.0636274814605713	1.2051843404769897
2	252	curls	13.301924705505371	12.671759605407715	11.046469688415527	4.287385940551758
2	253	on	3.5791754722595215	3.237739324569702	2.224808931350708	2.8861966133117676
2	254	her	4.708484649658203	1.759558081626892	1.821911334991455	2.0029306411743164
2	255	shoulders,	8.149847030639648	5.953847885131836	4.13029670715332	4.755366325378418
2	256	the	3.302072525024414	3.734555244445801	3.4326062202453613	2.97505259513855
2	257	snowflakes	13.731484413146973	10.692668914794922	10.178630828857422	9.430183410644531
2	258	kept	8.308259963989258	7.370876789093018	6.938233375549316	7.606833457946777
2	259	landing,	13.612276077270508	6.394343852996826	6.891554832458496	6.394238471984863
2	260	but	3.305133104324341	3.249241352081299	3.3555078506469727	3.274235725402832
2	261	she	4.3952250480651855	4.019957065582275	3.286106824874878	2.50488018989563
2	262	did	4.071937561035156	3.2270631790161133	3.279026985168457	3.7076733112335205
2	263	not	0.7211931943893433	0.7462650537490845	0.6369897723197937	0.6686071753501892
2	264	notice	7.863141059875488	5.897226333618164	5.809006690979004	5.631232261657715
2	265	them	8.019173622131348	4.620781421661377	4.779782295227051	5.176264762878418
2	266	as	3.814452886581421	2.7668261528015137	2.865316390991211	3.425149440765381
2	267	she	4.859580039978027	4.782774925231934	4.825070381164551	3.5618350505828857
2	268	shivered	9.931406021118164	8.926122665405273	9.092012405395508	9.259910583496094
2	269	along.	11.645341873168945	13.144303321838379	11.135660171508789	10.734918594360352
2	270	She	3.858091115951538	3.354801893234253	1.9348942041397095	2.0056357383728027
2	271	was	2.2592546939849854	2.072840452194214	2.1213998794555664	1.9313066005706787
2	272	losing	8.439798355102539	8.66808795928955	7.840235710144043	7.065371513366699
2	273	strength	10.33116626739502	6.372762680053711	5.366311073303223	4.974449634552002
2	274	and	1.6632211208343506	1.3538548946380615	1.0470860004425049	1.1890583038330078
2	275	beginning	9.431194305419922	11.02310562133789	6.423392295837402	5.749070167541504
2	276	to	2.10811185836792	1.2880834341049194	0.5161071419715881	0.050342630594968796
2	277	doubt	9.953897476196289	5.816019058227539	6.204986095428467	6.089964866638184
2	278	she	5.514925956726074	6.528321266174316	5.619684219360352	5.59010648727417
2	279	could	4.051194190979004	2.7476396560668945	2.620596170425415	2.079986810684204
2	280	weather	11.300113677978516	10.184659957885742	9.147537231445312	8.281407356262207
2	281	this	5.5145063400268555	2.7912020683288574	2.970456600189209	2.637549877166748
2	282	storm.	12.132768630981445	10.123032569885254	2.2344613075256348	1.9040411710739136
2	283	It	3.238269329071045	3.1148109436035156	3.253859043121338	3.4877398014068604
2	284	was	1.702970027923584	1.1723192930221558	1.3189617395401	1.3781936168670654
2	285	New	10.2904691696167	9.63814926147461	8.731099128723145	9.124073028564453
2	286	Year's,	10.00401496887207	8.09225082397461	5.583386421203613	5.018078804016113
2	287	and	2.4061996936798096	2.134064197540283	0.8608241677284241	0.6865051984786987
2	288	the	2.795388698577881	2.183713674545288	2.316751003265381	1.8991094827651978
2	289	girl	8.58824634552002	8.255148887634277	7.58482027053833	7.39682674407959
2	290	asked	7.883540153503418	7.002200126647949	6.462430000305176	5.978006362915039
2	291	herself	6.492077827453613	5.1358113288879395	4.828535556793213	5.3154401779174805
2	292	why,	11.955245971679688	5.134319305419922	5.527882099151611	5.916357040405273
2	293	as	3.82827091217041	3.5505738258361816	3.294029474258423	2.975811004638672
2	294	lights	12.369463920593262	13.039499282836914	13.474750518798828	13.993094444274902
2	295	shone	9.43580150604248	5.4740095138549805	5.466451644897461	5.4775285720825195
2	296	from	3.666809558868408	2.5785861015319824	2.4482579231262207	2.3745899200439453
2	297	every	7.201444625854492	4.794196605682373	3.9847254753112793	3.7930784225463867
2	298	window,	9.978900909423828	7.431143760681152	2.908984899520874	2.152369499206543
2	299	and	2.0503199100494385	1.964311957359314	1.9492594003677368	1.4836512804031372
2	300	the	2.795388698577881	2.2479448318481445	2.323716878890991	2.068019151687622
2	301	savory	12.263448715209961	12.482677459716797	11.961068153381348	12.385152816772461
2	302	smell	5.705071449279785	4.358870983123779	3.322892665863037	1.5621657371520996
2	303	of	1.0417324304580688	0.6358850598335266	0.2174522876739502	0.18507620692253113
2	304	roast	12.06612491607666	7.508890628814697	5.514254570007324	5.005892753601074
2	305	goose	7.776446342468262	5.381347179412842	4.910037994384766	5.689584255218506
2	306	crept	11.594146728515625	13.720329284667969	12.884374618530273	9.413130760192871
2	307	out	3.483944892883301	2.377838134765625	2.450417995452881	2.8278112411499023
2	308	on	3.473745346069336	3.7744336128234863	4.131819725036621	4.089722633361816
2	309	the	1.213181972503662	1.1923609972000122	1.367364764213562	1.2394757270812988
2	310	streets,	10.41480827331543	8.471938133239746	6.187172889709473	6.354836463928223
2	311	she	5.155961990356445	5.639247894287109	5.635560989379883	5.56424617767334
2	312	was	2.315664768218994	2.4239206314086914	2.2421069145202637	2.1819472312927246
2	313	outside	8.883245468139648	8.092732429504395	8.162467956542969	8.188319206237793
2	314	all	6.580306529998779	5.9730987548828125	5.741420269012451	4.662617206573486
2	315	alone.	10.98993968963623	12.077571868896484	7.064178466796875	4.091671943664551
2	316	Exhausted,	13.635868072509766	10.979557037353516	10.49201774597168	10.733652114868164
2	317	she	2.2977654933929443	1.7715368270874023	1.7887507677078247	1.6796300411224365
2	318	finally	6.983440399169922	4.808102130889893	4.678277492523193	4.448966979980469
2	319	sat	7.794466495513916	5.579474925994873	3.875670909881592	4.318158149719238
2	320	down	1.6276544332504272	0.7255917191505432	0.9073678255081177	1.323546290397644
2	321	in	3.245820999145508	2.111752510070801	2.3645055294036865	2.334977149963379
2	322	a	2.713128089904785	2.147237539291382	1.8013288974761963	2.029798746109009
2	323	corner	8.752357482910156	7.248408317565918	4.7962799072265625	3.5148541927337646
2	324	behind	6.677379131317139	7.512080669403076	5.918121337890625	5.693788051605225
2	325	the	1.2751853466033936	1.0614888668060303	0.8285974264144897	0.9449151754379272
2	326	little	7.964140892028809	7.786370277404785	6.6057281494140625	6.977139472961426
2	327	bakery.	14.895923614501953	12.854955673217773	10.435647964477539	9.377954483032227
2	328	She	3.6028127670288086	3.6657981872558594	2.842259645462036	2.708420753479004
2	329	put	5.751030921936035	6.076168060302734	5.754098415374756	5.648260116577148
2	330	a	2.6942265033721924	2.4795162677764893	2.3168678283691406	2.174114465713501
2	331	rag	11.736957550048828	9.562403678894043	8.098405838012695	8.461440086364746
2	332	she	6.4079976081848145	6.248891830444336	8.855901718139648	7.0579986572265625
2	333	had	2.9027035236358643	1.8449281454086304	1.7647398710250854	0.8776804208755493
2	334	found	6.150042533874512	4.933306694030762	3.936868667602539	2.6436049938201904
2	335	over	6.810410499572754	7.771336555480957	7.876821041107178	6.753167152404785
2	336	her	4.018935680389404	5.495952129364014	4.725712776184082	2.679870843887329
2	337	legs	6.3990936279296875	7.003268241882324	7.304378509521484	7.7029571533203125
2	338	to	3.3281750679016113	3.318723678588867	2.8678877353668213	4.087746620178223
2	339	cover	6.886857032775879	5.776019096374512	5.167535781860352	3.497128963470459
2	340	herself,	10.691038131713867	8.724514961242676	6.341832637786865	4.10758113861084
2	341	but	3.191112995147705	2.1867499351501465	2.077847480773926	2.2104387283325195
2	342	she	4.3952250480651855	1.6858017444610596	1.7350064516067505	1.7749271392822266
2	343	could	4.051194190979004	3.7397639751434326	3.118929386138916	3.0062479972839355
2	344	not	2.338412284851074	1.9228730201721191	0.9586058259010315	0.8203453421592712
2	345	keep	7.596384048461914	5.447971343994141	4.8142900466918945	4.329040050506592
2	346	off	6.145930290222168	7.256137847900391	6.487527847290039	7.155510902404785
2	347	the	1.797001838684082	0.9349338412284851	1.060656189918518	1.0593128204345703
2	348	cold.	11.410639762878418	11.439912796020508	7.809213638305664	9.018653869628906
2	349	The	2.264831066131592	2.349229335784912	2.431685447692871	2.676692247390747
2	350	girl,	10.823912620544434	9.666873931884766	9.62043571472168	9.351714134216309
2	351	who	2.8164544105529785	1.6836715936660767	2.1740260124206543	2.204246759414673
2	352	the	5.510059833526611	6.772504806518555	6.251925468444824	6.736259937286377
2	353	night	7.525230884552002	9.576318740844727	4.981186389923096	6.336932182312012
2	354	air	7.688772201538086	5.875096321105957	5.608953475952148	9.758282661437988
2	355	had	7.747105121612549	4.098692893981934	4.167446613311768	2.8693768978118896
2	356	completely	8.120038986206055	6.539076328277588	7.063386917114258	6.546009063720703
2	357	enveloped,	14.151556015014648	12.773710250854492	11.667768478393555	12.402440071105957
2	358	dared	12.736091613769531	13.804486274719238	12.767568588256836	13.666089057922363
2	359	not	2.267575979232788	1.3948838710784912	1.739924669265747	2.425610065460205
2	360	go	5.848371505737305	3.720090389251709	4.052098274230957	4.438107490539551
2	361	home,	5.553990364074707	6.6592206954956055	5.501060485839844	5.419552803039551
2	362	for	4.98419713973999	5.637961387634277	4.9910054206848145	2.397278308868408
2	363	she	8.733017921447754	4.726850986480713	3.9571986198425293	2.8785829544067383
2	364	had	2.9027035236358643	1.8476749658584595	1.5977098941802979	1.666358470916748
2	365	sold	7.8448357582092285	7.221712589263916	8.223159790039062	6.742656707763672
2	366	no	6.812934398651123	7.209640979766846	7.761816501617432	6.076296806335449
2	367	matches.	11.743060111999512	9.081819534301758	8.797718048095703	8.501001358032227
2	368	Her	6.66093635559082	7.625164985656738	6.425815582275391	5.857836723327637
2	369	father	3.8632874488830566	4.339694976806641	3.946308135986328	3.267132520675659
2	370	had	2.911036252975464	1.9206955432891846	2.0387823581695557	1.9669491052627563
2	371	been	2.345865249633789	1.9013550281524658	1.7109241485595703	1.6983858346939087
2	372	mean	9.979689598083496	10.445456504821777	9.05243968963623	8.984490394592285
2	373	and	3.565363883972168	2.215308904647827	1.4820033311843872	1.4135560989379883
2	374	moody	14.699029922485352	19.001922607421875	8.387785911560059	7.600143909454346
2	375	ever	8.757048606872559	8.713961601257324	8.856425285339355	5.7892632484436035
2	376	since	3.8485450744628906	0.7049162983894348	0.8606362342834473	0.7962912321090698
2	377	his	4.58273983001709	3.7598934173583984	3.079828977584839	2.918154716491699
2	378	wife	4.748649597167969	5.16880989074707	4.7924370765686035	2.4802651405334473
2	379	had	4.1618547439575195	3.446478843688965	1.812221646308899	1.7342122793197632
2	380	gone	5.1080732345581055	4.0731353759765625	3.967231512069702	4.038830280303955
2	381	to	2.4679641723632812	1.4520033597946167	0.9210112690925598	0.8526414632797241
2	382	meet	6.571952819824219	5.520742893218994	5.248434543609619	4.914024353027344
2	383	her	4.24962043762207	3.612220525741577	2.6334545612335205	2.574148654937744
2	384	Maker.	16.38066864013672	12.943731307983398	11.261066436767578	9.617452621459961
2	385	He	3.336895227432251	3.4088003635406494	3.5950255393981934	3.599909543991089
2	386	would	4.4531755447387695	4.540574550628662	3.675172805786133	3.300678253173828
2	387	certainly	6.3533430099487305	5.98555850982666	5.8438239097595215	6.422537326812744
2	388	beat	8.681584358215332	8.102641105651855	7.799248218536377	7.560812473297119
2	389	her,	6.298394680023193	7.603329658508301	8.146000862121582	5.344227313995361
2	390	as	4.200051307678223	4.632896423339844	4.152789115905762	3.9368367195129395
2	391	he	3.8243770599365234	2.6048660278320312	2.057084083557129	2.2740488052368164
2	392	has	3.758728504180908	4.445423126220703	4.745189189910889	4.401739120483398
2	393	done	5.489073753356934	4.1413164138793945	3.023566246032715	2.041814088821411
2	394	several	6.176753520965576	6.0886077880859375	6.5203857421875	5.423414707183838
2	395	times	3.2664382457733154	2.2812373638153076	2.466855764389038	2.2802486419677734
2	396	in	2.858455181121826	2.1162192821502686	1.8886831998825073	1.5968272686004639
2	397	the	1.3686838150024414	1.1599472761154175	0.8964112401008606	0.6775281429290771
2	398	weeks	10.258102416992188	8.909505844116211	7.935174942016602	7.045035362243652
2	399	past,	10.280145645141602	7.079434394836426	7.916642665863037	7.1071271896362305
2	400	because	5.767887115478516	6.38081693649292	6.5711870193481445	6.046840190887451
2	401	she	3.8442533016204834	4.138206958770752	3.48655366897583	3.224996566772461
2	402	had	2.9027035236358643	2.2657198905944824	1.898253321647644	1.7807716131210327
2	403	not	3.6423168182373047	3.4100120067596436	3.111649990081787	2.948068618774414
2	404	earned	11.230982780456543	7.2370476722717285	7.14290714263916	6.494588851928711
2	405	any	6.894247531890869	3.2492752075195312	2.951843738555908	3.0244545936584473
2	406	money	5.983491897583008	2.430701732635498	2.154877185821533	1.8276722431182861
2	407	today.	9.60263729095459	8.197016716003418	7.573309421539307	6.781224250793457
2	408	Besides,	8.253972053527832	7.670079708099365	6.953474998474121	7.643468379974365
2	409	it	3.0123682022094727	2.9376351833343506	3.0587077140808105	3.1499710083007812
2	410	was	2.4596688747406006	2.2882437705993652	2.138981819152832	1.8090062141418457
2	411	almost	6.2615461349487305	5.9727020263671875	5.557119369506836	5.270059585571289
2	412	as	3.4130806922912598	2.48148775100708	2.103315591812134	3.267695426940918
2	413	cold	9.422019004821777	6.8630523681640625	5.898421287536621	6.152583122253418
2	414	at	5.825929164886475	6.009490966796875	5.7526326179504395	5.457831859588623
2	415	home	5.304584503173828	5.88020658493042	6.17374324798584	4.893805027008057
2	416	as	5.049740791320801	4.153959274291992	4.352042198181152	1.3760145902633667
2	417	outside,	13.041351318359375	13.674356460571289	12.325811386108398	8.819427490234375
2	418	for	5.11375617980957	4.993001461029053	4.731241226196289	4.378580093383789
2	419	they	8.678775787353516	3.959597110748291	4.032471656799316	3.5084168910980225
2	420	had	3.64829683303833	2.7221720218658447	2.1413919925689697	2.5250964164733887
2	421	only	5.976154327392578	5.647205352783203	5.247532844543457	5.370927333831787
2	422	a	2.987628936767578	2.1956379413604736	2.5533807277679443	2.5848445892333984
2	423	patchy	12.814315795898438	10.164470672607422	9.490449905395508	9.764357566833496
2	424	roof	9.80483627319336	8.678923606872559	8.198493957519531	7.905887603759766
2	425	to	3.9329042434692383	3.672738552093506	3.3295371532440186	2.7129673957824707
2	426	cover	6.886857032775879	5.537287712097168	4.17909049987793	3.2636775970458984
2	427	them.	7.5820488929748535	6.533829689025879	4.643760681152344	4.49637508392334
2	428	The	2.40814471244812	2.36257266998291	2.272273302078247	1.9512346982955933
2	429	girl's	10.267400741577148	9.41664981842041	9.440857887268066	9.510953903198242
2	430	little	6.7009124755859375	6.782920837402344	6.525846004486084	6.3842010498046875
2	431	hands	6.6873779296875	3.701235055923462	2.6994214057922363	2.6247854232788086
2	432	were	4.340241432189941	3.9744656085968018	2.7422239780426025	1.5180566310882568
2	433	almost	6.589672088623047	6.429138660430908	6.0012617111206055	5.829850196838379
2	434	frozen	9.193822860717773	8.133768081665039	5.48117208480835	6.472245216369629
2	435	solid	7.905906677246094	4.517880439758301	3.156994342803955	5.596699237823486
2	436	so	7.923825740814209	6.429051399230957	5.132198810577393	5.650506973266602
2	437	she	5.077488422393799	4.756878852844238	3.711568832397461	3.5111279487609863
2	438	decided	6.181768417358398	4.579508304595947	5.340299606323242	6.213099002838135
2	439	that	2.6718552112579346	2.466156482696533	3.798550605773926	4.115799427032471
2	440	a	3.9856972694396973	3.5082807540893555	3.8266165256500244	3.665513753890991
2	441	burning	9.688608169555664	10.388786315917969	10.002447128295898	9.639312744140625
2	442	match	10.932723045349121	6.070895195007324	5.410906791687012	5.474668502807617
2	443	might	9.082304000854492	6.733534812927246	5.88956356048584	3.6016452312469482
2	444	be	1.3329665660858154	1.0683728456497192	1.2587884664535522	1.5066498517990112
2	445	of	5.999637126922607	4.8096513748168945	5.195342540740967	5.418027400970459
2	446	some	6.599676609039307	4.561217308044434	2.6447975635528564	2.8425209522247314
2	447	good.	10.43925952911377	11.12303638458252	9.160717964172363	8.84284496307373
2	448	'Scratch!'	24.885772705078125	25.506397247314453	25.321823120117188	25.096271514892578
2	449	sounded	7.3452253341674805	7.254584312438965	7.428916931152344	7.26558256149292
2	450	the	4.966834545135498	2.5286262035369873	1.8636794090270996	2.0174918174743652
2	451	match	8.966615676879883	8.644231796264648	8.603727340698242	7.992523193359375
2	452	as	5.240267276763916	4.208560466766357	3.9370927810668945	2.663050651550293
2	453	she	4.859580039978027	5.323895454406738	4.861688613891602	4.250137805938721
2	454	drew	6.861133098602295	5.9413604736328125	6.780117988586426	7.096768379211426
2	455	it	4.623884677886963	3.9469242095947266	3.688108444213867	4.413083076477051
2	456	out.	7.253108978271484	4.707669734954834	3.872807741165161	3.309756278991699
2	457	How	5.910856246948242	5.699787139892578	6.173003196716309	6.598954677581787
2	458	it	5.706614971160889	5.12021541595459	4.741884231567383	3.51249098777771
2	459	sputtered	12.682117462158203	15.82314682006836	13.109095573425293	12.765183448791504
2	460	as	4.249367713928223	4.567585468292236	5.263473033905029	4.865692138671875
2	461	it	4.156929016113281	2.370086669921875	1.0400522947311401	0.8969393372535706
2	462	burnt!	17.579160690307617	16.6643009185791	14.619342803955078	13.746604919433594
2	463	It	3.7218241691589355	2.921593189239502	2.9627890586853027	3.034226417541504
2	464	gave	6.677457809448242	6.435478687286377	5.591945648193359	5.020524501800537
2	465	a	2.4606106281280518	2.990501642227173	2.5986862182617188	2.260265827178955
2	466	warm,	10.67170238494873	9.351669311523438	8.034454345703125	7.824187755584717
2	467	candle-like	14.024694442749023	12.753419876098633	13.430606842041016	11.826811790466309
2	468	bright	8.419052124023438	9.735503196716309	10.973753929138184	10.623779296875
2	469	light	3.7071738243103027	2.626091957092285	1.777934193611145	1.7009873390197754
2	470	that	5.809446334838867	3.639380693435669	2.53969144821167	2.247863292694092
2	471	the	2.0494112968444824	3.5864784717559814	4.216370582580566	5.1439971923828125
2	472	girl	8.58824634552002	7.777018070220947	6.793344020843506	5.995913982391357
2	473	hid	10.892313003540039	9.180803298950195	9.021200180053711	7.704047203063965
2	474	from	3.2103652954101562	4.058477878570557	3.996734619140625	2.9202826023101807
2	475	the	1.3691444396972656	1.153465747833252	1.1428979635238647	1.2022507190704346
2	476	world	6.093578338623047	6.625054836273193	3.364081859588623	3.6075735092163086
2	477	as	4.006216049194336	3.8336758613586426	4.159852981567383	3.2802982330322266
2	478	she	4.859580039978027	4.66302490234375	4.4146013259887695	4.281214714050293
2	479	held	7.000648498535156	5.583315849304199	7.195073127746582	7.167381763458252
2	480	her	4.015355587005615	2.1143417358398438	1.7362675666809082	1.557780146598816
2	481	hand	4.685260772705078	2.866736888885498	2.7442994117736816	2.5556468963623047
2	482	over	2.4694156646728516	3.2975239753723145	3.25919246673584	2.3136725425720215
2	483	it.	6.479008674621582	5.594808578491211	4.2893218994140625	4.404987335205078
2	484	Why	6.371730804443359	6.6365556716918945	7.0347137451171875	7.193276882171631
2	485	had	6.181680679321289	4.841939926147461	3.9805383682250977	2.944349765777588
2	486	no	3.4734935760498047	4.469181537628174	4.312277317047119	4.446535587310791
2	487	one	3.6594128608703613	5.831421852111816	0.19680054485797882	0.11929803341627121
2	488	wanted	9.075383186340332	5.353464126586914	11.053593635559082	6.4981207847595215
2	489	to	0.5574467182159424	0.41260552406311035	0.29561886191368103	0.47386080026626587
2	490	buy	6.826114177703857	5.786271095275879	5.501938343048096	3.8330934047698975
2	491	even	8.194329261779785	7.494143009185791	8.214693069458008	7.338088512420654
2	492	one	5.988874435424805	3.9056167602539062	3.134178400039673	3.474606513977051
2	493	match?	15.25905704498291	12.318336486816406	11.587821960449219	11.327587127685547
2	494	A	4.992746829986572	4.784049987792969	4.766085147857666	4.588418006896973
2	495	wonderful	7.929871559143066	7.76007080078125	7.500682830810547	7.632184982299805
2	496	light,	9.82197380065918	9.893342971801758	10.500202178955078	11.322441101074219
2	497	it	4.046566963195801	4.273166656494141	4.5439910888671875	4.95030403137207
2	498	was	2.4596688747406006	2.194897413253784	1.888444185256958	2.22874116897583
2	499	really.	13.614681243896484	12.686939239501953	13.893951416015625	11.950955390930176
2	500	It	3.204988479614258	2.955667018890381	2.6879026889801025	2.503920316696167
2	501	seemed	5.675925254821777	5.2080535888671875	4.336704730987549	4.356761932373047
2	502	to	0.7805615067481995	1.387157917022705	1.5076618194580078	1.4763141870498657
2	503	the	2.180013418197632	5.9791951179504395	4.794713020324707	5.837180137634277
2	504	girl	8.58824634552002	9.070999145507812	4.672332286834717	4.145222187042236
2	505	that	4.602919578552246	4.391644477844238	3.603158950805664	1.4283307790756226
2	506	she	4.497393608093262	3.34519100189209	2.64113187789917	2.1520726680755615
2	507	was	2.315664768218994	1.6460027694702148	1.7059420347213745	1.6165764331817627
2	508	sitting	7.0804243087768555	5.953608989715576	6.580657482147217	6.2350311279296875
2	509	by	4.052269458770752	4.365242958068848	4.167277812957764	4.454919338226318
2	510	a	2.7378430366516113	5.181713104248047	2.8428456783294678	2.790867805480957
2	511	large	5.000631332397461	4.869882583618164	4.41524600982666	4.408189296722412
2	512	iron	8.97513484954834	8.344378471374512	8.344104766845703	6.071029186248779
2	513	stove,	11.086169242858887	6.596067428588867	5.275027275085449	5.6153244972229
2	514	with	4.566658020019531	3.6725869178771973	3.2967517375946045	3.1013169288635254
2	515	polished	12.380529403686523	9.803454399108887	8.502031326293945	7.943016052246094
2	516	brass	8.169005393981934	3.5204644203186035	1.6139882802963257	1.352222204208374
2	517	feet	8.693958282470703	7.772239685058594	6.644847869873047	4.753026962280273
2	518	and	2.1179733276367188	2.056427240371704	1.8517091274261475	1.2251555919647217
2	519	a	3.878800868988037	3.491795301437378	2.4077253341674805	1.91743004322052
2	520	brass	10.815787315368652	9.566619873046875	9.524157524108887	4.229269027709961
2	521	ornament.	12.463897705078125	8.978867530822754	8.332433700561523	10.102021217346191
2	522	How	6.320520401000977	6.504195213317871	6.269312858581543	6.750927925109863
2	523	the	3.9659230709075928	4.020387649536133	3.9793903827667236	3.9941537380218506
2	524	fire	7.855910778045654	7.890594959259033	6.745481014251709	5.998487949371338
2	525	burned!	14.585498809814453	14.109001159667969	7.939323902130127	4.616380214691162
2	526	The	2.8372702598571777	2.3009767532348633	2.4362170696258545	2.1617815494537354
2	527	girl	7.785979270935059	6.892075538635254	6.55002498626709	6.726281642913818
2	528	was	3.5119423866271973	1.9836583137512207	2.084850788116455	2.0210208892822266
2	529	pleased	8.221161842346191	8.887246131896973	8.521082878112793	9.670656204223633
2	530	and	3.8369946479797363	4.195907115936279	3.356828451156616	3.107146739959717
2	531	the	2.795388698577881	4.666347026824951	5.267613887786865	4.404821395874023
2	532	fire	7.855910778045654	8.453008651733398	8.180789947509766	7.524262428283691
2	533	actually	9.527434349060059	8.915672302246094	8.260566711425781	7.875028610229492
2	534	seemed	7.995347023010254	7.116978168487549	6.637008190155029	5.068768501281738
2	535	so	4.506531715393066	5.168303489685059	4.790217399597168	6.52303409576416
2	536	warm	8.653465270996094	5.973966121673584	6.444249629974365	5.884927272796631
2	537	that	5.795566558837891	2.6328625679016113	3.4283738136291504	3.3157191276550293
2	538	the	2.0494112968444824	2.7797739505767822	2.2978503704071045	2.802631139755249
2	539	child	8.014958381652832	6.770458221435547	6.766609191894531	7.045449733734131
2	540	stretched	12.66757583618164	12.495695114135742	13.745713233947754	10.02868366241455
2	541	out	1.7854498624801636	1.3179022073745728	1.0154616832733154	1.0085275173187256
2	542	her	5.4978132247924805	3.261143207550049	3.7206900119781494	2.989464044570923
2	543	feet	6.0677313804626465	7.040472030639648	5.5870184898376465	6.624866485595703
2	544	as	4.674779891967773	2.8874545097351074	3.0198323726654053	3.0962424278259277
2	545	if	4.478036880493164	2.619323253631592	2.696556568145752	2.2762598991394043
2	546	to	5.8182854652404785	3.360262393951416	2.751390218734741	2.581088066101074
2	547	warm	9.56800365447998	8.012533187866211	7.627366542816162	7.394577980041504
2	548	them,	10.007981300354004	6.639768123626709	4.7562947273254395	4.766012668609619
2	549	when	5.91972541809082	5.813223838806152	5.920903205871582	5.1331915855407715
2	550	suddenly	10.705942153930664	5.548398017883301	5.725364685058594	5.089921951293945
2	551	the	4.471957683563232	1.8752682209014893	1.6754560470581055	1.5898357629776
2	552	flame	9.824972152709961	8.097114562988281	7.345376014709473	7.571474075317383
2	553	of	2.836000919342041	1.8421579599380493	1.512350082397461	1.7533228397369385
2	554	the	1.4737688302993774	1.2954387664794922	1.3171055316925049	1.3559106588363647
2	555	match	8.966615676879883	9.252054214477539	5.544250965118408	4.856180667877197
2	556	went	9.349241256713867	6.326760292053223	6.775113582611084	5.497046947479248
2	557	out.	6.636868953704834	7.344749450683594	7.3147172927856445	8.887967109680176
2	558	It	3.4386043548583984	3.3739662170410156	3.1142892837524414	3.2408103942871094
2	559	was	1.702970027923584	1.3698537349700928	0.5968249440193176	0.6149108409881592
2	560	a	2.6166157722473145	1.9403185844421387	1.796546220779419	1.7045766115188599
2	561	short,	9.664210319519043	8.861135482788086	7.741007328033447	7.758111476898193
2	562	stubby	8.4498872756958	6.204963684082031	5.271326541900635	6.429839134216309
2	563	match	10.281936645507812	10.707036972045898	9.970993041992188	10.827899932861328
2	564	that	4.743427276611328	3.740189552307129	3.0509886741638184	2.721442222595215
2	565	the	2.0494112968444824	3.6864538192749023	4.335264205932617	4.603592872619629
2	566	little	7.964140892028809	8.188234329223633	7.847658157348633	5.995920658111572
2	567	girl	4.435297012329102	2.9002280235290527	2.212833881378174	2.1588425636291504
2	568	next	7.490981101989746	6.491659164428711	6.114853382110596	7.462934494018555
2	569	rubbed	16.194246292114258	15.705903053283691	15.865547180175781	15.528780937194824
2	570	on	3.7471299171447754	5.431163787841797	4.846804141998291	5.124858379364014
2	571	the	1.213181972503662	1.2333608865737915	1.488552451133728	2.1902167797088623
2	572	wall.	10.062110900878906	7.706700325012207	8.189875602722168	7.616297245025635
2	573	It	3.3460090160369873	3.3230576515197754	3.051511287689209	3.0315139293670654
2	574	burst	12.194198608398438	8.753824234008789	8.441993713378906	10.072311401367188
2	575	into	2.2524919509887695	1.3383370637893677	1.7028306722640991	1.785951018333435
2	576	a	2.00657320022583	2.131225109100342	1.9263249635696411	1.8785324096679688
2	577	flame,	11.984161376953125	10.365330696105957	7.11088752746582	5.259822845458984
2	578	and	1.7416139841079712	1.7024706602096558	1.5550096035003662	1.5697773694992065
2	579	lo	11.626249313354492	11.044645309448242	11.106014251708984	10.603965759277344
2	580	and	5.980205535888672	1.4826518297195435	0.31281578540802	0.3916427791118622
2	581	behold,	12.581849098205566	0.6597776412963867	0.6032261848449707	0.6517781615257263
2	582	the	2.3202157020568848	1.8188340663909912	1.9480299949645996	1.9878123998641968
2	583	girl	8.58824634552002	7.227191925048828	6.248501777648926	6.180267810821533
2	584	was	3.5119423866271973	2.7949166297912598	2.1228761672973633	1.8460900783538818
2	585	transported	9.243576049804688	8.941728591918945	8.22464370727539	8.86497974395752
2	586	from	3.0591886043548584	2.815512180328369	2.727100372314453	2.7768208980560303
2	587	her	5.040557861328125	5.9131951332092285	5.270756721496582	2.5867741107940674
2	588	dank	12.715909957885742	11.362692832946777	10.167551040649414	10.855149269104004
2	589	city	10.282249450683594	8.252908706665039	8.766820907592773	7.633814811706543
2	590	to	3.741319179534912	3.915518045425415	3.3837263584136963	3.40635347366333
2	591	a	3.548675775527954	4.008087635040283	3.3526625633239746	2.854133129119873
2	592	beautiful,	10.499162673950195	10.93126106262207	8.802022933959961	7.084278583526611
2	593	sunny	7.755423545837402	4.9966864585876465	4.92284631729126	4.547725200653076
2	594	forest.	10.474650382995605	10.450784683227539	10.919057846069336	9.637479782104492
2	595	She	4.2526750564575195	3.9994053840637207	3.827444076538086	4.122797012329102
2	596	heard	6.029944896697998	5.127874374389648	5.183741569519043	5.228481769561768
2	597	the	2.1138577461242676	1.489861011505127	1.3073511123657227	1.239229440689087
2	598	birds	9.725494384765625	7.4001054763793945	7.5330305099487305	5.0910539627075195
2	599	chirping	12.369315147399902	7.00726842880249	3.4607088565826416	2.6710305213928223
2	600	and	2.700362205505371	1.4540989398956299	1.3636025190353394	1.3270621299743652
2	601	she	6.00670051574707	6.85512638092041	8.011627197265625	7.376208305358887
2	602	was	2.315664768218994	2.083902597427368	2.271864652633667	2.5551323890686035
2	603	surrounded	9.199176788330078	7.6174516677856445	7.465127944946289	6.603495121002197
2	604	by	0.25053709745407104	0.11831975728273392	0.11692918837070465	0.1047854870557785
2	605	wildflowers	13.965718269348145	9.80640983581543	9.76262378692627	10.690986633300781
2	606	and	1.590209722518921	0.9338914155960083	0.6232799291610718	0.525576114654541
2	607	birches	15.538790702819824	8.335591316223145	8.334770202636719	9.178525924682617
2	608	as	4.568321704864502	4.466863632202148	4.317012786865234	3.957165241241455
2	609	white	8.263435363769531	6.250011444091797	6.395358085632324	6.6920552253723145
2	610	as	5.541799545288086	1.7525477409362793	0.5994683504104614	0.4534302353858948
2	611	snow.	12.201574325561523	4.042388916015625	3.5158512592315674	3.245023488998413
2	612	A	3.921743869781494	3.7976460456848145	3.834225654602051	4.01612663269043
2	613	little	5.2778215408325195	3.9398345947265625	4.35275936126709	3.9795076847076416
2	614	squirrel	11.018338203430176	10.69723892211914	9.182924270629883	9.25908374786377
2	615	hid	9.534881591796875	8.672544479370117	7.335422039031982	6.940969467163086
2	616	some	5.128868579864502	5.858637809753418	5.862671852111816	7.621853828430176
2	617	food	7.5194854736328125	5.882702350616455	2.3257975578308105	3.372209072113037
2	618	in	4.129570007324219	2.634699583053589	1.3584372997283936	1.362735390663147
2	619	the	1.3686838150024414	1.288611650466919	1.1674915552139282	1.2188280820846558
2	620	ground	7.0497026443481445	7.772717475891113	8.320969581604004	9.19339370727539
2	621	and	2.4027717113494873	2.3287031650543213	2.3542494773864746	1.7334530353546143
2	622	scurried	12.70867919921875	9.07327651977539	8.934449195861816	10.989972114562988
2	623	off	2.8776021003723145	2.6414761543273926	2.8564109802246094	2.9271774291992188
2	624	into	5.477467060089111	2.4230432510375977	2.1942763328552246	1.1391808986663818
2	625	the	1.1791348457336426	0.5045895576477051	0.15517160296440125	0.12620669603347778
2	626	underbrush.	14.810935974121094	11.848396301269531	8.282804489135742	4.9892778396606445
2	627	The	2.0659117698669434	2.0968313217163086	2.169936180114746	2.2361795902252197
2	628	girl	7.785979270935059	6.24661922454834	6.001987457275391	5.62872314453125
2	629	was	3.5119423866271973	1.9836583137512207	2.0996711254119873	2.098706007003784
2	630	curious,	11.101582527160645	9.81608772277832	9.799399375915527	9.635025978088379
2	631	so	4.586981773376465	2.4357876777648926	3.1712870597839355	3.195570945739746
2	632	she	5.077488422393799	3.8794116973876953	3.5555081367492676	0.7436874508857727
2	633	dug	9.128445625305176	9.392601013183594	6.137121677398682	5.6472015380859375
2	634	some	7.0775322914123535	6.0378947257995605	5.370099067687988	4.974363803863525
2	635	squirrel	14.295668601989746	12.201845169067383	11.03819465637207	11.016288757324219
2	636	food	7.286886692047119	5.912578582763672	5.158732891082764	4.160661220550537
2	637	up	7.8708672523498535	7.2076239585876465	5.802290916442871	4.291560173034668
2	638	to	1.8520309925079346	0.9092849493026733	1.6953281164169312	2.3743302822113037
2	639	see	4.874575138092041	5.898730278015137	9.107439041137695	8.053833961486816
2	640	what	3.879638910293579	2.8431708812713623	1.9568750858306885	1.8543715476989746
2	641	it	3.4937870502471924	3.060924530029297	3.2155275344848633	3.1559207439422607
2	642	was,	6.6482086181640625	4.256620407104492	4.919642925262451	4.340331077575684
2	643	but	3.4703149795532227	2.718693256378174	1.8441518545150757	1.7612665891647339
2	644	then	4.852505683898926	4.976125240325928	4.959664344787598	4.340215682983398
2	645	she	5.0225725173950195	3.381239414215088	2.56028413772583	2.6957504749298096
2	646	forgot	8.964469909667969	7.340395450592041	5.891404628753662	6.1082329750061035
2	647	to	1.3585072755813599	1.144135594367981	2.2554783821105957	1.8645894527435303
2	648	put	5.891603946685791	3.6035521030426025	3.426173448562622	3.5751771926879883
2	649	it	2.8932456970214844	2.4638748168945312	2.4892592430114746	2.7273054122924805
2	650	back.	8.936917304992676	5.772928237915039	5.581056594848633	5.0608110427856445
2	651	The	2.5943896770477295	2.6256275177001953	2.697176694869995	2.738154411315918
2	652	squirrel	12.39571762084961	10.082040786743164	9.916234970092773	9.489633560180664
2	653	came	6.589480876922607	4.866418838500977	4.630895614624023	4.665898323059082
2	654	back	4.249109268188477	3.5018551349639893	2.9525680541992188	2.465015411376953
2	655	and	2.5958101749420166	2.710759162902832	2.1023004055023193	1.6058447360992432
2	656	looked	8.406689643859863	4.749752998352051	4.3761186599731445	3.3219382762908936
2	657	in	4.540546894073486	4.372953414916992	4.341597557067871	3.7324390411376953
2	658	its	5.37481164932251	5.530754089355469	5.233463764190674	5.364785194396973
2	659	hiding	11.011549949645996	10.903862953186035	7.701305866241455	7.331925868988037
2	660	place,	5.609528064727783	2.0232019424438477	1.7639014720916748	1.444190502166748
2	661	but	2.8882687091827393	2.698122024536133	2.896554946899414	2.82564377784729
2	662	the	2.655514717102051	2.477857828140259	2.4674386978149414	2.379135847091675
2	663	food	8.14146900177002	7.547846794128418	6.802738189697266	7.515565395355225
2	664	was	4.465250015258789	3.755369186401367	1.5513193607330322	1.2799580097198486
2	665	nowhere	9.546116828918457	8.833420753479004	8.742725372314453	8.024447441101074
2	666	to	1.9676799774169922	0.5588588118553162	0.33096158504486084	1.0576245784759521
2	667	be	3.0100271701812744	2.0098495483398438	0.13954907655715942	0.006318655796349049
2	668	found.	8.16723918914795	7.498461723327637	1.6053221225738525	1.5947738885879517
2	669	Then	5.37790584564209	5.790030479431152	5.592191219329834	5.370288372039795
2	670	the	2.0340800285339355	1.8709867000579834	2.017406463623047	2.2471227645874023
2	671	match	8.966615676879883	8.921656608581543	8.51185417175293	8.415908813476562
2	672	went	9.349241256713867	6.326760292053223	4.969814300537109	5.614065647125244
2	673	out,	6.233880519866943	7.016027450561523	7.277956485748291	6.886312007904053
2	674	and	2.0328376293182373	1.5737340450286865	2.1272811889648438	2.2164387702941895
2	675	it	5.143139839172363	3.623133659362793	4.0217413902282715	3.083087921142578
2	676	wasn't	6.165555000305176	5.118278503417969	4.550393581390381	4.128911972045898
2	677	the	3.0610709190368652	2.835059642791748	3.0067992210388184	2.985171318054199
2	678	forest	8.855289459228516	10.868237495422363	10.055793762207031	10.398923873901367
2	679	that	4.520856857299805	4.267803192138672	1.8854436874389648	1.3500351905822754
2	680	remained	9.514396667480469	7.532976150512695	7.323609828948975	8.649890899658203
2	681	before	7.443274021148682	6.268012046813965	5.839322566986084	5.605547904968262
2	682	her	5.321246147155762	3.1097562313079834	3.4360203742980957	4.889852523803711
2	683	eyes.	5.819609642028809	3.6078572273254395	3.2686338424682617	4.0641961097717285
2	684	It	3.616121530532837	3.957139730453491	3.3105180263519287	2.9891605377197266
2	685	was	1.702970027923584	0.9698407053947449	0.7012751698493958	0.6878637671470642
2	686	only	5.856836318969727	4.376877307891846	4.2743144035339355	4.158183574676514
2	687	the	3.1511571407318115	3.1630642414093018	2.986393451690674	2.8860690593719482
2	688	thick,	12.501834869384766	11.90321159362793	12.153337478637695	11.75400161743164
2	689	damp,	8.935322761535645	7.5484619140625	7.7538652420043945	7.083430290222168
2	690	cold	5.030778884887695	4.864400863647461	4.13755464553833	3.938565254211426
2	691	wall.	10.24996280670166	10.275276184082031	6.329193592071533	6.5644354820251465
2	692	The	1.9620115756988525	1.7400332689285278	2.274585008621216	2.2157185077667236
2	693	girl	7.785979270935059	7.348826885223389	8.10996150970459	5.506000518798828
2	694	looked	6.218838691711426	3.8934855461120605	3.4898195266723633	3.593982219696045
2	695	despondently	13.983421325683594	12.550378799438477	12.139301300048828	12.018738746643066
2	696	into	3.4140591621398926	2.690265655517578	3.130840539932251	2.9759721755981445
2	697	the	1.1791348457336426	0.49358493089675903	0.5710116028785706	0.669202983379364
2	698	sky	8.916959762573242	7.0214009284973145	7.463950157165527	5.594304084777832
2	699	that	4.973878860473633	4.955256462097168	5.179563522338867	4.680074691772461
2	700	was	4.486698627471924	2.3968493938446045	2.8780391216278076	3.05484938621521
2	701	now	6.374208450317383	6.669450759887695	4.031859874725342	4.0851006507873535
2	702	fully	7.633527755737305	5.81014347076416	6.3989033699035645	5.4695000648498535
2	703	darkened	11.516473770141602	10.983882904052734	10.027454376220703	8.935009002685547
2	704	and	2.861142635345459	1.9066811800003052	1.4366792440414429	1.1711208820343018
2	705	suddenly	9.902852058410645	6.941415786743164	7.887077331542969	7.816619873046875
2	706	she	4.955730438232422	3.34279203414917	3.494213581085205	3.977181911468506
2	707	saw	5.12751579284668	3.4819092750549316	4.021486282348633	3.2746238708496094
2	708	a	2.574706792831421	2.281714677810669	2.1572697162628174	2.1876659393310547
2	709	star	8.403632164001465	8.016092300415039	8.128131866455078	7.786275863647461
2	710	fall,	13.597609519958496	11.674270629882812	5.259239196777344	5.428809642791748
2	711	leaving	6.32714319229126	6.232247352600098	6.7346673011779785	6.897908687591553
2	712	behind	4.069476127624512	2.7835464477539062	1.895094633102417	2.0227999687194824
2	713	it	4.801791191101074	4.683407783508301	4.117249011993408	3.764270782470703
2	714	a	4.539694786071777	4.230175971984863	0.8377040028572083	0.6445332765579224
2	715	bright	8.52511215209961	8.147477149963379	6.698645114898682	6.5202178955078125
2	716	streak	8.701292037963867	7.827216148376465	9.608579635620117	6.488308906555176
2	717	of	1.5105936527252197	1.25395667552948	0.8227850794792175	0.6182675957679749
2	718	fire.	10.340646743774414	9.905030250549316	7.280494689941406	6.353419780731201
2	719	'Someone	12.757437705993652	12.677486419677734	12.537001609802246	12.041952133178711
2	720	is	2.604517698287964	2.5687201023101807	2.243532180786133	2.117218494415283
2	721	dying,'	16.22988510131836	8.198716163635254	7.3021559715271	6.861604690551758
2	722	thought	6.777360916137695	6.286316871643066	6.054333686828613	6.374014854431152
2	723	the	3.423572301864624	2.194786548614502	2.115480899810791	2.2901995182037354
2	724	little	7.964140892028809	5.911923408508301	4.908454895019531	4.525558948516846
2	725	girl.	6.465599536895752	4.973932266235352	8.8348388671875	2.965808868408203
2	726	It	3.6505308151245117	3.5759525299072266	3.623194456100464	3.522324562072754
2	727	was	1.702970027923584	1.0231504440307617	1.0325201749801636	0.9325461387634277
2	728	her	6.7164225578308105	5.904218673706055	3.898991107940674	3.865649938583374
2	729	old	6.953991889953613	6.470950126647949	6.2790961265563965	6.291254997253418
2	730	grandmother,	11.36364459991455	8.359709739685059	8.237161636352539	8.586346626281738
2	731	the	3.8667452335357666	3.5435338020324707	3.497016429901123	3.126467704772949
2	732	one	6.606695652008057	3.408027410507202	3.659501552581787	3.216403007507324
2	733	who	4.563929080963135	2.3193860054016113	0.7088340520858765	0.7284996509552002
2	734	had	3.1637158393859863	2.9284861087799072	3.021568775177002	1.952964425086975
2	735	loved	8.71822738647461	7.594935417175293	6.728448867797852	7.607969284057617
2	736	her	3.58937931060791	2.4913556575775146	1.7414740324020386	1.7132306098937988
2	737	the	5.622809410095215	5.027109622955322	4.81498384475708	5.1416120529174805
2	738	most,	10.825807571411133	6.955199718475342	2.9327564239501953	2.6147191524505615
2	739	and	2.6907405853271484	2.0332491397857666	1.574773907661438	1.4834660291671753
2	740	the	2.795388698577881	2.483379364013672	2.3141591548919678	3.0049731731414795
2	741	one	6.606695652008057	6.190065383911133	4.612082481384277	3.934574604034424
2	742	who	4.563929080963135	2.3193860054016113	2.3039731979370117	2.268092393875122
2	743	the	5.510059833526611	7.278754234313965	7.468541145324707	7.266401290893555
2	744	girl	8.58824634552002	6.081180572509766	6.404489040374756	6.32924222946167
2	745	used	8.881062507629395	8.06460952758789	7.408045768737793	7.278958320617676
2	746	to	1.3424142599105835	0.3934817314147949	0.9570115804672241	0.11956125497817993
2	747	visit	7.244463920593262	7.66776704788208	4.8337860107421875	4.607169151306152
2	748	every	6.953893661499023	5.63199520111084	5.212637901306152	4.714813709259033
2	749	Sunday,	8.018379211425781	8.136772155761719	7.631314277648926	6.9042205810546875
2	750	who	6.8263044357299805	7.338493347167969	7.4677886962890625	7.396559715270996
2	751	had	3.1637158393859863	3.0600438117980957	3.3312370777130127	3.391894817352295
2	752	told	6.231049537658691	6.532416820526123	5.371359348297119	6.000802993774414
2	753	her	2.7689743041992188	2.041126251220703	1.9372717142105103	2.2978713512420654
2	754	that	5.478111743927002	1.8184163570404053	1.6044385433197021	1.5571074485778809
2	755	when	5.873614311218262	5.359597682952881	5.095451354980469	4.545167922973633
2	756	a	3.416940689086914	2.589850664138794	3.868173122406006	3.7922861576080322
2	757	star	8.403632164001465	7.4508280754089355	7.858029365539551	7.362274169921875
2	758	falls,	12.150671005249023	11.231454849243164	7.110206127166748	6.776357173919678
2	759	a	4.1509108543396	4.111483573913574	3.391523838043213	3.216759204864502
2	760	soul	9.730607032775879	9.1476411819458	7.594197750091553	6.626154899597168
2	761	leaves	8.113643646240234	10.267532348632812	6.04010009765625	4.565275192260742
2	762	this	5.812054634094238	3.8697047233581543	1.7542659044265747	2.348308563232422
2	763	earth.	11.661490440368652	7.977237701416016	5.41508674621582	4.495987892150879
2	764	It	3.1380462646484375	3.3155574798583984	3.3120827674865723	3.0319247245788574
2	765	was	1.702970027923584	1.4787442684173584	2.0723814964294434	2.7175207138061523
2	766	her	6.7164225578308105	5.904218673706055	5.781925201416016	5.318861961364746
2	767	last	5.506475448608398	4.510961532592773	4.2790446281433105	4.202789306640625
2	768	match	7.950291633605957	6.476709842681885	5.670557022094727	6.000667572021484
2	769	that	4.743427276611328	4.747370719909668	5.533824920654297	5.7986979484558105
2	770	the	2.0494112968444824	3.6864538192749023	3.688727855682373	4.302412986755371
2	771	little	7.964140892028809	8.188234329223633	7.847658157348633	8.220807075500488
2	772	girl	4.435297012329102	2.9002280235290527	2.212833881378174	2.1588425636291504
2	773	now	7.206121444702148	7.805301189422607	7.494593143463135	7.074798583984375
2	774	rubbed	13.554910659790039	9.467588424682617	10.134902000427246	9.441938400268555
2	775	on	3.7471299171447754	5.406280994415283	5.6925153732299805	5.430260181427002
2	776	the	1.213181972503662	1.2333608865737915	1.3352638483047485	1.8786184787750244
2	777	wall	8.559171676635742	6.576067924499512	6.7337260246276855	5.910373687744141
2	778	and	2.2265419960021973	2.1864445209503174	2.1687912940979004	1.9174697399139404
2	779	the	2.795388698577881	2.1520836353302	2.859442710876465	2.605649948120117
2	780	light	7.414300918579102	7.38982629776001	6.4434099197387695	5.710522651672363
2	781	again	9.157122611999512	9.19286060333252	8.484814643859863	8.721456527709961
2	782	shone	12.593080520629883	6.782938480377197	5.777798175811768	3.484050750732422
2	783	round	7.9463348388671875	6.919512748718262	5.427128314971924	6.244880676269531
2	784	her.	7.77281379699707	4.467348575592041	4.632809638977051	4.001093864440918
2	785	Her	3.8864662647247314	3.2148940563201904	3.164062738418579	3.3230459690093994
2	786	old	7.831787109375	7.294814109802246	7.775437355041504	7.049461841583252
2	787	grandmother	9.802714347839355	6.67072868347168	6.178795337677002	5.744987964630127
2	788	in	3.3128557205200195	2.9520959854125977	4.638388633728027	4.851376533508301
2	789	the	1.3686838150024414	1.5372645854949951	1.2311084270477295	1.909682035446167
2	790	brightness	10.475377082824707	11.321587562561035	13.138690948486328	12.685770988464355
2	791	stood,	15.00709342956543	15.79623794555664	16.730512619018555	13.990843772888184
2	792	loving	10.845529556274414	11.999394416809082	11.460972785949707	10.894153594970703
2	793	in	6.111579895019531	6.050132751464844	4.641404628753662	4.725059509277344
2	794	her	5.366942405700684	3.8351857662200928	2.2991390228271484	2.5773138999938965
2	795	appearance.	10.652482032775879	9.359039306640625	8.268115997314453	9.340494155883789
2	796	The	2.10054349899292	2.681608200073242	2.7522337436676025	2.933555841445923
2	797	girl	7.785979270935059	7.079164505004883	4.804030895233154	4.733116626739502
2	798	understood	8.942485809326172	8.324715614318848	8.359829902648926	8.679717063903809
2	799	her	5.423270225524902	4.122156143188477	3.446901559829712	3.5689404010772705
2	800	grandmother	8.271471977233887	10.07712459564209	6.679861068725586	6.997274875640869
2	801	would	4.1585469245910645	4.211857795715332	3.6274685859680176	3.699692726135254
2	802	soon	6.437992095947266	6.142496109008789	5.366666793823242	5.194497585296631
2	803	disappear,	9.789900779724121	7.385685443878174	8.158035278320312	8.450425148010254
2	804	but	2.5540995597839355	2.7337207794189453	2.5361554622650146	2.7025935649871826
2	805	she	4.3952250480651855	4.2448883056640625	4.67856502532959	3.7649855613708496
2	806	tried	6.603163242340088	6.956018447875977	7.058067321777344	6.943300247192383
2	807	to	0.6739252805709839	0.19345755875110626	0.43598586320877075	0.42899900674819946
2	808	play	5.96907901763916	5.609653472900391	5.857994556427002	5.221896171569824
2	809	for	3.6170458793640137	3.633168935775757	4.140317916870117	4.483619213104248
2	810	time.	10.670865058898926	9.266485214233398	9.359739303588867	7.125728607177734
2	811	'Grandmother,'	20.23274040222168	20.19944190979004	18.486970901489258	18.15561866760254
2	812	cried	5.211128234863281	5.623482704162598	6.5218987464904785	5.787111759185791
2	813	the	3.154895544052124	1.4301064014434814	1.3682562112808228	1.4693231582641602
2	814	little	7.964140892028809	4.575937271118164	2.8335843086242676	2.8726415634155273
2	815	one,	7.638653755187988	6.317649841308594	4.6074137687683105	3.0549795627593994
2	816	'O	13.116576194763184	12.850228309631348	11.301389694213867	8.30386734008789
2	817	take	9.372176170349121	7.686582088470459	6.557307720184326	7.218273639678955
2	818	me	4.451610565185547	1.8032227754592896	1.9384173154830933	2.4216830730438232
2	819	with	4.155815124511719	4.825499057769775	1.9231815338134766	2.024803876876831
2	820	you!	10.626273155212402	10.304239273071289	6.122028350830078	3.8176116943359375
2	821	I	2.505946397781372	2.4683401584625244	1.7498468160629272	1.5647809505462646
2	822	know	3.840034008026123	3.5142440795898438	3.3362512588500977	3.427522897720337
2	823	you	3.9201934337615967	2.819378137588501	1.8035683631896973	1.7368643283843994
2	824	will	3.8414955139160156	3.84781813621521	3.4640822410583496	2.7413623332977295
2	825	go	4.529291152954102	5.345103740692139	5.065849304199219	4.9629998207092285
2	826	away	4.603480339050293	4.068454265594482	4.669443130493164	3.976515769958496
2	827	when	4.550854206085205	2.8428077697753906	2.3587546348571777	4.441559314727783
2	828	the	2.10417103767395	1.9049988985061646	1.8975286483764648	1.536581039428711
2	829	match	8.966615676879883	7.96585750579834	7.113796710968018	7.054263114929199
2	830	burns	12.566929817199707	11.384276390075684	9.784271240234375	9.871430397033691
2	831	out!'	14.102235794067383	15.062620162963867	12.537866592407227	11.633623123168945
2	832	The	3.719271183013916	3.493821144104004	3.5039854049682617	3.3068437576293945
2	833	girl	7.785979270935059	4.319668769836426	5.129887580871582	5.321197032928467
2	834	decided	8.541547775268555	7.849310398101807	8.847689628601074	8.733871459960938
2	835	to	0.46894571185112	0.4109587073326111	0.593997061252594	0.7486481070518494
2	836	light	8.899529457092285	8.863006591796875	7.635988235473633	7.886736869812012
2	837	the	5.102629661560059	2.4696714878082275	1.4881494045257568	1.8167357444763184
2	838	whole	6.020485877990723	4.488279342651367	5.567755222320557	5.071501731872559
2	839	bundle	8.400773048400879	8.072052955627441	9.598837852478027	9.408130645751953
2	840	of	2.2317914962768555	1.0045247077941895	1.4524967670440674	1.2151057720184326
2	841	matches,	13.58047866821289	9.864641189575195	8.662111282348633	9.954290390014648
2	842	in	4.828266143798828	4.886303901672363	5.155971050262451	5.168202877044678
2	843	order	5.225509166717529	3.3847005367279053	3.1248602867126465	3.219242572784424
2	844	to	0.7208384871482849	0.0774073377251625	0.13820654153823853	0.18952596187591553
2	845	keep	5.73045015335083	4.648122310638428	4.462360382080078	4.350460529327393
2	846	her	3.9826126098632812	3.852339506149292	4.24591064453125	4.148378372192383
2	847	grandmother	8.271471977233887	9.146916389465332	9.017072677612305	8.489706993103027
2	848	there.	9.706308364868164	9.040668487548828	7.254323959350586	7.39222526550293
2	849	The	2.5889806747436523	3.1666476726531982	2.7870850563049316	2.997767925262451
2	850	girl	7.785979270935059	6.4974870681762695	4.870016098022461	4.152169227600098
2	851	saw	7.261937141418457	6.201094150543213	5.805810928344727	6.035634994506836
2	852	the	1.7942062616348267	2.191058397293091	1.546963095664978	1.819739580154419
2	853	matches	11.15134048461914	10.460002899169922	10.714012145996094	10.742620468139648
2	854	glowed	15.653735160827637	14.053300857543945	13.641324996948242	11.849570274353027
2	855	with	1.4579646587371826	1.5513920783996582	2.723848819732666	2.552187204360962
2	856	a	2.1084108352661133	1.8762378692626953	1.7900806665420532	1.1897554397583008
2	857	light	7.348817825317383	6.678440093994141	3.9205918312072754	4.095802307128906
2	858	that	5.809446334838867	3.9366235733032227	4.082032203674316	1.0835157632827759
2	859	was	4.486698627471924	3.337341070175171	3.139213800430298	2.6784040927886963
2	860	brighter	11.09628677368164	11.239246368408203	6.184055805206299	4.857503890991211
2	861	than	1.5799427032470703	0.4841900169849396	0.24568767845630646	0.1412498652935028
2	862	the	2.2189552783966064	1.191067099571228	1.0341300964355469	0.9048032760620117
2	863	day,	8.468076705932617	11.944191932678223	8.784101486206055	6.982479572296143
2	864	and	2.2468478679656982	2.1210691928863525	1.890708088874817	1.5197038650512695
2	865	her	6.2052764892578125	5.807911396026611	5.839629650115967	5.520532608032227
2	866	grandmother	8.271471977233887	6.490567207336426	6.38901948928833	6.636785984039307
2	867	had	3.1919760704040527	2.635883331298828	2.669609785079956	2.2402658462524414
2	868	never	4.4204816818237305	4.130332946777344	4.632806777954102	4.560243606567383
2	869	appeared	7.2686357498168945	6.596626281738281	7.621042251586914	7.105271339416504
2	870	so	5.958281993865967	6.099789619445801	3.4810807704925537	4.9743266105651855
2	871	large	6.4712300300598145	5.732453346252441	5.438157081604004	5.0783185958862305
2	872	or	6.264581680297852	4.74296760559082	5.468561172485352	2.2874672412872314
2	873	so	6.032610893249512	7.171602249145508	2.269606351852417	1.5460199117660522
2	874	beautiful	7.252106189727783	10.727937698364258	9.680452346801758	6.963624954223633
2	875	as	4.742099761962891	2.5835046768188477	2.1044743061065674	1.7720547914505005
2	876	she	4.859580039978027	3.516662359237671	2.8346047401428223	2.8745479583740234
2	877	did	4.071937561035156	4.297463893890381	5.567497253417969	4.15116024017334
2	878	in	4.927406311035156	3.9907679557800293	2.6932759284973145	2.1556203365325928
2	879	the	1.3686838150024414	1.1791422367095947	1.3592535257339478	1.231623649597168
2	880	light	7.414300918579102	6.440824508666992	7.712854385375977	7.321913242340088
2	881	of	2.2532429695129395	1.5341511964797974	1.1731202602386475	0.22729727625846863
2	882	the	1.4737688302993774	0.727001965045929	1.0331976413726807	0.993807315826416
2	883	little	7.964140892028809	8.08120346069336	8.504910469055176	7.252126693725586
2	884	matches.	12.933866500854492	12.886524200439453	12.62083911895752	11.565587043762207
2	885	The	2.235485315322876	2.468467950820923	2.5034303665161133	2.3970675468444824
2	886	grandmother	11.736973762512207	12.891860961914062	9.913710594177246	9.70100212097168
2	887	then	6.36295747756958	4.725337028503418	4.45231294631958	4.573208808898926
2	888	took	6.770856857299805	4.159223556518555	3.619992256164551	3.7655580043792725
2	889	the	2.2421038150787354	1.9811224937438965	1.7638728618621826	0.7678884267807007
2	890	little	7.964140892028809	6.534034729003906	6.339778900146484	4.309645175933838
2	891	girl	4.435297012329102	2.9002280235290527	2.4756505489349365	1.9452340602874756
2	892	in	2.9136552810668945	2.571296215057373	2.9450221061706543	2.590709686279297
2	893	her	5.366942405700684	2.748180627822876	2.8479630947113037	2.9089293479919434
2	894	arms,	7.492175579071045	5.50629997253418	6.284669876098633	4.349387168884277
2	895	and	1.8104703426361084	1.5506960153579712	1.5359824895858765	1.5235553979873657
2	896	they	5.784026622772217	4.435361862182617	4.2432403564453125	4.10176420211792
2	897	both	6.785773277282715	4.751975059509277	4.196561336517334	3.4331212043762207
2	898	flew	11.670531272888184	7.275182723999023	6.878566741943359	5.993834495544434
2	899	upwards	8.717720985412598	8.493775367736816	8.163358688354492	7.241877555847168
2	900	in	3.214127540588379	2.573549270629883	2.672452926635742	2.645632266998291
2	901	brightness	12.629020690917969	10.740957260131836	11.694544792175293	12.263513565063477
2	902	and	1.770923376083374	1.5106298923492432	1.8105337619781494	1.2802097797393799
2	903	joy	11.072872161865234	10.556221008300781	10.635680198669434	8.810406684875488
2	904	far	10.265543937683105	9.541716575622559	9.11848258972168	8.383540153503418
2	905	above	5.905735015869141	4.11610746383667	4.4022417068481445	3.6251471042633057
2	906	the	1.8311070203781128	0.7710753679275513	1.5470472574234009	1.401416540145874
2	907	earth,	9.883564949035645	7.859174728393555	7.0617547035217285	6.501205921173096
2	908	where	5.169381618499756	5.162778377532959	4.305958271026611	4.132485389709473
2	909	there	4.140499591827393	3.5400235652923584	3.7577943801879883	3.751012086868286
2	910	was	2.1493215560913086	1.9627481698989868	2.0858423709869385	2.113671064376831
2	911	neither	8.214040756225586	7.791177749633789	6.519029140472412	3.6332244873046875
2	912	cold	10.264753341674805	7.754925727844238	8.670727729797363	7.523434638977051
2	913	nor	10.108695983886719	0.6134133338928223	0.1072041392326355	0.2338884323835373
2	914	hunger,	13.366206169128418	8.81121826171875	8.882772445678711	8.655350685119629
2	915	and	1.8291652202606201	2.2504982948303223	1.663219928741455	1.7598251104354858
2	916	the	2.795388698577881	2.5855212211608887	2.550081968307495	2.4958574771881104
2	917	little	7.964140892028809	7.526886463165283	6.61459493637085	6.206058502197266
2	918	girl	4.435297012329102	2.9002280235290527	2.7296531200408936	3.0657145977020264
2	919	felt	6.9283447265625	7.748765468597412	6.910240173339844	6.935932159423828
2	920	safe	7.0274176597595215	5.302567958831787	4.430922985076904	4.539239883422852
2	921	and	1.5246888399124146	1.8371280431747437	1.5875800848007202	1.407792091369629
2	922	peaceful.	13.132772445678711	9.086671829223633	7.374683380126953	7.70565128326416
2	923	In	3.9739232063293457	3.7480714321136475	3.7083139419555664	4.064160346984863
2	924	the	1.7719136476516724	1.5490446090698242	1.5845222473144531	1.6807234287261963
2	925	dawn	10.859777450561523	10.893732070922852	9.150859832763672	8.915891647338867
2	926	of	1.6172833442687988	0.4148673117160797	0.9647181630134583	1.470239281654358
2	927	the	1.4737688302993774	0.8254004716873169	1.1148195266723633	0.9556285738945007
2	928	morning	7.9505391120910645	9.337289810180664	5.343965530395508	7.255271911621094
2	929	there	5.93214225769043	6.50652551651001	5.774420738220215	6.118221282958984
2	930	lay	9.544479370117188	7.86695671081543	7.0832953453063965	6.8059587478637695
2	931	the	2.8196616172790527	1.3236260414123535	1.9750399589538574	2.113041639328003
2	932	poor	8.606913566589355	8.648990631103516	6.784101486206055	6.411530494689941
2	933	little	6.27625846862793	4.598816871643066	3.928159713745117	3.346726894378662
2	934	one,	7.638653755187988	7.353816986083984	7.834140777587891	7.74892520904541
2	935	not	5.116659641265869	5.286821365356445	5.492890357971191	5.672378063201904
2	936	frowning,	15.427044868469238	14.531061172485352	14.696239471435547	14.692628860473633
2	937	but	2.9024791717529297	1.605116844177246	1.7016621828079224	1.53622305393219
2	938	smiling	11.617362976074219	8.09693431854248	5.61210823059082	4.219003677368164
2	939	and	2.1514089107513428	2.116292953491211	3.62969970703125	2.872309684753418
2	940	with	6.202803611755371	5.20509147644043	4.567728042602539	4.2464919090271
2	941	a	2.1084108352661133	2.1532466411590576	0.8554973602294922	0.9876741170883179
2	942	pale	9.980278015136719	9.136568069458008	8.738664627075195	9.170116424560547
2	943	face	5.002100467681885	4.412418842315674	3.2067646980285645	2.7279016971588135
2	944	leaning	11.604425430297852	7.849210739135742	7.28148078918457	8.217085838317871
2	945	against	1.8071595430374146	1.919670820236206	1.7581915855407715	1.7891584634780884
2	946	the	1.1981298923492432	0.41115474700927734	0.3871361315250397	0.41959095001220703
2	947	wall,	9.9465913772583	5.244385242462158	2.6171011924743652	2.7781271934509277
2	948	frozen	10.449827194213867	9.57156753540039	8.927348136901855	8.523538589477539
2	949	and	2.7982072830200195	2.8885228633880615	2.8087284564971924	2.7962143421173096
2	950	stone	10.674118041992188	10.488754272460938	8.219629287719727	8.20185375213623
2	951	dead.	10.187707901000977	9.157318115234375	3.3994688987731934	2.8939108848571777
2	952	'She	10.586638450622559	10.270450592041016	11.18293285369873	11.09929370880127
2	953	tried	6.4553375244140625	6.0833258628845215	5.688977241516113	5.692275047302246
2	954	to	0.6739252805709839	0.17874591052532196	0.09155415743589401	0.07746721804141998
2	955	warm	9.56800365447998	8.778045654296875	9.027891159057617	9.194500923156738
2	956	herself,'	17.591703414916992	13.040695190429688	12.178817749023438	5.230894565582275
2	957	said	1.6053929328918457	1.6159477233886719	1.52631676197052	1.654649019241333
2	958	some.	11.46494197845459	11.589245796203613	11.620343208312988	11.508798599243164
2	959	Children	9.061283111572266	9.673920631408691	11.636627197265625	11.663675308227539
2	960	who	3.555232048034668	2.713832378387451	2.8647890090942383	3.3772025108337402
2	961	saw	6.553529739379883	6.579018592834473	6.594114303588867	5.212394714355469
2	962	her	3.374608278274536	3.065253734588623	4.061372756958008	4.307717323303223
2	963	were	8.632892608642578	8.538156509399414	6.20191764831543	2.8201725482940674
2	964	asking	8.940266609191895	8.208678245544434	7.992142677307129	7.2027387619018555
2	965	their	5.617690086364746	5.430575847625732	6.048487186431885	5.439926624298096
2	966	parents	6.1959733963012695	3.499854803085327	3.7307019233703613	4.326962947845459
2	967	why	9.736690521240234	9.135522842407227	4.9109063148498535	4.061381816864014
2	968	no	5.886850833892822	7.064052581787109	6.995548725128174	6.355549335479736
2	969	one	3.6594128608703613	1.1088289022445679	0.5864245891571045	0.5033899545669556
2	970	helped	10.871719360351562	8.134861946105957	7.656899452209473	6.49121618270874
2	971	the	3.343972682952881	2.8106584548950195	3.4517416954040527	3.149350166320801
2	972	girl	8.58824634552002	6.922131538391113	6.947671890258789	4.914256572723389
2	973	who	2.485901117324829	2.5536861419677734	3.970224380493164	3.6799278259277344
2	974	they	6.21629524230957	7.121732711791992	7.5458478927612305	7.157219886779785
2	975	knew	6.283804416656494	6.37880277633667	3.935133457183838	3.9366705417633057
2	976	looked	10.852265357971191	11.035346984863281	7.94948148727417	7.188750267028809
2	977	dirt	13.197938919067383	15.30018424987793	14.207891464233398	14.294754028320312
2	978	poor	9.338235855102539	3.2059035301208496	2.637333393096924	2.5652880668640137
2	979	and	3.502181053161621	2.0744738578796387	1.0941709280014038	0.9626414775848389
2	980	helpless.	12.94934368133545	8.950716018676758	8.356725692749023	9.163145065307617
2	981	Passersby	12.059470176696777	12.392844200134277	13.087778091430664	13.650748252868652
2	982	who	3.5262718200683594	3.9604809284210205	4.028931617736816	3.871020555496216
2	983	saw	6.553529739379883	3.289910316467285	2.1547694206237793	2.0362372398376465
2	984	her	3.374608278274536	3.065253734588623	2.966526508331299	2.2258074283599854
2	985	sitting	8.552282333374023	5.666877746582031	5.787851333618164	3.9644384384155273
2	986	motionless	10.274449348449707	7.923796653747559	6.6200056076049805	6.103499412536621
2	987	wished	15.018946647644043	14.839303970336914	15.451961517333984	17.888723373413086
2	988	they	4.4617743492126465	3.132101058959961	3.9098048210144043	4.3791890144348145
2	989	could	4.278449535369873	1.3190548419952393	1.0106256008148193	0.8665831685066223
2	990	have	2.755533218383789	2.6924972534179688	1.9935486316680908	2.609358787536621
2	991	helped	7.334797382354736	5.744365692138672	5.949848651885986	6.051961421966553
2	992	the	3.343972682952881	3.0991549491882324	2.7853140830993652	2.7887401580810547
2	993	girl,	10.572728157043457	9.578690528869629	9.490246772766113	7.859779357910156
2	994	but	3.169952392578125	2.901508331298828	2.2838268280029297	1.872370719909668
2	995	their	6.096081256866455	6.650357246398926	6.4171142578125	6.273268699645996
2	996	good	8.282341003417969	7.970183372497559	7.593904495239258	7.518368721008301
2	997	intentions	8.57278823852539	3.8217029571533203	2.8620543479919434	2.510192632675171
2	998	were	4.56888484954834	4.129502296447754	3.7859671115875244	2.1737546920776367
2	999	a	4.390735149383545	5.246384620666504	4.545009613037109	4.394489288330078
2	1000	day	6.66883659362793	6.940691947937012	7.369980812072754	7.96527099609375
2	1001	late	8.749578475952148	7.915934085845947	4.255841255187988	1.3909056186676025
2	1002	and	3.7047998905181885	2.1241953372955322	1.830293893814087	1.0556937456130981
2	1003	a	3.878800868988037	4.93132209777832	2.710681200027466	1.471007227897644
2	1004	dollar	9.84703254699707	10.383016586303711	8.692551612854004	1.1755634546279907
2	1005	short.	11.360061645507812	8.578408241271973	7.678142547607422	2.644010066986084
2	1006	Other	7.099679470062256	6.937885284423828	7.235994338989258	7.4335761070251465
2	1007	people	4.861504077911377	4.2587995529174805	4.467506408691406	3.694742441177368
2	1008	suspected	10.381999015808105	8.780449867248535	9.680440902709961	9.9791259765625
2	1009	the	3.9663026332855225	2.3821046352386475	2.400632858276367	2.674564838409424
2	1010	girl	8.58824634552002	5.242963790893555	5.6466593742370605	5.520875930786133
2	1011	had	4.469283580780029	3.4926648139953613	1.62495756149292	1.5943596363067627
2	1012	fallen	5.7708234786987305	5.212724208831787	5.233556270599365	4.60845947265625
2	1013	asleep	4.318615913391113	3.4724230766296387	3.0717272758483887	3.0657992362976074
2	1014	and	2.3868138790130615	2.414191722869873	2.264483690261841	2.359492778778076
2	1015	frozen,	13.31462574005127	12.032347679138184	12.797948837280273	11.763528823852539
2	1016	but	3.169525146484375	3.2091574668884277	2.8029212951660156	2.726381301879883
2	1017	no	4.8468523025512695	5.18290901184082	4.688077926635742	4.843934059143066
2	1018	one	3.6594128608703613	2.081270456314087	1.897536277770996	1.752419352531433
2	1019	imagined	12.610098838806152	8.863870620727539	8.733049392700195	8.877574920654297
2	1020	what	4.200272083282471	4.257351398468018	3.8127431869506836	3.525261402130127
2	1021	beautiful	9.928476333618164	10.073701858520508	9.224721908569336	8.891518592834473
2	1022	things	5.3958740234375	2.8021857738494873	1.9317729473114014	2.1005215644836426
2	1023	she	5.634016036987305	5.330451011657715	3.5414814949035645	2.3575448989868164
2	1024	had	2.9027035236358643	2.4571373462677	1.687689185142517	1.7351481914520264
2	1025	seen,	8.809699058532715	7.434492588043213	5.340527534484863	3.117438316345215
2	1026	nor	6.257683753967285	6.192566871643066	6.17088508605957	6.608837127685547
2	1027	into	10.132811546325684	7.888874053955078	7.235353469848633	7.410630226135254
2	1028	what	6.2727861404418945	5.1744256019592285	2.3330798149108887	2.220942258834839
2	1029	glory	13.252830505371094	14.012473106384277	10.796216011047363	9.051219940185547
2	1030	she	6.410641193389893	4.835836410522461	3.506032943725586	3.2644801139831543
2	1031	had	2.9027035236358643	1.843968152999878	1.6447982788085938	1.7559723854064941
2	1032	entered	6.967606067657471	6.99001932144165	7.975690841674805	9.140493392944336
2	1033	with	5.363204479217529	5.278636455535889	4.693998336791992	3.4007833003997803
2	1034	her	4.8049750328063965	4.648731231689453	3.558473825454712	1.8514384031295776
2	1035	grandmother,	9.53258228302002	7.853046417236328	8.317740440368652	7.685161590576172
2	1036	on	5.377723693847656	5.9671783447265625	6.046210765838623	6.725856781005859
2	1037	New	7.633630752563477	7.380334377288818	7.278473854064941	6.742281436920166
2	1038	Year's	5.942587852478027	1.4434785842895508	0.6274161338806152	0.6793500185012817
2	1039	day.	7.757774353027344	7.056222915649414	5.910594940185547	5.452205657958984
3	0	Once	8.520864486694336	8.520864486694336	8.520864486694336	8.520864486694336
3	1	upon	5.128993988037109	5.128993988037109	5.128993988037109	5.128993988037109
3	2	a	2.753674030303955	0.069673091173172	0.069673091173172	0.069673091173172
3	3	time	6.143407821655273	5.5481109619140625	1.0384101867675781	1.0384101867675781
3	4	the	3.7647221088409424	4.575560569763184	2.9494762420654297	2.672003746032715
3	5	birds	9.725494384765625	8.981306076049805	8.436019897460938	8.3774995803833
3	6	took	7.381426811218262	6.563399791717529	5.089242458343506	5.027004241943359
3	7	it	4.199432373046875	4.19061279296875	4.242212772369385	4.6450700759887695
3	8	into	5.827899932861328	3.6368017196655273	3.3597381114959717	3.400804042816162
3	9	their	4.373778343200684	4.4947509765625	3.2112696170806885	0.13533440232276917
3	10	heads	5.8061723709106445	6.087425231933594	5.321612358093262	0.7324584126472473
3	11	that	5.093402862548828	5.127847671508789	1.6941224336624146	0.9433900713920593
3	12	they	4.103673934936523	4.803802490234375	2.098234176635742	1.8006383180618286
3	13	would	3.7877869606018066	3.1156907081604004	3.3360743522644043	3.0833277702331543
3	14	like	3.318265676498413	3.852536678314209	3.980931043624878	3.8739523887634277
3	15	a	1.9204113483428955	3.754361391067505	4.092076301574707	3.937617778778076
3	16	master,	11.282769203186035	10.174302101135254	12.699979782104492	12.973504066467285
3	17	and	2.154836654663086	1.9273717403411865	1.932453989982605	2.402101993560791
3	18	that	4.984804630279541	3.88374662399292	3.562713623046875	3.96096134185791
3	19	one	5.6921610832214355	6.015669822692871	5.603271961212158	5.214870452880859
3	20	of	1.3370164632797241	1.537231206893921	1.6910630464553833	1.6888426542282104
3	21	their	4.975376605987549	4.533501625061035	4.213161945343018	4.544632911682129
3	22	number	7.556380271911621	7.935772895812988	5.067894458770752	3.6985011100769043
3	23	must	8.276411056518555	7.171346187591553	6.725468635559082	6.188002109527588
3	24	be	1.0680124759674072	0.39934828877449036	0.5562689304351807	1.0158045291900635
3	25	chosen	7.702333450317383	7.0095109939575195	6.031278133392334	6.362735748291016
3	26	king.	11.858560562133789	14.655900001525879	16.688018798828125	17.608173370361328
3	27	A	4.240082740783691	4.302038192749023	4.2216362953186035	4.228919982910156
3	28	meeting	7.831322193145752	7.156459808349609	7.358902454376221	7.244065284729004
3	29	of	2.3059563636779785	1.3493887186050415	1.417975902557373	1.311749815940857
3	30	all	5.33061408996582	4.751997470855713	4.006248474121094	3.797783613204956
3	31	the	1.922678828239441	1.740171194076538	0.9975904226303101	1.0192070007324219
3	32	birds	9.725494384765625	8.706302642822266	8.268392562866211	8.750980377197266
3	33	was	4.773735046386719	5.60658597946167	7.121158123016357	5.6332197189331055
3	34	called	6.460397720336914	6.972623825073242	6.609992504119873	6.648619174957275
3	35	and	5.13063907623291	4.249724388122559	5.241538047790527	5.598500728607178
3	36	though	8.645086288452148	9.335792541503906	9.35937786102295	8.54101848602295
3	37	they	3.174098014831543	3.1678359508514404	3.39401912689209	3.442488670349121
3	38	understood	8.659380912780762	8.389333724975586	7.764708518981934	7.063179016113281
3	39	the	2.3332176208496094	1.5207918882369995	1.6056772470474243	1.7017185688018799
3	40	birds	9.725494384765625	10.123786926269531	9.690140724182129	9.829845428466797
3	41	who	5.514847755432129	5.0409932136535645	5.043178558349609	6.173084735870361
3	42	were	3.7583577632904053	2.739105224609375	2.8347792625427246	2.491086721420288
3	43	from	6.6132426261901855	6.494596004486084	7.164541721343994	7.530208587646484
3	44	the	1.3691444396972656	1.599204659461975	1.4208041429519653	1.301608920097351
3	45	most	5.204439640045166	6.392360210418701	6.1402506828308105	5.713838577270508
3	46	distant	8.471075057983398	7.16116189956665	5.004720687866211	4.334412574768066
3	47	lands	8.501957893371582	8.501490592956543	8.56805419921875	7.701995849609375
3	48	would	6.248648643493652	5.294680118560791	5.394667625427246	6.015202045440674
3	49	be	1.476707100868225	1.0259010791778564	1.4518029689788818	1.3871362209320068
3	50	unable	7.021261692047119	6.386837959289551	7.179620742797852	6.335127830505371
3	51	to	0.03517046943306923	0.025800354778766632	0.03427084535360336	0.02598581835627556
3	52	come,	9.29967212677002	10.33543872833252	10.518033981323242	10.450063705444336
3	53	many	7.440047264099121	7.330183506011963	7.116570472717285	7.649894714355469
3	54	birds	9.169970512390137	8.570098876953125	8.830382347106934	10.0833158493042
3	55	came	6.054643154144287	6.5731682777404785	5.305178642272949	4.924769401550293
3	56	from	2.6945464611053467	2.911900043487549	3.480985641479492	2.796412229537964
3	57	faraway	12.486178398132324	9.857190132141113	7.493379592895508	7.1143622398376465
3	58	meadows	9.734847068786621	8.919168472290039	9.829230308532715	9.506909370422363
3	59	and	1.3692209720611572	1.358354926109314	1.2036962509155273	0.9455933570861816
3	60	woods.	13.111825942993164	5.224884033203125	6.050819396972656	6.061114311218262
3	61	The	2.230558156967163	1.9488173723220825	1.881065845489502	2.055013418197632
3	62	eagle,	14.12981128692627	11.825485229492188	12.20329475402832	11.982967376708984
3	63	who	4.276643753051758	4.01669979095459	3.95719575881958	4.2239179611206055
3	64	already	7.353699207305908	8.313145637512207	6.901088714599609	6.9153571128845215
3	65	thought	6.543444633483887	6.709049224853516	6.590348243713379	6.206954479217529
3	66	himself	8.036687850952148	7.972853660583496	6.3168158531188965	2.451402187347412
3	67	the	4.270270347595215	2.7452588081359863	3.1610512733459473	2.698984384536743
3	68	de	10.319294929504395	8.287701606750488	9.155538558959961	9.648872375488281
3	69	facto	5.7354207038879395	1.362541675567627	0.11563080549240112	0.15437138080596924
3	70	king,	10.592135429382324	8.683412551879883	8.217931747436523	7.474379062652588
3	71	arrived	9.296332359313965	9.132009506225586	8.699348449707031	8.819695472717285
3	72	fashionably	12.058510780334473	13.36008071899414	13.537269592285156	13.314205169677734
3	73	late.	6.377646446228027	2.522085189819336	2.1128034591674805	2.455056667327881
3	74	It	3.4976768493652344	3.392014503479004	3.699441909790039	3.9331209659576416
3	75	was	1.702970027923584	1.186684250831604	0.9527996778488159	0.6214871406555176
3	76	a	2.6166157722473145	1.9403185844421387	2.0745251178741455	2.0842976570129395
3	77	hawk	11.292884826660156	11.10323429107666	12.797548294067383	13.270532608032227
3	78	who	5.197836875915527	4.645350933074951	3.035755157470703	3.902283191680908
3	79	was	3.2742245197296143	2.6828830242156982	2.8649160861968994	2.7547199726104736
3	80	most	6.7218780517578125	6.656064987182617	7.114451885223389	7.186124801635742
3	81	excited	8.322040557861328	5.5279412269592285	5.197911739349365	5.6126813888549805
3	82	about	1.5377305746078491	0.9153856635093689	0.8717575669288635	0.5661276578903198
3	83	the	1.6507329940795898	1.3338425159454346	1.958332896232605	1.8300920724868774
3	84	meeting,	10.26015567779541	9.186832427978516	8.466904640197754	8.832036018371582
3	85	because	6.573259353637695	6.331305503845215	5.515275955200195	3.8329787254333496
3	86	he	2.7006382942199707	2.6100876331329346	2.2484002113342285	2.300852060317993
3	87	was	2.1642255783081055	1.6216506958007812	1.6489495038986206	1.6143358945846558
3	88	the	3.2400004863739014	3.700572967529297	3.3493576049804688	3.065373420715332
3	89	dark	8.181097030639648	8.422788619995117	9.075825691223145	9.150344848632812
3	90	horse	6.249772071838379	6.940238952636719	4.253819465637207	1.7163819074630737
3	91	for	4.217667579650879	3.73610782623291	3.842785120010376	3.3555116653442383
3	92	king.	14.366397857666016	13.279033660888672	13.156155586242676	12.089815139770508
3	93	The	2.2848141193389893	2.3897130489349365	2.6166775226593018	2.603623867034912
3	94	small	7.301829814910889	7.424190521240234	7.467418670654297	7.875316619873047
3	95	fry	10.323615074157715	7.445366859436035	7.233769416809082	6.839775085449219
3	96	came	7.433774948120117	8.50164794921875	6.2718505859375	5.392850399017334
3	97	too,	9.484776496887207	9.360727310180664	8.072641372680664	6.522247314453125
3	98	and	2.1004388332366943	1.5626904964447021	1.471457600593567	1.5807063579559326
3	99	the	2.795388698577881	2.8347487449645996	2.6248953342437744	2.625337839126587
3	100	robin,	16.085912704467773	15.893404006958008	15.091383934020996	14.210366249084473
3	101	the	3.0717012882232666	2.3811793327331543	2.490269899368286	2.3225531578063965
3	102	bluebird,	16.728464126586914	6.478402137756348	5.584696292877197	6.353720664978027
3	103	the	2.767028331756592	2.0929832458496094	0.45297762751579285	0.5243399739265442
3	104	owl,	13.500642776489258	6.699487209320068	5.698361873626709	6.887733459472656
3	105	the	2.7491328716278076	2.380005121231079	0.4842820167541504	0.5214561223983765
3	106	lark,	15.442564964294434	7.988888740539551	6.905313014984131	5.547739028930664
3	107	and	2.390951156616211	1.930731177330017	1.3655470609664917	1.064457893371582
3	108	the	2.795388698577881	1.8679169416427612	1.7684648036956787	0.2437824010848999
3	109	sparrow,	14.443115234375	14.38101863861084	7.164616107940674	6.208006381988525
3	110	who	4.8128814697265625	4.268481731414795	4.040342330932617	5.175647735595703
3	111	had	3.1637158393859863	2.187955617904663	2.2610740661621094	2.4331250190734863
3	112	only	5.976154327392578	5.743271827697754	5.6960930824279785	5.620245456695557
3	113	a	2.987628936767578	2.1956379413604736	2.228646755218506	2.4497525691986084
3	114	chance	6.908268928527832	7.647746562957764	6.498595237731934	7.025125026702881
3	115	in	4.455885887145996	4.612032413482666	4.25390625	2.986891746520996
3	116	a	2.713128089904785	2.317282199859619	3.099630117416382	1.7653573751449585
3	117	million	8.133858680725098	8.636031150817871	3.2346737384796143	2.664210319519043
3	118	to	3.4411652088165283	4.82160758972168	4.542706489562988	2.1881401538848877
3	119	be	3.0100271701812744	3.975736618041992	3.7067313194274902	2.91395902633667
3	120	king,	12.546669006347656	11.293661117553711	14.932354927062988	11.08903694152832
3	121	were	6.204795837402344	6.645725727081299	6.639020919799805	7.198992729187012
3	122	all	5.08637809753418	4.204428672790527	4.634472846984863	4.20268440246582
3	123	present	8.501749992370605	6.095666885375977	5.90263557434082	6.60711669921875
3	124	at	4.252837657928467	2.8534581661224365	1.8252174854278564	1.195635437965393
3	125	the	1.4987046718597412	0.683829128742218	0.5173039436340332	0.4975229501724243
3	126	meeting.	10.872209548950195	8.532183647155762	4.979936122894287	4.137470245361328
3	127	The	2.1984972953796387	2.1627614498138428	2.1265981197357178	1.9360542297363281
3	128	cuckoo,	15.968568801879883	16.999980926513672	17.40593719482422	17.34845542907715
3	129	who	4.487517833709717	4.650449752807617	3.7675201892852783	3.4259438514709473
3	130	was	3.2742245197296143	3.0774266719818115	2.677950620651245	2.279151201248169
3	131	almost	6.2615461349487305	6.723243713378906	6.333105087280273	5.738003730773926
3	132	not	6.214053630828857	6.128720760345459	7.084512710571289	7.069345474243164
3	133	invited	10.720765113830566	10.536861419677734	9.569374084472656	5.091635227203369
3	134	because	7.5784783363342285	5.451241493225098	4.858161449432373	4.006649971008301
3	135	his	5.122645378112793	4.038561820983887	4.397732734680176	4.615510940551758
3	136	call	8.380217552185059	8.900580406188965	8.436436653137207	8.7708158493042
3	137	so	6.719118118286133	6.437268257141113	7.209878921508789	7.2481770515441895
3	138	annoyed	10.098381042480469	13.366800308227539	10.382314682006836	6.340151309967041
3	139	the	3.7396538257598877	4.937222480773926	4.753826141357422	1.9801710844039917
3	140	other	5.352060317993164	4.419927597045898	3.458428382873535	3.641275405883789
3	141	birds,	10.117792129516602	11.630403518676758	8.648799896240234	10.200645446777344
3	142	came	9.215834617614746	8.569212913513184	7.0670576095581055	9.27285099029541
3	143	too.	9.595800399780273	8.715353965759277	8.21743392944336	8.117000579833984
3	144	It	3.4506139755249023	3.2541232109069824	3.4856486320495605	3.406048536300659
3	145	was	1.702970027923584	1.4940260648727417	0.7793588638305664	0.5910559892654419
3	146	the	3.2400004863739014	2.713735580444336	2.75498628616333	2.6830215454101562
3	147	very	6.771859645843506	5.94655179977417	5.324504852294922	5.214661598205566
3	148	little	4.122447967529297	6.670549392700195	7.980535507202148	8.006057739257812
3	149	bird	8.352649688720703	10.351127624511719	9.644888877868652	7.941649913787842
3	150	who	6.668876647949219	4.070584297180176	5.902363300323486	3.6271677017211914
3	151	had	3.1637158393859863	2.344667673110962	2.319997549057007	2.353236198425293
3	152	no	3.4734935760498047	4.216402053833008	4.896230220794678	4.621737480163574
3	153	name	8.164761543273926	8.484760284423828	7.515672206878662	4.7066969871521
3	154	at	5.550137996673584	3.9397685527801514	2.849578619003296	2.7646427154541016
3	155	all,	5.744201183319092	4.026360988616943	1.8601422309875488	1.8413323163986206
3	156	however,	5.722828388214111	6.474647045135498	7.151535511016846	7.573433876037598
3	157	that	2.8214070796966553	2.2752509117126465	3.192469596862793	4.406767845153809
3	158	would	4.790481090545654	5.859160900115967	6.59229850769043	5.1274518966674805
3	159	end	6.581132888793945	6.286660671234131	6.909877300262451	6.821934700012207
3	160	up	2.0092544555664062	0.9306536912918091	1.6094666719436646	0.9888203144073486
3	161	overturning	14.051340103149414	11.133512496948242	10.822250366210938	9.299070358276367
3	162	the	1.0359898805618286	1.030735731124878	0.8566493988037109	0.8521887063980103
3	163	balance	8.407501220703125	7.885937213897705	6.396746635437012	6.360520839691162
3	164	of	1.701781153678894	0.8033758401870728	0.291937917470932	0.21338000893592834
3	165	power	7.678286075592041	2.635788917541504	2.254176139831543	1.016068696975708
3	166	among	8.619290351867676	6.9317450523376465	4.108708381652832	3.964193344116211
3	167	the	1.4583534002304077	1.021601915359497	1.0376843214035034	0.8233266472816467
3	168	birds.	12.255725860595703	9.631732940673828	9.436256408691406	10.409790992736816
3	169	That	5.477891445159912	5.216308116912842	5.352312088012695	5.018718719482422
3	170	there	6.090326309204102	5.818559169769287	6.102904319763184	5.555540561676025
3	171	would	4.386197090148926	3.8213796615600586	3.6890149116516113	3.4260106086730957
3	172	be	1.476707100868225	0.26093506813049316	0.15262192487716675	0.16739600896835327
3	173	great	7.671769618988037	5.758437156677246	6.4752397537231445	6.969150543212891
3	174	confusion	9.387761116027832	10.457170486450195	12.97270393371582	4.84096622467041
3	175	and	1.6915708780288696	1.7777459621429443	1.72576904296875	1.6949321031570435
3	176	noise	9.637428283691406	6.628055572509766	5.297631740570068	6.782193183898926
3	177	among	7.480119705200195	7.324243068695068	5.843167304992676	3.331447124481201
3	178	the	1.4583534002304077	0.865749716758728	1.0501521825790405	0.7851895093917847
3	179	birds	9.725494384765625	8.13205623626709	5.908936500549316	6.840949535369873
3	180	at	4.812469482421875	4.4380059242248535	3.7933919429779053	3.5179715156555176
3	181	the	1.4987046718597412	1.151987910270691	1.0672141313552856	0.8448650240898132
3	182	meeting	8.966426849365234	7.212026119232178	7.871059417724609	8.004417419433594
3	183	was	3.751753330230713	2.8497798442840576	3.1229236125946045	3.6200037002563477
3	184	to	4.248964786529541	3.168844699859619	3.006981134414673	2.921365261077881
3	185	be	3.0100271701812744	1.9587621688842773	1.0818328857421875	2.021273136138916
3	186	expected,	9.0709810256958	8.42257308959961	5.160431861877441	7.678423881530762
3	187	given	4.546200275421143	3.437537670135498	3.3711512088775635	2.5980658531188965
3	188	the	2.4890403747558594	0.7204561829566956	0.7119321823120117	0.7187525033950806
3	189	sheer	9.802565574645996	7.181301593780518	6.366068363189697	5.950407981872559
3	190	numbers	5.885262966156006	4.260334014892578	4.131994247436523	4.099556922912598
3	191	of	1.4587059020996094	0.7299007177352905	0.36122891306877136	0.4617307484149933
3	192	birds	9.805728912353516	7.197493553161621	5.86163854598999	5.802343845367432
3	193	that	3.772778272628784	3.0930819511413574	2.9219274520874023	2.871792793273926
3	194	have	5.135519027709961	2.6743927001953125	2.653158664703369	2.432054281234741
3	195	gathered.	12.219968795776367	12.379223823547363	11.25090503692627	11.403009414672852
3	196	There	4.406618118286133	4.248510837554932	3.994227409362793	3.82728910446167
3	197	was	1.7857314348220825	1.4037140607833862	1.9171572923660278	3.0392019748687744
3	198	piping,	16.61456871032715	16.302824020385742	15.215689659118652	14.84405517578125
3	199	hissing,	12.1108980178833	10.380558013916016	7.448294639587402	7.786183834075928
3	200	and	1.9515178203582764	1.2746013402938843	1.4101812839508057	1.0823875665664673
3	201	clacking,	17.600727081298828	10.961963653564453	9.777641296386719	9.981541633605957
3	202	but	3.8979923725128174	3.7856807708740234	4.105057716369629	4.187561511993408
3	203	finally	8.3328857421875	7.940743446350098	7.638311862945557	6.838659286499023
3	204	it	5.914222717285156	4.044632911682129	3.012643814086914	3.190394639968872
3	205	was	2.4596688747406006	1.5216293334960938	1.4216798543930054	1.9714725017547607
3	206	decided	7.545064926147461	5.810824394226074	4.534791946411133	3.045124053955078
3	207	that	2.6718552112579346	1.5840322971343994	1.0418624877929688	0.7129216194152832
3	208	the	2.0494112968444824	1.7493605613708496	1.3064827919006348	1.2699006795883179
3	209	bird	9.681256294250488	9.822859764099121	8.945730209350586	9.286491394042969
3	210	that	3.966464042663574	3.8761513233184814	4.5213422775268555	4.494306564331055
3	211	could	5.56263542175293	4.505505561828613	4.795599937438965	5.121934413909912
3	212	fly	8.89011287689209	8.902600288391113	2.7523415088653564	3.1411149501800537
3	213	the	3.743035078048706	3.5195682048797607	3.6933066844940186	3.9488348960876465
3	214	highest	6.532296180725098	7.980663776397705	7.356534004211426	6.285748481750488
3	215	should	10.916733741760254	11.828194618225098	11.017599105834961	9.523918151855469
3	216	be	1.1821815967559814	0.683017373085022	0.5775768756866455	0.9092310070991516
3	217	king.	12.763626098632812	12.323299407958984	10.496822357177734	10.907086372375488
3	218	The	2.2848141193389893	2.6241703033447266	2.630809783935547	2.331342935562134
3	219	little	7.736197471618652	6.838479995727539	6.624935150146484	6.670989990234375
3	220	bird	8.352649688720703	5.842867374420166	5.83111572265625	5.5847296714782715
3	221	lay	9.058100700378418	8.62962818145752	6.6802263259887695	6.555600166320801
3	222	low	7.083573818206787	5.792771339416504	5.737809658050537	6.196334362030029
3	223	near	9.537835121154785	6.536622047424316	6.083211421966553	6.183178901672363
3	224	the	1.3336421251296997	0.6740922927856445	0.6641708612442017	0.40458741784095764
3	225	eagle	11.672908782958984	12.69418716430664	13.59204387664795	12.003482818603516
3	226	at	4.791399002075195	4.9125776290893555	4.392946243286133	4.557015419006348
3	227	first,	6.559955596923828	7.578427791595459	7.921026229858398	6.829275608062744
3	228	but	3.030872106552124	1.3176287412643433	1.23301362991333	1.513603687286377
3	229	the	2.655514717102051	2.719137668609619	2.8699021339416504	2.920552968978882
3	230	eagle	11.672908782958984	10.855974197387695	10.916778564453125	10.399412155151367
3	231	did	7.50754976272583	6.617131233215332	3.9663686752319336	3.763762950897217
3	232	not	0.7211931943893433	0.9472184777259827	0.5285773277282715	0.2576262354850769
3	233	notice	7.863141059875488	5.897226333618164	5.978539943695068	5.495476722717285
3	234	the	2.944298505783081	1.6599085330963135	1.6385077238082886	1.3554946184158325
3	235	bird	9.681256294250488	8.652582168579102	8.48087215423584	8.337679862976074
3	236	hopping	11.57526969909668	8.168462753295898	5.67164421081543	5.716159820556641
3	237	onto	6.752691745758057	5.339858531951904	4.231612682342529	4.0837836265563965
3	238	his	3.9362130165100098	5.246443748474121	2.9982516765594482	2.0994515419006348
3	239	back	6.916437149047852	3.847306728363037	3.997509717941284	3.3914356231689453
3	240	right	7.633533000946045	6.5282087326049805	7.223947048187256	6.063027858734131
3	241	as	5.513250827789307	5.524293899536133	5.996234893798828	4.709741592407227
3	242	the	2.4659602642059326	2.0038681030273438	2.3464462757110596	2.771799087524414
3	243	competition	8.801239967346191	9.098495483398438	8.471941947937012	7.345627784729004
3	244	was	4.144562721252441	3.622438907623291	3.639049768447876	2.893794298171997
3	245	about	5.329742908477783	5.745812892913818	5.485503673553467	5.4991960525512695
3	246	to	3.821347236633301	1.0989289283752441	1.197786808013916	0.9930373430252075
3	247	commence.	14.366424560546875	9.213050842285156	9.01313304901123	4.542287826538086
3	248	Into	11.013925552368164	10.97672176361084	9.53469467163086	9.348000526428223
3	249	the	1.2534269094467163	1.1026614904403687	1.179864764213562	0.7755480408668518
3	250	air	7.95662784576416	8.460387229919434	5.407751083374023	5.523089408874512
3	251	in	3.6095547676086426	3.3478455543518066	4.063292503356934	5.156369686126709
3	252	a	2.713128089904785	2.399182081222534	2.2513720989227295	1.6197460889816284
3	253	great	5.327693939208984	6.837579250335693	7.788323402404785	6.958651065826416
3	254	flock	11.924517631530762	11.664325714111328	10.241961479187012	8.866663932800293
3	255	all	6.313789367675781	6.9932050704956055	7.700681686401367	6.102014541625977
3	256	the	1.922678828239441	1.439772129058838	2.352834939956665	2.1778454780578613
3	257	birds	9.725494384765625	8.706302642822266	6.570310592651367	4.586595058441162
3	258	flew	8.869026184082031	4.959261417388916	4.871913909912109	6.406580924987793
3	259	when	6.267057418823242	7.118342876434326	6.755234241485596	7.229936122894287
3	260	the	2.10417103767395	2.0270986557006836	1.789920449256897	1.5532441139221191
3	261	signal	8.609225273132324	6.73346471786499	8.060699462890625	8.455404281616211
3	262	was	3.8534679412841797	4.156756401062012	3.3089494705200195	1.3657835721969604
3	263	given.	9.901497840881348	8.728642463684082	8.576454162597656	6.75576114654541
3	264	The	1.9454808235168457	1.8624584674835205	1.4958940744400024	1.7013490200042725
3	265	air	8.044715881347656	8.073392868041992	8.199495315551758	8.079793930053711
3	266	was	4.201238632202148	1.6491799354553223	2.4747297763824463	1.490020990371704
3	267	full	7.715890407562256	5.141299724578857	3.5210797786712646	3.289780378341675
3	268	of	1.8902970552444458	0.2586423456668854	0.050213757902383804	0.01805216446518898
3	269	dust,	11.631199836730957	8.669971466064453	8.524273872375488	4.93248176574707
3	270	and	1.7773096561431885	1.8594914674758911	1.566118597984314	1.1855671405792236
3	271	it	5.143139839172363	4.050843238830566	3.7698466777801514	3.533327579498291
3	272	seemed	6.3057122230529785	4.908201694488525	4.204335689544678	4.137491703033447
3	273	as	4.323215007781982	2.6688554286956787	2.4610655307769775	2.1618752479553223
3	274	if	4.478036880493164	0.5671007037162781	0.44259560108184814	0.46230730414390564
3	275	a	3.7571887969970703	4.1193037033081055	3.562751531600952	3.66912841796875
3	276	black	7.231606483459473	7.154129981994629	6.0325212478637695	5.539264678955078
3	277	cloud	8.12277603149414	5.850142478942871	5.908388137817383	2.8634471893310547
3	278	were	7.598694801330566	6.7603044509887695	7.543158531188965	4.168774127960205
3	279	floating	10.029431343078613	8.007193565368652	6.39800500869751	5.151368141174316
3	280	over	5.391226291656494	4.4265289306640625	3.6230757236480713	2.565925121307373
3	281	the	1.3402059078216553	0.699718713760376	0.6799426674842834	0.8213797807693481
3	282	field.	9.529762268066406	8.109308242797852	6.935215950012207	6.570816516876221
3	283	You	5.270996570587158	4.888427257537842	4.789348602294922	5.173697471618652
3	284	could	4.259527683258057	3.3804023265838623	3.3212616443634033	2.993150472640991
3	285	hear	5.190528869628906	5.032217502593994	5.836359977722168	5.024059772491455
3	286	the	1.8541630506515503	1.143125295639038	1.0212364196777344	0.9890921115875244
3	287	birds	9.725494384765625	6.1397809982299805	6.146430015563965	5.871912956237793
3	288	chirping	12.369315147399902	7.00726842880249	2.8961732387542725	1.9494813680648804
3	289	and	2.700362205505371	1.4540989398956299	1.3636025190353394	1.2758617401123047
3	290	flapping	12.718122482299805	6.2256927490234375	5.522861480712891	6.50996208190918
3	291	from	4.622377395629883	4.830508708953857	4.185131072998047	4.620226860046387
3	292	fields	10.41580581665039	11.735411643981934	11.411686897277832	10.63650131225586
3	293	that	3.9005277156829834	3.188339948654175	4.324741363525391	4.2561798095703125
3	294	were	5.481668472290039	3.1493353843688965	2.667266607284546	2.0574982166290283
3	295	miles	11.376985549926758	11.07411003112793	11.112041473388672	10.222558975219727
3	296	away.	2.849436044692993	2.7743353843688965	2.751636505126953	2.7879562377929688
3	297	The	2.4512040615081787	2.108389139175415	2.288585662841797	2.3048133850097656
3	298	little	7.736197471618652	6.204041481018066	6.3794636726379395	6.062131881713867
3	299	birds	8.993159294128418	6.681486129760742	6.339848518371582	6.798318862915039
3	300	that	3.772778272628784	2.8570308685302734	3.3444035053253174	3.511070966720581
3	301	soon	9.64400577545166	9.483396530151367	8.74226188659668	9.903284072875977
3	302	grew	7.751668930053711	5.862897872924805	5.0234293937683105	3.998100757598877
3	303	tired	7.553820610046387	4.296406269073486	5.463753700256348	3.977904796600342
3	304	fell	10.65405559539795	13.43030071258545	14.265134811401367	13.51392650604248
3	305	back	4.751976490020752	4.9185590744018555	2.5770225524902344	2.8871641159057617
3	306	quickly	8.557650566101074	8.317279815673828	8.718494415283203	9.426238059997559
3	307	to	3.660247802734375	1.1983964443206787	1.8528356552124023	1.658244252204895
3	308	earth.	11.999828338623047	10.39950942993164	7.778085708618164	5.95994234085083
3	309	The	2.153207540512085	2.2571568489074707	2.0235819816589355	2.366290330886841
3	310	fact	6.116366386413574	5.75023889541626	5.69235372543335	6.146702289581299
3	311	that	0.7565444707870483	0.19668832421302795	0.29859277606010437	0.3982613682746887
3	312	the	2.0494112968444824	1.4509401321411133	1.4674242734909058	1.6361945867538452
3	313	larger	8.188748359680176	8.101722717285156	7.866676330566406	8.22673511505127
3	314	ones	7.336467742919922	5.022611141204834	6.028672218322754	5.80187463760376
3	315	held	9.327093124389648	8.568836212158203	7.948653221130371	7.778644561767578
3	316	out	4.110193252563477	3.8489222526550293	4.8049774169921875	4.530012130737305
3	317	longer,	10.003975868225098	10.698721885681152	5.638383865356445	5.794127941131592
3	318	and	1.9293901920318604	1.8523154258728027	2.179210901260376	1.9495972394943237
3	319	flew	10.877429008483887	10.033037185668945	10.425132751464844	9.706872940063477
3	320	higher	8.258806228637695	6.818200588226318	4.696862697601318	3.8225202560424805
3	321	and	3.9383835792541504	1.523282766342163	0.9094223976135254	1.1286041736602783
3	322	higher,	11.78581428527832	3.9221420288085938	2.205197334289551	1.7096470594406128
3	323	but	2.859610080718994	2.9397683143615723	3.2928898334503174	3.5859270095825195
3	324	the	2.655514717102051	1.9994176626205444	2.246628761291504	2.0745041370391846
3	325	eagle	11.672908782958984	10.855974197387695	11.90857982635498	11.58899211883545
3	326	flew	9.043411254882812	5.343365669250488	4.374866008758545	4.923887252807617
3	327	highest	10.50564193725586	11.854898452758789	10.315779685974121	9.390164375305176
3	328	of	5.206303119659424	2.3751842975616455	2.733046531677246	2.5160341262817383
3	329	any,	12.589823722839355	10.351893424987793	8.379251480102539	8.421660423278809
3	330	surprised	12.049400329589844	13.17327880859375	11.757144927978516	11.24406623840332
3	331	no	6.934562683105469	6.783844947814941	7.385809421539307	4.811028003692627
3	332	one.	8.075223922729492	3.2472245693206787	1.960592269897461	1.354581594467163
3	333	Could	7.934098720550537	8.011571884155273	8.459100723266602	8.286951065063477
3	334	anyone	4.8065643310546875	4.07775354385376	3.9053826332092285	3.972357988357544
3	335	stop	7.467446804046631	6.136135101318359	6.795875549316406	5.602988243103027
3	336	the	2.4853832721710205	3.4781131744384766	2.050851345062256	2.16120982170105
3	337	eagle	11.672908782958984	12.05012035369873	11.45694637298584	10.511387825012207
3	338	that	5.259885787963867	4.071218490600586	4.191811561584473	3.977903366088867
3	339	seemed	8.14925479888916	6.1753764152526855	6.4804816246032715	5.937865734100342
3	340	to	0.7805615067481995	0.5788425207138062	0.3252313435077667	0.23547647893428802
3	341	be	3.0100271701812744	1.2302030324935913	1.2896225452423096	1.1257199048995972
3	342	flying	10.007089614868164	9.71745491027832	7.4435906410217285	6.564040184020996
3	343	straight	7.104706764221191	6.219780445098877	6.008825778961182	4.289687156677246
3	344	into	3.7420167922973633	1.74137282371521	1.647646188735962	1.6398441791534424
3	345	the	1.1791348457336426	0.8057314157485962	0.8201820254325867	0.9066103100776672
3	346	sun?	13.814468383789062	13.684637069702148	11.94665241241455	9.536608695983887
3	347	The	2.814863443374634	2.9635157585144043	2.956024169921875	2.9935126304626465
3	348	other	5.479567527770996	5.289361000061035	5.5487060546875	5.600852966308594
3	349	birds	8.963504791259766	9.138046264648438	7.286974906921387	7.304488182067871
3	350	gave	7.674793243408203	8.33905029296875	6.241518974304199	6.718003749847412
3	351	out	7.002842426300049	3.884399175643921	4.283722877502441	4.0283002853393555
3	352	one	6.361359119415283	5.220761299133301	4.402353286743164	5.35719108581543
3	353	by	5.739683628082275	3.9373514652252197	4.105437278747559	1.7919702529907227
3	354	one	5.501110076904297	1.4300684928894043	0.9919606447219849	1.349592924118042
3	355	and	4.400637626647949	4.049455642700195	1.9751296043395996	1.762938141822815
3	356	when	6.609643936157227	6.212264537811279	6.064936637878418	5.619686126708984
3	357	the	2.10417103767395	2.078265428543091	2.5292880535125732	2.226755380630493
3	358	eagle	11.672908782958984	10.691688537597656	10.531854629516602	10.81114387512207
3	359	saw	7.723093032836914	7.652021884918213	5.688352584838867	4.701319694519043
3	360	this	4.583292007446289	5.2076520919799805	4.8755974769592285	4.709186553955078
3	361	he	7.325743198394775	7.784333229064941	5.504786968231201	3.8545284271240234
3	362	thought,	6.928633689880371	6.557824611663818	6.399984359741211	7.784346580505371
3	363	'What	6.544836044311523	7.719911098480225	7.715432167053223	5.055643081665039
3	364	is	2.0020952224731445	2.064897298812866	2.493999481201172	2.4779176712036133
3	365	the	2.4716873168945312	1.5937385559082031	1.4582562446594238	1.543505311012268
3	366	use	6.156636714935303	6.196860313415527	4.0537214279174805	2.7085673809051514
3	367	of	1.5923041105270386	0.05325964838266373	0.05620148032903671	0.04917401075363159
3	368	flying	10.449195861816406	10.654614448547363	10.34516716003418	10.613499641418457
3	369	any	8.947389602661133	8.013168334960938	10.829312324523926	10.825557708740234
3	370	higher?	13.489513397216797	11.079111099243164	10.498579978942871	11.918105125427246
3	371	This	3.986997127532959	4.119929790496826	4.3328537940979	4.512176513671875
3	372	victory	10.649043083190918	11.271614074707031	10.33377742767334	11.196389198303223
3	373	is	4.427394866943359	2.433544158935547	1.7526280879974365	1.716488242149353
3	374	in	4.542908191680908	3.5745255947113037	4.080511093139648	4.321979522705078
3	375	the	1.3686838150024414	1.4062079191207886	1.391345739364624	1.9114042520523071
3	376	bag	9.220081329345703	9.18118953704834	8.29610824584961	5.619121074676514
3	377	and	1.7612234354019165	1.9384745359420776	1.8626363277435303	1.716646432876587
3	378	I	4.813861846923828	4.529388427734375	5.0041656494140625	4.131012916564941
3	379	am	2.829646348953247	3.041712760925293	3.7880778312683105	3.884359359741211
3	380	king!'	16.6251163482666	15.149168968200684	15.960966110229492	16.950321197509766
3	381	Then	4.931369304656982	4.900239944458008	4.518911838531494	4.054148197174072
3	382	the	2.0340800285339355	1.7668046951293945	1.671790599822998	1.7000842094421387
3	383	birds	9.725494384765625	9.468788146972656	7.446618556976318	6.698504447937012
3	384	below	7.8885650634765625	9.011493682861328	9.473812103271484	10.943687438964844
3	385	called	10.113429069519043	9.016305923461914	7.384415149688721	5.991305351257324
3	386	with	5.830432415008545	6.291676998138428	5.153563022613525	5.125179290771484
3	387	one	5.497739315032959	5.492476463317871	5.721101760864258	5.387328624725342
3	388	accord,	14.039971351623535	9.34913444519043	12.342809677124023	11.88399600982666
3	389	'Come	14.737588882446289	12.096146583557129	10.262842178344727	9.060556411743164
3	390	back,	5.780122756958008	5.425225734710693	5.369633674621582	5.232144355773926
3	391	come	8.134223937988281	2.2571182250976562	2.115164279937744	1.735318660736084
3	392	back!	9.445053100585938	6.368406295776367	3.698833703994751	3.334487199783325
3	393	It	3.900554656982422	3.967376232147217	4.669768810272217	5.116143226623535
3	394	is	1.2118124961853027	1.6307913064956665	1.6255525350570679	1.5530799627304077
3	395	you	7.586716651916504	8.604608535766602	6.788270473480225	6.0129313468933105
3	396	who	6.580913543701172	4.6319074630737305	0.6193140745162964	0.777143120765686
3	397	must	6.465977668762207	6.850557804107666	4.099111080169678	3.1260061264038086
3	398	be	1.0680124759674072	1.3246309757232666	2.0122642517089844	2.3297765254974365
3	399	our	7.423488140106201	8.030517578125	7.367260932922363	5.650796890258789
3	400	king	9.40783405303955	9.002176284790039	9.920330047607422	7.831161975860596
3	401	because	6.92467737197876	6.837259292602539	5.434907913208008	5.142308712005615
3	402	no	5.489444732666016	5.596707344055176	5.651754379272461	5.203977584838867
3	403	one	3.6594128608703613	1.6176888942718506	0.6150296926498413	0.6373531818389893
3	404	can	4.218790054321289	2.937408447265625	2.865586996078491	2.8363828659057617
3	405	fly	9.238211631774902	10.13154411315918	8.909000396728516	7.946236610412598
3	406	as	5.208390235900879	4.543975830078125	4.714468955993652	4.2328643798828125
3	407	high	6.175971508026123	3.3986520767211914	2.6205410957336426	2.0350117683410645
3	408	as	4.866513252258301	0.37290316820144653	0.15492869913578033	0.07935170829296112
3	409	you.'	15.593755722045898	16.55966567993164	16.492778778076172	14.502622604370117
3	410	'Except	11.752681732177734	11.64101505279541	11.730213165283203	11.951980590820312
3	411	me!'	8.813693046569824	7.967459201812744	8.089482307434082	8.32268238067627
3	412	cried	3.3636605739593506	3.7056126594543457	3.2531628608703613	3.0577714443206787
3	413	a	3.7479734420776367	4.777976036071777	4.546285152435303	4.726497173309326
3	414	shrill,	15.077621459960938	7.160928726196289	5.923267364501953	5.924727439880371
3	415	shrill	4.898371696472168	4.930140495300293	4.869158744812012	4.733285427093506
3	416	voice,	4.576664447784424	4.242891311645508	3.2653086185455322	1.7466189861297607
3	417	and	2.1102185249328613	2.202777147293091	2.0373034477233887	2.1076900959014893
3	418	out	7.817811489105225	8.01319408416748	6.882822513580322	6.928651809692383
3	419	of	1.5602710247039795	0.4596109390258789	0.45265060663223267	0.550553023815155
3	420	the	1.4737688302993774	1.1982929706573486	0.9518639445304871	1.100295901298523
3	421	blue	8.493951797485352	8.991300582885742	6.201982021331787	6.574288845062256
3	422	the	6.814730167388916	7.276434898376465	7.50907564163208	4.844810962677002
3	423	little	7.964140892028809	6.757238388061523	6.550815582275391	6.404114723205566
3	424	bird	8.352649688720703	6.578493118286133	5.104668140411377	4.953976154327393
3	425	without	6.753882884979248	7.178708076477051	7.012493133544922	7.9102325439453125
3	426	a	2.6334357261657715	1.832423210144043	1.385191798210144	2.0986781120300293
3	427	name	7.714015483856201	7.430848121643066	5.908655643463135	3.216763973236084
3	428	rose	10.334453582763672	12.294480323791504	11.512422561645508	10.479179382324219
3	429	from	2.2708375453948975	2.2325642108917236	2.3429012298583984	1.7132922410964966
3	430	the	1.3691444396972656	0.918324887752533	0.6898233294487	0.5748496651649475
3	431	eagle's	13.766681671142578	13.822938919067383	12.391863822937012	12.670123100280762
3	432	back,	5.089685440063477	6.570370674133301	5.305959701538086	2.471529245376587
3	433	where	6.010085105895996	4.944931983947754	4.734169006347656	4.810895919799805
3	434	he	2.3880581855773926	2.026294708251953	2.5170705318450928	2.3960132598876953
3	435	had	2.924950361251831	2.639525890350342	2.2880911827087402	1.859098196029663
3	436	lain	8.884532928466797	8.74970817565918	6.828563213348389	5.975050926208496
3	437	hidden	6.387599468231201	3.790445327758789	4.983462810516357	4.048277854919434
3	438	in	2.4539735317230225	1.244220495223999	1.0644550323486328	1.0330910682678223
3	439	the	1.3686838150024414	0.9673651456832886	0.7940279245376587	0.6578583717346191
3	440	feathers.	14.540580749511719	14.43218994140625	12.17058277130127	10.858287811279297
3	441	His	4.609796524047852	4.899157524108887	5.163923263549805	5.009161949157715
3	442	guile	12.357748031616211	12.170190811157227	12.156522750854492	12.08492374420166
3	443	was	4.077346324920654	1.9817414283752441	1.546768069267273	1.4137969017028809
3	444	the	3.2400004863739014	3.1368987560272217	4.231822967529297	4.085505962371826
3	445	ace	11.701326370239258	10.738565444946289	9.233827590942383	8.575834274291992
3	446	up	6.261629104614258	2.804422378540039	2.756448268890381	1.5572844743728638
3	447	his	4.453270435333252	4.173501968383789	1.6538869142532349	1.8261157274246216
3	448	sleeve,	10.904937744140625	7.170795440673828	2.4861884117126465	1.8301498889923096
3	449	and	1.7148635387420654	1.669980764389038	1.6282986402511597	1.9152462482452393
3	450	he	5.028239727020264	4.49067497253418	2.989104747772217	3.012387275695801
3	451	laughed	8.786016464233398	7.395528793334961	6.9651970863342285	6.773017883300781
3	452	to	4.012657642364502	3.8609907627105713	4.235114097595215	4.028737545013428
3	453	himself	9.22475528717041	2.0151095390319824	1.5471084117889404	1.427880048751831
3	454	at	4.239745616912842	4.365809440612793	2.3781886100769043	2.0322065353393555
3	455	how	6.981805801391602	9.66287612915039	6.98486852645874	3.0282795429229736
3	456	easy	6.304375648498535	4.518130302429199	3.964622735977173	3.550177574157715
3	457	it	6.003865718841553	0.45245280861854553	0.34017011523246765	0.3807498514652252
3	458	had	4.739935874938965	5.60428524017334	5.669533729553223	4.777405261993408
3	459	been	2.345865249633789	1.463300108909607	0.3224800229072571	0.29705947637557983
3	460	to	4.839303016662598	4.604587554931641	4.731875419616699	0.47373124957084656
3	461	outwit	13.042703628540039	14.118288040161133	12.425593376159668	11.66494369506836
3	462	the	1.4408633708953857	1.3191050291061401	1.5522770881652832	1.470198154449463
3	463	other	5.352060317993164	4.201447010040283	3.796985387802124	4.962892532348633
3	464	birds.	10.520023345947266	11.919492721557617	8.628498077392578	8.189135551452637
3	465	Higher	8.214101791381836	8.870566368103027	9.707182884216309	9.878318786621094
3	466	and	4.38214111328125	5.073250770568848	5.241131782531738	4.829482555389404
3	467	higher	7.938307762145996	4.712827682495117	1.4810762405395508	1.04343581199646
3	468	he	8.375434875488281	9.377656936645508	3.06842041015625	3.1086764335632324
3	469	mounted,	12.89362907409668	10.068304061889648	11.60358715057373	6.628298759460449
3	470	until	7.010766983032227	7.078474044799805	3.286558151245117	2.4790806770324707
3	471	he	2.798316478729248	3.6316380500793457	1.086388111114502	0.9019502997398376
3	472	was	2.1642255783081055	1.95191490650177	1.8211290836334229	1.6956593990325928
3	473	lost	7.011168003082275	8.280242919921875	7.25502872467041	6.575401306152344
3	474	to	3.383152961730957	2.0204944610595703	1.909821629524231	1.1775568723678589
3	475	sight,	12.81797981262207	10.638849258422852	5.412724018096924	5.191491603851318
3	476	and	2.082223892211914	2.2078325748443604	1.7108582258224487	1.3653303384780884
3	477	then	4.55230712890625	3.89697003364563	3.944587469100952	3.7271008491516113
3	478	folding	11.944904327392578	9.788837432861328	10.089414596557617	10.282102584838867
3	479	his	6.130634307861328	3.455026865005493	3.9573311805725098	1.8939707279205322
3	480	wings	8.68936824798584	6.651320457458496	4.4361653327941895	4.639252662658691
3	481	together,	8.139447212219238	7.284279823303223	6.927250862121582	6.151729583740234
3	482	he	4.615284442901611	4.516394138336182	3.37156343460083	2.6539106369018555
3	483	sank	8.714644432067871	8.563316345214844	7.748928070068359	7.493155002593994
3	484	to	2.6523447036743164	2.321897506713867	1.757449984550476	1.9529359340667725
3	485	earth	10.730583190917969	6.014059066772461	5.614492416381836	7.082228660583496
3	486	crying	10.75035572052002	12.44664192199707	11.129941940307617	9.101810455322266
3	487	shrilly,	13.493431091308594	11.515852928161621	11.196362495422363	9.44010066986084
3	488	'I	5.149595260620117	5.320015907287598	6.495715618133545	5.26926326751709
3	489	am	2.6581735610961914	2.472715377807617	2.206214189529419	1.649261713027954
3	490	king,	13.026908874511719	10.155107498168945	9.728048324584961	10.246758460998535
3	491	I	4.892200469970703	2.0434389114379883	1.8930308818817139	1.4993329048156738
3	492	am	2.829646348953247	2.7631847858428955	1.5281811952590942	0.41095465421676636
3	493	king!'	16.6251163482666	15.149168968200684	9.39582347869873	5.75478458404541
3	494	The	3.6641719341278076	3.8549935817718506	3.6952786445617676	3.6317288875579834
3	495	eagle	11.485260009765625	8.255022048950195	7.735490322113037	7.849891185760498
3	496	tricked	13.757017135620117	12.578160285949707	12.639581680297852	12.464387893676758
3	497	by	2.527824878692627	3.8191516399383545	4.112826347351074	3.8948349952697754
3	498	the	1.6374341249465942	1.4380249977111816	1.4800262451171875	0.775080144405365
3	499	little	7.964140892028809	8.470155715942383	7.310816287994385	6.248507499694824
3	500	bird	8.352649688720703	6.578493118286133	6.919502258300781	6.165771484375
3	501	had	4.978660583496094	3.9174842834472656	3.2114481925964355	5.266975402832031
3	502	not	3.6423168182373047	4.083395004272461	4.1396050453186035	3.7331960201263428
3	503	sensed	12.395520210266113	9.722006797790527	9.008809089660645	9.037701606750488
3	504	the	2.22602915763855	2.8524792194366455	1.6158723831176758	1.3812541961669922
3	505	bird	9.681256294250488	10.314496994018555	9.33126449584961	10.144919395446777
3	506	in	3.3554465770721436	3.0221266746520996	2.8874928951263428	2.3744540214538574
3	507	his	4.316005706787109	3.5553267002105713	3.1823301315307617	2.3157973289489746
3	508	feathers	10.268187522888184	12.609307289123535	8.712115287780762	8.697052001953125
3	509	and	2.499601364135742	2.1111724376678467	1.245679497718811	1.7027759552001953
3	510	so	5.790785789489746	6.296459197998047	6.640127182006836	5.909332275390625
3	511	had	7.692419052124023	5.766665458679199	5.927649021148682	5.31130313873291
3	512	not	3.6423168182373047	3.9865224361419678	3.1636438369750977	4.001965522766113
3	513	at	5.616641998291016	6.550228118896484	6.238314628601074	6.499406337738037
3	514	all	4.49494743347168	1.017987847328186	1.2812117338180542	1.4802309274673462
3	515	expected	9.352694511413574	8.692015647888184	6.859130382537842	3.7395124435424805
3	516	the	4.185507297515869	3.694671392440796	4.0380024909973145	4.04487943649292
3	517	bird	9.681256294250488	9.181119918823242	9.212035179138184	8.754427909851074
3	518	to	4.038361549377441	2.9203357696533203	0.4769194722175598	0.31981176137924194
3	519	come	6.263788223266602	4.762468338012695	4.873930931091309	3.8846962451934814
3	520	flying	9.881524085998535	8.74191665649414	5.114597797393799	5.627991199493408
3	521	out	3.8166344165802	1.9042333364486694	1.3942415714263916	1.7227295637130737
3	522	like	6.136991500854492	6.7387895584106445	4.643070697784424	5.184885025024414
3	523	that.	5.408524036407471	3.814068555831909	4.110074043273926	4.4198317527771
3	524	The	2.967088460922241	3.249739408493042	3.4683399200439453	3.4952657222747803
3	525	birds	9.281365394592285	9.063379287719727	8.664092063903809	8.459615707397461
3	526	back	7.753747463226318	9.672489166259766	9.144688606262207	8.8788423538208
3	527	on	2.922029495239258	3.777047634124756	3.1877224445343018	3.612856149673462
3	528	earth	7.652788162231445	6.929507255554199	5.91763162612915	4.840174198150635
3	529	were	5.845745086669922	4.8386383056640625	5.592007637023926	4.653932094573975
3	530	all	5.08637809753418	4.916967391967773	4.804013252258301	4.463846683502197
3	531	up	7.049072742462158	6.417365074157715	7.01801061630249	7.1284379959106445
3	532	in	2.819490671157837	1.4087177515029907	1.25765061378479	0.6791359782218933
3	533	arms.	12.258329391479492	9.41353988647461	8.852158546447754	4.084317207336426
3	534	'You,	11.596781730651855	12.84656810760498	12.737908363342285	13.610884666442871
3	535	and	4.4218668937683105	4.29661750793457	4.383315086364746	4.787101745605469
3	536	not	5.726589202880859	4.236862659454346	4.94018030166626	4.624876022338867
3	537	the	3.7449686527252197	2.633514404296875	2.8365938663482666	2.6886072158813477
3	538	eagle,	13.497941017150879	13.751137733459473	13.956825256347656	10.000898361206055
3	539	our	7.5306854248046875	7.119929313659668	7.8088250160217285	7.97111701965332
3	540	king?'	16.007471084594727	13.260156631469727	13.367136001586914	12.95315933227539
3	541	the	3.7622337341308594	3.311180353164673	3.4948644638061523	3.3732266426086426
3	542	birds	9.725494384765625	9.530258178710938	9.018074035644531	6.387886047363281
3	543	cried,	13.127485275268555	11.5552339553833	4.580478191375732	4.604236125946045
3	544	fuming	11.533806800842285	15.651093482971191	15.778831481933594	15.072254180908203
3	545	with	2.7567601203918457	1.4004536867141724	2.1308069229125977	2.1512579917907715
3	546	anger.	12.009395599365234	3.5806665420532227	2.6638078689575195	3.7184078693389893
3	547	'You	6.635361194610596	5.711770057678223	5.539703369140625	4.361712455749512
3	548	have	2.706390857696533	2.8409066200256348	2.8755249977111816	2.888528347015381
3	549	done	5.137648105621338	4.410907745361328	3.819554328918457	4.025263786315918
3	550	this	4.317409038543701	3.160553455352783	3.5842440128326416	2.037179946899414
3	551	by	6.4697771072387695	3.8765039443969727	4.001636505126953	4.618129253387451
3	552	breaking	8.539043426513672	6.604478359222412	6.015395641326904	6.349600791931152
3	553	every	7.2214460372924805	7.218528747558594	6.341060638427734	5.967236518859863
3	554	rule	7.869420528411865	2.502060890197754	2.302440643310547	2.801474094390869
3	555	in	2.7291860580444336	2.3329997062683105	1.9251484870910645	1.0559152364730835
3	556	the	1.3686838150024414	1.598437786102295	0.747736394405365	0.3197811543941498
3	557	book,	9.69866943359375	8.509210586547852	7.725627899169922	4.2608160972595215
3	558	so	4.983137130737305	4.561490535736084	4.503070831298828	3.8215932846069336
3	559	we	3.700209617614746	3.38212251663208	3.41021466255188	3.2727084159851074
3	560	will	3.5070087909698486	3.3087270259857178	2.947387218475342	3.071451187133789
3	561	not	3.025660514831543	3.125507116317749	2.387171745300293	2.2721166610717773
3	562	have	3.6542794704437256	3.782860279083252	3.516972303390503	3.421462059020996
3	563	you,	9.322154998779297	10.381342887878418	8.992568969726562	9.958537101745605
3	564	who	5.532024383544922	5.830814361572266	5.007297515869141	5.927170753479004
3	565	are	2.7324039936065674	2.0314781665802	1.8908692598342896	1.6244744062423706
3	566	simply	7.085021018981934	6.906265735626221	7.649346351623535	8.152953147888184
3	567	tricky	12.724778175354004	11.951786041259766	13.696249008178711	14.22784423828125
3	568	and	2.5078859329223633	2.5631020069122314	2.378519058227539	1.4693673849105835
3	569	cunning,	13.589557647705078	11.545799255371094	11.401290893554688	9.393091201782227
3	570	to	4.25263786315918	4.4833598136901855	4.749842643737793	4.752348899841309
3	571	reign	11.821377754211426	9.654393196105957	9.7854585647583	10.676774978637695
3	572	over	2.561732292175293	1.6062204837799072	1.504934549331665	1.3409898281097412
3	573	us.'	13.652196884155273	9.662410736083984	9.96916675567627	8.90548324584961
3	574	The	2.7098424434661865	2.4925904273986816	2.4809188842773438	2.503899097442627
3	575	bird	9.382397651672363	8.856484413146973	9.204643249511719	10.084715843200684
3	576	without	6.753882884979248	9.197857856750488	9.971062660217285	10.176643371582031
3	577	a	2.6334357261657715	1.832423210144043	1.3407962322235107	1.4378360509872437
3	578	name	7.714015483856201	7.430848121643066	5.908655643463135	2.336477756500244
3	579	then	7.201682090759277	7.341010093688965	6.380319595336914	6.485332489013672
3	580	decided	7.020570755004883	9.345288276672363	8.781603813171387	9.429342269897461
3	581	to	0.46894571185112	0.5167081356048584	0.4501951336860657	0.6863699555397034
3	582	clear	7.93843936920166	8.000531196594238	7.992866516113281	7.974208354949951
3	583	the	3.3895578384399414	1.2885754108428955	1.0772664546966553	1.0311824083328247
3	584	air	7.95662784576416	3.4812231063842773	3.9755401611328125	3.597883939743042
3	585	and	2.3511974811553955	2.386705160140991	1.9019190073013306	1.7128806114196777
3	586	said,	8.123201370239258	7.0814080238342285	6.050131797790527	8.649907112121582
3	587	'Then	9.407278060913086	8.709839820861816	8.707890510559082	9.022844314575195
3	588	let	4.753893852233887	3.702681541442871	3.7502663135528564	3.7053515911102295
3	589	everyone	6.383131980895996	7.425929069519043	6.754256725311279	6.519801139831543
3	590	start	8.504446983337402	7.814780235290527	6.794068336486816	6.658858299255371
3	591	with	2.602771282196045	2.985929250717163	2.6260385513305664	3.560291290283203
3	592	a	2.1084108352661133	1.7338563203811646	1.6404531002044678	1.4791975021362305
3	593	clean	8.23678207397461	7.634851455688477	4.982677459716797	2.963627815246582
3	594	slate	8.4361572265625	4.016509056091309	4.355191707611084	2.2573347091674805
3	595	and	3.226799488067627	1.936117172241211	1.6402599811553955	1.3804759979248047
3	596	perform	9.562771797180176	9.42041015625	8.325400352478027	8.66039752960205
3	597	a	2.020522117614746	2.2266530990600586	2.1448352336883545	1.6252137422561646
3	598	new	5.073894500732422	5.742184638977051	5.429001808166504	5.393006324768066
3	599	challenging	13.682302474975586	11.081212997436523	10.761678695678711	10.68537425994873
3	600	task.	6.49832820892334	11.173243522644043	4.120405197143555	3.192517042160034
3	601	Then	5.995635986328125	8.123733520507812	6.3712921142578125	6.864297866821289
3	602	we	2.727959632873535	2.4030797481536865	1.5864081382751465	2.305619955062866
3	603	can	2.937753677368164	2.542387008666992	2.806429624557495	3.5690901279449463
3	604	decide	7.385339736938477	7.138028144836426	7.234523773193359	6.196011543273926
3	605	who	5.149092197418213	4.538809776306152	4.699522972106934	6.2395853996276855
3	606	should	5.989335536956787	3.5537798404693604	3.8398497104644775	3.1612508296966553
3	607	be	1.1821815967559814	1.2974616289138794	1.3299893140792847	1.2392576932907104
3	608	the	3.3194472789764404	3.800454616546631	2.8648834228515625	1.6508365869522095
3	609	real	7.123363494873047	6.351159572601318	6.334602355957031	5.151508331298828
3	610	king.'	15.363798141479492	15.821382522583008	13.09408187866211	13.060271263122559
3	611	Then	4.112504959106445	3.9486236572265625	3.956657886505127	3.7665393352508545
3	612	the	2.0340800285339355	1.799930214881897	2.0181119441986084	2.029179573059082
3	613	birds	9.725494384765625	9.468788146972656	7.93331241607666	7.498987674713135
3	614	gathered	9.513891220092773	7.178358554840088	6.3501081466674805	5.290256977081299
3	615	together	3.3016304969787598	3.4320836067199707	3.583690643310547	3.1727795600891113
3	616	again	6.55418062210083	6.007579803466797	6.5526299476623535	6.005745887756348
3	617	and	2.2367467880249023	2.190183401107788	1.8802646398544312	1.6407661437988281
3	618	decided	8.909992218017578	7.000213146209717	6.125624656677246	4.786290645599365
3	619	the	3.927069902420044	4.043789386749268	4.38015079498291	4.50257682800293
3	620	case	5.9628167152404785	3.1629180908203125	3.4222252368927	6.099802017211914
3	621	would	5.468252658843994	5.711175918579102	3.334080934524536	2.929854393005371
3	622	be	1.476707100868225	1.318778157234192	0.9626120328903198	0.5483508110046387
3	623	resolved	7.731207847595215	8.4673490524292	4.9794721603393555	4.5510663986206055
3	624	by	2.085214138031006	1.3171261548995972	1.451561689376831	1.7357054948806763
3	625	making	6.143910884857178	6.248241901397705	5.93900203704834	5.713706016540527
3	626	a	2.1136162281036377	1.999265193939209	2.028196334838867	1.7123216390609741
3	627	new	5.073894500732422	4.411647796630859	4.499680519104004	3.809507131576538
3	628	condition,	11.536338806152344	9.77475357055664	11.35757064819336	10.957273483276367
3	629	which	3.597942352294922	3.5212221145629883	3.087723970413208	3.103956699371338
3	630	was	3.3136966228485107	2.630948305130005	2.90488862991333	2.8897061347961426
3	631	that	5.175118923187256	6.556504726409912	5.487794876098633	4.146275997161865
3	632	he	3.27907657623291	2.739595413208008	2.6650171279907227	2.5395684242248535
3	633	should	5.450690746307373	4.236400604248047	4.344184875488281	3.9465112686157227
3	634	be	1.1821815967559814	1.8331024646759033	1.7706236839294434	1.7732588052749634
3	635	king	11.697181701660156	11.382064819335938	8.130845069885254	7.436958312988281
3	636	who	4.601436614990234	5.956957817077637	6.229445457458496	6.904321670532227
3	637	could	5.165400505065918	4.885046482086182	2.956045627593994	3.340006113052368
3	638	go	4.4533233642578125	5.404451847076416	6.121761322021484	5.965953826904297
3	639	the	4.8595123291015625	5.060790061950684	4.798630237579346	5.067192554473877
3	640	deepest	10.711324691772461	9.903081893920898	10.960237503051758	7.937784194946289
3	641	into	5.921152591705322	5.830063819885254	2.2567830085754395	2.2494595050811768
3	642	the	1.1791348457336426	0.7555437684059143	0.5201150178909302	0.8781522512435913
3	643	earth.	10.19835090637207	8.473386764526367	4.921357154846191	5.015605926513672
3	644	So	5.038956642150879	4.975257873535156	5.040517330169678	5.348000526428223
3	645	the	2.8735320568084717	2.7283618450164795	2.553497552871704	2.5144569873809814
3	646	little	7.964140892028809	7.532937049865723	7.0943922996521	7.396137237548828
3	647	bird	8.352649688720703	6.578493118286133	5.769114971160889	4.995979309082031
3	648	who	6.668876647949219	4.070584297180176	3.9212613105773926	4.7729315757751465
3	649	the	5.510059833526611	7.447386264801025	7.968607425689697	7.656345367431641
3	650	other	5.352060317993164	4.6610565185546875	4.1069817543029785	3.5523171424865723
3	651	birds	8.963504791259766	10.123260498046875	9.385992050170898	2.1844303607940674
3	652	despised	14.277044296264648	14.385995864868164	12.393423080444336	10.840364456176758
3	653	was	6.812387943267822	6.505330562591553	7.233499526977539	6.202140808105469
3	654	now	6.374208450317383	4.681694984436035	5.1166791915893555	5.943760871887207
3	655	back	7.4056854248046875	5.872847557067871	7.518547534942627	7.445701599121094
3	656	to	1.4931408166885376	1.3749562501907349	1.7688186168670654	2.5928893089294434
3	657	square	10.454816818237305	6.85209321975708	4.784030914306641	3.9400196075439453
3	658	one.	7.965243816375732	3.8920421600341797	1.2936813831329346	1.4447529315948486
3	659	Confident,	14.34282398223877	14.258222579956055	14.970861434936523	15.004859924316406
3	660	he	4.332427024841309	3.7957100868225098	3.756291151046753	3.259963035583496
3	661	remained,	10.66827392578125	10.426054000854492	11.090917587280273	10.899679183959961
3	662	however,	4.36830997467041	4.28044319152832	3.906635284423828	4.726019382476807
3	663	that	2.8214070796966553	2.703031063079834	4.32484245300293	1.5604033470153809
3	664	if	5.1886677742004395	4.4144697189331055	4.25839376449585	4.559353828430176
3	665	he	2.7696738243103027	2.96279239654541	3.5246152877807617	2.8426826000213623
3	666	played	6.685807228088379	7.0403642654418945	6.819005966186523	7.507771015167236
3	667	his	4.350841522216797	3.3213677406311035	2.794830799102783	2.5771536827087402
3	668	cards	11.28066635131836	4.3837127685546875	5.084645748138428	0.5418093800544739
3	669	right,	11.221248626708984	6.462437152862549	2.8031206130981445	2.464181423187256
3	670	he	4.546600818634033	4.669149398803711	2.726876974105835	2.556887626647949
3	671	could	4.0830535888671875	3.957334518432617	3.0658204555511475	2.064948081970215
3	672	be	1.656593918800354	3.0309393405914307	2.5636777877807617	2.7030014991760254
3	673	king.	12.763626098632812	12.677629470825195	9.20641040802002	9.243369102478027
3	674	How	6.499180316925049	5.805914878845215	5.902554035186768	6.150823593139648
3	675	the	3.9659230709075928	3.9046034812927246	4.442770481109619	4.264622688293457
3	676	goose	11.672464370727539	12.206268310546875	10.209184646606445	10.297276496887207
3	677	wallowed	16.776453018188477	17.74413299560547	15.198763847351074	13.330388069152832
3	678	in	0.7135616540908813	0.6826868057250977	0.9231839776039124	1.2337117195129395
3	679	the	1.3686838150024414	1.2501130104064941	0.8346179127693176	0.5322869420051575
3	680	sand,	11.904504776000977	9.652809143066406	7.197530746459961	6.35985803604126
3	681	and	1.7499542236328125	1.794016718864441	1.9816768169403076	1.913285255432129
3	682	the	2.795388698577881	2.216189384460449	2.1937856674194336	2.3740038871765137
3	683	duck	11.295068740844727	11.206664085388184	9.993037223815918	9.655341148376465
3	684	strove	14.039695739746094	14.451982498168945	11.810413360595703	11.604612350463867
3	685	to	0.4418962597846985	0.4524255692958832	0.6408186554908752	0.6142193078994751
3	686	dig	9.273964881896973	8.584646224975586	7.802188873291016	7.391188621520996
3	687	a	3.172757148742676	3.0373387336730957	2.9867477416992188	3.1429080963134766
3	688	hole	8.729535102844238	2.6149559020996094	2.090980291366577	1.9342402219772339
3	689	for	3.910184860229492	3.7745413780212402	2.481377124786377	2.2337751388549805
3	690	the	1.8431031703948975	1.5515249967575073	1.0897297859191895	1.7355949878692627
3	691	new	6.400824546813965	5.652813911437988	5.119411468505859	5.303685665130615
3	692	task!	17.412940979003906	15.175790786743164	14.120383262634277	15.182851791381836
3	693	All	5.323034763336182	5.362856864929199	5.590023994445801	5.719671249389648
3	694	the	2.0345754623413086	2.2008297443389893	2.206610918045044	1.9157795906066895
3	695	other	5.352060317993164	3.813127040863037	3.8710739612579346	3.855053424835205
3	696	birds	8.963504791259766	10.123260498046875	7.04979133605957	7.613122463226318
3	697	tried	9.65534782409668	9.160955429077148	7.592129707336426	7.3460235595703125
3	698	to	0.6739252805709839	0.4197341501712799	0.17799638211727142	0.12048428505659103
3	699	hide	7.591649055480957	4.970463752746582	5.261691093444824	5.352158546447754
3	700	themselves	6.325839996337891	6.493984699249268	7.795164585113525	3.441884994506836
3	701	in	2.5297889709472656	1.3980263471603394	1.5966036319732666	1.6015125513076782
3	702	the	1.3686838150024414	1.3425804376602173	1.0266571044921875	0.9504665732383728
3	703	ground,	8.668452262878418	9.277409553527832	8.734251022338867	6.024224281311035
3	704	too,	7.940219879150391	8.262534141540527	8.361766815185547	8.424001693725586
3	705	until	6.7216386795043945	5.595825672149658	5.209538459777832	5.831704616546631
3	706	they	3.7636618614196777	2.9187545776367188	2.6323049068450928	2.4548840522766113
3	707	were	2.7650744915008545	2.2873494625091553	2.1912195682525635	1.6667661666870117
3	708	practically	9.062590599060059	8.743496894836426	7.595556259155273	6.574937343597412
3	709	blue	9.716550827026367	10.00422191619873	8.760222434997559	5.799881935119629
3	710	in	4.8190765380859375	3.1666526794433594	2.2290594577789307	2.255270004272461
3	711	the	1.3686838150024414	0.981870174407959	1.071031093597412	0.5124061107635498
3	712	face.	10.398834228515625	8.346797943115234	6.863112926483154	6.0669941902160645
3	713	The	2.6318585872650146	2.210566282272339	2.4928503036499023	2.9534692764282227
3	714	nameless	12.000306129455566	11.496923446655273	12.391695976257324	11.473567008972168
3	715	little	6.01540470123291	5.845189094543457	5.660335540771484	5.906123161315918
3	716	bird	8.352649688720703	6.464356899261475	5.920187950134277	6.052591800689697
3	717	that	3.966464042663574	2.658726692199707	1.7403442859649658	2.4946212768554688
3	718	was	4.486698627471924	2.859994888305664	3.3395609855651855	3.240083932876587
3	719	as	6.121305465698242	5.8038434982299805	6.030552864074707	5.875101089477539
3	720	bold	10.567384719848633	7.4521965980529785	7.328185558319092	7.177569389343262
3	721	as	4.394209384918213	0.6901051998138428	0.40263932943344116	0.3760529160499573
3	722	brass	12.333916664123535	6.795098781585693	5.554300308227539	4.961522579193115
3	723	found	7.8131103515625	8.628915786743164	9.694746017456055	9.584840774536133
3	724	a	2.8432509899139404	2.8669192790985107	4.61926794052124	2.835099220275879
3	725	pitch	10.090587615966797	11.367626190185547	9.671274185180664	9.661109924316406
3	726	dark	8.933981895446777	6.822020530700684	6.931450843811035	7.336607933044434
3	727	mouse's	14.933368682861328	16.28592300415039	14.820895195007324	13.66899585723877
3	728	hole,	10.905118942260742	8.917163848876953	7.298264980316162	5.979243278503418
3	729	and	1.8724784851074219	1.7596244812011719	1.7154250144958496	1.7036402225494385
3	730	creeping	12.660789489746094	11.72752857208252	10.715392112731934	9.296757698059082
3	731	in	3.506096124649048	3.7409591674804688	3.54925799369812	3.7609364986419678
3	732	cried,	17.73196029663086	17.759328842163086	18.161548614501953	15.99417781829834
3	733	'I	5.368930339813232	6.941650867462158	5.3022236824035645	5.301945686340332
3	734	am	2.6581735610961914	2.1071603298187256	2.3714003562927246	1.7272814512252808
3	735	king,	13.026908874511719	10.155107498168945	9.604081153869629	9.138289451599121
3	736	I	4.892200469970703	2.0434389114379883	1.8930308818817139	1.8762391805648804
3	737	am	2.829646348953247	2.7631847858428955	1.5281811952590942	0.41095465421676636
3	738	king!'	16.6251163482666	15.149168968200684	9.39582347869873	5.75478458404541
3	739	but	5.472907066345215	5.374022483825684	5.295029640197754	5.476479530334473
3	740	it	3.077126979827881	3.435835838317871	3.355987071990967	3.323780059814453
3	741	was	2.4596688747406006	2.04014253616333	1.245690107345581	1.362230658531189
3	742	of	6.609931945800781	6.500218391418457	6.335855960845947	5.552131175994873
3	743	no	7.945717811584473	2.982703685760498	1.951753854751587	1.0511727333068848
3	744	avail.	9.073216438293457	5.532564163208008	3.7660231590270996	3.8265976905822754
3	745	'You,	14.176198959350586	15.534109115600586	14.368043899536133	14.001667976379395
3	746	our	7.501897811889648	7.169634819030762	7.29496955871582	7.446806907653809
3	747	king?'	16.007471084594727	8.546088218688965	8.634770393371582	8.348912239074707
3	748	all	9.157471656799316	8.897665977478027	8.478676795959473	9.235748291015625
3	749	the	1.922678828239441	1.3009785413742065	1.1300048828125	1.425732970237732
3	750	remaining	7.889728546142578	6.432130813598633	7.8186798095703125	8.051012992858887
3	751	birds	8.60892105102539	9.009248733520508	8.496057510375977	6.540376663208008
3	752	who	5.514847755432129	6.125993251800537	6.418076038360596	5.370170593261719
3	753	the	5.510059833526611	8.26180648803711	8.245155334472656	8.058450698852539
3	754	littlest	12.863139152526855	12.351813316345215	10.888727188110352	12.218183517456055
3	755	bird	7.289149284362793	6.746510982513428	6.278228759765625	3.358757257461548
3	756	had	4.978660583496094	5.496183395385742	5.276188850402832	3.841989517211914
3	757	outwitted	12.546183586120605	9.328703880310059	9.921549797058105	9.550320625305176
3	758	cried	15.405293464660645	15.998412132263184	16.461971282958984	16.98155403137207
3	759	again,	5.685126781463623	6.717213153839111	6.348271369934082	6.7176103591918945
3	760	even	5.619704723358154	5.9115681648254395	6.331249713897705	5.775479793548584
3	761	more	2.6164894104003906	3.5891592502593994	1.1080349683761597	1.402010440826416
3	762	angrily	12.606280326843262	11.652889251708984	9.254916191101074	5.872167110443115
3	763	than	5.720702171325684	0.7839149236679077	1.5245578289031982	0.527183473110199
3	764	before.	8.024053573608398	5.385282039642334	4.096547603607178	2.905172824859619
3	765	'Do	10.564537048339844	10.55179500579834	7.6357340812683105	7.359006881713867
3	766	you	0.6051895618438721	0.28635191917419434	0.26314809918403625	0.30004367232322693
3	767	think	3.6286885738372803	2.1307358741760254	1.7139899730682373	1.6268963813781738
3	768	we	3.4173874855041504	3.7392959594726562	2.903397798538208	2.717564105987549
3	769	would	4.580222129821777	3.9534120559692383	4.113221168518066	4.512872219085693
3	770	reward	10.277052879333496	10.203216552734375	10.661922454833984	9.499866485595703
3	771	your	6.157534599304199	4.159811973571777	4.532812595367432	5.032051086425781
3	772	cunning	11.8446683883667	10.681097984313965	8.03847599029541	8.44050121307373
3	773	in	3.5620031356811523	3.678445816040039	2.841601848602295	3.0773732662200928
3	774	this	3.940133571624756	3.6130175590515137	3.6471059322357178	3.537853240966797
3	775	way?	10.103744506835938	8.876200675964355	7.868565559387207	7.80349588394165
3	776	No,	6.438435077667236	6.394495487213135	6.441619873046875	4.856415271759033
3	777	no!	6.287620544433594	6.91436767578125	6.735112190246582	6.828934669494629
3	778	You	3.375126361846924	2.955599784851074	3.008446216583252	3.0122668743133545
3	779	shall	5.962713241577148	4.534478664398193	4.903929710388184	4.078418254852295
3	780	stay	6.489956378936768	6.54768705368042	4.524593353271484	4.594638347625732
3	781	in	1.9217610359191895	1.6941224336624146	1.6424171924591064	2.5340282917022705
3	782	the	1.3686838150024414	1.3470667600631714	1.313902735710144	1.140238642692566
3	783	earth	8.71017074584961	9.191007614135742	10.517273902893066	9.89786148071289
3	784	till	8.538576126098633	7.876138687133789	7.533156394958496	6.76639986038208
3	785	you	3.9128153324127197	3.3580830097198486	3.1749789714813232	3.3212997913360596
3	786	die	9.087747573852539	6.034645080566406	5.470060348510742	5.583179473876953
3	787	of	4.611576080322266	3.5718441009521484	2.482147216796875	2.8662915229797363
3	788	hunger!'	21.357303619384766	12.377218246459961	11.403618812561035	10.167343139648438
3	789	So	5.670976161956787	5.669061660766602	5.112576484680176	5.147059440612793
3	790	they	4.246784687042236	2.5989747047424316	2.4658360481262207	2.1992835998535156
3	791	shut	9.149513244628906	8.127846717834473	6.866796016693115	6.902190208435059
3	792	up	2.333763599395752	3.13081693649292	3.1243910789489746	1.8558111190795898
3	793	the	2.6440300941467285	3.6931278705596924	2.921312093734741	2.320220947265625
3	794	little	7.964140892028809	6.8101806640625	5.866855621337891	5.8285112380981445
3	795	bird	8.352649688720703	6.578493118286133	7.0826735496521	5.754439353942871
3	796	in	3.3554465770721436	3.310929536819458	3.343430995941162	2.645400047302246
3	797	the	1.3686838150024414	0.7677075266838074	0.8637741208076477	0.7748057842254639
3	798	mouse's	12.669412612915039	14.337262153625488	13.551396369934082	13.418256759643555
3	799	hole	9.760659217834473	8.759370803833008	11.28907585144043	8.782892227172852
3	800	that	4.069857597351074	4.477435111999512	4.805850982666016	4.191861629486084
3	801	the	2.0494112968444824	3.517622709274292	3.3763375282287598	3.0406088829040527
3	802	mouse	8.79736042022705	8.878069877624512	7.000524520874023	2.4681947231292725
3	803	gave	9.906200408935547	9.40843391418457	8.858929634094238	8.56528091430664
3	804	up	2.7739078998565674	3.604062080383301	3.426848888397217	2.634037494659424
3	805	most	7.912029266357422	6.485087871551514	7.491915702819824	7.859965801239014
3	806	unwillingly,	14.368022918701172	14.587150573730469	15.06235408782959	13.24776554107666
3	807	and	2.3800930976867676	2.078213691711426	1.5455363988876343	1.412765622138977
3	808	bade	13.886345863342285	9.174442291259766	8.80832576751709	8.005636215209961
3	809	the	2.669660806655884	2.5270469188690186	2.2139596939086914	2.3332455158233643
3	810	owl	11.714597702026367	8.570178031921387	9.101336479187012	9.481679916381836
3	811	watch	9.61635971069336	9.833574295043945	7.315841197967529	6.931472301483154
3	812	him	3.440941095352173	5.132096767425537	5.623349666595459	4.41164493560791
3	813	carefully	9.831510543823242	6.614793300628662	5.225733757019043	5.348545551300049
3	814	night	11.875740051269531	11.350725173950195	9.569369316101074	8.2277250289917
3	815	and	2.3757944107055664	2.352025032043457	0.9350550770759583	1.4494853019714355
3	816	day.	11.620182991027832	5.933710098266602	2.109287738800049	1.234053611755371
3	817	Then	5.558998107910156	5.586915969848633	5.698028087615967	5.455447196960449
3	818	all	5.268550872802734	5.1197662353515625	5.112022399902344	5.016292572021484
3	819	the	1.922678828239441	1.37452232837677	1.3685047626495361	1.3410829305648804
3	820	birds	9.725494384765625	8.706302642822266	7.089686393737793	5.943073749542236
3	821	went	6.955366134643555	6.887328147888184	6.551301956176758	4.504180908203125
3	822	home	4.4675798416137695	5.821220397949219	5.451042652130127	4.756123065948486
3	823	to	2.6657261848449707	1.7379382848739624	1.5349034070968628	1.1195253133773804
3	824	bed,	10.558095932006836	9.943670272827148	5.021639823913574	5.54408073425293
3	825	for	5.569896697998047	5.183563709259033	4.638145446777344	5.467472076416016
3	826	they	8.678775787353516	4.165525436401367	3.455695629119873	3.63619065284729
3	827	were	2.7650744915008545	2.1998860836029053	1.5807406902313232	1.5900145769119263
3	828	very	5.528535842895508	5.386269569396973	4.567588806152344	3.974613666534424
3	829	tired,	7.962209224700928	7.790082931518555	7.470511436462402	6.591204643249512
3	830	but	2.5410828590393066	2.248870611190796	2.190765142440796	2.3180437088012695
3	831	the	2.655514717102051	3.2174980640411377	3.4238061904907227	2.931812286376953
3	832	owl	11.714597702026367	10.971657752990723	10.19324779510498	10.085698127746582
3	833	assigned	11.30866527557373	11.119170188903809	11.204858779907227	11.67595386505127
3	834	by	3.2330996990203857	3.9106078147888184	4.104475975036621	4.641424179077148
3	835	the	1.6374341249465942	0.9140969514846802	1.0642709732055664	0.7449272274971008
3	836	birds	9.725494384765625	10.806657791137695	11.894054412841797	7.6665167808532715
3	837	to	3.7423934936523438	3.16513991355896	3.319023847579956	1.014630675315857
3	838	stand	7.347899436950684	7.319060325622559	7.135129451751709	7.640531539916992
3	839	guard	10.189313888549805	5.477459907531738	4.093629360198975	5.176943778991699
3	840	found	8.53929615020752	13.473502159118652	13.689445495605469	13.823271751403809
3	841	his	4.994122505187988	2.803821563720703	3.3948957920074463	3.572901725769043
3	842	job	6.6823835372924805	5.869080066680908	7.024023056030273	6.08979606628418
3	843	was	4.19865608215332	3.6340432167053223	3.4522695541381836	3.1534531116485596
3	844	lonely	11.170109748840332	11.523448944091797	11.539762496948242	10.877470016479492
3	845	and	2.6094348430633545	0.9988847970962524	0.5315475463867188	0.46250247955322266
3	846	wearisome	14.114916801452637	11.121042251586914	13.03044319152832	11.147514343261719
3	847	because	7.534478187561035	6.294137954711914	6.369863986968994	4.38716459274292
3	848	he	2.7006382942199707	2.9733850955963135	3.0321450233459473	2.799412250518799
3	849	was	2.1642255783081055	1.6216506958007812	1.9374555349349976	1.8209060430526733
3	850	just	5.192382335662842	5.055484294891357	5.176912307739258	5.999341011047363
3	851	sitting	6.817434787750244	5.4878973960876465	5.491668701171875	5.386739253997803
3	852	alone	5.99168062210083	6.306145191192627	7.094653129577637	6.436761856079102
3	853	staring	10.664716720581055	6.486364364624023	5.532306671142578	5.80389404296875
3	854	at	0.7480215430259705	0.5545299649238586	0.7118316888809204	0.558928906917572
3	855	the	1.4987046718597412	1.1759637594223022	0.907496988773346	0.6170052886009216
3	856	mouse's	12.669412612915039	12.760873794555664	13.09404468536377	13.473760604858398
3	857	hole.	11.01089096069336	10.14942741394043	8.575993537902832	7.122832298278809
3	858	'I	8.7802095413208	7.6140618324279785	7.894946098327637	7.086931228637695
3	859	can	3.8749172687530518	3.638282299041748	3.4527077674865723	3.368022918701172
3	860	close	8.295169830322266	8.016963958740234	6.93930196762085	7.2257208824157715
3	861	one	6.939992904663086	5.4691386222839355	5.595790386199951	5.082462787628174
3	862	eye	7.7720465660095215	3.2087249755859375	1.9501229524612427	1.0889050960540771
3	863	and	2.50469970703125	1.899383306503296	0.8554494976997375	0.8283568620681763
3	864	watch	8.34655475616455	7.815276622772217	7.128035545349121	5.629525661468506
3	865	with	5.051961421966553	5.528546333312988	5.278984069824219	4.388777732849121
3	866	the	1.7724734544754028	1.983568787574768	3.0852084159851074	2.8340702056884766
3	867	other,'	15.128985404968262	14.39522933959961	12.97389030456543	12.500967025756836
3	868	he	1.7348790168762207	1.7742650508880615	1.7124292850494385	1.7784690856933594
3	869	thought.	7.337323188781738	5.508012294769287	5.9453349113464355	5.561805248260498
3	870	So	5.247270584106445	5.297296524047852	6.420973777770996	6.0988006591796875
3	871	he	3.2646849155426025	2.8489551544189453	1.517324447631836	1.1064603328704834
3	872	closed	8.168875694274902	7.4043073654174805	6.485873222351074	6.5480265617370605
3	873	one	6.755208969116211	5.572177886962891	5.359752655029297	5.4904022216796875
3	874	eye	7.7720465660095215	2.187437057495117	0.589457631111145	0.6550257802009583
3	875	and	2.50469970703125	1.899383306503296	0.7025572061538696	0.5117441415786743
3	876	stared	10.534697532653809	7.270786285400391	6.2161102294921875	3.325016975402832
3	877	steadfastly	13.330116271972656	9.839498519897461	9.416349411010742	8.852585792541504
3	878	with	4.683474540710449	5.464250564575195	6.624422073364258	6.498526096343994
3	879	the	1.7724734544754028	1.4449384212493896	2.5195984840393066	3.059903144836426
3	880	other,	8.320104598999023	8.228015899658203	7.315584182739258	5.980596542358398
3	881	but	3.104616165161133	3.330326795578003	3.0967416763305664	3.610285997390747
3	882	before	7.1535844802856445	6.915560722351074	6.5936126708984375	6.788605213165283
3	883	he	3.1570119857788086	2.6253950595855713	2.5694613456726074	2.2053353786468506
3	884	knew	5.167873382568359	4.627712249755859	3.5993287563323975	3.3029415607452393
3	885	it	3.3818178176879883	3.1721436977386475	2.5380678176879883	1.310997724533081
3	886	he	6.901706218719482	8.012445449829102	6.564491271972656	1.6200928688049316
3	887	forgot	8.928919792175293	7.599682331085205	7.817138195037842	8.488088607788086
3	888	to	1.3585072755813599	1.080905795097351	1.2495476007461548	1.9317247867584229
3	889	keep	5.73045015335083	5.998010635375977	5.761560440063477	5.545424461364746
3	890	that	5.359682083129883	5.101395606994629	4.28948974609375	5.0563201904296875
3	891	one	5.6921610832214355	4.720806121826172	4.715542793273926	4.154766082763672
3	892	open,	12.400405883789062	13.139449119567871	6.038728713989258	6.42518424987793
3	893	and	2.109708309173584	1.8858630657196045	2.2773571014404297	2.2677862644195557
3	894	both	7.278159141540527	6.482828617095947	6.1042680740356445	6.687016010284424
3	895	eyes	7.586759567260742	6.6209211349487305	5.861630439758301	5.530207633972168
3	896	were	3.281461238861084	2.246217727661133	1.4099371433258057	1.4009730815887451
3	897	fast	9.550439834594727	8.86997127532959	11.668564796447754	11.737847328186035
3	898	asleep.	9.571948051452637	3.868992567062378	4.62576961517334	2.911391019821167
3	899	Then	4.957034587860107	4.780507564544678	4.916542053222656	5.296947956085205
3	900	the	2.0340800285339355	2.440253734588623	2.3475029468536377	2.0505714416503906
3	901	little	7.964140892028809	8.06507682800293	5.5559234619140625	5.0981221199035645
3	902	bird	8.352649688720703	6.578493118286133	5.599712371826172	5.194095134735107
3	903	guarded	12.307910919189453	12.955545425415039	12.267669677734375	12.008865356445312
3	904	by	1.4255354404449463	1.4260197877883911	2.9718055725097656	1.6207773685455322
3	905	the	1.6374341249465942	1.6843688488006592	2.1791467666625977	1.8049066066741943
3	906	owl	11.714597702026367	12.418663024902344	10.608071327209473	7.197301387786865
3	907	peeped	11.602180480957031	11.16634750366211	13.914443016052246	16.63184356689453
3	908	out,	3.8326001167297363	4.8247599601745605	4.17280387878418	4.127847671508789
3	909	and	2.0328376293182373	1.652141809463501	1.6260699033737183	1.6236927509307861
3	910	when	6.609643936157227	4.6070380210876465	4.026325702667236	4.71498966217041
3	911	he	2.4143896102905273	2.4312126636505127	1.92002534866333	1.7724188566207886
3	912	saw	5.216171741485596	3.645526885986328	3.6047019958496094	3.464522361755371
3	913	the	1.7942062616348267	1.7691984176635742	1.4570001363754272	1.5478401184082031
3	914	owl's	13.902139663696289	12.461281776428223	12.805009841918945	13.144083023071289
3	915	two	7.558660507202148	7.394643306732178	7.444064140319824	7.145960807800293
3	916	eyes	7.958169937133789	1.8526015281677246	1.624530553817749	1.5567600727081299
3	917	tight	8.01344108581543	11.365654945373535	9.691067695617676	10.071369171142578
3	918	shut,	10.175350189208984	1.987968921661377	2.0725133419036865	1.3790364265441895
3	919	he	4.214144229888916	3.85334849357605	2.9979450702667236	3.5863707065582275
3	920	slipped	8.316408157348633	6.997720241546631	5.91917085647583	6.456172943115234
3	921	from	3.7034096717834473	3.762239456176758	4.0336408615112305	4.42057466506958
3	922	the	1.3691444396972656	1.4459803104400635	1.2708446979522705	0.8833012580871582
3	923	hole	9.549248695373535	9.726893424987793	8.108304023742676	7.9251933097839355
3	924	and	2.658653974533081	2.987229347229004	2.404855489730835	1.4685574769973755
3	925	flew	10.877429008483887	9.626972198486328	8.575410842895508	7.357325553894043
3	926	away.	5.058921813964844	4.125105857849121	4.041105270385742	3.987133502960205
3	927	He	2.948707103729248	2.8940913677215576	3.0407392978668213	3.0765392780303955
3	928	wanted	5.223974227905273	4.87591552734375	5.255838394165039	5.400681018829346
3	929	to	0.5574467182159424	0.4864993095397949	0.3594872057437897	0.28159797191619873
3	930	shout,	12.402002334594727	9.81930923461914	8.305806159973145	6.604880332946777
3	931	'I	6.588162899017334	5.4150190353393555	5.336159706115723	5.4186811447143555
3	932	am	2.6581735610961914	1.873435139656067	1.915578007698059	2.308253049850464
3	933	king'	17.053258895874023	12.6487398147583	10.152572631835938	10.160710334777832
3	934	so	5.4760284423828125	5.830141067504883	6.139314651489258	5.108020305633545
3	935	that	2.5636909008026123	1.7361394166946411	2.127495050430298	1.6742949485778809
3	936	the	2.0494112968444824	1.5547603368759155	1.995843768119812	2.0669026374816895
3	937	owl	11.714597702026367	11.656830787658691	11.316741943359375	10.812612533569336
3	938	could	6.113044738769531	5.53233003616333	4.305784225463867	2.4548470973968506
3	939	hear	5.190528869628906	4.576765060424805	4.207133769989014	3.7726457118988037
3	940	him	3.554563283920288	3.327699899673462	3.500507116317749	3.5167107582092285
3	941	as	3.672304153442383	4.7744975090026855	4.665360450744629	4.366477966308594
3	942	he	3.8243770599365234	2.2716660499572754	0.8273571729660034	1.0611779689788818
3	943	flew,	12.704313278198242	9.84869384765625	9.824469566345215	10.990886688232422
3	944	but	2.907482862472534	3.329586982727051	3.5334975719451904	2.9875612258911133
3	945	thought	8.359827041625977	8.212312698364258	7.864238739013672	7.769987106323242
3	946	better	7.763264179229736	3.553854465484619	2.5420491695404053	3.069519281387329
3	947	of	5.148916721343994	0.1804003268480301	0.07139798998832703	0.053424954414367676
3	948	it.	7.549840927124023	3.3663434982299805	1.676726222038269	1.4056422710418701
3	949	From	6.325485706329346	6.247143745422363	6.419318675994873	6.776833534240723
3	950	this	3.0934898853302	3.277097225189209	3.391359329223633	3.4239706993103027
3	951	time	4.76248836517334	4.793194770812988	4.013019561767578	3.7547168731689453
3	952	on,	10.281332015991211	9.117776870727539	1.6150035858154297	1.5530916452407837
3	953	the	3.162660837173462	2.3793656826019287	2.1371705532073975	1.5886973142623901
3	954	owl	11.714597702026367	10.635406494140625	10.324262619018555	10.692028045654297
3	955	fooled	13.342385292053223	12.73995304107666	12.011979103088379	12.363212585449219
3	956	by	1.4723416566848755	2.1551167964935303	2.121692657470703	4.237278938293457
3	957	the	1.6374341249465942	1.1347185373306274	1.4965811967849731	0.8111491799354553
3	958	little	7.964140892028809	8.470155715942383	6.6609063148498535	6.042614936828613
3	959	bird	8.352649688720703	6.578493118286133	6.919502258300781	6.93580436706543
3	960	has	4.748858451843262	4.389632225036621	4.398094177246094	6.286807060241699
3	961	not	3.4966819286346436	4.00214958190918	4.299331188201904	3.9287688732147217
3	962	dared	11.818851470947266	9.404332160949707	7.256089210510254	6.522377014160156
3	963	to	0.9989053010940552	0.4940231740474701	0.3816138505935669	0.4189332127571106
3	964	show	5.674650192260742	4.663974761962891	4.442724227905273	4.226081848144531
3	965	himself	7.295466423034668	7.036175727844238	4.446896553039551	3.4562931060791016
3	966	by	4.762704372406006	4.868274688720703	5.254209518432617	5.092304229736328
3	967	day	8.352484703063965	8.12720012664795	5.216865539550781	5.222438812255859
3	968	for	3.6129848957061768	4.2022905349731445	4.240070343017578	4.8776326179504395
3	969	fear	8.001810073852539	7.659928798675537	6.317529201507568	5.387609958648682
3	970	the	3.612820863723755	3.8018057346343994	3.6077780723571777	3.5517313480377197
3	971	birds	9.725494384765625	8.931411743164062	7.155823230743408	7.144301891326904
3	972	should	6.714241981506348	6.539684295654297	6.814353942871094	4.589877128601074
3	973	beat	9.40475082397461	8.043768882751465	8.690933227539062	7.560084342956543
3	974	the	2.0513041019439697	1.8054187297821045	2.2934465408325195	1.466940999031067
3	975	living	8.48631763458252	5.339669227600098	4.245673179626465	6.293885707855225
3	976	daylights	9.277286529541016	5.770553112030029	1.652438998222351	1.6538766622543335
3	977	out	1.8829951286315918	0.7223314046859741	0.027091527357697487	0.020092174410820007
3	978	of	1.5602710247039795	2.9694905281066895	0.9519134163856506	0.01915067434310913
3	979	him.	8.455453872680664	6.96500301361084	4.540656089782715	3.7605743408203125
3	980	He	2.0116586685180664	2.14548397064209	1.9357503652572632	2.042788505554199
3	981	flies	11.232916831970215	10.250997543334961	10.152932167053223	10.013031005859375
3	982	about	6.342443943023682	5.240642547607422	5.595144748687744	5.224313735961914
3	983	only	8.479399681091309	6.783531188964844	7.685258865356445	7.715514659881592
3	984	at	5.180727958679199	6.903352737426758	3.1243326663970947	2.6735143661499023
3	985	nighttime,	11.725483894348145	9.514596939086914	8.995049476623535	7.7987895011901855
3	986	hating	12.198437690734863	12.524375915527344	13.19461441040039	12.36681842803955
3	987	and	4.102621078491211	4.211560249328613	3.985149383544922	4.144530773162842
3	988	pursuing	11.161693572998047	7.937565326690674	8.115933418273926	7.997951984405518
3	989	not	8.155396461486816	8.203375816345215	7.638845443725586	7.597475528717041
3	990	the	3.7449686527252197	3.429222822189331	2.8978536128997803	2.279400110244751
3	991	bird,	11.624720573425293	12.249734878540039	11.588786125183105	11.721997261047363
3	992	but	3.3486249446868896	2.9589648246765137	1.150762915611267	0.316895991563797
3	993	the	2.655514717102051	2.5770602226257324	2.339007616043091	0.676857590675354
3	994	mouse	8.79736042022705	8.80581283569336	8.171207427978516	7.552694797515869
3	995	for	5.661507606506348	5.205739974975586	7.012174606323242	6.8649373054504395
3	996	having	7.225642204284668	7.646246433258057	7.5624589920043945	6.8999505043029785
3	997	made	6.224061965942383	4.454420566558838	5.438139915466309	4.865856647491455
3	998	the	2.9371771812438965	1.9879300594329834	1.6847161054611206	1.779911756515503
3	999	hole	9.549248695373535	7.808341026306152	8.677689552307129	9.3115873336792
3	1000	into	5.927983283996582	5.160578727722168	5.293746471405029	5.187652587890625
3	1001	which	6.021917819976807	2.476670026779175	1.6804248094558716	2.159390926361084
3	1002	the	2.954012155532837	1.2198456525802612	1.0078710317611694	0.8464561700820923
3	1003	little	7.964140892028809	8.471155166625977	8.108396530151367	7.8917236328125
3	1004	bird	8.352649688720703	6.578493118286133	5.594290733337402	5.663844108581543
3	1005	crept.	15.575328826904297	16.15660858154297	14.389039993286133	10.647741317749023
3	1006	And	4.143548488616943	3.8117876052856445	3.2507123947143555	3.4872186183929443
3	1007	the	2.7656004428863525	2.4687914848327637	2.0468173027038574	2.1763086318969727
3	1008	little	7.964140892028809	6.406857013702393	5.541420936584473	4.194952487945557
3	1009	bird	8.352649688720703	6.578493118286133	5.687232494354248	4.924901008605957
3	1010	also	6.694515228271484	7.933730602264404	8.135982513427734	7.042200088500977
3	1011	keeps	9.16490650177002	6.70426607131958	7.092418670654297	7.341060638427734
3	1012	out	6.785654544830322	6.195505619049072	5.820489883422852	5.829955101013184
3	1013	of	1.5602710247039795	2.4784274101257324	3.8468685150146484	2.73346209526062
3	1014	sight,	10.785447120666504	6.245143413543701	3.612995147705078	3.576744556427002
3	1015	for	4.94805383682251	4.878307342529297	4.583011150360107	4.398079872131348
3	1016	he	7.538321018218994	3.1494455337524414	3.7321879863739014	3.2917237281799316
3	1017	fears	9.841039657592773	8.721925735473633	8.7156400680542	8.141802787780762
3	1018	that	2.4102108478546143	2.1248202323913574	1.795271635055542	1.6337487697601318
3	1019	the	2.0494112968444824	1.6037628650665283	1.6843671798706055	1.9356858730316162
3	1020	other	5.352060317993164	6.2154860496521	6.76756477355957	6.033180236816406
3	1021	birds	8.963504791259766	10.123260498046875	9.438726425170898	8.703028678894043
3	1022	should	6.714241981506348	6.44785213470459	7.079542636871338	5.490318298339844
3	1023	punish	9.664945602416992	11.664514541625977	11.798500061035156	10.627184867858887
3	1024	him	2.6076762676239014	3.059846878051758	3.247554302215576	2.9849445819854736
3	1025	for	3.7162935733795166	0.9100125432014465	0.8481760025024414	0.6554418802261353
3	1026	his	4.556158542633057	2.385592460632324	1.7509610652923584	1.618269443511963
3	1027	cunning.	14.11970329284668	12.133382797241211	10.020343780517578	10.755596160888672
3	1028	The	2.6433141231536865	2.7410502433776855	2.7420945167541504	2.878499746322632
3	1029	rejection	10.935079574584961	10.811161994934082	11.008475303649902	11.059985160827637
3	1030	by	4.144857406616211	4.457966327667236	3.9937148094177246	3.9720520973205566
3	1031	the	1.6374341249465942	1.211756944656372	0.8557699918746948	1.1708728075027466
3	1032	other	5.352060317993164	6.093728542327881	5.528911590576172	6.14056396484375
3	1033	birds	8.963504791259766	10.123260498046875	9.904487609863281	8.68429946899414
3	1034	was	4.773735046386719	5.30568790435791	5.576055526733398	5.385898590087891
3	1035	a	2.6166157722473145	3.407121419906616	3.353468656539917	2.8494009971618652
3	1036	bitter	9.233518600463867	8.002971649169922	8.338947296142578	8.705782890319824
3	1037	pill	8.181493759155273	3.5677783489227295	2.3888792991638184	2.131425142288208
3	1038	to	2.615640163421631	0.9106521606445312	0.5891809463500977	0.39934536814689636
3	1039	swallow	10.501617431640625	7.077723503112793	1.1371046304702759	1.2510944604873657
3	1040	for	5.46701192855835	6.028045177459717	3.6834003925323486	1.519519567489624
3	1041	the	1.8431031703948975	1.931624174118042	1.9561997652053833	1.9277195930480957
3	1042	nameless	11.811360359191895	12.622299194335938	11.528169631958008	11.76165771484375
3	1043	bird	8.178411483764648	7.841522216796875	8.166481018066406	7.22502326965332
3	1044	the	5.477537155151367	5.2762885093688965	5.4064788818359375	5.265830993652344
3	1045	owl	11.714597702026367	8.064952850341797	7.520153999328613	7.227896690368652
3	1046	had	4.990840911865234	4.5541887283325195	4.272143363952637	3.1729774475097656
3	1047	let	8.4724760055542	6.951153755187988	6.8088908195495605	7.0365495681762695
3	1048	slip	9.180171012878418	4.673525810241699	4.478724956512451	4.240373611450195
3	1049	away.	4.587670803070068	6.9077277183532715	6.928693771362305	6.714996337890625
3	1050	He	2.948707103729248	3.101505994796753	3.1375465393066406	2.4345345497131348
3	1051	hides	10.864889144897461	9.846083641052246	9.70898723602295	9.73498249053955
3	1052	in	2.7626113891601562	2.3247594833374023	1.8524068593978882	1.7490270137786865
3	1053	the	1.3686838150024414	1.0914801359176636	0.845878005027771	0.7916057705879211
3	1054	hedges,	14.805803298950195	13.894100189208984	9.478610038757324	10.059102058410645
3	1055	and	1.688331961631775	1.6448407173156738	1.7074177265167236	1.679943561553955
3	1056	when	6.609643936157227	5.981271743774414	4.6781907081604	4.634366989135742
3	1057	he	2.4143896102905273	2.4312126636505127	2.3345181941986084	1.839909315109253
3	1058	thinks	6.079642295837402	6.576301097869873	6.461537837982178	6.673367977142334
3	1059	himself	7.475038528442383	6.6851806640625	5.944075584411621	6.073670387268066
3	1060	quite	7.610805988311768	4.949849605560303	5.220179557800293	5.576892852783203
3	1061	safe,	9.48955249786377	8.285699844360352	5.287858963012695	4.92606782913208
3	1062	he	4.989609718322754	4.405010223388672	3.0140302181243896	3.2944774627685547
3	1063	sings	9.633203506469727	10.024125099182129	9.934144020080566	10.0579195022583
3	1064	out,	6.714863300323486	7.007740020751953	5.925741195678711	5.622826099395752
3	1065	'I	8.237689971923828	5.62692928314209	5.3428955078125	5.0141448974609375
3	1066	am	2.6581735610961914	2.5957324504852295	1.7017258405685425	1.991031289100647
3	1067	king,	13.026908874511719	10.155107498168945	9.366569519042969	8.456328392028809
3	1068	I	4.892200469970703	2.0434389114379883	1.8930308818817139	1.4851431846618652
3	1069	am	2.829646348953247	2.7631847858428955	1.5281811952590942	0.41095465421676636
3	1070	king!'	16.6251163482666	15.149168968200684	9.39582347869873	5.75478458404541
3	1071	And	4.146658897399902	3.8202733993530273	3.3568849563598633	2.9160327911376953
3	1072	the	2.7656004428863525	2.1270594596862793	2.220892906188965	2.2866501808166504
3	1073	other	5.352060317993164	4.433083534240723	4.567840099334717	4.578446865081787
3	1074	birds	8.963504791259766	10.123260498046875	9.071911811828613	7.766965866088867
3	1075	in	2.785676956176758	2.8066070079803467	2.378067970275879	3.4345433712005615
3	1076	mockery	13.517659187316895	13.954330444335938	14.316450119018555	13.865798950195312
3	1077	call	10.149273872375488	9.926799774169922	9.008936882019043	9.488773345947266
3	1078	out,	7.688716411590576	6.3573198318481445	5.93046236038208	3.5963406562805176
3	1079	'Yes,	11.383973121643066	9.48779010772705	10.451509475708008	8.73532772064209
3	1080	yes,	4.414083003997803	3.4760851860046387	3.15627384185791	3.1162502765655518
3	1081	the	3.109513521194458	4.3360748291015625	4.0773773193359375	4.093290328979492
3	1082	hedge-king,	25.28959083557129	24.716251373291016	23.613208770751953	24.15790557861328
3	1083	the	2.894315004348755	2.9027507305145264	1.9171757698059082	1.3316497802734375
3	1084	hedge-king!'	31.977893829345703	14.301376342773438	12.664595603942871	9.264938354492188
4	0	At	6.771308898925781	6.771308898925781	6.771308898925781	6.771308898925781
4	1	ten	8.95775032043457	8.95775032043457	8.95775032043457	8.95775032043457
4	2	years	2.2344682216644287	2.882094383239746	2.882094383239746	2.882094383239746
4	3	old,	4.07796049118042	3.9530587196350098	1.2159548997879028	1.2159548997879028
4	4	I	3.5040910243988037	3.344989538192749	2.854393482208252	2.00966215133667
4	5	could	4.577107906341553	4.392065048217773	4.664226531982422	4.389410018920898
4	6	not	2.338412284851074	2.2779717445373535	2.3217506408691406	2.0048794746398926
4	7	figure	9.533447265625	6.5583906173706055	5.400832176208496	5.833776950836182
4	8	out	1.4751135110855103	1.1668963432312012	0.1949818730354309	0.24379505217075348
4	9	what	4.972340106964111	1.6230905055999756	1.960138201713562	1.627471923828125
4	10	it	3.4937870502471924	3.065967559814453	3.0248799324035645	3.114070415496826
4	11	was	2.4596688747406006	2.4693384170532227	2.086118698120117	2.2375969886779785
4	12	that	5.175118923187256	4.769853591918945	2.288606643676758	1.8399711847305298
4	13	this	4.557965278625488	4.303839206695557	4.725625038146973	5.834064960479736
4	14	Elvis	14.427072525024414	15.339922904968262	13.383960723876953	12.667671203613281
4	15	Presley	3.2412467002868652	1.8751399517059326	2.089292526245117	2.079921245574951
4	16	guy	10.707539558410645	11.605467796325684	10.070070266723633	5.227502346038818
4	17	had	4.986822128295898	3.8149499893188477	4.284696102142334	4.278646469116211
4	18	that	6.264204978942871	5.256439685821533	5.574708938598633	5.101560592651367
4	19	the	2.0494112968444824	5.180745601654053	5.529760837554932	6.482081413269043
4	20	rest	7.084926128387451	7.712259292602539	7.114353179931641	5.72061014175415
4	21	of	0.6164605617523193	0.14398251473903656	0.12034374475479126	0.16251710057258606
4	22	us	6.566776275634766	3.4045209884643555	3.3445465564727783	2.430607795715332
4	23	boys	11.029329299926758	9.225848197937012	9.417312622070312	9.712812423706055
4	24	did	5.704533576965332	5.0611748695373535	5.2357378005981445	5.658594131469727
4	25	not	0.7211931943893433	1.2129203081130981	2.1375091075897217	1.7702553272247314
4	26	have.	9.491174697875977	9.57787036895752	7.655888080596924	6.40762996673584
4	27	He	3.981555700302124	3.562814712524414	2.965574264526367	3.240633487701416
4	28	seemed	6.628978729248047	5.6580328941345215	5.880546569824219	5.472437858581543
4	29	to	0.7805615067481995	0.7232465744018555	0.7695857286453247	0.7340918183326721
4	30	be	3.0100271701812744	1.2302030324935913	1.1214451789855957	1.263883113861084
4	31	no	5.5340375900268555	6.271991729736328	5.028223037719727	6.929452896118164
4	32	different	6.878542900085449	6.510827541351318	6.043247699737549	6.753268718719482
4	33	from	2.888857841491699	1.1120455265045166	1.7359943389892578	1.2558538913726807
4	34	the	1.3691444396972656	1.2247604131698608	1.6501414775848389	1.4503029584884644
4	35	rest	7.084926128387451	6.062325954437256	4.401043891906738	3.6691482067108154
4	36	of	0.6164605617523193	0.14398251473903656	0.08122928440570831	0.16107401251792908
4	37	us.	9.065998077392578	4.865967273712158	4.5511250495910645	5.177313804626465
4	38	He	3.690919876098633	3.4935221672058105	3.2811641693115234	3.042699098587036
4	39	was	2.231938362121582	2.0425801277160645	1.854239821434021	1.8549834489822388
4	40	simply	7.514452934265137	7.568688869476318	6.796051979064941	6.7705488204956055
4	41	a	3.6301543712615967	1.997990608215332	2.3469247817993164	2.251969337463379
4	42	man	6.000540733337402	6.54941987991333	5.481632232666016	2.573805332183838
4	43	who	2.1632485389709473	1.669127106666565	1.3009271621704102	1.169630527496338
4	44	had	3.1637158393859863	2.225400686264038	2.238731861114502	2.4846372604370117
4	45	a	2.2275938987731934	3.1290600299835205	3.3985300064086914	3.136115550994873
4	46	head,	10.906360626220703	11.805493354797363	12.020090103149414	10.993111610412598
4	47	two	7.164895057678223	5.724403381347656	4.738107681274414	4.696885108947754
4	48	arms	7.7924041748046875	4.434670448303223	2.8009259700775146	1.7945830821990967
4	49	and	1.5657325983047485	2.565868377685547	0.21072226762771606	0.14185023307800293
4	50	two	6.924290657043457	6.883232116699219	3.2792646884918213	0.5577877163887024
4	51	legs.	9.723786354064941	8.922344207763672	3.678351402282715	2.1372780799865723
4	52	It	3.497572898864746	3.4065439701080322	2.9645566940307617	2.9179489612579346
4	53	must	5.4589385986328125	5.328297138214111	5.171979904174805	5.5478315353393555
4	54	have	2.3231310844421387	2.0385420322418213	1.1109970808029175	1.7519891262054443
4	55	been	2.3439230918884277	1.3498390913009644	0.3808174133300781	0.46230632066726685
4	56	something	7.381725788116455	8.23013687133789	4.708176136016846	3.944106340408325
4	57	pretty	7.18791389465332	6.889385223388672	7.201892375946045	4.927053451538086
4	58	superlative	14.935417175292969	13.401134490966797	13.004569053649902	12.659158706665039
4	59	that	4.6590142250061035	4.198094844818115	3.9098925590515137	3.880457878112793
4	60	he	3.27907657623291	3.4239063262939453	3.5629055500030518	3.8607120513916016
4	61	had	2.924950361251831	2.037856340408325	2.350564956665039	2.7969167232513428
4	62	hidden	9.103416442871094	7.916317939758301	7.694332122802734	9.324860572814941
4	63	away,	6.57972526550293	6.795444488525391	6.199740409851074	7.121642112731934
4	64	because	5.584870338439941	5.439578056335449	5.146668434143066	4.934869766235352
4	65	he	2.7006382942199707	2.910989284515381	3.1372320652008057	2.0688278675079346
4	66	had	2.924950361251831	2.3255317211151123	2.367488145828247	2.4451940059661865
4	67	every	7.87008810043335	7.008393287658691	8.07129955291748	7.580355644226074
4	68	young	7.849961757659912	7.944910049438477	9.177298545837402	9.046066284179688
4	69	girl	3.99214506149292	2.797699451446533	3.2188587188720703	3.6122093200683594
4	70	at	4.04857063293457	4.452524662017822	4.825809001922607	4.278153419494629
4	71	the	1.4987046718597412	0.935265302658081	0.8179194331169128	1.204017996788025
4	72	orphanage	12.50639820098877	10.61054515838623	8.760784149169922	6.975684642791748
4	73	wrapped	12.217832565307617	11.413200378417969	11.109293937683105	10.22159481048584
4	74	around	1.7337183952331543	2.3178586959838867	2.6809964179992676	3.290689468383789
4	75	his	3.8977835178375244	2.474677085876465	2.885305881500244	2.8187079429626465
4	76	little	6.698856830596924	6.424772262573242	5.687839031219482	4.8425421714782715
4	77	finger.	10.305549621582031	5.8542914390563965	2.936418294906616	1.5799546241760254
4	78	At	5.18296480178833	5.018621444702148	5.0356340408325195	4.985445976257324
4	79	about	5.909235000610352	5.192914962768555	5.012145042419434	5.330339431762695
4	80	nine	8.151772499084473	5.998223781585693	5.942830562591553	5.337280750274658
4	81	o'clock	7.995084762573242	2.684784412384033	1.0877084732055664	1.189101219177246
4	82	on	2.3346643447875977	2.5893263816833496	2.706547260284424	2.4718379974365234
4	83	Saturday	6.499090671539307	2.7632393836975098	2.9387366771698	2.880082607269287
4	84	morning,	3.969682455062866	3.881260395050049	2.2765891551971436	1.8224093914031982
4	85	I	2.898702383041382	3.2819600105285645	3.424448251724243	2.983187198638916
4	86	figured	7.476229667663574	6.838381290435791	6.686713218688965	6.2924299240112305
4	87	a	4.890397548675537	4.697607040405273	4.813938140869141	4.4392805099487305
4	88	good	5.24064826965332	3.446420669555664	3.274041175842285	3.0605764389038086
4	89	solution	6.885476589202881	5.657702445983887	5.495746612548828	5.159698486328125
4	90	was	3.3496639728546143	5.535179138183594	6.354693412780762	2.5188045501708984
4	91	to	4.248964786529541	3.193908452987671	0.8375251293182373	1.4533727169036865
4	92	ask	6.984755992889404	5.470277786254883	5.636218070983887	5.686387538909912
4	93	Eugene	13.4315185546875	11.949058532714844	10.967423439025879	10.404024124145508
4	94	Correthers,	25.468917846679688	25.947389602661133	24.759225845336914	23.229217529296875
4	95	who	3.550157308578491	2.7177045345306396	2.2873029708862305	2.093547821044922
4	96	was	3.2742245197296143	2.4909238815307617	1.9485536813735962	1.9726048707962036
4	97	one	5.152233600616455	4.865717887878418	4.432458877563477	4.438122749328613
4	98	of	1.3370164632797241	0.3030455708503723	0.062074702233076096	0.06728309392929077
4	99	the	1.4737688302993774	0.554715633392334	0.4768620729446411	0.445608526468277
4	100	older	8.098968505859375	8.623319625854492	7.521992206573486	7.451128005981445
4	101	and	3.221259593963623	4.276241302490234	4.1021013259887695	4.120612621307373
4	102	smarter	11.920614242553711	7.676795482635498	6.633520126342773	6.820682525634766
4	103	boys,	11.20706844329834	11.491739273071289	9.512565612792969	8.782649040222168
4	104	what	6.33892822265625	6.372507095336914	6.736108779907227	6.768891334533691
4	105	it	3.4937870502471924	5.284302711486816	5.407258033752441	5.076351165771484
4	106	was	2.4596688747406006	2.4693384170532227	2.0341784954071045	2.5632219314575195
4	107	that	5.175118923187256	4.769853591918945	2.288606643676758	2.4813036918640137
4	108	made	7.1150312423706055	7.809929847717285	5.647742748260498	2.6784722805023193
4	109	this	4.965387344360352	3.864189624786377	4.289219856262207	4.406192779541016
4	110	Elvis	14.427072525024414	14.259135246276855	14.050301551818848	13.957643508911133
4	111	guy	9.518925666809082	6.939776420593262	6.327047348022461	5.110884189605713
4	112	so	6.198431968688965	6.232658386230469	5.880441188812256	2.919069766998291
4	113	special.	10.019787788391113	9.439321517944336	10.811098098754883	9.817831039428711
4	114	He	3.592641830444336	3.602626323699951	2.222871780395508	2.162155866622925
4	115	told	5.291478633880615	4.408259391784668	4.61048698425293	5.056991100311279
4	116	me	2.1971774101257324	1.3133623600006104	0.8931820392608643	0.5290728807449341
4	117	that	3.40504789352417	1.4301799535751343	1.2394376993179321	1.3746658563613892
4	118	it	3.832268238067627	3.3382821083068848	3.2196524143218994	3.4732627868652344
4	119	was	2.4596688747406006	1.7996422052383423	1.0968446731567383	0.7474715709686279
4	120	not	3.2028963565826416	2.944957971572876	2.490077018737793	3.128666639328003
4	121	anything	8.244516372680664	8.009942054748535	8.569389343261719	8.93485164642334
4	122	about	2.1597490310668945	4.07198429107666	4.396154403686523	4.372892379760742
4	123	Elvis's	15.48398494720459	13.52933120727539	14.198899269104004	13.171699523925781
4	124	personality,	8.27054214477539	7.657773971557617	6.795123100280762	6.09523868560791
4	125	but	3.1569387912750244	2.871981620788574	2.8861446380615234	2.3752570152282715
4	126	his	5.026232719421387	4.042987823486328	3.4884161949157715	3.6322021484375
4	127	wavy	11.248653411865234	11.608627319335938	11.890135765075684	10.997920989990234
4	128	hair,	3.1212053298950195	2.4879612922668457	2.983781337738037	2.3416385650634766
4	129	and	1.7452720403671265	1.7590521574020386	1.7548675537109375	3.715771198272705
4	130	the	2.795388698577881	2.526714563369751	2.8812735080718994	2.383462905883789
4	131	way	6.139243125915527	6.219552993774414	4.393641948699951	3.641166925430298
4	132	he	3.910290479660034	3.2199432849884033	2.6349451541900635	1.7286754846572876
4	133	moved	6.315417289733887	6.1887335777282715	6.160519123077393	5.581704139709473
4	134	his	4.505924224853516	3.553328037261963	2.084057092666626	1.7616935968399048
4	135	body.	7.332342147827148	7.509925842285156	7.781493186950684	4.3515472412109375
4	136	About	8.429132461547852	8.179641723632812	8.509380340576172	8.653782844543457
4	137	a	3.971534252166748	2.5838637351989746	2.199190139770508	2.1472432613372803
4	138	half	7.431922435760498	3.580413579940796	3.2390356063842773	3.323943853378296
4	139	an	4.266883850097656	4.225314140319824	2.370790719985962	2.0263326168060303
4	140	hour	5.151605606079102	0.5581145286560059	0.49803686141967773	0.17993053793907166
4	141	later,	4.184183120727539	3.4684464931488037	3.0801360607147217	3.1186158657073975
4	142	the	2.1734778881073	2.010561227798462	2.044738531112671	2.0363779067993164
4	143	boys	9.05226993560791	7.003737449645996	6.524192810058594	6.5808024406433105
4	144	in	3.111876964569092	3.08528995513916	4.09899377822876	4.368206024169922
4	145	the	1.3686838150024414	1.2588684558868408	0.9921896457672119	0.8438953161239624
4	146	orphanage	12.50639820098877	12.631938934326172	9.311735153198242	7.855802536010742
4	147	called	5.500209808349609	5.919584274291992	6.125236511230469	5.476298809051514
4	148	down	7.228186130523682	11.157130241394043	8.35361099243164	8.272903442382812
4	149	to	2.0162200927734375	1.694534420967102	1.9688044786453247	1.3114755153656006
4	150	the	2.180013418197632	1.1541640758514404	1.0119056701660156	1.1469144821166992
4	151	main	6.709332466125488	6.437284469604492	5.811317443847656	4.874789714813232
4	152	dining	9.038973808288574	7.270392894744873	6.811069488525391	5.267309188842773
4	153	room	1.6115665435791016	1.114538311958313	1.1174044609069824	1.2290387153625488
4	154	by	5.896471977233887	5.16435432434082	5.882599830627441	5.344459056854248
4	155	the	1.6374341249465942	1.323958158493042	0.8119261860847473	1.019240379333496
4	156	matron	14.375245094299316	14.0104341506958	12.974504470825195	14.567988395690918
4	157	were	5.909084320068359	5.29087495803833	5.323586463928223	5.260068893432617
4	158	told	7.30337381362915	6.205830097198486	6.449386119842529	7.246493816375732
4	159	that	3.871431350708008	1.560136079788208	1.7650150060653687	1.5382421016693115
4	160	they	4.103673934936523	3.0203018188476562	2.1524651050567627	2.079163074493408
4	161	were	2.7650744915008545	2.2797391414642334	1.5977983474731445	1.498314619064331
4	162	all	5.08637809753418	4.003396034240723	4.225276947021484	4.9246826171875
4	163	going	7.840144634246826	5.5160369873046875	4.472323894500732	3.733214855194092
4	164	to	0.5377582311630249	0.5740177631378174	0.3411281704902649	0.23603734374046326
4	165	downtown	12.15156078338623	11.756808280944824	11.47667121887207	11.51820182800293
4	166	Jacksonville,	10.982251167297363	7.697124481201172	7.741579055786133	8.203564643859863
4	167	Florida	2.8613672256469727	2.2605509757995605	4.084808826446533	3.3419740200042725
4	168	to	3.5589964389801025	3.127455949783325	3.152738094329834	2.6275525093078613
4	169	get	4.580440998077393	4.084110260009766	4.888422966003418	4.807149410247803
4	170	a	2.4324262142181396	2.429647445678711	2.005173683166504	1.9727052450180054
4	171	new	5.073894500732422	3.99349045753479	3.9109084606170654	3.5308773517608643
4	172	pair	10.417866706848145	6.796924114227295	4.875791549682617	4.9349164962768555
4	173	of	0.6433783769607544	0.2718649208545685	0.11290592700242996	0.18134193122386932
4	174	Buster	14.523514747619629	14.474566459655762	12.910244941711426	12.177253723144531
4	175	Brown	4.299428939819336	4.908330917358398	2.768301486968994	1.2461334466934204
4	176	shoes	10.62532901763916	8.731974601745605	7.803084850311279	2.316643238067627
4	177	and	1.637196660041809	1.9027410745620728	1.8622559309005737	1.7827575206756592
4	178	a	3.878800868988037	2.7040717601776123	2.1010279655456543	1.7613767385482788
4	179	haircut.	13.239629745483398	11.90708065032959	8.393630027770996	9.151086807250977
4	180	That	4.8772807121276855	4.83206844329834	4.851661682128906	4.811263561248779
4	181	is	2.1145408153533936	2.535757303237915	2.169527292251587	2.2539713382720947
4	182	when	7.5835676193237305	4.879508018493652	4.2490034103393555	4.392880439758301
4	183	I	2.839387893676758	2.5936074256896973	1.9017218351364136	1.2688915729522705
4	184	got	4.876736640930176	3.6956748962402344	3.8861801624298096	3.5570144653320312
4	185	this	4.68062162399292	3.5870635509490967	5.020403861999512	3.9464306831359863
4	186	big	8.067145347595215	5.837226390838623	6.466747283935547	6.687723159790039
4	187	idea,	8.03986930847168	7.8223876953125	6.207052230834961	6.3317766189575195
4	188	which	3.702441453933716	3.6871113777160645	3.457171678543091	3.751664161682129
4	189	hit	9.832544326782227	9.38841724395752	9.296189308166504	8.760766983032227
4	190	me	3.6066579818725586	3.713871717453003	2.1663808822631836	1.2515696287155151
4	191	like	4.996549129486084	3.5009267330169678	1.7719565629959106	1.9225057363510132
4	192	a	1.9204113483428955	1.5264860391616821	0.37451887130737305	0.14773206412792206
4	193	ton	8.515959739685059	7.264915943145752	6.693360328674316	1.7805631160736084
4	194	of	0.5689102411270142	0.08904600143432617	0.050950467586517334	0.02161267399787903
4	195	bricks.	14.547601699829102	10.320480346679688	10.408323287963867	1.3515503406524658
4	196	If	4.675842761993408	4.775043964385986	3.821861743927002	4.017655849456787
4	197	the	2.1404013633728027	1.996139407157898	1.9761717319488525	2.7343947887420654
4	198	Elvis	13.009246826171875	13.943495750427246	14.68880558013916	14.664226531982422
4	199	haircut	16.106781005859375	8.728865623474121	8.399025917053223	7.75445556640625
4	200	was	3.68208646774292	2.5531272888183594	2.844013214111328	1.5745261907577515
4	201	the	3.2400004863739014	3.0642893314361572	3.0743820667266846	2.851205825805664
4	202	big	7.879308700561523	6.524028778076172	5.9767069816589355	6.033251762390137
4	203	secret,	10.333623886108398	8.192296981811523	6.917870044708252	7.037344932556152
4	204	then	5.087442398071289	4.934021472930908	4.996584892272949	5.336513519287109
4	205	Elvis's	16.335620880126953	15.140083312988281	14.647256851196289	14.637812614440918
4	206	haircut	9.19848346710205	9.117376327514648	9.368406295776367	9.19394302368164
4	207	I	4.896636009216309	5.9975762367248535	7.145477771759033	9.765378952026367
4	208	was	3.1336679458618164	2.819291830062866	2.643545627593994	2.6747920513153076
4	209	going	4.63856315612793	3.5359644889831543	2.3688244819641113	3.5713891983032227
4	210	to	0.5377582311630249	0.3263823688030243	0.20136742293834686	0.5887607336044312
4	211	get.	10.971770286560059	8.260885238647461	7.7664666175842285	7.463357925415039
4	212	I	2.676809787750244	2.7050416469573975	2.464198589324951	2.1790738105773926
4	213	was	3.1336679458618164	2.9852092266082764	2.91343092918396	2.7791826725006104
4	214	going	4.63856315612793	3.5359644889831543	4.0374555587768555	4.011077880859375
4	215	to	0.5377582311630249	0.3263823688030243	0.20136742293834686	0.17201319336891174
4	216	have	4.3862786293029785	3.0375025272369385	3.2933719158172607	3.01659893989563
4	217	my	5.825132369995117	5.332391738891602	5.071671485900879	5.047140121459961
4	218	day	7.148293495178223	7.076797008514404	6.741799354553223	6.1022114753723145
4	219	in	3.1873044967651367	3.460143566131592	1.0990532636642456	0.8501902222633362
4	220	the	1.3686838150024414	1.209477424621582	1.3301328420639038	3.095694065093994
4	221	sun,	9.602347373962402	8.63579273223877	6.407264709472656	4.662684440612793
4	222	and	1.9773731231689453	1.851190209388733	1.9770636558532715	2.0179667472839355
4	223	all	5.88937520980835	5.023041248321533	4.96631383895874	5.176524639129639
4	224	the	1.922678828239441	1.6835438013076782	1.1690633296966553	1.1813464164733887
4	225	way	6.139243125915527	2.7961416244506836	3.429187059402466	4.352166175842285
4	226	to	1.2989118099212646	1.9980220794677734	1.0358002185821533	1.100452184677124
4	227	town	10.203957557678223	9.898609161376953	8.215581893920898	8.310545921325684
4	228	that	4.402619361877441	4.86993932723999	4.520083427429199	4.482320785522461
4	229	was	4.486698627471924	2.360521078109741	4.395786762237549	3.1466217041015625
4	230	all	5.965192794799805	4.860419750213623	5.681980133056641	5.184776782989502
4	231	I	5.486454010009766	2.9387879371643066	2.4875974655151367	4.998639106750488
4	232	talked	7.5982346534729	8.347846031188965	7.545100212097168	7.93946647644043
4	233	about.	4.8558526039123535	5.090766429901123	2.801562547683716	1.5415383577346802
4	234	The	2.6957743167877197	2.7712759971618652	2.915889024734497	3.0919580459594727
4	235	fact	6.116366386413574	4.85749626159668	4.54640007019043	4.32993745803833
4	236	that	0.7565444707870483	0.19668832421302795	0.4083133339881897	0.3328709006309509
4	237	I	4.11917781829834	3.9288806915283203	4.316608428955078	2.847121238708496
4	238	was	3.1336679458618164	2.61881422996521	2.083861827850342	2.116346597671509
4	239	getting	6.629345893859863	5.040721893310547	5.068202972412109	5.0739359855651855
4	240	an	4.654508590698242	5.312248706817627	4.654471397399902	4.564027786254883
4	241	Elvis	11.856724739074707	12.443685531616211	11.329916954040527	11.913382530212402
4	242	haircut,	17.13010597229004	8.588338851928711	7.104001045227051	6.240008354187012
4	243	not	5.562012195587158	5.83927059173584	5.9656524658203125	5.5320725440979
4	244	just	4.6732683181762695	3.75981068611145	4.161960601806641	3.636592388153076
4	245	the	3.579169988632202	2.3377532958984375	1.8220205307006836	1.8214080333709717
4	246	simple	8.632474899291992	6.339099407196045	6.452017784118652	6.671271324157715
4	247	fact	5.570764064788818	2.6399757862091064	2.533989667892456	3.231600761413574
4	248	that	0.7565444707870483	0.5992151498794556	0.19932863116264343	0.28672343492507935
4	249	we	4.041521072387695	3.758427381515503	3.603452205657959	3.449425220489502
4	250	were	4.171407222747803	3.5410306453704834	2.967348575592041	3.473548650741577
4	251	getting	6.965513706207275	5.114668369293213	5.099760055541992	5.156745910644531
4	252	out	4.066938877105713	3.7655751705169678	4.033919811248779	4.095213413238525
4	253	of	1.5602710247039795	0.3930080235004425	0.3839278519153595	0.26103079319000244
4	254	the	1.4737688302993774	1.1982929706573486	1.2530733346939087	1.04683518409729
4	255	orphanage,	13.778773307800293	14.130081176757812	12.000650405883789	11.709354400634766
4	256	made	7.591608047485352	7.408286094665527	7.277091979980469	7.163090705871582
4	257	me	3.962343692779541	3.244178295135498	3.143000602722168	3.264530658721924
4	258	particularly	9.504441261291504	8.38715648651123	7.95030403137207	8.155580520629883
4	259	loquacious.	17.411470413208008	13.980100631713867	11.944250106811523	12.958319664001465
4	260	I	3.041856527328491	3.001070737838745	1.5081888437271118	1.451909065246582
4	261	told	5.602111339569092	4.532865047454834	4.845641136169434	3.533047914505005
4	262	everybody,	11.371603965759277	9.597906112670898	10.747249603271484	10.571755409240723
4	263	including	2.836533546447754	3.3793749809265137	3.746119499206543	3.2954633235931396
4	264	the	1.8265353441238403	1.5309302806854248	1.3837940692901611	1.4572049379348755
4	265	orphanage	12.50639820098877	13.566360473632812	12.007009506225586	12.07828426361084
4	266	matron	11.093971252441406	9.912285804748535	11.382763862609863	8.217674255371094
4	267	I	6.795878887176514	6.3952436447143555	7.032857894897461	7.593024730682373
4	268	normally	9.428567886352539	9.480917930603027	9.667707443237305	9.458824157714844
4	269	feared,	12.174174308776855	13.119989395141602	10.163839340209961	10.160615921020508
4	270	that	3.3032031059265137	3.791442632675171	3.894578218460083	5.264982223510742
4	271	I	4.11917781829834	3.590602159500122	4.208453178405762	2.163255214691162
4	272	was	3.1336679458618164	2.61881422996521	2.296541213989258	2.1829750537872314
4	273	going	4.63856315612793	3.5359644889831543	3.0128962993621826	2.458919048309326
4	274	to	0.5377582311630249	0.3263823688030243	0.20136742293834686	0.1267259567975998
4	275	look	5.692874908447266	5.231114387512207	5.769477844238281	5.548032283782959
4	276	just	6.442183494567871	6.958343029022217	5.592308044433594	5.756847858428955
4	277	like	3.8265485763549805	0.6605788469314575	0.6552461981773376	0.4381029009819031
4	278	Elvis	11.615253448486328	10.086126327514648	10.08224868774414	10.260788917541504
4	279	Presley	3.2412467002868652	2.0319364070892334	2.002113103866577	2.410689115524292
4	280	and	2.4523098468780518	1.90273916721344	1.2437968254089355	1.6148605346679688
4	281	that	4.984804630279541	5.330886363983154	6.035630702972412	6.358055114746094
4	282	I	4.11917781829834	4.2844414710998535	4.112550735473633	3.9364099502563477
4	283	would	3.826068639755249	3.3030600547790527	2.899153470993042	2.6107535362243652
4	284	learn	7.435193061828613	7.386837482452393	6.1675848960876465	5.987574100494385
4	285	to	2.574096202850342	1.8009932041168213	1.9249573945999146	1.7821667194366455
4	286	move	6.385398864746094	5.700265884399414	5.9397382736206055	5.994366645812988
4	287	around	4.337125778198242	4.195370674133301	2.9229133129119873	3.0493786334991455
4	288	just	7.725584983825684	6.7661051750183105	7.018955230712891	6.918008327484131
4	289	like	3.8265485763549805	3.3404293060302734	2.4509077072143555	2.125525951385498
4	290	he	4.761124134063721	4.727137088775635	4.39080286026001	4.4517436027526855
4	291	did	3.8604795932769775	3.2701332569122314	1.6232905387878418	1.5509979724884033
4	292	and	5.713070869445801	4.793127059936523	4.9521613121032715	6.123157978057861
4	293	that	4.984804630279541	3.705185651779175	3.068265438079834	3.664813280105591
4	294	I	4.11917781829834	4.2844414710998535	2.8733575344085693	4.106470584869385
4	295	would	3.826068639755249	3.3030600547790527	2.899153470993042	2.8049139976501465
4	296	be	1.476707100868225	2.6560471057891846	2.0753512382507324	1.7695090770721436
4	297	rich	9.644478797912598	9.821212768554688	8.633318901062012	8.951075553894043
4	298	and	1.8791050910949707	1.3008471727371216	1.7782373428344727	1.4543137550354004
4	299	famous	10.99275016784668	4.205207824707031	2.9496307373046875	3.2913804054260254
4	300	one	6.241171360015869	7.759995937347412	8.98941707611084	4.994494438171387
4	301	day,	6.115738868713379	8.66015625	5.219645977020264	3.6018729209899902
4	302	just	6.019827842712402	5.05458402633667	5.415706634521484	4.913182735443115
4	303	like	3.8265485763549805	2.242659568786621	2.051795482635498	2.4367733001708984
4	304	him.	7.033366680145264	5.960244178771973	6.6837310791015625	6.7883148193359375
4	305	The	2.814800262451172	3.2010717391967773	3.143596649169922	3.217470169067383
4	306	matron	13.485769271850586	9.959928512573242	11.215448379516602	11.449145317077637
4	307	understood	9.933317184448242	9.416454315185547	8.870490074157715	8.492056846618652
4	308	my	5.310407638549805	4.618958473205566	3.852853775024414	4.5244035720825195
4	309	idea	7.568061828613281	6.624455451965332	7.394826412200928	7.868707656860352
4	310	was	3.661759853363037	3.365629196166992	3.164417266845703	2.6697869300842285
4	311	something	6.42061710357666	6.3016581535339355	6.134519577026367	5.551992416381836
4	312	that	2.52719783782959	2.2818942070007324	2.0983097553253174	2.2119030952453613
4	313	I	4.11917781829834	2.8607163429260254	2.399785280227661	2.6610183715820312
4	314	was	3.1336679458618164	2.61881422996521	3.64213228225708	2.2771849632263184
4	315	really	6.1063032150268555	4.735990524291992	5.110787391662598	3.5863265991210938
4	316	excited	6.005725860595703	5.022375106811523	2.938938617706299	3.8883848190307617
4	317	about	1.5377305746078491	1.2559670209884644	1.3149311542510986	1.444780707359314
4	318	and	5.436062812805176	5.032495975494385	3.881887912750244	3.8166921138763428
4	319	said	7.586098670959473	6.11589241027832	7.249968528747559	7.704860687255859
4	320	nothing.	6.873554229736328	5.311718940734863	5.239228248596191	6.804203510284424
4	321	When	4.578647136688232	4.468444347381592	4.197441577911377	4.016571998596191
4	322	I	2.7451322078704834	1.5769522190093994	2.3405463695526123	2.251169204711914
4	323	got	4.876736640930176	3.4869308471679688	3.6389360427856445	3.2684402465820312
4	324	my	3.694016218185425	3.209275484085083	3.6661572456359863	3.758455753326416
4	325	new	6.046662330627441	4.970876693725586	4.724669456481934	4.162792205810547
4	326	Buster	14.179190635681152	13.617486953735352	13.525824546813965	13.520364761352539
4	327	Brown	4.299428939819336	2.9718923568725586	2.55766224861145	2.6758553981781006
4	328	shoes,	11.807172775268555	9.614387512207031	9.300849914550781	6.609120845794678
4	329	I	4.045927047729492	4.118487358093262	4.232260227203369	3.941190004348755
4	330	was	3.1336679458618164	2.688211441040039	2.861274480819702	2.6602249145507812
4	331	smiling	9.90509033203125	8.781524658203125	8.081121444702148	8.95766830444336
4	332	from	5.272518157958984	4.615346908569336	3.515624523162842	2.585719108581543
4	333	ear	11.914863586425781	1.874758243560791	0.1270454227924347	0.1494322121143341
4	334	to	3.4301137924194336	0.25238388776779175	0.0023079942911863327	0.001851511187851429
4	335	ear.	14.941839218139648	3.998471260070801	1.3724877834320068	1.1997184753417969
4	336	Those	6.988322734832764	7.093062877655029	7.279236793518066	7.186639308929443
4	337	shoes,	12.71334171295166	11.198629379272461	11.538698196411133	11.249406814575195
4	338	they	4.841599464416504	3.6960110664367676	3.0024805068969727	2.9686412811279297
4	339	shined	11.815628051757812	9.743337631225586	9.33442211151123	8.59237289428711
4	340	really	8.577813148498535	8.498347282409668	6.1901936531066895	5.040848255157471
4	341	brightly,	14.256778717041016	4.6380615234375	4.369065284729004	5.5935564041137695
4	342	and	2.0995125770568848	1.7383699417114258	1.4768954515457153	1.62570059299469
4	343	I	4.813861846923828	3.417945623397827	2.580531120300293	1.9943008422851562
4	344	liked	7.123666286468506	7.103985786437988	6.8672003746032715	5.617551803588867
4	345	looking	8.274041175842285	7.535330772399902	7.2807230949401855	5.60297155380249
4	346	at	1.5403952598571777	0.25676867365837097	0.3710329234600067	0.32153794169425964
4	347	the	1.4987046718597412	1.2740442752838135	1.9639798402786255	1.3671156167984009
4	348	bones	10.13177490234375	11.240457534790039	9.433004379272461	8.351768493652344
4	349	in	2.8553452491760254	3.0078883171081543	2.7173871994018555	2.719623327255249
4	350	my	4.415905952453613	3.7832651138305664	3.1180734634399414	2.3879709243774414
4	351	feet,	8.141364097595215	9.302660942077637	6.830544948577881	5.595958232879639
4	352	which	4.278792858123779	4.026276111602783	3.6343095302581787	3.571631669998169
4	353	I	4.60078239440918	3.749915361404419	2.4091219902038574	2.3437294960021973
4	354	had	3.9222359657287598	3.2809457778930664	2.9851880073547363	2.377065896987915
4	355	never	4.4204816818237305	3.8132238388061523	3.0301437377929688	2.7026898860931396
4	356	seen	3.7166173458099365	2.279629945755005	1.94601309299469	1.565580129623413
4	357	before,	7.058941841125488	4.206321716308594	3.842090129852295	3.7354609966278076
4	358	through	7.401213645935059	7.572148323059082	7.361559867858887	7.1481852531433105
4	359	a	2.286646842956543	2.4411990642547607	2.351548910140991	2.16403865814209
4	360	special	6.665085792541504	6.384468078613281	6.049098014831543	6.186441421508789
4	361	x-ray	12.703656196594238	12.211193084716797	11.417924880981445	12.346480369567871
4	362	machine	4.78890323638916	3.5806262493133545	2.895451307296753	2.682492256164551
4	363	they	7.482784271240234	6.549201965332031	5.357559680938721	5.325681686401367
4	364	had	3.64829683303833	3.051522731781006	2.662846088409424	2.3491766452789307
4	365	in	5.378391265869141	4.773710250854492	3.0849294662475586	2.1311726570129395
4	366	the	1.3686838150024414	1.551596999168396	1.6677230596542358	1.058764934539795
4	367	shoe	10.735884666442871	10.753904342651367	11.531257629394531	11.32386589050293
4	368	store	5.853013038635254	4.689370155334473	4.690549373626709	3.060872793197632
4	369	that	4.251396179199219	3.6306750774383545	3.7335610389709473	3.5676729679107666
4	370	made	7.1150312423706055	6.457172870635986	5.189237594604492	4.491664886474609
4	371	the	2.9371771812438965	2.04988431930542	2.1172924041748047	2.4258034229278564
4	372	bones	10.13177490234375	9.458076477050781	8.88407039642334	8.986598014831543
4	373	in	2.8553452491760254	3.0078883171081543	2.6334950923919678	2.336259126663208
4	374	your	5.1305012702941895	3.9001569747924805	3.2059574127197266	3.121737003326416
4	375	feet	6.698967456817627	8.039068222045898	5.611202716827393	4.1556925773620605
4	376	look	7.44516658782959	6.1883111000061035	7.817647933959961	7.189425468444824
4	377	green.	12.37287712097168	9.899831771850586	9.694567680358887	10.443011283874512
4	378	I	3.0654025077819824	2.4737675189971924	2.7075631618499756	3.025538921356201
4	379	was	3.1336679458618164	2.938561201095581	2.9764204025268555	3.7095367908477783
4	380	now	6.374208450317383	6.686984062194824	6.325801849365234	6.9218220710754395
4	381	almost	7.466646194458008	5.54914665222168	6.052982330322266	5.371733665466309
4	382	ready	8.50700855255127	5.428284168243408	4.509827613830566	3.937159538269043
4	383	to	0.5281149744987488	0.4878927767276764	0.5355989336967468	0.5699344277381897
4	384	go	5.00748872756958	3.1476988792419434	3.3428101539611816	3.3514060974121094
4	385	back	3.9595372676849365	2.91949462890625	3.0999755859375	2.9988317489624023
4	386	to	1.4931408166885376	0.45324158668518066	0.47942793369293213	0.5545909404754639
4	387	the	2.180013418197632	1.2471520900726318	1.2475895881652832	1.3880529403686523
4	388	orphanage	12.50639820098877	12.210054397583008	10.419493675231934	10.222640037536621
4	389	and	2.5328428745269775	2.398256778717041	2.056471586227417	1.991438627243042
4	390	practice	9.415644645690918	10.95419692993164	10.17371940612793	10.230973243713379
4	391	being	6.690011024475098	7.49326229095459	6.353946685791016	5.882514476776123
4	392	like	6.89749813079834	7.491580009460449	6.883269309997559	5.570130348205566
4	393	the	2.4312150478363037	2.492542266845703	2.505464553833008	2.425884246826172
4	394	man	7.22468376159668	5.572113037109375	4.853882312774658	5.793171405792236
4	395	who	2.1632485389709473	1.6608195304870605	1.4832279682159424	1.5179290771484375
4	396	all	6.687480926513672	9.106452941894531	8.937411308288574	9.222574234008789
4	397	the	1.922678828239441	3.8220224380493164	1.6709859371185303	1.7758513689041138
4	398	girls	9.013043403625488	6.555937767028809	4.9453935623168945	3.3818793296813965
4	399	loved,	13.752593994140625	11.416655540466309	10.812175750732422	6.426336765289307
4	400	since	6.979834079742432	7.273503303527832	6.717599868774414	6.787400722503662
4	401	I	3.668527126312256	2.55399489402771	2.679818868637085	2.714087963104248
4	402	had	3.9222359657287598	2.9943530559539795	2.4836251735687256	2.4255266189575195
4	403	my	5.987651824951172	4.315937042236328	3.724484443664551	5.164847373962402
4	404	new	6.046662330627441	6.139089584350586	6.267726421356201	5.996309757232666
4	405	Buster	14.179190635681152	13.617486953735352	13.026975631713867	12.901473999023438
4	406	Brown	4.299428939819336	2.9718923568725586	2.55766224861145	1.8496427536010742
4	407	shoes.	12.269935607910156	9.914533615112305	9.295616149902344	6.011305809020996
4	408	It	3.604470729827881	3.7773938179016113	3.841330051422119	4.223010063171387
4	409	was	1.702970027923584	1.2052268981933594	1.0822397470474243	1.0591145753860474
4	410	the	3.2400004863739014	2.713735580444336	2.607591152191162	2.5233962535858154
4	411	new	6.400824546813965	6.691386699676514	6.910403728485107	6.327183246612549
4	412	haircut,	12.243735313415527	12.318867683410645	11.991211891174316	11.693017959594727
4	413	though,	7.180213451385498	7.241391658782959	6.7587127685546875	6.643568992614746
4	414	that	3.310184955596924	4.011235237121582	3.8797178268432617	4.426975250244141
4	415	I	4.11917781829834	2.9918949604034424	2.847562789916992	3.1361770629882812
4	416	needed	6.149449348449707	5.496896266937256	5.6528239250183105	5.391645431518555
4	417	to	0.7607307434082031	0.6350390911102295	0.480787456035614	0.462180495262146
4	418	complete	7.42782735824585	4.93253755569458	7.049187183380127	6.850821495056152
4	419	my	4.84947395324707	4.656131744384766	4.823439598083496	1.5070536136627197
4	420	new	6.046662330627441	5.8743486404418945	5.461687088012695	5.016127586364746
4	421	look.	10.996990203857422	8.214859962463379	6.321922779083252	6.685214042663574
4	422	We	4.360913276672363	4.198564529418945	4.949428558349609	4.945060729980469
4	423	finally	6.739439010620117	6.954587936401367	7.07703971862793	6.118268013000488
4	424	arrived	6.114185333251953	4.5922040939331055	4.076266288757324	4.442032814025879
4	425	at	1.230694055557251	1.0208258628845215	0.46168261766433716	0.381855845451355
4	426	the	1.4987046718597412	0.8838523626327515	0.8899279832839966	0.8397740125656128
4	427	unassuming,	17.490760803222656	17.21674919128418	15.790473937988281	14.666223526000977
4	428	unembellished	9.968886375427246	10.70060920715332	9.856867790222168	10.702199935913086
4	429	barbershop,	15.295833587646484	13.155031204223633	13.897574424743652	13.2946138381958
4	430	where	3.4713566303253174	3.175837516784668	2.7501678466796875	2.52127742767334
4	431	they	3.2747652530670166	2.7716422080993652	3.347219944000244	3.586773157119751
4	432	cut	8.159934043884277	7.772434234619141	4.071159362792969	4.282721519470215
4	433	our	6.664272308349609	5.178680896759033	4.990645408630371	5.087673187255859
4	434	hair	9.269960403442383	4.32822322845459	4.017724990844727	3.109405517578125
4	435	for	5.406673431396484	4.209207534790039	3.263206958770752	3.2402114868164062
4	436	free	7.671512126922607	7.768495559692383	6.273612976074219	6.683132648468018
4	437	because	7.149091720581055	5.236293315887451	4.646200656890869	3.8313183784484863
4	438	we	3.4455461502075195	3.6552939414978027	3.229235887527466	3.7273640632629395
4	439	were	4.171407222747803	2.9305503368377686	2.962007761001587	3.6074280738830566
4	440	orphans.	15.833383560180664	16.479944229125977	12.687166213989258	11.88254165649414
4	441	Even	5.694188117980957	5.656920433044434	5.635628700256348	5.568403244018555
4	442	though	2.017333984375	2.175973415374756	2.24131441116333	1.6466491222381592
4	443	we	3.763589859008789	3.247530460357666	3.4504213333129883	3.145449638366699
4	444	were	4.171407222747803	2.7890024185180664	2.467972993850708	2.317967176437378
4	445	supposed	7.219649791717529	5.167919635772705	5.542706489562988	5.4785237312316895
4	446	to	0.230825275182724	0.02566690370440483	0.044880688190460205	0.02452394925057888
4	447	slowly	10.263395309448242	11.464784622192383	11.102736473083496	11.815007209777832
4	448	wait	8.83114242553711	8.724014282226562	8.543210983276367	8.96076488494873
4	449	to	2.321910858154297	2.93255877494812	3.647305727005005	3.5588769912719727
4	450	be	3.0100271701812744	2.992550849914551	2.152378559112549	2.65832257270813
4	451	called,	9.615530014038086	9.188236236572266	7.109550476074219	6.1923370361328125
4	452	I	4.192438125610352	4.368196487426758	4.219252586364746	3.325063705444336
4	453	ran	5.978165149688721	5.827971458435059	6.74889612197876	6.073744773864746
4	454	straight	6.399048805236816	6.593471050262451	4.762796401977539	5.5543413162231445
4	455	up	2.8286075592041016	3.043574333190918	3.1033337116241455	3.3454720973968506
4	456	to	1.8520309925079346	2.584156036376953	1.1878161430358887	0.7828325629234314
4	457	one	6.322980880737305	5.190746307373047	5.4514851570129395	5.855990886688232
4	458	of	1.3370164632797241	1.1619255542755127	3.467588424682617	0.5703796148300171
4	459	the	1.4737688302993774	0.554715633392334	0.5475640296936035	0.6435856223106384
4	460	barber	12.568499565124512	12.905518531799316	13.048612594604492	12.432136535644531
4	461	chairs	5.53636360168457	6.459712505340576	5.973124980926514	3.470954418182373
4	462	and	1.358376383781433	1.3604665994644165	1.6078903675079346	1.5946661233901978
4	463	climbed	10.90732192993164	9.348854064941406	10.87668228149414	8.945382118225098
4	464	up	1.7246640920639038	2.504106044769287	2.2461767196655273	2.1678431034088135
4	465	onto	8.440072059631348	2.8795828819274902	2.748746633529663	1.801042914390564
4	466	the	0.7929565906524658	0.6037678718566895	0.4658793807029724	0.4189664125442505
4	467	board	8.242583274841309	6.590228080749512	7.172976493835449	7.957540988922119
4	468	the	3.752047538757324	5.538840293884277	5.020233154296875	5.884603023529053
4	469	barber	12.568499565124512	13.500157356262207	11.902521133422852	12.27362060546875
4	470	placed	10.052874565124512	9.908441543579102	10.966277122497559	6.7480010986328125
4	471	across	6.2024312019348145	6.528264045715332	7.365152835845947	6.982560157775879
4	472	the	0.8021813631057739	0.5249791145324707	0.7159251570701599	1.0766816139221191
4	473	arms	9.11956787109375	9.560050964355469	7.258713245391846	7.977319717407227
4	474	to	3.1783628463745117	4.196349143981934	3.3834362030029297	3.021787166595459
4	475	make	4.563215732574463	4.4861531257629395	3.9696898460388184	3.532839775085449
4	476	me	4.2807440757751465	5.038091659545898	4.685914516448975	5.576629638671875
4	477	sit	7.596424102783203	6.371890068054199	5.778277397155762	4.264992713928223
4	478	up	3.0203003883361816	3.8927438259124756	1.8052058219909668	2.373667001724243
4	479	higher.	11.377851486206055	7.656366348266602	8.20846176147461	9.736202239990234
4	480	I	4.042631149291992	3.0124075412750244	2.586601495742798	1.6342283487319946
4	481	looked	6.060673236846924	5.83439302444458	5.313485145568848	5.128142356872559
4	482	at	1.6668345928192139	1.0448899269104004	0.9975906014442444	1.4526029825210571
4	483	the	1.4987046718597412	1.4427490234375	1.1454732418060303	1.0180779695510864
4	484	man	7.22468376159668	8.498093605041504	4.717046737670898	5.4292449951171875
4	485	and	2.7915701866149902	3.6855521202087402	2.8099098205566406	2.1765170097351074
4	486	said,	8.123201370239258	6.871423721313477	5.297225475311279	3.5423855781555176
4	487	with	4.583194255828857	5.849772930145264	6.266356468200684	6.307680130004883
4	488	a	2.1084108352661133	0.9461775422096252	0.8050552606582642	0.9089794158935547
4	489	beaming	12.501802444458008	10.830280303955078	7.484312534332275	7.00758171081543
4	490	smile	3.568930149078369	1.358064889907837	1.29145085811615	2.0849246978759766
4	491	on	2.7062134742736816	2.7838191986083984	2.2716965675354004	1.6777167320251465
4	492	my	3.934875249862671	2.6020963191986084	3.09722900390625	3.1432695388793945
4	493	face,	7.361703395843506	5.559106826782227	2.0856173038482666	1.9715243577957153
4	494	'I	8.574161529541016	8.024608612060547	9.164762496948242	8.38978385925293
4	495	want	3.7190165519714355	3.6731762886047363	3.260883092880249	3.4337172508239746
4	496	an	5.965958595275879	5.384730815887451	5.882254600524902	5.846586227416992
4	497	Elvis	11.856724739074707	10.709548950195312	9.723541259765625	10.655683517456055
4	498	haircut.	17.441402435302734	8.861921310424805	8.726609230041504	8.296165466308594
4	499	Can	7.607586860656738	7.889470100402832	7.628458499908447	6.762203216552734
4	500	you	1.552314043045044	0.7602434754371643	0.6370628476142883	0.5339174270629883
4	501	make	5.688056468963623	4.259787559509277	4.32296085357666	4.850629806518555
4	502	my	4.33378267288208	5.813092231750488	5.847962379455566	4.559323787689209
4	503	hair	6.248275279998779	4.940027713775635	4.330700397491455	3.1253209114074707
4	504	like	5.595880508422852	4.395692825317383	4.8884124755859375	4.460262775421143
4	505	Elvis's?'	24.815549850463867	18.270122528076172	18.936599731445312	16.2755184173584
4	506	I	2.01627779006958	2.1478288173675537	2.0835094451904297	1.8723047971725464
4	507	asked.	8.886331558227539	3.23041033744812	3.10129451751709	3.133462429046631
4	508	The	3.5645086765289307	4.018311023712158	3.8900325298309326	4.042873382568359
4	509	barber,	14.694863319396973	13.354789733886719	12.718470573425293	12.727265357971191
4	510	who	2.881624221801758	2.1190433502197266	1.8907626867294312	1.8367969989776611
4	511	was	3.2742245197296143	1.9242199659347534	1.2499775886535645	1.0322942733764648
4	512	a	2.6166157722473145	2.96421480178833	2.71282958984375	2.2634100914001465
4	513	genial	13.139174461364746	11.772221565246582	10.36709213256836	8.932289123535156
4	514	young	7.243212699890137	5.7739338874816895	5.050598621368408	5.416439056396484
4	515	man,	4.567212104797363	2.7314248085021973	2.13499116897583	1.7642908096313477
4	516	grinned	12.22098445892334	11.716180801391602	12.341407775878906	12.148502349853516
4	517	back	5.321448802947998	4.14022159576416	3.8724210262298584	3.9443273544311523
4	518	at	3.805655002593994	0.37046438455581665	0.3984915614128113	0.40086162090301514
4	519	me	6.379685878753662	4.035933971405029	4.124290943145752	3.872279167175293
4	520	and	2.997776508331299	1.7719392776489258	1.5640084743499756	1.2342884540557861
4	521	said	7.586098670959473	4.690975189208984	3.5741961002349854	3.3630881309509277
4	522	that	2.5322840213775635	2.204479217529297	1.9719252586364746	2.411452293395996
4	523	he	3.27907657623291	2.320624828338623	1.9158878326416016	1.994460940361023
4	524	would	3.5065248012542725	2.869849681854248	2.5503692626953125	2.1823031902313232
4	525	try	6.428239822387695	5.524755477905273	5.290952205657959	4.6367926597595215
4	526	his	6.538339614868164	5.546924591064453	4.214455604553223	4.288836479187012
4	527	best.	9.863741874694824	5.246906280517578	4.613930702209473	4.863425254821777
4	528	I	2.6996383666992188	3.147336959838867	2.7254269123077393	3.3644652366638184
4	529	was	3.1336679458618164	3.1419925689697266	2.8118927478790283	3.1678683757781982
4	530	so	5.147419452667236	4.097037315368652	3.162890672683716	3.1152279376983643
4	531	happy	5.661623954772949	5.103767395019531	2.871981620788574	2.4314723014831543
4	532	when	4.888408184051514	3.5956125259399414	2.9070911407470703	2.7960219383239746
4	533	he	2.4143896102905273	2.5395054817199707	2.658536911010742	2.1368069648742676
4	534	started	6.182904243469238	5.253726959228516	5.455113410949707	4.814784049987793
4	535	to	2.1130783557891846	1.7074871063232422	1.8627450466156006	1.857837200164795
4	536	cut	7.616321563720703	6.605752944946289	6.614080429077148	6.098033905029297
4	537	my	4.566088676452637	5.156265735626221	3.6965816020965576	4.390913486480713
4	538	hair,	7.915501594543457	4.188844203948975	3.24621319770813	2.5063984394073486
4	539	but	3.4584920406341553	2.844578981399536	2.5115318298339844	2.1229066848754883
4	540	just	6.247783660888672	6.109164237976074	5.917859077453613	6.046516418457031
4	541	as	3.380901575088501	2.6598663330078125	2.09877872467041	2.5868799686431885
4	542	he	3.8243770599365234	3.153657913208008	2.889334201812744	2.845524787902832
4	543	started	6.182904243469238	6.040132522583008	5.262784004211426	4.443307876586914
4	544	to	2.1130783557891846	1.7074871063232422	0.9210557341575623	0.5311760306358337
4	545	cut,	12.169925689697266	10.407269477844238	10.17142391204834	10.507412910461426
4	546	the	2.701115131378174	3.0847525596618652	2.3996644020080566	2.4618523120880127
4	547	matron,	15.897440910339355	17.562427520751953	17.256128311157227	16.142440795898438
4	548	who	2.5966858863830566	2.297384262084961	2.329005241394043	2.120115280151367
4	549	had	3.1637158393859863	1.9007750749588013	1.9852268695831299	1.250267505645752
4	550	been	2.345865249633789	1.866515040397644	1.7962948083877563	1.6625632047653198
4	551	watching	7.4841179847717285	6.688238620758057	5.79264497756958	4.398757457733154
4	552	me	4.688133716583252	4.011214256286621	3.7870354652404785	3.5359325408935547
4	553	and	2.997776508331299	2.8101954460144043	2.9410881996154785	2.839207410812378
4	554	had	6.437553405761719	5.755724906921387	6.264586448669434	4.5924272537231445
4	555	a	2.2275938987731934	2.0332882404327393	2.1355085372924805	2.3347957134246826
4	556	look	6.416604995727539	5.898468017578125	6.434614181518555	4.107648849487305
4	557	as	4.728059768676758	6.07674503326416	6.004068374633789	5.756054878234863
4	558	cold	9.422019004821777	7.7782392501831055	11.1826810836792	11.55201530456543
4	559	as	5.094196319580078	0.7540605664253235	0.4713571071624756	0.3492022752761841
4	560	ice,	12.423763275146484	4.101034164428711	3.808079957962036	3.966217279434204
4	561	motioned	12.812276840209961	16.781633377075195	13.74038314819336	14.250625610351562
4	562	for	1.2036994695663452	1.2563928365707397	1.3765474557876587	1.5188335180282593
4	563	him	5.651179313659668	2.3113951683044434	2.158562421798706	2.2068400382995605
4	564	to	2.0475192070007324	0.8015339970588684	0.023515824228525162	0.017805451527237892
4	565	come	6.263788223266602	4.445788383483887	3.982130289077759	1.9298267364501953
4	566	over	4.19683837890625	4.610288619995117	3.9034857749938965	4.26833963394165
4	567	to	3.421426773071289	1.4352540969848633	1.2680835723876953	1.1635161638259888
4	568	where	8.730182647705078	5.096271991729736	5.273955821990967	5.580742835998535
4	569	she	3.851309061050415	3.042194366455078	2.8849496841430664	2.8692874908447266
4	570	was	2.315664768218994	1.8986139297485352	1.649188756942749	1.208953857421875
4	571	standing.	11.415743827819824	9.441635131835938	6.310873508453369	3.564462184906006
4	572	She	4.095159530639648	2.693406581878662	1.7088840007781982	1.957050085067749
4	573	whispered	7.10746431350708	7.82065486907959	7.784991264343262	7.851223468780518
4	574	something	6.646448135375977	2.87272310256958	2.3967368602752686	1.9243996143341064
4	575	into	7.594074249267578	3.30825138092041	2.6585731506347656	2.6450047492980957
4	576	his	3.776785373687744	3.768064498901367	1.514136552810669	1.3477234840393066
4	577	ear	8.614471435546875	6.613940238952637	5.089786529541016	1.3698039054870605
4	578	that	4.810696125030518	4.133419990539551	4.1730427742004395	3.364274024963379
4	579	caused	8.22811222076416	6.707894802093506	6.588435173034668	5.841246128082275
4	580	the	2.685946464538574	1.1928695440292358	1.66977858543396	2.346360206604004
4	581	barber	12.568499565124512	12.698288917541504	12.67338752746582	10.780457496643066
4	582	to	3.9098877906799316	3.697939157485962	0.5023728609085083	0.5189704298973083
4	583	shake	8.945067405700684	8.996776580810547	8.406301498413086	6.760324001312256
4	584	his	2.3604791164398193	2.7955338954925537	2.0981366634368896	1.616415023803711
4	585	head,	5.47914981842041	2.724022626876831	3.014965534210205	2.8005733489990234
4	586	like	5.4875383377075195	5.14163064956665	5.4163498878479	5.342920303344727
4	587	he	4.761124134063721	3.65328311920166	2.008878231048584	1.1325490474700928
4	588	was	2.1642255783081055	1.2957936525344849	0.6710234880447388	0.6075445413589478
4	589	telling	8.037749290466309	6.721177577972412	5.495168209075928	5.586735248565674
4	590	her,	5.517279624938965	5.222634315490723	5.368884086608887	6.115119934082031
4	591	'No'.	18.706745147705078	13.660035133361816	14.22469711303711	16.240774154663086
4	592	In	3.4735846519470215	4.829984188079834	4.799292087554932	4.856452941894531
4	593	response,	6.659915924072266	5.755611896514893	4.0895843505859375	4.368679046630859
4	594	the	2.216388702392578	1.2206180095672607	1.0102057456970215	2.208828926086426
4	595	matron	14.375245094299316	13.282455444335938	11.89453411102295	10.702006340026855
4	596	walked	7.624324798583984	6.619112968444824	5.8993730545043945	5.994758129119873
4	597	over	3.1266720294952393	3.019780397415161	2.8027875423431396	1.784620761871338
4	598	to	3.421426773071289	0.29371878504753113	0.3410097658634186	0.3217216432094574
4	599	a	3.548675775527954	3.39449143409729	3.100893020629883	3.5079054832458496
4	600	little	4.897584915161133	6.662890434265137	5.734539031982422	5.293015480041504
4	601	man	6.400636672973633	7.499408721923828	6.303541660308838	5.9299397468566895
4	602	sitting	7.36325216293335	5.495110511779785	5.312620639801025	4.553472518920898
4	603	in	1.7857123613357544	1.474738597869873	1.4702706336975098	1.4266701936721802
4	604	an	4.992198944091797	3.877084493637085	3.560634136199951	3.937650680541992
4	605	office	7.382494926452637	5.940399646759033	2.428306818008423	1.9913206100463867
4	606	chair	7.52835750579834	4.597750663757324	4.564135551452637	3.173442840576172
4	607	that	4.2749528884887695	3.8129236698150635	3.086427927017212	3.548872232437134
4	608	squeaked	15.774137496948242	8.692394256591797	7.471921443939209	7.397059440612793
4	609	as	3.368927240371704	2.901013135910034	1.9206665754318237	1.8115845918655396
4	610	it	4.156929016113281	2.266897201538086	1.6665116548538208	1.7754871845245361
4	611	rolled	10.381736755371094	8.120187759399414	4.826076030731201	4.551738739013672
4	612	around	3.520153522491455	3.4628164768218994	3.8377914428710938	4.447956085205078
4	613	the	1.2614864110946655	1.7520664930343628	1.2374892234802246	1.1526912450790405
4	614	floor	8.080119132995605	7.782766819000244	4.993788719177246	4.382072448730469
4	615	and	2.0970399379730225	1.8443775177001953	1.7236992120742798	2.3091001510620117
4	616	spoke	9.140713691711426	7.625320911407471	7.929943084716797	8.069602012634277
4	617	to	1.7361655235290527	1.6822965145111084	1.118789553642273	1.4234555959701538
4	618	him.	7.473052978515625	4.885465621948242	4.368000030517578	3.447821617126465
4	619	It	3.5904593467712402	3.5728304386138916	3.8018343448638916	3.927950143814087
4	620	was	1.702970027923584	0.8921025991439819	0.9648189544677734	0.601450502872467
4	621	the	3.2400004863739014	2.713735580444336	2.5456955432891846	2.5770397186279297
4	622	little	7.964140892028809	7.176471710205078	6.770140647888184	6.163760662078857
4	623	man	6.400636672973633	4.512350082397461	4.285578727722168	5.512223243713379
4	624	who	2.1632485389709473	2.425074815750122	2.825171947479248	1.2116888761520386
4	625	then	6.096296310424805	7.9074859619140625	8.034064292907715	8.343047142028809
4	626	walked	7.353483200073242	5.883204460144043	5.03276252746582	4.607693672180176
4	627	over	3.1266720294952393	2.690272808074951	2.721707344055176	2.5520520210266113
4	628	and	3.4240305423736572	2.141446352005005	2.468667984008789	1.9350957870483398
4	629	said	7.586098670959473	6.290116310119629	5.016297340393066	5.332088470458984
4	630	something	6.0134782791137695	4.691431045532227	3.566326141357422	2.9039487838745117
4	631	to	2.8044137954711914	1.764296531677246	1.5265122652053833	0.9945778846740723
4	632	the	2.180013418197632	3.5796291828155518	1.6999967098236084	1.3167672157287598
4	633	man	7.22468376159668	7.850420951843262	6.007370948791504	4.600921154022217
4	634	who	2.1632485389709473	1.6608195304870605	1.221684217453003	1.2413362264633179
4	635	was	3.2742245197296143	2.342593193054199	2.589743137359619	2.7654197216033936
4	636	cutting	9.690549850463867	9.018106460571289	8.459848403930664	7.557347297668457
4	637	my	4.752699851989746	3.82195782661438	4.1665496826171875	4.168401718139648
4	638	hair.	7.9861860275268555	4.203680992126465	2.744621753692627	1.9768543243408203
4	639	The	2.5764095783233643	3.0748801231384277	3.3296995162963867	3.1670656204223633
4	640	next	5.9745306968688965	5.565424919128418	4.45786190032959	3.879141330718994
4	641	thing	5.026235580444336	3.7721405029296875	2.830113410949707	2.2184576988220215
4	642	I	2.83319354057312	1.6266207695007324	1.0021989345550537	1.0570515394210815
4	643	knew,	8.485467910766602	6.900961875915527	1.8477544784545898	1.13156259059906
4	644	the	3.3276495933532715	3.6200408935546875	3.149251937866211	2.572321653366089
4	645	man	7.22468376159668	4.781632423400879	5.124561786651611	4.38565731048584
4	646	who	2.1632485389709473	1.6608195304870605	2.101264476776123	2.062596321105957
4	647	was	3.2742245197296143	2.342593193054199	2.589743137359619	2.413999080657959
4	648	cutting	9.690549850463867	9.018106460571289	8.459848403930664	7.557347297668457
4	649	my	4.752699851989746	3.82195782661438	4.1665496826171875	4.168401718139648
4	650	hair	6.248275279998779	2.3790931701660156	1.6023343801498413	1.0154507160186768
4	651	told	10.640850067138672	9.582275390625	11.175254821777344	10.780003547668457
4	652	me	2.1971774101257324	1.2483879327774048	0.47105827927589417	0.3656710088253021
4	653	that	3.40504789352417	1.4301799535751343	1.6050374507904053	1.7090009450912476
4	654	he	3.27907657623291	2.82540225982666	2.191361904144287	2.3569674491882324
4	655	was	2.1642255783081055	1.742625117301941	1.5122965574264526	1.6218758821487427
4	656	no	4.312295913696289	5.4800543785095215	5.410933017730713	5.2304911613464355
4	657	longer	2.3771049976348877	2.598710060119629	0.4750378727912903	0.3257794976234436
4	658	allowed	7.91280460357666	6.299237251281738	5.3679070472717285	4.700160026550293
4	659	to	1.0604887008666992	0.6995749473571777	0.5963879227638245	0.27649399638175964
4	660	give	5.486212253570557	5.926774978637695	5.739621162414551	5.607476234436035
4	661	me	3.0744423866271973	3.4373645782470703	4.322979927062988	4.942838191986084
4	662	an	5.631311416625977	3.085284471511841	3.1456117630004883	3.5271310806274414
4	663	Elvis	11.856724739074707	10.936753273010254	11.979106903076172	12.156096458435059
4	664	cut.	14.735159873962402	9.071016311645508	9.816024780273438	9.33813190460205
4	665	'Why	11.48330020904541	10.714975357055664	10.508708000183105	10.342338562011719
4	666	not?'	3.5748345851898193	4.106916904449463	4.247951507568359	3.590529441833496
4	667	I	2.290900230407715	2.362093448638916	1.8659104108810425	2.112699508666992
4	668	cried	8.784111022949219	7.147709369659424	7.332571029663086	7.561912536621094
4	669	desperately.	10.47381591796875	9.766621589660645	6.083603858947754	6.211830139160156
4	670	The	2.849745273590088	3.803971529006958	3.314631223678589	4.993802070617676
4	671	kindly	11.98335075378418	11.688676834106445	11.170868873596191	10.12702751159668
4	672	barber	14.025777816772461	8.94946002960205	8.702353477478027	8.929330825805664
4	673	stopped	8.77821159362793	8.865288734436035	6.482531547546387	6.162896156311035
4	674	by	2.584681272506714	3.1109352111816406	3.2678346633911133	3.851193428039551
4	675	the	1.6374341249465942	1.2750085592269897	1.4576458930969238	1.8366566896438599
4	676	matron	14.375245094299316	14.0104341506958	10.16047477722168	11.700483322143555
4	677	did	6.448672294616699	6.0129876136779785	7.177209854125977	9.820853233337402
4	678	not	0.7211931943893433	0.46893492341041565	0.41298243403434753	0.27972882986068726
4	679	answer,	9.92855453491211	8.191004753112793	6.677987098693848	5.940977096557617
4	680	but	2.2775089740753174	1.660480260848999	1.158386468887329	0.8221228122711182
4	681	from	6.263095855712891	6.100619316101074	6.467254161834717	6.5274248123168945
4	682	his	4.186800003051758	4.166152477264404	3.8777480125427246	2.370579242706299
4	683	expression,	10.296289443969727	9.364453315734863	6.446032524108887	4.1925764083862305
4	684	I	5.4514079093933105	3.99605655670166	2.995098352432251	2.01743221282959
4	685	could	4.577107906341553	4.020289897918701	2.373774290084839	2.517974376678467
4	686	tell	5.135477066040039	3.9955544471740723	3.523510456085205	1.385472059249878
4	687	that	4.651156425476074	2.2688112258911133	1.8362443447113037	1.3350141048431396
4	688	he	3.27907657623291	3.499391555786133	2.214433193206787	2.007091999053955
4	689	wished	7.727270126342773	6.357941150665283	6.928218841552734	6.815971851348877
4	690	he	3.433931350708008	2.8201656341552734	2.8630447387695312	2.1672935485839844
4	691	could	4.0830535888671875	1.1659284830093384	1.0916231870651245	1.1478370428085327
4	692	cut	7.718811988830566	7.459875106811523	7.030264377593994	6.534832954406738
4	693	it	4.1398820877075195	3.321089744567871	2.963973045349121	3.0535387992858887
4	694	as	4.631284713745117	4.885900497436523	4.64993143081665	4.844481945037842
4	695	I	4.476711750030518	4.918453216552734	3.399573802947998	5.235003471374512
4	696	had	3.9222359657287598	3.8638100624084473	3.5313022136688232	3.305765151977539
4	697	asked.	10.299798965454102	9.55654239654541	7.90641450881958	7.733654499053955
4	698	Within	10.133491516113281	8.753890991210938	8.46489143371582	7.489526271820068
4	699	a	2.118237018585205	1.3849337100982666	1.2398544549942017	1.2383941411972046
4	700	few	4.649507522583008	1.4016155004501343	0.8475778102874756	0.9050779342651367
4	701	minutes,	5.236863613128662	4.873650550842285	2.5578062534332275	1.7446784973144531
4	702	it	4.0673723220825195	3.9705817699432373	3.7885141372680664	4.070063591003418
4	703	wasn't	6.165555000305176	5.656125068664551	5.587352752685547	5.598304271697998
4	704	an	4.384676456451416	4.079497337341309	4.538588523864746	5.0922465324401855
4	705	Elvis	11.856724739074707	10.408215522766113	10.598411560058594	11.898943901062012
4	706	haircut,	17.13010597229004	8.588338851928711	9.700601577758789	8.681893348693848
4	707	but	2.800766944885254	3.037692070007324	2.564844846725464	1.3446907997131348
4	708	a	4.024580001831055	4.242376804351807	4.206523418426514	3.857689380645752
4	709	short	6.184652328491211	5.65083122253418	5.2525506019592285	5.52095365524292
4	710	buzz	12.59430980682373	10.251324653625488	9.339850425720215	5.434532642364502
4	711	cut	9.211102485656738	5.513545989990234	4.722248554229736	4.308629035949707
4	712	that	5.755539417266846	4.723569869995117	5.81926965713501	2.791830539703369
4	713	the	2.0494112968444824	4.418752670288086	4.069148063659668	4.217231750488281
4	714	barber	12.568499565124512	12.307123184204102	9.455399513244629	8.025219917297363
4	715	had	5.084383010864258	4.637707710266113	2.307079315185547	2.1536202430725098
4	716	given	6.143775463104248	4.3510589599609375	4.3220720291137695	4.295112133026123
4	717	me.	7.768041133880615	5.222750663757324	4.93454122543335	4.7555036544799805
4	718	When	4.592775344848633	4.561899185180664	4.482987880706787	4.279819488525391
4	719	he	2.7101998329162598	2.7899038791656494	2.9677629470825195	2.5390260219573975
4	720	finished	7.961539268493652	4.719377517700195	5.393586158752441	5.2497358322143555
4	721	shaving	9.460423469543457	9.130219459533691	8.002166748046875	7.869651794433594
4	722	off	4.479413986206055	4.495931148529053	4.2063093185424805	4.552000522613525
4	723	all	5.478737831115723	4.02262020111084	3.3802897930145264	4.168847560882568
4	724	my	4.586499214172363	3.30334210395813	3.819124698638916	2.329988479614258
4	725	hair	6.248275279998779	6.005826950073242	4.801594257354736	1.57173490524292
4	726	and	1.835008144378662	2.204942226409912	2.5825235843658447	1.490699052810669
4	727	made	7.357100963592529	5.890873908996582	5.05666446685791	5.391726493835449
4	728	me	3.962343692779541	3.5716660022735596	3.334289073944092	1.0797104835510254
4	729	smell	10.582145690917969	9.230557441711426	8.408783912658691	6.395899772644043
4	730	real	8.893312454223633	7.283942699432373	7.513845920562744	7.388128280639648
4	731	good	6.560779571533203	2.4247655868530273	2.324416160583496	2.6138908863067627
4	732	with	5.698418617248535	3.748854637145996	4.027368068695068	3.78497314453125
4	733	his	4.146527290344238	3.6827263832092285	3.5502939224243164	3.973529815673828
4	734	powder,	14.082564353942871	14.332609176635742	12.956003189086914	12.790351867675781
4	735	the	3.4772658348083496	3.449655771255493	4.046229362487793	4.210608959197998
4	736	barber	12.568499565124512	12.630395889282227	9.805269241333008	8.79135513305664
4	737	handed	9.827938079833984	8.990483283996582	6.822674751281738	6.241573333740234
4	738	me	3.685654401779175	1.3639525175094604	1.609708309173584	1.85251784324646
4	739	a	2.981109857559204	1.0645623207092285	0.6602920889854431	0.7930014133453369
4	740	nickel	11.229848861694336	9.31828498840332	9.562182426452637	7.990574359893799
4	741	and	1.6991374492645264	2.996072292327881	2.217770576477051	1.5355186462402344
4	742	told	8.559876441955566	10.105896949768066	7.9408860206604	3.0243663787841797
4	743	me	2.1971774101257324	1.9098873138427734	1.9651281833648682	1.9506133794784546
4	744	to	2.2470450401306152	2.6237261295318604	1.765802264213562	1.5613166093826294
4	745	go	5.00748872756958	3.7225403785705566	2.5904340744018555	2.4310426712036133
4	746	outside	6.243467807769775	5.723637580871582	5.713504791259766	5.076388359069824
4	747	to	4.845594882965088	2.213561534881592	2.167823314666748	2.2836599349975586
4	748	the	2.180013418197632	1.6694152355194092	2.3792684078216553	2.4986469745635986
4	749	snack	11.971786499023438	12.408313751220703	10.175660133361816	8.465347290039062
4	750	machine	9.14090633392334	4.179374694824219	3.834502696990967	4.054771423339844
4	751	and	2.8402023315429688	2.516995429992676	2.1666908264160156	1.609055757522583
4	752	buy	9.151931762695312	7.569577217102051	5.8011908531188965	5.675522804260254
4	753	myself	7.176294803619385	5.997951984405518	5.183073043823242	4.661826133728027
4	754	a	3.50719952583313	0.7216290831565857	0.7434301376342773	0.5350592136383057
4	755	candy	10.936590194702148	9.002766609191895	7.870903015136719	7.335456371307373
4	756	bar.	7.852102279663086	4.076024055480957	2.7510085105895996	2.6022629737854004
4	757	I	3.167232036590576	2.8278868198394775	2.8718678951263428	1.4956982135772705
4	758	handed	9.658137321472168	8.23180103302002	7.1166181564331055	7.513449192047119
4	759	him	2.431797981262207	1.882943034172058	1.335105538368225	1.929004430770874
4	760	the	3.743698835372925	1.2208718061447144	0.9875030517578125	1.0049684047698975
4	761	nickel	11.575267791748047	11.305602073669434	10.152859687805176	10.33700942993164
4	762	back	8.374350547790527	5.641681671142578	2.0658631324768066	5.782294273376465
4	763	and	2.5958101749420166	2.0050008296966553	2.5818588733673096	2.011606216430664
4	764	told	8.559876441955566	6.148508071899414	7.797703742980957	7.387848377227783
4	765	him	1.9114688634872437	1.5839658975601196	1.8041034936904907	1.2122609615325928
4	766	that	3.782761335372925	1.5597105026245117	1.455011248588562	1.7439243793487549
4	767	I	4.11917781829834	3.1034975051879883	2.6589198112487793	2.3320631980895996
4	768	was	3.1336679458618164	2.61881422996521	1.6889252662658691	1.2198337316513062
4	769	not	3.2028963565826416	3.9478814601898193	3.077662229537964	2.9208312034606934
4	770	hungry.	12.38701057434082	11.360119819641113	8.32621955871582	8.664591789245605
4	771	'I'm	9.988407135009766	8.702141761779785	8.884825706481934	9.858161926269531
4	772	so	3.41862416267395	3.059887170791626	3.9733829498291016	3.888922691345215
4	773	sorry,	8.669488906860352	2.4012739658355713	3.224665641784668	2.834944248199463
4	774	baby,'	11.617697715759277	10.591385841369629	7.080258846282959	6.753498554229736
4	775	he	1.999985694885254	1.217536449432373	1.3484716415405273	1.2728371620178223
4	776	said,	4.412730693817139	2.05379056930542	1.6212435960769653	1.684309959411621
4	777	as	4.328320026397705	4.115181922912598	3.574047565460205	3.427975654602051
4	778	I	4.476711750030518	3.1728336811065674	3.747957229614258	3.407892942428589
4	779	climbed	9.406174659729004	6.931760787963867	5.168179512023926	5.316399574279785
4	780	out	3.0279006958007812	2.504791498184204	2.6842200756073	2.0300586223602295
4	781	of	1.5602710247039795	0.3635321259498596	0.4578995406627655	0.24042820930480957
4	782	his	4.446447372436523	3.3650999069213867	2.254892349243164	4.180222511291504
4	783	barber	12.134153366088867	12.265891075134277	12.644426345825195	11.165863037109375
4	784	chair.	6.054673194885254	5.765591144561768	4.028220176696777	2.53517484664917
4	785	'I	5.9893879890441895	7.452178478240967	6.3242082595825195	6.263117790222168
4	786	am	2.6581735610961914	2.964447259902954	3.26871395111084	2.997257947921753
4	787	not	2.75417423248291	2.3006386756896973	2.416794538497925	2.4074811935424805
4	788	a	3.5121076107025146	2.6213531494140625	2.0261473655700684	2.1092615127563477
4	789	baby,'	16.00524139404297	15.126322746276855	13.689591407775879	8.59753704071045
4	790	I	2.6142477989196777	2.596630573272705	2.166400194168091	1.9765586853027344
4	791	said,	5.85642147064209	2.192859411239624	2.2209877967834473	2.1057894229888916
4	792	as	4.328320026397705	4.165774345397949	3.6623873710632324	3.65362811088562
4	793	I	4.476711750030518	3.1728336811065674	1.2549444437026978	1.6151999235153198
4	794	wiped	11.376148223876953	9.126178741455078	5.980984210968018	5.772027015686035
4	795	the	2.3056790828704834	1.601129174232483	1.2358314990997314	1.3304270505905151
4	796	tears	9.898386001586914	1.3167388439178467	1.8668911457061768	2.0484914779663086
4	797	from	3.4636120796203613	3.360478401184082	0.4136061370372772	0.5637435913085938
4	798	my	4.689090728759766	2.8375861644744873	1.7351105213165283	1.9265437126159668
4	799	eyes.	6.571499824523926	6.689490795135498	1.570573329925537	1.4370027780532837
4	800	I	2.9492347240448	1.5780658721923828	1.4494726657867432	1.319490671157837
4	801	then	6.99446439743042	6.044028282165527	5.986685276031494	5.873600959777832
4	802	sat	8.260885238647461	6.245311737060547	5.406094551086426	5.255722522735596
4	803	down	1.6276544332504272	1.109116554260254	0.8568707704544067	1.406628131866455
4	804	on	2.6951186656951904	1.8911430835723877	1.6359915733337402	2.1957967281341553
4	805	the	1.213181972503662	1.0373973846435547	0.48260924220085144	0.4607641100883484
4	806	floor	8.080119132995605	5.512145042419434	3.5567750930786133	2.993947982788086
4	807	and	2.0970399379730225	1.8443775177001953	1.8904668092727661	1.5512285232543945
4	808	brushed	11.527544975280762	8.000112533569336	7.70880651473999	8.18697452545166
4	809	away	2.9964346885681152	3.6152713298797607	3.836625576019287	3.7213783264160156
4	810	the	3.1937320232391357	1.4413686990737915	1.073567271232605	0.679519772529602
4	811	hair	8.99676513671875	7.277493000030518	4.628093719482422	3.6429686546325684
4	812	that	4.369399070739746	4.2649946212768555	2.9372787475585938	1.5249269008636475
4	813	had	5.632558822631836	2.878838539123535	2.660717487335205	1.6063777208328247
4	814	accumulated	8.980091094970703	6.438099384307861	6.657395839691162	6.114287376403809
4	815	on	3.7656612396240234	3.552495002746582	2.536431312561035	1.60625422000885
4	816	my	3.934875249862671	4.553426742553711	3.7861032485961914	3.622527599334717
4	817	shiny	9.902178764343262	9.560580253601074	9.723999977111816	9.4690523147583
4	818	new	4.064682483673096	0.728850781917572	0.6155626177787781	0.7271353602409363
4	819	Buster	14.179190635681152	13.625479698181152	13.72325325012207	14.82933235168457
4	820	Brown	4.299428939819336	2.9718923568725586	2.212239980697632	3.6600124835968018
4	821	shoes.	12.269935607910156	9.914533615112305	9.295616149902344	5.492186546325684
4	822	My	4.856174945831299	5.005931377410889	5.102517604827881	5.245019912719727
4	823	head	5.069969177246094	5.036888122558594	6.216464996337891	6.43477725982666
4	824	was	4.320772647857666	1.7053194046020508	1.4534897804260254	1.379568099975586
4	825	no	4.312295913696289	6.177142143249512	6.967398643493652	6.773498058319092
4	826	longer	2.3771049976348877	2.598710060119629	0.6000005006790161	0.21924835443496704
4	827	in	3.9029548168182373	3.67238187789917	2.952803134918213	2.601673126220703
4	828	the	1.3686838150024414	1.3793684244155884	1.484250783920288	1.2938038110733032
4	829	clouds,	12.019542694091797	11.001554489135742	9.872690200805664	9.240202903747559
4	830	and	1.9679204225540161	1.8078068494796753	1.8742611408233643	1.6135927438735962
4	831	I	4.813861846923828	4.365484714508057	3.785135269165039	3.56014347076416
4	832	got	4.876736640930176	4.348871231079102	5.178694725036621	5.081047534942627
4	833	up	3.945815086364746	4.011000633239746	4.350111961364746	3.7886452674865723
4	834	off	7.23362922668457	4.281012535095215	4.259454727172852	4.256439208984375
4	835	the	1.797001838684082	0.7351056933403015	0.42223671078681946	0.3900440037250519
4	836	floor,	9.127102851867676	6.143858909606934	3.6060588359832764	2.618018865585327
4	837	brushed	9.217148780822754	9.139557838439941	9.01355266571045	8.175811767578125
4	838	off	3.4722366333007812	2.712177276611328	2.3907806873321533	1.8854907751083374
4	839	my	3.553285598754883	4.316770076751709	2.9195735454559326	3.0141501426696777
4	840	short	8.719212532043457	8.310921669006348	9.372469902038574	8.521663665771484
4	841	pants,	11.117044448852539	8.917974472045898	5.494139194488525	6.525509834289551
4	842	and	1.570993185043335	1.8599671125411987	1.7787667512893677	1.5220285654067993
4	843	walked	8.993237495422363	5.871652603149414	7.099781513214111	5.857704162597656
4	844	sullenly	11.586267471313477	9.997894287109375	9.3001127243042	8.347158432006836
4	845	towards	5.999452590942383	4.138047695159912	3.7484240531921387	3.9387426376342773
4	846	the	1.0973165035247803	0.6235518455505371	0.5131874680519104	0.4120804965496063
4	847	door.	8.843220710754395	6.035623073577881	3.1506457328796387	3.0246031284332275
4	848	The	2.4278202056884766	2.5255773067474365	3.0072476863861084	2.8052077293395996
4	849	matron	13.485769271850586	9.504871368408203	9.254350662231445	9.194473266601562
4	850	was	3.20768666267395	2.4793670177459717	2.338315486907959	2.3380184173583984
4	851	smiling	9.90509033203125	7.365907669067383	6.715530872344971	6.29044246673584
4	852	at	2.0863265991210938	2.0982370376586914	1.7035812139511108	1.8707499504089355
4	853	me	6.379685878753662	2.8189544677734375	2.334824562072754	2.5717530250549316
4	854	sort	9.870706558227539	9.93001937866211	8.98377799987793	9.31299877166748
4	855	of	0.22436244785785675	0.18644866347312927	0.08124901354312897	0.08991415798664093
4	856	funny	11.21179485321045	8.018628120422363	7.998529434204102	5.117693901062012
4	857	like.	11.863059997558594	11.79286003112793	9.69814682006836	8.104159355163574
4	858	The	2.2699780464172363	3.632145404815674	3.350153923034668	3.643617630004883
4	859	barber	12.261515617370605	11.925668716430664	11.247965812683105	11.480491638183594
4	860	upset	13.586362838745117	12.581668853759766	12.927155494689941	13.06485366821289
4	861	by	3.2395191192626953	2.7571959495544434	4.010466575622559	4.219821929931641
4	862	the	1.6374341249465942	0.9317560791969299	1.0642168521881104	0.8244455456733704
4	863	matron	14.375245094299316	14.0104341506958	16.53924560546875	12.57633113861084
4	864	said	5.915276527404785	5.492901802062988	7.85585880279541	8.875221252441406
4	865	to	3.009586811065674	2.1162943840026855	2.0913496017456055	2.07778263092041
4	866	her,	7.936374664306641	4.39066219329834	3.4361205101013184	3.1953277587890625
4	867	'You	8.560527801513672	7.623157501220703	5.054485321044922	4.680418968200684
4	868	are	2.6214990615844727	2.1057112216949463	1.948538899421692	1.6822553873062134
4	869	just	5.829656600952148	5.155459403991699	4.9077863693237305	5.125175476074219
4	870	a	2.637993812561035	2.1542959213256836	1.7571641206741333	1.876631259918213
4	871	damn	9.788138389587402	8.254598617553711	8.884626388549805	6.538153171539307
4	872	bitch,	11.538557052612305	10.10417366027832	9.589043617248535	9.947736740112305
4	873	lady.'	14.354877471923828	13.292634963989258	13.001026153564453	12.792513847351074
4	874	She	2.2381532192230225	2.691497564315796	2.8540096282958984	2.7559056282043457
4	875	yelled	9.199328422546387	10.00973129272461	6.759153366088867	6.209782600402832
4	876	back	6.675691604614258	4.063504219055176	3.569756507873535	3.736337661743164
4	877	at	3.805655002593994	0.8498587608337402	1.151759147644043	1.3135497570037842
4	878	him	5.628741264343262	3.884793758392334	2.7068026065826416	2.3238024711608887
4	879	at	4.133413314819336	5.0124359130859375	5.1110453605651855	5.297089576721191
4	880	the	1.4987046718597412	1.1766716241836548	1.1214513778686523	1.0325040817260742
4	881	top	6.624241828918457	4.201010704040527	4.129479885101318	4.17962646484375
4	882	of	1.3425618410110474	0.944900631904602	0.27874472737312317	0.13147073984146118
4	883	her	5.505876541137695	3.9828081130981445	3.861086368560791	3.827054023742676
4	884	lungs,	10.332647323608398	9.259395599365234	6.045268535614014	3.8851675987243652
4	885	before	7.864825248718262	6.533902168273926	6.385378837585449	5.860104084014893
4	886	walking	7.511929035186768	7.596750259399414	6.666329860687256	6.8472466468811035
4	887	toward	4.201568603515625	4.789543151855469	4.504889488220215	3.959876537322998
4	888	the	1.058223009109497	0.8919827938079834	0.6255803108215332	0.5929841995239258
4	889	office,	10.672582626342773	9.467096328735352	7.837639331817627	8.092229843139648
4	890	as	4.435920238494873	4.457866191864014	4.742102146148682	5.264431476593018
4	891	fast	7.139654636383057	7.665565013885498	7.736578464508057	5.8987135887146
4	892	as	2.990152359008789	0.13720154762268066	0.08062119781970978	0.0634092390537262
4	893	she	4.859580039978027	3.485883951187134	3.4066638946533203	3.0926883220672607
4	894	could.	7.7403154373168945	5.699409008026123	1.9389400482177734	1.7989068031311035
4	895	To	5.376728534698486	5.554460048675537	5.970009803771973	6.087047576904297
4	896	show	4.701506614685059	5.511228561401367	5.2721123695373535	5.745845317840576
4	897	his	5.149048328399658	5.096090316772461	3.1937053203582764	4.947088241577148
4	898	anger,	10.235610961914062	7.695989608764648	6.489557266235352	6.055288314819336
4	899	the	3.465047597885132	3.158320903778076	3.705439329147339	2.503095865249634
4	900	man	7.22468376159668	5.4436259269714355	3.7672548294067383	3.8587546348571777
4	901	hit	7.046169757843018	8.83886432647705	6.998602867126465	6.143843173980713
4	902	the	1.7413294315338135	1.9552794694900513	1.4169979095458984	1.5929913520812988
4	903	wall	8.559171676635742	5.1487274169921875	4.316420078277588	4.485743045806885
4	904	with	3.8604016304016113	3.3994712829589844	2.6170997619628906	1.834189534187317
4	905	his	4.146527290344238	3.528751850128174	2.0599265098571777	2.413813591003418
4	906	hand	4.617210865020752	5.135753631591797	4.672236442565918	4.532546520233154
4	907	and	2.289961814880371	1.9992156028747559	2.2295031547546387	0.8356447219848633
4	908	then	4.55230712890625	4.208160400390625	4.08347225189209	3.793952703475952
4	909	walked	7.353483200073242	6.864812850952148	5.123409271240234	4.786292552947998
4	910	outside	6.71120548248291	5.870669364929199	6.028388977050781	6.939180374145508
4	911	where	6.883466720581055	4.830091953277588	4.03373908996582	3.8566298484802246
4	912	he	2.3880581855773926	2.3225626945495605	1.8644845485687256	1.3371708393096924
4	913	stood	6.70352840423584	6.2030029296875	4.914815902709961	4.816187858581543
4	914	against	5.018984794616699	5.2532525062561035	5.688748359680176	5.221216678619385
4	915	the	1.1981298923492432	0.92002934217453	1.2883844375610352	0.9676632285118103
4	916	brick	11.224332809448242	8.899548530578613	7.673004627227783	8.649456977844238
4	917	wall,	4.758444309234619	3.7663352489471436	2.3612701892852783	1.9176061153411865
4	918	smoking	10.050667762756348	9.22148609161377	9.470121383666992	9.408141136169434
4	919	a	4.30933952331543	1.2289434671401978	0.9310289025306702	1.0184575319290161
4	920	cigarette.	11.006267547607422	3.0884644985198975	1.9392837285995483	1.6787996292114258
4	921	I	2.907050132751465	2.812506914138794	2.7298781871795654	2.8450043201446533
4	922	understood	8.181299209594727	7.947362899780273	8.10442066192627	8.016697883605957
4	923	right	7.947980880737305	6.610739707946777	6.186650276184082	6.08620548248291
4	924	there	5.486964225769043	4.560111045837402	5.28403902053833	4.61793851852417
4	925	my	7.682674407958984	8.547990798950195	9.704911231994629	6.828359603881836
4	926	haircut	12.92624282836914	12.644232749938965	12.139042854309082	11.526047706604004
4	927	was	3.68208646774292	3.539031505584717	2.31785249710083	2.2904319763183594
4	928	something	6.42061710357666	5.355597496032715	5.889499664306641	6.039062023162842
4	929	that	2.52719783782959	2.2818942070007324	2.0110607147216797	2.0751194953918457
4	930	had	5.632558822631836	4.032108306884766	2.786776065826416	2.7245240211486816
4	931	been	2.345865249633789	1.2188032865524292	1.3347492218017578	1.4482605457305908
4	932	out	6.420467376708984	6.614058971405029	7.172330379486084	6.2602715492248535
4	933	of	1.5602710247039795	0.8445999622344971	0.9072213768959045	0.8130853176116943
4	934	the	1.4737688302993774	1.1982929706573486	1.4646025896072388	1.551281213760376
4	935	power	6.575653076171875	7.174923419952393	7.408679485321045	7.740756988525391
4	936	of	1.8087220191955566	0.7814052700996399	1.3390865325927734	1.0535184144973755
4	937	the	1.4737688302993774	1.4028240442276	1.7755825519561768	0.9523645043373108
4	938	barber	12.568499565124512	12.905518531799316	13.479485511779785	14.152727127075195
4	939	and	2.65246319770813	2.945056915283203	2.6051385402679443	2.4917778968811035
4	940	then	4.55230712890625	4.478180885314941	4.160247802734375	5.034997463226318
4	941	I	4.11605167388916	3.885751485824585	4.243986129760742	4.361249923706055
4	942	slowly	9.479011535644531	8.478367805480957	7.564627647399902	8.248313903808594
4	943	walked	7.297201156616211	3.8421425819396973	4.460564136505127	4.449648857116699
4	944	outside	6.71120548248291	6.574131488800049	6.747628688812256	6.565540313720703
4	945	to	4.845594882965088	1.4981769323349	1.6353334188461304	1.5274161100387573
4	946	join	6.73831844329834	5.573040962219238	4.616257190704346	4.293179512023926
4	947	the	1.4010111093521118	1.2426036596298218	1.2893210649490356	1.1442575454711914
4	948	man.	10.534012794494629	11.443711280822754	11.724844932556152	9.77696704864502
4	949	He	2.1034977436065674	2.0606091022491455	2.174091339111328	2.0880985260009766
4	950	looked	4.870909214019775	4.4777374267578125	3.782979965209961	3.887672185897827
4	951	down,	6.00655460357666	5.895167350769043	6.814572334289551	6.016411304473877
4	952	smiled	9.666913986206055	6.8809614181518555	5.9515380859375	5.467982769012451
4	953	at	1.7199053764343262	1.4031304121017456	1.8090839385986328	1.735601544380188
4	954	me,	7.177761554718018	3.5912821292877197	2.8145673274993896	3.0519797801971436
4	955	then	5.2983174324035645	3.6749825477600098	2.573207378387451	2.9650590419769287
4	956	he	3.9694831371307373	3.4684274196624756	3.119886875152588	3.4791812896728516
4	957	patted	10.734306335449219	9.155647277832031	7.585416316986084	6.652390480041504
4	958	me	3.4394681453704834	3.093674421310425	2.2322635650634766	1.4229419231414795
4	959	on	3.9070634841918945	0.20709151029586792	0.18370093405246735	0.22962486743927002
4	960	the	1.213181972503662	1.3011462688446045	0.053974006325006485	0.06495995819568634
4	961	top	6.624241828918457	5.707589626312256	5.628254413604736	5.5370683670043945
4	962	of	1.3425618410110474	0.944900631904602	0.6805748343467712	0.5769330263137817
4	963	my	4.971543312072754	3.8519182205200195	3.3721652030944824	3.003527879714966
4	964	bald	10.931222915649414	12.228022575378418	10.123491287231445	10.463042259216309
4	965	as	5.141158103942871	8.132186889648438	7.8765974044799805	8.153379440307617
4	966	a	1.974064588546753	0.7851485013961792	1.0644111633300781	0.7950239777565002
4	967	coot	18.152618408203125	17.0876407623291	4.37906551361084	2.6581761837005615
4	968	head.	10.37850570678711	10.424408912658691	11.170553207397461	10.578758239746094
4	969	It	3.5514423847198486	3.2185628414154053	3.2000772953033447	3.069126605987549
4	970	was	1.702970027923584	1.0832983255386353	1.3438552618026733	1.195896863937378
4	971	a	2.6166157722473145	1.9403185844421387	1.8246299028396606	1.7278673648834229
4	972	fact	8.115894317626953	7.861392498016357	7.05977201461792	6.974159240722656
4	973	of	3.706939220428467	2.6330089569091797	2.119126558303833	2.1209800243377686
4	974	my	4.971543312072754	4.9687604904174805	4.595551013946533	3.904543161392212
4	975	life	4.44785737991333	3.949631690979004	3.921823501586914	1.5277029275894165
4	976	that	4.190634727478027	3.7394416332244873	3.1385912895202637	1.9472661018371582
4	977	I	4.11917781829834	2.591001510620117	0.9923391342163086	0.8624069690704346
4	978	was	3.1336679458618164	2.61881422996521	2.9056010246276855	2.91831374168396
4	979	not	3.2028963565826416	3.9478814601898193	3.077662229537964	3.1381149291992188
4	980	gonna	6.9184465408325195	8.791830062866211	6.793032646179199	6.953338146209717
4	981	have	3.2728757858276367	3.935961961746216	4.14556884765625	3.7370986938476562
4	982	hair	11.443769454956055	10.407798767089844	9.758011817932129	10.584617614746094
4	983	that	4.369399070739746	2.864032506942749	4.309103488922119	4.54199743270874
4	984	was	4.486698627471924	2.574810028076172	3.9581472873687744	4.67248010635376
4	985	anything	9.157171249389648	8.197136878967285	8.802842140197754	8.487601280212402
4	986	like	3.463108777999878	2.707683563232422	1.49286687374115	2.2864716053009033
4	987	Elvis's	15.168845176696777	13.305590629577637	12.44150447845459	12.499615669250488
4	988	anytime	14.539223670959473	12.69178295135498	11.29919147491455	11.883757591247559
4	989	soon.	2.661949396133423	3.0338754653930664	2.0100724697113037	1.1865019798278809
4	990	I	2.454292058944702	2.694659471511841	2.7935454845428467	2.859544277191162
4	991	then	6.99446439743042	7.448437690734863	7.629426956176758	7.432784080505371
4	992	looked	6.911086082458496	4.881956100463867	4.4918060302734375	4.416141510009766
4	993	up	2.1118152141571045	1.988347053527832	2.370805263519287	2.151575803756714
4	994	at	3.9225544929504395	0.7947761416435242	0.6445657014846802	1.798069953918457
4	995	the	1.4987046718597412	1.0808426141738892	1.304154396057129	1.4177457094192505
4	996	barber	12.568499565124512	11.49238395690918	10.732999801635742	12.518550872802734
4	997	with	4.589475631713867	4.630932807922363	5.763979434967041	4.502651214599609
4	998	my	4.6417341232299805	5.481228828430176	4.844613075256348	3.8891544342041016
4	999	wet	9.15135383605957	9.487442970275879	7.545505046844482	6.440893650054932
4	1000	red	6.959828853607178	6.545591831207275	7.116323471069336	6.8193464279174805
4	1001	eyes	5.537550926208496	5.0907745361328125	5.013202667236328	5.3719563484191895
4	1002	and	1.7470444440841675	1.9957369565963745	1.668481707572937	1.370175838470459
4	1003	asked,	10.721710205078125	7.390066623687744	8.722543716430664	7.355798244476318
4	1004	'Do	6.978795051574707	5.324581146240234	5.878481864929199	5.879209995269775
4	1005	you	0.6051895618438721	0.15602755546569824	0.1180124282836914	0.1417626291513443
4	1006	know	3.7268247604370117	1.7914868593215942	1.6006404161453247	1.499680995941162
4	1007	if	3.0315113067626953	4.282078742980957	3.919015407562256	3.81298828125
4	1008	Elvis	12.946175575256348	12.16280746459961	11.740860939025879	9.668869018554688
4	1009	Presley	3.2412467002868652	1.8349093198776245	2.405424118041992	2.0405664443969727
4	1010	has	4.5052666664123535	4.5641984939575195	4.465285301208496	3.474728584289551
4	1011	green	10.25108528137207	10.54008960723877	10.39813232421875	10.189178466796875
4	1012	bones?'	18.154130935668945	17.04438591003418	18.490997314453125	17.274173736572266
5	0	This	4.666396617889404	4.666396617889404	4.666396617889404	4.666396617889404
5	1	is	1.533033847808838	1.533033847808838	1.533033847808838	1.533033847808838
5	2	a	2.231854200363159	1.8375012874603271	1.8375012874603271	1.8375012874603271
5	3	story	7.520981788635254	7.329708099365234	5.61038064956665	5.61038064956665
5	4	of	1.6860466003417969	2.0780320167541504	1.1691234111785889	1.175500750541687
5	5	how	7.006660461425781	2.922485828399658	3.122523546218872	2.9622883796691895
5	6	Mr.	7.8940019607543945	8.725044250488281	7.088199615478516	7.297869682312012
5	7	Sticky	13.271076202392578	13.277366638183594	13.716357231140137	12.665861129760742
5	8	got	8.390552520751953	6.556982040405273	5.426758766174316	4.520742416381836
5	9	in	4.682864189147949	3.7119460105895996	3.686336040496826	3.8535642623901367
5	10	Abby's	15.184300422668457	13.600744247436523	12.254779815673828	13.066316604614258
5	11	fish	10.811736106872559	10.740045547485352	11.42294692993164	11.574541091918945
5	12	tank.	8.38283920288086	4.300820350646973	2.568486452102661	2.6336936950683594
5	13	'He's	11.563102722167969	10.641031265258789	9.576972961425781	9.661993026733398
5	14	very	4.2845916748046875	4.526420593261719	4.074139595031738	4.086852550506592
5	15	small,'	13.332137107849121	8.31171989440918	7.374335289001465	7.5679097175598145
5	16	Abby's	14.903315544128418	14.741464614868164	14.920997619628906	15.450117111206055
5	17	mom	6.0251994132995605	4.2548136711120605	4.766401290893555	3.3291616439819336
5	18	said	4.712321758270264	4.454523086547852	2.1569104194641113	2.1978530883789062
5	19	as	5.1229166984558105	4.8987627029418945	4.537386417388916	1.994208812713623
5	20	she	4.859580039978027	1.6286591291427612	0.6520984768867493	0.6932981610298157
5	21	peered	10.004290580749512	6.787671089172363	6.256272792816162	6.61146354675293
5	22	at	2.204263210296631	1.6482727527618408	1.8528354167938232	1.7508702278137207
5	23	the	1.4987046718597412	1.4688769578933716	1.2113838195800781	0.9653898477554321
5	24	tiny	9.426126480102539	9.588404655456543	6.190957069396973	5.69130802154541
5	25	water	7.615135192871094	7.539311408996582	7.873511791229248	8.239053726196289
5	26	snail.	13.384262084960938	11.619489669799805	11.223580360412598	12.055123329162598
5	27	Abby	12.708974838256836	12.768598556518555	11.513264656066895	11.15347957611084
5	28	said	6.207853317260742	5.270563125610352	5.974689960479736	5.40976095199585
5	29	that	2.5322840213775635	3.15047550201416	1.7762371301651	1.7401455640792847
5	30	he	3.27907657623291	2.320624828338623	3.2286019325256348	3.4334664344787598
5	31	would	3.5065248012542725	2.869849681854248	2.5503692626953125	2.7757768630981445
5	32	grow	7.655747413635254	7.756717681884766	8.193502426147461	9.109186172485352
5	33	and	2.423962116241455	2.907611131668091	3.813662528991699	3.9330265522003174
5	34	then	4.55230712890625	5.94868278503418	4.99459171295166	5.254406452178955
5	35	pulled	7.660218238830566	7.033531188964844	8.946464538574219	9.116778373718262
5	36	her	2.914917469024658	2.7150216102600098	2.939594030380249	3.5233397483825684
5	37	pajama	11.175107955932617	9.308553695678711	8.785037994384766	8.864779472351074
5	38	bottoms	1.8895597457885742	1.225377082824707	1.1800892353057861	0.8760232329368591
5	39	up	3.407304525375366	6.474985122680664	4.448127269744873	2.4755911827087402
5	40	again	6.439376354217529	6.189347267150879	6.790882587432861	6.806910991668701
5	41	before	5.800712585449219	4.8964948654174805	4.277844429016113	4.384984970092773
5	42	she	4.313797950744629	3.3583755493164062	3.4071874618530273	3.1462230682373047
5	43	got	5.497663497924805	3.8198955059051514	4.070281028747559	3.839492082595825
5	44	into	4.495393753051758	3.5082993507385254	3.2973990440368652	3.524998903274536
5	45	bed,	9.734050750732422	6.187786102294922	5.033908367156982	3.984006881713867
5	46	for	5.569896697998047	5.976662635803223	6.6598005294799805	6.866765022277832
5	47	they	8.678775787353516	4.165525436401367	4.096635818481445	4.328263282775879
5	48	were	2.7650744915008545	2.1998860836029053	1.5807406902313232	1.3952115774154663
5	49	always	6.2343549728393555	5.979908466339111	5.321039199829102	5.204480171203613
5	50	falling	8.403482437133789	8.20181655883789	7.7147321701049805	7.112491607666016
5	51	down.	5.712619304656982	4.660253524780273	4.310683250427246	4.143699645996094
5	52	Usually,	9.325601577758789	9.370221138000488	9.104053497314453	9.425480842590332
5	53	Abby's	15.412891387939453	14.508405685424805	14.503209114074707	14.239968299865723
5	54	mom	6.0251994132995605	4.08840274810791	4.3630452156066895	4.420383930206299
5	55	got	6.10118293762207	5.312329292297363	5.660610198974609	5.577149868011475
5	56	up	3.945815086364746	3.9314520359039307	3.841421604156494	2.8047213554382324
5	57	at	3.9225544929504395	3.6945507526397705	3.3076579570770264	3.5940568447113037
5	58	the	1.4987046718597412	1.0808426141738892	1.9795955419540405	2.6657135486602783
5	59	crack	10.326677322387695	9.197970390319824	6.494701385498047	2.6787631511688232
5	60	of	3.135754108428955	1.8125598430633545	0.13295356929302216	0.050167910754680634
5	61	dawn,	13.550457000732422	7.081289291381836	2.4926400184631348	1.6040114164352417
5	62	but	3.622210741043091	3.6776669025421143	3.566561460494995	3.5383455753326416
5	63	it	3.077126979827881	2.5737152099609375	2.405888080596924	2.690331220626831
5	64	was	2.4596688747406006	2.04014253616333	0.9240005016326904	0.8885622620582581
5	65	Abby	13.732993125915527	12.968186378479004	11.877673149108887	12.092318534851074
5	66	who	5.887531280517578	3.6581172943115234	0.9250949025154114	0.5581490993499756
5	67	jumped	8.929276466369629	7.971523284912109	7.617489814758301	7.217132568359375
5	68	out	2.547149896621704	2.461641788482666	2.174959659576416	2.5919737815856934
5	69	of	1.5602710247039795	0.5046689510345459	0.41463184356689453	0.4293768107891083
5	70	bed	10.132637977600098	4.799743175506592	2.2562153339385986	4.46497917175293
5	71	first	8.981283187866211	8.76082992553711	7.320899963378906	7.7808942794799805
5	72	the	5.862123966217041	5.331984043121338	6.31081485748291	6.437442302703857
5	73	next	5.9067792892456055	7.138603687286377	2.990213394165039	2.038555145263672
5	74	morning	4.142498016357422	4.632926940917969	3.75407075881958	2.0329785346984863
5	75	and	1.8825823068618774	2.7779712677001953	2.3013854026794434	1.8228181600570679
5	76	switched	10.32719612121582	9.48398494720459	9.111001014709473	8.89287281036377
5	77	on	2.8325212001800537	2.0520217418670654	0.8412134647369385	1.2748935222625732
5	78	the	1.213181972503662	1.6644361019134521	0.6339238882064819	0.3659020662307739
5	79	light	7.414300918579102	8.318098068237305	3.7167491912841797	4.043554782867432
5	80	in	3.901479721069336	4.072693347930908	4.578381538391113	1.786868691444397
5	81	her	5.366942405700684	4.904177188873291	4.1854329109191895	3.921445369720459
5	82	fish	10.579418182373047	10.765034675598145	11.381501197814941	11.5722017288208
5	83	tank,	8.190384864807129	5.591579437255859	2.88516902923584	2.586700201034546
5	84	which	3.08054256439209	3.6156978607177734	3.329707145690918	3.458096981048584
5	85	contained	7.674654960632324	4.749602317810059	4.813003063201904	3.90474271774292
5	86	three	5.486386775970459	5.050646781921387	5.28095006942749	4.378444671630859
5	87	fish.	11.283863067626953	12.419639587402344	12.253666877746582	9.662099838256836
5	88	At	5.018868446350098	4.842213153839111	4.714195251464844	4.651292324066162
5	89	first,	4.336073875427246	4.26493501663208	4.155964374542236	4.682602405548096
5	90	she	5.009060382843018	3.3746492862701416	3.274712085723877	3.272129535675049
5	91	could	4.051194190979004	4.534592628479004	4.37015438079834	4.390931606292725
5	92	see	3.8644492626190186	2.9147777557373047	2.125124454498291	2.8685381412506104
5	93	neither	9.428262710571289	8.116389274597168	7.808765411376953	7.210689067840576
5	94	hide	9.326080322265625	6.291522026062012	5.075561046600342	5.652945041656494
5	95	nor	8.953892707824707	0.45962515473365784	0.014091545715928078	0.013660975731909275
5	96	hair	10.277168273925781	6.588954925537109	3.3024892807006836	0.3060131371021271
5	97	of	4.110714912414551	2.660139560699463	1.009115219116211	0.2885809540748596
5	98	the	1.4737688302993774	1.3874794244766235	1.7706084251403809	1.9639500379562378
5	99	snail,	14.268997192382812	14.352910995483398	12.10446834564209	11.640403747558594
5	100	but	4.269776821136475	3.113940715789795	3.22202730178833	3.202420949935913
5	101	then	4.852505683898926	5.076242446899414	5.013118267059326	5.45368766784668
5	102	she	5.0225725173950195	3.381239414215088	3.3211092948913574	3.2691595554351807
5	103	spotted	8.637344360351562	7.471395969390869	7.043551445007324	5.587892532348633
5	104	him.	5.306621551513672	4.408417224884033	3.8604843616485596	4.277963638305664
5	105	It	3.5904593467712402	3.4640369415283203	3.657991886138916	3.568857192993164
5	106	had	4.623606204986572	3.3934826850891113	3.2348949909210205	3.2889609336853027
5	107	taken	5.47569465637207	3.540574789047241	3.0481247901916504	3.014002799987793
5	108	Abby	13.901490211486816	12.029607772827148	9.765466690063477	10.02658462524414
5	109	a	6.639781951904297	4.3722758293151855	5.768080234527588	1.4160571098327637
5	110	while	8.209600448608398	5.504028797149658	4.776550769805908	2.5284204483032227
5	111	to	5.366632461547852	2.0945723056793213	4.169391632080078	0.3790872395038605
5	112	find	5.1783552169799805	3.6621837615966797	3.3407983779907227	3.6524806022644043
5	113	Sticky	17.503204345703125	15.639400482177734	15.908673286437988	15.913490295410156
5	114	because	8.459611892700195	8.257845878601074	6.742438316345215	7.045614242553711
5	115	he	2.7006382942199707	3.4985530376434326	2.277034282684326	1.625448226928711
5	116	was	2.1642255783081055	1.6216506958007812	1.768221378326416	1.6344791650772095
5	117	clinging	11.973419189453125	9.962934494018555	10.429744720458984	9.241848945617676
5	118	to	0.6465542316436768	0.22730094194412231	0.349514365196228	0.190006822347641
5	119	the	2.180013418197632	1.1872583627700806	1.2838667631149292	1.3186711072921753
5	120	glass	8.745946884155273	8.819174766540527	7.371505260467529	7.267359733581543
5	121	near	8.360118865966797	8.066450119018555	8.565897941589355	8.176969528198242
5	122	the	1.3336421251296997	0.8453021049499512	0.8078793883323669	0.6191653609275818
5	123	bottom,	9.975301742553711	6.51938009262085	6.297018051147461	5.127462863922119
5	124	right	5.210296630859375	5.8569793701171875	6.44749116897583	6.21806001663208
5	125	next	5.7003984451293945	5.920888423919678	3.7806055545806885	2.5030770301818848
5	126	to	2.555957317352295	0.08223240077495575	0.01726561039686203	0.013362526893615723
5	127	the	2.180013418197632	1.325239896774292	1.2973761558532715	0.6337348222732544
5	128	gravel.	14.343521118164062	13.778213500976562	12.219043731689453	12.434127807617188
5	129	At	4.857546329498291	4.924648761749268	4.939760208129883	5.179083347320557
5	130	school	8.373116493225098	8.268360137939453	8.057670593261719	8.506733894348145
5	131	that	5.243050575256348	5.302882671356201	4.0180792808532715	3.233598232269287
5	132	day,	7.913139820098877	5.593554496765137	1.5279114246368408	1.3505321741104126
5	133	Abby,	14.409357070922852	14.282360076904297	13.826757431030273	12.535848617553711
5	134	encouraged	10.915849685668945	11.288213729858398	10.614665985107422	10.494003295898438
5	135	by	1.9596128463745117	1.4288833141326904	0.7003411650657654	0.5955633521080017
5	136	her	5.77619743347168	4.547885894775391	1.6102490425109863	1.558561086654663
5	137	teacher,	9.706811904907227	7.541136741638184	6.247879981994629	5.57293701171875
5	138	wrote	7.452987194061279	8.62685489654541	8.810523986816406	8.131582260131836
5	139	excitedly	12.885408401489258	9.79714298248291	8.851156234741211	9.28227424621582
5	140	about	3.980175495147705	1.9289124011993408	2.826476573944092	2.714548110961914
5	141	the	1.6507329940795898	1.2335028648376465	1.1706125736236572	1.0586274862289429
5	142	small	7.177242279052734	7.935705184936523	7.454384803771973	7.532125473022461
5	143	and	3.3389766216278076	4.24349308013916	4.102958679199219	4.359707832336426
5	144	mysterious	11.74315071105957	10.309598922729492	8.251448631286621	6.773176193237305
5	145	Mr.	8.315961837768555	6.889448165893555	8.246593475341797	7.471397876739502
5	146	Sticky,	15.761119842529297	12.19504165649414	12.939616203308105	12.944649696350098
5	147	who	4.896390914916992	2.931424140930176	1.5502880811691284	1.8603739738464355
5	148	you	5.521250247955322	6.50732421875	6.604284286499023	5.993023872375488
5	149	could	4.834184646606445	5.672962665557861	4.254295349121094	4.467706680297852
5	150	mistake	10.762262344360352	10.110366821289062	9.053378105163574	6.1548662185668945
5	151	for	3.577003240585327	2.989736557006836	2.0192337036132812	0.2567136883735657
5	152	a	2.5906777381896973	2.619767189025879	0.9530507922172546	0.8616588115692139
5	153	piece	6.759724140167236	7.360599040985107	7.741423606872559	6.290230751037598
5	154	of	0.49031731486320496	0.1613868772983551	0.12730002403259277	0.18700361251831055
5	155	gravel.	14.256103515625	10.200433731079102	10.144039154052734	10.305902481079102
5	156	He	3.1229021549224854	2.9605138301849365	2.6343841552734375	2.6044161319732666
5	157	seemed	6.628978729248047	5.551231861114502	5.812231063842773	5.978646278381348
5	158	an	6.623386859893799	6.482205390930176	6.166438102722168	6.14595890045166
5	159	ideal	6.484055519104004	4.3183794021606445	4.180619239807129	4.931568145751953
5	160	pet	9.286837577819824	9.2316312789917	9.55240249633789	8.553592681884766
5	161	for	4.594959259033203	4.0319037437438965	1.4263437986373901	0.5192054510116577
5	162	her,	7.731576919555664	6.078527450561523	7.022123336791992	7.307211875915527
5	163	some	7.326303005218506	7.071930885314941	6.9616594314575195	7.660334587097168
5	164	of	2.0302252769470215	1.7582132816314697	1.7933059930801392	2.722344398498535
5	165	the	1.4737688302993774	0.5879877805709839	1.03936767578125	1.1821304559707642
5	166	girls	9.013043403625488	8.701916694641113	6.778145790100098	4.298994064331055
5	167	in	2.7855491638183594	3.067706823348999	2.5736474990844727	2.737971544265747
5	168	her	5.366942405700684	4.086585521697998	3.7285075187683105	3.584305763244629
5	169	class	9.67189884185791	7.710206985473633	2.9230730533599854	2.310537338256836
5	170	teased,	19.77978515625	16.18391227722168	17.398788452148438	12.362214088439941
5	171	because	4.971073627471924	5.286259174346924	4.939510345458984	5.600746154785156
5	172	Abby	12.243265151977539	9.596940994262695	10.904916763305664	9.973774909973145
5	173	was	3.4066619873046875	2.0458927154541016	1.5235822200775146	1.7142680883407593
5	174	also	4.16816520690918	5.2556891441345215	5.743350505828857	5.737695693969727
5	175	very	5.823089599609375	5.180232048034668	4.036669731140137	4.853782653808594
5	176	small.	6.388967514038086	6.150055885314941	7.1335906982421875	7.63520622253418
5	177	That	5.16560173034668	5.048428535461426	5.281249046325684	5.512564659118652
5	178	evening,	7.499597549438477	8.866924285888672	9.302507400512695	9.581805229187012
5	179	Abby	11.178190231323242	9.308856964111328	9.520976066589355	9.568819046020508
5	180	turned	7.345868110656738	5.827977180480957	6.353536605834961	6.593328952789307
5	181	on	3.1842355728149414	3.6521952152252197	2.290355682373047	1.7686583995819092
5	182	the	1.213181972503662	1.5610384941101074	0.9714505076408386	0.5247581005096436
5	183	light	7.414300918579102	8.318098068237305	3.599464178085327	3.3126683235168457
5	184	and	2.707685708999634	3.320538282394409	3.414015769958496	1.0044496059417725
5	185	found	7.535784721374512	7.6056108474731445	6.906726837158203	7.193467617034912
5	186	Mr.	8.993486404418945	7.829672813415527	6.795811653137207	6.639494895935059
5	187	Sticky	13.271076202392578	13.057472229003906	13.48475456237793	13.474838256835938
5	188	clinging	12.267547607421875	13.145106315612793	8.590536117553711	7.346001148223877
5	189	to	0.6465542316436768	0.5873135328292847	0.2272537350654602	0.12697601318359375
5	190	the	2.180013418197632	1.1872583627700806	1.0307514667510986	1.1430072784423828
5	191	pond	11.253152847290039	11.559782981872559	12.061190605163574	11.444602966308594
5	192	weed	11.467233657836914	9.402925491333008	9.791305541992188	5.79719352722168
5	193	and	2.3734993934631348	2.3962044715881348	2.3300352096557617	2.225292205810547
5	194	bobbing	13.984355926513672	13.89688491821289	10.276056289672852	10.134289741516113
5	195	about	3.9276623725891113	3.8201026916503906	5.326225280761719	4.479339599609375
5	196	in	5.540323257446289	0.8100610971450806	1.083194375038147	0.8023264408111572
5	197	the	1.3686838150024414	1.2130485773086548	0.4689236283302307	0.48636409640312195
5	198	air	7.95662784576416	6.681783676147461	6.198061943054199	5.7214813232421875
5	199	bubbles.	9.137414932250977	8.732468605041504	9.492826461791992	9.264376640319824
5	200	'That	11.813902854919434	12.180275917053223	12.332582473754883	12.760871887207031
5	201	looks	5.189376354217529	5.203119277954102	4.516050815582275	4.681422233581543
5	202	fun!'	16.70978546142578	9.701226234436035	8.187429428100586	8.817160606384277
5	203	Abby	9.760381698608398	9.514892578125	9.318976402282715	9.05217456817627
5	204	exclaimed.	11.789010047912598	5.843610763549805	5.746761322021484	4.991728782653809
5	205	She	3.7052226066589355	3.008134365081787	2.7049636840820312	2.4763779640197754
5	206	tried	6.803365707397461	5.3767547607421875	5.651610851287842	5.593685150146484
5	207	to	0.6739252805709839	0.20850378274917603	0.15799036622047424	0.1731858104467392
5	208	imagine	8.381245613098145	5.247297286987305	4.169689655303955	5.295848846435547
5	209	what	3.1501097679138184	2.7332563400268555	1.3312886953353882	1.3457001447677612
5	210	it	3.4937870502471924	1.6864013671875	1.7682812213897705	1.4390833377838135
5	211	must	5.647726058959961	5.890813827514648	1.8196756839752197	2.0638489723205566
5	212	be	1.0680124759674072	0.6245402693748474	1.0708751678466797	0.7725797295570374
5	213	like	6.4033203125	8.124168395996094	7.022634506225586	0.664474606513977
5	214	to	2.466524839401245	2.777677059173584	3.5802838802337646	2.5330283641815186
5	215	have	4.3862786293029785	3.0128018856048584	1.7869462966918945	1.971097469329834
5	216	to	2.394484758377075	3.5784339904785156	5.162642478942871	3.029780387878418
5	217	hang	8.676200866699219	7.569303035736084	7.72147274017334	7.807459831237793
5	218	on	2.028275489807129	2.3033037185668945	2.156451940536499	2.303370714187622
5	219	to	4.925946235656738	1.223773717880249	0.7867502570152283	0.8295485377311707
5	220	things	9.174277305603027	8.726014137268066	6.418856143951416	6.727453231811523
5	221	all	6.628286838531494	7.039690971374512	8.112478256225586	6.133703708648682
5	222	day	5.731863498687744	4.6128830909729	3.519531488418579	3.8394880294799805
5	223	and	2.5397257804870605	2.2310283184051514	2.0944321155548096	2.0950541496276855
5	224	decided	8.909992218017578	8.13664436340332	7.542508602142334	7.663240909576416
5	225	the	3.927069902420044	4.043789386749268	4.713027000427246	4.51347541809082
5	226	answer	8.295673370361328	5.97990608215332	5.906266689300537	5.6850690841674805
5	227	was	4.147463798522949	3.322986602783203	0.9684844017028809	1.0537729263305664
5	228	that	5.175118923187256	2.5921614170074463	3.533982992172241	3.7048025131225586
5	229	it	3.832268238067627	3.001204490661621	2.5709962844848633	2.540347099304199
5	230	was	2.4596688747406006	1.7996422052383423	0.8840911388397217	0.8988837003707886
5	231	probably	6.13123893737793	5.769786834716797	5.867095947265625	6.013223648071289
5	232	very	6.139206886291504	6.005865097045898	5.940646171569824	6.026914596557617
5	233	tiring.	13.702079772949219	11.055538177490234	9.842610359191895	9.220527648925781
5	234	Abby	11.250407218933105	11.569250106811523	11.778807640075684	10.724599838256836
5	235	told	5.944880485534668	5.391513347625732	5.080625534057617	5.106522083282471
5	236	her	2.7689743041992188	2.4535255432128906	2.247620105743408	2.705397129058838
5	237	mom	8.662053108215332	6.559133529663086	3.996371269226074	4.238583087921143
5	238	that	4.609332084655762	4.602404594421387	1.7500191926956177	1.266524076461792
5	239	she	4.497393608093262	2.416332244873047	1.4121724367141724	1.1356151103973389
5	240	thought	5.203886032104492	5.299609184265137	5.866682052612305	5.015683650970459
5	241	Sticky	16.625606536865234	15.764296531677246	15.19722843170166	15.028764724731445
5	242	had	8.018028259277344	2.300710678100586	2.3072760105133057	2.329139471054077
5	243	grown	5.848599910736084	6.238670349121094	6.230711936950684	6.367555618286133
5	244	a	4.775586128234863	4.2660980224609375	3.666884183883667	2.9260692596435547
5	245	bit	5.672130107879639	4.08640193939209	2.7545406818389893	2.753443956375122
5	246	the	5.444500923156738	6.568758010864258	6.657085418701172	7.54564905166626
5	247	next	5.9067792892456055	8.226362228393555	5.254219055175781	3.932973861694336
5	248	day	3.140469789505005	3.7734971046447754	2.5353612899780273	1.9523844718933105
5	249	at	4.278794765472412	3.1556925773620605	3.4043078422546387	3.067739963531494
5	250	breakfast.	11.703649520874023	8.616231918334961	6.610918998718262	6.669281005859375
5	251	'Just	11.315792083740234	9.992077827453613	10.412493705749512	9.634258270263672
5	252	as	3.0067756175994873	3.3376710414886475	2.9724888801574707	3.0295217037200928
5	253	well	2.871506690979004	3.516447067260742	1.3852081298828125	1.257321834564209
5	254	if	6.18448543548584	6.936305046081543	4.228573799133301	5.083019256591797
5	255	he's	5.880809307098389	6.449141502380371	6.562891960144043	4.848196029663086
5	256	going	3.459139823913574	3.142747402191162	2.8517205715179443	2.9277617931365967
5	257	to	0.5377582311630249	0.17772743105888367	0.1070273295044899	0.080265112221241
5	258	be	3.0100271701812744	1.6170763969421387	1.763808250427246	1.673150658607483
5	259	gobbled	14.479412078857422	13.02585506439209	12.896940231323242	13.873380661010742
5	260	up	0.5063571333885193	0.37435758113861084	0.3684341311454773	0.3321267366409302
5	261	like	6.065637588500977	5.272796630859375	3.977168560028076	4.588502883911133
5	262	that,'	9.72780704498291	8.110340118408203	11.898452758789062	10.786569595336914
5	263	her	6.76574182510376	6.364532470703125	6.127572059631348	6.452579975128174
5	264	mom	8.662053108215332	5.030209541320801	4.880210876464844	4.725128650665283
5	265	responded	9.972679138183594	9.867305755615234	6.666130065917969	6.88676643371582
5	266	who	9.565407752990723	8.084476470947266	10.106598854064941	10.395275115966797
5	267	was	3.2742245197296143	2.7493255138397217	1.9775828123092651	1.907957911491394
5	268	busy	8.570870399475098	6.6578168869018555	7.462242126464844	7.180942058563232
5	269	preparing	8.707033157348633	4.717806816101074	4.341145038604736	4.416359901428223
5	270	breakfast.	12.017007827758789	8.61058521270752	6.982203960418701	6.151087284088135
5	271	Abby	10.575042724609375	9.918318748474121	9.04046630859375	8.910709381103516
5	272	whined	11.397085189819336	9.877867698669434	9.87178897857666	9.838799476623535
5	273	that	2.7826013565063477	2.43981671333313	3.109311103820801	2.817145347595215
5	274	she	4.497393608093262	3.125762462615967	1.1207623481750488	0.632519543170929
5	275	didn't	5.002097129821777	4.545619010925293	3.05332612991333	2.478358745574951
5	276	want	2.758418560028076	2.1723945140838623	1.807721734046936	1.491119623184204
5	277	him	4.636102199554443	3.5236005783081055	3.051175594329834	2.948458194732666
5	278	to	2.0475192070007324	0.5977430939674377	0.49868232011795044	0.44848746061325073
5	279	get	4.580440998077393	4.107127666473389	3.4725325107574463	3.0210185050964355
5	280	too	5.494539260864258	6.749741554260254	7.374785423278809	5.072251319885254
5	281	big	5.013885974884033	4.0402960777282715	4.078678131103516	3.7688326835632324
5	282	or	6.0204668045043945	3.6709930896759033	2.8106894493103027	3.264051675796509
5	283	he	6.417599678039551	6.77086067199707	7.718799591064453	6.525190353393555
5	284	wouldn't	6.208868980407715	4.790229797363281	4.643758296966553	4.537517547607422
5	285	be	1.7002066373825073	1.7927522659301758	1.5001535415649414	1.3973844051361084
5	286	cute	10.567940711975098	10.330957412719727	11.103336334228516	11.699678421020508
5	287	anymore.	11.249557495117188	8.020404815673828	4.496029853820801	3.4238133430480957
5	288	'Small	15.970468521118164	16.3017520904541	16.28983497619629	15.84377384185791
5	289	things,	8.506294250488281	5.881725311279297	6.977187633514404	7.100996971130371
5	290	not	4.692142486572266	5.2256760597229	5.143943786621094	5.39811372756958
5	291	big	9.15495777130127	6.889929294586182	2.256824493408203	2.223856210708618
5	292	things,	7.846038818359375	8.871926307678223	1.9279625415802002	1.9150824546813965
5	293	are	5.534737586975098	6.457101821899414	5.750635623931885	6.645463466644287
5	294	cute,	12.115029335021973	12.090455055236816	12.088740348815918	12.894620895385742
5	295	right?'	10.844557762145996	10.575946807861328	12.492877960205078	13.332763671875
5	296	she	2.4799861907958984	2.543874740600586	2.5632171630859375	2.7721846103668213
5	297	asked,	6.796180725097656	2.372455358505249	2.535677433013916	2.5015933513641357
5	298	half	6.505954742431641	6.752232551574707	6.3882246017456055	6.759613990783691
5	299	to	4.593629837036133	3.8310189247131348	3.121368169784546	1.6429202556610107
5	300	herself.	10.880228042602539	7.935735702514648	2.8608603477478027	1.4575631618499756
5	301	The	2.9504973888397217	3.274165630340576	3.5599842071533203	3.708287477493286
5	302	next	5.9745306968688965	4.950203895568848	4.807707786560059	4.979331016540527
5	303	day	3.140469789505005	2.2152256965637207	1.984950304031372	2.0084004402160645
5	304	in	3.1873044967651367	3.328240394592285	4.498411178588867	4.763136863708496
5	305	art	9.43917179107666	10.524040222167969	10.793638229370117	9.247647285461426
5	306	class,	8.089244842529297	8.19636058807373	4.40907096862793	2.232452869415283
5	307	Abby	13.80546760559082	10.832145690917969	10.326821327209473	9.380622863769531
5	308	needed	7.877554416656494	7.334031105041504	6.448115825653076	7.206821918487549
5	309	two	6.438210964202881	6.690306663513184	6.183383464813232	6.130928993225098
5	310	pieces	6.381028175354004	6.457935810089111	6.519905090332031	5.745752811431885
5	311	of	0.9609079360961914	0.38425782322883606	0.32716843485832214	0.22953461110591888
5	312	paper	8.73902702331543	3.7052581310272217	3.685434103012085	4.309927940368652
5	313	that	4.394207000732422	3.79006028175354	2.843914031982422	2.8327112197875977
5	314	were	5.481668472290039	6.928239345550537	4.573681831359863	2.391014337539673
5	315	very	5.528535842895508	5.835076332092285	5.678945541381836	6.046578407287598
5	316	expensive,	7.674371242523193	7.474728107452393	6.812549591064453	7.104615211486816
5	317	to	5.111556053161621	5.536241054534912	5.695347309112549	4.961091995239258
5	318	draw	7.413928985595703	8.592902183532715	8.479841232299805	9.268678665161133
5	319	an	4.8857293128967285	4.138303756713867	4.337038516998291	4.011513710021973
5	320	elephant,	10.303311347961426	9.82713508605957	9.444220542907715	8.835644721984863
5	321	but	3.589782476425171	2.937427282333374	2.524106740951538	2.2890048027038574
5	322	the	2.655514717102051	2.508139133453369	2.6511166095733643	2.6894450187683105
5	323	teacher	9.4956693649292	8.591665267944336	9.440130233764648	8.660014152526855
5	324	didn't	7.739590644836426	6.3946943283081055	4.277794361114502	3.7327675819396973
5	325	mind	5.943145751953125	5.494372844696045	5.345763206481934	5.5292558670043945
5	326	Abby	14.147254943847656	11.719083786010742	11.188298225402832	11.36072063446045
5	327	using	8.40428352355957	8.253509521484375	5.03976583480835	4.3006591796875
5	328	the	1.6229207515716553	1.5632190704345703	1.5936882495880127	1.4469163417816162
5	329	expensive	11.31413459777832	11.035923957824707	9.7418212890625	9.808174133300781
5	330	paper	8.919622421264648	7.388909816741943	7.709433555603027	6.879281044006348
5	331	because	7.57014799118042	6.5366315841674805	6.654519081115723	5.836223602294922
5	332	she	3.8442533016204834	4.782155513763428	6.105186462402344	4.410463333129883
5	333	was	2.315664768218994	1.5456446409225464	1.8896937370300293	2.351384162902832
5	334	pleased	8.221161842346191	7.589105606079102	8.944867134094238	7.3003411293029785
5	335	with	1.4341455698013306	1.5623329877853394	1.4677704572677612	1.1711536645889282
5	336	the	1.7724734544754028	0.9700281620025635	0.8573348522186279	0.9669140577316284
5	337	drawing	9.636636734008789	10.121603965759277	9.156219482421875	9.112544059753418
5	338	and	3.822758436203003	3.419630765914917	3.288872003555298	1.81696617603302
5	339	wanted	9.292732238769531	8.555797576904297	8.44210147857666	8.691448211669922
5	340	it	4.427112102508545	4.566918849945068	4.260279178619385	3.2323086261749268
5	341	on	4.6209282875061035	5.452314376831055	4.846548080444336	4.588789939880371
5	342	the	1.213181972503662	1.3689508438110352	1.2154191732406616	1.2392953634262085
5	343	wall.	10.062110900878906	7.706700325012207	6.775324821472168	6.259592056274414
5	344	The	1.9620115756988525	2.1992909908294678	2.282864809036255	2.6295619010925293
5	345	teacher,	12.251299858093262	12.377134323120117	11.478492736816406	10.670268058776855
5	346	who	3.392979621887207	2.090505599975586	2.16599702835083	2.1051435470581055
5	347	was	3.2742245197296143	2.0097293853759766	1.4378174543380737	1.215943455696106
5	348	always	6.048219680786133	5.474664688110352	4.787848949432373	5.761015892028809
5	349	very	5.941465377807617	4.247381687164307	3.8660237789154053	3.4068899154663086
5	350	encouraging,	11.016075134277344	8.396732330322266	8.534247398376465	8.308380126953125
5	351	remarked	11.528169631958008	11.2476167678833	11.064021110534668	11.552295684814453
5	352	that	1.2952240705490112	1.2969560623168945	1.6720296144485474	1.3267858028411865
5	353	the	2.0494112968444824	1.6948914527893066	1.7353633642196655	1.6504247188568115
5	354	drawing	9.636636734008789	9.98906135559082	9.447937965393066	9.852981567382812
5	355	Abby	13.737754821777344	16.499908447265625	14.838859558105469	15.191658973693848
5	356	had	3.6420576572418213	5.6295623779296875	2.9588463306427	1.6618465185165405
5	357	made	5.114246368408203	4.481285095214844	3.831207275390625	1.561208724975586
5	358	was	7.934397220611572	6.308649063110352	5.679724216461182	5.302399635314941
5	359	very	4.997517108917236	5.475522041320801	5.2923479080200195	4.81615686416626
5	360	creative	8.656527519226074	7.710563659667969	7.7909979820251465	9.705403327941895
5	361	and	2.37477445602417	1.2434622049331665	0.7578942775726318	0.28943973779678345
5	362	beamed	12.868961334228516	16.954111099243164	16.16756820678711	13.840873718261719
5	363	at	2.2665822505950928	1.8281747102737427	3.3234081268310547	3.248053550720215
5	364	Abby,	14.962196350097656	11.611939430236816	11.378264427185059	12.222379684448242
5	365	giving	7.941064357757568	6.500908374786377	5.756475925445557	5.212833404541016
5	366	her	3.695859670639038	1.0101313591003418	0.5671197175979614	0.2554556727409363
5	367	the	5.622809410095215	2.2521746158599854	2.219097852706909	2.531184434890747
5	368	seal	10.512886047363281	8.925163269042969	8.689644813537598	8.508517265319824
5	369	of	2.671724796295166	2.2245469093322754	0.5954775810241699	0.347270667552948
5	370	approval.	12.288460731506348	4.654782295227051	6.1960062980651855	5.094101905822754
5	371	Back	9.354758262634277	8.69950008392334	8.074225425720215	8.249109268188477
5	372	at	3.941345691680908	2.664785385131836	2.673532485961914	3.078608512878418
5	373	home,	6.3531999588012695	2.7465908527374268	3.020921468734741	2.837392807006836
5	374	Mom,	11.170076370239258	10.768594741821289	11.023703575134277	10.85665225982666
5	375	convinced	11.277281761169434	11.496170997619629	11.628005027770996	10.042525291442871
5	376	by	3.418447494506836	3.437350273132324	4.589908599853516	4.840834140777588
5	377	Abby	12.230392456054688	13.706907272338867	9.397056579589844	9.020878791809082
5	378	to	4.268615245819092	4.4222564697265625	1.7859241962432861	1.4922494888305664
5	379	clean	8.20730972290039	6.817930221557617	7.466743469238281	7.613741397857666
5	380	out	4.9872894287109375	3.668551445007324	3.026087522506714	2.9960708618164062
5	381	the	3.0494792461395264	0.9486347436904907	0.8210344314575195	0.7669146060943604
5	382	tank,	11.615795135498047	11.5775728225708	7.963013648986816	7.454991817474365
5	383	was	5.296816825866699	5.723516464233398	6.096731185913086	6.8973164558410645
5	384	cleaning	11.314367294311523	9.635259628295898	8.933835983276367	7.993500232696533
5	385	with	5.304503440856934	6.229294776916504	5.919824600219727	5.794572830200195
5	386	a	2.1084108352661133	1.7612817287445068	1.418785810470581	0.7353376150131226
5	387	special	6.665085792541504	6.459994316101074	5.369833946228027	5.3196024894714355
5	388	vacuum,	13.308309555053711	14.482187271118164	14.499229431152344	8.278555870056152
5	389	or	3.6858484745025635	3.7600350379943848	3.4029057025909424	3.7269389629364014
5	390	'hoover'.	22.922563552856445	21.055803298950195	19.609296798706055	17.383193969726562
5	391	'Where's	11.973004341125488	11.662928581237793	13.413837432861328	12.81132698059082
5	392	Mr.	6.005512714385986	6.937601566314697	7.993886470794678	8.213117599487305
5	393	Sticky?'	22.498855590820312	14.13646411895752	14.800475120544434	12.731152534484863
5	394	Abby	9.690407752990723	9.455906867980957	9.228419303894043	9.6978178024292
5	395	asked	8.192280769348145	2.7264904975891113	2.605663537979126	2.510235548019409
5	396	first	8.561759948730469	9.461318969726562	10.836874961853027	10.547648429870605
5	397	thing	4.711183071136475	4.297769069671631	3.8950843811035156	2.1786956787109375
5	398	when	5.491802215576172	5.0724663734436035	3.5082883834838867	2.7119743824005127
5	399	she	3.5291061401367188	3.679536819458008	3.892209768295288	3.0675034523010254
5	400	came	5.2096452713012695	4.02058744430542	3.6223554611206055	2.731769561767578
5	401	home	4.520144939422607	3.374899387359619	2.828807830810547	2.733900547027588
5	402	from	3.801612377166748	1.812610387802124	1.5109816789627075	1.112935185432434
5	403	school.	9.777549743652344	4.262223243713379	3.931295871734619	3.595402956008911
5	404	'On	13.061119079589844	13.043365478515625	12.97978401184082	12.886725425720215
5	405	the	0.9909132719039917	1.0008655786514282	1.1049615144729614	1.1092464923858643
5	406	side,'	17.8620548248291	11.509038925170898	8.00477409362793	7.76753044128418
5	407	Mom	9.465028762817383	8.544583320617676	8.767330169677734	8.4612398147583
5	408	replied.	9.991243362426758	6.142739772796631	6.505251884460449	6.248673915863037
5	409	And	5.074566841125488	5.670039176940918	5.412017822265625	5.026329040527344
5	410	then	2.968653440475464	2.2847938537597656	1.780718207359314	1.690138339996338
5	411	she	5.0225725173950195	3.202287435531616	1.736714243888855	0.8739889860153198
5	412	added,	6.792104721069336	6.061628341674805	5.256727695465088	3.170020580291748
5	413	'Don't	9.436264991760254	8.796993255615234	7.667668342590332	7.289130687713623
5	414	worry.	5.457891464233398	3.3492627143859863	3.510165214538574	3.300110101699829
5	415	I	2.305532932281494	1.9078925848007202	1.7566256523132324	1.7789667844772339
5	416	went	5.506373405456543	5.627476215362549	6.6489152908325195	6.71073579788208
5	417	extra	9.577275276184082	11.058231353759766	11.02917194366455	11.028216361999512
5	418	slowly	10.224372863769531	7.3522467613220215	6.23972225189209	5.57246208190918
5	419	since	6.129823684692383	6.257833003997803	5.462335109710693	5.003695011138916
5	420	it's	5.672158241271973	6.325240612030029	4.130099773406982	4.617905616760254
5	421	better	5.417476177215576	6.681745529174805	8.345998764038086	7.476030349731445
5	422	to	3.2128753662109375	0.5656043291091919	0.725870668888092	0.5551530122756958
5	423	be	3.0100271701812744	2.7266037464141846	2.6376872062683105	2.4909234046936035
5	424	safe	7.579449653625488	7.160735130310059	2.3606762886047363	1.8891503810882568
5	425	than	6.119960784912109	6.169554233551025	5.037381649017334	0.17606355249881744
5	426	sorry.'	17.687110900878906	11.600824356079102	6.212965965270996	6.8813581466674805
5	427	Abby	9.373058319091797	10.36259937286377	10.393061637878418	10.108318328857422
5	428	looked	6.037492275238037	3.4320180416107178	3.4677398204803467	3.585895299911499
5	429	on	5.007661819458008	5.770544052124023	6.379549026489258	6.323860168457031
5	430	all	5.424246788024902	5.819838523864746	6.467247009277344	6.317296504974365
5	431	sides	7.823433876037598	3.277728319168091	2.3254036903381348	3.7352046966552734
5	432	of	0.723270058631897	0.9633719325065613	1.7251479625701904	1.5071910619735718
5	433	the	1.4737688302993774	0.438626766204834	0.5896223783493042	0.6817820072174072
5	434	tank,	11.615795135498047	11.094136238098145	8.30672550201416	8.896900177001953
5	435	but	3.4022951126098633	3.2031970024108887	3.360286235809326	3.617067337036133
5	436	there	4.4121479988098145	4.178476333618164	4.223405361175537	4.125033378601074
5	437	was	2.1493215560913086	1.6430859565734863	1.2526557445526123	1.0632579326629639
5	438	no	4.312295913696289	1.413299560546875	1.054663896560669	0.8733583092689514
5	439	sign	6.1266632080078125	4.544757843017578	4.662881851196289	3.101578950881958
5	440	of	1.5291961431503296	0.1355752795934677	0.1336027830839157	0.1166224554181099
5	441	the	1.4737688302993774	1.7200255393981934	2.0331196784973145	1.7163827419281006
5	442	water	7.276157379150391	7.439711570739746	7.937717914581299	7.5043230056762695
5	443	snail	10.583463668823242	11.528545379638672	10.887962341308594	10.6314115524292
5	444	that	3.5739755630493164	3.511225461959839	4.2104315757751465	4.521671295166016
5	445	she	4.497393608093262	5.655612945556641	8.527917861938477	4.864329814910889
5	446	had	2.9027035236358643	1.990492582321167	1.6724361181259155	1.85542631149292
5	447	discovered	7.478237152099609	6.522490501403809	6.295212268829346	5.07565450668335
5	448	a	2.968065023422241	2.0824363231658936	2.2769999504089355	1.901700496673584
5	449	couple	5.960265159606934	5.2819013595581055	5.708209037780762	5.859582901000977
5	450	of	0.5173203349113464	0.2920421063899994	0.20333988964557648	0.16071471571922302
5	451	days	8.55211067199707	3.159731864929199	3.395883321762085	3.233847141265869
5	452	ago.	6.208108901977539	6.191798210144043	4.085305213928223	3.8390026092529297
5	453	She	4.288445472717285	3.7887792587280273	3.562187910079956	3.6566390991210938
5	454	was	2.2592546939849854	1.7130047082901	1.7430181503295898	1.8378804922103882
5	455	very	4.997517108917236	4.143483638763428	4.404585838317871	4.314447402954102
5	456	sad.	8.416513442993164	7.0450639724731445	7.522077560424805	7.629788875579834
5	457	Her	5.206363677978516	5.5338592529296875	5.216529846191406	3.347536563873291
5	458	mom	7.918974876403809	5.8656816482543945	5.369316101074219	4.984975337982178
5	459	said	4.712321758270264	3.698801040649414	3.6297411918640137	3.4330124855041504
5	460	to	3.009586811065674	2.606151580810547	3.1969621181488037	3.6231584548950195
5	461	wait	7.899296760559082	9.306806564331055	7.118326187133789	5.699987411499023
5	462	a	2.9919400215148926	2.9677271842956543	2.8041210174560547	2.0650618076324463
5	463	few	4.649507522583008	1.457420825958252	1.2792423963546753	1.3480032682418823
5	464	hours	3.9143662452697754	3.918175220489502	3.445526361465454	3.0554089546203613
5	465	until	5.398919105529785	5.006353378295898	5.210204124450684	3.1105518341064453
5	466	the	1.6017860174179077	1.5231741666793823	1.511491060256958	1.6221777200698853
5	467	water	7.276157379150391	5.448699951171875	4.50318717956543	5.059234142303467
5	468	clears	12.71013355255127	11.551324844360352	7.374844551086426	7.182380676269531
5	469	to	5.685654640197754	4.374380111694336	3.739990472793579	3.765047073364258
5	470	take	4.959149360656738	5.686953544616699	5.896048545837402	5.6602253913879395
5	471	another	6.030133247375488	5.462620735168457	4.616646766662598	4.01597785949707
5	472	careful	10.842605590820312	9.139981269836426	9.446067810058594	9.439068794250488
5	473	look.	8.503426551818848	3.3892126083374023	2.912684917449951	2.548764705657959
5	474	That	5.127778053283691	5.411200046539307	5.692839622497559	5.218398571014404
5	475	evening,	7.499597549438477	7.53239631652832	7.2961907386779785	7.318354606628418
5	476	Abby	11.178190231323242	9.308856964111328	9.129149436950684	9.408445358276367
5	477	went	6.006580829620361	4.10841703414917	3.5729708671569824	3.6126396656036377
5	478	up	3.376699924468994	3.8676679134368896	3.831951856613159	3.9464662075042725
5	479	to	1.8520309925079346	1.2395553588867188	0.5857310891151428	0.25000301003456116
5	480	her	5.867611408233643	4.70887565612793	3.2941927909851074	1.693950891494751
5	481	bedroom	7.109531402587891	6.756244659423828	6.23723030090332	4.180019855499268
5	482	to	3.608304738998413	3.266106128692627	2.3274590969085693	1.9898817539215088
5	483	check	6.801460266113281	5.030935287475586	4.328880786895752	4.146912097930908
5	484	the	2.271552085876465	1.9186214208602905	2.6619393825531006	2.7774243354797363
5	485	tank	9.845785140991211	10.775520324707031	10.219003677368164	9.49138069152832
5	486	again.	9.029212951660156	8.545050621032715	6.243586540222168	6.006080627441406
5	487	The	2.6689565181732178	2.244389533996582	2.0961782932281494	2.390841007232666
5	488	water	7.327479362487793	6.42880916595459	4.228079319000244	3.7494208812713623
5	489	had	7.447673797607422	4.009326934814453	3.3098502159118652	3.4028966426849365
5	490	settled	7.955660820007324	5.498286247253418	6.037687301635742	5.627355575561523
5	491	and	3.4255895614624023	4.237695693969727	1.9859176874160767	2.447788953781128
5	492	looked	8.406689643859863	7.6232709884643555	6.800893783569336	6.920718669891357
5	493	clear,	9.93775749206543	12.563148498535156	11.616613388061523	11.536114692687988
5	494	but	3.068760395050049	2.055281639099121	2.4880356788635254	2.3428993225097656
5	495	Abby	12.047677993774414	11.958142280578613	10.75600814819336	11.697025299072266
5	496	could	5.739261150360107	4.7095136642456055	4.255452632904053	3.0116796493530273
5	497	not	2.338412284851074	2.381434440612793	2.111677646636963	2.4726154804229736
5	498	see	6.072675704956055	4.255206108093262	3.3497114181518555	2.7718517780303955
5	499	Mr.	7.667440891265869	7.469870090484619	7.372645854949951	7.2442827224731445
5	500	Sticky.	16.946407318115234	16.124784469604492	16.701934814453125	16.160911560058594
5	501	Abby	12.330219268798828	11.652817726135254	11.761116027832031	11.283682823181152
5	502	kneeled	11.770842552185059	9.885655403137207	9.884300231933594	10.937206268310547
5	503	down	1.4974149465560913	1.2083477973937988	1.4103379249572754	0.9523278474807739
5	504	to	2.0162200927734375	1.8612326383590698	1.918539047241211	1.9741532802581787
5	505	have	4.3862786293029785	6.548713207244873	5.615278244018555	6.046571254730225
5	506	another	6.707110404968262	6.004812240600586	4.788242816925049	4.356019973754883
5	507	look	6.571963310241699	4.435826301574707	3.446720838546753	2.008638381958008
5	508	in	4.2451581954956055	3.9484455585479736	3.8191072940826416	3.557471752166748
5	509	the	1.3686838150024414	1.0838512182235718	0.8455212712287903	1.1632990837097168
5	510	tank	9.845785140991211	9.46878433227539	9.83234691619873	10.238802909851074
5	511	that	4.158121109008789	4.475597858428955	4.137444019317627	4.200693130493164
5	512	her	6.33225154876709	7.657285690307617	7.068389892578125	7.075628280639648
5	513	mom	8.662053108215332	6.415498733520508	4.728795051574707	4.977294445037842
5	514	had	3.7773051261901855	2.9299192428588867	2.0085842609405518	1.187240719795227
5	515	cleared	9.65560531616211	9.117252349853516	9.431669235229492	9.40473461151123
5	516	so	6.808979034423828	6.948570251464844	7.187540531158447	6.973397731781006
5	517	thoroughly,	11.77074146270752	10.154940605163574	7.278346061706543	7.936006546020508
5	518	but	2.9154105186462402	3.3880133628845215	3.740011692047119	3.444880485534668
5	519	Mr.	7.887968063354492	8.563154220581055	8.289824485778809	7.735828399658203
5	520	Sticky	13.271076202392578	12.778313636779785	12.79820728302002	12.852636337280273
5	521	was	5.953492164611816	3.9805028438568115	2.8997066020965576	2.777876377105713
5	522	still	5.304815292358398	4.734400749206543	4.378396987915039	3.508855104446411
5	523	nowhere	9.747032165527344	8.071768760681152	7.2374749183654785	7.318994045257568
5	524	to	1.9676799774169922	1.2552399635314941	0.6222115159034729	0.27309727668762207
5	525	be	3.0100271701812744	2.0098495483398438	0.2587129771709442	0.040340982377529144
5	526	found.	8.16723918914795	7.498461723327637	1.6053221225738525	1.7662873268127441
5	527	Abby	13.537115097045898	12.844232559204102	12.174711227416992	10.952892303466797
5	528	was	3.4066619873046875	2.16939115524292	2.523747682571411	2.347816228866577
5	529	a	2.6166157722473145	2.9256978034973145	3.173288106918335	2.837766408920288
5	530	bundle	9.076615333557129	9.196039199829102	7.155477046966553	6.864664077758789
5	531	of	2.2317914962768555	0.585678219795227	0.12408822029829025	0.04234986752271652
5	532	nerves	11.518590927124023	6.981304168701172	5.262618541717529	3.2841458320617676
5	533	as	4.528118133544922	4.371617794036865	4.86897087097168	4.544659614562988
5	534	she	4.859580039978027	2.6559884548187256	3.2760252952575684	2.499767303466797
5	535	descended	8.6115140914917	7.679403781890869	7.6641621589660645	7.450595855712891
5	536	the	3.0783963203430176	1.2648780345916748	0.6192691922187805	0.6249411106109619
5	537	stairs.	11.08077335357666	3.954758405685425	3.1372902393341064	2.5675883293151855
5	538	In	4.240246772766113	4.390522003173828	4.287323474884033	4.037400245666504
5	539	the	1.7719136476516724	0.9133227467536926	0.8395079374313354	0.6063533425331116
5	540	study,	8.460372924804688	6.817268371582031	6.61246395111084	5.886458873748779
5	541	surrounded	13.111125946044922	12.080615043640137	13.298493385314941	9.733267784118652
5	542	by	0.25053709745407104	0.16758081316947937	0.18325275182724	0.0923297181725502
5	543	books	11.271684646606445	8.841090202331543	7.548303604125977	8.003368377685547
5	544	and	1.7945584058761597	1.2242169380187988	0.6823753118515015	0.48070549964904785
5	545	papers,	12.735353469848633	6.51907205581665	5.373761177062988	4.967059135437012
5	546	her	6.9498796463012695	6.534964561462402	6.420989513397217	6.614789009094238
5	547	mom	8.662053108215332	8.155047416687012	8.657707214355469	8.787617683410645
5	548	was	3.2554547786712646	2.7938709259033203	2.7194559574127197	2.9610369205474854
5	549	working	6.3831682205200195	5.583827972412109	5.876461982727051	4.67075252532959
5	550	and	3.7025885581970215	4.328177452087402	2.5981926918029785	2.5739428997039795
5	551	she	6.00670051574707	5.686063766479492	4.0495524406433105	2.6553640365600586
5	552	looked	5.355445861816406	4.570049285888672	5.251766204833984	5.381564140319824
5	553	impatient	11.900786399841309	11.141136169433594	10.395194053649902	10.120665550231934
5	554	when	5.408440589904785	3.774641990661621	3.6659741401672363	3.2341232299804688
5	555	she	3.5291061401367188	3.0758790969848633	2.234898567199707	1.8193564414978027
5	556	saw	5.12751579284668	3.3764965534210205	2.723726272583008	2.9171643257141113
5	557	Abby	11.079029083251953	10.449291229248047	9.79214859008789	9.400003433227539
5	558	in	4.63944149017334	2.7469165325164795	3.1858723163604736	3.0827510356903076
5	559	the	1.3686838150024414	1.3898413181304932	0.8604618906974792	0.6733141541481018
5	560	doorway	11.11202335357666	9.577632904052734	7.0123701095581055	4.215665817260742
5	561	and	1.633504867553711	1.747426986694336	1.8221220970153809	1.9727697372436523
5	562	even	6.218949317932129	8.353211402893066	8.174825668334961	8.102926254272461
5	563	more	2.6164894104003906	3.3806121349334717	3.4426255226135254	3.4969677925109863
5	564	worried	9.145461082458496	7.33193302154541	8.049365043640137	6.4909467697143555
5	565	when	5.525112628936768	4.907209396362305	2.7618751525878906	2.9414405822753906
5	566	she	3.5291061401367188	2.5468759536743164	2.7373757362365723	1.888493299484253
5	567	heard	5.767974853515625	3.866990089416504	3.0156493186950684	3.100918769836426
5	568	the	2.1138577461242676	1.5795732736587524	1.3239022493362427	1.639522910118103
5	569	bad	9.180951118469238	7.399860858917236	8.423513412475586	7.257685661315918
5	570	news.	4.308863639831543	4.183682441711426	1.716578483581543	1.438744306564331
5	571	'He'll	13.251291275024414	13.209814071655273	12.237180709838867	12.00451946258545
5	572	turn	5.451004981994629	5.462396621704102	5.997084617614746	6.347872257232666
5	573	up,'	11.724666595458984	3.8506696224212646	2.550173044204712	2.5798568725585938
5	574	Mom	9.07987117767334	9.281318664550781	8.8570556640625	9.258363723754883
5	575	said,	5.669186115264893	1.939247727394104	2.040043830871582	2.0715417861938477
5	576	and	3.2488059997558594	3.204986572265625	2.2755322456359863	2.4215784072875977
5	577	that	4.984804630279541	4.361967086791992	4.4629645347595215	5.020872116088867
5	578	was	4.486698627471924	3.9869225025177	2.0828495025634766	0.9636181592941284
5	579	that.	9.934659957885742	8.836769104003906	4.574525356292725	3.5948805809020996
5	580	Then,	7.143011093139648	7.404413223266602	7.1763505935668945	6.896162033081055
5	581	to	4.594363689422607	4.526003360748291	4.150547981262207	4.088440418243408
5	582	add	6.440681457519531	5.820657730102539	3.770777702331543	3.398212432861328
5	583	fuel	8.01479721069336	6.7769598960876465	6.129668712615967	4.942303657531738
5	584	to	3.761537790298462	0.6138049364089966	0.08295109868049622	0.056703243404626846
5	585	the	2.180013418197632	1.5685577392578125	0.40422287583351135	0.3689470887184143
5	586	flames,	11.653229713439941	11.727996826171875	7.898453235626221	5.5543389320373535
5	587	she	4.937155723571777	4.363048553466797	4.52217960357666	4.903680324554443
5	588	raised	6.952181816101074	6.301690578460693	5.966259956359863	5.783362865447998
5	589	her	3.836522102355957	0.7664145827293396	0.4473663866519928	0.43259313702583313
5	590	tone	8.85818099975586	7.975162982940674	8.419793128967285	9.932321548461914
5	591	of	1.7119863033294678	3.4122772216796875	2.7051916122436523	2.5308034420013428
5	592	voice	9.814207077026367	2.696798801422119	1.126689076423645	1.034498691558838
5	593	and	2.1401166915893555	1.740509271621704	1.9091792106628418	1.8398417234420776
5	594	said	7.586098670959473	6.425051689147949	8.503159523010254	7.047789573669434
5	595	dismissively,	13.294620513916016	11.538355827331543	9.347086906433105	9.76176929473877
5	596	'For	9.898667335510254	9.866840362548828	8.064716339111328	8.338814735412598
5	597	the	1.8938796520233154	2.1271495819091797	2.2280147075653076	2.1557183265686035
5	598	time	5.603659629821777	4.104854106903076	3.683448076248169	3.077554225921631
5	599	being,	6.973258972167969	5.723563194274902	1.4561289548873901	0.9841887354850769
5	600	go	8.200607299804688	7.664677143096924	7.105524063110352	6.282378196716309
5	601	to	1.9147382974624634	1.5597063302993774	1.6898605823516846	1.6854931116104126
5	602	bed,	10.558095932006836	5.614907741546631	6.020203113555908	5.721709728240967
5	603	Abby.	14.480779647827148	13.113893508911133	12.483098983764648	14.505631446838379
5	604	I've	6.147414207458496	5.013058185577393	4.900882720947266	4.764825344085693
5	605	got	2.6183204650878906	2.1968469619750977	1.429090976715088	1.0130969285964966
5	606	masses	13.306591987609863	11.37454605102539	10.961718559265137	10.493563652038574
5	607	of	1.842174768447876	0.3540661633014679	0.18258036673069	0.2633339762687683
5	608	work	8.260992050170898	8.799847602844238	5.5457563400268555	4.443511009216309
5	609	to	3.525920867919922	2.990413188934326	2.5436747074127197	0.5800350904464722
5	610	catch	7.7670183181762695	7.531961441040039	7.490774154663086	6.190098285675049
5	611	up	2.207308769226074	1.9172718524932861	1.142430305480957	0.5689827799797058
5	612	on.'	13.915863990783691	12.608602523803711	12.781085968017578	10.28084659576416
5	613	Abby	10.542499542236328	10.43429183959961	9.66157054901123	9.69390869140625
5	614	had	3.6420576572418213	3.386841297149658	3.3250770568847656	3.4305412769317627
5	615	a	2.2275938987731934	3.084580421447754	2.679734945297241	2.556687355041504
5	616	quick	6.917966842651367	7.179986000061035	6.241655349731445	4.806180953979492
5	617	temper	9.252628326416016	9.304130554199219	6.899438858032227	6.077809810638428
5	618	and	1.5089757442474365	1.161973237991333	0.8652951717376709	0.5742406845092773
5	619	she	6.00670051574707	6.163552284240723	5.1975178718566895	4.842988967895508
5	620	was	2.315664768218994	2.083902597427368	2.1506855487823486	2.0070834159851074
5	621	angry	8.637527465820312	7.156569480895996	7.034718990325928	5.381288528442383
5	622	as	4.475180149078369	4.683958053588867	5.273345470428467	4.626743793487549
5	623	hell.	11.004104614257812	5.459132194519043	3.142249584197998	3.032876491546631
5	624	'You've	12.485675811767578	12.300849914550781	9.813860893249512	10.233253479003906
5	625	hoovered	13.622478485107422	13.415764808654785	13.293845176696777	13.788978576660156
5	626	him	5.247840404510498	4.707858562469482	4.512575149536133	4.520096778869629
5	627	up,	6.171248912811279	2.59259033203125	2.511683702468872	2.4290714263916016
5	628	haven't	10.202884674072266	10.81142807006836	13.100858688354492	1.5403722524642944
5	629	you?'	8.780921936035156	4.294136047363281	4.199292182922363	4.80406379699707
5	630	she	2.2629969120025635	2.2778995037078857	2.1898412704467773	2.005215644836426
5	631	said	4.297758102416992	2.782254934310913	2.452655076980591	2.2604410648345947
5	632	accusingly.	13.251518249511719	9.513257026672363	6.641116142272949	6.413874626159668
5	633	Abby's	13.919661521911621	13.588279724121094	13.537094116210938	14.16174602508545
5	634	mom	6.0251994132995605	6.0786452293396	6.160816192626953	5.791845321655273
5	635	denied	8.787832260131836	10.475741386413574	8.94046688079834	8.677318572998047
5	636	Abby's	15.015175819396973	12.113367080688477	4.952415466308594	7.282589912414551
5	637	version	8.652024269104004	6.562203407287598	6.361991882324219	5.402036666870117
5	638	of	0.6551012992858887	0.2777436673641205	0.08566993474960327	0.10229121148586273
5	639	the	1.4737688302993774	0.904536783695221	1.3943850994110107	0.9218324422836304
5	640	story	7.419836044311523	7.795380592346191	4.5572662353515625	2.658792495727539
5	641	was	3.7291417121887207	3.775712728500366	3.4696133136749268	3.2949888706207275
5	642	true	8.314739227294922	5.811186790466309	5.913257598876953	6.507290363311768
5	643	and	3.0447449684143066	2.772118330001831	1.5260570049285889	1.2593516111373901
5	644	said	7.586098670959473	8.156627655029297	6.072646617889404	6.114186763763428
5	645	that	2.5322840213775635	2.204479217529297	1.6289334297180176	1.6127817630767822
5	646	she	4.497393608093262	3.4075021743774414	2.844109058380127	3.0446691513061523
5	647	was	2.315664768218994	1.6460027694702148	1.6976808309555054	1.6333259344100952
5	648	careful,	12.554643630981445	11.47445011138916	12.016573905944824	12.181180000305176
5	649	but	2.950495719909668	2.5774571895599365	2.414979934692383	2.1590652465820312
5	650	because	5.912371635437012	6.5570220947265625	6.938081741333008	6.709689140319824
5	651	Mr.	7.5917487144470215	7.6188507080078125	8.432188034057617	8.126806259155273
5	652	Sticky	13.271076202392578	14.22885513305664	14.109350204467773	13.066322326660156
5	653	was	5.953492164611816	3.9805028438568115	2.400758743286133	2.6251354217529297
5	654	so	5.147419452667236	4.865084648132324	4.625570297241211	4.600052833557129
5	655	small	6.167595863342285	5.697414398193359	5.6703643798828125	6.620838165283203
5	656	he	7.99362850189209	5.060125350952148	3.2407257556915283	2.576395273208618
5	657	was	2.1642255783081055	2.675307273864746	2.7394728660583496	2.5858750343322754
5	658	hard	7.464280605316162	8.312423706054688	7.331608772277832	3.986048460006714
5	659	to	1.185347557067871	0.5223352909088135	1.4284170866012573	0.41724950075149536
5	660	see.	9.184635162353516	6.766783714294434	5.452217102050781	4.996474266052246
5	661	'What's	10.79723834991455	10.829671859741211	11.253527641296387	10.662315368652344
5	662	wrong	3.4934020042419434	3.57069730758667	3.6218113899230957	3.4702258110046387
5	663	with	1.8461099863052368	0.06667202711105347	0.06529754400253296	0.07073533535003662
5	664	being	8.214183807373047	5.168922424316406	4.670936584472656	5.546584606170654
5	665	small?'	18.263198852539062	19.01897621154785	13.952188491821289	8.25284481048584
5	666	'Nothing	9.444808959960938	10.087111473083496	9.966712951660156	8.881926536560059
5	667	at	2.848768472671509	1.5525946617126465	2.000490665435791	2.135218858718872
5	668	all,	5.744201183319092	2.8607311248779297	2.186206817626953	2.7479207515716553
5	669	but	2.931246519088745	2.2204465866088867	3.870426893234253	4.012988090515137
5	670	it	3.077126979827881	2.774820566177368	2.729562282562256	3.276350736618042
5	671	makes	5.743847846984863	5.391837120056152	4.921245098114014	4.4764251708984375
5	672	things	5.705070495605469	5.122075080871582	4.710960388183594	4.614587306976318
5	673	hard	9.665400505065918	5.337092876434326	5.26664400100708	5.129786968231201
5	674	to	1.185347557067871	0.9464319944381714	1.5723016262054443	1.0650250911712646
5	675	find.'	16.391414642333984	11.564291954040527	11.1454496383667	10.980982780456543
5	676	'Or	11.439315795898438	10.9703369140625	11.485600471496582	11.253676414489746
5	677	notice,'	14.876350402832031	12.690930366516113	12.04686450958252	10.873709678649902
5	678	Abby	9.484601020812988	10.776862144470215	10.696980476379395	10.193428039550781
5	679	said,	6.280945777893066	2.057535171508789	1.3889497518539429	2.4900331497192383
5	680	suddenly	8.324437141418457	6.441479682922363	6.078817367553711	6.465334892272949
5	681	feeling	7.31852912902832	2.772968292236328	2.841291666030884	2.829850196838379
5	682	like	3.032578945159912	2.2469069957733154	3.002110004425049	2.753286600112915
5	683	the	2.4312150478363037	3.046381711959839	2.8918697834014893	2.7394440174102783
5	684	small,	10.774894714355469	10.569528579711914	10.492572784423828	9.59455680847168
5	685	overlooked	11.09490966796875	8.954446792602539	9.044139862060547	6.944698810577393
5	686	Mr.	9.44209098815918	12.270793914794922	12.256776809692383	11.535820007324219
5	687	Sticky	13.271076202392578	12.373706817626953	11.453028678894043	11.275391578674316
5	688	herself	10.96249008178711	11.954587936401367	12.218265533447266	12.438720703125
5	689	and	2.357454776763916	2.3606882095336914	2.973468065261841	1.9126932621002197
5	690	storming	12.870586395263672	12.453619956970215	11.711148262023926	12.872344017028809
5	691	from	5.567506790161133	4.732670783996582	4.13757848739624	4.235388278961182
5	692	the	1.3691444396972656	0.7116408348083496	0.9337405562400818	0.1419067531824112
5	693	room.	8.84432315826416	8.576431274414062	4.896218299865723	3.219791889190674
5	694	The	2.258969306945801	2.3802921772003174	2.4748878479003906	2.4936838150024414
5	695	door	7.556473255157471	3.929126739501953	3.9165945053100586	3.141249179840088
5	696	to	2.3378303050994873	2.5011188983917236	2.5570614337921143	2.6427717208862305
5	697	the	2.180013418197632	1.1157066822052002	0.6307054758071899	0.4524443745613098
5	698	bedroom	9.588529586791992	9.463400840759277	5.187234878540039	3.932779550552368
5	699	opened	9.191000938415527	8.500313758850098	10.386185646057129	7.062446117401123
5	700	a	2.5757904052734375	4.120553016662598	3.9955410957336426	2.938227653503418
5	701	few	4.649507522583008	4.7532758712768555	2.7665514945983887	2.806609630584717
5	702	minutes	3.6791670322418213	3.346923589706421	3.095141887664795	1.78187894821167
5	703	later	4.130816459655762	3.0240488052368164	3.200589895248413	2.172616958618164
5	704	and	3.808896064758301	2.4392967224121094	2.6183042526245117	2.273956060409546
5	705	Mom's	13.696484565734863	13.398088455200195	12.76638412475586	12.770580291748047
5	706	face	5.159169673919678	5.452455997467041	3.996931552886963	3.488318920135498
5	707	appeared.	11.001930236816406	8.160093307495117	8.022855758666992	7.410798072814941
5	708	She	3.323639392852783	2.8842082023620605	1.4735095500946045	1.725027322769165
5	709	was	2.2592546939849854	1.6413148641586304	1.0075064897537231	1.2313060760498047
5	710	there	6.526012420654297	6.051320552825928	6.247284412384033	7.392475128173828
5	711	to	4.416658401489258	2.0528528690338135	1.5470973253250122	1.4529705047607422
5	712	try	6.680104732513428	5.401358604431152	5.496376037597656	5.420854568481445
5	713	to	0.6616233587265015	0.8735462427139282	0.6526291370391846	0.6378515958786011
5	714	make	4.563215732574463	3.267791271209717	3.0821762084960938	3.0159409046173096
5	715	up	3.3903825283050537	4.170466899871826	4.389096736907959	3.5576043128967285
5	716	for	3.357184648513794	1.5468416213989258	0.7546693682670593	0.582089364528656
5	717	having	7.225642204284668	8.202624320983887	6.190456390380859	6.145077705383301
5	718	been	3.7910420894622803	2.900679349899292	3.5231902599334717	3.1376075744628906
5	719	insensitive	11.392716407775879	12.425673484802246	10.002593994140625	9.084188461303711
5	720	earlier.	13.202526092529297	11.14319133758545	8.660259246826172	8.483365058898926
5	721	She	4.552924633026123	5.142724990844727	3.7816741466522217	3.1056129932403564
5	722	had	3.10899019241333	2.3728013038635254	2.404623508453369	2.2016215324401855
5	723	put	6.496943473815918	5.800624847412109	5.7739973068237305	5.787995338439941
5	724	her	3.565826892852783	3.0882930755615234	1.921202301979065	2.0415501594543457
5	725	work	6.478968620300293	7.213779926300049	7.4957170486450195	6.048214912414551
5	726	on	2.584205389022827	2.6412551403045654	1.810063362121582	1.6041101217269897
5	727	the	1.213181972503662	1.5158727169036865	1.0939311981201172	1.1188313961029053
5	728	back	7.78920841217041	5.463458061218262	6.909832954406738	7.744497299194336
5	729	burner	11.392263412475586	6.88083553314209	4.5902323722839355	3.6473307609558105
5	730	and	2.7963860034942627	2.3545806407928467	2.204523801803589	2.416893482208252
5	731	occupied	10.837413787841797	12.028349876403809	10.750797271728516	10.476909637451172
5	732	herself	8.279393196105957	6.856045246124268	6.044806003570557	3.123662233352661
5	733	with	3.6861484050750732	1.0850087404251099	0.5019315481185913	0.5577758550643921
5	734	Sticky.	18.641395568847656	17.18704605102539	18.49985122680664	18.00624656677246
5	735	Abby,	15.18713092803955	15.583805084228516	13.442384719848633	14.035360336303711
5	736	who	2.966780662536621	2.6375732421875	2.4099040031433105	2.394270896911621
5	737	was	3.2742245197296143	1.8268812894821167	1.9034470319747925	1.7823573350906372
5	738	breathing	10.247998237609863	9.762332916259766	8.849824905395508	9.064411163330078
5	739	fire	6.934690475463867	4.948062419891357	5.3962531089782715	6.597702980041504
5	740	all	6.71934700012207	4.885992527008057	4.173135757446289	4.882668495178223
5	741	on	5.931511878967285	5.559505462646484	6.526269912719727	6.588876724243164
5	742	account	7.70673942565918	5.514525890350342	5.351540565490723	3.666546583175659
5	743	of	1.6961272954940796	0.06543286144733429	0.06788240373134613	0.08597436547279358
5	744	the	1.4737688302993774	1.0386983156204224	1.2725921869277954	1.4544172286987305
5	745	little	7.964140892028809	8.08120346069336	7.822183609008789	7.274724006652832
5	746	snail,	14.631831169128418	11.555981636047363	11.401765823364258	12.263994216918945
5	747	tried	12.664274215698242	9.184782981872559	8.747180938720703	9.082927703857422
5	748	to	0.6739252805709839	0.4208090901374817	0.233943909406662	0.25562211871147156
5	749	ignore	8.228493690490723	6.139894485473633	6.138904571533203	7.170512676239014
5	750	her,	6.296625137329102	6.469144344329834	4.046315670013428	4.766420364379883
5	751	but	2.6013803482055664	2.2568907737731934	1.986301302909851	0.6620674729347229
5	752	it	3.077126979827881	3.125683307647705	3.092254400253296	3.183875799179077
5	753	was	2.4596688747406006	2.04014253616333	1.039958119392395	0.9837856292724609
5	754	hard	7.464280605316162	5.401421070098877	4.649935722351074	3.709749460220337
5	755	when	6.109330654144287	5.771771430969238	6.530041217803955	5.63900089263916
5	756	Mom	11.350993156433105	10.288593292236328	7.815987586975098	8.061832427978516
5	757	walked	8.662833213806152	6.085883140563965	5.172318458557129	5.65202522277832
5	758	over	3.1266720294952393	2.844602346420288	4.429226875305176	4.560398101806641
5	759	to	3.421426773071289	0.29371878504753113	0.4202769100666046	0.553489089012146
5	760	the	2.180013418197632	1.0570967197418213	0.8274575471878052	1.1032350063323975
5	761	bed	9.097325325012207	8.65280818939209	5.4519429206848145	3.7186737060546875
5	762	and	1.8311586380004883	1.4264695644378662	1.0426814556121826	0.44064414501190186
5	763	sat	8.752345085144043	5.00870418548584	4.473628997802734	3.6663074493408203
5	764	next	4.3223724365234375	4.2142157554626465	4.182854175567627	3.7896358966827393
5	765	to	2.555957317352295	0.026472806930541992	0.01593531109392643	0.009323284961283207
5	766	her.	8.12596607208252	4.580593585968018	3.6042890548706055	3.0599679946899414
5	767	Mom,	12.295360565185547	11.936426162719727	12.012615203857422	11.677142143249512
5	768	who	3.9368796348571777	3.549673080444336	3.668586254119873	3.322866439819336
5	769	Abby	15.262313842773438	12.499594688415527	11.545270919799805	11.800389289855957
5	770	still	7.290876865386963	7.035913467407227	5.700999736785889	4.862395763397217
5	771	strained	12.993487358093262	10.27825927734375	13.077526092529297	12.1476469039917
5	772	to	3.127990961074829	2.0942633152008057	0.8416233062744141	0.4466559886932373
5	773	remain	7.459249973297119	4.660122394561768	5.240623474121094	5.6372246742248535
5	774	upset	9.74345588684082	11.369688034057617	11.061836242675781	10.411148071289062
5	775	with,	8.340557098388672	7.506505012512207	7.514926433563232	9.616273880004883
5	776	had	6.616200923919678	6.771547317504883	7.226395606994629	6.8500518798828125
5	777	gone	5.1080732345581055	4.710791110992432	4.56878137588501	4.9304962158203125
5	778	out	3.8270316123962402	3.4577248096466064	3.1429290771484375	3.3037548065185547
5	779	to	2.8825085163116455	2.0347776412963867	1.5670666694641113	1.3725613355636597
5	780	find	5.1783552169799805	5.41212272644043	4.647561550140381	4.188407897949219
5	781	her	5.082223892211914	4.699375152587891	3.8201684951782227	3.514177083969116
5	782	glasses	9.443058967590332	8.848714828491211	8.460330963134766	8.920805931091309
5	783	in	3.6876702308654785	3.633809804916382	2.715924024581909	2.4387545585632324
5	784	order	5.225509166717529	4.2662153244018555	3.034958600997925	6.418249607086182
5	785	to	0.7208384871482849	0.0774073377251625	0.060352083295583725	0.049285516142845154
5	786	search	7.914481163024902	7.018014430999756	7.357212066650391	7.5722198486328125
5	787	for	1.3490134477615356	0.7656125426292419	0.3977920711040497	0.4219709038734436
5	788	Sticky	15.242862701416016	15.26369857788086	15.391742706298828	16.96923065185547
5	789	more	10.438211441040039	11.231793403625488	11.049654006958008	10.989736557006836
5	790	effectively.	9.765835762023926	7.35957145690918	6.763538837432861	6.675796031951904
5	791	'This	11.691243171691895	11.778375625610352	11.934518814086914	11.876381874084473
5	792	is	0.9152354598045349	0.8211667537689209	0.8813847899436951	0.7752317190170288
5	793	my	5.56383752822876	2.916273593902588	3.2903428077697754	3.3681588172912598
5	794	new	6.046662330627441	5.007647514343262	4.362055778503418	4.839690208435059
5	795	and	2.0465357303619385	5.769747257232666	5.179234504699707	5.633056163787842
5	796	extra	10.238409996032715	9.481075286865234	8.832151412963867	9.314751625061035
5	797	powerful	9.661927223205566	8.48339557647705	5.629922866821289	4.719374656677246
5	798	pair	9.088218688964844	8.1837797164917	8.98315143585205	8.78526782989502
5	799	I	8.256889343261719	8.041339874267578	7.955088138580322	8.465444564819336
5	800	have	2.890766143798828	3.014801263809204	1.431161880493164	1.7802019119262695
5	801	for	6.185952186584473	6.203385353088379	4.411457538604736	5.440860748291016
5	802	important	9.643159866333008	9.650815963745117	10.111854553222656	11.429245948791504
5	803	occasions	9.224038124084473	9.515267372131348	7.12443733215332	6.726737976074219
5	804	like	5.282155990600586	3.148937225341797	2.001910924911499	2.0861566066741943
5	805	snail	12.82542896270752	15.806602478027344	14.962992668151855	14.787519454956055
5	806	hunting,'	17.09031867980957	14.306391716003418	11.902920722961426	11.448232650756836
5	807	she	2.621034622192383	2.6702990531921387	2.3926846981048584	2.474189281463623
5	808	said.	4.107186794281006	1.655368447303772	1.8136166334152222	1.7715938091278076
5	809	She	4.655979633331299	3.127659320831299	3.647718906402588	3.721132755279541
5	810	smiled	5.851711273193359	4.858791351318359	5.103329658508301	4.73112154006958
5	811	at	1.7199053764343262	1.6884368658065796	1.2635245323181152	1.3440474271774292
5	812	Abby,	14.962196350097656	10.82354736328125	10.279827117919922	9.87734603881836
5	813	trying	7.028576374053955	5.44700288772583	4.881344795227051	4.8501386642456055
5	814	to	0.07584257423877716	0.17664699256420135	0.15545646846294403	0.14398877322673798
5	815	butter	11.275154113769531	10.788994789123535	9.933537483215332	10.300697326660156
5	816	her	7.1043853759765625	3.689866304397583	3.1531670093536377	0.993964433670044
5	817	up,	7.637236595153809	3.792970657348633	2.740692615509033	2.088153600692749
5	818	but	3.0758039951324463	2.5001423358917236	2.685213088989258	2.3788046836853027
5	819	Abby	12.047677993774414	10.825753211975098	9.10016918182373	10.134961128234863
5	820	didn't	5.898822784423828	4.6537885665893555	3.307178020477295	3.198082208633423
5	821	smile	8.857126235961914	7.262190341949463	7.219820499420166	7.821563720703125
5	822	back.	8.113000869750977	2.7421388626098633	2.215991497039795	1.9802442789077759
5	823	Abby	10.607465744018555	9.975946426391602	9.607645034790039	4.917304039001465
5	824	believed	8.38035774230957	7.937371253967285	7.899642467498779	7.620074272155762
5	825	her	5.449934005737305	3.6592674255371094	3.918672561645508	3.793391466140747
5	826	mom's	10.413122177124023	9.5853910446167	7.288271903991699	7.093449592590332
5	827	idea	7.281797885894775	7.194487571716309	4.821572303771973	4.746835708618164
5	828	would	5.246212482452393	7.043551921844482	6.728960990905762	4.2917609214782715
5	829	not	3.0077552795410156	3.936866283416748	4.4410834312438965	4.1193366050720215
5	830	succeed,	11.428455352783203	9.743871688842773	8.612101554870605	9.774812698364258
5	831	but	2.583362340927124	2.8243722915649414	2.32891583442688	2.232395648956299
5	832	then	4.852505683898926	5.088041305541992	4.889908790588379	4.962338447570801
5	833	she	5.0225725173950195	3.381239414215088	3.681004047393799	3.668717861175537
5	834	had	2.9027035236358643	3.4311118125915527	3.3998355865478516	3.1680054664611816
5	835	an	4.6570658683776855	4.881244659423828	4.429086685180664	4.524832248687744
5	836	idea	5.820026874542236	4.429117202758789	4.196013450622559	4.049152374267578
5	837	of	1.1977708339691162	1.2145962715148926	1.5769708156585693	1.8180632591247559
5	838	her	5.505876541137695	5.9214982986450195	5.55797815322876	5.125309467315674
5	839	own.	7.2412824630737305	5.646180152893066	4.469330787658691	4.667247295379639
5	840	'I've	10.572488784790039	9.725492477416992	9.614776611328125	9.90715217590332
5	841	got	1.776058554649353	1.968301773071289	2.146573066711426	2.1737732887268066
5	842	a	1.9058626890182495	1.3865541219711304	1.4266526699066162	1.4988068342208862
5	843	magnifying	11.65787410736084	11.108223915100098	10.63550853729248	10.396721839904785
5	844	glass,'	10.366666793823242	9.449728012084961	7.180694580078125	2.686417579650879
5	845	Abby	9.422740936279297	9.901925086975098	9.454156875610352	9.044411659240723
5	846	suddenly	7.737569332122803	6.94987154006958	6.952751159667969	7.283127307891846
5	847	remembered	7.679029941558838	4.109468460083008	4.826467990875244	4.9912309646606445
5	848	and	4.026559829711914	4.4494123458862305	5.005889892578125	1.7170734405517578
5	849	rushed	10.55171012878418	9.760505676269531	5.512677192687988	5.337810516357422
5	850	off	5.484638214111328	3.536355495452881	3.5156028270721436	3.598360776901245
5	851	to	3.0424067974090576	0.6494531631469727	0.5721766948699951	0.5686771869659424
5	852	find	5.1783552169799805	4.977741718292236	3.5723628997802734	2.8336732387542725
5	853	it.	6.349305629730225	5.846966743469238	5.40920352935791	5.4764404296875
5	854	On	5.6552042961120605	5.669931411743164	5.507300853729248	5.406838417053223
5	855	the	0.9224925637245178	0.7664568424224854	0.7554226517677307	0.8487535715103149
5	856	floor	8.080119132995605	6.393208026885986	5.821798324584961	5.777606964111328
5	857	beside	6.553672790527344	5.446550369262695	3.2689566612243652	2.688725471496582
5	858	each	6.113770961761475	6.431546211242676	6.350606918334961	6.134010314941406
5	859	other	2.9991745948791504	1.5366981029510498	1.4240492582321167	2.2182743549346924
5	860	they	8.82693862915039	6.465396881103516	5.953898906707764	6.029943943023682
5	861	sat,	10.788525581359863	9.446703910827637	10.137777328491211	6.9962382316589355
5	862	shuffling	9.716989517211914	9.457797050476074	9.271820068359375	9.569104194641113
5	863	around	3.254669189453125	4.092484474182129	3.463372230529785	3.828702211380005
5	864	the	1.2614864110946655	1.680173635482788	1.5409659147262573	1.498348593711853
5	865	tank,	11.615795135498047	10.403076171875	10.439653396606445	10.784412384033203
5	866	looking	8.001091003417969	7.279160499572754	5.408965587615967	3.5889031887054443
5	867	all	6.937253952026367	5.8280744552612305	5.569928169250488	5.691878795623779
5	868	over	3.769693374633789	2.4974191188812256	3.2160849571228027	3.1159093379974365
5	869	the	1.3402059078216553	0.6080750226974487	0.7246171832084656	0.801602840423584
5	870	place	7.459292411804199	6.857186317443848	3.102741241455078	1.8040623664855957
5	871	and	3.273303508758545	3.473945140838623	1.5837780237197876	1.3869301080703735
5	872	peering	11.783500671386719	11.319962501525879	10.712557792663574	10.600553512573242
5	873	into	1.882716417312622	1.7458126544952393	1.8975803852081299	2.0659968852996826
5	874	the	1.1791348457336426	0.5870349407196045	0.5821608901023865	0.6320299506187439
5	875	corners	10.30825424194336	8.351387023925781	6.43244743347168	6.182031631469727
5	876	among	8.738181114196777	9.62752914428711	9.528820991516113	8.5460786819458
5	877	the	1.4583534002304077	0.8996975421905518	0.8277077674865723	0.38644638657569885
5	878	big	7.879308700561523	7.340266227722168	6.755876541137695	6.3727006912231445
5	879	pebbles	10.505006790161133	13.329280853271484	14.057147026062012	11.905291557312012
5	880	and	1.675223708152771	2.038778066635132	2.021969795227051	1.8463374376296997
5	881	the	2.795388698577881	3.1421291828155518	3.108576536178589	1.953506588935852
5	882	pond	11.253152847290039	11.344578742980957	9.444740295410156	8.429548263549805
5	883	weed.	13.20369815826416	11.33101749420166	10.10826587677002	6.587565898895264
5	884	Abby	11.177616119384766	11.89294719696045	11.732293128967285	12.769100189208984
5	885	tried	6.353539943695068	5.913287162780762	5.624481678009033	5.606645584106445
5	886	to	0.6739252805709839	0.23207229375839233	0.2882131040096283	0.2575668394565582
5	887	imagine,	11.688570022583008	10.035843849182129	10.067769050598145	10.917984008789062
5	888	if	3.8468780517578125	4.0195512771606445	3.6559858322143555	3.495372772216797
5	889	she	3.8592469692230225	4.479747295379639	3.9054112434387207	2.5749316215515137
5	890	were	6.494426727294922	2.8244285583496094	2.0750954151153564	2.180290699005127
5	891	Sticky,	20.532825469970703	19.29657745361328	19.29090118408203	19.172117233276367
5	892	a	3.7723517417907715	4.062145233154297	3.7067086696624756	3.6843502521514893
5	893	little	4.897584915161133	5.277012825012207	4.481524467468262	3.7853446006774902
5	894	water	6.812686920166016	6.7535529136657715	6.930392742156982	8.808016777038574
5	895	snail,	11.905900001525879	13.86260986328125	13.664453506469727	10.382533073425293
5	896	where	6.742198467254639	7.154795169830322	6.800906181335449	7.228806495666504
5	897	would	7.459419250488281	7.318341255187988	7.721684455871582	4.746095657348633
5	898	she	7.179225444793701	3.357637405395508	3.650099277496338	3.916071891784668
5	899	hide	11.548076629638672	7.174338340759277	4.0716166496276855	4.328633785247803
5	900	out?	10.347877502441406	8.89391040802002	8.781618118286133	5.867936134338379
5	901	At	5.912469387054443	5.667103290557861	5.969207763671875	5.923113822937012
5	902	one	4.584666728973389	3.9955673217773438	4.329890727996826	4.28125
5	903	point	4.891969680786133	1.3589956760406494	1.0368062257766724	1.2137227058410645
5	904	she	6.718583583831787	4.244658470153809	3.316530227661133	3.3844902515411377
5	905	thought	5.203886032104492	4.959742546081543	4.637085914611816	4.489216327667236
5	906	she	3.969654083251953	1.7872675657272339	1.1767585277557373	1.109788179397583
5	907	saw	5.12751579284668	4.466835021972656	2.638721466064453	1.94779634475708
5	908	him,	5.035127639770508	4.899285316467285	5.0775346755981445	5.522088050842285
5	909	but	2.7495951652526855	2.938734292984009	3.499662399291992	1.6625051498413086
5	910	it	3.077126979827881	3.0682010650634766	3.0730483531951904	3.133009910583496
5	911	wasn't	6.165555000305176	4.232913017272949	3.1667416095733643	2.509800910949707
5	912	the	3.0610709190368652	2.835059642791748	2.4891910552978516	2.515690565109253
5	913	water	7.276157379150391	8.62789249420166	7.751051425933838	8.006510734558105
5	914	snail.	13.384262084960938	14.447465896606445	13.884669303894043	13.195670127868652
5	915	It	2.9303441047668457	2.0056240558624268	3.2060086727142334	1.5122895240783691
5	916	was	1.702970027923584	1.859090805053711	1.4319114685058594	1.8807836771011353
5	917	a	2.6166157722473145	1.9403185844421387	2.1867451667785645	3.0497896671295166
5	918	large	5.000631332397461	5.613433837890625	5.804779052734375	4.77516508102417
5	919	speck	12.834627151489258	12.054192543029785	10.933544158935547	11.524100303649902
5	920	of	0.6347655057907104	0.88603675365448	0.47979533672332764	0.8903163075447083
5	921	dust	9.694662094116211	3.6949586868286133	2.6557321548461914	2.814932346343994
5	922	that	4.815749645233154	4.120077133178711	3.0735557079315186	2.5081303119659424
5	923	was	4.486698627471924	2.7898948192596436	2.925755023956299	3.0170674324035645
5	924	deceptively	13.114543914794922	12.228403091430664	12.621966361999512	12.528924942016602
5	925	bobbing	13.790725708007812	15.783774375915527	14.563393592834473	13.174864768981934
5	926	around	2.9738757610321045	4.006718635559082	3.229600429534912	3.4358668327331543
5	927	in	4.0798163414001465	0.8368003368377686	1.079501748085022	1.024544358253479
5	928	the	1.3686838150024414	1.0945699214935303	0.7633119821548462	0.5320054292678833
5	929	water	7.276157379150391	7.293575763702393	5.272717475891113	2.611417531967163
5	930	like	7.587372303009033	5.941649436950684	5.646640300750732	3.109398365020752
5	931	a	1.9204113483428955	1.7435466051101685	0.9518886804580688	0.9791755080223083
5	932	live	8.234850883483887	7.857412338256836	7.332035541534424	7.208481311798096
5	933	animal.	11.136051177978516	6.543957233428955	5.690427780151367	5.378515720367432
5	934	They	4.407888889312744	4.498643398284912	4.328670501708984	3.9952194690704346
5	935	were	2.4770102500915527	2.5237905979156494	2.3164119720458984	2.4186668395996094
5	936	ready	7.5082316398620605	6.948125839233398	7.021438121795654	7.1279754638671875
5	937	to	0.5281149744987488	0.34143519401550293	0.3865855932235718	0.3107948899269104
5	938	call	6.2261505126953125	6.080389976501465	5.736213684082031	5.755314350128174
5	939	it	2.8895411491394043	2.7010538578033447	1.939629316329956	1.2575044631958008
5	940	quits,	13.461000442504883	8.1387357711792	5.618758678436279	3.1198558807373047
5	941	when	5.59385871887207	5.439691543579102	5.399843692779541	5.074869155883789
5	942	suddenly	10.705942153930664	6.326144218444824	7.176923751831055	5.797529220581055
5	943	Mom	14.202136993408203	9.901891708374023	9.157735824584961	9.770761489868164
5	944	cried,	10.02186107635498	7.217611312866211	6.969670295715332	9.194299697875977
5	945	'Ah	12.026374816894531	11.531957626342773	10.947778701782227	10.457625389099121
5	946	ha!'	5.149994373321533	5.107437610626221	5.234947681427002	5.388453483581543
5	947	Tucked	13.008075714111328	13.802351951599121	13.790802001953125	12.686349868774414
5	948	in	1.9924639463424683	1.760168194770813	1.8507863283157349	1.8529653549194336
5	949	a	2.713128089904785	1.882859468460083	2.043287754058838	2.0657825469970703
5	950	curve	9.02967357635498	9.655744552612305	6.7862138748168945	7.658079147338867
5	951	of	2.2892141342163086	2.1645286083221436	1.9615464210510254	0.5672032833099365
5	952	the	1.4737688302993774	1.1007206439971924	1.9788390398025513	1.9799026250839233
5	953	archway,	14.307778358459473	14.544849395751953	16.009204864501953	14.316070556640625
5	954	perfectly	9.65487289428711	9.906754493713379	9.689582824707031	8.530718803405762
5	955	hidden	9.551032066345215	5.371954441070557	5.153339385986328	5.035128116607666
5	956	against	7.215867042541504	7.239701747894287	5.498520851135254	5.403529644012451
5	957	a	3.103787899017334	2.875108242034912	3.460618257522583	2.6271843910217285
5	958	pitch	10.090587615966797	9.261663436889648	9.597132682800293	10.497310638427734
5	959	dark	8.933981895446777	6.822020530700684	7.210665702819824	2.072085380554199
5	960	stone,	9.927899360656738	10.336195945739746	11.113866806030273	11.227458953857422
5	961	sat	8.324609756469727	6.9992170333862305	8.134678840637207	7.785822868347168
5	962	Mr.	11.015276908874512	9.467681884765625	8.712312698364258	9.098713874816895
5	963	Sticky,	15.761119842529297	14.404638290405273	13.445562362670898	13.512009620666504
5	964	safe	10.314192771911621	11.234939575195312	9.772342681884766	8.939407348632812
5	965	and	1.5246888399124146	0.9039638638496399	0.9857288002967834	1.0226603746414185
5	966	sound.	11.680103302001953	5.482486724853516	6.63331413269043	1.9464808702468872
5	967	'You,	13.676858901977539	15.00400161743164	14.72102165222168	14.660947799682617
5	968	I	3.872105360031128	3.5861637592315674	3.7129318714141846	3.712737798690796
5	969	can	3.854243516921997	3.3505802154541016	2.9558024406433105	3.1762399673461914
5	970	always	5.519311428070068	5.666623115539551	4.53385066986084	4.9413957595825195
5	971	count	9.038655281066895	4.602648735046387	3.530055284500122	2.598872661590576
5	972	on,'	11.539430618286133	9.06600570678711	11.57475757598877	10.375435829162598
5	973	Abby	8.456108093261719	8.910066604614258	8.649432182312012	8.66657829284668
5	974	said	6.207853317260742	2.1562538146972656	2.240541934967041	2.055126667022705
5	975	to	3.009586811065674	2.77067232131958	2.3193578720092773	2.5349411964416504
5	976	her	5.867611408233643	4.3594584465026855	2.7053587436676025	2.3216073513031006
5	977	mom,	10.268301010131836	8.795519828796387	6.855768203735352	4.498237609863281
5	978	with	5.1525068283081055	5.283154487609863	5.389516830444336	5.481187343597412
5	979	relief.	10.031172752380371	11.158668518066406	10.439555168151855	9.908021926879883
5	980	Then	6.85803747177124	4.8726043701171875	4.874163627624512	4.756015300750732
5	981	she	3.333012819290161	2.32029390335083	1.4553070068359375	1.0658881664276123
5	982	noticed	6.9193525314331055	5.6052398681640625	5.12714958190918	4.505533218383789
5	983	another	6.345645904541016	5.572567939758301	5.17995548248291	5.201396942138672
5	984	water	8.771427154541016	8.527379989624023	8.70179271697998	8.833269119262695
5	985	snail	10.583463668823242	8.877128601074219	8.731307983398438	9.021917343139648
5	986	was	3.651087522506714	4.149960994720459	3.781015634536743	4.475144386291504
5	987	right	7.144195556640625	7.518226146697998	8.409875869750977	6.823235511779785
5	988	next	5.7003984451293945	3.9664762020111084	3.3919131755828857	3.410953998565674
5	989	to	2.555957317352295	0.08223240077495575	0.25996243953704834	0.04067589342594147
5	990	Sticky	17.075347900390625	13.971508026123047	13.771018981933594	14.016226768493652
5	991	and	4.578840732574463	4.090570449829102	4.127030849456787	4.1195573806762695
5	992	asked	8.51937484741211	10.580123901367188	6.728166580200195	5.661697864532471
5	993	where	6.973520278930664	5.107051372528076	4.661930084228516	4.767033100128174
5	994	this	5.269664764404297	4.018796920776367	5.0429182052612305	5.336324691772461
5	995	new	5.9157633781433105	5.548357009887695	5.308525085449219	5.0717010498046875
5	996	addition	10.718621253967285	7.098025321960449	7.1847825050354	6.839147090911865
5	997	to	0.5345124006271362	1.1144444942474365	0.51241534948349	1.3482118844985962
5	998	the	2.180013418197632	1.1310402154922485	0.5977017879486084	0.5822963118553162
5	999	family	7.599954605102539	7.409725666046143	8.352925300598145	4.591019630432129
5	1000	could	6.062234878540039	6.186271667480469	7.950747013092041	8.641592025756836
5	1001	have	2.755533218383789	2.5596964359283447	2.9808619022369385	2.4866743087768555
5	1002	come	5.563369274139404	5.051589012145996	5.012604236602783	4.9317626953125
5	1003	from.	5.576836585998535	5.717791557312012	4.5742645263671875	3.711155414581299
5	1004	'I'm	10.141134262084961	10.653253555297852	11.106300354003906	9.819984436035156
5	1005	beginning	6.090229511260986	6.117381572723389	6.218808174133301	6.012606620788574
5	1006	to	2.10811185836792	0.022748271003365517	0.01216428354382515	0.013817204162478447
5	1007	suspect	10.218254089355469	5.564732074737549	4.025256156921387	3.997525215148926
5	1008	the	3.0801002979278564	2.5655415058135986	2.859065055847168	3.393242120742798
5	1009	pond	11.253152847290039	11.990741729736328	12.074012756347656	12.159584999084473
5	1010	weed	11.467233657836914	9.402925491333008	8.34124755859375	7.874222278594971
5	1011	is	3.916414499282837	3.4235520362854004	3.267152786254883	2.0113091468811035
5	1012	guilty,	11.207878112792969	12.968746185302734	14.752777099609375	13.077695846557617
5	1013	don't	8.155353546142578	8.059860229492188	7.008420944213867	6.803910255432129
5	1014	you	3.7002813816070557	1.8520921468734741	1.8414040803909302	1.948768973350525
5	1015	think?'	10.308637619018555	6.933670997619629	5.338431358337402	5.29380464553833
5	1016	replied	5.904157638549805	5.47081995010376	5.174188613891602	6.278430938720703
5	1017	Mom.	11.510475158691406	11.642395973205566	11.858704566955566	10.937479972839355
5	1018	They	4.596321105957031	5.758993148803711	6.825117111206055	6.616603851318359
5	1019	both	6.95640754699707	3.901594400405884	3.0808792114257812	2.17685866355896
5	1020	laughed	11.625481605529785	5.766328811645508	4.951595306396484	3.2608437538146973
5	1021	and	1.9536222219467163	1.1496613025665283	1.2957391738891602	1.0623515844345093
5	1022	climbed	10.90732192993164	6.49729061126709	7.742429733276367	6.867036819458008
5	1023	into	3.2567546367645264	2.4641544818878174	1.9401183128356934	2.1626296043395996
5	1024	Abby's	13.822628021240234	11.632115364074707	12.055026054382324	11.195292472839355
5	1025	bed	6.302542686462402	5.461291313171387	2.5787572860717773	3.2865140438079834
5	1026	together	6.716100215911865	8.35300064086914	8.17122745513916	7.08321475982666
5	1027	and,	7.284400939941406	6.399163246154785	5.921124458312988	5.636843681335449
5	1028	though	5.4089741706848145	5.551200866699219	4.623396873474121	4.18778133392334
5	1029	it	2.641422748565674	2.7107276916503906	2.6999101638793945	2.6601850986480713
5	1030	was	2.4596688747406006	1.8325896263122559	1.545013427734375	1.4470140933990479
5	1031	cozy,	14.169268608093262	13.73025894165039	13.647274017333984	12.53493595123291
5	1032	it	4.877935409545898	4.287038326263428	3.5123133659362793	1.6169178485870361
5	1033	was	2.4596688747406006	1.7444827556610107	0.5397716164588928	0.2868746519088745
5	1034	a	2.6166157722473145	2.435581684112549	2.006150007247925	2.8652238845825195
5	1035	bit	5.672130107879639	4.659671306610107	4.151108741760254	3.1170759201049805
5	1036	of	1.3712801933288574	1.3015133142471313	1.3941105604171753	1.5884592533111572
5	1037	a	3.1972079277038574	1.5437883138656616	1.3361538648605347	0.3315533697605133
5	1038	squeeze.	12.574376106262207	14.279022216796875	9.415340423583984	9.475707054138184
5	1039	'Budge	17.52332305908203	16.960147857666016	18.240528106689453	19.126047134399414
5	1040	up,'	6.964296340942383	3.126631259918213	3.218170166015625	2.789907693862915
5	1041	Mom	9.07987117767334	10.051142692565918	10.411001205444336	10.751198768615723
5	1042	said,	5.669186115264893	1.939247727394104	1.934643030166626	2.169288396835327
5	1043	giving	6.609689712524414	6.083475112915039	5.12447452545166	4.755374908447266
5	1044	Abby	12.115218162536621	9.913816452026367	8.56687068939209	8.689717292785645
5	1045	a	6.639781951904297	1.6997841596603394	0.2729235589504242	0.2506827712059021
5	1046	push	10.00065803527832	9.224448204040527	7.267664909362793	6.569530487060547
5	1047	with	5.6942925453186035	5.457345008850098	4.65174674987793	4.090420722961426
5	1048	her	4.8049750328063965	4.254254341125488	4.531449317932129	1.2444233894348145
5	1049	bottom.	12.143329620361328	11.683406829833984	9.361844062805176	9.170251846313477
5	1050	'I	8.109933853149414	6.542248725891113	7.194587707519531	7.5689802169799805
5	1051	can't	3.8221418857574463	3.6349258422851562	3.4349637031555176	3.3354392051696777
5	1052	because	7.278422832489014	8.004776954650879	8.747093200683594	8.389303207397461
5	1053	I'm	5.830544471740723	3.5076608657836914	1.8618921041488647	1.7923424243927002
5	1054	already	6.1712188720703125	5.4671549797058105	4.509341239929199	4.954234600067139
5	1055	on	4.213169574737549	3.3087854385375977	3.4500064849853516	3.2410802841186523
5	1056	the	1.213181972503662	0.936183750629425	1.3123626708984375	1.2930374145507812
5	1057	edge.'	17.935882568359375	15.274301528930664	14.380146980285645	10.976423263549805
5	1058	'Good	10.257475852966309	9.777711868286133	10.567270278930664	10.724369049072266
5	1059	heavens,	6.465945243835449	4.912415504455566	5.670608043670654	5.794459819793701
5	1060	you've	9.484230995178223	6.29252815246582	6.458675384521484	6.315539360046387
5	1061	grown	6.425955295562744	5.970588684082031	3.971740245819092	4.497992515563965
5	1062	then.	13.78947639465332	12.92150592803955	12.927512168884277	12.303796768188477
5	1063	When	4.755509853363037	4.500441551208496	4.550206661224365	4.941359519958496
5	1064	did	6.624490737915039	5.180447101593018	4.717492580413818	3.8127601146698
5	1065	that	5.288019180297852	3.787773847579956	3.49835205078125	3.340763568878174
5	1066	happen?	11.35671615600586	6.306278705596924	2.003760814666748	1.5527045726776123
5	1067	You	4.126031875610352	3.998133659362793	4.026516914367676	4.302672386169434
5	1068	could've	10.201658248901367	8.900646209716797	9.412165641784668	8.016291618347168
5	1069	put	4.875997543334961	4.6137495040893555	5.038852691650391	5.046012878417969
5	1070	an	4.835283279418945	3.9868574142456055	4.102387428283691	3.933759927749634
5	1071	elephant	8.775490760803223	7.553213119506836	5.823514461517334	5.330203056335449
5	1072	in	2.4123175144195557	2.049962282180786	0.8327418565750122	0.749791145324707
5	1073	here	8.758432388305664	9.613306999206543	9.056146621704102	5.961045742034912
5	1074	last	6.837258338928223	5.9329938888549805	6.527050971984863	6.696494102478027
5	1075	time	3.7073941230773926	6.853151321411133	4.131425857543945	3.5676167011260986
5	1076	we	4.43086051940918	2.7281994819641113	2.5561728477478027	2.6613693237304688
5	1077	did	4.878993511199951	4.571386337280273	3.57963490486145	3.6105542182922363
5	1078	this.	8.046719551086426	7.570849895477295	5.512072563171387	3.557730197906494
5	1079	Before	7.74912166595459	7.126092433929443	7.047613620758057	6.6672139167785645
5	1080	I	3.406129837036133	2.08136248588562	1.895288109779358	2.4179341793060303
5	1081	know	3.840034008026123	4.833566188812256	4.8813395500183105	4.987626552581787
5	1082	it,	5.652797222137451	5.773853302001953	0.6916457414627075	0.44624945521354675
5	1083	you'll	6.172079086303711	6.077269077301025	6.324547290802002	6.783389568328857
5	1084	be	1.849719762802124	1.8864331245422363	1.6593241691589355	1.6768397092819214
5	1085	all	6.4075493812561035	4.983399868011475	4.908044815063477	4.618925094604492
5	1086	grown	9.065638542175293	7.961477756500244	7.590875625610352	8.593968391418457
5	1087	up.'	9.519726753234863	6.838343620300293	6.5002593994140625	6.723466396331787
5	1088	On	5.693875789642334	6.005273818969727	6.137124061584473	6.144191741943359
5	1089	her	5.934828758239746	4.194528579711914	3.82112193107605	3.576791524887085
5	1090	mom's	10.413122177124023	8.828341484069824	10.606148719787598	9.323318481445312
5	1091	chest	8.777793884277344	7.369699954986572	5.7195048332214355	5.879702091217041
5	1092	Abby	17.643396377563477	15.985419273376465	15.065072059631348	9.161291122436523
5	1093	then	7.967107772827148	6.482638359069824	5.625820159912109	5.584033012390137
5	1094	put	5.352745056152344	5.249832630157471	4.783301830291748	4.6992645263671875
5	1095	her	3.565826892852783	3.8681750297546387	1.2265496253967285	1.06679105758667
5	1096	head	4.391213893890381	3.2277636528015137	2.8040103912353516	2.794813394546509
5	1097	and	2.132467746734619	1.8066726922988892	5.625905990600586	5.824124336242676
5	1098	smiled.	11.425552368164062	6.2070488929748535	5.228269100189209	10.696126937866211
6	0	The	2.9499430656433105	2.9499430656433105	2.9499430656433105	2.9499430656433105
6	1	text	7.1788225173950195	7.1788225173950195	7.1788225173950195	7.1788225173950195
6	2	message	4.15753698348999	4.097879409790039	4.097879409790039	4.097879409790039
6	3	said	9.638137817382812	8.22068977355957	4.118215084075928	4.118215084075928
6	4	that	2.5322840213775635	2.064108371734619	2.1495821475982666	1.8692647218704224
6	5	Lucy	11.457961082458496	10.67510986328125	10.597579002380371	9.944161415100098
6	6	Josephs	11.264084815979004	14.553557395935059	13.90806770324707	12.886509895324707
6	7	was	3.2849373817443848	3.621908664703369	2.0648152828216553	1.5142498016357422
6	8	a	2.6166157722473145	2.368041753768921	2.0675137042999268	2.2236204147338867
6	9	failure.	10.909573554992676	8.157419204711914	8.815438270568848	9.680078506469727
6	10	It	3.5737051963806152	3.3771960735321045	3.0060606002807617	3.200087547302246
6	11	said	7.172071933746338	6.642958641052246	7.145113945007324	6.750582695007324
6	12	she	3.804002285003662	4.190074920654297	5.227747440338135	4.7661895751953125
6	13	was	2.315664768218994	1.585862398147583	1.1681437492370605	1.424718976020813
6	14	ugly,	11.48587703704834	10.948579788208008	12.802522659301758	10.768891334533691
6	15	had	8.737359046936035	6.361371040344238	5.185628414154053	5.078765392303467
6	16	no	3.4734935760498047	3.0258002281188965	2.219709873199463	1.8585221767425537
6	17	style	10.19284439086914	10.943317413330078	5.8139142990112305	5.380051136016846
6	18	and	2.1737582683563232	2.333629846572876	1.8645966053009033	1.0145570039749146
6	19	the	2.795388698577881	3.268249273300171	3.2588346004486084	3.4928946495056152
6	20	world	6.093578338623047	6.49383544921875	6.530037879943848	6.087063789367676
6	21	hated	10.94852066040039	10.63947868347168	9.802398681640625	11.337406158447266
6	22	her.	5.053982734680176	4.450450897216797	4.3656086921691895	3.80096697807312
6	23	At	5.365565776824951	5.189333915710449	5.271498680114746	5.281175136566162
6	24	least	3.326904296875	2.525175094604492	1.7445570230484009	1.9372966289520264
6	25	that	5.494541168212891	4.089126110076904	3.496025562286377	3.469390869140625
6	26	was	4.486698627471924	2.507692337036133	1.1665468215942383	0.6408655047416687
6	27	what	7.314995765686035	4.84614372253418	1.3440003395080566	1.5512868165969849
6	28	it	3.4937870502471924	2.984469413757324	2.785778045654297	2.5933878421783447
6	29	said	7.876884460449219	5.775477409362793	3.893333673477173	4.1715850830078125
6	30	to	3.009586811065674	3.2614798545837402	2.852750301361084	4.424703121185303
6	31	Lucy.	13.965032577514648	10.810216903686523	10.36138916015625	11.537692070007324
6	32	It	3.673834800720215	3.6643264293670654	5.177433967590332	3.4711809158325195
6	33	said	7.172071933746338	7.014967918395996	7.092597961425781	6.923149108886719
6	34	that	2.5322840213775635	1.359346866607666	1.9411323070526123	1.988781452178955
6	35	and	6.06657600402832	8.010919570922852	9.261052131652832	8.631733894348145
6	36	a	3.878800868988037	4.069639682769775	4.539303302764893	4.399158000946045
6	37	whole	6.232753276824951	6.581291198730469	4.203649997711182	3.986825942993164
6	38	lot	3.3261945247650146	1.799252986907959	1.0180718898773193	0.6967685222625732
6	39	more	2.6796274185180664	2.5422110557556152	2.239737033843994	2.7141690254211426
6	40	that	6.867687225341797	5.852526664733887	4.680836200714111	5.205015182495117
6	41	she	4.497393608093262	4.723998069763184	4.667364120483398	4.742475509643555
6	42	was	2.315664768218994	1.6460027694702148	2.0489461421966553	3.0469186305999756
6	43	struggling	8.466424942016602	7.171425819396973	7.337635040283203	7.090093612670898
6	44	to	0.8931790590286255	0.685746967792511	0.6214834451675415	0.7106902599334717
6	45	understand.	9.723087310791016	7.192279815673828	6.684610366821289	6.0557861328125
6	46	The	2.691240072250366	2.631377696990967	2.6242451667785645	2.8108632564544678
6	47	actual	7.56541109085083	7.508901596069336	7.295614242553711	7.850234031677246
6	48	text	6.988647937774658	5.916936874389648	5.21852445602417	5.175098896026611
6	49	of	3.19103741645813	1.5547540187835693	0.9811645746231079	0.9024869799613953
6	50	the	1.4737688302993774	0.7136577367782593	0.3979586660861969	0.3355829119682312
6	51	note	9.367380142211914	9.679677963256836	6.558569431304932	6.114459991455078
6	52	said	8.668777465820312	6.908378601074219	7.200047016143799	6.525947570800781
6	53	that	2.5322840213775635	1.6358914375305176	1.9245091676712036	1.5713086128234863
6	54	Lucy	11.457961082458496	10.67510986328125	9.952557563781738	10.139890670776367
6	55	better	10.413066864013672	10.887054443359375	10.963549613952637	12.052790641784668
6	56	not	6.158716201782227	4.634437561035156	3.065192461013794	1.930691123008728
6	57	show	5.723946571350098	6.12532901763916	5.057812690734863	4.601511001586914
6	58	up	3.2139391899108887	2.8219645023345947	1.749833106994629	1.3105347156524658
6	59	at	3.9225544929504395	2.3384411334991455	3.0932676792144775	1.9531787633895874
6	60	the	1.4987046718597412	1.0808426141738892	0.9801325798034668	1.108253002166748
6	61	party	7.658039093017578	8.037052154541016	7.388602256774902	5.2684712409973145
6	62	tonight,	10.32577133178711	9.80513858795166	6.189504146575928	6.010113716125488
6	63	because	5.554131031036377	5.063355445861816	5.2202935218811035	5.545228958129883
6	64	it	2.50747013092041	2.848724603652954	2.9144506454467773	3.131040096282959
6	65	was	2.4596688747406006	2.042499303817749	1.6843137741088867	1.3190866708755493
6	66	going	4.63856315612793	5.145974636077881	5.310465335845947	4.045297622680664
6	67	to	0.5377582311630249	0.3263823688030243	0.15872712433338165	0.19487886130809784
6	68	be	3.0100271701812744	1.6170763969421387	1.4795360565185547	0.626854419708252
6	69	bad	8.966065406799316	8.273046493530273	7.319792747497559	7.11181640625
6	70	enough	5.0791096687316895	3.7721400260925293	4.584721565246582	3.4608707427978516
6	71	already!	12.112808227539062	9.977167129516602	9.408746719360352	9.48098087310791
6	72	Lucy,	12.738382339477539	12.236644744873047	11.937889099121094	11.280155181884766
6	73	who	2.741330146789551	3.809642791748047	3.9152026176452637	4.406172752380371
6	74	had	3.1637158393859863	1.9853953123092651	1.9171741008758545	1.8594661951065063
6	75	started	6.127570629119873	6.283993721008301	5.874188423156738	5.671598434448242
6	76	receiving	6.80220890045166	6.480866432189941	7.001840591430664	7.551950454711914
6	77	these	6.854917526245117	4.771886825561523	5.490339279174805	5.683686256408691
6	78	messages	7.849330902099609	3.770576000213623	3.2903330326080322	3.2330899238586426
6	79	a	5.902640342712402	6.250247955322266	6.0545334815979	4.104578018188477
6	80	few	4.649507522583008	3.254037857055664	3.104201316833496	3.3783836364746094
6	81	weeks	3.662883996963501	3.731574535369873	2.661170482635498	2.534299850463867
6	82	ago,	4.490554332733154	2.5810775756835938	2.51234769821167	2.467026472091675
6	83	tapped	12.992782592773438	12.699165344238281	13.091422080993652	12.869905471801758
6	84	the	2.2376437187194824	2.1337878704071045	2.2230467796325684	2.26155948638916
6	85	mobile	9.179032325744629	8.39761734008789	8.072359085083008	7.815337181091309
6	86	screen	6.033932685852051	7.604470252990723	4.455087184906006	5.018581867218018
6	87	to	3.339071273803711	3.6035239696502686	3.0230636596679688	2.2455790042877197
6	88	make	4.563215732574463	3.9101383686065674	3.914367198944092	4.015672206878662
6	89	the	2.4591479301452637	2.161284923553467	1.9607889652252197	2.0428073406219482
6	90	message	8.274373054504395	9.14343547821045	8.79654598236084	7.501928329467773
6	91	disappear	11.25493049621582	11.444647789001465	6.257998466491699	6.453658103942871
6	92	from	2.402876615524292	1.3674862384796143	1.415783166885376	1.8070943355560303
6	93	view.	9.96466064453125	4.491295337677002	6.142723083496094	5.978448867797852
6	94	She	5.761659145355225	3.5613484382629395	4.142610549926758	4.871914863586426
6	95	only	7.435033321380615	6.503925323486328	6.367860794067383	6.213676452636719
6	96	wished	10.86711311340332	5.249687194824219	4.256019592285156	4.255210876464844
6	97	it	3.4451565742492676	3.0724098682403564	2.8255128860473633	2.543696165084839
6	98	was	2.4596688747406006	2.3264119625091553	1.7776222229003906	1.7192959785461426
6	99	as	6.121305465698242	5.34023380279541	4.472829341888428	4.08090353012085
6	100	easy	7.823905944824219	4.796859264373779	4.435765266418457	1.9978528022766113
6	101	to	0.6914385557174683	1.436838150024414	1.5951249599456787	1.6448173522949219
6	102	tap	9.719279289245605	9.689897537231445	9.01253890991211	9.050536155700684
6	103	her	5.5907745361328125	5.209310531616211	6.221467971801758	7.239849090576172
6	104	heart	6.423837661743164	6.93065881729126	6.799981117248535	6.308805465698242
6	105	and	2.682812452316284	2.462785005569458	1.6910021305084229	1.4371312856674194
6	106	erase	11.690842628479004	11.09449577331543	9.688698768615723	8.54172420501709
6	107	the	1.4321424961090088	1.5220184326171875	1.256610631942749	1.1268595457077026
6	108	trace	10.503216743469238	6.8712568283081055	7.058786392211914	7.518651008605957
6	109	the	2.22554612159729	5.682721138000488	6.624515533447266	6.54130220413208
6	110	message	8.274373054504395	7.2679338455200195	7.025041580200195	7.534460544586182
6	111	had	6.862827301025391	6.15996789932251	6.376678466796875	4.365384578704834
6	112	left	5.379716396331787	5.857048511505127	5.744880199432373	3.8052518367767334
6	113	there.	8.209892272949219	8.270195960998535	11.173765182495117	8.9376220703125
6	114	'Was	12.694978713989258	12.791080474853516	11.715651512145996	11.457815170288086
6	115	that	2.372286796569824	1.8381136655807495	1.6114760637283325	1.8494971990585327
6	116	another	7.926901817321777	5.891653060913086	6.223337173461914	6.503045082092285
6	117	one	4.903916358947754	4.552158832550049	3.2928738594055176	3.2503952980041504
6	118	of	1.3370164632797241	1.5213830471038818	0.8991190791130066	0.2390485405921936
6	119	those	6.017205238342285	3.2997708320617676	2.301358938217163	3.075915575027466
6	120	messages?'	17.834793090820312	17.676898956298828	17.220230102539062	16.638498306274414
6	121	her	7.254175186157227	7.554560661315918	7.707951545715332	7.190972328186035
6	122	mom	8.662053108215332	4.614917278289795	3.977203369140625	4.259237766265869
6	123	asked,	8.600306510925293	7.274501800537109	2.5754261016845703	2.5590434074401855
6	124	who	7.191158294677734	7.009325981140137	6.600018501281738	7.7275590896606445
6	125	was	3.2742245197296143	2.2167136669158936	1.8368594646453857	1.8357429504394531
6	126	driving	8.444182395935059	6.116816520690918	6.454165935516357	6.34458589553833
6	127	the	2.3962721824645996	2.688589572906494	1.0449061393737793	0.8487378358840942
6	128	car.	9.398573875427246	5.510965347290039	3.2707602977752686	3.3345444202423096
6	129	Lucy	9.460695266723633	9.36813735961914	10.138717651367188	10.549018859863281
6	130	confirmed	9.75157356262207	9.75356674194336	9.828167915344238	9.31126594543457
6	131	her	6.042659759521484	2.7672271728515625	3.3223955631256104	3.4661197662353516
6	132	mother's	6.654308319091797	6.34991455078125	5.961539268493652	4.96769905090332
6	133	suspicion	10.599825859069824	10.328187942504883	5.446975231170654	4.945813179016113
6	134	was	3.3565316200256348	2.7453784942626953	3.3841943740844727	4.712369441986084
6	135	founded	7.477980613708496	5.616183757781982	6.493286609649658	7.031671524047852
6	136	as	4.696934700012207	3.520247220993042	5.501924514770508	4.869457244873047
6	137	she	4.859580039978027	9.402243614196777	9.776988983154297	4.962872505187988
6	138	answered	7.569360733032227	7.145011901855469	7.550388336181641	6.790210247039795
6	139	dejectedly,	13.824274063110352	11.404972076416016	14.161191940307617	13.603811264038086
6	140	'I'm	7.219173908233643	6.593369960784912	5.8463897705078125	5.982010841369629
6	141	sorry	3.665208578109741	3.2908928394317627	3.3988938331604004	3.4621052742004395
6	142	to	1.954058289527893	1.4783414602279663	0.8960981369018555	1.1201962232589722
6	143	say	5.9367780685424805	2.7493038177490234	3.3775634765625	2.2727437019348145
6	144	it	3.4072675704956055	3.536355972290039	3.6677021980285645	3.1651368141174316
6	145	was.'	13.051915168762207	12.358818054199219	12.991558074951172	12.493452072143555
6	146	'Haven't	12.102581024169922	11.928812980651855	11.711695671081543	11.776617050170898
6	147	you	0.8881116509437561	0.5297194123268127	0.4308988153934479	0.48300352692604065
6	148	reported	9.662790298461914	9.570289611816406	9.487810134887695	9.37996768951416
6	149	it	6.372185230255127	3.591984748840332	2.667067289352417	2.629284381866455
6	150	yet?'	15.585397720336914	14.267227172851562	11.485401153564453	2.2351245880126953
6	151	asked	2.8951048851013184	2.5592446327209473	2.788079261779785	2.883056163787842
6	152	Jill,	14.080060958862305	9.192049026489258	9.035188674926758	9.505813598632812
6	153	Lucy's	12.495708465576172	13.518146514892578	14.757255554199219	14.289190292358398
6	154	older	7.058660984039307	3.3306353092193604	3.924745798110962	4.1289591789245605
6	155	sister	4.717704772949219	1.7852959632873535	2.0921623706817627	2.466416358947754
6	156	who	4.841732978820801	3.6461172103881836	3.224404811859131	1.6720558404922485
6	157	was	3.2742245197296143	1.9789562225341797	1.9466936588287354	1.9106690883636475
6	158	sitting	7.0804243087768555	5.168814659118652	5.60922908782959	5.858590126037598
6	159	in	1.7857123613357544	1.4944584369659424	1.8186051845550537	1.8243834972381592
6	160	the	1.3686838150024414	1.0590269565582275	0.8946728110313416	0.62525475025177
6	161	passenger	9.328365325927734	9.259180068969727	4.774384021759033	4.177216529846191
6	162	seat.	6.009706497192383	3.1754889488220215	2.5424106121063232	1.7341357469558716
6	163	'Yes,'	11.946495056152344	13.792240142822266	12.92413330078125	12.771364212036133
6	164	Lucy	8.545829772949219	9.22220230102539	8.83487606048584	8.747709274291992
6	165	replied,	9.092231750488281	3.7770779132843018	4.01591157913208	4.295060634613037
6	166	lying	8.991490364074707	7.907565593719482	7.8456878662109375	8.076568603515625
6	167	through	5.587972164154053	5.397247314453125	5.034577369689941	3.2813546657562256
6	168	her	4.65772819519043	2.538797378540039	0.8288951516151428	0.034428440034389496
6	169	teeth.	8.335480690002441	6.411170482635498	1.73897385597229	0.8899306654930115
6	170	That	5.782773017883301	5.621379852294922	6.014651775360107	5.09549617767334
6	171	Lucy	11.335369110107422	12.570274353027344	11.533836364746094	11.439229965209961
6	172	should	7.268863677978516	4.724586009979248	4.340114116668701	4.143245697021484
6	173	not	2.6354312896728516	3.0379557609558105	4.1177215576171875	4.011568069458008
6	174	let	6.862407207489014	6.554368019104004	5.55877161026001	6.509281635284424
6	175	the	2.7981436252593994	2.153752088546753	1.8290632963180542	2.39013409614563
6	176	messages	10.229490280151367	9.27900505065918	10.33916187286377	10.409550666809082
6	177	get	7.1346635818481445	6.3750200271606445	3.951766014099121	2.341648817062378
6	178	to	3.0174126625061035	3.025130271911621	2.899550437927246	2.53109073638916
6	179	her	5.867611408233643	5.195516109466553	5.525074005126953	5.316026210784912
6	180	and	4.144468784332275	3.1732900142669678	3.0514683723449707	2.7706639766693115
6	181	that	4.984804630279541	4.301225662231445	4.533267974853516	4.4638495445251465
6	182	the	2.0494112968444824	1.8526498079299927	2.956712484359741	2.8261349201202393
6	183	sender	11.234678268432617	10.133499145507812	10.172391891479492	10.88188648223877
6	184	was	5.506356239318848	4.7120256423950195	3.697673797607422	3.5160017013549805
6	185	only	5.856836318969727	5.821813583374023	6.032685279846191	5.840690612792969
6	186	jealous	12.172065734863281	12.64426040649414	11.812965393066406	11.48194408416748
6	187	were	7.848829746246338	7.2843546867370605	9.37824535369873	9.653100967407227
6	188	Lucy's	14.477602005004883	12.713134765625	12.108949661254883	12.402729988098145
6	189	mom's	10.97105884552002	10.139422416687012	11.36843490600586	10.48381233215332
6	190	arguments,	12.0389404296875	12.55203914642334	12.651531219482422	11.924680709838867
6	191	in	4.5958170890808105	5.206867694854736	5.0683817863464355	4.7758588790893555
6	192	an	4.992198944091797	4.075730323791504	4.081212043762207	4.031725883483887
6	193	effort	5.417037487030029	3.4531302452087402	1.8561567068099976	1.428378939628601
6	194	to	0.9067085981369019	0.1904161423444748	0.02241450361907482	0.0320686399936676
6	195	comfort	9.823394775390625	9.011824607849121	8.878996849060059	8.773978233337402
6	196	her	6.31907320022583	2.760883331298828	2.654801368713379	2.803673267364502
6	197	daughter.	7.9906535148620605	7.417064189910889	6.362736701965332	5.962491989135742
6	198	Lucy's	11.212348937988281	11.3006591796875	11.011381149291992	10.759260177612305
6	199	mom	8.144701957702637	6.071412563323975	5.452796936035156	6.023468971252441
6	200	suddenly	7.638084411621094	7.532774448394775	7.979953765869141	7.881044864654541
6	201	felt	5.2792158126831055	5.614532470703125	4.940950393676758	4.3624267578125
6	202	guilty,	7.249027252197266	7.3084797859191895	6.377574920654297	6.686976432800293
6	203	for	4.811127185821533	4.028744220733643	3.277100086212158	4.15622091293335
6	204	she	8.733017921447754	4.073132038116455	2.7293286323547363	2.4312496185302734
6	205	had	2.9027035236358643	1.8476749658584595	1.546944499015808	1.2493411302566528
6	206	been	2.345865249633789	2.3339688777923584	2.4407219886779785	2.2807118892669678
6	207	the	4.110115051269531	3.888965606689453	4.266051292419434	3.8660171031951904
6	208	one	6.606695652008057	4.209251880645752	4.178363800048828	2.222991704940796
6	209	to	4.320770263671875	3.8953473567962646	1.217208743095398	1.028212070465088
6	210	buy	6.826114177703857	6.6712260246276855	6.157679557800293	6.224087715148926
6	211	the	2.3991804122924805	2.40439510345459	2.4462740421295166	1.7765252590179443
6	212	phone	8.582385063171387	6.447508811950684	6.5426025390625	7.002728462219238
6	213	for	4.2975969314575195	3.8634591102600098	2.6412789821624756	2.6969003677368164
6	214	Lucy	11.905138969421387	10.804503440856934	10.907303810119629	13.664921760559082
6	215	just	7.534399032592773	6.7664289474487305	6.147372245788574	5.926121711730957
6	216	a	2.637993812561035	4.851301193237305	3.091866970062256	4.077144145965576
6	217	couple	5.960265159606934	3.8259944915771484	3.6713128089904785	3.3977272510528564
6	218	of	0.5173203349113464	0.2920421063899994	0.3592257499694824	0.18160149455070496
6	219	months	9.646777153015137	3.6196279525756836	3.769660472869873	3.075774669647217
6	220	ago.	5.265279769897461	4.106701850891113	3.2117090225219727	3.041166305541992
6	221	She	4.288445472717285	3.7189993858337402	3.802368402481079	3.88320255279541
6	222	then	4.866639137268066	5.501781463623047	5.826872825622559	5.948452472686768
6	223	admitted	9.176384925842285	6.967414379119873	6.556318283081055	5.756294250488281
6	224	her	5.893709182739258	5.008213520050049	3.9710471630096436	3.8084397315979004
6	225	regret	10.899186134338379	7.931748390197754	8.028636932373047	7.885971546173096
6	226	about	3.924032211303711	3.338862419128418	3.8939499855041504	3.331428050994873
6	227	the	1.6507329940795898	1.6292781829833984	1.7649444341659546	1.7711929082870483
6	228	phone	8.582385063171387	8.55020523071289	7.631150245666504	6.220304012298584
6	229	was	4.247982025146484	3.918923854827881	5.240248203277588	6.463531017303467
6	230	still	5.304815292358398	4.672968864440918	4.227715015411377	5.541491508483887
6	231	bugging	11.701542854309082	10.825724601745605	8.270540237426758	8.31676959991455
6	232	her	3.875091552734375	4.296442031860352	3.4091684818267822	3.726710081100464
6	233	out	6.575997829437256	5.71670389175415	5.771201133728027	6.378724098205566
6	234	loud	8.041839599609375	8.907922744750977	8.557787895202637	8.323690414428711
6	235	as	3.2214155197143555	3.4654176235198975	3.510800361633301	4.833820819854736
6	236	she	4.859580039978027	3.4696807861328125	2.1640079021453857	1.2065739631652832
6	237	sighed,	9.69206714630127	9.936149597167969	11.339200019836426	10.847341537475586
6	238	'I	6.05797815322876	5.511142253875732	5.8858842849731445	6.117780685424805
6	239	never	4.397336959838867	4.38918399810791	4.321569919586182	4.328479290008545
6	240	should	7.361518383026123	5.645838737487793	5.0343427658081055	4.54145622253418
6	241	have	2.5401861667633057	0.40985649824142456	0.12334680557250977	0.02356453239917755
6	242	given	5.869478702545166	5.273333549499512	5.624367713928223	4.801364898681641
6	243	you	6.104414939880371	3.001858711242676	3.0077929496765137	3.2981619834899902
6	244	that	5.784248352050781	4.233550071716309	4.40028190612793	3.907229423522949
6	245	phone	10.43438720703125	9.799866676330566	6.70741605758667	7.214442253112793
6	246	Lucy.'	20.06452178955078	21.885120391845703	20.808767318725586	20.178857803344727
6	247	'No,	6.466742038726807	7.664700508117676	7.865725994110107	7.090426445007324
6	248	it's	3.1419246196746826	3.3592233657836914	3.0505592823028564	2.810762405395508
6	249	fine.	7.913918495178223	4.538235664367676	4.992517471313477	3.4941110610961914
6	250	I	2.2594761848449707	2.221142292022705	1.7645341157913208	1.8450534343719482
6	251	love	5.118629455566406	4.448052883148193	4.18186092376709	4.273828506469727
6	252	it,'	10.352354049682617	10.058716773986816	10.142149925231934	8.851062774658203
6	253	said	1.556379795074463	1.6279833316802979	1.9089417457580566	2.0661780834198
6	254	Lucy	11.118500709533691	8.334945678710938	7.684174060821533	7.836605072021484
6	255	knowing	10.012418746948242	9.772326469421387	9.537437438964844	9.379875183105469
6	256	that	1.8584790229797363	1.4235881567001343	1.59520423412323	1.2481352090835571
6	257	affording	15.569108009338379	15.080224990844727	16.958518981933594	15.568540573120117
6	258	the	1.7701942920684814	1.8951096534729004	2.0463995933532715	2.6993765830993652
6	259	phone	8.582385063171387	10.82925033569336	11.013006210327148	10.21828842163086
6	260	had	6.183081150054932	5.717930316925049	8.60888671875	7.695677280426025
6	261	been	2.345865249633789	1.3976342678070068	1.1919537782669067	1.5195375680923462
6	262	no	5.796901702880859	5.397195816040039	8.221046447753906	8.100138664245605
6	263	small	7.309576034545898	6.8560991287231445	6.501879692077637	5.5340576171875
6	264	thing	7.4997711181640625	4.104315280914307	5.418537139892578	4.403162002563477
6	265	for	3.578387975692749	3.366345167160034	2.4958434104919434	1.7005889415740967
6	266	her	5.294873237609863	4.2823591232299805	3.504452705383301	4.998756408691406
6	267	mother.	7.35113525390625	6.85483980178833	7.277631759643555	8.049139022827148
6	268	It	3.641655683517456	3.5930168628692627	3.5168328285217285	3.114077568054199
6	269	had	4.623606204986572	3.5957014560699463	3.0779318809509277	3.1272449493408203
6	270	been	2.345865249633789	0.9937430620193481	0.8741393089294434	0.7248212695121765
6	271	nothing	8.026928901672363	7.296991348266602	6.9806928634643555	6.850304126739502
6	272	but	2.750231981277466	1.3680403232574463	1.163188099861145	1.4118419885635376
6	273	trouble	11.360804557800293	5.5132341384887695	2.9533777236938477	3.994241952896118
6	274	though.	9.00361156463623	9.635390281677246	8.489855766296387	8.723899841308594
6	275	Lucy	10.872735977172852	11.321102142333984	11.706803321838379	10.71366024017334
6	276	did	5.926088809967041	5.225869655609131	5.341873645782471	5.207798957824707
6	277	not	0.7211931943893433	0.975029468536377	1.064010500907898	0.9679323434829712
6	278	know	4.70059871673584	3.365307092666626	2.305363655090332	2.3259096145629883
6	279	who	3.8223037719726562	3.647740602493286	3.662057399749756	3.9387786388397217
6	280	it	7.049959659576416	3.4809656143188477	3.8033599853515625	3.882646083831787
6	281	was	2.4596688747406006	1.4215110540390015	2.3099522590637207	1.6689157485961914
6	282	that	5.175118923187256	4.769853591918945	1.2396317720413208	1.8704417943954468
6	283	was	4.486698627471924	6.519130706787109	5.610134601593018	2.462207794189453
6	284	sending	9.263836860656738	9.874177932739258	8.45347785949707	7.536882400512695
6	285	her	4.125616550445557	3.072017192840576	3.346909523010254	2.911121368408203
6	286	the	5.622809410095215	4.3278656005859375	3.993116617202759	4.610285758972168
6	287	messages,	12.955345153808594	11.724434852600098	8.521095275878906	6.133556842803955
6	288	and	2.1865365505218506	1.9795254468917847	1.668823003768921	1.8957945108413696
6	289	she	6.00670051574707	5.642870903015137	5.398714065551758	1.7833489179611206
6	290	did	4.071937561035156	4.406907081604004	4.270533084869385	4.118259429931641
6	291	not	0.7211931943893433	0.7462650537490845	0.6138689517974854	0.4930669069290161
6	292	know	4.70059871673584	3.365307092666626	2.360255718231201	2.424625873565674
6	293	how	2.5959229469299316	2.064023017883301	2.277353048324585	1.975773572921753
6	294	they	3.741238832473755	4.435219764709473	4.3039398193359375	4.464097023010254
6	295	had	3.64829683303833	4.390578269958496	5.252558708190918	3.9058401584625244
6	296	got	6.725905418395996	6.755927085876465	4.947566986083984	3.85683536529541
6	297	her	5.04325008392334	4.046860694885254	4.875082969665527	5.031728744506836
6	298	number,	10.284673690795898	7.086818695068359	8.192704200744629	7.658509731292725
6	299	but	3.2649142742156982	2.605893611907959	2.517465591430664	2.5918049812316895
6	300	whoever	10.517984390258789	9.998708724975586	8.64201831817627	9.140655517578125
6	301	it	3.4523708820343018	2.3036909103393555	2.346144676208496	1.1532516479492188
6	302	was,	6.6482086181640625	2.7774369716644287	1.8008619546890259	1.764664888381958
6	303	he	3.524078607559204	3.537161111831665	3.265636444091797	1.8428455591201782
6	304	or	6.273220062255859	6.836653709411621	6.5754923820495605	3.9505534172058105
6	305	she	6.092446327209473	0.10653231292963028	0.13364815711975098	0.16164635121822357
6	306	had	2.9027035236358643	3.5758326053619385	4.306334495544434	2.7485971450805664
6	307	slowly	9.009187698364258	9.938410758972168	11.504049301147461	12.234484672546387
6	308	taken	8.54764461517334	5.013978004455566	4.645288467407227	4.714605331420898
6	309	over	3.103619337081909	2.407663106918335	1.7155351638793945	2.6471147537231445
6	310	Lucy's	13.859432220458984	12.659738540649414	13.33918571472168	10.892125129699707
6	311	life.	6.259485244750977	6.570925235748291	4.210474967956543	3.0437850952148438
6	312	She	3.9595723152160645	2.129688262939453	2.5457005500793457	2.1676137447357178
6	313	was	2.2592546939849854	1.982957363128662	1.840516448020935	1.8604907989501953
6	314	getting	6.629345893859863	6.3144683837890625	6.4989094734191895	6.26979923248291
6	315	several	7.199545383453369	9.023452758789062	8.984664916992188	9.198593139648438
6	316	texts	9.516732215881348	6.465945720672607	5.711854934692383	4.4737958908081055
6	317	a	6.164082050323486	6.218602180480957	3.971914768218994	3.075406551361084
6	318	day	6.66883659362793	4.386063575744629	2.492733955383301	0.6026831865310669
6	319	now,	8.206867218017578	7.616283893585205	6.954648971557617	6.08127498626709
6	320	all	5.1035003662109375	5.232767581939697	5.361136436462402	4.941286563873291
6	321	of	2.368680238723755	2.150595188140869	2.3151707649230957	2.1905038356781006
6	322	which	6.041635513305664	3.4760758876800537	3.2861695289611816	2.5440454483032227
6	323	were	4.745160102844238	3.055983781814575	2.233915328979492	2.9396812915802
6	324	abusive	12.848395347595215	13.236210823059082	12.280603408813477	11.93779468536377
6	325	and	2.3462183475494385	1.54027259349823	1.3725550174713135	1.342382788658142
6	326	hurtful.	14.54568099975586	7.843649387359619	7.9691572189331055	6.942054748535156
6	327	Lucy	10.464237213134766	10.725870132446289	10.90117073059082	10.151670455932617
6	328	wondered	8.473438262939453	6.319293022155762	6.412571430206299	7.594433784484863
6	329	what	2.8863279819488525	2.21012544631958	2.019829034805298	2.0075981616973877
6	330	the	2.860854148864746	2.332273483276367	2.483430862426758	2.6813671588897705
6	331	person	7.636610984802246	6.160999298095703	5.928886413574219	5.941418647766113
6	332	who	1.8781384229660034	1.7219489812850952	2.7992589473724365	2.401265859603882
6	333	was	3.2742245197296143	2.964580535888672	2.9893569946289062	3.14725923538208
6	334	messaging	12.933611869812012	13.157252311706543	12.712458610534668	10.908896446228027
6	335	her	7.42936897277832	2.923213005065918	2.265251874923706	2.469627618789673
6	336	might	10.089556694030762	9.738873481750488	9.407402038574219	7.363996982574463
6	337	be	1.3329665660858154	1.3365916013717651	1.077825665473938	1.0592528581619263
6	338	thinking	8.061044692993164	6.956269264221191	7.178494453430176	7.751842498779297
6	339	or	5.527949333190918	6.246384620666504	6.087776184082031	5.318857669830322
6	340	trying	9.020916938781738	5.327282905578613	5.083648681640625	4.937908172607422
6	341	to	0.07584257423877716	0.1254916787147522	0.11947327852249146	0.08692534267902374
6	342	achieve	7.053385257720947	6.0592122077941895	6.365467071533203	5.986390590667725
6	343	with	5.401325702667236	6.1848931312561035	3.194769859313965	4.615074634552002
6	344	all	5.102107524871826	4.671109199523926	4.598407745361328	4.45993185043335
6	345	of	2.368680238723755	2.0237979888916016	1.6105860471725464	1.650059700012207
6	346	their	4.975376605987549	4.079207420349121	3.455772876739502	3.1699321269989014
6	347	hateful	11.142232894897461	11.1873779296875	11.1812744140625	10.257328033447266
6	348	messages.	7.825550079345703	6.170361518859863	6.4235005378723145	5.500726699829102
6	349	As	4.528292655944824	4.647108554840088	4.534736633300781	4.520164489746094
6	350	the	2.511078119277954	2.5197155475616455	2.541877269744873	2.4729461669921875
6	351	car	7.749014377593994	7.25765323638916	7.636043548583984	7.8742218017578125
6	352	pulled	7.003256320953369	6.146450996398926	2.6574742794036865	2.8855795860290527
6	353	up	2.387101411819458	1.0459153652191162	1.4696098566055298	1.6336495876312256
6	354	outside	8.57468318939209	3.5234556198120117	3.897402048110962	3.6803927421569824
6	355	the	1.2722160816192627	1.0923850536346436	1.0105359554290771	1.0023162364959717
6	356	school,	10.225607872009277	7.524510860443115	6.247886657714844	5.733923435211182
6	357	which	3.9252405166625977	3.388787269592285	3.8083255290985107	4.027734756469727
6	358	looked	8.625259399414062	7.776243686676025	7.5912933349609375	7.17799186706543
6	359	like	2.3965296745300293	1.011864185333252	1.1956391334533691	1.2040473222732544
6	360	a	1.9204113483428955	1.2726329565048218	1.0169254541397095	0.6934861540794373
6	361	large	5.000631332397461	6.6333770751953125	5.660250663757324	4.608644485473633
6	362	shadow	8.967450141906738	9.066709518432617	7.69194221496582	7.868317604064941
6	363	in	4.355656623840332	3.928367853164673	3.186574935913086	2.8170433044433594
6	364	the	1.3686838150024414	0.777732253074646	0.5849072933197021	0.521521806716919
6	365	darkness	9.613914489746094	8.805253982543945	4.533143043518066	4.723830699920654
6	366	of	2.036716938018799	1.3647754192352295	1.2465739250183105	1.4686272144317627
6	367	a	3.1972079277038574	3.1610262393951416	2.963057041168213	2.696582555770874
6	368	November	10.549004554748535	11.305213928222656	5.008371353149414	6.160478591918945
6	369	evening,	11.282437324523926	8.18830680847168	8.030574798583984	2.8256492614746094
6	370	Lucy	9.69987964630127	9.81420612335205	9.476205825805664	9.180136680603027
6	371	felt	7.129474639892578	5.054594039916992	5.260001182556152	4.658709526062012
6	372	a	2.9465441703796387	2.6220290660858154	2.25970721244812	2.1384193897247314
6	373	shiver	11.480939865112305	5.778021812438965	4.589553356170654	4.99923849105835
6	374	run	5.918431282043457	4.248835563659668	1.5426461696624756	1.681072473526001
6	375	down	4.7529520988464355	1.1099320650100708	0.9311736226081848	0.8905899524688721
6	376	her	5.064141273498535	3.641627311706543	1.2596266269683838	1.2088567018508911
6	377	spine.	10.509835243225098	5.298086166381836	4.231514930725098	1.332788348197937
6	378	Hastened	17.190019607543945	16.35009765625	16.64174461364746	16.965011596679688
6	379	by	3.3203277587890625	1.3406089544296265	1.8155121803283691	2.5181169509887695
6	380	Jill,	15.4602632522583	15.445960998535156	14.953394889831543	13.524624824523926
6	381	who	2.856397867202759	2.5915467739105225	2.4989867210388184	2.7349209785461426
6	382	did	4.567767143249512	5.33142614364624	5.287416934967041	5.10243034362793
6	383	not	0.7211931943893433	0.5753790736198425	0.5515400767326355	1.0315866470336914
6	384	want	5.574793815612793	3.8252041339874268	3.1460676193237305	2.6607470512390137
6	385	to	0.4591233730316162	0.4412899911403656	0.43697863817214966	0.42463037371635437
6	386	be	3.0100271701812744	2.7442798614501953	2.0266802310943604	1.9818949699401855
6	387	late	9.316871643066406	8.886258125305176	7.789731025695801	7.090829849243164
6	388	to	3.6352298259735107	1.7263206243515015	1.7643746137619019	1.8708975315093994
6	389	her	5.867611408233643	6.975283622741699	5.05734920501709	4.594383239746094
6	390	own	4.243574619293213	3.9318575859069824	2.3140435218811035	2.012575626373291
6	391	concert,	12.9918212890625	12.036069869995117	11.80500316619873	8.822492599487305
6	392	Lucy	10.578097343444824	10.60515308380127	9.403682708740234	9.091283798217773
6	393	hesitantly	12.013310432434082	11.398857116699219	12.317890167236328	11.668316841125488
6	394	stepped	5.333609104156494	4.330236434936523	4.535654544830322	4.606228351593018
6	395	out	2.2430107593536377	2.2995171546936035	2.260404348373413	1.885998010635376
6	396	of	1.5602710247039795	0.6990890502929688	0.5727912187576294	0.5159894227981567
6	397	the	1.4737688302993774	1.1982929706573486	0.5978384613990784	0.39973872900009155
6	398	car	7.749014377593994	7.6230082511901855	4.510730266571045	2.7263872623443604
6	399	and	2.1027441024780273	2.086320400238037	1.9804059267044067	0.7464696168899536
6	400	walked	8.993237495422363	5.488450527191162	4.834924221038818	5.3877081871032715
6	401	toward	4.878973484039307	3.6525518894195557	3.6057698726654053	3.410914659500122
6	402	the	1.058223009109497	0.7070959806442261	0.4688807725906372	0.4687841534614563
6	403	school.	10.567630767822266	8.813993453979492	8.166499137878418	7.2296857833862305
6	404	It	3.4423441886901855	3.3962957859039307	3.3653218746185303	3.324160099029541
6	405	was	1.702970027923584	1.1468676328659058	1.1627978086471558	0.6789230704307556
6	406	Jill	13.42475700378418	12.705772399902344	12.885066032409668	12.949600219726562
6	407	who	5.840554237365723	4.229526519775391	0.8327221274375916	0.8416175246238708
6	408	in	5.629090785980225	6.574414253234863	7.413654804229736	7.396884918212891
6	409	her	5.366942405700684	4.452593803405762	2.803344964981079	2.4249472618103027
6	410	final	7.732786178588867	6.786717891693115	6.673282146453857	5.395151138305664
6	411	year	4.790390968322754	3.782271146774292	3.0932822227478027	3.0693793296813965
6	412	of	2.763819456100464	0.564735472202301	1.1022018194198608	0.865510106086731
6	413	high	7.185535430908203	4.761291027069092	4.192270755767822	1.4918886423110962
6	414	school	3.1193418502807617	2.897981882095337	0.9434267282485962	1.007871150970459
6	415	had	6.165602207183838	6.184632778167725	6.56914758682251	5.772477149963379
6	416	become	5.7782697677612305	4.332250118255615	4.484619140625	4.021177291870117
6	417	involved	6.203935623168945	5.797428131103516	5.497842311859131	5.794654846191406
6	418	in	0.5208526253700256	0.4006040394306183	0.4208725094795227	0.3532145321369171
6	419	helping	8.725090026855469	7.001278877258301	6.061036109924316	6.271821975708008
6	420	organize	8.247838020324707	7.086376190185547	6.816971778869629	7.054167747497559
6	421	this	4.01751708984375	3.572251319885254	3.12986421585083	3.285884380340576
6	422	year's	6.380210876464844	5.333627700805664	3.934241771697998	4.038880825042725
6	423	school	7.270774841308594	7.718687057495117	7.212902545928955	7.199089050292969
6	424	talent	9.454353332519531	9.8567476272583	9.060160636901855	6.886722564697266
6	425	show,	8.199865341186523	3.116539478302002	1.8757833242416382	1.9342973232269287
6	426	and	2.544719934463501	2.4736406803131104	2.1185827255249023	2.3998470306396484
6	427	she	6.00670051574707	4.501946926116943	3.501516819000244	3.2876815795898438
6	428	took	5.600348472595215	5.093550205230713	5.270068168640137	5.263738632202148
6	429	her	3.7072863578796387	2.575674057006836	2.662431478500366	2.750032424926758
6	430	position	7.685787677764893	7.718286037445068	5.301042556762695	5.43711519241333
6	431	very	8.030447006225586	7.343105792999268	6.287550926208496	6.850591659545898
6	432	seriously.	8.266548156738281	7.232809066772461	5.077417850494385	1.9412178993225098
6	433	Lucy	10.329683303833008	11.006927490234375	11.416106224060059	9.669257164001465
6	434	hurried	10.277746200561523	7.880097389221191	7.954876899719238	7.999553680419922
6	435	behind	6.460684776306152	6.377508163452148	6.337311744689941	6.614606857299805
6	436	Jill,	15.519255638122559	12.532368659973145	11.171832084655762	10.500819206237793
6	437	pulling	8.3032808303833	6.5880842208862305	5.324689865112305	5.0203680992126465
6	438	on	3.815789222717285	3.202749252319336	3.7093169689178467	2.489689826965332
6	439	the	1.213181972503662	1.1893421411514282	1.3445008993148804	1.296492099761963
6	440	worn,	15.51687240600586	14.141129493713379	12.707048416137695	11.030400276184082
6	441	oversized	9.711008071899414	7.227095127105713	7.3776397705078125	6.06485652923584
6	442	coat	7.328354835510254	5.258913993835449	4.3235297203063965	5.219152450561523
6	443	that	5.025339126586914	2.8432295322418213	2.378146171569824	2.1001267433166504
6	444	had	5.632558822631836	2.8917317390441895	2.983696937561035	2.7698891162872314
6	445	originally	7.805139064788818	6.482590198516846	5.492650508880615	5.490226745605469
6	446	belonged	7.913744926452637	5.14395809173584	4.112549781799316	1.313953161239624
6	447	to	0.20568116009235382	0.08823959529399872	0.08026011288166046	0.01996530406177044
6	448	Jill,	14.794412612915039	12.407500267028809	12.902087211608887	12.46912956237793
6	449	in	4.699328422546387	4.823184967041016	5.381341457366943	5.547756195068359
6	450	order	5.225509166717529	4.2129902839660645	3.5135626792907715	4.351869583129883
6	451	to	0.7208384871482849	0.0774073377251625	0.11045975238084793	0.16771052777767181
6	452	keep	5.73045015335083	4.648122310638428	4.462360382080078	3.666144609451294
6	453	her	3.9826126098632812	3.852339506149292	4.24591064453125	4.148378372192383
6	454	dry	8.955415725708008	8.100025177001953	8.200611114501953	8.661787033081055
6	455	as	5.546692848205566	4.81012487411499	3.1179323196411133	3.0932505130767822
6	456	the	2.4659602642059326	2.3184988498687744	2.712547779083252	3.1775059700012207
6	457	raindrops	13.80331802368164	12.793855667114258	7.799565315246582	7.437674045562744
6	458	fell	3.0035648345947266	4.005998134613037	2.6211886405944824	3.657022476196289
6	459	all	7.08350944519043	4.299685478210449	4.968306064605713	4.660988807678223
6	460	around	5.640920639038086	3.1281681060791016	1.227587103843689	1.060424566268921
6	461	them.	5.689368724822998	4.871591567993164	3.4414727687835693	3.433661937713623
6	462	As	4.42268705368042	4.15960168838501	4.212482452392578	4.151651382446289
6	463	the	2.511078119277954	2.3595762252807617	1.9715607166290283	1.8788530826568604
6	464	sisters	11.651806831359863	10.123615264892578	9.083745956420898	8.895393371582031
6	465	entered	8.382161140441895	6.838603973388672	4.535652160644531	4.594062328338623
6	466	the	1.2734460830688477	0.8711382746696472	0.5628153681755066	0.28032100200653076
6	467	hall	9.47114372253418	5.963956356048584	5.542898654937744	5.074408531188965
6	468	where	5.011980056762695	3.8537797927856445	3.5902719497680664	2.9874749183654785
6	469	the	1.7191532850265503	1.5508220195770264	1.2529383897781372	0.9578771591186523
6	470	show	8.425494194030762	8.389524459838867	7.15438175201416	6.8106303215026855
6	471	was	5.411067962646484	2.7977969646453857	1.913467288017273	1.190682053565979
6	472	to	4.248964786529541	4.309879779815674	4.2912397384643555	4.3893141746521
6	473	take	4.959149360656738	4.423724174499512	3.919292449951172	3.788881301879883
6	474	place,	5.844424247741699	6.204446315765381	5.202630996704102	3.486501693725586
6	475	Jill	12.033392906188965	13.211153030395508	13.05201530456543	12.197303771972656
6	476	filled	9.897193908691406	7.8001813888549805	8.775794982910156	8.467775344848633
6	477	with	0.7617121934890747	3.2951560020446777	4.251691818237305	4.338129043579102
6	478	excitement	11.061919212341309	7.445771217346191	5.1879730224609375	4.568931579589844
6	479	while	6.654609680175781	4.850532531738281	5.8019561767578125	5.338260650634766
6	480	Lucy	10.65479850769043	9.71046257019043	9.161352157592773	9.17544937133789
6	481	regretted	10.18532943725586	9.897422790527344	10.396608352661133	10.552088737487793
6	482	that	2.132875442504883	2.023611307144165	1.5535597801208496	1.6422615051269531
6	483	she	4.497393608093262	2.702789306640625	0.9594932794570923	0.9000630378723145
6	484	had	2.9027035236358643	1.990492582321167	0.6759761571884155	0.6580951809883118
6	485	promised	8.354643821716309	6.821450710296631	7.247807502746582	7.012019634246826
6	486	her	4.029891014099121	3.109217643737793	2.6562910079956055	2.6112618446350098
6	487	mother	5.230654716491699	4.667275428771973	3.805074691772461	2.3381435871124268
6	488	she	6.470728397369385	6.122501850128174	2.075094223022461	2.2540860176086426
6	489	would	3.6959211826324463	3.116135597229004	2.5501208305358887	0.4413794279098511
6	490	participate	8.690760612487793	8.617462158203125	9.87305736541748	9.607029914855957
6	491	in	0.20907270908355713	0.26509881019592285	0.2100791335105896	0.2310020476579666
6	492	the	1.3686838150024414	0.9187049269676208	0.8430301547050476	1.0699317455291748
6	493	show.	10.089388847351074	9.807472229003906	7.9157209396362305	7.195874214172363
6	494	'To	12.019826889038086	12.518733978271484	12.760894775390625	13.768165588378906
6	495	waste	9.082070350646973	8.529594421386719	8.947145462036133	8.923810958862305
6	496	your	4.799680709838867	2.66965389251709	2.084656238555908	2.07551646232605
6	497	talent	8.951044082641602	6.410542964935303	4.7838215827941895	3.8134374618530273
6	498	would	5.2918596267700195	5.965333938598633	7.970411777496338	4.438076972961426
6	499	be	1.476707100868225	1.2207579612731934	1.0841169357299805	0.9015906453132629
6	500	a	2.8710103034973145	2.5999767780303955	2.7969157695770264	3.0021238327026367
6	501	real	6.159014701843262	5.237621307373047	5.261136531829834	5.056056976318359
6	502	shame,	11.212244033813477	7.4697065353393555	6.846149444580078	5.708775520324707
6	503	for	4.268110275268555	3.871225357055664	4.877838611602783	4.393877983093262
6	504	you	5.65400505065918	4.278302192687988	4.556838035583496	4.707313060760498
6	505	have	2.960798978805542	5.677757263183594	1.7209261655807495	2.459970712661743
6	506	such	6.803073406219482	6.455776214599609	5.998175144195557	7.033239364624023
6	507	a	1.9738807678222656	0.7394703030586243	0.6708096265792847	0.8517650365829468
6	508	beautiful	7.5105977058410645	5.937582492828369	4.910469055175781	4.229520797729492
6	509	voice,'	14.1857271194458	13.225811004638672	11.753338813781738	9.746935844421387
6	510	her	6.531650066375732	5.735835075378418	5.824215412139893	5.530010223388672
6	511	mother	5.230654716491699	1.5058176517486572	1.3418960571289062	1.3076257705688477
6	512	had	3.1198320388793945	2.5835657119750977	2.645981788635254	2.712749481201172
6	513	argued	8.6050443649292	8.20980453491211	8.515239715576172	9.260383605957031
6	514	two	8.333127975463867	7.614912986755371	9.293694496154785	8.900765419006348
6	515	months	4.9351701736450195	4.907771110534668	3.8501791954040527	3.5145301818847656
6	516	back,	8.294029235839844	6.712676525115967	7.436354637145996	7.563633918762207
6	517	when	5.050039291381836	2.945699691772461	3.0705528259277344	3.691132068634033
6	518	the	2.10417103767395	1.9675869941711426	2.0316367149353027	1.9156728982925415
6	519	concert	10.884039878845215	10.367647171020508	9.763129234313965	10.359643936157227
6	520	was	3.685939311981201	3.0408360958099365	1.3832769393920898	1.1400940418243408
6	521	first	5.7686052322387695	5.875046730041504	6.724512100219727	4.361187934875488
6	522	announced.	12.10141658782959	7.9562177658081055	7.340167045593262	5.001312255859375
6	523	Lucy	10.82526969909668	11.240438461303711	11.478151321411133	10.785449981689453
6	524	had	4.63864803314209	2.6546263694763184	3.102630615234375	3.458981990814209
6	525	been	2.345865249633789	2.5073206424713135	2.0230557918548584	1.9335079193115234
6	526	considering	7.974419593811035	8.385129928588867	7.963003158569336	8.114334106445312
6	527	it,	6.624027729034424	5.466837406158447	5.529156684875488	5.564336776733398
6	528	for	4.957215309143066	5.00172758102417	4.4175825119018555	4.123281955718994
6	529	she	8.733017921447754	4.48087215423584	4.6164655685424805	4.177544593811035
6	530	did	4.071937561035156	3.9640390872955322	3.5458545684814453	3.4408023357391357
6	531	love	8.334041595458984	6.887714385986328	5.453098297119141	4.999290943145752
6	532	to	2.501129388809204	2.498403310775757	2.8508548736572266	2.502629518508911
6	533	sing.	11.797147750854492	7.799349308013916	5.784873962402344	4.754981994628906
6	534	That	5.125619888305664	5.016783714294434	5.277747631072998	4.921377658843994
6	535	very	7.217708587646484	6.575652122497559	6.34671688079834	6.748322010040283
6	536	night,	9.52457046508789	3.530029296875	2.7088053226470947	2.6381630897521973
6	537	the	2.8778951168060303	2.9355483055114746	1.9986604452133179	2.3132941722869873
6	538	first	4.495286464691162	4.615243911743164	4.857915878295898	4.5001606941223145
6	539	text	8.362890243530273	9.387557983398438	10.040087699890137	10.285405158996582
6	540	message	4.15753698348999	3.592456817626953	2.7853212356567383	1.3033061027526855
6	541	had	6.862827301025391	7.140932083129883	5.697028160095215	5.99021577835083
6	542	come	4.846797466278076	3.516024351119995	3.034961223602295	2.536066770553589
6	543	through.	7.230654239654541	7.64008903503418	4.958698272705078	3.8888981342315674
6	544	'How	10.31216812133789	11.131547927856445	9.728458404541016	9.603800773620605
6	545	does	3.8290679454803467	4.159767150878906	4.073964595794678	4.268288612365723
6	546	it	3.6256654262542725	1.3585854768753052	1.0894231796264648	0.9990971088409424
6	547	feel	8.672627449035645	4.67578649520874	1.1325995922088623	1.1753835678100586
6	548	to	4.8414435386657715	3.316356658935547	2.6603567600250244	0.2268804907798767
6	549	be	3.0100271701812744	1.9515845775604248	1.1164557933807373	0.8373708724975586
6	550	tall	9.70617961883545	10.03474235534668	10.990189552307129	9.7172212600708
6	551	and	1.5708770751953125	0.9439134001731873	0.7739319801330566	0.8329875469207764
6	552	lanky	14.035148620605469	5.697549819946289	5.245724678039551	4.878532886505127
6	553	like	6.4204607009887695	5.327481269836426	3.692586898803711	2.034977912902832
6	554	a	1.9204113483428955	1.8446732759475708	1.9161726236343384	1.784214973449707
6	555	giraffe?'	21.082630157470703	18.18844985961914	14.185239791870117	15.511473655700684
6	556	it	6.771924018859863	6.548259735107422	7.068137168884277	7.595464706420898
6	557	had	4.739935874938965	4.128639221191406	4.465791702270508	4.187442779541016
6	558	asked,	9.998222351074219	11.854249954223633	4.218452453613281	4.282217025756836
6	559	taking	5.71740198135376	6.740963935852051	8.002058982849121	6.627131462097168
6	560	Lucy	12.326079368591309	10.529253005981445	10.177258491516113	11.277078628540039
6	561	by	5.711941719055176	5.494743824005127	1.108567237854004	1.2446500062942505
6	562	surprise.	11.840009689331055	9.024076461791992	5.275509834289551	4.337207794189453
6	563	One	5.527005195617676	5.108955383300781	5.823467254638672	5.584468364715576
6	564	of	1.328187108039856	1.123969554901123	1.1783063411712646	1.4353307485580444
6	565	the	1.4737688302993774	0.44330841302871704	0.47800275683403015	0.5823475122451782
6	566	popular	9.060652732849121	8.731389999389648	7.517420768737793	7.915912628173828
6	567	girls,	10.5138578414917	10.361467361450195	10.102376937866211	9.328356742858887
6	568	Lucy	9.727039337158203	9.472006797790527	8.168923377990723	7.821479320526123
6	569	had	4.63864803314209	3.892051935195923	3.922783851623535	4.360751152038574
6	570	always	5.771392822265625	4.767617225646973	3.994509696960449	3.8338499069213867
6	571	known	6.280917644500732	3.954777956008911	3.6191842555999756	3.8011598587036133
6	572	she	8.68870735168457	4.1465067863464355	2.9747180938720703	2.074270725250244
6	573	wasn't,	10.05307388305664	8.819169998168945	9.149837493896484	9.414436340332031
6	574	but	2.201606273651123	2.236428737640381	1.6841316223144531	1.5439544916152954
6	575	before	7.1535844802856445	7.314449310302734	6.874081134796143	7.131911277770996
6	576	the	1.635493278503418	1.8518404960632324	2.8414669036865234	3.3253746032714844
6	577	messages	10.229490280151367	10.750636100769043	9.907599449157715	10.274900436401367
6	578	began,	13.176640510559082	12.011107444763184	7.267797946929932	6.959569931030273
6	579	Lucy	9.672463417053223	10.895710945129395	9.801141738891602	9.486382484436035
6	580	had	4.63864803314209	2.8740081787109375	2.982537269592285	2.9017527103424072
6	581	always	5.771392822265625	4.767617225646973	5.21041202545166	5.391551971435547
6	582	been	3.2084567546844482	1.1508605480194092	1.3531627655029297	1.3334650993347168
6	583	quite	6.311704158782959	6.171398162841797	6.190790176391602	5.723490238189697
6	584	proud	6.703717231750488	7.214832305908203	5.725063323974609	5.181961536407471
6	585	of	1.0050814151763916	0.5306031107902527	0.35863226652145386	0.1925799548625946
6	586	being	6.7221527099609375	4.393240928649902	4.379952907562256	4.261076927185059
6	587	a	2.72825288772583	2.2084922790527344	1.3313602209091187	1.4615293741226196
6	588	little	4.897584915161133	4.555854320526123	4.915306568145752	5.704754829406738
6	589	different.	8.572279930114746	6.8891282081604	6.4616312980651855	6.71080207824707
6	590	But	3.594407320022583	3.615271806716919	3.5052034854888916	3.5616540908813477
6	591	text	9.863832473754883	12.144050598144531	12.497520446777344	12.486494064331055
6	592	by	5.207698822021484	6.664483070373535	6.411023139953613	6.676883697509766
6	593	text,	11.187606811523438	6.766942024230957	0.9813441038131714	2.6372768878936768
6	594	Lucy's	15.019980430603027	17.377124786376953	16.34238052368164	14.993513107299805
6	595	self-confidence	12.198606491088867	11.21231460571289	11.218279838562012	11.055904388427734
6	596	had	5.821609020233154	2.722921848297119	2.894827365875244	2.497163772583008
6	597	deflated	13.440383911132812	10.295413970947266	8.812830924987793	9.237608909606934
6	598	and,	7.732002258300781	7.697755813598633	6.649265766143799	6.675457954406738
6	599	in	2.3529090881347656	2.2569966316223145	2.424415111541748	2.090071678161621
6	600	the	1.3686838150024414	1.9335342645645142	1.808458685874939	1.6461018323898315
6	601	end,	8.2098388671875	6.988287925720215	3.427506923675537	3.9347283840179443
6	602	it	3.4332315921783447	3.1906256675720215	2.8865556716918945	2.945594072341919
6	603	had	4.739935874938965	4.686275482177734	4.39750337600708	4.513298034667969
6	604	taken	5.47569465637207	4.497313022613525	4.2695817947387695	4.165810585021973
6	605	some	5.994176387786865	4.944628715515137	4.471861839294434	4.111044406890869
6	606	doing	10.349783897399902	10.597394943237305	10.08238697052002	4.350459098815918
6	607	to	4.537965774536133	2.58386492729187	1.0114635229110718	0.5102367997169495
6	608	get	4.580440998077393	2.9833624362945557	2.4310975074768066	1.3081122636795044
6	609	her	5.156190395355225	4.565962791442871	3.858456611633301	3.8296890258789062
6	610	to	3.69154691696167	2.0467045307159424	1.6206963062286377	1.6830710172653198
6	611	agree	8.663875579833984	7.79191255569458	4.305441379547119	4.245220184326172
6	612	to	1.9649549722671509	1.1197259426116943	0.3374159336090088	0.1996200978755951
6	613	perform	6.980975151062012	6.975374221801758	6.987915515899658	5.791472434997559
6	614	in	3.9937100410461426	3.760225296020508	3.6634256839752197	3.4035892486572266
6	615	the	1.3686838150024414	1.4455374479293823	1.3224968910217285	1.3184175491333008
6	616	show.	10.089388847351074	9.807472229003906	5.024711608886719	6.074372291564941
6	617	Now,	6.79626989364624	6.661238670349121	6.773345947265625	6.847055912017822
6	618	however,	4.6316680908203125	4.590019702911377	4.716996669769287	5.029288291931152
6	619	Lucy	12.067425727844238	10.920101165771484	10.519088745117188	10.30784797668457
6	620	had	4.63864803314209	2.623166084289551	2.535977840423584	3.133490562438965
6	621	no	3.4734935760498047	3.713458299636841	2.8024678230285645	3.30096435546875
6	622	choice	6.998456954956055	4.283121109008789	3.438045024871826	3.98467755317688
6	623	but	4.896174907684326	0.36971110105514526	0.23877477645874023	0.2249767780303955
6	624	to	4.704319953918457	0.1450987458229065	0.06651262193918228	0.028451360762119293
6	625	make	4.563215732574463	3.9491660594940186	4.299405097961426	4.379736423492432
6	626	her	4.780384063720703	4.797461032867432	4.541335582733154	4.327475547790527
6	627	way	5.698601722717285	3.845017194747925	3.5386571884155273	4.875119686126709
6	628	towards	7.105959892272949	4.954789161682129	4.975197792053223	4.822324752807617
6	629	the	1.0973165035247803	1.2007113695144653	0.8165578842163086	0.7562577724456787
6	630	stage	8.320959091186523	7.830499172210693	8.01174259185791	6.840632438659668
6	631	where	5.592033863067627	3.7602286338806152	2.8468689918518066	2.541414976119995
6	632	Jill	13.20185375213623	12.715031623840332	11.439733505249023	9.05364990234375
6	633	was	3.8034069538116455	2.471142530441284	2.257192611694336	2.4180586338043213
6	634	beckoning	12.336878776550293	11.766450881958008	11.17681884765625	11.719009399414062
6	635	encouragingly	13.444035530090332	11.530838966369629	10.561598777770996	10.12497615814209
6	636	to	2.226618766784668	1.3570582866668701	1.375882863998413	1.5114494562149048
6	637	her.	8.12596607208252	5.161132335662842	3.2865819931030273	3.077613353729248
6	638	She	2.0930678844451904	2.018911838531494	2.264388084411621	1.5373321771621704
6	639	was	2.2592546939849854	1.9462840557098389	2.1448397636413574	2.409503698348999
6	640	the	3.2400004863739014	3.190232753753662	3.5696661472320557	3.7514350414276123
6	641	first	4.495286464691162	2.626523494720459	1.9863477945327759	2.474520444869995
6	642	performer.	14.963150978088379	14.835247993469238	14.335898399353027	14.081235885620117
6	643	Lucy,	12.964717864990234	12.753096580505371	12.92156982421875	12.58897590637207
6	644	announced	10.846498489379883	10.635546684265137	9.792570114135742	10.039020538330078
6	645	by	3.490877628326416	4.02049446105957	2.502448558807373	2.1130850315093994
6	646	her	5.77619743347168	6.048564910888672	2.61027193069458	2.4837329387664795
6	647	sister	6.222525596618652	5.861716270446777	5.7961883544921875	4.8829193115234375
6	648	to	3.428738832473755	2.960205554962158	3.329069137573242	3.406494140625
6	649	the	2.180013418197632	2.4587342739105225	2.593263864517212	2.526153564453125
6	650	audience,	11.02283000946045	9.730880737304688	10.384468078613281	9.570886611938477
6	651	was	5.841808319091797	5.409914970397949	5.556596755981445	4.78267765045166
6	652	all	5.965192794799805	5.941941261291504	5.775132179260254	5.769990921020508
6	653	nerves	12.150562286376953	10.632630348205566	11.116864204406738	10.256820678710938
6	654	as	4.528118133544922	4.81709098815918	2.882344961166382	3.24853777885437
6	655	she	4.859580039978027	2.6559884548187256	2.928224563598633	2.564406633377075
6	656	walked	6.073990345001221	4.178387641906738	4.200979232788086	4.056704521179199
6	657	out	3.27071475982666	2.113375663757324	2.8391809463500977	3.2347164154052734
6	658	onto	7.0965657234191895	4.061443328857422	4.200899124145508	3.761869192123413
6	659	the	0.7929565906524658	0.3298313021659851	0.18002687394618988	0.1565863937139511
6	660	middle	6.758469104766846	7.492266654968262	7.698084354400635	7.527764797210693
6	661	of	0.9510226845741272	0.44261178374290466	0.7455811500549316	0.5068668127059937
6	662	the	1.4737688302993774	0.5502952337265015	0.5962591767311096	0.3238098919391632
6	663	stage,	9.865601539611816	10.45142936706543	7.781027793884277	8.103572845458984
6	664	where	4.865931510925293	4.218837261199951	4.673513889312744	4.295737266540527
6	665	there	4.140499591827393	4.286683082580566	4.548090934753418	4.243162631988525
6	666	was	2.1493215560913086	1.9627481698989868	1.9223591089248657	1.4598910808563232
6	667	nothing	6.587411880493164	3.7582178115844727	4.389223098754883	4.867127895355225
6	668	but	2.750231981277466	2.3957457542419434	3.856346845626831	1.673004150390625
6	669	a	4.024580001831055	2.2170073986053467	1.271956205368042	2.029761552810669
6	670	microphone	10.836159706115723	11.366250038146973	11.39868450164795	11.539350509643555
6	671	and	1.7594385147094727	1.8726140260696411	2.217787742614746	1.2891974449157715
6	672	her.	12.600969314575195	12.67306900024414	14.125666618347168	13.845033645629883
6	673	She	2.0930678844451904	2.277881622314453	2.2225637435913086	2.3764004707336426
6	674	heard	6.029944896697998	5.814730644226074	5.839983940124512	4.96921443939209
6	675	the	2.1138577461242676	1.489861011505127	1.4097181558609009	1.4018259048461914
6	676	audience	9.258602142333984	8.417579650878906	9.246723175048828	8.763409614562988
6	677	applaud	15.388349533081055	8.68958568572998	3.831076145172119	4.350025177001953
6	678	and	4.2590227127075195	2.8370022773742676	2.2333223819732666	2.051410675048828
6	679	could	7.432013034820557	7.8915629386901855	8.722166061401367	8.530658721923828
6	680	feel	5.4646711349487305	6.117632865905762	4.111618995666504	3.622922658920288
6	681	a	3.5134084224700928	3.0861151218414307	2.9181435108184814	2.92305326461792
6	682	sense	7.04662561416626	2.937574863433838	4.115807056427002	4.047911167144775
6	683	of	0.8111209273338318	0.19113507866859436	0.026528917253017426	0.014756872318685055
6	684	anticipation	12.178091049194336	7.810253143310547	6.815867900848389	6.247020721435547
6	685	emanate	17.797414779663086	13.537463188171387	13.284912109375	13.361058235168457
6	686	from	0.31979191303253174	0.17224419116973877	0.16001887619495392	0.15034863352775574
6	687	the	1.3691444396972656	1.0250039100646973	1.0496455430984497	0.9249922633171082
6	688	other	5.352060317993164	5.198606491088867	6.302947998046875	5.633007526397705
6	689	side	4.738375663757324	3.130725860595703	2.1899280548095703	2.3607771396636963
6	690	of	0.8460272550582886	0.35014915466308594	0.2770850658416748	0.28649410605430603
6	691	the	1.4737688302993774	0.43912962079048157	0.2922639846801758	0.32642170786857605
6	692	heavy	9.061712265014648	8.662981033325195	9.155179977416992	8.825362205505371
6	693	curtain.	12.565231323242188	10.361928939819336	12.223908424377441	7.129063606262207
6	694	As	4.472165107727051	4.406370162963867	4.341925621032715	4.298733711242676
6	695	the	2.511078119277954	1.9374628067016602	2.054481267929077	1.935881495475769
6	696	curtains	11.277251243591309	10.24692440032959	4.44339656829834	4.297048091888428
6	697	began	8.32716178894043	7.915618896484375	4.028138637542725	4.886224269866943
6	698	to	1.1736726760864258	0.5497346520423889	0.11957722157239914	0.05537952110171318
6	699	part,	12.025877952575684	11.299541473388672	4.325659275054932	4.6197509765625
6	700	she	5.1589155197143555	4.441618919372559	3.8248658180236816	5.401959419250488
6	701	cast	8.598003387451172	8.805245399475098	7.463131904602051	6.3743391036987305
6	702	a	2.8232507705688477	1.8037288188934326	1.6991183757781982	1.332336664199829
6	703	worried	11.487751007080078	7.377789497375488	4.408129692077637	4.435309886932373
6	704	look	7.9545817375183105	1.734581470489502	1.0383119583129883	1.0763896703720093
6	705	at	1.2091971635818481	3.8099493980407715	2.210671901702881	0.6499640345573425
6	706	Jill	13.077024459838867	12.085290908813477	10.439467430114746	10.176811218261719
6	707	in	4.504431247711182	4.084344863891602	3.6590476036071777	3.841474771499634
6	708	the	1.3686838150024414	1.3295761346817017	1.1537704467773438	0.939781665802002
6	709	wings,	11.544156074523926	10.635258674621582	9.779081344604492	9.277396202087402
6	710	who	6.74429988861084	6.322174072265625	5.471615791320801	4.804853916168213
6	711	assured	10.64418888092041	8.684877395629883	8.96158504486084	9.265935897827148
6	712	her	3.0432281494140625	2.661802291870117	2.303884267807007	2.512355089187622
6	713	with	5.04066276550293	4.506453990936279	6.312221527099609	4.524700164794922
6	714	a	2.1084108352661133	1.3784483671188354	0.5877584218978882	1.0820211172103882
6	715	positive	6.588363170623779	6.077664852142334	8.40230655670166	8.331085205078125
6	716	thumbs	13.146905899047852	14.96982479095459	14.40040111541748	10.86359691619873
6	717	up.	4.059267997741699	2.338688611984253	2.271831512451172	1.8678028583526611
6	718	Lucy	9.865667343139648	10.57822322845459	10.731258392333984	10.418963432312012
6	719	thought	6.713801383972168	5.2268853187561035	5.188381195068359	5.162242889404297
6	720	to	2.47114896774292	2.4906747341156006	4.221436500549316	4.033726692199707
6	721	herself	10.21441650390625	6.247129440307617	1.7348322868347168	1.1765931844711304
6	722	that	4.596166610717773	2.1158342361450195	1.1120799779891968	1.4641484022140503
6	723	she	4.497393608093262	1.1600104570388794	1.0530401468276978	1.3703783750534058
6	724	could	4.051194190979004	3.2496519088745117	3.0185089111328125	2.930610418319702
6	725	not	2.338412284851074	1.9228730201721191	1.4684158563613892	1.1872203350067139
6	726	go	5.848371505737305	5.200952529907227	4.581015586853027	4.524037837982178
6	727	through	3.045907974243164	3.384906768798828	3.6376523971557617	3.6188175678253174
6	728	with	6.165558815002441	3.325923442840576	2.8167083263397217	1.2901575565338135
6	729	this	4.822109222412109	3.333465099334717	3.13641095161438	4.044349670410156
6	730	and	5.321413040161133	5.029937744140625	3.4505021572113037	3.169516086578369
6	731	that	4.984804630279541	3.4398703575134277	4.187495231628418	4.974506855010986
6	732	she,	10.28143310546875	9.042482376098633	11.413444519042969	12.096511840820312
6	733	unlike	6.845144748687744	5.1724772453308105	5.306160926818848	6.714475154876709
6	734	her	4.673356533050537	2.281937599182129	1.9449819326400757	1.897988200187683
6	735	older	7.371119499206543	4.733525276184082	4.768247127532959	4.895045757293701
6	736	sister,	5.4477691650390625	2.104806900024414	1.9029048681259155	0.9496674537658691
6	737	was	4.96046257019043	4.814054012298584	4.365825653076172	3.6817095279693604
6	738	not	3.2028963565826416	3.805811643600464	3.8959834575653076	3.7260725498199463
6	739	confident	8.627069473266602	8.6397705078125	9.110651969909668	8.684305191040039
6	740	enough	4.925760746002197	2.065912961959839	2.082448720932007	2.4517343044281006
6	741	to	1.0547285079956055	0.42033129930496216	0.46484479308128357	0.4763259291648865
6	742	put	5.891603946685791	4.920162200927734	3.7684569358825684	4.3963942527771
6	743	herself	6.610833168029785	6.191181182861328	6.154995441436768	5.030181407928467
6	744	before	6.095396518707275	4.648343563079834	4.400958061218262	4.717072486877441
6	745	the	1.635493278503418	1.870258092880249	1.6181880235671997	1.6026649475097656
6	746	judging	12.464834213256836	10.16899299621582	9.141310691833496	10.954813957214355
6	747	audience.	13.508774757385254	10.280299186706543	9.819637298583984	7.385697364807129
6	748	The	2.4662599563598633	2.3287665843963623	2.2599315643310547	1.9989176988601685
6	749	crowd	8.992395401000977	6.420356750488281	6.5040178298950195	6.585621356964111
6	750	looked	6.97898006439209	5.843709945678711	5.8071465492248535	5.889559745788574
6	751	up	2.1118152141571045	2.128824234008789	2.377948760986328	2.966244697570801
6	752	at	3.9225544929504395	0.7947761416435242	1.1353237628936768	1.0905771255493164
6	753	her	5.105746269226074	4.061707496643066	2.5798189640045166	3.2007899284362793
6	754	and	4.144468784332275	2.8734230995178223	2.1131539344787598	2.117222547531128
6	755	Lucy	11.206737518310547	9.458534240722656	10.197694778442383	10.780782699584961
6	756	was	3.6184825897216797	4.560150146484375	3.493962526321411	3.4061708450317383
6	757	ready	7.451094627380371	5.759763717651367	5.907454490661621	5.880011081695557
6	758	to	0.5281149744987488	0.3675088882446289	0.3472216725349426	0.24381661415100098
6	759	run	6.08125638961792	5.198486328125	5.021681308746338	4.98753023147583
6	760	when	6.027841091156006	5.898984909057617	4.599996566772461	4.832075119018555
6	761	the	2.10417103767395	1.4954681396484375	1.458947777748108	1.3813369274139404
6	762	first	4.495286464691162	5.242374420166016	4.882689476013184	5.269775390625
6	763	notes	9.442426681518555	10.350144386291504	8.57755184173584	10.98403549194336
6	764	of	2.6513378620147705	0.9826645255088806	0.5892895460128784	0.7745799422264099
6	765	the	1.4737688302993774	1.5472533702850342	1.5561846494674683	1.2443358898162842
6	766	music	8.388547897338867	8.591340065002441	5.386040687561035	4.745809555053711
6	767	sounded	8.921704292297363	6.842586517333984	8.144038200378418	6.373095512390137
6	768	out	4.99412202835083	4.965662479400635	5.853609561920166	5.772365093231201
6	769	and	3.334810972213745	4.542402744293213	3.3669686317443848	3.426555871963501
6	770	a	3.878800868988037	4.642127990722656	3.932574510574341	3.388770580291748
6	771	sudden	8.671314239501953	8.114435195922852	7.271664619445801	6.115455627441406
6	772	calm	8.963431358337402	7.646291255950928	7.1140031814575195	6.2925238609313965
6	773	settled	11.477926254272461	5.5546956062316895	4.312031269073486	3.208059072494507
6	774	over	4.781835079193115	1.0149333477020264	0.5931805968284607	0.4443765878677368
6	775	her.	6.54216194152832	4.196446418762207	3.557623863220215	2.9905776977539062
6	776	She	2.0930678844451904	2.001451253890991	1.6452040672302246	1.3306266069412231
6	777	closed	6.910283088684082	6.875582218170166	5.90873908996582	4.6632280349731445
6	778	her	4.30597448348999	0.3569256067276001	0.24689936637878418	0.09528668224811554
6	779	eyes	4.27046012878418	0.8560333847999573	0.6100302338600159	0.5238208770751953
6	780	and	1.7470444440841675	2.3681256771087646	0.6043088436126709	0.4650420546531677
6	781	shut	9.647149085998535	7.009397506713867	6.989738464355469	6.227885723114014
6	782	everything	8.976247787475586	5.9828996658325195	6.543968677520752	6.569340705871582
6	783	out,	8.081440925598145	5.4361066818237305	5.950091361999512	3.1848926544189453
6	784	including	6.070065021514893	4.135676383972168	4.124846935272217	3.5005621910095215
6	785	the	1.8265353441238403	1.740818738937378	0.9403217434883118	1.0326155424118042
6	786	audience,	11.02283000946045	11.464567184448242	10.673365592956543	11.391596794128418
6	787	the	2.8026282787323	2.7877116203308105	2.6066322326660156	2.7010977268218994
6	788	nerves	11.661833763122559	11.178399085998535	10.71456241607666	12.084371566772461
6	789	that	3.264097213745117	3.1630911827087402	3.676408052444458	3.4941554069519043
6	790	threatened	10.765103340148926	10.762592315673828	9.956795692443848	7.2357258796691895
6	791	to	1.279178261756897	0.9642862677574158	0.24953243136405945	0.4697551429271698
6	792	take	4.959149360656738	3.5883073806762695	4.090424060821533	4.065921783447266
6	793	over,	6.965771675109863	7.064074516296387	7.408266067504883	5.885195732116699
6	794	the	2.753465414047241	3.0233211517333984	3.151888370513916	3.2831056118011475
6	795	text	7.3136186599731445	8.663187980651855	8.87339973449707	8.908949851989746
6	796	messages,	6.463916778564453	6.636412620544434	8.235663414001465	8.193572998046875
6	797	and	2.1865365505218506	2.065000295639038	2.1216421127319336	1.788920283317566
6	798	the	2.795388698577881	2.726001262664795	2.918525457382202	1.9917775392532349
6	799	way	6.139243125915527	6.219552993774414	5.202871799468994	5.744617462158203
6	800	they	4.1593523025512695	3.3875513076782227	2.4295802116394043	2.0805368423461914
6	801	made	5.981961250305176	5.827770233154297	5.88533878326416	5.43087100982666
6	802	her	4.162261009216309	4.565793991088867	4.278177261352539	4.127661228179932
6	803	feel.	12.853857040405273	6.946610450744629	5.574828147888184	2.0346035957336426
6	804	It	3.1393744945526123	3.297044277191162	2.7864601612091064	2.941843032836914
6	805	was	1.702970027923584	1.6528123617172241	0.9085289239883423	0.7156961560249329
6	806	just	5.192382335662842	4.278757095336914	3.869694709777832	4.173552513122559
6	807	her	7.717055320739746	6.515684127807617	5.7814130783081055	6.031661510467529
6	808	and	4.144468784332275	3.309810161590576	2.7331724166870117	1.8582249879837036
6	809	the	2.795388698577881	3.144329786300659	2.3397300243377686	1.6715155839920044
6	810	music,	10.750823020935059	11.497371673583984	9.627949714660645	8.232847213745117
6	811	and	1.9664802551269531	1.9207059144973755	2.298017978668213	1.4221808910369873
6	812	it	5.143139839172363	4.031879425048828	3.501237392425537	3.42238712310791
6	813	was	2.4596688747406006	1.8944282531738281	1.7627314329147339	1.4837943315505981
6	814	a	2.6166157722473145	2.435581684112549	2.488853931427002	2.207296371459961
6	815	love	8.358377456665039	8.153878211975098	7.798009872436523	8.121987342834473
6	816	story	7.727029800415039	2.900526523590088	2.740753650665283	2.578944683074951
6	817	that	3.3479251861572266	2.5582733154296875	2.1925809383392334	2.158172845840454
6	818	had	5.632558822631836	3.8802452087402344	4.193192005157471	4.368084907531738
6	819	been	2.345865249633789	1.2188032865524292	1.419001817703247	1.7419625520706177
6	820	going	5.711723327636719	5.675945281982422	5.370214462280273	3.090712070465088
6	821	on	2.5739693641662598	0.8930127024650574	0.9562914967536926	0.27749574184417725
6	822	her	4.708484649658203	6.381420612335205	8.014631271362305	7.467341899871826
6	823	whole	7.310811519622803	8.618902206420898	7.660460948944092	2.278024435043335
6	824	life.	5.638754844665527	2.5893187522888184	3.2109739780426025	1.9668344259262085
6	825	She	3.9595723152160645	3.7002811431884766	1.6362855434417725	1.735331654548645
6	826	began	5.859957218170166	5.6391777992248535	6.065981388092041	5.986225128173828
6	827	to	1.1736726760864258	0.9029644727706909	0.9684461355209351	0.8927072882652283
6	828	sing,	11.475067138671875	7.383764266967773	5.950685501098633	7.372861385345459
6	829	and	2.092869758605957	1.8673546314239502	1.4397321939468384	1.3733303546905518
6	830	all	5.88937520980835	4.933681488037109	5.0300822257995605	4.176380634307861
6	831	the	1.922678828239441	1.6835438013076782	1.5145907402038574	1.199143409729004
6	832	pain	8.397432327270508	7.37153959274292	7.235678672790527	7.888609886169434
6	833	and	1.7305413484573364	2.224229335784912	1.4168781042099	1.5674535036087036
6	834	confusion	10.982823371887207	6.8170366287231445	5.330728054046631	4.746329307556152
6	835	that	4.023014545440674	3.0516910552978516	2.5190839767456055	2.0858256816864014
6	836	the	2.0494112968444824	2.902111530303955	2.8385417461395264	3.5687506198883057
6	837	messages	10.229490280151367	9.846076965332031	9.42818546295166	9.35812759399414
6	838	had	6.303738594055176	5.884876728057861	4.1205525398254395	3.8416824340820312
6	839	been	2.345865249633789	0.8439306616783142	0.8470514416694641	0.5730540752410889
6	840	causing	9.575471878051758	8.574485778808594	8.82279109954834	9.419164657592773
6	841	inside	10.820518493652344	10.326528549194336	9.966697692871094	11.127805709838867
6	842	her	4.150298118591309	5.5303568840026855	4.610918998718262	3.7954037189483643
6	843	just	7.902562141418457	7.2280683517456055	6.921674728393555	6.914982318878174
6	844	flowed	12.060013771057129	11.602360725402832	9.138683319091797	10.074810028076172
6	845	out.	6.597487449645996	4.307286262512207	3.158895492553711	2.698615074157715
6	846	The	2.46639347076416	2.2989280223846436	2.7789440155029297	3.3785629272460938
6	847	words	7.642579078674316	7.039695739746094	5.61811637878418	4.933059215545654
6	848	were	4.084763526916504	2.6041767597198486	2.2727129459381104	1.8081105947494507
6	849	not	3.298377275466919	2.811695098876953	3.240335464477539	3.4710135459899902
6	850	important,	10.302770614624023	9.814872741699219	8.353787422180176	7.402771472930908
6	851	for	4.089156150817871	4.2223005294799805	4.299326419830322	3.7727131843566895
6	852	it	6.25092887878418	2.9659767150878906	2.7235965728759766	3.612002372741699
6	853	was	2.4596688747406006	3.3757433891296387	2.41526198387146	1.7784174680709839
6	854	the	3.2400004863739014	3.1082122325897217	2.593613862991333	1.9094082117080688
6	855	feeling	9.107579231262207	7.618643283843994	7.914022445678711	7.703685283660889
6	856	behind	6.543270111083984	7.26120662689209	6.774212837219238	6.786928653717041
6	857	them	4.191084384918213	4.3509931564331055	4.607120037078857	5.254467010498047
6	858	that	4.5126543045043945	4.226324081420898	3.5522620677948	2.423287868499756
6	859	she	4.497393608093262	4.06276798248291	4.477748870849609	5.301230430603027
6	860	latched	10.543275833129883	12.859084129333496	13.620080947875977	11.118139266967773
6	861	onto.	4.9897356033325195	3.6793713569641113	3.966635227203369	3.8220431804656982
6	862	Lucy	10.297836303710938	10.01844310760498	9.283163070678711	9.297388076782227
6	863	was	3.6184825897216797	2.2618021965026855	2.1390440464019775	2.02449369430542
6	864	in	4.181621551513672	3.021970272064209	3.672278642654419	3.7700119018554688
6	865	the	1.3686838150024414	1.442101001739502	1.2146961688995361	1.1226637363433838
6	866	heart	7.885250568389893	6.961935520172119	6.904435157775879	8.207561492919922
6	867	of	1.8668391704559326	0.5820111632347107	0.35094887018203735	0.05785553157329559
6	868	the	1.4737688302993774	0.8256615400314331	0.7813166975975037	1.1024580001831055
6	869	song	8.410344123840332	8.53255844116211	7.597979545593262	8.01052474975586
6	870	with	4.098738193511963	4.1653151512146	4.044283390045166	4.482793807983398
6	871	the	1.7724734544754028	2.0081629753112793	1.8226115703582764	1.6432768106460571
6	872	rest	7.084926128387451	5.680760860443115	5.778728485107422	5.146659851074219
6	873	of	0.6164605617523193	0.14398251473903656	0.04550890624523163	0.04955244064331055
6	874	the	1.4737688302993774	0.5309443473815918	0.49056029319763184	0.415022075176239
6	875	world	6.093578338623047	6.054996013641357	3.3585045337677	3.2508580684661865
6	876	slipping	12.479430198669434	12.433599472045898	12.32950210571289	11.122891426086426
6	877	away.	3.763823986053467	2.5090811252593994	2.775089979171753	2.9346463680267334
6	878	When	4.468500137329102	4.481931686401367	4.572176933288574	4.562977313995361
6	879	the	1.9600512981414795	1.9630666971206665	2.0598015785217285	1.9272119998931885
6	880	song	8.410344123840332	7.658457279205322	6.773340225219727	6.259601593017578
6	881	finished	10.142633438110352	8.869914054870605	5.493190765380859	4.908168792724609
6	882	and	3.5137839317321777	1.8339171409606934	1.709189534187317	2.4468817710876465
6	883	the	2.795388698577881	2.2417752742767334	1.5323333740234375	1.7472054958343506
6	884	last	5.431286811828613	6.276273727416992	4.823210716247559	4.567722320556641
6	885	note	8.161436080932617	8.7635498046875	8.049829483032227	6.572620868682861
6	886	died	10.407514572143555	9.165321350097656	6.804379463195801	6.4198455810546875
6	887	away,	6.87725830078125	4.380459785461426	1.6526581048965454	1.1130764484405518
6	888	she	4.247744560241699	3.7901268005371094	3.1401336193084717	3.4417052268981934
6	889	opened	7.039851188659668	5.841159820556641	4.758941650390625	5.111440181732178
6	890	her	3.6435329914093018	1.0252407789230347	0.9348633289337158	0.30328890681266785
6	891	eyes.	5.819609642028809	2.2487616539001465	2.4752554893493652	2.1957786083221436
6	892	To	5.8213372230529785	6.250922203063965	6.267216682434082	6.112099647521973
6	893	see	4.671669006347656	3.7455198764801025	3.3963794708251953	2.3605995178222656
6	894	the	2.1283175945281982	1.7619891166687012	1.8189135789871216	2.020019054412842
6	895	whole	6.020485877990723	5.104547500610352	4.604742527008057	4.784223556518555
6	896	audience	8.517887115478516	8.591002464294434	8.385029792785645	9.811918258666992
6	897	on	4.314313888549805	4.699066162109375	4.9351701736450195	4.361073017120361
6	898	their	4.161313056945801	3.9814445972442627	3.247004985809326	2.093278169631958
6	899	feet	6.992157936096191	5.803772926330566	5.557700157165527	1.9914257526397705
6	900	and	2.1179733276367188	1.6594901084899902	1.3324693441390991	1.7294921875
6	901	the	2.795388698577881	2.9410698413848877	3.4920759201049805	3.707009792327881
6	902	hall	9.47114372253418	10.135108947753906	9.073176383972168	9.016740798950195
6	903	filled	8.324161529541016	6.878928184509277	5.224451541900635	5.06500244140625
6	904	with	0.7617121934890747	0.291239857673645	0.2109105885028839	0.23815134167671204
6	905	cheers	13.014866828918457	11.043498039245605	8.323929786682129	7.182757377624512
6	906	and	1.759697675704956	0.707409679889679	0.532135009765625	0.5921021699905396
6	907	applause	12.606650352478027	2.534369468688965	2.2916762828826904	2.814356803894043
6	908	was	3.7582192420959473	4.598236083984375	5.202876567840576	5.782329559326172
6	909	not	3.2028963565826416	3.0321075916290283	3.7250592708587646	3.417536497116089
6	910	what	6.706701755523682	6.017009735107422	5.193261623382568	4.739236831665039
6	911	Lucy	11.54928207397461	11.618520736694336	10.17821216583252	9.457356452941895
6	912	had	4.63864803314209	2.0665993690490723	2.0263919830322266	1.4667234420776367
6	913	expected.	9.555526733398438	9.362759590148926	7.596116542816162	3.5021848678588867
6	914	Lucy	11.24260139465332	9.573375701904297	5.442351818084717	5.305795192718506
6	915	allowed	9.514264106750488	8.471067428588867	8.50295639038086	8.197226524353027
6	916	herself	6.484296798706055	2.0146689414978027	0.8265000581741333	0.9088647961616516
6	917	to	2.5301952362060547	0.33855050802230835	0.4299250841140747	0.7843542098999023
6	918	enjoy	8.017903327941895	6.963678359985352	4.7024431228637695	4.363749027252197
6	919	the	1.6710355281829834	1.4748618602752686	1.2397639751434326	1.1037155389785767
6	920	sense	7.78038215637207	6.513205528259277	7.147583484649658	6.912647724151611
6	921	of	0.8111209273338318	0.8258144855499268	0.05498410761356354	0.05508863180875778
6	922	achievement	11.831327438354492	6.779958248138428	8.07174301147461	3.8614652156829834
6	923	and	2.563030242919922	2.020862340927124	1.5435004234313965	1.7472103834152222
6	924	belonging	11.712546348571777	9.359413146972656	7.815390586853027	5.912810802459717
6	925	that	7.498786926269531	4.947354316711426	4.381106376647949	3.330605983734131
6	926	she	4.497393608093262	4.833224296569824	4.407171249389648	4.688794136047363
6	927	had	2.9027035236358643	1.990492582321167	1.9711406230926514	1.800087332725525
6	928	not	3.6423168182373047	3.4100120067596436	2.9791877269744873	2.770068407058716
6	929	felt	9.095297813415527	6.486791133880615	5.18907356262207	5.395788192749023
6	930	in	4.25037956237793	3.2601089477539062	3.822744369506836	3.3853344917297363
6	931	a	2.713128089904785	3.0758581161499023	2.625546455383301	1.4595128297805786
6	932	very	4.792366027832031	4.989365577697754	4.006241798400879	3.2590231895446777
6	933	long	4.275852680206299	3.447800397872925	4.361096382141113	4.0606794357299805
6	934	time.	4.1496076583862305	2.735541343688965	2.025672674179077	1.5842678546905518
6	935	Then	5.203579902648926	5.373140811920166	5.436563014984131	5.475401878356934
6	936	she	3.333012819290161	2.9598608016967773	2.523784637451172	2.9690146446228027
6	937	saw	5.12751579284668	4.392101764678955	4.454298973083496	4.178124904632568
6	938	her	3.374608278274536	2.924412727355957	3.3270413875579834	3.1739680767059326
6	939	mother,	6.6286139488220215	6.478140830993652	5.2767109870910645	4.666783332824707
6	940	who	2.460493803024292	2.4377336502075195	2.408874034881592	2.2396364212036133
6	941	was	3.2742245197296143	1.6622188091278076	1.4887497425079346	1.0212516784667969
6	942	cheering	11.293588638305664	9.804137229919434	10.134871482849121	10.125666618347168
6	943	the	3.3236260414123535	2.7525436878204346	2.5836589336395264	3.091256618499756
6	944	loudest	11.306096076965332	8.041400909423828	6.2325758934021	5.80634880065918
6	945	of	3.2541751861572266	3.510802745819092	3.9029579162597656	3.775430202484131
6	946	all	5.33061408996582	2.385188579559326	2.9458189010620117	1.9584110975265503
6	947	in	4.869667053222656	6.709043502807617	3.625152587890625	3.965778350830078
6	948	the	1.3686838150024414	1.510938286781311	1.2378238439559937	0.909346342086792
6	949	crowd,	10.484574317932129	9.718809127807617	10.265905380249023	8.735283851623535
6	950	and	2.1921792030334473	2.0636589527130127	2.062790870666504	2.0421791076660156
6	951	Jill,	14.398415565490723	13.839447021484375	13.78792667388916	13.474069595336914
6	952	who	2.856397867202759	2.573462724685669	1.8635070323944092	1.971482515335083
6	953	was	3.2742245197296143	1.8009759187698364	2.6553118228912354	1.5705980062484741
6	954	beaming	10.752963066101074	11.850008964538574	8.765113830566406	8.159591674804688
6	955	at	3.3001818656921387	2.368014335632324	1.8959987163543701	1.6142208576202393
6	956	her	5.105746269226074	2.97072696685791	2.724574089050293	2.5610404014587402
6	957	with	5.04066276550293	3.044395923614502	2.323245048522949	2.3868892192840576
6	958	pride	10.371779441833496	7.985228538513184	8.403030395507812	5.413188457489014
6	959	from	5.792837619781494	4.696739673614502	5.2602949142456055	4.666435241699219
6	960	the	1.3691444396972656	1.4758049249649048	1.273054599761963	1.1143862009048462
6	961	wings.	11.880221366882324	10.865167617797852	11.04542350769043	11.146608352661133
6	962	She	4.157175064086914	4.102761268615723	3.8403432369232178	3.82820987701416
6	963	knew	5.004119396209717	4.415048122406006	4.841208457946777	4.944328784942627
6	964	she	3.1961827278137207	2.091341018676758	2.2159550189971924	2.1707730293273926
6	965	owed	8.657811164855957	7.192558765411377	5.874809265136719	6.370036602020264
6	966	them	4.43027400970459	4.2162933349609375	3.835813522338867	4.144493103027344
6	967	big	9.160907745361328	7.265480041503906	6.89330530166626	6.254348278045654
6	968	time	5.406408786773682	4.754095077514648	2.1807539463043213	1.7524648904800415
6	969	for	3.3014779090881348	3.613185405731201	2.870053768157959	1.481074333190918
6	970	reminding	11.281421661376953	10.946014404296875	12.405364990234375	10.240580558776855
6	971	her	2.1349146366119385	3.1605234146118164	3.9606409072875977	4.244401931762695
6	972	what	7.650581359863281	5.131314754486084	4.440860748291016	4.106206893920898
6	973	she	4.028763771057129	1.3156023025512695	1.8021796941757202	1.3822154998779297
6	974	was	2.315664768218994	1.9514174461364746	2.016230344772339	1.4352695941925049
6	975	capable	7.674733638763428	7.264735698699951	5.419623851776123	6.625469207763672
6	976	of	0.10702922195196152	0.11521350592374802	0.19297659397125244	1.001948595046997
6	977	and	7.160082817077637	6.72833251953125	5.703518867492676	4.927644729614258
6	978	who	7.246309280395508	6.581958770751953	5.5673017501831055	5.015231132507324
6	979	she	6.015710830688477	5.90676212310791	5.43562126159668	7.283244609832764
6	980	really	6.337679862976074	4.04469633102417	4.303425312042236	4.267763614654541
6	981	was.	8.365002632141113	4.140138626098633	2.188490867614746	2.386728286743164
6	982	The	2.6981360912323	2.7104671001434326	3.0682528018951416	3.0285050868988037
6	983	next	5.9745306968688965	4.968930244445801	5.134541034698486	5.178764343261719
6	984	time	3.993694305419922	3.108041286468506	2.3216705322265625	2.2921247482299805
6	985	her	7.578394412994385	7.679520606994629	6.790140151977539	6.427350044250488
6	986	phone	7.93022346496582	5.344152927398682	4.536569118499756	3.9376723766326904
6	987	bleeped	14.856908798217773	11.676637649536133	9.76390266418457	10.01606559753418
6	988	she	8.75267219543457	9.54467487335205	6.664007186889648	5.470435619354248
6	989	would	3.6959211826324463	2.859990119934082	4.528670310974121	4.387660503387451
6	990	tap	11.546688079833984	9.785178184509277	7.441746234893799	7.355487823486328
6	991	the	2.4896490573883057	2.012526750564575	2.1307191848754883	1.6985009908676147
6	992	message	8.274373054504395	7.27673864364624	8.293313980102539	7.070918083190918
6	993	straight	10.860641479492188	9.662894248962402	9.840753555297852	8.045010566711426
6	994	into	3.7420167922973633	2.5040228366851807	2.515552520751953	2.170240879058838
6	995	oblivion	11.105849266052246	9.903416633605957	12.686527252197266	11.759478569030762
6	996	where	5.5229010581970215	5.7431769371032715	5.409547805786133	5.507877349853516
6	997	it	3.347165584564209	3.6483235359191895	2.174669027328491	2.542123317718506
6	998	belonged.	12.356359481811523	7.63532829284668	4.734350204467773	3.809373617172241
7	0	The	2.9499430656433105	2.9499430656433105	2.9499430656433105	2.9499430656433105
7	1	Roswell	13.902750015258789	13.902750015258789	13.902750015258789	13.902750015258789
7	2	UFO	6.012498378753662	2.174736976623535	2.174736976623535	2.174736976623535
7	3	Incident	10.390950202941895	3.038855791091919	2.886467695236206	2.886467695236206
7	4	was	4.182640075683594	4.44387149810791	3.238306760787964	2.142591953277588
7	5	the	3.2400004863739014	2.555206060409546	2.4550070762634277	2.5794191360473633
7	6	alleged	8.917792320251465	8.377300262451172	7.191067695617676	6.375972747802734
7	7	recovery	10.226339340209961	10.766240119934082	10.093961715698242	9.578766822814941
7	8	of	1.8329663276672363	1.1540589332580566	0.8420023322105408	0.4018051326274872
7	9	extra-terrestrial	15.071235656738281	15.73881721496582	15.986479759216309	15.527273178100586
7	10	debris,	10.356806755065918	9.081823348999023	7.093289375305176	8.073060989379883
7	11	including	4.617699146270752	3.7238175868988037	3.654292583465576	3.496657371520996
7	12	alien	11.546627044677734	9.032697677612305	6.049173831939697	6.559747695922852
7	13	corpses,	11.260802268981934	10.029985427856445	6.321770668029785	5.121074676513672
7	14	from	6.240273952484131	6.127432346343994	6.277522087097168	4.780238628387451
7	15	an	4.925551414489746	5.118769645690918	4.56479549407959	4.280708312988281
7	16	object	5.87204122543335	5.418702125549316	7.818990707397461	7.601493835449219
7	17	that	3.326964855194092	3.068092107772827	2.8790817260742188	1.778051733970642
7	18	crashed	11.758072853088379	11.170334815979004	12.022065162658691	10.495613098144531
7	19	near	6.948864459991455	4.544271469116211	6.449518203735352	5.792680263519287
7	20	Roswell,	11.707586288452148	8.751572608947754	7.156830787658691	6.980254650115967
7	21	New	1.1629310846328735	0.7625287175178528	0.6068371534347534	0.6442345380783081
7	22	Mexico,	5.406434059143066	1.0331339836120605	0.7565104961395264	0.5849956274032593
7	23	on	5.614116191864014	5.266956329345703	2.981344699859619	2.3487236499786377
7	24	or	6.6793389320373535	5.3214006423950195	4.571864604949951	5.59469747543335
7	25	about	6.47364616394043	1.8345388174057007	0.2398063689470291	0.31071507930755615
7	26	July	9.52968692779541	3.701547861099243	2.788508415222168	2.830644369125366
7	27	eighth,	14.287153244018555	10.090682029724121	11.53249740600586	11.588448524475098
7	28	nineteen	10.802996635437012	6.928025245666504	5.79823112487793	5.465161323547363
7	29	forty-seven.	16.30428695678711	9.405552864074707	7.305397987365723	6.548728942871094
7	30	Since	6.148065567016602	6.070659637451172	6.498505592346191	6.5996928215026855
7	31	the	1.588416337966919	2.012421131134033	1.9198436737060547	2.316136121749878
7	32	late	7.454042434692383	5.497405052185059	4.554385662078857	4.682870864868164
7	33	nineteen	11.646533012390137	8.983817100524902	8.604206085205078	6.581629753112793
7	34	seventies,	12.103507995605469	4.447542667388916	3.7244513034820557	2.865938186645508
7	35	the	2.416707992553711	2.4753992557525635	2.446084976196289	2.239445447921753
7	36	incident	8.36131763458252	10.170652389526367	10.588363647460938	9.98387622833252
7	37	has	5.2006330490112305	5.106171131134033	4.078588008880615	4.233334541320801
7	38	been	1.724941611289978	1.4941062927246094	1.163790225982666	1.0649094581604004
7	39	the	4.110115051269531	3.8381612300872803	3.978318691253662	4.510114669799805
7	40	subject	7.333507537841797	3.2568321228027344	2.5350911617279053	1.877583622932434
7	41	of	1.7646946907043457	0.9373406171798706	0.034709736704826355	0.02710077539086342
7	42	intense	10.403934478759766	5.711801052093506	6.530760288238525	3.296016216278076
7	43	controversy	9.86269760131836	7.645099639892578	4.388240337371826	4.434815406799316
7	44	and	2.538748264312744	2.383842945098877	1.9585449695587158	1.624123454093933
7	45	the	2.795388698577881	2.6415605545043945	3.556591033935547	4.3602294921875
7	46	subject	7.333507537841797	7.936225891113281	6.436202049255371	4.782573699951172
7	47	of	1.7646946907043457	0.9373406171798706	1.354210615158081	0.5487806797027588
7	48	conspiracy	10.953028678894043	8.472450256347656	8.31418228149414	8.373897552490234
7	49	theories	2.9253416061401367	2.803879737854004	1.591726303100586	2.0504519939422607
7	50	as	4.225791931152344	4.691432952880859	4.068978309631348	4.196158409118652
7	51	to	4.152565956115723	2.4519400596618652	3.18341064453125	3.902263879776001
7	52	the	2.180013418197632	1.9234321117401123	1.5636080503463745	1.5142525434494019
7	53	true	8.354373931884766	8.170833587646484	6.096391677856445	4.845161437988281
7	54	nature	5.934569358825684	3.3145196437835693	3.465609550476074	2.1025407314300537
7	55	of	0.46463900804519653	0.1627546101808548	0.07587303221225739	0.06038767844438553
7	56	the	1.4737688302993774	0.7565796375274658	0.9828157424926758	0.9240449666976929
7	57	object	8.437198638916016	7.84436559677124	6.559762954711914	5.823422431945801
7	58	that	3.326964855194092	3.928473949432373	3.8698339462280273	3.343289375305176
7	59	crashed.	15.205001831054688	13.321168899536133	10.880048751831055	11.352838516235352
7	60	The	2.343140125274658	2.1790006160736084	2.208085775375366	2.0272600650787354
7	61	United	6.352503776550293	7.11751127243042	6.947888374328613	9.270150184631348
7	62	States	0.6141979694366455	0.28150200843811035	0.2243921160697937	0.24632833898067474
7	63	military	7.339588165283203	6.06000280380249	6.104994297027588	5.387489318847656
7	64	maintains	12.074621200561523	9.122379302978516	9.535295486450195	6.439933776855469
7	65	the	1.7737033367156982	2.4322261810302734	2.709536075592041	2.7596240043640137
7	66	debris	10.688584327697754	11.337552070617676	11.415276527404785	11.201265335083008
7	67	recovered	9.418214797973633	7.829610347747803	8.510252952575684	6.50621223449707
7	68	was	7.024034023284912	4.369363784790039	3.6095473766326904	5.46954345703125
7	69	from	6.858418941497803	4.9648661613464355	3.9944074153900146	3.6210525035858154
7	70	an	4.925551414489746	3.9884021282196045	3.128140926361084	3.0812392234802246
7	71	experimental	6.686326026916504	5.697572231292725	6.152828216552734	7.190094470977783
7	72	high-altitude	14.748272895812988	10.287461280822754	10.094079971313477	9.5929536819458
7	73	surveillance	7.300833702087402	7.830458641052246	7.780693054199219	7.789538383483887
7	74	balloon	12.157415390014648	5.092487335205078	3.6336898803710938	3.6428420543670654
7	75	that	5.97213888168335	3.071959972381592	3.4432053565979004	4.665842056274414
7	76	belonged	9.933211326599121	8.049243927001953	7.378403186798096	7.797783374786377
7	77	to	0.20568116009235382	0.07116720080375671	0.044546108692884445	0.03193503990769386
7	78	a	3.548675775527954	2.3669321537017822	2.7452948093414307	2.481945514678955
7	79	classified	10.639366149902344	11.426926612854004	10.644842147827148	9.915987968444824
7	80	program	10.251961708068848	4.586854934692383	4.343733787536621	4.3641157150268555
7	81	named	7.309436798095703	6.610144138336182	5.826996803283691	5.930070400238037
7	82	'Mogul'.	19.741512298583984	20.2189998626709	18.001049041748047	17.575071334838867
7	83	However,	5.157352447509766	5.359536170959473	5.306247234344482	4.994731426239014
7	84	many	5.328571319580078	5.284295558929443	5.837135314941406	5.642274856567383
7	85	UFO	12.945403099060059	11.60123348236084	12.614267349243164	10.634867668151855
7	86	proponents	11.728391647338867	6.595345497131348	4.902126312255859	5.187690258026123
7	87	maintain	6.453883647918701	5.994327545166016	6.129582405090332	4.225490093231201
7	88	that,	7.3695831298828125	3.9961230754852295	4.385892868041992	4.4399542808532715
7	89	in	2.5740303993225098	2.2789196968078613	2.1681272983551025	2.3870859146118164
7	90	fact,	6.780969619750977	3.141017198562622	3.885788917541504	3.212920665740967
7	91	a	3.656214952468872	3.1648223400115967	3.746466875076294	3.8876700401306152
7	92	crashed	12.44742488861084	12.658113479614258	12.540177345275879	12.818782806396484
7	93	alien	13.431456565856934	6.667844772338867	4.884469985961914	4.204414367675781
7	94	craft	10.983747482299805	4.9652557373046875	3.7147228717803955	3.2532851696014404
7	95	and	1.8938992023468018	2.937861204147339	2.6612653732299805	2.126361846923828
7	96	bodies	10.429088592529297	12.035056114196777	9.872098922729492	9.097746849060059
7	97	were	3.375697135925293	3.3265187740325928	3.4321000576019287	3.4103829860687256
7	98	recovered,	10.901289939880371	6.680046081542969	7.060797691345215	7.883293151855469
7	99	and	1.7416200637817383	1.727707028388977	1.779552698135376	2.003744602203369
7	100	that	4.984804630279541	3.846257448196411	4.179346561431885	3.869687557220459
7	101	the	2.0494112968444824	1.8526498079299927	1.6304993629455566	1.5495513677597046
7	102	military	7.967045783996582	7.741560935974121	7.664671897888184	7.7291107177734375
7	103	then	7.816066741943359	7.9683518409729	7.957770347595215	6.791942596435547
7	104	engaged	9.628878593444824	6.429743766784668	6.697387218475342	5.73555326461792
7	105	in	0.44366663694381714	0.5395681262016296	0.601603627204895	0.33121657371520996
7	106	a	2.713128089904785	1.9718698263168335	1.3358473777770996	1.3823720216751099
7	107	cover-up.	13.289629936218262	13.525167465209961	8.940980911254883	10.690909385681152
7	108	The	2.135976552963257	2.2513482570648193	2.2235031127929688	2.141199827194214
7	109	incident	8.297256469726562	6.823938846588135	6.892200946807861	6.722259521484375
7	110	has	5.2006330490112305	3.914823532104492	2.763887643814087	2.8679592609405518
7	111	turned	6.254388809204102	5.910035610198975	6.484379768371582	5.9367451667785645
7	112	into	3.204366445541382	1.7497365474700928	0.8752987384796143	0.9386984705924988
7	113	a	2.00657320022583	0.8047733306884766	0.554229199886322	0.43875372409820557
7	114	widely	8.979464530944824	9.811250686645508	9.580900192260742	8.66176986694336
7	115	known	2.8733320236206055	3.15639591217041	3.6258187294006348	2.99446439743042
7	116	pop	12.140478134155273	9.668935775756836	9.594511985778809	8.289363861083984
7	117	culture	3.387887477874756	2.049135208129883	2.324695348739624	1.6060359477996826
7	118	phenomenon,	11.21399974822998	5.640565872192383	4.632664203643799	3.408271074295044
7	119	making	7.050403594970703	7.070630073547363	6.737048149108887	7.1254801750183105
7	120	the	2.358015775680542	1.9729764461517334	2.348278760910034	2.5744547843933105
7	121	name	6.7692999839782715	7.563901901245117	7.111661911010742	6.350210189819336
7	122	Roswell	15.273398399353027	13.929241180419922	13.675058364868164	13.119830131530762
7	123	synonymous	13.208063125610352	13.697822570800781	12.01688003540039	5.846825122833252
7	124	with	0.5690523386001587	0.47977498173713684	0.10800967365503311	0.13634198904037476
7	125	UFOs.	15.283035278320312	13.110087394714355	5.604887962341309	4.5280303955078125
7	126	It	3.4402828216552734	3.460265636444092	3.2360329627990723	3.2573065757751465
7	127	ranks	12.139322280883789	9.430856704711914	9.137123107910156	8.662267684936523
7	128	as	3.6607346534729004	1.8765592575073242	1.9110853672027588	2.020984411239624
7	129	one	5.303091049194336	1.481365442276001	1.6214061975479126	0.9522615075111389
7	130	of	1.3370164632797241	0.6297996044158936	0.01789739355444908	0.011124255135655403
7	131	the	1.4737688302993774	0.554715633392334	0.3883308470249176	0.19178494811058044
7	132	most	5.204439640045166	4.767856597900391	1.986214280128479	1.8084256649017334
7	133	publicized	11.136784553527832	8.888446807861328	8.610036849975586	8.106149673461914
7	134	and	3.706691265106201	3.5912911891937256	3.0672149658203125	2.6566479206085205
7	135	controversial	11.060002326965332	6.102609634399414	2.679766893386841	2.6744868755340576
7	136	alleged	9.146267890930176	10.24007511138916	8.537254333496094	8.913029670715332
7	137	UFO	11.126601219177246	7.170857906341553	6.258044242858887	7.150660991668701
7	138	incidents.	9.272073745727539	5.47584342956543	5.581812858581543	5.335406303405762
7	139	On	4.831827163696289	4.95998477935791	4.638327598571777	4.411829948425293
7	140	July	4.5485029220581055	3.5858616828918457	3.260678291320801	3.1055197715759277
7	141	ninth,	14.286386489868164	11.386489868164062	12.258195877075195	12.0634183883667
7	142	nineteen	10.315754890441895	7.20137882232666	6.997279167175293	7.122775077819824
7	143	forty-seven,	15.991597175598145	8.409245491027832	6.990527153015137	5.239954948425293
7	144	a	3.530046224594116	3.6477198600769043	3.8019275665283203	3.4252102375030518
7	145	press	7.859620094299316	9.736730575561523	9.275079727172852	8.527230262756348
7	146	release	3.237386465072632	1.4765207767486572	1.4410768747329712	1.328300952911377
7	147	that	5.185047149658203	3.3787293434143066	3.0165092945098877	4.1644134521484375
7	148	Roswell	14.594099998474121	14.03506851196289	13.711307525634766	14.450187683105469
7	149	Army	5.368369102478027	5.625688076019287	6.44143533706665	5.079662799835205
7	150	Air	5.125083923339844	0.4466989040374756	1.0821993350982666	1.1297292709350586
7	151	Field	9.77025032043457	6.2464470863342285	3.117034912109375	0.631616473197937
7	152	issued	11.176055908203125	10.045320510864258	9.27568244934082	7.665696620941162
7	153	stated	10.333783149719238	11.23984432220459	12.558426856994629	12.786277770996094
7	154	that	1.1264978647232056	0.6545363068580627	0.510281503200531	0.7810357213020325
7	155	personnel	11.32867431640625	10.82992935180664	10.182859420776367	9.917387008666992
7	156	from	3.9628634452819824	3.09879994392395	2.636568069458008	2.4280965328216553
7	157	the	1.3691444396972656	1.045347809791565	0.9771897196769714	0.6473281383514404
7	158	field's	12.85477352142334	12.468151092529297	13.49032974243164	13.203227996826172
7	159	Bomb	16.191972732543945	15.186899185180664	15.311881065368652	11.161181449890137
7	160	Group	7.829129219055176	7.522623062133789	8.042301177978516	6.553291320800781
7	161	had	5.355647087097168	3.944647789001465	3.717635154724121	3.4028384685516357
7	162	recovered	8.721856117248535	8.234427452087402	7.941490173339844	8.351774215698242
7	163	a	3.960540533065796	3.7260265350341797	3.319312334060669	3.6334035396575928
7	164	crashed	12.44742488861084	8.404277801513672	10.077879905700684	9.254854202270508
7	165	'flying	18.888717651367188	13.768919944763184	11.90286922454834	12.195162773132324
7	166	disc'	7.930027961730957	7.573577880859375	6.069953918457031	4.911989212036133
7	167	from	5.850921630859375	4.466767311096191	3.463005542755127	3.5121021270751953
7	168	a	2.8481664657592773	3.1305487155914307	2.3703222274780273	2.279353141784668
7	169	ranch	12.271537780761719	10.24797534942627	11.744906425476074	9.955327033996582
7	170	near	5.745187759399414	3.1422970294952393	2.5476627349853516	2.4795637130737305
7	171	Roswell,	11.707586288452148	7.5076799392700195	7.356355667114258	7.2713751792907715
7	172	sparking	11.7321138381958	11.925064086914062	11.712080955505371	11.947306632995605
7	173	intense	6.014031887054443	5.068739891052246	5.394268035888672	6.045416831970215
7	174	media	8.752607345581055	4.714513778686523	3.098233938217163	2.9092636108398438
7	175	interest.	11.1441650390625	5.976323127746582	2.4277122020721436	2.6133816242218018
7	176	Later	8.794246673583984	7.869269371032715	7.763393402099609	7.596615314483643
7	177	the	3.802253484725952	3.087709665298462	3.2544779777526855	3.2366623878479004
7	178	same	4.7310967445373535	3.625883102416992	2.4223737716674805	1.7581639289855957
7	179	day,	5.986471652984619	5.975447654724121	1.6552797555923462	1.3325586318969727
7	180	the	2.6897943019866943	2.1654903888702393	2.2541000843048096	1.7035874128341675
7	181	Commanding	13.71372127532959	11.4787015914917	10.927555084228516	10.794568061828613
7	182	General	1.7712769508361816	2.201936721801758	1.999253273010254	1.6038157939910889
7	183	of	3.512873649597168	0.8375347852706909	0.907172679901123	0.7491819858551025
7	184	the	1.4737688302993774	0.9106751084327698	0.36493155360221863	0.4366704821586609
7	185	Eighth	11.167549133300781	10.346810340881348	8.55837631225586	4.877561092376709
7	186	Air	8.369858741760254	4.06423282623291	3.0949010848999023	2.356598377227783
7	187	Force	1.4321377277374268	0.47019901871681213	0.4402233958244324	0.5855222940444946
7	188	stated	9.990154266357422	8.398737907409668	7.788201808929443	7.373327732086182
7	189	that,	4.521955490112305	4.224610328674316	4.5284810066223145	4.278450012207031
7	190	in	2.5740303993225098	2.095538377761841	2.2042579650878906	2.3067240715026855
7	191	fact,	6.780969619750977	3.141017198562622	4.852176666259766	4.535048484802246
7	192	a	3.656214952468872	3.1648223400115967	3.746466875076294	3.909639835357666
7	193	weather	10.141450881958008	10.57671070098877	10.242666244506836	10.56418514251709
7	194	balloon	10.691649436950684	4.560358047485352	3.675668716430664	4.527520179748535
7	195	had	5.405476093292236	4.393618583679199	4.391095161437988	3.35064697265625
7	196	been	2.345865249633789	1.505945086479187	1.5076435804367065	1.4691619873046875
7	197	recovered	8.419912338256836	8.781352996826172	6.877233505249023	5.843414306640625
7	198	by	2.6883015632629395	2.340977430343628	1.9031939506530762	2.3939578533172607
7	199	the	1.6374341249465942	1.743268370628357	1.2207382917404175	0.8721985220909119
7	200	Roswell	13.589888572692871	13.820122718811035	12.886205673217773	11.3753023147583
7	201	Army	5.368369102478027	3.7752764225006104	3.2045087814331055	1.98977530002594
7	202	Air	5.125083923339844	0.4466989040374756	0.46621081233024597	0.49225902557373047
7	203	Field	9.77025032043457	6.2464470863342285	3.117034912109375	0.9991540312767029
7	204	personnel,	14.784712791442871	9.139838218688965	9.831445693969727	8.301288604736328
7	205	rather	6.917304515838623	7.380467891693115	7.570623397827148	7.846724987030029
7	206	than	0.7460983991622925	0.07082870602607727	0.04954562336206436	0.05269239470362663
7	207	a	2.8316798210144043	2.4825663566589355	2.887544870376587	3.1375365257263184
7	208	'flying	15.539525032043457	15.94377613067627	15.072271347045898	14.650483131408691
7	209	saucer'.	5.6100053787231445	4.184974193572998	3.88968825340271	3.2095303535461426
7	210	A	3.8022913932800293	3.7043614387512207	3.5559005737304688	3.804877281188965
7	211	subsequent	9.180692672729492	6.804948806762695	7.093396186828613	6.668567180633545
7	212	press	8.433587074279785	6.555449485778809	5.058788776397705	4.421477317810059
7	213	conference	2.943249464035034	1.8032152652740479	1.4300854206085205	2.203037977218628
7	214	was	3.894260883331299	4.857717514038086	4.267904281616211	2.43430495262146
7	215	called,	9.738757133483887	7.948858261108398	7.744667053222656	8.922974586486816
7	216	featuring	10.526844024658203	10.467667579650879	7.3296966552734375	7.287613391876221
7	217	debris	12.407066345214844	13.404756546020508	13.463190078735352	14.979645729064941
7	218	from	2.1520891189575195	1.379583716392517	0.9831812381744385	0.8648146986961365
7	219	the	1.3691444396972656	0.7562436461448669	0.7936180233955383	0.6956758499145508
7	220	crashed	12.605766296386719	11.938804626464844	7.3980889320373535	5.744358062744141
7	221	object	11.76973819732666	6.168320655822754	7.267333030700684	7.1217498779296875
7	222	that	3.326964855194092	3.5095372200012207	4.212859153747559	3.6571052074432373
7	223	confirmed	10.827254295349121	12.072352409362793	10.694894790649414	10.623892784118652
7	224	the	2.0316591262817383	1.2062896490097046	1.1040575504302979	1.052243947982788
7	225	weather	9.100893020629883	10.200020790100098	10.367965698242188	9.311750411987305
7	226	balloon	10.691649436950684	8.524267196655273	5.603616714477539	4.630581855773926
7	227	description.	13.16922378540039	13.014846801757812	12.618027687072754	10.721759796142578
7	228	The	2.0858116149902344	1.939549446105957	2.022535800933838	2.139460325241089
7	229	case	6.493713855743408	6.727023601531982	6.678101539611816	7.807469844818115
7	230	was	3.7118959426879883	1.904662847518921	1.9289658069610596	1.7664960622787476
7	231	quickly	7.7080159187316895	7.968235492706299	7.314519882202148	7.767778396606445
7	232	forgotten	9.72028636932373	5.099748134613037	4.909096717834473	5.074626445770264
7	233	and	3.3370091915130615	2.2988646030426025	2.462026596069336	2.039228677749634
7	234	almost	8.162151336669922	5.958486080169678	6.025834560394287	6.367646217346191
7	235	completely	4.2438507080078125	4.229166030883789	3.343296527862549	2.9867334365844727
7	236	ignored,	9.12747859954834	7.028193473815918	7.520585060119629	4.169634819030762
7	237	even	4.6819963455200195	3.851771354675293	3.554753303527832	4.061662673950195
7	238	by	5.682960033416748	2.8567097187042236	2.1048264503479004	1.861282467842102
7	239	UFO	13.10733699798584	11.907979965209961	11.200602531433105	10.365401268005371
7	240	researchers,	11.693778991699219	5.707653045654297	3.8450839519500732	3.1097769737243652
7	241	for	5.096139907836914	5.303266525268555	5.515641212463379	4.703614234924316
7	242	more	4.965254306793213	4.859679222106934	4.8943657875061035	5.179175853729248
7	243	than	1.9231622219085693	1.4085954427719116	0.6593466401100159	0.601944625377655
7	244	thirty	7.667840957641602	5.9695844650268555	4.996278285980225	4.142018795013428
7	245	years.	3.996803045272827	3.408726692199707	3.161670446395874	1.6174120903015137
7	246	Then,	7.299866676330566	7.040021896362305	7.30914831161499	7.418563365936279
7	247	in	3.298591136932373	1.8908421993255615	1.7344318628311157	1.8518306016921997
7	248	nineteen	12.185080528259277	12.336589813232422	10.888819694519043	9.917963027954102
7	249	seventy-eight,	16.797517776489258	7.975977897644043	5.047738075256348	4.987485408782959
7	250	nuclear	12.81324291229248	12.621822357177734	10.91801643371582	9.938311576843262
7	251	physicist	8.934430122375488	2.975576162338257	3.3704657554626465	4.689218521118164
7	252	and	2.0224509239196777	1.9057965278625488	1.6250147819519043	1.849195957183838
7	253	author	9.632706642150879	4.109380722045898	4.95595121383667	4.216772556304932
7	254	Stanton	15.00173282623291	12.074718475341797	9.792865753173828	10.40352725982666
7	255	Friedman	11.653465270996094	4.829316139221191	2.762423276901245	2.049945831298828
7	256	interviewed	10.346460342407227	7.785028457641602	6.576886177062988	5.472391128540039
7	257	Jesse	11.102208137512207	8.587689399719238	8.14542007446289	7.802789688110352
7	258	Marcel,	13.511251449584961	10.609512329101562	9.902212142944336	10.813291549682617
7	259	the	3.4296915531158447	2.8596973419189453	1.7809369564056396	1.6928964853286743
7	260	only	6.549808502197266	4.54103946685791	4.7593255043029785	4.765297889709473
7	261	person	6.324150085449219	4.130879878997803	2.7947916984558105	2.797234058380127
7	262	known	7.732545852661133	7.150197982788086	7.152741432189941	6.511879920959473
7	263	to	1.9427400827407837	1.4216588735580444	0.10399063676595688	0.13915346562862396
7	264	have	4.3862786293029785	2.4017691612243652	2.233560085296631	0.41628995537757874
7	265	accompanied	9.86771297454834	9.684305191040039	8.66951847076416	7.191266059875488
7	266	the	2.964486598968506	1.2650095224380493	1.4523000717163086	1.2692233324050903
7	267	Roswell	13.589888572692871	12.825407028198242	13.232858657836914	12.615639686584473
7	268	debris	8.380828857421875	7.30362606048584	6.355477809906006	6.095890045166016
7	269	from	2.1520891189575195	3.607339859008789	4.3254194259643555	3.877516031265259
7	270	where	7.291143894195557	7.199347496032715	6.2283759117126465	5.798037052154541
7	271	it	3.347165584564209	2.5389485359191895	1.4982621669769287	1.165951132774353
7	272	was	2.4596688747406006	1.9059362411499023	1.8604406118392944	2.349820375442505
7	273	recovered	8.852916717529297	9.468183517456055	9.410965919494629	7.848553657531738
7	274	to	4.062915802001953	4.156383991241455	4.230748653411865	4.688765525817871
7	275	Fort	11.067121505737305	11.685546875	12.400131225585938	10.252496719360352
7	276	Worth.	6.135995864868164	4.72921085357666	5.899787425994873	6.269136428833008
7	277	Over	6.887566566467285	6.3329315185546875	6.443719863891602	6.4908552169799805
7	278	the	1.2068400382995605	0.6036286950111389	0.5637134313583374	0.5242268443107605
7	279	next	5.9067792892456055	2.2782609462738037	2.0464730262756348	1.5004171133041382
7	280	few	4.442471504211426	2.985583782196045	1.384560227394104	1.3212326765060425
7	281	years,	4.279665946960449	2.745419502258301	2.770643949508667	1.5058605670928955
7	282	the	2.4183833599090576	2.333956241607666	2.300654888153076	2.3882296085357666
7	283	accounts	11.655616760253906	10.241207122802734	10.380975723266602	10.57916259765625
7	284	he	6.522873878479004	5.2366204261779785	6.190697193145752	6.043179988861084
7	285	and	4.838354110717773	5.676168441772461	4.386277198791504	4.245195388793945
7	286	others	6.961381912231445	4.102428913116455	3.3543291091918945	3.496194362640381
7	287	gave	7.340385437011719	7.3695759773254395	7.160612106323242	5.521714210510254
7	288	elevated	10.975347518920898	12.50843620300293	12.643816947937012	13.02846622467041
7	289	Roswell	16.7084903717041	16.656770706176758	16.877073287963867	15.82475471496582
7	290	from	6.916181564331055	7.231016635894775	6.532586097717285	7.2300519943237305
7	291	a	2.8481664657592773	3.0759153366088867	1.9051966667175293	1.9378725290298462
7	292	forgotten	10.481042861938477	10.196426391601562	10.678465843200684	8.368795394897461
7	293	incident	10.183366775512695	7.405938625335693	7.316827774047852	6.157491207122803
7	294	to	2.7127022743225098	3.323514938354492	3.985602855682373	3.4172708988189697
7	295	perhaps	9.731585502624512	10.996373176574707	9.788082122802734	9.555525779724121
7	296	the	2.381378173828125	2.541170597076416	1.771450400352478	2.807142734527588
7	297	most	5.204439640045166	1.3528279066085815	1.1694387197494507	1.200303554534912
7	298	famous	5.256961345672607	4.447526931762695	3.112281084060669	2.6824257373809814
7	299	UFO	11.10460090637207	8.663790702819824	8.27925968170166	8.093964576721191
7	300	case	7.394203186035156	4.868359565734863	2.836198091506958	2.676729679107666
7	301	of	1.4984393119812012	2.5283355712890625	1.7906628847122192	1.4207683801651
7	302	all	5.33061408996582	6.570443630218506	3.7313168048858643	3.042238712310791
7	303	time.	7.259042739868164	4.798336982727051	6.678933143615723	1.5617443323135376
7	304	By	5.707890510559082	5.875485420227051	5.918191909790039	6.070426940917969
7	305	the	1.954586148262024	1.582902193069458	1.336989164352417	1.1926414966583252
7	306	early	6.986944198608398	4.217000961303711	4.485320091247559	3.2526655197143555
7	307	nineteen	12.095956802368164	9.200005531311035	7.85011625289917	7.633540630340576
7	308	nineties,	13.741084098815918	5.592350959777832	4.722996234893799	3.5056469440460205
7	309	UFO	11.891797065734863	12.269784927368164	12.226415634155273	11.568408966064453
7	310	researchers	9.968921661376953	3.3555901050567627	3.3478479385375977	3.0413191318511963
7	311	had	5.113058090209961	4.580935478210449	3.2710161209106445	3.1956591606140137
7	312	interviewed	9.699185371398926	7.919941425323486	7.2732696533203125	7.7242631912231445
7	313	several	5.344711780548096	4.36018180847168	4.758699417114258	4.423998832702637
7	314	hundred	4.513360500335693	3.940436601638794	2.892427682876587	1.3777879476547241
7	315	people	4.37854528427124	4.250947952270508	2.4010379314422607	2.3202686309814453
7	316	who	2.091592311859131	2.82017183303833	2.903604745864868	2.0198049545288086
7	317	had,	9.280795097351074	9.803539276123047	9.220207214355469	8.889633178710938
7	318	or	4.214893817901611	4.668335437774658	3.278491258621216	3.6152591705322266
7	319	who	7.34842586517334	4.6005988121032715	2.038245677947998	2.060910701751709
7	320	claimed	7.8880414962768555	8.406030654907227	7.013235569000244	4.601068496704102
7	321	to	2.0239925384521484	1.1582543849945068	0.8194658160209656	0.3658168911933899
7	322	have	4.3862786293029785	1.0322682857513428	0.9358997344970703	1.0554479360580444
7	323	had,	9.467742919921875	9.232431411743164	8.12188720703125	10.214900970458984
7	324	a	4.8547587394714355	4.943081378936768	4.287235260009766	4.187569618225098
7	325	connection	8.060210227966309	7.882139205932617	7.413881778717041	6.895166397094727
7	326	with	1.5558282136917114	2.0885045528411865	1.8421083688735962	1.2316681146621704
7	327	the	1.7724734544754028	0.8946137428283691	1.040366291999817	1.197007179260254
7	328	events	8.518180847167969	8.791234016418457	6.031651973724365	7.306009769439697
7	329	at	4.209911823272705	3.9391074180603027	3.925508975982666	2.7657604217529297
7	330	Roswell	12.426453590393066	11.60450553894043	8.75484561920166	8.544782638549805
7	331	in	3.80155611038208	2.790250778198242	2.2679574489593506	2.019958972930908
7	332	nineteen	12.185080528259277	10.54825210571289	10.746530532836914	11.574386596679688
7	333	forty-seven.	16.30428695678711	8.437041282653809	6.369668960571289	6.2670135498046875
7	334	Additionally,	8.9413480758667	8.82487678527832	9.364678382873535	9.69442081451416
7	335	hundreds	9.957246780395508	9.306564331054688	9.80716609954834	8.994338035583496
7	336	of	0.2848837077617645	0.044485174119472504	0.09219928830862045	0.0860072523355484
7	337	documents	9.772722244262695	7.138274192810059	6.309088230133057	6.209874629974365
7	338	were	3.75899338722229	4.520833969116211	3.8547160625457764	1.5144120454788208
7	339	obtained	5.148571968078613	4.180885314941406	4.285862445831299	4.010280132293701
7	340	by	1.5223480463027954	1.877206563949585	1.0991429090499878	1.1620522737503052
7	341	Freedom	12.216898918151855	13.90611743927002	12.845059394836426	6.367224216461182
7	342	of	1.9793336391448975	1.6178092956542969	0.9068571329116821	0.4165593385696411
7	343	Information	10.500925064086914	1.1047167778015137	0.2558378577232361	0.057885996997356415
7	344	Act	4.989428520202637	2.643153429031372	0.7788801193237305	0.8719906210899353
7	345	requests,	11.39561939239502	4.801396369934082	4.048404693603516	4.62959623336792
7	346	as	4.274600505828857	3.9514000415802	3.932140827178955	3.9666333198547363
7	347	were	7.919644355773926	7.156975269317627	6.299333572387695	6.228816032409668
7	348	some	6.571911811828613	4.81341028213501	3.9212026596069336	3.9449551105499268
7	349	that	7.055893898010254	5.048532962799072	4.962596893310547	4.147393703460693
7	350	insiders	13.395034790039062	13.043376922607422	15.812677383422852	17.174692153930664
7	351	apparently	8.426660537719727	7.86019229888916	7.926259994506836	8.356902122497559
7	352	leaked.	13.063194274902344	10.604569435119629	8.627288818359375	8.409257888793945
7	353	Their	6.520563125610352	6.594673156738281	6.537437438964844	6.722951889038086
7	354	conclusions	7.493446350097656	7.726562976837158	7.915044784545898	6.989611625671387
7	355	were	4.245400428771973	1.5233657360076904	1.379377841949463	1.7179888486862183
7	356	that	6.70258903503418	3.0632941722869873	1.6183278560638428	1.8415666818618774
7	357	at	6.139132022857666	6.398645401000977	6.294338226318359	5.782921314239502
7	358	least	3.3008813858032227	1.4480843544006348	1.8220895528793335	1.630755066871643
7	359	one	2.127257823944092	1.6339070796966553	1.308901071548462	1.5692638158798218
7	360	alien	12.234013557434082	9.14185905456543	8.923699378967285	9.113862991333008
7	361	craft	10.983747482299805	8.899496078491211	9.167914390563965	7.954230308532715
7	362	had	6.1414642333984375	3.785281181335449	3.3408026695251465	3.84847354888916
7	363	crashed	10.248344421386719	7.92112398147583	3.963834762573242	3.5435895919799805
7	364	in	2.1783876419067383	2.29943585395813	2.270768404006958	2.079455614089966
7	365	the	1.3686838150024414	1.4549949169158936	1.0342991352081299	0.6040879487991333
7	366	Roswell	13.589888572692871	13.5634183883667	12.373878479003906	12.719088554382324
7	367	vicinity,	11.528928756713867	10.77363395690918	8.185758590698242	7.547534465789795
7	368	that	4.922772407531738	5.216552257537842	5.071819305419922	4.892093658447266
7	369	aliens,	15.215531349182129	14.896767616271973	10.601990699768066	10.44461441040039
7	370	some	6.1122541427612305	6.976821422576904	6.57512903213501	4.151939868927002
7	371	possibly	9.969642639160156	8.364265441894531	7.449614524841309	6.5405731201171875
7	372	still	7.0448760986328125	7.025725841522217	4.1359429359436035	5.258423805236816
7	373	alive,	6.381860733032227	6.577935218811035	7.012378692626953	2.449934959411621
7	374	were	6.44851541519165	6.285167694091797	4.833281517028809	3.88687801361084
7	375	recovered,	10.901289939880371	10.127137184143066	9.776568412780762	9.872248649597168
7	376	and	1.7416200637817383	1.727707028388977	1.1280250549316406	1.3653713464736938
7	377	that	4.984804630279541	3.846257448196411	4.179346561431885	3.8477261066436768
7	378	a	3.9856972694396973	4.223459720611572	3.8985490798950195	3.624786615371704
7	379	massive	7.8657546043396	7.434121131896973	7.840836524963379	7.16447639465332
7	380	cover-up	10.816030502319336	8.001083374023438	7.528700828552246	7.180927276611328
7	381	of	1.324735164642334	1.0393788814544678	1.3011096715927124	1.4574998617172241
7	382	any	6.246659278869629	4.971953392028809	4.667045593261719	5.03124475479126
7	383	knowledge	7.150536060333252	7.5020365715026855	5.672650337219238	4.420287132263184
7	384	of	1.0200271606445312	0.48592180013656616	0.8462881445884705	0.4670301079750061
7	385	the	1.4737688302993774	1.0534708499908447	1.1551477909088135	1.046189308166504
7	386	incident	8.36131763458252	7.7494635581970215	8.0144624710083	6.747753143310547
7	387	was	3.5984041690826416	2.9336447715759277	3.0385844707489014	2.8260273933410645
7	388	put	6.772506237030029	7.354122161865234	6.991786003112793	6.901117324829102
7	389	in	2.9427032470703125	1.5658564567565918	2.1475839614868164	2.582594394683838
7	390	place.	8.24462604522705	5.317129135131836	4.847011566162109	5.258232593536377
7	391	Numerous	9.851552963256836	9.030791282653809	9.110898971557617	8.924728393554688
7	392	books,	8.765741348266602	7.892867088317871	8.505035400390625	8.441071510314941
7	393	articles,	6.152544021606445	2.176819324493408	2.29140043258667	2.096278429031372
7	394	television	7.076297283172607	7.06922721862793	5.709957599639893	5.776332855224609
7	395	specials	10.250493049621582	6.51019287109375	6.1026835441589355	4.8905158042907715
7	396	and	2.0634074211120605	1.8030833005905151	0.14279675483703613	0.18819963932037354
7	397	even	6.218949317932129	5.672283172607422	5.068085670471191	3.4869096279144287
7	398	a	3.543884754180908	3.243553876876831	1.9561463594436646	1.3569194078445435
7	399	made-for-TV	12.96224594116211	12.148911476135254	11.920440673828125	11.618595123291016
7	400	movie	2.201856851577759	1.1831462383270264	1.473534345626831	1.0517196655273438
7	401	brought	8.510394096374512	8.506166458129883	8.415502548217773	9.291891098022461
7	402	the	2.728086471557617	3.0667920112609863	2.225154399871826	2.536743640899658
7	403	nineteen	12.92036247253418	12.632852554321289	14.076888084411621	14.134424209594727
7	404	forty-seven	13.611858367919922	8.302848815917969	11.06765365600586	8.164052963256836
7	405	incident	11.51165771484375	11.369154930114746	7.174761772155762	6.916162490844727
7	406	fame	13.682665824890137	17.798452377319336	17.4425048828125	13.290746688842773
7	407	and	1.4373811483383179	1.7724179029464722	3.4422073364257812	2.6188852787017822
7	408	notoriety,	16.139074325561523	5.994263648986816	5.381612777709961	5.945977210998535
7	409	so	5.131482124328613	5.20497989654541	5.145843982696533	5.2296857833862305
7	410	that	2.5636909008026123	2.7724313735961914	2.4258694648742676	2.245065450668335
7	411	by	6.506516456604004	6.355898380279541	4.446985721588135	4.799221992492676
7	412	the	1.6374341249465942	1.9955381155014038	1.0941828489303589	0.7410947680473328
7	413	mid	9.413063049316406	10.003365516662598	6.575554847717285	7.423150062561035
7	414	nineteen	10.678897857666016	8.266342163085938	8.302963256835938	7.226686477661133
7	415	nineties,	13.741084098815918	4.846961975097656	4.54736328125	4.301560878753662
7	416	strong	9.89101505279541	10.392592430114746	10.35700511932373	9.823145866394043
7	417	majorities	11.196685791015625	7.544561862945557	7.500998020172119	9.174814224243164
7	418	in	1.4168287515640259	1.1693007946014404	2.310802459716797	2.5219764709472656
7	419	polls,	14.509998321533203	8.077032089233398	7.5375471115112305	8.130045890808105
7	420	such	6.106069564819336	5.886617660522461	6.007018566131592	5.8227715492248535
7	421	as	1.0717523097991943	0.1496097892522812	0.11968163400888443	0.19851607084274292
7	422	a	1.974064588546753	3.000887870788574	3.208913803100586	3.303683042526245
7	423	nineteen	13.90427017211914	15.315279006958008	14.280829429626465	13.465057373046875
7	424	ninety-seven	14.062484741210938	9.813374519348145	10.643864631652832	8.166452407836914
7	425	CNN	13.939607620239258	13.653244972229004	11.223034858703613	10.640111923217773
7	426	Time	10.202797889709473	10.429542541503906	10.1988525390625	8.609657287597656
7	427	poll,	13.829463958740234	9.940953254699707	10.436185836791992	9.24587345123291
7	428	believed	9.697827339172363	10.466999053955078	10.328996658325195	10.194357872009277
7	429	that	1.5315881967544556	1.3730223178863525	1.3093042373657227	1.453532099723816
7	430	aliens	11.931921005249023	9.189055442810059	10.286638259887695	11.188634872436523
7	431	had	4.697522163391113	4.139001369476318	2.443063735961914	1.8748517036437988
7	432	visited	7.348628997802734	6.18805456161499	5.60873556137085	2.8262691497802734
7	433	earth	10.782876968383789	10.951798439025879	4.844902038574219	4.158999443054199
7	434	and	1.9130667448043823	2.3781561851501465	2.0111083984375	1.5806341171264648
7	435	specifically	8.851778984069824	10.297515869140625	9.277036666870117	8.841766357421875
7	436	that	5.264209270477295	4.690489768981934	4.387969017028809	4.84065055847168
7	437	aliens	11.931921005249023	10.83415412902832	10.924140930175781	9.882769584655762
7	438	had	4.697522163391113	4.139001369476318	4.6459527015686035	4.978477478027344
7	439	landed	9.0512113571167	4.99563455581665	5.536483287811279	6.794323444366455
7	440	at	3.41886568069458	2.5886807441711426	3.1220006942749023	2.696424722671509
7	441	Roswell	12.426453590393066	10.489421844482422	10.978066444396973	5.079960823059082
7	442	and	3.523200035095215	2.712825059890747	2.9001193046569824	2.117144823074341
7	443	the	2.795388698577881	2.172171115875244	2.160982847213745	2.854628086090088
7	444	government	6.697370529174805	6.877334117889404	6.13340425491333	5.109269142150879
7	445	was	4.22220516204834	3.7088212966918945	3.514666795730591	3.331911563873291
7	446	covering	9.885960578918457	9.030218124389648	8.703266143798828	9.338793754577637
7	447	up	3.6689281463623047	2.6171271800994873	0.2590976059436798	0.24028852581977844
7	448	the	2.6440300941467285	1.3683316707611084	1.7872414588928223	1.0329346656799316
7	449	fact.	12.273114204406738	12.421964645385742	7.986018180847168	7.709290981292725
7	450	During	6.858288764953613	6.9184489250183105	6.977791786193848	6.959701061248779
7	451	the	0.8125919699668884	0.7336232662200928	0.7264907956123352	0.7968894243240356
7	452	nineteen	12.92036247253418	11.143280982971191	9.467462539672852	9.284027099609375
7	453	eighties	10.17165756225586	6.015334129333496	4.0019941329956055	4.8515191078186035
7	454	and	1.3799145221710205	0.9316374063491821	1.2394766807556152	1.3125715255737305
7	455	nineteen	12.254945755004883	7.988986492156982	3.1806747913360596	3.9389758110046387
7	456	nineties,	13.741084098815918	11.525323867797852	1.4851162433624268	1.1099276542663574
7	457	a	3.6011552810668945	3.6638541221618652	3.762134552001953	3.8283417224884033
7	458	new	5.073894500732422	3.2362003326416016	3.2451395988464355	3.178126335144043
7	459	narrative	12.857284545898438	9.29829216003418	7.533839225769043	7.456710338592529
7	460	emerged	10.840476036071777	8.723150253295898	7.369536399841309	2.277207612991333
7	461	which	10.058499336242676	5.243503093719482	3.7879090309143066	3.90549898147583
7	462	was	3.3136966228485107	2.832341194152832	2.445059299468994	2.3280835151672363
7	463	at	5.499510765075684	5.73157262802124	5.8338303565979	5.03463077545166
7	464	strong	10.24136734008789	11.612542152404785	11.522561073303223	10.016112327575684
7	465	odds	9.492745399475098	9.316152572631836	2.453066825866699	1.59562349319458
7	466	with	2.3673720359802246	5.182962417602539	3.038846969604492	0.5979115962982178
7	467	what	6.844929218292236	3.881173610687256	5.984280586242676	3.785280466079712
7	468	was	3.7497904300689697	2.943549156188965	3.759242057800293	3.4591524600982666
7	469	reported	6.1824541091918945	6.154805660247803	5.426341533660889	3.719963550567627
7	470	in	1.9851112365722656	1.9476075172424316	1.5456539392471313	1.254051923751831
7	471	nineteen	12.185080528259277	11.359013557434082	9.939135551452637	12.414376258850098
7	472	forty-seven.	16.30428695678711	8.437041282653809	14.4448881149292	14.367907524108887
7	473	This	4.246920108795166	4.233030796051025	4.169295787811279	3.6434993743896484
7	474	narrative	10.01668643951416	9.598105430603027	9.10543441772461	8.815948486328125
7	475	evolved	11.174577713012695	8.160118103027344	9.278010368347168	9.38733959197998
7	476	over	4.429914474487305	2.563291549682617	1.961413025856018	2.005680799484253
7	477	the	1.3402059078216553	1.2225093841552734	1.1328455209732056	1.311906337738037
7	478	years	8.28468132019043	4.248167037963867	2.064600944519043	2.5937700271606445
7	479	from	4.21518611907959	3.8864872455596924	4.020214557647705	2.899216413497925
7	480	the	1.3691444396972656	1.8899017572402954	1.885532021522522	1.7937897443771362
7	481	time	5.603659629821777	5.538364887237549	1.8880999088287354	3.4473958015441895
7	482	the	3.7647221088409424	3.044154405593872	2.2701802253723145	1.9142367839813232
7	483	first	4.495286464691162	5.0448713302612305	4.7299299240112305	3.9788031578063965
7	484	book	7.206037998199463	6.927713394165039	6.544487953186035	5.99116849899292
7	485	on	3.1314303874969482	3.1866705417633057	4.136508941650391	4.892686367034912
7	486	Roswell	14.469307899475098	12.919820785522461	13.628727912902832	12.585803985595703
7	487	was	3.989044666290283	4.127251625061035	2.668198347091675	1.8923128843307495
7	488	published	6.701418876647949	7.061626434326172	5.965047836303711	1.9952398538589478
7	489	in	1.5132615566253662	0.6387820839881897	0.744804322719574	0.6579874157905579
7	490	nineteen	12.185080528259277	10.300981521606445	10.172269821166992	8.79144287109375
7	491	eighty,	14.143841743469238	7.575656890869141	9.215668678283691	9.039255142211914
7	492	as	4.981581687927246	4.867587089538574	4.765976428985596	4.8780837059021
7	493	many	5.082798004150391	5.323045253753662	5.555584907531738	4.880716800689697
7	494	new	6.807926654815674	5.515300750732422	8.118408203125	6.900970458984375
7	495	witnesses	10.454109191894531	8.744057655334473	8.562251091003418	8.517457008361816
7	496	and	2.3821589946746826	2.5434999465942383	3.0680832862854004	3.311934232711792
7	497	accounts	10.863755226135254	7.147174835205078	9.119988441467285	6.786389350891113
7	498	emerged,	13.704869270324707	14.305537223815918	12.345366477966309	11.202439308166504
7	499	drawn	9.624588012695312	10.165472984313965	9.236098289489746	9.983677864074707
7	500	out	4.226509094238281	4.320557594299316	4.94204044342041	5.306239128112793
7	501	in	3.2189323902130127	2.9197475910186768	3.1596007347106934	2.7798831462860107
7	502	part	6.308739185333252	6.213916778564453	6.480754375457764	5.685689926147461
7	503	by	4.611154079437256	1.820918083190918	2.26898193359375	2.299438953399658
7	504	the	1.6374341249465942	0.9217894077301025	1.0333549976348877	0.9965145587921143
7	505	publicity	11.3277006149292	11.11671257019043	12.056337356567383	11.522306442260742
7	506	on	2.5483314990997314	4.611166000366211	5.335358619689941	5.515005111694336
7	507	the	1.213181972503662	1.104088544845581	1.2322213649749756	0.9212367534637451
7	508	incident.	10.837224006652832	11.448101043701172	6.845909595489502	7.805848598480225
7	509	Of	6.8347344398498535	6.87257194519043	6.801121234893799	6.707932949066162
7	510	the	1.9975605010986328	1.3220553398132324	1.3457326889038086	1.3149157762527466
7	511	hundreds	9.413844108581543	6.811408996582031	6.3960418701171875	6.034328937530518
7	512	of	0.2848837077617645	1.2484325170516968	0.1003727912902832	0.1338997185230255
7	513	witnesses	10.302116394042969	8.275355339050293	7.708985328674316	7.317698955535889
7	514	that	4.096492290496826	4.001091957092285	3.9809012413024902	2.786543369293213
7	515	the	2.0494112968444824	1.810613989830017	2.046231508255005	2.055432081222534
7	516	various	7.655628681182861	8.056931495666504	8.504215240478516	8.386199951171875
7	517	researchers	9.13174819946289	9.351583480834961	9.098254203796387	10.160512924194336
7	518	interviewed,	11.600907325744629	11.926107406616211	9.057962417602539	10.281082153320312
7	519	a	4.206843376159668	3.834001064300537	3.7590982913970947	3.9087536334991455
7	520	seemingly	9.691375732421875	8.707464218139648	8.583829879760742	8.128807067871094
7	521	impressive	7.171541213989258	7.386363983154297	7.154417037963867	7.139240264892578
7	522	figure,	8.228498458862305	6.146501541137695	5.899855613708496	5.398581027984619
7	523	a	3.5689384937286377	3.722820520401001	4.119915008544922	4.2129316329956055
7	524	comparable	8.139402389526367	9.52452278137207	10.45460319519043	9.390015602111816
7	525	few	9.911381721496582	9.192319869995117	9.441819190979004	8.445503234863281
7	526	were	7.230768203735352	7.104622840881348	6.080500602722168	5.620438575744629
7	527	true	9.250099182128906	7.127231121063232	8.256875038146973	8.131428718566895
7	528	'witnesses'	19.065963745117188	15.238369941711426	14.459367752075195	14.214303016662598
7	529	who	3.176132917404175	3.1600582599639893	3.2853000164031982	2.8183720111846924
7	530	claimed	7.8880414962768555	4.760688304901123	5.074189186096191	4.782902717590332
7	531	to	2.0239925384521484	1.1582543849945068	0.5328201055526733	0.49265214800834656
7	532	have	4.3862786293029785	1.0322682857513428	0.9358997344970703	0.3192812204360962
7	533	actually	7.80280876159668	7.8627705574035645	7.85837984085083	7.538702964782715
7	534	seen	6.963403224945068	3.862955093383789	3.7056496143341064	2.1318042278289795
7	535	debris	13.02734661102295	12.121206283569336	12.325515747070312	12.88339614868164
7	536	or	4.606009483337402	4.423418045043945	4.289093017578125	4.945444583892822
7	537	aliens.	13.969558715820312	12.929862976074219	9.474042892456055	8.058939933776855
7	538	Most	5.67902946472168	6.562445163726807	5.621557712554932	5.7439374923706055
7	539	of	1.1933963298797607	0.7867434620857239	0.998634934425354	0.7625479698181152
7	540	these	4.808768272399902	2.3363709449768066	1.9831397533416748	1.9387365579605103
7	541	so-called	8.758146286010742	7.414158821105957	7.847407341003418	6.348073959350586
7	542	witnesses	10.430126190185547	8.274161338806152	7.8078203201293945	7.223877906799316
7	543	were	3.605257034301758	3.233513116836548	2.2905783653259277	2.4711990356445312
7	544	repeating	11.316581726074219	10.77242660522461	10.28128719329834	10.398725509643555
7	545	the	1.4941027164459229	1.2962214946746826	1.4609793424606323	1.4353243112564087
7	546	claims	9.389966011047363	8.172676086425781	7.6654887199401855	4.9663872718811035
7	547	of	2.55019474029541	1.39057457447052	1.4922175407409668	0.9837002754211426
7	548	others,	9.40977954864502	8.000035285949707	6.182154655456543	5.7188520431518555
7	549	and	2.2439887523651123	1.859596848487854	1.9579261541366577	1.8570692539215088
7	550	their	5.431268692016602	4.602114200592041	4.481513023376465	4.655726432800293
7	551	testimony	8.477386474609375	8.711307525634766	7.381500244140625	7.553383827209473
7	552	would	5.482761383056641	4.116160869598389	3.732588768005371	3.428070545196533
7	553	be	1.476707100868225	1.040391445159912	1.194705843925476	1.4271042346954346
7	554	inadmissible	11.00686264038086	9.514385223388672	3.4870710372924805	4.482054710388184
7	555	hearsay	6.946983814239502	3.781477928161621	4.088081359863281	2.570194959640503
7	556	in	4.309050559997559	3.772510051727295	3.0894036293029785	2.7721424102783203
7	557	an	4.992198944091797	4.404071807861328	4.039813041687012	4.060482501983643
7	558	American	5.75223970413208	6.3220672607421875	7.214941501617432	7.366733551025391
7	559	court.	9.981415748596191	9.366580963134766	6.279636383056641	2.452693462371826
7	560	As	4.326436996459961	4.26155948638916	4.249851226806641	4.30465841293335
7	561	for	3.614100933074951	3.9409852027893066	3.5045065879821777	3.4760828018188477
7	562	the	1.8431031703948975	1.0824484825134277	0.7689576745033264	0.9005093574523926
7	563	several	9.127443313598633	9.419700622558594	10.353606224060059	9.063390731811523
7	564	accounts	9.574061393737793	7.552016258239746	8.20179557800293	7.196002006530762
7	565	from	3.8222475051879883	3.770676851272583	4.76259183883667	5.09299898147583
7	566	those	6.119217395782471	4.884198188781738	3.900851011276245	3.8994832038879395
7	567	who	1.8345143795013428	1.8996974229812622	1.232708215713501	0.7390620112419128
7	568	claimed	7.8880414962768555	7.211516380310059	6.8115949630737305	5.463836193084717
7	569	to	2.0239925384521484	1.1582543849945068	1.0475215911865234	1.0896438360214233
7	570	have	4.3862786293029785	1.0322682857513428	0.9358997344970703	1.011445164680481
7	571	seen	5.500848293304443	5.749076843261719	3.5025124549865723	2.504128932952881
7	572	aliens,	14.818632125854492	12.488786697387695	11.86102294921875	8.829595565795898
7	573	critics	10.17801570892334	11.68858814239502	12.725846290588379	11.570444107055664
7	574	identified	8.517364501953125	9.191829681396484	9.738725662231445	10.6962251663208
7	575	a	3.2702243328094482	3.6060640811920166	2.276909828186035	2.400266170501709
7	576	variety	6.201202869415283	5.586854934692383	4.544003009796143	4.373561382293701
7	577	of	0.15642741322517395	0.017996765673160553	0.00959063321352005	0.008609913289546967
7	578	problems	8.991339683532715	5.954099178314209	6.166011810302734	5.005812644958496
7	579	with	2.0633862018585205	1.9027574062347412	3.023250102996826	2.6289398670196533
7	580	them.	6.939460277557373	6.6008992195129395	7.153376579284668	6.320295333862305
7	581	These	4.791930198669434	5.029595375061035	4.81263542175293	4.676328659057617
7	582	problems	5.77512264251709	6.0907464027404785	6.0387372970581055	2.2882821559906006
7	583	ranged	10.90753173828125	9.84296703338623	8.566822052001953	8.448213577270508
7	584	from	0.35807451605796814	0.45795005559921265	0.16473102569580078	0.09070873260498047
7	585	the	1.3691444396972656	3.8239190578460693	2.5622735023498535	2.1885759830474854
7	586	reliability	9.567708969116211	11.117185592651367	10.353841781616211	9.347070693969727
7	587	of	0.8836598992347717	0.2945805490016937	0.4955195188522339	0.47023552656173706
7	588	second-hand	12.88555908203125	12.154329299926758	11.097757339477539	11.454972267150879
7	589	accounts,	8.218802452087402	7.154392242431641	6.512632369995117	4.84821081161499
7	590	to	4.75940465927124	4.991424560546875	4.857359409332275	4.900101184844971
7	591	serious	10.03329086303711	10.974150657653809	9.365156173706055	9.600052833557129
7	592	credibility	10.328804969787598	10.025104522705078	9.716873168945312	10.091434478759766
7	593	problems	7.978302955627441	2.661273241043091	2.0444602966308594	2.5079784393310547
7	594	with	2.0633862018585205	2.0862555503845215	2.2423367500305176	2.630308151245117
7	595	witnesses	10.550657272338867	11.335731506347656	6.118247032165527	6.216469764709473
7	596	making	8.087213516235352	7.849310398101807	6.211898326873779	8.080059051513672
7	597	demonstrably	13.371973037719727	10.969326972961426	10.560714721679688	7.276372909545898
7	598	false	3.0980679988861084	1.613686203956604	0.39818403124809265	0.29472747445106506
7	599	or	3.276414632797241	3.188995122909546	4.4617838859558105	4.153766632080078
7	600	internally-inconsistent	23.063339233398438	18.776845932006836	18.19525146484375	18.22894287109375
7	601	claims,	7.570524215698242	7.1412553787231445	6.9606475830078125	5.083374500274658
7	602	to	5.002319812774658	5.198176383972168	4.689907073974609	4.639645576477051
7	603	dubious	13.770350456237793	13.797518730163574	11.525774002075195	11.489974021911621
7	604	death-bed	14.309650421142578	13.68889045715332	12.568771362304688	12.735318183898926
7	605	'confessions'	12.7097749710083	12.325132369995117	10.235696792602539	10.62773609161377
7	606	or	3.6879258155822754	4.289793491363525	4.623496055603027	4.280511856079102
7	607	accounts	11.452672958374023	7.152563095092773	6.30585241317749	6.451423168182373
7	608	from	3.8222475051879883	4.352434158325195	4.5708909034729	4.262178897857666
7	609	elderly	10.547904968261719	10.047271728515625	10.800860404968262	9.37885856628418
7	610	or	4.82181453704834	4.1070122718811035	4.076934337615967	3.031383991241455
7	611	easily	9.230142593383789	10.344741821289062	10.147612571716309	9.282825469970703
7	612	confused	7.69944429397583	5.984121799468994	2.19572377204895	2.1002469062805176
7	613	witnesses.	13.719474792480469	13.965718269348145	11.586844444274902	8.039437294006348
7	614	A	4.358508110046387	4.244569778442383	4.247572898864746	4.369236946105957
7	615	basic	8.944056510925293	7.550811767578125	7.646233558654785	7.454585075378418
7	616	problem	6.259879112243652	5.15253210067749	3.960141181945801	3.681507110595703
7	617	with	2.243022918701172	2.0137081146240234	1.3153492212295532	1.310370683670044
7	618	all	5.102107524871826	5.461789131164551	4.527538299560547	4.333327770233154
7	619	the	1.922678828239441	1.1722311973571777	1.7277463674545288	2.4706954956054688
7	620	witness	8.987274169921875	11.429268836975098	12.061858177185059	11.407252311706543
7	621	accounts,	11.062955856323242	10.087140083312988	5.965616226196289	4.805755615234375
7	622	according	5.73480749130249	5.796250820159912	5.774462699890137	6.630377292633057
7	623	to	0.014489971101284027	0.00882379338145256	0.010982414707541466	0.012846767902374268
7	624	the	2.180013418197632	0.9860883951187134	1.307930588722229	1.329026222229004
7	625	critics,	13.448524475097656	13.048388481140137	11.6422758102417	12.873292922973633
7	626	is	5.532955169677734	4.824436187744141	4.671383380889893	2.7203431129455566
7	627	that	4.293676376342773	2.4583475589752197	2.4840102195739746	2.305818796157837
7	628	they	4.103673934936523	3.2718491554260254	3.206641674041748	2.9262633323669434
7	629	all	5.196071624755859	5.555076599121094	5.023016452789307	5.494174957275391
7	630	came	7.691894054412842	4.329166889190674	4.4576416015625	5.218927383422852
7	631	a	4.723001480102539	6.1949076652526855	6.9151201248168945	7.482063293457031
7	632	minimum	7.521195888519287	10.255331039428711	10.341050148010254	10.78393268585205
7	633	of	2.020599365234375	0.9378150701522827	1.2668516635894775	0.18473589420318604
7	634	thirty-one	13.085212707519531	10.915604591369629	10.488982200622559	9.270167350769043
7	635	years	2.3304660320281982	2.6670169830322266	2.284618377685547	2.270634651184082
7	636	after	3.3687267303466797	3.3648362159729004	4.748324394226074	3.864546060562134
7	637	the	1.7848713397979736	1.031120777130127	1.1259510517120361	1.0000498294830322
7	638	events	8.518180847167969	6.821600437164307	4.906783103942871	3.826798915863037
7	639	in	2.124270439147949	2.5647330284118652	2.802131175994873	1.0725620985031128
7	640	question,	9.09014892578125	8.562615394592285	4.085563659667969	3.9556684494018555
7	641	and	2.3485445976257324	2.2109549045562744	2.134737491607666	2.0347461700439453
7	642	in	4.980740070343018	4.307283401489258	3.907930850982666	4.019850254058838
7	643	many	5.787662506103516	4.598455429077148	4.241452693939209	4.649569511413574
7	644	cases	5.111335277557373	2.9085159301757812	1.156304121017456	1.0952730178833008
7	645	were	3.7205543518066406	4.754284858703613	5.271615028381348	4.539318084716797
7	646	recounted	12.134023666381836	11.281579971313477	10.770767211914062	11.259096145629883
7	647	more	6.556260108947754	6.082794189453125	5.874207973480225	5.753450393676758
7	648	than	1.9231622219085693	0.5145341157913208	0.6100828051567078	0.6630032062530518
7	649	forty	8.267561912536621	6.716620445251465	4.233559608459473	4.726624965667725
7	650	years	1.662152647972107	1.4175019264221191	1.4909332990646362	1.3217005729675293
7	651	after	3.3687267303466797	2.9320390224456787	2.762202262878418	2.6365277767181396
7	652	the	1.7848713397979736	1.031120777130127	1.0597617626190186	0.9739229679107666
7	653	fact.	12.273114204406738	7.106289863586426	5.697397232055664	4.659599304199219
7	654	Not	5.977085113525391	5.500059127807617	5.839062690734863	5.654930114746094
7	655	only	2.7804713249206543	1.6510251760482788	2.093916416168213	1.6717872619628906
7	656	are	6.516575336456299	2.5832815170288086	2.71329927444458	2.9002175331115723
7	657	memories	12.110958099365234	9.235264778137207	9.634337425231934	9.026214599609375
7	658	this	7.423923492431641	8.168155670166016	7.325199604034424	8.153597831726074
7	659	old	8.012659072875977	7.109736442565918	5.713644504547119	5.2671217918396
7	660	of	6.324411392211914	10.104286193847656	5.822488784790039	3.987253189086914
7	661	dubious	12.396169662475586	11.417387008666992	11.196712493896484	11.172476768493652
7	662	reliability,	11.440242767333984	7.2906317710876465	6.650082111358643	7.281001091003418
7	663	they	5.40657901763916	4.965464115142822	5.115180492401123	5.417834758758545
7	664	were	2.7650744915008545	3.0665345191955566	2.3853352069854736	2.3637468814849854
7	665	also	3.986839532852173	5.302931785583496	3.1629724502563477	3.7725038528442383
7	666	subject	7.532681941986084	7.061417102813721	6.276208400726318	6.243220329284668
7	667	to	1.0045132637023926	0.11353984475135803	0.02674994058907032	0.03267502412199974
7	668	contamination	12.543758392333984	8.54856014251709	8.649012565612793	8.258501052856445
7	669	from	3.260200023651123	2.1671841144561768	1.9511303901672363	1.8616342544555664
7	670	other	5.187692642211914	2.924501657485962	2.7626028060913086	2.791708469390869
7	671	accounts	9.226555824279785	7.538940906524658	10.656669616699219	10.785619735717773
7	672	the	4.127117156982422	4.963932991027832	5.135241508483887	5.769439697265625
7	673	witnesses	9.885873794555664	10.42445182800293	9.981684684753418	10.392423629760742
7	674	may	4.8619608879089355	5.572072982788086	4.514204025268555	4.086751937866211
7	675	have	2.657637596130371	2.19350528717041	1.8802803754806519	0.9861814379692078
7	676	been	2.3439230918884277	1.5863245725631714	1.1481895446777344	1.1371567249298096
7	677	exposed	7.350903511047363	6.711470603942871	6.715048313140869	5.700547695159912
7	678	to.	6.67502498626709	4.341032028198242	4.17313814163208	4.348386764526367
7	679	Though	7.096377372741699	7.197535037994385	6.951066970825195	7.014058589935303
7	680	there	3.9246835708618164	3.7684056758880615	3.5094470977783203	3.559295892715454
7	681	had	5.347141265869141	4.097952842712402	4.485836029052734	5.2312164306640625
7	682	always	5.771392822265625	4.8238959312438965	4.82733678817749	4.1899003982543945
7	683	been	3.2084567546844482	1.1508605480194092	0.13903462886810303	0.04443566873669624
7	684	skeptics	13.397369384765625	11.616598129272461	11.653006553649902	10.430586814880371
7	685	who	2.6556222438812256	2.4370269775390625	3.613245964050293	3.6824629306793213
7	686	had	3.1637158393859863	4.434534549713135	3.398735284805298	4.115045547485352
7	687	many	6.168704509735107	7.366085052490234	7.953198432922363	7.906375408172607
7	688	objections	10.253911972045898	7.616018295288086	7.719004154205322	4.2380475997924805
7	689	to	1.0848002433776855	0.7915905714035034	0.24156734347343445	0.21071583032608032
7	690	the	2.180013418197632	0.8336660861968994	1.1349045038223267	1.2133554220199585
7	691	plausibility	12.724722862243652	12.707767486572266	11.67342472076416	10.78051471710205
7	692	of	1.241206407546997	0.25972479581832886	0.2125629484653473	0.11596956104040146
7	693	these	4.808768272399902	3.8161683082580566	3.9423468112945557	4.1578521728515625
7	694	accounts,	10.385625839233398	9.949844360351562	7.268134117126465	6.966587066650391
7	695	it	4.2504119873046875	3.741583824157715	3.721906900405884	2.9424803256988525
7	696	was	2.4596688747406006	2.3347394466400146	2.3159422874450684	2.3345580101013184
7	697	not	3.2028963565826416	2.944957971572876	2.726414203643799	2.6150429248809814
7	698	until	7.828088283538818	4.892542362213135	2.784379720687866	2.21783447265625
7	699	the	1.6017860174179077	1.5037180185317993	1.585175633430481	1.4791990518569946
7	700	mid	9.413063049316406	7.592775344848633	5.958182334899902	5.391609191894531
7	701	nineteen	10.678897857666016	8.266342163085938	7.4587836265563965	6.720263481140137
7	702	nineties	13.418466567993164	4.065814971923828	4.306170463562012	4.726146221160889
7	703	that	4.144233703613281	4.139533519744873	4.150653839111328	4.2172369956970215
7	704	a	3.9856972694396973	4.205465316772461	4.187868118286133	4.004572868347168
7	705	strong	6.232002258300781	5.993269920349121	6.260801315307617	6.506097316741943
7	706	counter-argument	13.91745662689209	11.663033485412598	10.953039169311523	10.4454984664917
7	707	to	2.020967721939087	0.8067625761032104	0.6534785032272339	1.7595996856689453
7	708	the	2.180013418197632	1.2842764854431152	1.1214455366134644	0.9094415307044983
7	709	presence	6.526585578918457	6.315062046051025	8.613348007202148	8.137676239013672
7	710	of	0.2321038395166397	0.08621695637702942	0.07785160094499588	0.0610913522541523
7	711	aliens	11.413683891296387	10.08128547668457	10.606634140014648	10.829334259033203
7	712	was	5.402863502502441	4.977662086486816	4.412271499633789	4.437590599060059
7	713	widely	7.679932594299316	7.6975884437561035	8.133193969726562	7.664430618286133
7	714	publicized.	11.201708793640137	6.838894844055176	5.326268196105957	5.005499839782715
7	715	The	2.143200159072876	2.067856550216675	1.9968209266662598	1.9671971797943115
7	716	General	8.706666946411133	8.425046920776367	8.445828437805176	8.201859474182129
7	717	Accounting	7.995841026306152	4.769262790679932	3.7520337104797363	2.5942342281341553
7	718	Office	5.463035583496094	0.8064606189727783	0.20664948225021362	0.17476259171962738
7	719	launched	9.802401542663574	7.671332359313965	8.649287223815918	8.299721717834473
7	720	an	3.716958522796631	1.4927260875701904	1.4938843250274658	1.1653550863265991
7	721	inquiry	8.654065132141113	4.854230880737305	3.684026002883911	2.63914155960083
7	722	and	2.921818971633911	4.198774337768555	4.236232280731201	3.3011715412139893
7	723	directed	9.070148468017578	8.075786590576172	7.395425796508789	7.2835307121276855
7	724	the	3.26637601852417	2.1374967098236084	1.4269657135009766	1.3099336624145508
7	725	Office	9.511733055114746	8.107911109924316	7.648863792419434	7.258901596069336
7	726	of	0.9167429208755493	0.16113334894180298	0.08318012952804565	0.06804905831813812
7	727	the	1.4737688302993774	1.3219141960144043	1.078947901725769	1.6086180210113525
7	728	Secretary	8.660919189453125	9.161869049072266	2.7571165561676025	3.6231186389923096
7	729	of	0.4652538299560547	0.5962249636650085	0.39673149585723877	0.0925360769033432
7	730	the	1.4737688302993774	2.2666730880737305	1.420953392982483	1.3052327632904053
7	731	Air	9.539044380187988	9.44290542602539	3.5284249782562256	3.131911277770996
7	732	Force	1.4321377277374268	0.9418537020683289	0.9039031863212585	0.6896307468414307
7	733	to	4.052440643310547	4.128303527832031	3.344773054122925	3.562716484069824
7	734	conduct	7.275909900665283	5.790848731994629	5.00820255279541	5.033348083496094
7	735	an	4.541973114013672	2.842216730117798	2.876845598220825	2.6536126136779785
7	736	internal	6.41754674911499	4.408400535583496	4.265380382537842	4.39445161819458
7	737	investigation.	9.856897354125977	8.469149589538574	2.9752109050750732	2.906848669052124
7	738	The	2.045515537261963	1.714423418045044	1.691825270652771	1.7791500091552734
7	739	result	5.900872230529785	6.233258247375488	5.80914306640625	5.894416332244873
7	740	was	4.237220764160156	1.8318099975585938	1.7024667263031006	1.334222435951233
7	741	summarized	9.456474304199219	7.97196102142334	8.736774444580078	8.061412811279297
7	742	in	0.7329177856445312	0.7758504152297974	0.8215567469596863	0.9472498893737793
7	743	two	6.530450820922852	6.180656433105469	4.671491622924805	4.800408363342285
7	744	reports.	10.801614761352539	10.573689460754395	7.5354132652282715	6.796290874481201
7	745	The	2.096949577331543	1.639142632484436	1.6133487224578857	1.1516298055648804
7	746	first,	8.658000946044922	8.121402740478516	3.941791534423828	3.106330156326294
7	747	released	9.98554515838623	7.652712821960449	4.015841007232666	3.8713531494140625
7	748	in	2.2040536403656006	0.7287309169769287	0.595576822757721	1.5576585531234741
7	749	nineteen	12.185080528259277	10.687016487121582	10.446035385131836	10.645663261413574
7	750	ninety-five,	15.850353240966797	8.059354782104492	7.325584411621094	5.202797889709473
7	751	concluded	11.605948448181152	10.543670654296875	10.360349655151367	10.152204513549805
7	752	that	0.4895564019680023	0.4797188341617584	0.5736163258552551	0.4061925709247589
7	753	the	2.0494112968444824	1.2214869260787964	1.2949581146240234	1.3007222414016724
7	754	reported	9.1504487991333	9.088235855102539	8.726938247680664	9.367910385131836
7	755	recovered	11.56729507446289	11.968034744262695	12.544700622558594	12.659409523010254
7	756	material	8.645591735839844	6.590978145599365	5.933309555053711	5.369890213012695
7	757	in	3.19559383392334	3.015970230102539	2.8690996170043945	3.3462295532226562
7	758	nineteen	12.185080528259277	12.999358177185059	11.60362720489502	11.108732223510742
7	759	forty-seven	13.611858367919922	8.042526245117188	10.958208084106445	11.921398162841797
7	760	was	6.195631980895996	5.45897102355957	3.45900821685791	3.1386992931365967
7	761	likely	7.062496185302734	7.457119941711426	7.6069416999816895	8.204622268676758
7	762	debris	13.160412788391113	13.581745147705078	14.991873741149902	14.781293869018555
7	763	from	2.1520891189575195	2.1310806274414062	0.4567332863807678	0.40646642446517944
7	764	a	2.8481664657592773	2.5216686725616455	2.045806884765625	1.7109441757202148
7	765	secret	8.256122589111328	7.990994453430176	9.254115104675293	8.815162658691406
7	766	government	7.266493797302246	5.714310169219971	4.030814170837402	3.4422197341918945
7	767	program	7.634767532348633	3.582505226135254	2.260993480682373	3.1630680561065674
7	768	called	6.124506950378418	4.078524589538574	2.500133752822876	2.7599854469299316
7	769	Project	11.322949409484863	5.510218143463135	5.199713230133057	2.0385987758636475
7	770	Mogul,	15.82786750793457	11.033026695251465	12.068999290466309	10.761612892150879
7	771	which	4.391822338104248	2.818080425262451	1.591130256652832	1.1390835046768188
7	772	involved	8.141592025756836	6.911948204040527	7.532038688659668	5.189023017883301
7	773	high	8.8539400100708	7.271403789520264	7.54206657409668	7.906562328338623
7	774	altitude	7.176224708557129	6.782509803771973	5.9274115562438965	5.695588111877441
7	775	balloons	12.852090835571289	6.135387420654297	8.217569351196289	6.1947479248046875
7	776	meant	10.935195922851562	8.687857627868652	7.5823493003845215	7.732461929321289
7	777	to	1.0828423500061035	0.5419989824295044	0.6249745488166809	0.767044723033905
7	778	detect	7.3070759773254395	7.601511001586914	8.425613403320312	5.925440311431885
7	779	sound	8.954422950744629	9.446638107299805	8.88763427734375	7.1759467124938965
7	780	waves	4.406342506408691	3.7689027786254883	3.2233285903930664	2.9151535034179688
7	781	generated	7.3690032958984375	4.790038585662842	4.38565731048584	4.50523567199707
7	782	by	0.996308445930481	0.32463493943214417	0.3184488117694855	0.28876829147338867
7	783	Soviet	10.516888618469238	12.0870361328125	11.679694175720215	12.871536254882812
7	784	atomic	10.228839874267578	7.63654899597168	5.570518493652344	5.148804187774658
7	785	bomb	3.3668627738952637	1.0636613368988037	1.9212329387664795	1.5900704860687256
7	786	tests	9.038512229919434	3.86476993560791	2.375596761703491	1.12673020362854
7	787	and	2.2363808155059814	2.461501359939575	2.446742057800293	2.5499043464660645
7	788	ballistic	12.21098518371582	11.223445892333984	7.240444183349609	7.268849849700928
7	789	missiles.	4.10627555847168	2.9897561073303223	5.292830467224121	3.133458137512207
7	790	The	1.8764286041259766	1.6992759704589844	1.7669086456298828	1.806160807609558
7	791	second	5.323416709899902	5.239455223083496	5.626095771789551	5.669161796569824
7	792	report,	9.352076530456543	9.21234130859375	8.066688537597656	7.001133918762207
7	793	released	5.327693939208984	5.696262359619141	4.206732749938965	3.356403350830078
7	794	two	6.034529209136963	5.79564905166626	5.133502006530762	4.707316875457764
7	795	years	3.773127794265747	3.216137170791626	1.8538506031036377	2.4394965171813965
7	796	later,	4.145840644836426	3.685389995574951	2.7038168907165527	2.5196120738983154
7	797	in	3.40102481842041	2.7356433868408203	2.560481309890747	2.6878066062927246
7	798	nineteen	12.185080528259277	12.083212852478027	11.820476531982422	11.370357513427734
7	799	ninety-seven,	16.61876678466797	8.1023588180542	5.332064628601074	5.594669342041016
7	800	concluded	10.878959655761719	10.630228042602539	10.72653865814209	11.842697143554688
7	801	that	0.4895564019680023	0.5678763389587402	0.6468446254730225	0.41131919622421265
7	802	reports	9.719525337219238	10.116490364074707	10.196358680725098	10.041017532348633
7	803	of	2.1171727180480957	1.849521517753601	0.5524610280990601	0.5819912552833557
7	804	recovered	11.670394897460938	9.801324844360352	9.647140502929688	9.566056251525879
7	805	alien	12.188936233520508	9.027910232543945	6.870355606079102	6.354091644287109
7	806	bodies	8.722702026367188	5.071673393249512	4.463892936706543	2.477189064025879
7	807	were	3.375697135925293	3.6611742973327637	3.8361215591430664	3.73427414894104
7	808	likely	6.930099964141846	7.940725326538086	6.850462913513184	6.604625225067139
7	809	a	4.663363456726074	4.6638641357421875	4.767867088317871	4.375656604766846
7	810	combination	6.9805450439453125	5.038608551025391	4.853211402893066	4.330078125
7	811	of	0.5091590881347656	0.1106363907456398	0.03929068148136139	0.021042613312602043
7	812	innocently	15.3369140625	17.408674240112305	16.84889793395996	16.04477310180664
7	813	transformed	9.479705810546875	9.978815078735352	10.027044296264648	10.511545181274414
7	814	memories	10.906143188476562	10.255160331726074	9.463150024414062	8.208155632019043
7	815	of	0.9950999021530151	1.3062982559204102	1.094237208366394	1.6334328651428223
7	816	military	8.116057395935059	9.219884872436523	7.79856014251709	8.735145568847656
7	817	accidents	10.917678833007812	10.166095733642578	9.881324768066406	10.094039916992188
7	818	involving	4.302035808563232	3.8506383895874023	3.889721393585205	3.8307206630706787
7	819	injured	10.968656539916992	8.364672660827637	9.421112060546875	8.556154251098633
7	820	or	3.745973587036133	2.9432754516601562	2.896613121032715	2.508105754852295
7	821	killed	9.807360649108887	2.235704183578491	4.786531448364258	3.677943229675293
7	822	personnel,	13.545166015625	13.6116304397583	12.495670318603516	7.249527454376221
7	823	innocently	16.322208404541016	16.15114974975586	15.25045394897461	14.88257884979248
7	824	transformed	9.479705810546875	9.467663764953613	9.920830726623535	10.767475128173828
7	825	memories	10.906143188476562	10.255160331726074	11.469310760498047	10.51733112335205
7	826	of	0.9950999021530151	1.3062982559204102	1.094237208366394	0.9837832450866699
7	827	the	1.4737688302993774	1.4890581369400024	1.5074323415756226	1.983315110206604
7	828	recovery	9.125080108642578	9.477651596069336	10.288230895996094	9.845658302307129
7	829	of	1.8329663276672363	0.7635277509689331	1.5339882373809814	1.5147552490234375
7	830	anthropomorphic	14.816898345947266	14.724300384521484	14.087138175964355	14.321004867553711
7	831	dummies	9.50943374633789	9.062270164489746	7.346170425415039	7.970467567443848
7	832	in	3.190609931945801	2.7986667156219482	2.507699489593506	2.2139081954956055
7	833	military	8.69420051574707	8.827924728393555	7.457910537719727	7.197869300842285
7	834	programs	7.755532741546631	8.203751564025879	8.446297645568848	7.5180888175964355
7	835	US	12.492486000061035	10.840057373046875	11.862363815307617	11.701645851135254
7	836	conducted	9.315995216369629	9.098492622375488	7.61741828918457	8.652342796325684
7	837	in	1.7879010438919067	3.9257984161376953	1.4215198755264282	0.8745558857917786
7	838	the	1.3686838150024414	1.7043845653533936	1.7620348930358887	1.6325058937072754
7	839	nineteen	12.92036247253418	11.923005104064941	11.770076751708984	9.444854736328125
7	840	fifties,	11.606821060180664	5.938571929931641	3.789665937423706	3.786100387573242
7	841	and	2.2143123149871826	2.2433621883392334	2.6994779109954834	2.5078377723693848
7	842	hoaxes	16.409832000732422	18.357816696166992	18.28123664855957	17.512248992919922
7	843	that	2.6886768341064453	2.5859920978546143	3.1067938804626465	3.1748688220977783
7	844	various	8.647704124450684	8.314801216125488	8.429330825805664	9.064329147338867
7	845	witnesses	8.023917198181152	7.940418243408203	7.515466690063477	7.358650207519531
7	846	and	2.3821589946746826	2.6417860984802246	3.7159414291381836	3.080409288406372
7	847	UFO	13.751564025878906	12.178312301635742	12.559529304504395	11.151143074035645
7	848	proponents	11.728391647338867	6.741269111633301	5.496712684631348	5.353178977966309
7	849	perpetrated.	18.760696411132812	15.877314567565918	15.753524780273438	16.391281127929688
7	850	The	2.0962777137756348	2.048610210418701	2.195672035217285	2.165709972381592
7	851	psychological	9.945989608764648	8.089579582214355	9.463423728942871	8.627683639526367
7	852	effects	4.534572601318359	3.3502931594848633	3.5919559001922607	3.7145638465881348
7	853	of	0.7996460795402527	0.6665905117988586	0.2316356748342514	0.4009431004524231
7	854	time	6.436880111694336	6.825216293334961	8.308365821838379	7.114932060241699
7	855	compression	10.855667114257812	10.64390754699707	7.661565780639648	5.1431732177734375
7	856	and	2.341797351837158	2.507460594177246	2.1642544269561768	1.6598966121673584
7	857	confusion	10.982823371887207	10.924310684204102	11.220516204833984	10.250908851623535
7	858	about	3.0874171257019043	3.4557552337646484	3.4260005950927734	3.487949848175049
7	859	when	6.533984184265137	4.920928478240967	4.942592620849609	5.125955104827881
7	860	events	10.35110855102539	9.442148208618164	7.371870517730713	7.870383262634277
7	861	occurred	6.421682357788086	3.6223011016845703	3.2954084873199463	2.502230167388916
7	862	explained	12.469398498535156	12.941289901733398	12.202210426330566	12.203634262084961
7	863	the	2.8412346839904785	1.791083812713623	1.9149595499038696	1.6248935461044312
7	864	discrepancy	10.769098281860352	6.480304718017578	5.5333428382873535	6.002115249633789
7	865	with	3.9280667304992676	3.875060558319092	3.073617696762085	3.4643287658691406
7	866	the	1.7724734544754028	0.9232295155525208	0.6994832754135132	0.8655291795730591
7	867	years	8.28468132019043	10.842940330505371	10.842113494873047	11.696948051452637
7	868	in	2.9057717323303223	4.013341903686523	4.040422439575195	3.0590972900390625
7	869	question.	9.376392364501953	9.394796371459961	5.023521423339844	6.771251678466797
7	870	In	3.5591702461242676	3.033092498779297	3.0271105766296387	2.904975175857544
7	871	January	6.496912956237793	6.866335868835449	6.548457145690918	5.094618797302246
7	872	nineteen	13.062104225158691	12.465948104858398	12.807156562805176	12.737604141235352
7	873	ninety-seven,	16.61876678466797	7.509838581085205	6.2737274169921875	5.764030933380127
7	874	Karl	10.51402759552002	9.19465160369873	9.529266357421875	9.221260070800781
7	875	Pflock,	11.802441596984863	10.611289978027344	10.986242294311523	10.098586082458496
7	876	one	6.38046932220459	5.470670223236084	4.567490100860596	4.072311878204346
7	877	of	1.3370164632797241	0.15442369878292084	0.052122656255960464	0.20997171103954315
7	878	the	1.4737688302993774	0.554715633392334	0.45527100563049316	0.47765111923217773
7	879	more	6.918636322021484	6.863020420074463	4.743515968322754	5.100286483764648
7	880	prominent	7.885778427124023	6.050673961639404	4.307421684265137	4.297708511352539
7	881	pro-UFO	19.743906021118164	20.883310317993164	19.495534896850586	17.601043701171875
7	882	researchers,	8.101736068725586	7.520053386688232	7.502861976623535	6.6397199630737305
7	883	said,	8.451217651367188	7.66746187210083	6.92439603805542	8.491050720214844
7	884	'Based	13.473126411437988	11.881863594055176	12.408827781677246	12.598237037658691
7	885	on	0.14463801681995392	0.05527745559811592	0.027832789346575737	0.054545916616916656
7	886	my	3.934875249862671	3.6993303298950195	2.910029172897339	3.9760568141937256
7	887	research	7.230851173400879	7.552433013916016	3.7385201454162598	4.246459484100342
7	888	and	1.9452142715454102	2.3299741744995117	2.111891984939575	1.2741235494613647
7	889	that	4.984804630279541	6.5783281326293945	3.985205888748169	4.337820529937744
7	890	of	4.8956403732299805	3.718052864074707	2.870663642883301	1.1882835626602173
7	891	others,	9.40977954864502	7.581665992736816	6.793406963348389	4.400740146636963
7	892	I'm	7.31796932220459	7.574520111083984	8.111550331115723	8.685521125793457
7	893	as	6.842864513397217	6.48691463470459	6.350139617919922	6.278542518615723
7	894	certain	8.39906120300293	5.863549709320068	5.306002140045166	5.392100811004639
7	895	as	6.314387321472168	2.19488263130188	0.5288850665092468	0.5414680242538452
7	896	it's	7.785720348358154	6.562814712524414	6.44687557220459	5.8964128494262695
7	897	possible	4.499871730804443	4.841773509979248	4.580316066741943	1.1328080892562866
7	898	to	1.435359001159668	0.7416192293167114	0.6462196707725525	0.5236868858337402
7	899	be	3.0100271701812744	4.360095977783203	4.062865257263184	3.904630422592163
7	900	without	7.432403564453125	7.409934043884277	7.339644908905029	7.0349273681640625
7	901	absolute	9.560866355895996	9.45339584350586	9.581226348876953	8.90593147277832
7	902	proof,	10.650421142578125	6.969478607177734	5.737391471862793	5.234220504760742
7	903	that	3.932678461074829	3.872918128967285	2.0018839836120605	2.4745006561279297
7	904	no	5.592876434326172	5.288958549499512	4.252793312072754	5.057321071624756
7	905	flying	11.024415016174316	11.012284278869629	11.13508129119873	9.870599746704102
7	906	saucer	9.298656463623047	4.00309944152832	2.946047782897949	3.0229978561401367
7	907	or	4.859107971191406	4.138162612915039	3.3636019229888916	3.5048961639404297
7	908	saucers	14.36151123046875	5.3524980545043945	9.127091407775879	9.757444381713867
7	909	crashed	8.44009780883789	10.898897171020508	11.36644458770752	4.981558322906494
7	910	in	2.1783876419067383	2.6699931621551514	2.776352882385254	3.395064115524292
7	911	the	1.3686838150024414	1.4549949169158936	1.050893783569336	0.889091432094574
7	912	general	6.9062347412109375	6.646338939666748	7.10504150390625	7.445361137390137
7	913	vicinity	12.04079532623291	6.53602409362793	4.461369514465332	3.2092034816741943
7	914	of	0.1317598819732666	0.3239350914955139	0.12401998043060303	0.1138668805360794
7	915	Roswell	13.806161880493164	12.316402435302734	12.811275482177734	11.555018424987793
7	916	or	6.14771842956543	5.522683143615723	5.251157760620117	4.876477241516113
7	917	on	5.813886642456055	5.6190409660339355	5.788191318511963	5.628169536590576
7	918	the	1.213181972503662	1.1823704242706299	1.0073308944702148	0.9197256565093994
7	919	Plains	12.828969955444336	11.746742248535156	12.345678329467773	7.835498332977295
7	920	of	2.832271099090576	2.0518412590026855	1.5581365823745728	1.492615818977356
7	921	San	8.448060989379883	4.608951568603516	3.6489417552948	3.57814359664917
7	922	Agustin	9.118330955505371	7.8246283531188965	4.6314592361450195	2.579586982727051
7	923	in	5.903509140014648	3.5247111320495605	2.6533823013305664	2.236865997314453
7	924	nineteen	12.185080528259277	12.044062614440918	12.033527374267578	12.243523597717285
7	925	forty-seven.'	21.95224952697754	14.183128356933594	12.469646453857422	13.239652633666992
7	926	He	1.841071605682373	1.9700703620910645	2.050205707550049	1.9816560745239258
7	927	then	4.53382682800293	4.6457695960998535	4.441473960876465	4.764712333679199
7	928	added,	8.804505348205566	6.013250350952148	4.06117057800293	4.192547798156738
7	929	'The	7.284493446350098	6.5989990234375	6.839384078979492	3.70150089263916
7	930	debris	11.413887023925781	11.030725479125977	11.14522647857666	11.288874626159668
7	931	found	8.028290748596191	6.399532318115234	7.01359224319458	6.7588958740234375
7	932	was	6.889073371887207	6.440573215484619	4.720901012420654	3.980045795440674
7	933	the	3.2400004863739014	2.4183077812194824	3.30352520942688	3.6430118083953857
7	934	remains	10.141963005065918	9.862458229064941	6.842285633087158	3.6051859855651855
7	935	of	3.0966086387634277	0.27266237139701843	0.027618471533060074	0.012635305523872375
7	936	something	8.070625305175781	7.823585510253906	8.023093223571777	6.782211780548096
7	937	very	4.7411603927612305	4.719444274902344	4.49867582321167	4.4358134269714355
7	938	earthly,	13.890082359313965	14.222408294677734	11.748930931091309	12.609586715698242
7	939	all	5.759679794311523	5.633678436279297	6.200238227844238	6.2579450607299805
7	940	but	5.799544811248779	4.8170342445373535	5.0302886962890625	5.776519775390625
7	941	certainly	7.608732223510742	6.540414810180664	7.15293025970459	7.587860107421875
7	942	something	5.852342128753662	5.455643177032471	5.74808931350708	7.008060455322266
7	943	from	4.881604194641113	6.2476348876953125	5.600689888000488	5.501276016235352
7	944	the	1.3691444396972656	1.368224024772644	1.344530701637268	1.1925188302993774
7	945	Top	10.163036346435547	9.44760799407959	9.065779685974121	8.321948051452637
7	946	Secret	7.810405731201172	4.951748847961426	4.497965335845947	3.7447359561920166
7	947	Project	8.488852500915527	5.753238677978516	5.876684188842773	6.2235517501831055
7	948	Mogul.'	24.098318099975586	18.849958419799805	19.463478088378906	20.338462829589844
7	949	Although	6.380972385406494	6.664643287658691	6.697469234466553	6.9159932136535645
7	950	most	4.687165260314941	5.505226135253906	5.525166988372803	5.619891166687012
7	951	now	9.465153694152832	9.43614387512207	7.548919200897217	8.531708717346191
7	952	agree	9.063353538513184	5.2923383712768555	2.7369496822357178	2.3911643028259277
7	953	with	0.8490288853645325	1.6357749700546265	2.21047306060791	3.554443597793579
7	954	this	4.822109222412109	3.323904037475586	3.515933036804199	3.1222362518310547
7	955	conclusion,	9.14748764038086	7.436113357543945	5.103157997131348	4.93056583404541
7	956	each	7.109907150268555	6.963359355926514	7.555402755737305	8.602587699890137
7	957	year,	5.48784065246582	7.05305814743042	7.711888313293457	7.749250888824463
7	958	during	6.486029148101807	6.385025978088379	5.347134113311768	5.115830421447754
7	959	July	8.571895599365234	7.373046398162842	6.717497825622559	6.254359722137451
7	960	Fourth	11.435762405395508	11.623390197753906	7.867309093475342	7.600510597229004
7	961	weekend,	12.894880294799805	5.054643630981445	3.210594415664673	1.87229585647583
7	962	the	2.7190351486206055	2.002329111099243	2.1719114780426025	2.503220796585083
7	963	City	7.927426338195801	6.587009429931641	7.813631057739258	5.970465183258057
7	964	of	1.4578535556793213	0.6993541717529297	0.8006280660629272	0.7382144927978516
7	965	Roswell	13.806161880493164	9.360516548156738	9.208110809326172	9.193581581115723
7	966	hosts	12.237248420715332	12.932331085205078	8.856472969055176	9.732375144958496
7	967	the	2.6250662803649902	1.5294665098190308	1.6107436418533325	1.345105528831482
7	968	Roswell	13.589888572692871	12.952299118041992	6.28377628326416	3.44144344329834
7	969	UFO	6.012498378753662	2.3099989891052246	2.031440496444702	2.874431848526001
7	970	Festival	7.268740177154541	4.774928092956543	5.503262042999268	1.307499647140503
7	971	celebrating	9.917058944702148	8.030065536499023	8.408172607421875	8.42017936706543
7	972	all	4.610591411590576	4.083591938018799	3.9548895359039307	4.668543338775635
7	973	things	4.954713821411133	3.4608867168426514	0.8451979160308838	0.3243408501148224
7	974	UFO,	19.360675811767578	13.647909164428711	11.899460792541504	11.071218490600586
7	975	featuring	8.872893333435059	9.859042167663574	8.343862533569336	7.1631178855896
7	976	prominent	9.136209487915039	8.30841064453125	7.375765800476074	7.571505546569824
7	977	UFOlogists	18.354862213134766	14.317947387695312	6.751155853271484	6.451162338256836
7	978	and	2.4177639484405518	2.104252815246582	1.6562496423721313	2.0519285202026367
7	979	discussions.	12.858631134033203	13.815070152282715	14.913141250610352	14.223214149475098
8	0	Tulip	13.383824348449707	13.383824348449707	13.383824348449707	13.383824348449707
8	1	mania	9.64387321472168	9.64387321472168	9.64387321472168	9.64387321472168
8	2	was	3.6477835178375244	3.0001049041748047	3.0001049041748047	3.0001049041748047
8	3	a	2.6166157722473145	3.1083176136016846	2.0551788806915283	2.0551788806915283
8	4	period	6.819193363189697	6.634793281555176	6.072897911071777	4.443540096282959
8	5	in	3.085477828979492	3.5824460983276367	2.5631189346313477	2.738211154937744
8	6	the	1.3686838150024414	1.5138678550720215	1.9305881261825562	1.670433759689331
8	7	Dutch	9.56324577331543	9.050246238708496	8.593160629272461	9.016426086425781
8	8	Golden	7.419410705566406	6.905484676361084	6.436485290527344	4.330594062805176
8	9	Age	2.097534656524658	1.6207200288772583	0.739250898361206	0.951600193977356
8	10	during	7.671112537384033	7.196710586547852	7.14092493057251	5.652508735656738
8	11	which	4.510646820068359	1.8060235977172852	1.9754194021224976	2.5556435585021973
8	12	contract	10.125470161437988	10.601390838623047	11.895923614501953	11.610193252563477
8	13	prices	7.485932350158691	6.092987537384033	4.384280204772949	4.929436683654785
8	14	for	2.4651918411254883	2.63520884513855	2.8951597213745117	2.998231887817383
8	15	bulbs	13.810226440429688	10.99278450012207	12.259902000427246	10.973477363586426
8	16	of	3.0612289905548096	2.8431193828582764	3.745927095413208	2.9302780628204346
8	17	the	1.4737688302993774	1.2475764751434326	1.871220588684082	1.8544460535049438
8	18	recently	9.893593788146973	9.664447784423828	9.150862693786621	9.832284927368164
8	19	introduced	4.435866355895996	2.811518907546997	2.983184576034546	2.612858295440674
8	20	tulip	18.183740615844727	15.301487922668457	13.97659683227539	13.531547546386719
8	21	reached	10.762871742248535	11.272396087646484	11.561558723449707	11.425321578979492
8	22	extraordinarily	12.651328086853027	13.835086822509766	12.350861549377441	11.901124954223633
8	23	high	3.0890004634857178	0.39642134308815	0.41478151082992554	0.23173657059669495
8	24	levels	3.725789785385132	3.2032105922698975	1.511875867843628	1.8825671672821045
8	25	and	2.859522581100464	5.2141618728637695	4.740607261657715	3.245314836502075
8	26	then	4.55230712890625	5.935652732849121	4.616735458374023	4.4424028396606445
8	27	suddenly	8.699865341186523	6.667783260345459	8.289769172668457	5.5767316818237305
8	28	collapsed.	9.61694049835205	7.7850799560546875	7.779058456420898	8.08561897277832
8	29	At	5.050581932067871	4.751789093017578	4.776363372802734	4.616471290588379
8	30	the	1.192503571510315	1.1085596084594727	1.2222567796707153	1.4095147848129272
8	31	peak	8.136222839355469	6.449967861175537	5.7195281982421875	6.267276287078857
8	32	of	2.070650577545166	1.4494965076446533	0.13082991540431976	0.1063733696937561
8	33	tulip	15.592859268188477	14.673527717590332	12.652034759521484	14.492759704589844
8	34	mania	6.36531925201416	4.487624645233154	3.8686838150024414	2.049984931945801
8	35	in	2.8600616455078125	2.0489187240600586	1.4087404012680054	1.17885160446167
8	36	February	7.751389980316162	8.194352149963379	6.842000484466553	6.984811782836914
8	37	sixteen	13.103022575378418	13.623943328857422	13.456106185913086	11.672390937805176
8	38	thirty-seven,	15.249235153198242	10.156378746032715	7.086244583129883	6.780035495758057
8	39	tulip	15.874677658081055	15.31164264678955	15.289432525634766	16.54330825805664
8	40	contracts	11.021038055419922	9.97684097290039	9.714974403381348	9.360162734985352
8	41	sold	8.421065330505371	6.425343990325928	5.637402534484863	5.566281795501709
8	42	for	3.154944896697998	3.157681703567505	4.086062908172607	1.442884922027588
8	43	more	4.965254306793213	3.8184471130371094	3.357713222503662	2.8868889808654785
8	44	than	1.9231622219085693	1.4085954427719116	0.10529231280088425	0.09225885570049286
8	45	ten	6.5468220710754395	5.171872138977051	4.4142327308654785	5.424099922180176
8	46	times	3.279181718826294	3.518807888031006	2.6142210960388184	5.353660583496094
8	47	the	2.779153347015381	2.1492035388946533	1.5354743003845215	1.3778282403945923
8	48	annual	8.461684226989746	5.990420818328857	6.427000999450684	5.610254287719727
8	49	income	4.934602737426758	5.05700159072876	3.1842916011810303	2.8770761489868164
8	50	of	3.2237372398376465	1.2872514724731445	0.7130517959594727	0.3034297525882721
8	51	a	3.1972079277038574	3.289318799972534	3.5050880908966064	2.262535810470581
8	52	skilled	9.71023941040039	9.307380676269531	7.171298503875732	6.146543025970459
8	53	craftsman.	9.83944034576416	5.3750200271606445	4.772629261016846	6.385082721710205
8	54	It	3.2890920639038086	3.1777172088623047	3.172093391418457	3.0247437953948975
8	55	is	1.2118124961853027	1.2419025897979736	1.0918221473693848	1.0597167015075684
8	56	generally	6.327978610992432	5.73911190032959	6.077310562133789	5.651426315307617
8	57	considered	4.736108303070068	3.456587314605713	3.273240566253662	3.5523316860198975
8	58	the	2.404905080795288	2.6166491508483887	2.686016798019409	3.661597728729248
8	59	first	4.495286464691162	5.050465106964111	3.701115846633911	3.4433064460754395
8	60	recorded	7.820795059204102	7.307734489440918	6.315159320831299	6.323256492614746
8	61	economic	9.424274444580078	9.452970504760742	8.588142395019531	8.500515937805176
8	62	bubble.	12.935943603515625	12.131156921386719	9.883343696594238	8.521482467651367
8	63	The	2.1693334579467773	2.0640995502471924	1.9694193601608276	1.789304256439209
8	64	tulip,	16.37969970703125	14.577610969543457	14.463603973388672	13.217016220092773
8	65	introduced	9.920186042785645	7.668096542358398	8.486065864562988	7.499063968658447
8	66	to	2.1745824813842773	1.7043538093566895	1.4518623352050781	1.4840707778930664
8	67	Europe	9.498290061950684	7.514398574829102	1.7511076927185059	1.1424612998962402
8	68	in	2.6788289546966553	2.228456497192383	1.6101120710372925	0.7753617763519287
8	69	the	1.3686838150024414	1.284904956817627	1.5024840831756592	0.7581527829170227
8	70	mid	9.413063049316406	8.092124938964844	5.768624305725098	5.71323299407959
8	71	sixteenth	10.635417938232422	6.970795154571533	6.590263843536377	5.121997356414795
8	72	century	1.3236007690429688	1.0591522455215454	1.0753850936889648	1.1589710712432861
8	73	from	5.426187992095947	5.128091335296631	4.93682336807251	5.443497180938721
8	74	the	1.3691444396972656	1.2638475894927979	1.1904282569885254	1.2565491199493408
8	75	Ottoman	11.137813568115234	9.932464599609375	6.140474319458008	6.333846569061279
8	76	Empire,	2.929461717605591	2.3868181705474854	2.5397262573242188	3.1518101692199707
8	77	became	7.510868072509766	6.616849422454834	6.646120071411133	6.236340522766113
8	78	very	4.70733642578125	5.26515007019043	5.323650360107422	5.283793926239014
8	79	popular	5.694724082946777	3.2372779846191406	2.458700180053711	2.025393009185791
8	80	in	3.2078845500946045	1.9691162109375	1.2136520147323608	1.1024794578552246
8	81	the	1.3686838150024414	1.1073919534683228	1.1580874919891357	0.6774444580078125
8	82	United	5.535593032836914	4.593252182006836	2.9608957767486572	2.7671337127685547
8	83	Provinces,	11.720138549804688	10.548725128173828	10.396942138671875	10.710951805114746
8	84	which	3.8475258350372314	3.289677143096924	3.2987985610961914	3.623758316040039
8	85	we	3.998274326324463	4.904996871948242	5.227328300476074	5.410315036773682
8	86	now	6.116700649261475	4.843569755554199	3.7791318893432617	3.2554211616516113
8	87	know	5.79953670501709	2.4536495208740234	1.89285409450531	2.2088818550109863
8	88	as	5.568525314331055	3.928213357925415	3.996297597885132	2.830738067626953
8	89	the	2.4659602642059326	2.6483848094940186	1.321332573890686	1.2232552766799927
8	90	Netherlands.	10.241602897644043	11.305695533752441	10.767524719238281	9.922657012939453
8	91	Tulip	11.963522911071777	12.460220336914062	12.501754760742188	12.670417785644531
8	92	cultivation	10.333271026611328	5.717164993286133	4.8101677894592285	4.3149847984313965
8	93	in	2.628070116043091	1.6320996284484863	2.125131607055664	2.2482967376708984
8	94	the	1.3686838150024414	1.6196136474609375	1.161956548690796	0.5783243179321289
8	95	United	5.535593032836914	4.593252182006836	3.3217878341674805	2.648164987564087
8	96	Provinces	10.696727752685547	9.219381332397461	9.331071853637695	9.271907806396484
8	97	is	4.513099670410156	4.780338287353516	4.63100528717041	4.464776992797852
8	98	generally	6.327978610992432	6.457071304321289	6.351006507873535	6.335541248321533
8	99	thought	6.866509437561035	4.869007110595703	5.274197101593018	4.660015106201172
8	100	to	2.47114896774292	1.0313918590545654	0.43840911984443665	0.24790088832378387
8	101	have	4.3862786293029785	2.0995540618896484	1.9019804000854492	2.151216983795166
8	102	started	6.755173683166504	7.062634468078613	5.1063408851623535	4.0548906326293945
8	103	in	3.1245813369750977	3.9817235469818115	2.8214845657348633	1.7617677450180054
8	104	earnest	11.046102523803711	4.967740058898926	3.8156368732452393	4.329259872436523
8	105	around	9.043766021728516	7.204034805297852	4.741715431213379	5.326380729675293
8	106	fifteen	9.098325729370117	9.476099014282227	8.48404312133789	8.073067665100098
8	107	ninety-three,	16.584671020507812	15.613181114196777	14.70584774017334	13.864641189575195
8	108	after	6.149881362915039	6.122221946716309	5.1824493408203125	5.040750503540039
8	109	the	1.7848713397979736	2.483776092529297	2.4246256351470947	2.1835696697235107
8	110	Flemish	11.598630905151367	12.476661682128906	10.832687377929688	10.94444465637207
8	111	botanist	7.60411262512207	8.942007064819336	8.88679027557373	8.507843971252441
8	112	Charles	5.051072120666504	5.280246257781982	4.440509796142578	4.386688232421875
8	113	de	6.317309856414795	4.517226696014404	1.7278459072113037	1.3046172857284546
8	114	l'Ecluse	16.215757369995117	9.513192176818848	3.5838818550109863	3.3402862548828125
8	115	had	4.496412754058838	5.26323127746582	4.237630844116211	4.126015663146973
8	116	taken	5.47569465637207	4.476388931274414	4.669353485107422	4.162399768829346
8	117	up	3.377699851989746	3.91569447517395	3.3138649463653564	2.918069839477539
8	118	a	3.1469995975494385	3.3480191230773926	2.216411590576172	2.1291043758392334
8	119	post	8.381755828857422	7.109243869781494	3.7601828575134277	3.601590633392334
8	120	at	4.6828532218933105	3.895256280899048	3.866962194442749	1.871433973312378
8	121	the	1.4987046718597412	1.2786567211151123	1.4011307954788208	1.4273110628128052
8	122	University	7.298069953918457	4.27667760848999	4.7982072830200195	4.264279365539551
8	123	of	0.6096783876419067	0.1290537714958191	0.030710255727171898	0.05668186396360397
8	124	Leiden	13.113492012023926	9.317081451416016	9.565316200256348	9.224925994873047
8	125	and	2.634589672088623	2.505321979522705	1.8441466093063354	1.883360505104065
8	126	established	9.05001449584961	8.737621307373047	8.252936363220215	7.907776832580566
8	127	a	2.8699333667755127	2.0565555095672607	1.7845245599746704	1.5637708902359009
8	128	botanical	13.08157730102539	9.836177825927734	9.314959526062012	5.764527797698975
8	129	garden,	3.8786368370056152	2.8212180137634277	2.13815975189209	2.164214611053467
8	130	which	3.759683609008789	2.9535272121429443	3.3491501808166504	2.109189987182617
8	131	is	1.991581678390503	1.6404027938842773	1.350318193435669	1.4622032642364502
8	132	famous	10.011341094970703	9.667404174804688	6.6421990394592285	5.695095062255859
8	133	as	4.306351184844971	2.863724708557129	2.9695792198181152	3.612579345703125
8	134	one	5.303091049194336	4.12191104888916	2.875293731689453	2.8764851093292236
8	135	of	1.3370164632797241	0.6297996044158936	0.1088523343205452	0.03132084012031555
8	136	the	1.4737688302993774	0.554715633392334	0.3883308470249176	0.20978863537311554
8	137	oldest	8.908307075500488	8.490585327148438	5.464270114898682	5.590618133544922
8	138	in	4.741640090942383	3.5671093463897705	3.4633231163024902	3.0428669452667236
8	139	the	1.3686838150024414	0.601148247718811	0.5426903963088989	0.5225505828857422
8	140	world.	7.377230644226074	6.046998023986816	3.1475377082824707	3.11794376373291
8	141	There,	8.213027954101562	8.458761215209961	8.389009475708008	8.338977813720703
8	142	he	2.5103325843811035	2.2996368408203125	2.2138662338256836	2.4752485752105713
8	143	planted	9.600417137145996	8.8120698928833	8.616721153259277	8.65841293334961
8	144	his	4.823088645935059	1.9583539962768555	2.4012224674224854	2.738180637359619
8	145	collection	8.915772438049316	9.681431770324707	10.733640670776367	9.287210464477539
8	146	of	0.8100188374519348	0.7286410331726074	1.01448392868042	0.6736817955970764
8	147	tulip	15.592859268188477	12.266822814941406	11.164009094238281	10.19660758972168
8	148	bulbs	2.6390154361724854	1.6983487606048584	1.1323094367980957	1.1654822826385498
8	149	that	3.4677045345306396	3.590491771697998	3.5675101280212402	2.6624672412872314
8	150	the	2.0494112968444824	4.383017539978027	4.799563407897949	4.602200984954834
8	151	Emperor's	12.130746841430664	11.41939640045166	13.26311206817627	11.326183319091797
8	152	ambassador	9.25646686553955	8.790719985961914	8.498769760131836	8.68252182006836
8	153	sent	6.94410514831543	4.703679084777832	4.887290000915527	5.587803840637207
8	154	to	1.228280782699585	1.2629077434539795	1.1717544794082642	1.026292324066162
8	155	him	6.366884231567383	4.5628228187561035	5.4430718421936035	3.7793941497802734
8	156	from	3.945258617401123	4.079337120056152	2.564434051513672	2.6180591583251953
8	157	Turkey,	10.935683250427246	11.712167739868164	10.035578727722168	8.442309379577637
8	158	which	3.615208148956299	3.688586711883545	3.6651062965393066	3.1300060749053955
8	159	were	4.745160102844238	4.211798667907715	4.124639987945557	5.207913875579834
8	160	able	4.837574005126953	6.405946254730225	5.833635330200195	6.044053077697754
8	161	to	0.030165337026119232	0.016936389729380608	0.017628997564315796	0.021627375856041908
8	162	tolerate	9.77635383605957	7.575865745544434	7.646215438842773	5.763195514678955
8	163	the	1.9794847965240479	1.827223300933838	1.5729265213012695	1.5048060417175293
8	164	harsher	14.76521110534668	8.920302391052246	9.223155975341797	8.44361686706543
8	165	conditions	5.178452491760254	3.764826536178589	2.7171790599823	2.381575345993042
8	166	of	2.1722002029418945	2.5724031925201416	0.8861802220344543	0.8109675645828247
8	167	the	1.4737688302993774	1.3153743743896484	2.049145460128784	0.9452008605003357
8	168	northern	8.442432403564453	8.691537857055664	10.238981246948242	5.451099395751953
8	169	climate.	10.20350456237793	10.32159423828125	10.532204627990723	7.377403259277344
8	170	It	3.335298538208008	2.9044594764709473	2.918003559112549	2.793302536010742
8	171	was	1.702970027923584	2.003913640975952	1.7757971286773682	1.5950685739517212
8	172	shortly	9.165218353271484	7.9574971199035645	7.879567623138428	8.310323715209961
8	173	thereafter	4.692421913146973	2.751723289489746	2.939256191253662	3.2256317138671875
8	174	that	4.517556190490723	3.0367894172668457	4.411487579345703	0.4192849099636078
8	175	the	2.0494112968444824	1.8076118230819702	1.6274561882019043	1.4676964282989502
8	176	tulips	14.716408729553223	14.450445175170898	14.68671989440918	13.705387115478516
8	177	began	7.779902935028076	7.248134136199951	7.107822418212891	4.757972240447998
8	178	to	1.1736726760864258	0.27988576889038086	0.1843419224023819	0.36419349908828735
8	179	grow	7.348803520202637	4.76522159576416	3.8481876850128174	3.9550857543945312
8	180	in	2.8335697650909424	2.449047088623047	2.154496192932129	1.2398762702941895
8	181	popularity.	12.440980911254883	5.451706409454346	5.753140449523926	3.0228967666625977
8	182	The	2.3040623664855957	2.2534403800964355	2.4047818183898926	2.3825860023498535
8	183	flower	9.677209854125977	9.638678550720215	9.850541114807129	9.398250579833984
8	184	rapidly	9.719500541687012	10.112913131713867	9.379877090454102	9.295860290527344
8	185	became	6.327901840209961	4.902226448059082	4.257896423339844	1.4179929494857788
8	186	a	1.6816149950027466	1.5491948127746582	1.7976272106170654	1.6048383712768555
8	187	coveted	11.124080657958984	9.205266952514648	8.593939781188965	8.199448585510254
8	188	luxury	7.904746055603027	7.755739688873291	6.942869186401367	5.990213394165039
8	189	item	7.714191436767578	4.089662075042725	3.3079776763916016	2.040123462677002
8	190	and	3.4199039936065674	2.834763288497925	3.0853328704833984	2.5977861881256104
8	191	a	3.878800868988037	3.0967941284179688	2.6419310569763184	2.657557964324951
8	192	status	9.639052391052246	9.814031600952148	8.006982803344727	3.8279964923858643
8	193	symbol,	12.404255867004395	5.0162129402160645	5.58540153503418	7.653045177459717
8	194	and	2.2812061309814453	1.9337694644927979	1.798159122467041	1.8822659254074097
8	195	a	3.878800868988037	3.108710765838623	3.21026873588562	3.206568479537964
8	196	profusion	12.265060424804688	11.169025421142578	11.094773292541504	10.443387031555176
8	197	of	0.20281267166137695	0.0405459962785244	0.035695433616638184	0.03430115804076195
8	198	varieties	11.162361145019531	8.509953498840332	8.109771728515625	8.440011978149414
8	199	followed.	12.496269226074219	13.996964454650879	10.956435203552246	11.854195594787598
8	200	They	4.3111162185668945	4.117171287536621	4.183534145355225	4.246280670166016
8	201	were	2.4770102500915527	1.9311656951904297	1.6039601564407349	1.7041116952896118
8	202	classified	6.281041622161865	8.788520812988281	9.30663013458252	7.614279747009277
8	203	in	3.2412338256835938	3.338916778564453	3.206393003463745	3.297417402267456
8	204	groups:	14.654020309448242	10.073116302490234	8.676905632019043	8.510848999023438
8	205	one-colored	18.049577713012695	18.62152099609375	16.81142807006836	17.470317840576172
8	206	tulips	11.04035758972168	12.58669662475586	10.654356002807617	10.729331970214844
8	207	of	4.333148002624512	3.947826385498047	3.3109521865844727	3.491152763366699
8	208	red,	11.399923324584961	6.684775352478027	5.798620223999023	4.164168357849121
8	209	yellow,	3.5559232234954834	3.2385711669921875	1.9217448234558105	1.4505760669708252
8	210	or	3.6567015647888184	2.311723232269287	3.0446462631225586	3.8011088371276855
8	211	white	7.646824836730957	4.159700870513916	3.095325231552124	2.6462042331695557
8	212	were	8.98863697052002	7.342134952545166	6.877645969390869	5.940910816192627
8	213	known	7.192399024963379	6.948010444641113	7.440454959869385	7.320042610168457
8	214	as	1.2910826206207275	1.6624726057052612	1.3006322383880615	1.5453888177871704
8	215	Couleren,	30.793575286865234	27.881919860839844	28.75910186767578	29.396709442138672
8	216	but	5.611575126647949	4.626415729522705	4.917456150054932	3.346475601196289
8	217	it	3.077126979827881	2.6799464225769043	2.774695873260498	2.692042827606201
8	218	was	2.4596688747406006	2.04014253616333	1.7997605800628662	1.6508344411849976
8	219	the	3.2400004863739014	3.1082122325897217	2.9409964084625244	3.058941125869751
8	220	multicolored	14.7295503616333	15.189814567565918	15.04684829711914	14.800298690795898
8	221	Rosen	16.575651168823242	16.593852996826172	16.351587295532227	16.9751033782959
8	222	(red	12.787078857421875	11.498817443847656	11.858285903930664	11.639471054077148
8	223	or	5.293446063995361	5.446331024169922	3.949024200439453	4.5429277420043945
8	224	pink	10.108196258544922	4.296958923339844	3.9301743507385254	2.822842597961426
8	225	on	5.3025665283203125	4.714298725128174	4.900293350219727	4.765162944793701
8	226	white	8.883147239685059	5.346199035644531	4.1544647216796875	3.6551411151885986
8	227	background),	11.058685302734375	9.893412590026855	7.258148670196533	6.333312034606934
8	228	Violetten	20.616573333740234	21.866018295288086	20.65983009338379	20.020963668823242
8	229	(purple	14.195287704467773	6.277596473693848	4.78501558303833	6.229383945465088
8	230	or	5.67512321472168	3.71748685836792	4.2295427322387695	5.659822463989258
8	231	lilac	14.671045303344727	8.660272598266602	6.709245204925537	7.782496452331543
8	232	on	5.146945476531982	4.8832011222839355	5.082342147827148	5.468587398529053
8	233	white	8.883147239685059	5.263493061065674	4.951688289642334	4.620913982391357
8	234	background),	11.058685302734375	9.893412590026855	7.590532302856445	7.699706077575684
8	235	and,	7.003010272979736	7.41286563873291	7.613213539123535	7.677414894104004
8	236	to	4.120280742645264	3.8919782638549805	3.825458288192749	3.989151954650879
8	237	a	3.548675775527954	1.2856776714324951	1.1101305484771729	1.6818875074386597
8	238	lesser	7.904634952545166	5.813065528869629	0.6148762702941895	0.2783746123313904
8	239	extent,	3.0889506340026855	2.452949285507202	1.8206645250320435	0.24559669196605682
8	240	the	1.915485143661499	2.1636946201324463	1.9872219562530518	2.0795578956604004
8	241	Bizarden	23.907546997070312	24.771997451782227	23.86839485168457	23.466127395629883
8	242	(red,	14.232504844665527	16.303068161010742	16.99110221862793	14.587132453918457
8	243	brown	7.823538780212402	6.517632007598877	5.7421112060546875	5.792262077331543
8	244	or	4.422703742980957	1.5745227336883545	2.641751766204834	2.0045886039733887
8	245	purple	10.89468002319336	4.264274597167969	5.240958213806152	5.033148765563965
8	246	on	5.315977096557617	4.843184471130371	4.339049339294434	5.3044304847717285
8	247	yellow	10.37210464477539	6.58126163482666	6.014331340789795	7.652032852172852
8	248	background)	10.885510444641113	7.270452976226807	5.4777350425720215	4.893797874450684
8	249	that	3.9515631198883057	4.306974411010742	4.7488861083984375	4.424968719482422
8	250	were	5.481668472290039	4.306164741516113	3.2437281608581543	3.226503610610962
8	251	the	4.053862571716309	4.404290199279785	5.20053768157959	5.118160247802734
8	252	most	5.204439640045166	2.972874164581299	2.571244716644287	2.557856798171997
8	253	popular.	8.391706466674805	7.7457075119018555	5.904259204864502	5.800047397613525
8	254	These	4.792527198791504	4.647856712341309	4.417062282562256	4.12883186340332
8	255	spectacular	12.050577163696289	10.443599700927734	10.245756149291992	10.495070457458496
8	256	and	2.9961752891540527	3.9138643741607666	4.045428276062012	4.173471450805664
8	257	highly	8.592031478881836	5.83695125579834	4.233402729034424	4.125302314758301
8	258	sought-after	10.624385833740234	7.54022216796875	6.452023983001709	5.537079811096191
8	259	tulip	11.577483177185059	11.790262222290039	11.615519523620605	10.553234100341797
8	260	bulbs	2.6390154361724854	2.6694536209106445	3.1479969024658203	2.9283106327056885
8	261	would	5.125479698181152	5.7382965087890625	6.109018325805664	6.939256191253662
8	262	grow	7.655747413635254	7.099786758422852	3.7594122886657715	4.4576873779296875
8	263	flowers	9.193041801452637	8.02542495727539	7.387836933135986	7.686993598937988
8	264	with	3.9155728816986084	3.6487083435058594	4.076022148132324	3.878483533859253
8	265	vivid	11.86197280883789	8.638559341430664	9.178327560424805	8.205997467041016
8	266	colors,	7.432775497436523	4.865112781524658	3.4306843280792236	2.904186487197876
8	267	lines,	8.200420379638672	8.41338062286377	8.152666091918945	9.683337211608887
8	268	and	2.0584020614624023	0.9099612236022949	0.6020132899284363	0.4995151162147522
8	269	flames	11.056612968444824	11.089581489562988	10.825948715209961	10.964861869812012
8	270	on	3.638758420944214	4.223119258880615	4.237540245056152	3.2292065620422363
8	271	the	1.213181972503662	0.7750999331474304	0.7121156454086304	0.5801817178726196
8	272	petals,	14.311748504638672	13.999149322509766	12.888657569885254	12.11221694946289
8	273	as	4.4267120361328125	4.163492679595947	4.0399603843688965	3.8180832862854004
8	274	a	1.974064588546753	3.420445680618286	3.4134204387664795	3.5968117713928223
8	275	result,	6.715205669403076	5.165734767913818	5.086180686950684	4.93179988861084
8	276	it	3.4646077156066895	3.274440050125122	3.270643711090088	3.4058549404144287
8	277	is	1.9536738395690918	0.8041279315948486	0.8509494662284851	0.9758775234222412
8	278	now	5.346364498138428	5.355365753173828	4.686652183532715	4.664883613586426
8	279	understood,	10.596248626708984	10.04193115234375	8.271117210388184	9.155142784118652
8	280	of	5.7907514572143555	5.952661991119385	5.683440208435059	5.551501274108887
8	281	being	6.7221527099609375	5.076570510864258	4.536952018737793	4.6411638259887695
8	282	infected	8.180471420288086	6.9708356857299805	7.790905475616455	7.148647785186768
8	283	with	1.26829993724823	0.5619808435440063	0.6694516539573669	0.7329680919647217
8	284	tulip-specific	25.786876678466797	24.666614532470703	23.487667083740234	23.96756362915039
8	285	virus	6.825812816619873	6.493600845336914	3.034503698348999	3.396883249282837
8	286	known	7.1073479652404785	7.225295066833496	8.890874862670898	8.848307609558105
8	287	as	1.2910826206207275	0.906955361366272	0.5065869688987732	0.276032418012619
8	288	the	2.4659602642059326	1.3180556297302246	1.8528616428375244	2.4997353553771973
8	289	'Tulip	19.826873779296875	17.93646240234375	13.994927406311035	14.891472816467285
8	290	breaking	9.804876327514648	10.601717948913574	11.100780487060547	12.452836036682129
8	291	virus'.	19.873655319213867	11.167256355285645	9.507526397705078	8.934054374694824
8	292	The	2.226813793182373	2.2084100246429443	1.9880013465881348	1.869659662246704
8	293	Dutch	9.583084106445312	7.792896270751953	7.80667781829834	6.3686981201171875
8	294	Golden	7.419410705566406	8.053095817565918	10.913369178771973	10.966197967529297
8	295	Age	2.097534656524658	1.6207200288772583	0.288284033536911	0.37143856287002563
8	296	growers	13.861729621887207	13.87569522857666	14.261676788330078	15.370999336242676
8	297	named	10.020797729492188	9.20473861694336	8.24839973449707	7.808026313781738
8	298	their	7.133319854736328	3.5653252601623535	2.6473641395568848	2.8172988891601562
8	299	new	6.226710319519043	2.687798500061035	3.7824833393096924	3.843240737915039
8	300	varieties	11.902484893798828	11.83530044555664	11.549336433410645	3.550269603729248
8	301	with	3.5773568153381348	3.5663058757781982	4.1772074699401855	3.9215221405029297
8	302	exalted	13.266828536987305	12.436234474182129	11.126119613647461	12.193920135498047
8	303	titles.	9.467194557189941	6.581211090087891	6.72899055480957	6.942931175231934
8	304	Many	5.918949127197266	5.939418315887451	5.594555854797363	5.603792190551758
8	305	early	7.652213096618652	6.797598838806152	7.115063667297363	7.3291168212890625
8	306	forms	7.584519863128662	5.868816375732422	6.072674751281738	6.168128490447998
8	307	were	5.07512903213501	4.224567413330078	3.1877870559692383	3.357836961746216
8	308	prefixed	12.462995529174805	11.492218017578125	10.468855857849121	9.145838737487793
8	309	with	1.0387067794799805	0.6585918664932251	0.6897245645523071	0.7859761714935303
8	310	'admiral',	22.397314071655273	19.050325393676758	24.292827606201172	19.234203338623047
8	311	often	8.488718032836914	7.937670707702637	8.16512680053711	8.450045585632324
8	312	combined	7.750227928161621	5.885157108306885	5.502331733703613	5.817445278167725
8	313	with	1.1546210050582886	0.37542247772216797	0.08740786463022232	0.06643493473529816
8	314	the	1.7724734544754028	1.678888201713562	2.1653409004211426	1.3276827335357666
8	315	growers'	15.448335647583008	15.697540283203125	14.233177185058594	15.399473190307617
8	316	names.	8.960123062133789	8.548973083496094	8.143263816833496	8.838746070861816
8	317	'General'	15.584894180297852	14.154464721679688	14.933842658996582	15.040875434875488
8	318	was	4.71717643737793	1.9441399574279785	2.0475382804870605	2.2090325355529785
8	319	another	6.857287406921387	6.228450298309326	5.769763469696045	5.077898979187012
8	320	prefix	11.750959396362305	13.544717788696289	9.113393783569336	7.785672664642334
8	321	that	4.496763229370117	3.4142396450042725	1.8264102935791016	2.0664258003234863
8	322	found	8.79232406616211	8.909574508666992	9.758193969726562	7.880025863647461
8	323	its	6.24954891204834	4.21865177154541	4.658445358276367	3.6044719219207764
8	324	way	5.19007682800293	0.7732017040252686	0.29840365052223206	0.09959277510643005
8	325	into	5.194517135620117	2.0361504554748535	0.9480581879615784	0.697012722492218
8	326	the	1.1791348457336426	0.855649471282959	0.8247476816177368	0.8932944536209106
8	327	names	8.37116813659668	9.81907844543457	11.268864631652832	11.463861465454102
8	328	of	1.3857725858688354	0.3255462944507599	0.2798493504524231	0.29761645197868347
8	329	around	9.097298622131348	8.24710750579834	8.923954010009766	8.947729110717773
8	330	thirty	8.755565643310547	6.559965133666992	4.898739337921143	5.334610939025879
8	331	varieties.	12.806049346923828	10.7836332321167	8.89173412322998	9.696739196777344
8	332	Later	9.077898979187012	8.517374992370605	8.318194389343262	8.519989967346191
8	333	came	5.939338684082031	6.284695625305176	5.115756511688232	5.169907569885254
8	334	varieties	13.947126388549805	11.95114517211914	5.306491851806641	4.798806190490723
8	335	with	3.5773568153381348	3.6026430130004883	2.2006947994232178	1.8265211582183838
8	336	even	7.926370143890381	6.588435173034668	6.390074253082275	5.054770469665527
8	337	more	2.6164894104003906	1.9030301570892334	2.1542742252349854	1.0946736335754395
8	338	superb	11.58208179473877	10.397153854370117	9.694258689880371	8.403716087341309
8	339	names,	12.09791374206543	11.883620262145996	11.806449890136719	11.022662162780762
8	340	such	4.113438129425049	3.0020570755004883	2.560643434524536	2.16550874710083
8	341	as	1.0717523097991943	0.07543571293354034	0.04130866006016731	0.04216980189085007
8	342	even	8.032647132873535	10.3033447265625	9.990791320800781	9.825775146484375
8	343	'Admiral	20.067310333251953	18.412965774536133	18.387409210205078	15.223437309265137
8	344	of	3.1850695610046387	1.8381956815719604	2.441347360610962	2.9825103282928467
8	345	Admirals'	17.271352767944336	9.316953659057617	8.489282608032227	8.24456787109375
8	346	and	4.909162998199463	4.6970720291137695	2.30273175239563	2.521646022796631
8	347	'General	16.252193450927734	12.082672119140625	9.8963623046875	5.863028049468994
8	348	of	4.346299648284912	4.529156684875488	4.023862361907959	2.51104736328125
8	349	Generals'.	21.837848663330078	14.172514915466309	12.16102409362793	13.260481834411621
8	350	Most	6.361432075500488	6.587395668029785	6.727324485778809	6.318905830383301
8	351	of	1.1933963298797607	0.6778963208198547	0.8086978793144226	0.9106332659721375
8	352	these	4.808768272399902	2.3363709449768066	2.0810744762420654	2.153961658477783
8	353	varieties	8.912805557250977	8.840317726135254	8.35521411895752	9.84814739227295
8	354	have	4.368930816650391	3.2627553939819336	3.321742057800293	2.173091411590576
8	355	now	6.533271312713623	6.304174900054932	6.2786545753479	6.037323951721191
8	356	died	9.45171070098877	8.221880912780762	7.650672435760498	6.14967155456543
8	357	out,	7.489215850830078	6.620212078094482	5.1895880699157715	1.8846869468688965
8	358	though	6.277139186859131	5.458623886108398	5.151330947875977	4.525508880615234
8	359	similar	7.46569299697876	9.542383193969727	8.072107315063477	8.834754943847656
8	360	'broken'	18.339088439941406	17.978527069091797	18.380250930786133	18.28790855407715
8	361	tulips	14.924416542053223	12.968399047851562	12.534674644470215	12.378265380859375
8	362	continue	9.367342948913574	8.838545799255371	9.269736289978027	7.437222957611084
8	363	in	3.888174295425415	4.2726640701293945	4.5684003829956055	4.192021369934082
8	364	the	1.3686838150024414	1.3308182954788208	1.338660717010498	1.2099553346633911
8	365	trade.	11.81871509552002	11.459996223449707	11.293224334716797	11.290273666381836
8	366	Tulips	14.095209121704102	15.346750259399414	14.71171760559082	15.698887825012207
8	367	grow	6.788719654083252	4.6622538566589355	4.63017463684082	4.426435470581055
8	368	from	4.208004951477051	3.7188329696655273	4.583972930908203	4.054823875427246
8	369	bulbs,	14.41772174835205	12.695067405700684	3.7453784942626953	2.3615269660949707
8	370	and	2.28381085395813	2.507266044616699	2.4769463539123535	2.157355785369873
8	371	can	6.348423004150391	6.148285865783691	5.745769023895264	4.607436656951904
8	372	be	1.3615357875823975	0.892380952835083	0.8835810422897339	0.7379159331321716
8	373	propagated	10.57978630065918	9.488293647766113	9.123224258422852	10.932743072509766
8	374	through	2.088291645050049	2.376983404159546	2.5267720222473145	2.7209854125976562
8	375	both	6.570074081420898	5.842399597167969	6.124919891357422	5.690212249755859
8	376	seeds	9.849017143249512	10.506438255310059	8.838796615600586	8.23560905456543
8	377	and	1.9731717109680176	1.739898443222046	0.3046032786369324	0.8433936834335327
8	378	buds.	15.137557029724121	10.139371871948242	7.647233486175537	6.54516077041626
8	379	Seeds	7.091249942779541	7.010044097900391	6.041938781738281	5.028967380523682
8	380	from	3.7094931602478027	2.9353456497192383	3.696716070175171	3.585455894470215
8	381	a	2.8481664657592773	3.206477165222168	3.7577290534973145	3.9601969718933105
8	382	tulip	14.350701332092285	12.366934776306152	8.748388290405273	9.308751106262207
8	383	will	6.667118072509766	6.920862197875977	8.09802532196045	5.668416976928711
8	384	form	7.560822010040283	6.63807487487793	6.402787208557129	5.857988357543945
8	385	a	2.357099771499634	1.0772372484207153	1.1198182106018066	1.3075510263442993
8	386	flowering	10.936149597167969	11.263570785522461	11.598690032958984	7.963091850280762
8	387	bulb	7.554741859436035	7.567262649536133	8.16584300994873	7.628385543823242
8	388	after	5.301616668701172	6.64852237701416	5.968892574310303	4.855329990386963
8	389	seven-twelve	20.273094177246094	20.296571731567383	21.252058029174805	20.21221351623535
8	390	years.	6.819596290588379	4.506712913513184	4.289374351501465	4.095108985900879
8	391	When	4.99571418762207	4.440069198608398	4.529597282409668	4.6593194007873535
8	392	a	3.1633100509643555	3.674964427947998	3.781158447265625	3.338721513748169
8	393	bulb	11.609439849853516	9.71028995513916	10.063666343688965	10.758973121643066
8	394	grows	8.3832368850708	9.481911659240723	8.138051986694336	6.57401704788208
8	395	into	5.3536763191223145	3.327613353729248	3.8952016830444336	4.279391288757324
8	396	the	1.1791348457336426	2.4401350021362305	2.611905813217163	2.9794483184814453
8	397	flower,	12.285405158996582	12.198214530944824	8.910579681396484	6.278343200683594
8	398	the	2.981706142425537	2.502350091934204	2.5343589782714844	2.11798095703125
8	399	original	6.831881999969482	7.325872421264648	8.143798828125	8.260886192321777
8	400	bulb	11.684093475341797	11.716617584228516	8.432648658752441	7.945862770080566
8	401	will	5.9938459396362305	4.626265525817871	4.410130500793457	3.2508397102355957
8	402	disappear,	10.280732154846191	8.93362045288086	10.014845848083496	9.35096263885498
8	403	but	2.5540995597839355	2.370732307434082	2.4956822395324707	2.3445258140563965
8	404	a	4.024580001831055	4.220827102661133	4.450725555419922	4.106473445892334
8	405	clone	10.501041412353516	10.529234886169434	9.184599876403809	8.15172290802002
8	406	bulb	12.381239891052246	13.226800918579102	13.126276016235352	12.73820686340332
8	407	forms	8.94433307647705	9.049087524414062	9.554924964904785	8.947259902954102
8	408	in	3.604353427886963	2.889174461364746	2.945042133331299	1.9944915771484375
8	409	its	5.37481164932251	5.96251106262207	4.7744460105896	5.176095008850098
8	410	place,	8.323049545288086	6.132959365844727	6.318384170532227	4.379703521728516
8	411	as	4.078044891357422	3.6656875610351562	3.6159558296203613	3.4734160900115967
8	412	do	8.538360595703125	5.840875625610352	5.984645366668701	6.083000183105469
8	413	several	8.919990539550781	6.088047981262207	5.199865818023682	5.6503801345825195
8	414	buds.	15.327844619750977	17.197895050048828	15.027103424072266	14.785882949829102
8	415	Properly	11.357272148132324	11.096332550048828	11.41238784790039	11.018887519836426
8	416	cultivated,	9.499276161193848	5.372023582458496	5.348660469055176	7.0420708656311035
8	417	these	6.184606552124023	3.272207736968994	2.198357105255127	2.2949271202087402
8	418	buds	12.57213020324707	8.864160537719727	7.491837501525879	2.8128514289855957
8	419	will	4.811778545379639	3.8081607818603516	2.733611583709717	1.982204794883728
8	420	become	5.639089107513428	3.9634764194488525	3.991316795349121	3.2948427200317383
8	421	bulbs	13.986873626708984	14.379984855651855	9.578879356384277	9.476947784423828
8	422	of	3.0612289905548096	2.0894901752471924	2.5560803413391113	4.002988815307617
8	423	their	4.975376605987549	5.098968982696533	5.540047645568848	5.3959736824035645
8	424	own.	6.064488410949707	5.051898002624512	3.012482166290283	1.8367092609405518
8	425	The	2.5831868648529053	2.3331716060638428	2.3094022274017334	2.063047409057617
8	426	'tulip	20.29236602783203	20.06770133972168	19.43259620666504	19.421802520751953
8	427	breaking'	9.504971504211426	8.182812690734863	9.186958312988281	9.359601974487305
8	428	virus,	11.210853576660156	9.085592269897461	8.204195022583008	8.833930015563965
8	429	which	3.192108631134033	2.1545753479003906	1.694629192352295	1.601024866104126
8	430	many	7.371238708496094	7.483264923095703	7.023577690124512	8.2388916015625
8	431	botanists	13.978743553161621	10.243450164794922	10.697229385375977	10.357481956481934
8	432	have	3.0496442317962646	2.5264267921447754	2.317779302597046	2.7238669395446777
8	433	studied,	11.817792892456055	7.401315689086914	6.86944580078125	5.929350852966309
8	434	spreads	14.77239990234375	14.763175010681152	13.001063346862793	12.586376190185547
8	435	only	7.288575649261475	6.696008682250977	6.170368194580078	5.784065246582031
8	436	through	5.937681674957275	3.1514344215393066	3.5039422512054443	3.182896614074707
8	437	buds,	14.754144668579102	15.362613677978516	12.16930866241455	11.791288375854492
8	438	not	5.754486560821533	5.0769944190979	3.399815559387207	2.980191230773926
8	439	seeds,	15.385743141174316	5.874476432800293	5.240054607391357	3.9380033016204834
8	440	and	2.0121941566467285	2.379987955093384	2.165632486343384	1.6075785160064697
8	441	so	5.790785789489746	5.130414009094238	4.005525588989258	3.863898277282715
8	442	cultivating	13.650959014892578	13.13202953338623	11.58548355102539	11.435423851013184
8	443	the	2.1597557067871094	2.2536003589630127	1.9387884140014648	1.9021683931350708
8	444	most	5.204439640045166	5.115556716918945	5.957113265991211	6.031172752380371
8	445	appealing	9.071273803710938	7.774593353271484	7.459217071533203	7.131045341491699
8	446	varieties	10.628159523010254	9.74860954284668	9.377483367919922	6.19276237487793
8	447	takes	10.038079261779785	9.367212295532227	9.489046096801758	10.416513442993164
8	448	years.	10.444454193115234	10.302741050720215	7.510646820068359	7.437133312225342
8	449	Propagation	13.44484806060791	13.024009704589844	10.182531356811523	9.438699722290039
8	450	is	4.375260353088379	2.636275053024292	1.7948708534240723	1.19808828830719
8	451	greatly	8.264185905456543	7.635375022888184	6.707696914672852	6.794033050537109
8	452	slowed	8.878292083740234	7.314344882965088	4.346024990081787	4.74899959564209
8	453	down	0.9694848656654358	2.1950020790100098	1.097858190536499	1.6027307510375977
8	454	by	3.8758883476257324	2.4472169876098633	2.256715774536133	1.0342867374420166
8	455	the	1.6374341249465942	1.2553043365478516	1.1777870655059814	0.9886367321014404
8	456	virus.	11.430940628051758	10.221322059631348	10.242247581481934	9.82829475402832
8	457	Tulips	16.533798217773438	16.684356689453125	16.544374465942383	15.232022285461426
8	458	bloom	7.020200252532959	6.541292190551758	6.217023849487305	6.213860034942627
8	459	in	2.5919392108917236	1.1311687231063843	1.1114362478256226	1.160035252571106
8	460	April	7.404791831970215	6.9307661056518555	4.63739538192749	5.096428871154785
8	461	and	3.7783851623535156	2.8503217697143555	0.8928958177566528	0.6508932709693909
8	462	May	10.001176834106445	2.5244646072387695	1.7233662605285645	2.1779258251190186
8	463	for	6.236283302307129	5.080071449279785	4.11442232131958	4.593059062957764
8	464	about	6.434113502502441	6.014039039611816	5.723781585693359	4.971066474914551
8	465	a	3.3069329261779785	2.1082863807678223	1.6218458414077759	1.8106061220169067
8	466	week,	8.220492362976074	6.211838245391846	3.7237749099731445	3.343095302581787
8	467	and	2.3037257194519043	1.9014848470687866	1.648352861404419	1.5485526323318481
8	468	the	2.795388698577881	2.47251033782959	2.7583487033843994	2.7504730224609375
8	469	secondary	8.844062805175781	8.455451965332031	9.451872825622559	9.214759826660156
8	470	buds	12.711588859558105	12.019930839538574	11.77242660522461	11.712185859680176
8	471	appear	8.276589393615723	6.417510032653809	5.790899276733398	5.214906692504883
8	472	shortly	9.167146682739258	7.439865589141846	7.015709400177002	7.226085662841797
8	473	thereafter.	5.509836673736572	4.288620471954346	3.997750759124756	3.8001909255981445
8	474	Bulbs	13.783960342407227	15.388042449951172	14.473782539367676	9.211639404296875
8	475	can	4.329591751098633	3.8393490314483643	4.086032390594482	3.5845110416412354
8	476	be	1.3615357875823975	0.493732213973999	0.4387722313404083	0.5501778721809387
8	477	uprooted	12.178183555603027	12.215209007263184	11.48278522491455	10.511032104492188
8	478	and	2.5146751403808594	1.4333152770996094	1.4848440885543823	1.2224383354187012
8	479	moved	8.819305419921875	3.164320945739746	2.165696620941162	2.656581401824951
8	480	about	5.518074989318848	5.7953996658325195	5.504928112030029	5.787513732910156
8	481	from	7.5397820472717285	4.3228302001953125	4.403246879577637	4.315352916717529
8	482	June	8.003931999206543	7.677478313446045	10.129593849182129	9.122949600219727
8	483	to	4.955361366271973	2.0113887786865234	1.4553571939468384	0.9280431270599365
8	484	September,	12.946598052978516	3.94120454788208	3.15783953666687	2.99147629737854
8	485	and	2.718126058578491	2.5774974822998047	2.0021250247955322	1.9330354928970337
8	486	thus	6.244454383850098	6.492695331573486	5.929414749145508	6.36453914642334
8	487	actual	11.751200675964355	9.715188980102539	9.973155975341797	9.610490798950195
8	488	purchases	10.720011711120605	9.811223983764648	8.295973777770996	6.788021564483643
8	489	occurred	8.352686882019043	7.386903762817383	6.377193927764893	6.804692268371582
8	490	during	3.183666229248047	3.080212354660034	2.800786256790161	2.9355461597442627
8	491	these	5.843520164489746	5.542391777038574	6.041171073913574	5.106034278869629
8	492	months.	10.290155410766602	5.966726303100586	5.73901891708374	3.922327995300293
8	493	As	4.693649768829346	4.384343147277832	4.207402229309082	4.3311448097229
8	494	the	2.511078119277954	2.2915868759155273	2.258944034576416	2.1279423236846924
8	495	flowers	9.84286117553711	9.200115203857422	8.855569839477539	8.05850887298584
8	496	grew	7.372509479522705	6.975480079650879	4.550411224365234	5.909633636474609
8	497	in	3.666994333267212	1.7176918983459473	2.2035508155822754	2.9156103134155273
8	498	popularity,	12.39865779876709	4.58727502822876	10.847986221313477	10.180994987487793
8	499	professional	9.3176908493042	9.824020385742188	9.376890182495117	9.982667922973633
8	500	growers	10.024608612060547	9.317145347595215	9.088750839233398	7.9232177734375
8	501	paid	7.386089324951172	8.765390396118164	8.558124542236328	8.851027488708496
8	502	higher	7.623884201049805	4.407993316650391	5.034783363342285	6.417403221130371
8	503	and	3.9383835792541504	4.834145545959473	5.329923152923584	5.515847206115723
8	504	higher	7.938307762145996	2.194943904876709	2.5112857818603516	0.7063231468200684
8	505	prices	5.83273458480835	5.432004451751709	4.915196895599365	2.9557032585144043
8	506	for	2.4651918411254883	1.5943161249160767	1.3085330724716187	1.2270079851150513
8	507	bulbs	13.810226440429688	10.99278450012207	11.047357559204102	11.187021255493164
8	508	with	4.081608295440674	3.7031917572021484	4.9868879318237305	5.0189924240112305
8	509	the	1.7724734544754028	2.37664794921875	2.9828908443450928	2.3243892192840576
8	510	virus.	11.430940628051758	9.854296684265137	12.908697128295898	12.195429801940918
8	511	By	5.655088424682617	5.635781764984131	5.712429046630859	5.6811065673828125
8	512	sixteen	11.524133682250977	11.798223495483398	12.265758514404297	12.054972648620605
8	513	thirty-four,	15.513253211975098	12.576921463012695	13.31689167022705	13.083827018737793
8	514	in	4.137241840362549	4.1762919425964355	5.0735344886779785	5.070216655731201
8	515	part	6.308739185333252	6.712499141693115	7.237258434295654	7.431116580963135
8	516	as	5.624212265014648	3.969468355178833	3.8480064868927	3.7167088985443115
8	517	a	1.974064588546753	1.7264689207077026	2.470705270767212	0.2833575904369354
8	518	result	6.273375988006592	3.31756591796875	2.7787885665893555	1.1704908609390259
8	519	of	0.9359511733055115	0.19477325677871704	0.1151813268661499	0.04808804392814636
8	520	demand	10.325302124023438	10.512674331665039	10.316329956054688	10.278817176818848
8	521	from	4.2701897621154785	4.230736255645752	2.6778476238250732	2.359281063079834
8	522	the	1.3691444396972656	1.388144850730896	1.5680721998214722	1.5428105592727661
8	523	French,	10.805584907531738	9.768372535705566	8.676946640014648	8.818536758422852
8	524	speculators	16.096803665161133	14.03931713104248	14.615147590637207	11.548155784606934
8	525	began	6.32335090637207	4.957342624664307	4.62172794342041	4.479613780975342
8	526	to	1.1736726760864258	0.6325370073318481	0.6608201265335083	0.6393609046936035
8	527	enter	7.592853546142578	6.988010406494141	5.442678451538086	5.61224365234375
8	528	the	1.1571930646896362	1.150223970413208	0.741614043712616	0.2786288857460022
8	529	market.	9.504616737365723	6.990913391113281	6.627234935760498	6.376560211181641
8	530	In	3.3024396896362305	3.1696019172668457	3.089444875717163	2.992953300476074
8	531	sixteen	11.573844909667969	11.919282913208008	11.891365051269531	12.279411315917969
8	532	thirty-six,	15.85036849975586	10.314061164855957	9.656767845153809	9.612882614135742
8	533	the	3.5644567012786865	3.191415548324585	2.035749673843384	1.6536331176757812
8	534	Dutch	9.56324577331543	8.500412940979004	8.246088027954102	6.755980968475342
8	535	created	10.610095024108887	10.15168285369873	9.543877601623535	9.183018684387207
8	536	a	1.7816452980041504	1.9687864780426025	1.1832432746887207	0.8622912764549255
8	537	type	7.69011116027832	7.5925822257995605	6.793112754821777	6.6706366539001465
8	538	of	0.8737900853157043	0.6665218472480774	0.6610193252563477	0.15126533806324005
8	539	formal	10.321149826049805	9.059235572814941	8.169210433959961	8.499279022216797
8	540	futures	14.796565055847168	11.713618278503418	12.161088943481445	12.120475769042969
8	541	markets,	7.196329593658447	4.140759468078613	3.2945127487182617	4.6207051277160645
8	542	which	3.7846431732177734	3.207104206085205	3.0204126834869385	2.943535804748535
8	543	merchants	12.636129379272461	11.267366409301758	12.016849517822266	11.3015775680542
8	544	used	6.792214870452881	4.760727882385254	4.278139591217041	4.090902328491211
8	545	to	1.3424142599105835	1.063541293144226	0.6761108040809631	0.37209534645080566
8	546	sell	7.065740585327148	7.436521053314209	3.272136926651001	3.783541202545166
8	547	and	3.6585357189178467	4.077598571777344	4.25005578994751	4.431364059448242
8	548	buy	9.151931762695312	2.8126089572906494	3.212404489517212	3.4136462211608887
8	549	contracts	10.111451148986816	10.599617004394531	8.08733081817627	6.6399922370910645
8	550	to	2.789628505706787	2.3612871170043945	2.530155897140503	2.9091222286224365
8	551	buy	6.826114177703857	3.789998769760132	2.1578283309936523	3.1247146129608154
8	552	bulbs	12.236821174621582	11.326183319091797	10.897785186767578	11.527833938598633
8	553	at	4.556909084320068	2.9385857582092285	2.4770946502685547	2.6942245960235596
8	554	the	1.4987046718597412	1.2949994802474976	1.6911383867263794	1.3008613586425781
8	555	end	5.919619560241699	3.120969772338867	3.167799711227417	3.5959572792053223
8	556	of	0.7094355821609497	0.17089146375656128	0.0737757757306099	0.05299636349081993
8	557	the	1.4737688302993774	0.5961944460868835	0.676209568977356	0.6998037099838257
8	558	season.	9.656416893005371	8.514466285705566	5.693617820739746	5.444091796875
8	559	Traders	12.709534645080566	13.459903717041016	13.588907241821289	14.001562118530273
8	560	met	8.593036651611328	8.28598403930664	8.556203842163086	8.72833251953125
8	561	at	3.984269618988037	1.810563564300537	2.11149525642395	2.1143667697906494
8	562	taverns	16.35618019104004	12.826595306396484	11.323446273803711	13.120203018188477
8	563	and	1.3112610578536987	0.8599593639373779	0.9547280073165894	1.0559614896774292
8	564	buyers	11.943954467773438	12.282705307006836	13.155427932739258	13.909652709960938
8	565	were	4.528463840484619	4.029892921447754	3.9581844806671143	3.8631927967071533
8	566	required	7.276784420013428	4.8011860847473145	5.017227649688721	5.435990810394287
8	567	to	1.3370468616485596	0.331102192401886	0.05934420973062515	0.04207688942551613
8	568	pay	6.375787734985352	4.68297004699707	3.7088098526000977	2.5309572219848633
8	569	a	2.91460919380188	2.8902182579040527	2.34336256980896	2.117525815963745
8	570	fee	9.036234855651855	3.5253548622131348	3.6278676986694336	2.86875057220459
8	571	per	5.6530537605285645	5.9239821434021	5.128838539123535	5.630189418792725
8	572	trade.	9.912012100219727	9.798357009887695	7.8659868240356445	8.607823371887207
8	573	People	6.5870866775512695	7.965198516845703	7.812066555023193	7.490288257598877
8	574	were	4.742983818054199	3.334341526031494	3.7549984455108643	3.9448788166046143
8	575	purchasing	11.807535171508789	9.553818702697754	8.159419059753418	8.0048246383667
8	576	bulbs	11.771808624267578	11.127655029296875	10.870416641235352	11.02415943145752
8	577	at	4.556909084320068	2.940946340560913	2.469583749771118	2.611961603164673
8	578	higher	6.550984859466553	6.348031520843506	7.296267986297607	6.200788974761963
8	579	and	3.9383835792541504	5.585803031921387	5.1194376945495605	4.658751010894775
8	580	higher	7.938307762145996	2.194943904876709	0.8709821105003357	1.2551119327545166
8	581	prices,	7.6297407150268555	7.30326509475708	6.256911754608154	6.349451541900635
8	582	intending	11.738940238952637	12.249462127685547	12.374383926391602	12.464902877807617
8	583	to	0.22181707620620728	0.20633502304553986	0.22791022062301636	0.227082297205925
8	584	re-sell	14.312990188598633	11.016669273376465	8.449949264526367	7.561372756958008
8	585	them	2.9346232414245605	2.9466733932495117	2.5481319427490234	1.1373863220214844
8	586	for	3.9792678356170654	2.344550609588623	2.516132354736328	2.4800448417663574
8	587	a	2.5906777381896973	2.142604351043701	1.3225219249725342	1.3020085096359253
8	588	profit.	11.116988182067871	10.041447639465332	8.793622970581055	1.6720004081726074
8	589	However,	4.633230686187744	4.733412265777588	4.868566513061523	4.993398666381836
8	590	such	5.005299091339111	5.217464447021484	5.421603202819824	5.283106327056885
8	591	a	1.9738807678222656	1.6983981132507324	1.6899936199188232	1.7003369331359863
8	592	scheme	9.39509391784668	6.522831916809082	4.822277069091797	4.302969455718994
8	593	could	5.999268531799316	6.74320125579834	3.826646327972412	3.7743611335754395
8	594	not	2.338412284851074	2.627991199493408	3.064851760864258	2.7501001358032227
8	595	last	7.983277797698975	7.9265031814575195	6.919917583465576	7.021831035614014
8	596	unless	11.720094680786133	8.254953384399414	6.100642204284668	5.928449630737305
8	597	someone	5.479674339294434	5.0663886070251465	4.7326860427856445	5.177495956420898
8	598	was	4.408567428588867	4.2730231285095215	4.702385902404785	4.225489616394043
8	599	ultimately	8.860006332397461	10.276531219482422	9.911874771118164	10.05987548828125
8	600	willing	8.376311302185059	7.3791913986206055	5.7886152267456055	3.4219753742218018
8	601	to	0.11091888695955276	0.07709404081106186	0.0356222465634346	0.044071730226278305
8	602	pay	6.375787734985352	2.773651123046875	3.044315814971924	3.0546059608459473
8	603	such	7.592275619506836	6.000361442565918	6.599218368530273	6.413123607635498
8	604	high	6.442749977111816	6.648854732513428	6.898923397064209	3.4089136123657227
8	605	prices	5.629196643829346	4.953125953674316	2.318643569946289	2.0240890979766846
8	606	and	2.1741943359375	2.0888173580169678	2.437044858932495	3.0988833904266357
8	607	take	6.991990566253662	6.842731475830078	7.039003372192383	6.855962753295898
8	608	possession	7.600215435028076	6.330992221832275	6.70542573928833	6.731600761413574
8	609	of	0.43604177236557007	0.15538160502910614	0.11541534960269928	0.18443922698497772
8	610	the	1.4737688302993774	1.1377116441726685	0.8011097311973572	0.8661158084869385
8	611	bulbs.	15.048160552978516	14.114642143249512	14.175992012023926	13.862062454223633
8	612	In	3.4075160026550293	3.643394947052002	3.321281671524048	3.2862701416015625
8	613	February	6.783546447753906	7.717193603515625	7.411101818084717	7.805536270141602
8	614	sixteen	13.103022575378418	13.021525382995605	12.357843399047852	12.206668853759766
8	615	thirty-seven,	15.249235153198242	10.156378746032715	7.120184421539307	9.804258346557617
8	616	tulip	15.874677658081055	15.31164264678955	15.289432525634766	16.860485076904297
8	617	traders	8.853324890136719	7.9443254470825195	7.681221008300781	6.308054447174072
8	618	could	5.682106971740723	4.730123519897461	5.058706283569336	4.8857622146606445
8	619	no	6.128410816192627	5.590946197509766	4.577027797698975	3.773115396499634
8	620	longer	2.3771049976348877	0.09899600595235825	0.026734117418527603	0.027566762641072273
8	621	find	6.883472442626953	6.755021095275879	4.2434258460998535	4.1175856590271
8	622	new	6.074890613555908	6.430341720581055	5.987906455993652	6.677925109863281
8	623	buyers	14.3748779296875	7.310096740722656	5.238619804382324	5.4439005851745605
8	624	willing	9.541065216064453	6.626221179962158	5.640786170959473	4.994291305541992
8	625	to	0.11091888695955276	0.08283588290214539	0.035063475370407104	0.012890503741800785
8	626	pay	6.375787734985352	2.773651123046875	0.9186503887176514	0.9258984923362732
8	627	increasingly	11.682792663574219	10.827374458312988	10.140511512756348	8.759891510009766
8	628	inflated	11.440143585205078	8.706028938293457	7.04420280456543	6.9772868156433105
8	629	prices	5.909002304077148	4.395929336547852	1.5930628776550293	1.2128651142120361
8	630	for	2.4651918411254883	1.9709727764129639	1.4707645177841187	0.5156663656234741
8	631	their	4.595205307006836	4.108665466308594	3.5215492248535156	4.021631717681885
8	632	bulbs.	14.121522903442383	14.397523880004883	11.638910293579102	11.418107986450195
8	633	As	4.479022026062012	4.4073052406311035	4.446674346923828	4.131476879119873
8	634	this	5.056879043579102	5.033675193786621	5.040425777435303	5.0386247634887695
8	635	realization	11.786346435546875	10.324247360229492	9.625398635864258	10.151885032653809
8	636	set	8.907816886901855	7.594345569610596	5.632479667663574	3.9865000247955322
8	637	in,	7.355271339416504	4.774102687835693	2.1491079330444336	0.1605980545282364
8	638	the	2.9817776679992676	2.291841983795166	2.0331830978393555	2.3911712169647217
8	639	demand	9.050233840942383	8.738678932189941	8.983871459960938	8.039481163024902
8	640	for	1.171530842781067	0.7385960817337036	0.5392260551452637	0.4693722724914551
8	641	tulips	15.479867935180664	13.015878677368164	13.4661226272583	12.146748542785645
8	642	collapsed,	12.379834175109863	14.319828033447266	9.199570655822754	9.236254692077637
8	643	and	1.6610279083251953	1.733208179473877	1.5215426683425903	1.4126086235046387
8	644	prices	10.027960777282715	9.495207786560059	9.54578971862793	8.017746925354004
8	645	plummeted.	13.64246654510498	8.634679794311523	3.956484794616699	3.3557071685791016
8	646	The	2.0004401206970215	2.056931972503662	2.009453773498535	1.9049456119537354
8	647	speculative	11.906365394592285	10.889002799987793	9.765113830566406	8.706318855285645
8	648	bubble	9.801651000976562	5.6221604347229	1.342640995979309	1.494110107421875
8	649	burst.	8.743724822998047	5.521158218383789	6.050049304962158	3.4612855911254883
8	650	Some	5.538815498352051	5.387717247009277	5.268429756164551	5.289000988006592
8	651	were	5.265146255493164	3.8531508445739746	4.055990219116211	4.502799034118652
8	652	left	6.626176834106445	5.822704792022705	6.092033386230469	5.356505393981934
8	653	holding	9.577083587646484	6.662540435791016	6.508523941040039	6.4560041427612305
8	654	contracts	10.389225006103516	11.042736053466797	9.320877075195312	8.692520141601562
8	655	to	2.789628505706787	2.562098741531372	1.987683653831482	2.072108030319214
8	656	purchase	8.125977516174316	4.627427101135254	4.029780387878418	5.762767791748047
8	657	tulips	15.959218978881836	12.016977310180664	11.391837120056152	11.147311210632324
8	658	at	4.300861835479736	3.3806052207946777	2.9294044971466064	3.6065237522125244
8	659	prices	10.051856994628906	9.245434761047363	7.5155181884765625	6.998250961303711
8	660	now	7.690415382385254	7.458034515380859	7.952115058898926	7.7320685386657715
8	661	ten	9.062945365905762	11.21096134185791	7.3616790771484375	6.805256366729736
8	662	times	3.279181718826294	3.204914093017578	0.955590009689331	0.6511008143424988
8	663	greater	4.251204013824463	3.790104389190674	3.8899378776550293	3.9378998279571533
8	664	than	1.5038812160491943	0.37096336483955383	0.30743342638015747	0.16591361165046692
8	665	those	4.4344587326049805	4.818820953369141	2.677426338195801	2.86430287361145
8	666	on	5.377808570861816	4.347884178161621	5.09360408782959	4.94940185546875
8	667	the	1.213181972503662	1.1284480094909668	0.9796673059463501	0.9977789521217346
8	668	open	7.9783525466918945	7.6918864250183105	7.214588165283203	6.440677642822266
8	669	market,	8.354045867919922	5.393697261810303	2.8490962982177734	2.513654947280884
8	670	while	5.376328945159912	5.159775257110596	5.0286054611206055	4.934731483459473
8	671	others	4.1805853843688965	3.3142895698547363	3.332369804382324	3.34088134765625
8	672	found	6.807421684265137	6.0415425300598145	6.406200408935547	6.474545955657959
8	673	themselves	5.312823295593262	3.7376489639282227	4.4957075119018555	3.029374837875366
8	674	in	2.5297889709472656	1.4590470790863037	1.5982418060302734	1.7043485641479492
8	675	possession	9.144336700439453	7.687437057495117	4.171052932739258	5.082342624664307
8	676	of	0.43604177236557007	0.2147141993045807	0.1195400282740593	0.053690455853939056
8	677	bulbs	12.909229278564453	14.82027530670166	14.069536209106445	13.53608512878418
8	678	now	7.3382158279418945	8.194360733032227	8.151727676391602	8.6433687210083
8	679	worth	8.85931396484375	8.284442901611328	7.2404327392578125	6.13748836517334
8	680	a	2.860929489135742	2.8152475357055664	3.0277304649353027	2.7972288131713867
8	681	fraction	7.953815937042236	6.745284080505371	4.593680381774902	3.853950262069702
8	682	of	0.4801067113876343	0.11565690487623215	0.1017783135175705	0.06418457627296448
8	683	the	1.4737688302993774	0.9610832929611206	0.7648419141769409	1.1122664213180542
8	684	price	7.845015525817871	8.979043960571289	6.680599212646484	3.8216793537139893
8	685	they	7.546563148498535	5.41340446472168	4.9260172843933105	3.9582228660583496
8	686	had	3.64829683303833	4.190982818603516	4.1366071701049805	3.9592983722686768
8	687	paid.	11.285805702209473	10.421794891357422	4.163809776306152	4.001119136810303
8	688	The	2.2477526664733887	2.137127161026001	1.9659652709960938	1.8799666166305542
8	689	event	8.097898483276367	8.300532341003418	8.345401763916016	8.478558540344238
8	690	was	3.9326858520507812	1.6701860427856445	1.524580478668213	1.1131339073181152
8	691	popularized	11.751233100891113	9.686235427856445	9.650856971740723	10.728144645690918
8	692	in	2.0828804969787598	1.694629192352295	1.786917805671692	1.6592633724212646
8	693	eighteen	10.936707496643066	12.742279052734375	12.428648948669434	12.393705368041992
8	694	forty-one	13.62705135345459	10.778698921203613	7.166473388671875	7.03027868270874
8	695	by	7.194579601287842	6.841364860534668	3.625584602355957	0.6291720271110535
8	696	the	1.6374341249465942	2.315276861190796	2.3023221492767334	1.3355355262756348
8	697	book	8.179461479187012	9.170085906982422	9.039531707763672	9.080732345581055
8	698	'Extraordinary	15.219013214111328	15.368501663208008	16.482385635375977	16.426057815551758
8	699	Popular	3.8242223262786865	2.251814603805542	1.6648304462432861	1.2432103157043457
8	700	Delusions	11.842042922973633	0.08340573310852051	0.07927233725786209	0.043871909379959106
8	701	and	1.5030983686447144	1.0309698581695557	0.01958196610212326	0.04045325145125389
8	702	the	2.795388698577881	3.014394521713257	0.7602659463882446	0.011027575470507145
8	703	Madness	13.698137283325195	13.52661418914795	4.362089157104492	1.181972861289978
8	704	of	2.972411632537842	0.8283817768096924	1.0651795864105225	0.03717393800616264
8	705	Crowds',	21.264860153198242	10.013401985168457	7.440865993499756	7.735001564025879
8	706	that	6.063006401062012	5.975085258483887	5.628226280212402	5.756841659545898
8	707	a	3.9856972694396973	4.8193535804748535	4.573515892028809	4.383613586425781
8	708	British	8.060659408569336	8.294733047485352	6.341531276702881	7.380387306213379
8	709	journalist	6.7852654457092285	5.052099227905273	4.973076343536377	4.150432586669922
8	710	Charles	7.796915054321289	6.080984115600586	9.58031177520752	10.117439270019531
8	711	Mackay	9.300321578979492	7.235655307769775	5.356621265411377	6.103320121765137
8	712	wrote.	8.877967834472656	9.131895065307617	8.649171829223633	8.483749389648438
8	713	That	5.570755958557129	5.825346946716309	5.444187641143799	5.646550178527832
8	714	crowds	12.414557456970215	13.289627075195312	12.967643737792969	12.374604225158691
8	715	of	2.1922550201416016	1.9981474876403809	1.9755449295043945	2.5846548080444336
8	716	people	6.198978900909424	2.1047730445861816	1.752199649810791	1.6488395929336548
8	717	often	6.155087471008301	7.558206558227539	7.499303340911865	5.608020305633545
8	718	behave	9.416707038879395	7.649144649505615	7.483384609222412	9.248963356018066
8	719	irrationally	11.495593070983887	6.575545310974121	3.8777050971984863	3.628631591796875
8	720	was	7.325126647949219	7.082612991333008	9.343854904174805	9.701446533203125
8	721	the	3.2400004863739014	2.734088659286499	2.760366439819336	2.836103677749634
8	722	main	6.709332466125488	5.1073760986328125	6.09199857711792	4.469082832336426
8	723	thesis	8.76130485534668	8.644725799560547	9.13620376586914	7.468372821807861
8	724	of	2.5261168479919434	0.9004955291748047	0.588935375213623	0.4436834156513214
8	725	the	1.4737688302993774	1.2663090229034424	1.1504831314086914	1.0373823642730713
8	726	book,	9.69866943359375	8.815228462219238	4.686772346496582	3.4911487102508545
8	727	and	2.786726474761963	2.3836562633514404	2.4208710193634033	2.719297409057617
8	728	tulip	15.970783233642578	16.313365936279297	17.119699478149414	17.31507110595703
8	729	mania	6.36531925201416	6.466619968414307	4.791805267333984	3.7167110443115234
8	730	was	3.6477835178375244	3.032879590988159	3.3430662155151367	2.3270742893218994
8	731	one	5.152233600616455	5.5384321212768555	4.736281871795654	4.773955345153809
8	732	of	1.3370164632797241	0.3030455708503723	0.361238032579422	0.26634326577186584
8	733	the	1.4737688302993774	0.554715633392334	0.4768620729446411	0.6703210473060608
8	734	primary	7.146694183349609	7.352579116821289	6.232213973999023	5.951210975646973
8	735	examples.	12.647490501403809	13.476241111755371	14.05004596710205	9.72386646270752
8	736	According	7.0597662925720215	6.3456830978393555	6.509069442749023	6.364792823791504
8	737	to	0.018432317301630974	0.012962747365236282	0.01040058396756649	0.011708883568644524
8	738	Mackay,	16.57333755493164	13.038625717163086	12.966461181640625	12.250943183898926
8	739	at	6.440161228179932	5.903622150421143	5.823818206787109	6.258270263671875
8	740	one	5.3223700523376465	3.91900897026062	3.994894504547119	3.222537040710449
8	741	point	4.891969680786133	1.9541321992874146	1.6551638841629028	1.6531813144683838
8	742	twelve	12.350398063659668	11.060199737548828	11.747197151184082	11.813916206359863
8	743	acres	7.602560043334961	8.141984939575195	7.00163459777832	7.479473114013672
8	744	of	0.7598887085914612	0.5635817646980286	0.7632917165756226	0.701809287071228
8	745	land	8.613727569580078	1.6705855131149292	1.4812430143356323	1.6742275953292847
8	746	were	6.491425514221191	5.185582637786865	4.2687883377075195	3.990199565887451
8	747	offered	8.176270484924316	7.390874862670898	6.290750026702881	5.452263355255127
8	748	for	3.9426369667053223	3.6385865211486816	1.7202239036560059	1.320522665977478
8	749	a	2.5906777381896973	2.847377300262451	2.9854650497436523	4.1410722732543945
8	750	Semper	17.351940155029297	17.079971313476562	17.10136604309082	17.416223526000977
8	751	Augustus	4.5099945068359375	3.364988327026367	3.4502527713775635	3.650700807571411
8	752	bulb.	15.276416778564453	15.540914535522461	14.246760368347168	12.974929809570312
8	753	He	4.214306354522705	3.2370686531066895	3.9634439945220947	3.955868721008301
8	754	claims	7.795605659484863	7.1626787185668945	7.0755815505981445	6.814472675323486
8	755	that	2.1021628379821777	0.6067700982093811	0.9462865591049194	0.8139482140541077
8	756	many	5.810966968536377	6.300388813018799	6.502973556518555	6.135249137878418
8	757	such	7.188251495361328	6.62363338470459	6.1081156730651855	5.7734198570251465
8	758	investors	11.331311225891113	9.303186416625977	7.800266265869141	7.3750104904174805
8	759	ruined	12.594232559204102	12.293190956115723	11.251035690307617	13.122298240661621
8	760	by	2.436128616333008	2.9847021102905273	3.648594856262207	2.266794204711914
8	761	the	1.6374341249465942	1.184738278388977	1.2484495639801025	1.2859195470809937
8	762	fall	8.228659629821777	8.396758079528809	6.030602931976318	5.367336750030518
8	763	in	2.4305596351623535	3.7261970043182373	2.996722936630249	3.5449986457824707
8	764	prices	11.244685173034668	6.418063640594482	4.378938674926758	4.235739231109619
8	765	were	4.00296688079834	4.8276166915893555	5.751384735107422	4.9139509201049805
8	766	desperate,	13.410786628723145	11.773890495300293	12.364864349365234	13.166908264160156
8	767	and	1.9766161441802979	1.57859206199646	1.346156120300293	1.32936692237854
8	768	Dutch	10.607392311096191	12.770832061767578	12.41756820678711	10.58694076538086
8	769	commerce	10.10942554473877	10.52204704284668	9.36037540435791	8.392480850219727
8	770	suffered	9.784502983093262	7.914241790771484	7.174041748046875	4.1308183670043945
8	771	a	1.7567678689956665	1.8477858304977417	1.650819182395935	1.8286941051483154
8	772	severe	8.598257064819336	3.3461852073669434	3.6245317459106445	1.9036366939544678
8	773	shock.	10.071395874023438	8.026883125305176	7.173649787902832	6.082483291625977
8	774	In	3.2555627822875977	3.189732074737549	3.2918286323547363	3.389322280883789
8	775	Mackay's	16.535430908203125	16.38312339782715	15.675715446472168	15.258759498596191
8	776	account,	7.536896705627441	4.796163558959961	5.03958797454834	5.565768241882324
8	777	the	2.6068501472473145	2.1913087368011475	1.2328441143035889	1.1965399980545044
8	778	panicked	14.552494049072266	13.149213790893555	11.758600234985352	12.661391258239746
8	779	tulip	14.614156723022461	13.442983627319336	12.881117820739746	13.17445182800293
8	780	speculators	11.87651538848877	11.67132568359375	12.578163146972656	9.162378311157227
8	781	sought	7.841836929321289	7.846327304840088	7.418065547943115	7.844451904296875
8	782	help	7.140807151794434	8.719161987304688	6.688417911529541	5.469365119934082
8	783	from	4.6649556159973145	0.9649765491485596	0.5318872332572937	0.39620429277420044
8	784	the	1.3691444396972656	1.549961805343628	1.5010898113250732	1.127530813217163
8	785	government	6.697370529174805	7.453952789306641	5.11992073059082	5.316136360168457
8	786	of	3.2953412532806396	2.5311288833618164	2.0532524585723877	2.5298681259155273
8	787	the	1.4737688302993774	1.4766091108322144	1.5865943431854248	1.6343011856079102
8	788	Netherlands,	9.915506362915039	10.611870765686035	6.331063747406006	6.0270891189575195
8	789	which	3.8259077072143555	3.7364468574523926	3.6007771492004395	2.7976255416870117
8	790	responded	10.065255165100098	8.357443809509277	8.721976280212402	8.833683967590332
8	791	by	2.1993567943573	3.0898332595825195	2.0191259384155273	1.7466542720794678
8	792	declaring	8.915163040161133	5.437787055969238	4.715456008911133	4.498743534088135
8	793	that	1.571461796760559	1.5815231800079346	0.854225754737854	1.3062446117401123
8	794	anyone	8.065234184265137	7.029524326324463	6.4327592849731445	6.744037628173828
8	795	who	1.8226505517959595	1.6344832181930542	0.6062120795249939	0.4724823236465454
8	796	had	3.1637158393859863	3.6950392723083496	3.397157669067383	3.8650481700897217
8	797	bought	7.428677082061768	6.293700695037842	5.891584873199463	5.762864112854004
8	798	contracts	10.899381637573242	10.642581939697266	9.447728157043457	10.503134727478027
8	799	to	2.789628505706787	2.1090211868286133	1.7356343269348145	1.9182460308074951
8	800	purchase	8.125977516174316	4.627427101135254	3.9433982372283936	4.391849994659424
8	801	bulbs	12.229635238647461	11.257695198059082	11.168922424316406	11.32145881652832
8	802	in	2.846597194671631	2.397934675216675	2.663343906402588	3.0779640674591064
8	803	the	1.3686838150024414	1.2066917419433594	1.5282185077667236	1.5925068855285645
8	804	future	7.167830944061279	6.441192150115967	7.324557781219482	4.137677192687988
8	805	could	7.622682571411133	6.055978298187256	5.161667823791504	4.6116108894348145
8	806	void	12.538928985595703	12.00303840637207	11.812383651733398	10.375014305114746
8	807	their	12.279404640197754	3.9875080585479736	3.6969614028930664	3.646453619003296
8	808	contract	7.947158336639404	6.204619884490967	3.8436737060546875	4.446018218994141
8	809	by	4.350885391235352	4.373888969421387	2.3661839962005615	3.636061906814575
8	810	payment	10.65137767791748	8.370208740234375	9.231156349182129	9.676006317138672
8	811	of	1.4552297592163086	0.6396315097808838	0.736781120300293	0.5855182409286499
8	812	a	3.1972079277038574	2.577873945236206	1.7709829807281494	1.8798282146453857
8	813	ten	9.64637565612793	10.132137298583984	7.458363056182861	7.055351734161377
8	814	percent	4.373844623565674	2.5615737438201904	3.226137161254883	0.8140119314193726
8	815	fee.	12.446223258972168	9.995028495788574	7.969089508056641	7.541571617126465
8	816	Attempts	9.977746963500977	10.464582443237305	10.717086791992188	10.758258819580078
8	817	that	6.067865371704102	7.283657550811768	7.385364532470703	7.541153430938721
8	818	were	5.481668472290039	3.1374969482421875	2.9097299575805664	3.162355899810791
8	819	made	5.349676132202148	4.88767671585083	1.3922697305679321	1.709721326828003
8	820	to	3.1120238304138184	2.129939556121826	2.6277010440826416	0.3981581926345825
8	821	resolve	8.313311576843262	6.925243854522705	6.9498395919799805	7.561031341552734
8	822	the	1.0781068801879883	1.1877288818359375	0.9422940611839294	0.9305517673492432
8	823	situation	7.549480438232422	5.438837051391602	5.514466285705566	5.657788276672363
8	824	to	3.8861429691314697	3.7419018745422363	3.564666748046875	3.563629627227783
8	825	the	2.180013418197632	2.438967704772949	1.905813217163086	1.2250425815582275
8	826	satisfaction	10.557584762573242	8.850932121276855	7.252639293670654	7.0121026039123535
8	827	of	1.420297622680664	0.3595106899738312	0.036494605243206024	0.02749963477253914
8	828	all	5.33061408996582	3.6083037853240967	4.038764476776123	3.3885364532470703
8	829	parties	7.299591064453125	7.168115615844727	2.1846656799316406	3.006206512451172
8	830	were	3.979994058609009	3.83454966545105	4.488556861877441	6.915395259857178
8	831	unsuccessful.	11.59853744506836	9.114980697631836	9.325363159179688	8.486909866333008
8	832	The	2.2216670513153076	1.941378116607666	1.7343204021453857	1.6308929920196533
8	833	mania	14.321724891662598	13.32613754272461	14.242042541503906	15.788636207580566
8	834	finally	10.005460739135742	8.616064071655273	6.848161697387695	6.94233512878418
8	835	ended,	7.731884002685547	5.502002239227295	5.348780155181885	5.324457168579102
8	836	Mackay	12.582167625427246	12.923652648925781	12.841835021972656	14.527044296264648
8	837	says,	7.73130464553833	6.4299139976501465	7.064964771270752	7.415000915527344
8	838	with	4.791100978851318	4.694893836975098	5.064157485961914	4.188122749328613
8	839	individuals	8.840849876403809	12.150723457336426	10.604793548583984	9.596273422241211
8	840	stuck	11.493563652038574	11.765727996826172	8.478511810302734	8.046201705932617
8	841	with	1.8583372831344604	1.9657797813415527	3.2950780391693115	2.993723154067993
8	842	the	1.7724734544754028	1.6971560716629028	1.4950175285339355	2.182567834854126
8	843	bulbs	12.507243156433105	12.791397094726562	12.038259506225586	12.2467679977417
8	844	they	6.6560235023498535	5.756298065185547	5.129730224609375	3.711923599243164
8	845	held	7.601334095001221	8.575942993164062	7.212130069732666	7.571033477783203
8	846	at	3.3512167930603027	4.767595291137695	4.192734718322754	4.190020561218262
8	847	the	1.4987046718597412	1.091121792793274	1.1353877782821655	1.1479780673980713
8	848	end	5.919619560241699	3.120969772338867	4.126672744750977	2.9372847080230713
8	849	of	0.7094355821609497	0.17089146375656128	0.0737757757306099	0.027758076786994934
8	850	the	1.4737688302993774	0.5961944460868835	0.676209568977356	0.6998037099838257
8	851	crash.	12.260324478149414	11.616445541381836	11.620530128479004	12.55884838104248
8	852	No	5.584885597229004	5.353067398071289	5.429717063903809	5.574192523956299
8	853	court	8.775898933410645	8.52258586883545	8.601105690002441	8.847736358642578
8	854	would	5.43040657043457	4.2786149978637695	3.2842655181884766	4.064846992492676
8	855	enforce	9.752533912658691	6.834157466888428	5.163873672485352	5.650881767272949
8	856	payment	8.298273086547852	7.067068576812744	7.372175693511963	6.51123571395874
8	857	of	1.4552297592163086	0.46458899974823	0.6130695939064026	0.6124164462089539
8	858	a	3.1972079277038574	2.577873945236206	2.959646701812744	3.138350009918213
8	859	contract,	9.763589859008789	9.114803314208984	8.003011703491211	6.9692535400390625
8	860	since	5.857207298278809	6.286783218383789	6.2246785163879395	6.408862590789795
8	861	judges	12.10433292388916	11.031250953674316	10.513365745544434	10.252771377563477
8	862	regarded	10.27384090423584	9.38782024383545	10.629919052124023	10.65947437286377
8	863	the	2.9775302410125732	1.382110834121704	1.4140464067459106	1.4889848232269287
8	864	debts	11.678988456726074	11.37067985534668	10.650497436523438	10.331050872802734
8	865	as	4.237926006317139	5.027113914489746	1.1170681715011597	1.2068214416503906
8	866	contracted	13.058313369750977	9.649584770202637	7.98729133605957	7.869987487792969
8	867	through	4.779354572296143	4.9338836669921875	5.21319580078125	5.803888320922852
8	868	gambling,	13.538440704345703	13.293193817138672	12.565799713134766	10.170564651489258
8	869	and	2.221463441848755	2.439012289047241	2.3657326698303223	2.5351765155792236
8	870	thus	6.244454383850098	6.201571941375732	5.371067523956299	4.610621452331543
8	871	not	4.359964370727539	4.32253885269165	4.168604850769043	4.6306843757629395
8	872	enforceable	10.749429702758789	8.841144561767578	8.41258716583252	8.46923542022705
8	873	by	2.857698917388916	2.154285430908203	1.5364971160888672	1.5489599704742432
8	874	law.	9.052144050598145	4.630194664001465	5.984499931335449	5.315914154052734
8	875	Although	5.772690773010254	6.2321577072143555	6.089076042175293	5.903424263000488
8	876	Mackay's	17.11962127685547	16.968761444091797	17.204532623291016	17.156856536865234
8	877	book	5.3426833152771	5.833617210388184	7.451465129852295	7.849295616149902
8	878	is	2.814818859100342	2.554048776626587	1.4415550231933594	1.4697996377944946
8	879	a	2.231854200363159	2.017092227935791	1.7622284889221191	1.9695342779159546
8	880	classic	8.486523628234863	6.864728927612305	5.680048942565918	4.518833637237549
8	881	that	6.718571662902832	5.126716613769531	4.852972030639648	2.6738765239715576
8	882	many	5.810966968536377	5.548434257507324	4.554377555847168	4.288787841796875
8	883	publishing	11.087662696838379	11.782612800598145	11.565889358520508	11.546989440917969
8	884	houses	6.834712982177734	2.16628360748291	1.2584095001220703	0.9840644598007202
8	885	continue	8.219131469726562	6.653572082519531	6.274661064147949	5.297088146209717
8	886	reprinting	14.99465560913086	18.067989349365234	10.158042907714844	10.319378852844238
8	887	today,	10.398362159729004	10.117406845092773	9.89218521118164	11.812649726867676
8	888	his	6.435925483703613	5.952509880065918	6.594325065612793	6.795677661895752
8	889	account	8.309596061706543	7.434942245483398	4.997795581817627	5.780689716339111
8	890	is	3.7433624267578125	3.7201709747314453	1.9789000749588013	2.9534356594085693
8	891	contested.	12.791643142700195	13.299939155578613	12.234025955200195	12.672725677490234
8	892	Many	6.247457981109619	5.874322414398193	6.08571720123291	6.270334720611572
8	893	modern	7.116511821746826	6.989202499389648	6.258961200714111	6.178746223449707
8	894	scholars	9.601144790649414	3.9042787551879883	2.386723279953003	2.3734538555145264
8	895	believe	5.649334907531738	4.7234296798706055	3.158536911010742	2.851304531097412
8	896	the	2.4671285152435303	2.562436580657959	2.5627281665802	2.6187007427215576
8	897	mania	14.057906150817871	13.717263221740723	11.77619743347168	12.368573188781738
8	898	was	3.6477835178375244	4.66003942489624	3.0786564350128174	1.885542392730713
8	899	not	3.2028963565826416	2.8843982219696045	3.1020865440368652	3.617170810699463
8	900	as	5.109183311462402	4.840087890625	4.2973785400390625	3.7134861946105957
8	901	extraordinary	11.543643951416016	9.181341171264648	8.903090476989746	9.076200485229492
8	902	as	6.098137855529785	1.2199631929397583	0.2716241478919983	0.2169944941997528
8	903	Mackay	15.244405746459961	15.119650840759277	14.545339584350586	14.320086479187012
8	904	described,	11.084633827209473	9.963224411010742	7.879640579223633	9.469919204711914
8	905	with	4.282831192016602	4.429274559020996	4.70041036605835	3.7338783740997314
8	906	some	5.36849308013916	3.998450517654419	3.4803054332733154	4.143441200256348
8	907	arguing	11.278665542602539	10.336331367492676	7.857897758483887	10.818225860595703
8	908	that	0.7552882432937622	2.2746243476867676	0.6788105964660645	0.5271492004394531
8	909	the	2.0494112968444824	1.1897655725479126	1.5201201438903809	1.5263117551803589
8	910	price	7.845015525817871	7.586886405944824	7.711981773376465	6.63560676574707
8	911	changes	6.14816427230835	6.732466220855713	6.7137041091918945	6.317403316497803
8	912	may	5.402120113372803	5.285223484039307	5.965560436248779	5.083497047424316
8	913	not	2.285574436187744	2.775265693664551	2.530557870864868	2.026158571243286
8	914	have	3.6542794704437256	2.5230753421783447	2.890162467956543	2.974215507507324
8	915	constituted	9.985311508178711	9.153742790222168	8.817742347717285	8.867964744567871
8	916	a	1.6103922128677368	1.1921449899673462	0.9891358613967896	1.1108410358428955
8	917	bubble.	12.070472717285156	13.010566711425781	12.970693588256836	13.81928539276123
8	918	Research	8.221073150634766	9.101484298706055	9.247267723083496	9.213025093078613
8	919	on	3.961782455444336	2.4704537391662598	3.3008975982666016	3.0486083030700684
8	920	the	1.213181972503662	2.160727024078369	1.363650918006897	1.3518056869506836
8	921	tulip	13.401601791381836	14.370079040527344	14.971214294433594	11.54732608795166
8	922	mania	6.36531925201416	4.695808410644531	5.791158199310303	4.401642322540283
8	923	is	3.188781261444092	3.2749149799346924	3.960987091064453	4.520208358764648
8	924	difficult	6.106173992156982	6.326051235198975	7.858420372009277	7.642978191375732
8	925	because	5.266273498535156	4.151206970214844	3.8208370208740234	4.815823078155518
8	926	of	1.675685167312622	1.5856432914733887	1.5859819650650024	1.4402029514312744
8	927	the	1.4737688302993774	1.0682069063186646	0.5817187428474426	0.4469796121120453
8	928	limited	9.472929954528809	9.353775024414062	5.567279815673828	4.0007429122924805
8	929	data	5.400803565979004	3.9041588306427	4.230878829956055	4.514092922210693
8	930	from	2.805169105529785	3.184764862060547	3.658878803253174	3.7614707946777344
8	931	the	1.3691444396972656	1.251340627670288	1.685570478439331	1.378446102142334
8	932	sixteen	11.818822860717773	11.901945114135742	11.60595417022705	12.102968215942383
8	933	thirties.	12.805792808532715	12.308577537536621	13.089376449584961	17.165971755981445
8	934	However,	5.994767189025879	6.317159175872803	5.917136192321777	5.93120813369751
8	935	some	4.992980003356934	5.085363388061523	5.075699806213379	5.14139986038208
8	936	modern	8.563859939575195	7.629306316375732	7.054022789001465	7.09281063079834
8	937	economists	9.622817039489746	7.186179161071777	6.968868732452393	6.025261878967285
8	938	have	2.8502843379974365	2.3090929985046387	2.104132890701294	1.7005928754806519
8	939	proposed	7.440033912658691	5.769537448883057	5.159142017364502	4.378034591674805
8	940	rational	10.876529693603516	10.665772438049316	8.641715049743652	7.648216247558594
8	941	explanations,	10.047396659851074	8.412263870239258	7.062670707702637	8.599067687988281
8	942	rather	6.042750358581543	5.1967597007751465	5.132599353790283	5.627982139587402
8	943	than	0.7460983991622925	0.0826212540268898	0.08805126696825027	0.04846474155783653
8	944	a	2.8316798210144043	2.4825663566589355	3.399590253829956	3.375349283218384
8	945	speculative	10.848366737365723	10.201167106628418	9.107337951660156	8.563899993896484
8	946	mania,	12.119460105895996	10.102426528930664	10.467288970947266	12.33265495300293
8	947	for	5.392383575439453	5.053626537322998	4.897817611694336	3.9231464862823486
8	948	the	1.8431031703948975	2.732849359512329	2.0657734870910645	1.901394009590149
8	949	rise	8.793603897094727	8.778830528259277	8.817361831665039	7.932836532592773
8	950	and	2.7206788063049316	2.8650801181793213	2.5756778717041016	1.643066167831421
8	951	fall	8.595560073852539	1.3595845699310303	0.316853791475296	0.33044132590293884
8	952	in	2.4305596351623535	2.196763038635254	2.373032331466675	3.6427693367004395
8	953	prices.	13.047439575195312	7.825934886932373	9.800779342651367	5.796840667724609
8	954	For	4.16285514831543	4.212536811828613	4.52962064743042	4.397242546081543
8	955	example,	1.7280898094177246	1.140868067741394	0.9723396897315979	1.0999438762664795
8	956	other	7.93121337890625	7.725587844848633	8.149036407470703	8.255180358886719
8	957	flowers,	10.810186386108398	12.254656791687012	12.925023078918457	12.785501480102539
8	958	such	5.178857803344727	3.45650315284729	1.9579020738601685	0.9248620271682739
8	959	as	1.0717523097991943	0.06005018576979637	0.04425419867038727	0.030131440609693527
8	960	the	2.4659602642059326	2.238001585006714	2.174590587615967	1.890000581741333
8	961	hyacinth,	17.993268966674805	17.753108978271484	17.063953399658203	6.427555084228516
8	962	also	6.709368705749512	7.150790691375732	7.060756206512451	6.643702507019043
8	963	had	5.075677871704102	6.184049606323242	6.0018134117126465	5.23388147354126
8	964	high	7.065081596374512	6.0967512130737305	5.980367183685303	6.32388162612915
8	965	prices	5.629196643829346	7.672869682312012	8.003296852111816	6.514126777648926
8	966	on	3.7494583129882812	3.3469462394714355	3.284099578857422	3.0025014877319336
8	967	the	1.213181972503662	1.9425337314605713	1.7972440719604492	1.9742224216461182
8	968	flower's	13.770721435546875	14.282522201538086	16.555078506469727	15.94680404663086
8	969	introduction,	13.343244552612305	11.978963851928711	13.273763656616211	11.266902923583984
8	970	which	3.8413805961608887	3.737593412399292	3.527060031890869	3.354771614074707
8	971	then	6.350833892822266	6.716377258300781	6.626312255859375	6.760366439819336
8	972	fell	7.4238786697387695	6.7552876472473145	7.5697808265686035	5.783316135406494
8	973	dramatically.	10.167978286743164	8.763195037841797	9.879875183105469	9.376065254211426
8	974	The	2.139925479888916	2.0196402072906494	1.937363624572754	1.9014960527420044
8	975	high	6.6593804359436035	6.427923679351807	6.737400531768799	6.576501846313477
8	976	prices	5.629196643829346	5.932671070098877	5.467834949493408	4.695051193237305
8	977	may	4.959989547729492	5.6209940910339355	4.9466729164123535	5.042793273925781
8	978	also	3.094210386276245	3.764918804168701	3.534195899963379	2.853066921234131
8	979	have	3.944570302963257	2.9500598907470703	3.475863456726074	2.7729148864746094
8	980	been	2.3439230918884277	3.3459510803222656	2.1256766319274902	1.9526162147521973
8	981	driven	7.3153910636901855	7.475980758666992	7.7059454917907715	5.790345191955566
8	982	by	0.9893946647644043	1.4116814136505127	0.9948751926422119	0.6846957802772522
8	983	expectations	12.514792442321777	9.300787925720215	8.064857482910156	7.9653167724609375
8	984	of	1.530738353729248	1.6483972072601318	0.8535101413726807	0.8513395190238953
8	985	a	3.1972079277038574	3.009850025177002	2.6405627727508545	2.5173258781433105
8	986	parliamentary	10.441049575805664	9.943962097167969	9.604765892028809	9.407914161682129
8	987	decree	7.4033203125	7.147635459899902	7.564373970031738	10.591567039489746
8	988	that	3.1044259071350098	2.3073043823242188	2.144810199737549	2.436486005783081
8	989	contracts	11.01668930053711	10.373041152954102	11.606937408447266	11.492411613464355
8	990	could	6.432293891906738	4.832251071929932	5.014640808105469	3.5948166847229004
8	991	be	1.656593918800354	0.9783587455749512	0.5498273372650146	0.8244742155075073
8	992	voided	13.01920223236084	11.129911422729492	6.065340518951416	4.620845317840576
8	993	for	5.31280517578125	3.362833261489868	3.4066545963287354	2.620082378387451
8	994	a	2.5906777381896973	2.5015530586242676	2.9481201171875	2.666308879852295
8	995	small	4.894693374633789	5.718410491943359	5.422362804412842	6.20786190032959
8	996	cost,	11.14820384979248	9.899742126464844	7.438427925109863	7.414924144744873
8	997	thus	6.416921615600586	6.887627601623535	7.3770341873168945	6.859129905700684
8	998	lowering	8.568720817565918	4.787440299987793	5.161826133728027	5.3131937980651855
8	999	the	1.3035686016082764	0.5885757207870483	0.48221760988235474	0.3508603870868683
8	1000	risk	7.400259017944336	4.4320526123046875	3.067579507827759	4.294164180755615
8	1001	to	3.7357864379882812	3.834564447402954	5.215499401092529	4.668804168701172
8	1002	buyers.	13.784356117248535	11.573179244995117	10.843145370483398	11.06893253326416
8	1003	Despite	6.735685348510742	6.841500282287598	6.500870704650879	6.541489601135254
8	1004	these	3.3989553451538086	3.2958390712738037	3.082930088043213	2.639777183532715
8	1005	disagreements	11.853450775146484	9.24625301361084	9.260553359985352	9.387231826782227
8	1006	about	2.7576904296875	3.743922710418701	2.1945183277130127	3.0105106830596924
8	1007	whether	5.809752941131592	4.041288375854492	3.869493007659912	3.585634708404541
8	1008	the	1.3946595191955566	1.6037218570709229	1.6246052980422974	1.664446234703064
8	1009	phenomenon	9.306045532226562	9.178414344787598	9.182428359985352	8.037968635559082
8	1010	technically	13.679174423217773	13.040203094482422	14.16575813293457	12.537492752075195
8	1011	constituted	9.973222732543945	8.250250816345215	8.211861610412598	4.714892387390137
8	1012	an	3.380488395690918	3.0272412300109863	2.437892198562622	2.5131447315216064
8	1013	economic	6.4111008644104	6.5742058753967285	7.0446882247924805	5.851034164428711
8	1014	bubble,	12.753595352172852	7.930636405944824	8.54625129699707	7.913971424102783
8	1015	the	2.911466121673584	2.247742176055908	2.677551031112671	2.8767902851104736
8	1016	term	7.534473419189453	7.086086273193359	7.074019908905029	6.779084205627441
8	1017	'tulip	17.37232208251953	16.375917434692383	13.898877143859863	10.657251358032227
8	1018	mania'	4.5230913162231445	1.7125993967056274	1.7255972623825073	0.676601231098175
8	1019	is	3.031805992126465	3.366734027862549	1.9231476783752441	2.182955741882324
8	1020	still	5.142574787139893	5.2352166175842285	4.06617546081543	4.468891620635986
8	1021	often	7.514618396759033	7.1702189445495605	5.339223384857178	6.304168701171875
8	1022	used	4.503923416137695	3.805799961090088	2.291083812713623	0.9284245371818542
8	1023	metaphorically	12.792604446411133	9.366107940673828	8.719420433044434	10.195305824279785
8	1024	to	3.0335073471069336	1.528687596321106	0.8988903760910034	0.9886267185211182
8	1025	refer	7.432072162628174	3.7144031524658203	1.4804739952087402	1.4413671493530273
8	1026	to	0.26846933364868164	0.21592482924461365	0.037068821489810944	0.028469255194067955
8	1027	any	6.687656879425049	4.072782039642334	3.873745918273926	3.6458163261413574
8	1028	large	7.447255611419678	7.501179218292236	8.795141220092773	7.578683853149414
8	1029	economic	7.704837799072266	8.552248001098633	8.194076538085938	7.799877166748047
8	1030	bubble,	12.753595352172852	10.438298225402832	8.91240119934082	9.24049186706543
8	1031	when	5.597736358642578	4.997261047363281	5.235937118530273	5.8447136878967285
8	1032	asset	12.518880844116211	11.56652545928955	6.066091537475586	6.832782745361328
8	1033	prices	5.2391815185546875	1.4464385509490967	0.5133941769599915	0.3584691286087036
8	1034	deviate	12.802785873413086	10.751001358032227	8.169793128967285	8.265007972717285
8	1035	from	0.3959825038909912	0.7033504247665405	0.5719407796859741	0.4862448275089264
8	1036	intrinsic	11.242300987243652	9.737525939941406	8.09915542602539	6.789413928985596
8	1037	values.	6.977869033813477	7.887954235076904	4.450057029724121	2.679844856262207
9	0	Tourette's	14.465575218200684	14.465575218200684	14.465575218200684	14.465575218200684
9	1	syndrome,	2.941892147064209	2.941892147064209	2.941892147064209	2.941892147064209
9	2	a	3.2162890434265137	3.5324463844299316	3.5324463844299316	3.5324463844299316
9	3	neurological	10.93783187866211	5.444862365722656	2.425161838531494	2.425161838531494
9	4	disorder	4.807190895080566	1.6099814176559448	0.7046867609024048	0.39501655101776123
9	5	characterized	7.298845291137695	3.0216615200042725	2.528116464614868	1.4716432094573975
9	6	by	0.45807480812072754	0.035159580409526825	0.019802037626504898	0.023921141400933266
9	7	repetitive,	14.510958671569824	10.665186882019043	7.276774883270264	6.775616645812988
9	8	involuntary	8.322206497192383	6.545485019683838	4.376354217529297	3.7227060794830322
9	9	movements,	7.422996520996094	3.668750762939453	3.6518235206604004	2.9706742763519287
9	10	was	6.19372034072876	5.650374412536621	6.915287971496582	5.723393440246582
9	11	named	6.4907941818237305	6.284592628479004	7.590304374694824	6.941544532775879
9	12	for	3.364678382873535	3.1734437942504883	2.650813579559326	2.6430716514587402
9	13	Dr.	9.583222389221191	6.417131423950195	5.500697135925293	5.748305320739746
9	14	Georges	9.85941219329834	10.521478652954102	8.491403579711914	8.228669166564941
9	15	Gilles	8.16981315612793	6.709494590759277	7.5061259269714355	7.097698211669922
9	16	de	1.6933717727661133	0.34569457173347473	0.4244048297405243	0.2672002911567688
9	17	la	2.468907356262207	0.568200945854187	0.5264623761177063	0.21252697706222534
9	18	Tourette,	14.380599975585938	12.840612411499023	2.4466569423675537	1.621355652809143
9	19	the	3.554013967514038	4.109707832336426	4.251025676727295	3.212085723876953
9	20	pioneering	11.590198516845703	8.469223022460938	8.888855934143066	7.985554218292236
9	21	French	8.325047492980957	6.525313854217529	2.3563880920410156	1.7450305223464966
9	22	neurologist	11.694387435913086	7.227128505706787	5.022127151489258	2.153374195098877
9	23	who	2.536317825317383	1.8580927848815918	2.453011989593506	3.492100238800049
9	24	first	6.681468963623047	5.387025833129883	3.55442214012146	3.0762743949890137
9	25	described	6.871870994567871	3.9926886558532715	4.213345527648926	0.6403142213821411
9	26	the	3.256863594055176	2.6974055767059326	1.0329054594039917	0.9623109102249146
9	27	condition	8.01094913482666	6.264643669128418	5.815826416015625	3.8262901306152344
9	28	in	3.2824225425720215	3.527554512023926	2.689436435699463	0.5236321687698364
9	29	an	4.992198944091797	4.685572147369385	5.2269086837768555	4.09237003326416
9	30	eighty-six-year-old	15.07126522064209	15.146223068237305	13.901017189025879	14.44056224822998
9	31	French	6.407034873962402	6.5938262939453125	7.601507663726807	8.046770095825195
9	32	noblewoman.	14.2932767868042	7.187068939208984	6.935352802276611	6.681846618652344
9	33	It	3.5675320625305176	3.780386447906494	3.873961925506592	3.7924628257751465
9	34	is	1.2118124961853027	1.402380347251892	1.3233146667480469	1.6710052490234375
9	35	almost	6.523425579071045	6.212399482727051	5.902068138122559	6.3101115226745605
9	36	always	3.4825754165649414	2.1927428245544434	2.811967134475708	4.253229141235352
9	37	in	4.321798324584961	3.8681790828704834	4.250800609588623	4.231201648712158
9	38	childhood	9.868780136108398	11.767868041992188	10.871713638305664	12.038305282592773
9	39	that	5.162038803100586	4.415467262268066	2.6886589527130127	4.410863399505615
9	40	the	2.0494112968444824	3.554841995239258	3.505441665649414	2.3037269115448
9	41	early	6.986944198608398	8.141214370727539	7.495999336242676	6.90210485458374
9	42	symptoms	7.261661529541016	7.548367977142334	6.134273052215576	6.408390045166016
9	43	of	1.4903939962387085	0.6348996162414551	0.34437596797943115	0.5121007561683655
9	44	Tourette's	15.95907974243164	9.244368553161621	10.257915496826172	9.85620403289795
9	45	are	4.99931526184082	4.763130187988281	3.9166626930236816	3.626901149749756
9	46	first	7.265327453613281	7.734036922454834	7.480093002319336	6.657736301422119
9	47	noticed,	13.342313766479492	10.369102478027344	10.073030471801758	10.661243438720703
9	48	with	4.910907745361328	5.105229377746582	4.92887020111084	4.670008659362793
9	49	the	1.7724734544754028	1.5945723056793213	1.4281017780303955	1.4688835144042969
9	50	average	7.273013114929199	7.046801567077637	7.74025821685791	7.956773281097412
9	51	onset	9.845230102539062	9.196168899536133	8.580541610717773	8.522807121276855
9	52	between	4.979696273803711	6.828056812286377	7.198022842407227	6.620253086090088
9	53	the	1.340022087097168	1.802452802658081	1.3786442279815674	1.4973011016845703
9	54	ages	10.194533348083496	6.426536560058594	3.743631601333618	5.378421783447266
9	55	of	1.836626410484314	0.3037757873535156	0.025063415989279747	0.029245804995298386
9	56	seven	8.853461265563965	5.300869941711426	4.791490077972412	4.790315628051758
9	57	and	4.064740180969238	3.7629735469818115	0.4719976782798767	0.40556615591049194
9	58	ten	9.391178131103516	3.6447062492370605	4.189862251281738	3.2003633975982666
9	59	years.	4.237259864807129	5.293459892272949	4.137019157409668	3.632319927215576
9	60	It	3.542388916015625	3.4597065448760986	3.6018595695495605	3.456507921218872
9	61	is	1.2118124961853027	1.3380967378616333	1.537387728691101	1.392264485359192
9	62	estimated	7.585271835327148	5.568784713745117	4.028581619262695	4.404792308807373
9	63	that	2.9621996879577637	1.4858087301254272	0.10472628474235535	0.11822567880153656
9	64	two	7.572052001953125	6.142816066741943	6.098548412322998	6.18983793258667
9	65	hundred	5.691678047180176	5.870170593261719	2.9984891414642334	3.426933765411377
9	66	thousand	2.6184988021850586	3.2309441566467285	2.513667345046997	1.2212021350860596
9	67	Americans	6.270070552825928	5.24421501159668	5.543401718139648	4.963763236999512
9	68	have	2.7793827056884766	2.4171671867370605	2.5604095458984375	2.9294662475585938
9	69	the	3.1172304153442383	3.764493942260742	5.394637584686279	5.186124801635742
9	70	most	5.204439640045166	4.622671127319336	3.112689971923828	5.128856658935547
9	71	severe	7.637202262878418	5.787428855895996	5.609395980834961	5.611198425292969
9	72	form	6.3065104484558105	2.6204030513763428	2.4629764556884766	2.5604865550994873
9	73	of	1.1200218200683594	0.12781032919883728	0.16520202159881592	0.10721820592880249
9	74	Tourette's,	18.42406463623047	16.159433364868164	11.117470741271973	10.55842113494873
9	75	and	2.032059669494629	2.024508476257324	2.314941644668579	2.247337818145752
9	76	as	6.23681640625	5.831085681915283	5.274187088012695	4.590448379516602
9	77	many	5.082798004150391	4.576519012451172	3.503875970840454	4.007570743560791
9	78	as	5.269132614135742	1.4497274160385132	1.1213457584381104	1.3741676807403564
9	79	one	5.303091049194336	4.469215393066406	4.465804100036621	4.2320637702941895
9	80	in	4.1769819259643555	5.192991733551025	1.689045786857605	0.8651956915855408
9	81	a	2.713128089904785	2.783987283706665	2.7169909477233887	2.8152570724487305
9	82	hundred	7.74852180480957	8.21450138092041	4.105563163757324	3.5088729858398438
9	83	people	4.37854528427124	4.298620223999023	5.4246344566345215	4.47157621383667
9	84	exhibit	9.528485298156738	10.931398391723633	11.84505558013916	11.101519584655762
9	85	milder	13.067785263061523	10.495993614196777	10.592632293701172	11.123541831970215
9	86	and	3.222379446029663	3.5571210384368896	4.155730247497559	4.7893500328063965
9	87	less	7.161317825317383	2.3377513885498047	1.947268009185791	1.9002195596694946
9	88	complex	7.271058082580566	5.588456153869629	5.608710289001465	5.339346885681152
9	89	symptoms	8.269618034362793	9.582399368286133	9.901700019836426	5.24276065826416
9	90	that	4.216641426086426	2.7101359367370605	3.317967414855957	3.335597515106201
9	91	include	7.145242214202881	4.272002220153809	4.081117630004883	5.496720314025879
9	92	chronic	8.07201862335205	8.779350280761719	5.29246711730957	4.476752281188965
9	93	motor	8.514564514160156	9.089786529541016	9.069615364074707	10.327876091003418
9	94	and	2.4719738960266113	2.733269214630127	1.668774127960205	1.6270232200622559
9	95	vocal	11.228348731994629	6.130178451538086	4.024147033691406	4.4093804359436035
9	96	tics	11.477733612060547	6.471650123596191	6.310108184814453	1.764129877090454
9	97	or	3.2559657096862793	3.3604469299316406	4.155956745147705	4.936731338500977
9	98	transient	10.247632026672363	8.516773223876953	8.933377265930176	8.0751314163208
9	99	tics	14.83456802368164	11.158689498901367	2.6686465740203857	4.254927158355713
9	100	of	3.656768798828125	4.217046737670898	3.988708257675171	4.095988750457764
9	101	childhood.	12.132087707519531	7.802629470825195	5.632772445678711	5.354841709136963
9	102	For	4.7007527351379395	4.331140518188477	4.550013542175293	4.831479549407959
9	103	the	2.1657838821411133	2.1993112564086914	2.295210361480713	2.2058050632476807
9	104	majority	7.834379196166992	5.746020317077637	4.384363651275635	4.218695163726807
9	105	of	0.3477294147014618	0.30303531885147095	0.05879182368516922	0.04725898802280426
9	106	people	6.198978900909424	3.920703887939453	3.883147954940796	4.157005310058594
9	107	diagnosed	9.805623054504395	8.189483642578125	7.267794132232666	7.054245471954346
9	108	with	0.9621720910072327	0.10372250527143478	0.12333812564611435	0.10230106115341187
9	109	the	1.7724734544754028	3.641785144805908	3.165961742401123	3.104022979736328
9	110	disorder,	12.53091049194336	11.714164733886719	5.082483291625977	4.388301849365234
9	111	Tourette's	8.66332721710205	12.23375129699707	12.93336009979248	12.13243579864502
9	112	is	3.3563437461853027	5.976168155670166	3.053529739379883	2.9178500175476074
9	113	not	2.977815628051758	2.6510543823242188	2.7972230911254883	2.463743209838867
9	114	a	3.5121076107025146	2.313659191131592	1.506148099899292	1.3954869508743286
9	115	chronic	8.660987854003906	9.596830368041992	9.424965858459473	4.539605140686035
9	116	condition	5.977025985717773	2.490450859069824	2.631147623062134	2.5673913955688477
9	117	with	4.201157093048096	3.298827648162842	3.163146734237671	3.9210996627807617
9	118	symptoms	9.359798431396484	7.810415267944336	4.291438579559326	3.5005455017089844
9	119	lasting	10.432141304016113	5.04326057434082	3.303616523742676	3.192446708679199
9	120	a	4.0040388107299805	3.4208250045776367	3.4718809127807617	3.5865769386291504
9	121	lifetime.	10.151753425598145	2.710698127746582	6.635117530822754	7.365349769592285
9	122	Rather	8.364730834960938	8.300236701965332	7.901827335357666	8.50217342376709
9	123	it	4.825981140136719	3.3318121433258057	3.4660184383392334	3.4510416984558105
9	124	is	1.9536738395690918	1.1290924549102783	0.8698757886886597	0.7075494527816772
9	125	a	2.231854200363159	2.8261559009552	1.8597230911254883	1.4784384965896606
9	126	condition	8.049751281738281	7.340611457824707	6.563963413238525	6.17731237411499
9	127	whose	8.403196334838867	7.585371017456055	6.506711959838867	6.900942325592041
9	128	severity	8.948955535888672	4.361972808837891	3.700897693634033	4.270436763763428
9	129	peaks	10.84813117980957	8.581497192382812	7.9224982261657715	9.113677024841309
9	130	in	2.1889495849609375	1.5082648992538452	1.3165664672851562	1.436328649520874
9	131	the	1.3686838150024414	0.6581615209579468	1.1421937942504883	0.9614293575286865
9	132	early	6.986944198608398	5.444070816040039	6.305874824523926	3.2024941444396973
9	133	teens,	10.281119346618652	9.149733543395996	9.244834899902344	8.851381301879883
9	134	with	4.598132133483887	4.518465995788574	4.231546401977539	4.021982192993164
9	135	improvement	10.494479179382324	10.873042106628418	9.130637168884277	9.808185577392578
9	136	occurring	9.969802856445312	9.03515625	5.314413070678711	3.7666478157043457
9	137	in	1.1916818618774414	1.3021646738052368	1.5909849405288696	1.5972484350204468
9	138	the	1.3686838150024414	1.164623737335205	1.0153083801269531	1.5970324277877808
9	139	late	7.454042434692383	6.068629264831543	5.336522102355957	6.137518882751465
9	140	teens	9.071331024169922	7.342044830322266	7.510084629058838	6.228137016296387
9	141	and	1.9615811109542847	1.2899363040924072	0.8947256207466125	0.8096632957458496
9	142	continuing	9.269917488098145	9.959427833557129	8.346002578735352	8.376330375671387
9	143	into	6.983133316040039	4.356784820556641	1.8002207279205322	1.0329424142837524
9	144	adulthood.	10.545808792114258	4.376688003540039	4.493178367614746	1.80763578414917
9	145	However,	4.088271617889404	4.349673271179199	4.3238725662231445	4.3577799797058105
9	146	approximately	8.73222827911377	7.831195831298828	7.385900020599365	6.979844093322754
9	147	ten	5.874619483947754	5.602024078369141	6.645931243896484	6.576544761657715
9	148	percent	4.373844623565674	2.8614330291748047	0.9872565865516663	0.48663026094436646
9	149	of	0.865692138671875	0.5636500716209412	0.36105653643608093	0.11301521211862564
9	150	those	6.017205238342285	4.029091835021973	4.500093936920166	4.321066379547119
9	151	affected	7.638133525848389	7.565422534942627	5.451902389526367	5.707467079162598
9	152	have	8.674826622009277	4.625288009643555	3.7015700340270996	3.2486624717712402
9	153	a	2.0847954750061035	2.351844310760498	3.6583142280578613	4.122147083282471
9	154	progressive	8.479135513305664	9.50881576538086	7.604104995727539	8.867289543151855
9	155	or	5.887465000152588	5.511944770812988	5.2874674797058105	4.34857177734375
9	156	disabling	10.80291748046875	7.563612937927246	9.100268363952637	8.034751892089844
9	157	course	8.374256134033203	9.229244232177734	6.931748390197754	6.1213483810424805
9	158	that	4.4055585861206055	4.077954292297363	5.100154876708984	4.2884321212768555
9	159	lasts	10.720292091369629	9.090705871582031	4.54166841506958	5.504119873046875
9	160	into	6.681616306304932	5.129642486572266	4.9883928298950195	6.067168235778809
9	161	adulthood.	10.545808792114258	5.1424665451049805	4.117942810058594	4.310696125030518
9	162	It	3.628375768661499	3.5481066703796387	3.4137794971466064	3.250337600708008
9	163	is	1.2118124961853027	0.9364268779754639	1.080299735069275	0.9197955131530762
9	164	not	2.977815628051758	2.842052936553955	2.7855005264282227	2.66764760017395
9	165	uncommon	8.512110710144043	6.95012092590332	3.6112823486328125	3.192878246307373
9	166	for	2.333481550216675	0.9718613624572754	0.9848657846450806	0.5922302603721619
9	167	symptoms	10.121767044067383	8.93547248840332	9.38533878326416	9.109999656677246
9	168	to	4.190406799316406	4.906976699829102	0.4241570830345154	0.4020017087459564
9	169	be	3.0100271701812744	2.440502643585205	1.8768610954284668	1.7701131105422974
9	170	present	6.741274833679199	6.176420211791992	3.980952024459839	3.276826858520508
9	171	for	4.56608247756958	3.3658905029296875	3.146392822265625	2.6332602500915527
9	172	an	4.8828125	4.1469926834106445	4.226689338684082	4.2671709060668945
9	173	extended	6.610916614532471	4.347688674926758	3.0738396644592285	2.823932647705078
9	174	period	3.672682762145996	1.7629741430282593	0.7647863030433655	0.42658066749572754
9	175	of	1.0479792356491089	0.17523892223834991	0.1516636312007904	0.18369260430335999
9	176	time	6.436880111694336	1.8023120164871216	1.0735498666763306	1.3014862537384033
9	177	before	5.655949115753174	4.214722633361816	3.9858298301696777	4.198607444763184
9	178	a	3.8635571002960205	3.9115421772003174	3.5343704223632812	3.182058811187744
9	179	formal	8.450263977050781	6.52884578704834	6.984854221343994	7.3624982833862305
9	180	diagnosis	7.740414619445801	5.8356733322143555	5.529311180114746	4.872840881347656
9	181	of	0.967900812625885	0.6051870584487915	0.334084153175354	0.7084829807281494
9	182	Tourette's	15.95907974243164	10.594626426696777	8.4843111038208	7.878803730010986
9	183	is	3.3563437461853027	3.747744083404541	4.735297203063965	4.771265506744385
9	184	obtained.	10.075016975402832	12.510517120361328	11.687427520751953	9.360486030578613
9	185	The	1.6168171167373657	1.6532690525054932	2.073073148727417	2.071381092071533
9	186	reasons	7.684238433837891	7.8368144035339355	7.988116264343262	8.150096893310547
9	187	for	1.2153502702713013	0.6480703353881836	0.43337947130203247	0.5529148578643799
9	188	this	4.635157585144043	2.4972963333129883	1.1535601615905762	1.2858328819274902
9	189	are	6.957826614379883	5.762644290924072	1.8669198751449585	0.9162049293518066
9	190	many	5.301453590393066	6.954016208648682	6.527182102203369	5.138449668884277
9	191	and	5.864571571350098	6.038014888763428	3.0213983058929443	0.9714609384536743
9	192	may	6.6705322265625	6.745802879333496	8.127555847167969	6.623791694641113
9	193	include	4.7023797035217285	4.003902912139893	4.179507255554199	2.638204336166382
9	194	the	2.112147569656372	2.6327998638153076	2.6958906650543213	2.5316007137298584
9	195	fact	6.213588237762451	5.529358386993408	5.7558159828186035	6.767477035522461
9	196	that	0.7565444707870483	0.1452181339263916	0.09524067491292953	0.09971608966588974
9	197	for	5.30699348449707	5.591398239135742	5.434877395629883	5.378171920776367
9	198	families	9.943819046020508	8.764738082885742	9.492985725402832	9.340024948120117
9	199	and	1.9672633409500122	1.77264404296875	3.049936294555664	3.9966204166412354
9	200	physicians	10.597282409667969	6.906195640563965	8.430622100830078	8.160198211669922
9	201	unfamiliar	10.826462745666504	9.048131942749023	8.28612995147705	7.704032897949219
9	202	with	1.4106420278549194	0.042106304317712784	0.0431465208530426	0.03451470285654068
9	203	Tourette's,	16.67779541015625	14.904367446899414	14.099637985229492	14.361835479736328
9	204	mild	7.726808071136475	8.007915496826172	9.982542991638184	9.244743347167969
9	205	and	2.6524910926818848	3.844318389892578	4.4737091064453125	3.5218024253845215
9	206	even	6.218949317932129	5.990721225738525	6.655447006225586	6.583727836608887
9	207	moderate	8.104792594909668	7.984094619750977	2.7176101207733154	3.730609893798828
9	208	tic	14.304357528686523	14.306742668151855	13.764961242675781	12.665448188781738
9	209	symptoms	5.104392051696777	2.5576834678649902	4.045729637145996	3.6255815029144287
9	210	may	4.617637634277344	4.052840232849121	4.263733386993408	3.4395718574523926
9	211	be	1.1618680953979492	1.1339874267578125	0.964914083480835	1.097525954246521
9	212	considered	5.238430976867676	4.815908908843994	5.065140247344971	4.561197280883789
9	213	inconsequential,	13.209025382995605	11.788719177246094	11.838119506835938	12.60908317565918
9	214	part	8.33013916015625	8.884943008422852	9.167046546936035	9.427119255065918
9	215	of	0.3488386571407318	0.13961003720760345	0.07085549831390381	0.05876705422997475
9	216	a	3.1972079277038574	2.305009365081787	1.4811290502548218	1.2825753688812256
9	217	developmental	10.138079643249512	9.96784782409668	9.031848907470703	9.751771926879883
9	218	phase,	6.357676982879639	6.55342960357666	7.1822662353515625	7.68120813369751
9	219	or	4.588850975036621	4.902279376983643	4.302329063415527	3.7583839893341064
9	220	the	3.5200345516204834	2.517831563949585	2.819119691848755	3.2445030212402344
9	221	result	7.2301926612854	6.8039751052856445	6.830148220062256	5.945499420166016
9	222	of	0.9359511733055115	0.68929523229599	0.20034156739711761	0.17553143203258514
9	223	another	7.663147926330566	6.619422912597656	6.3423871994018555	5.112157344818115
9	224	condition.	10.447860717773438	10.198453903198242	8.521173477172852	8.404001235961914
9	225	For	3.9761974811553955	3.9104361534118652	3.086941719055176	2.906214714050293
9	226	example,	1.7280898094177246	1.2596815824508667	0.9530044794082642	0.45635682344436646
9	227	parents	9.587869644165039	9.063136100769043	8.706694602966309	8.644739151000977
9	228	may	4.909163475036621	2.1939525604248047	1.7646448612213135	1.834269404411316
9	229	think	5.97238826751709	5.834551811218262	5.120084285736084	4.934345722198486
9	230	that	2.533538579940796	1.6322660446166992	1.5847101211547852	0.9024844169616699
9	231	eye	11.226715087890625	11.937888145446777	11.945457458496094	10.588520050048828
9	232	blinking	10.815454483032227	8.359476089477539	7.241663932800293	6.55912446975708
9	233	is	5.306570529937744	3.5138041973114014	2.567798614501953	0.9669916033744812
9	234	related	6.808968544006348	6.081023693084717	4.92244815826416	4.167732238769531
9	235	to	0.5535228252410889	0.08978145569562912	0.058250296860933304	0.06036043539643288
9	236	vision	11.249739646911621	9.483386039733887	10.465606689453125	6.63865852355957
9	237	problems	7.460270881652832	4.704672813415527	4.703481674194336	4.836528778076172
9	238	or	4.925510406494141	3.445040225982666	3.062488555908203	2.833430767059326
9	239	that	5.595535755157471	4.735594749450684	5.929221153259277	5.8180389404296875
9	240	sniffing	13.950843811035156	14.269864082336426	14.895649909973145	13.372675895690918
9	241	is	5.68393611907959	3.4913864135742188	3.5717086791992188	3.771517276763916
9	242	related	6.808968544006348	6.540077209472656	5.443092346191406	5.180267810821533
9	243	to	0.5535228252410889	0.08978145569562912	0.05893013998866081	0.04815622791647911
9	244	seasonal	11.785929679870605	9.33719539642334	9.53494930267334	7.887202262878418
9	245	allergies.	10.157506942749023	5.3343095779418945	5.337364196777344	5.882082462310791
9	246	There	4.314489364624023	4.564227104187012	4.400455474853516	4.229687213897705
9	247	are	1.1163549423217773	0.7542120814323425	0.611071765422821	0.6350489854812622
9	248	many	5.301453590393066	2.5681848526000977	1.9805184602737427	2.164102554321289
9	249	patients	6.4741716384887695	7.3343915939331055	7.987699031829834	7.282083511352539
9	250	who	2.6837687492370605	2.851541042327881	0.7873656153678894	0.7505749464035034
9	251	are	2.7324039936065674	2.825688362121582	1.9347096681594849	1.7320220470428467
9	252	self-diagnosed	16.663585662841797	13.336772918701172	14.987993240356445	13.562337875366211
9	253	after	7.20844030380249	6.278226375579834	6.845704078674316	6.63956356048584
9	254	they,	12.060725212097168	11.881814002990723	10.7443208694458	10.502723693847656
9	255	their	4.310595512390137	4.554047584533691	3.2355782985687256	3.6074509620666504
9	256	parents,	7.6788740158081055	3.790194034576416	3.4814043045043945	2.659301280975342
9	257	other	6.426260948181152	6.91451358795166	5.920656681060791	5.981638431549072
9	258	relatives,	11.328786849975586	2.5557265281677246	2.5755176544189453	2.242037057876587
9	259	or	3.8678805828094482	4.068202972412109	2.071662664413452	1.331536889076233
9	260	friends	9.024740219116211	3.687931537628174	4.408931255340576	2.035684823989868
9	261	read	9.162683486938477	9.109319686889648	8.997294425964355	10.100421905517578
9	262	or	5.246463298797607	4.795537948608398	4.199728012084961	4.036247730255127
9	263	hear	9.035350799560547	3.1796536445617676	4.472231864929199	2.4198317527770996
9	264	about	3.0762109756469727	2.386866569519043	1.7247231006622314	1.1892683506011963
9	265	Tourette's	16.435222625732422	15.833663940429688	15.143521308898926	14.375994682312012
9	266	from	6.664778709411621	5.030786514282227	2.760453224182129	3.4236271381378174
9	267	others.	8.637438774108887	8.449207305908203	7.406103134155273	6.515401363372803
9	268	Tics	15.584847450256348	15.243088722229004	5.870924949645996	8.669305801391602
9	269	are	3.0508902072906494	1.0297762155532837	1.010481357574463	1.0377362966537476
9	270	classified	7.092052459716797	5.1672492027282715	5.959584712982178	6.148264408111572
9	271	as	0.8587703108787537	0.8870059847831726	0.6118408441543579	0.7423573732376099
9	272	either	7.641907691955566	3.9876439571380615	3.7419660091400146	2.4757959842681885
9	273	simple	9.156058311462402	7.273410320281982	6.286208629608154	6.189352035522461
9	274	or	5.837017059326172	1.3797749280929565	0.7555882930755615	0.6114389300346375
9	275	complex.	11.577272415161133	3.288364887237549	3.0034029483795166	2.559321403503418
9	276	Simple	9.444807052612305	7.963191509246826	5.998867034912109	4.096010684967041
9	277	motor	8.903480529785156	8.273275375366211	8.536798477172852	9.000555992126465
9	278	tics	18.47296905517578	8.518004417419434	7.970752716064453	6.448178291320801
9	279	are	2.9802815914154053	2.8614327907562256	1.138749599456787	1.2989827394485474
9	280	sudden,	14.478181838989258	8.493268013000488	8.03959846496582	4.852179527282715
9	281	brief,	9.291399002075195	6.062783241271973	2.0229508876800537	1.6217007637023926
9	282	repetitive	8.946616172790527	8.674095153808594	8.268735885620117	3.4191412925720215
9	283	movements	7.216092586517334	5.076918601989746	3.1701035499572754	2.808354616165161
9	284	that	3.7182631492614746	2.8922781944274902	2.4406700134277344	2.489360809326172
9	285	involve	8.808276176452637	5.720539093017578	4.0656023025512695	4.691854476928711
9	286	a	2.294651985168457	2.544987678527832	2.5333502292633057	3.1463756561279297
9	287	limited	8.0353364944458	6.848669052124023	6.409902095794678	5.967043399810791
9	288	number	3.42287015914917	1.6415762901306152	1.0123884677886963	0.8981384634971619
9	289	of	0.337112158536911	0.03512223809957504	0.0319938138127327	0.02042141929268837
9	290	muscle	9.031982421875	9.778359413146973	9.275419235229492	9.664429664611816
9	291	groups.	7.4220733642578125	7.046063423156738	5.817532539367676	3.852557420730591
9	292	Some	5.9540510177612305	5.298913478851318	5.1006598472595215	5.0880446434021
9	293	of	1.5615253448486328	1.1811833381652832	1.222154974937439	1.3829114437103271
9	294	the	1.4737688302993774	0.6866110563278198	0.7237732410430908	0.7446622252464294
9	295	more	6.918636322021484	6.863020420074463	3.856328010559082	4.247295379638672
9	296	common	5.918985366821289	4.7636799812316895	3.351034641265869	3.0622642040252686
9	297	simple	10.204095840454102	11.979558944702148	8.96895694732666	9.222655296325684
9	298	tics	16.887447357177734	15.514954566955566	11.979646682739258	12.751132011413574
9	299	include	6.715346336364746	7.10023307800293	5.427609443664551	4.958778381347656
9	300	eye	10.07946491241455	3.8686752319335938	3.4149599075317383	1.9798572063446045
9	301	blinking,	12.297483444213867	7.276902198791504	0.8287020325660706	1.0509729385375977
9	302	facial	9.623589515686035	5.203764915466309	3.4763076305389404	2.8753464221954346
9	303	grimacing,	14.07760238647461	5.109909534454346	4.277902603149414	5.31475305557251
9	304	shoulder	8.98798942565918	7.503727912902832	7.150206089019775	6.5117974281311035
9	305	shrugging,	12.244413375854492	3.5070290565490723	1.6940251588821411	1.194728136062622
9	306	and	2.3200557231903076	2.2654953002929688	1.5531260967254639	1.2347885370254517
9	307	head	8.259439468383789	7.664915084838867	5.797374725341797	3.338771343231201
9	308	or	5.085077285766602	6.63237190246582	8.762495040893555	8.720161437988281
9	309	shoulder	10.7201566696167	5.484387397766113	4.4819416999816895	2.552415370941162
9	310	jerking.	13.541172981262207	11.044145584106445	11.242298126220703	10.152505874633789
9	311	Simple	10.646129608154297	10.335846900939941	9.344198226928711	9.237564086914062
9	312	vocalizations,	15.797622680664062	12.90951919555664	11.867716789245605	10.205879211425781
9	313	which	3.3585007190704346	3.9545416831970215	3.8952560424804688	3.8790535926818848
9	314	motor	11.251544952392578	11.63564682006836	11.531608581542969	10.865670204162598
9	315	tics	18.47296905517578	9.145611763000488	7.286102771759033	7.22702693939209
9	316	typically	8.123761177062988	6.943577289581299	5.313786506652832	4.363761901855469
9	317	precede,	14.616836547851562	8.978290557861328	7.3204169273376465	5.643825531005859
9	318	might	8.2955322265625	8.924023628234863	9.883688926696777	10.783839225769043
9	319	include	5.408402442932129	6.3470458984375	6.749197959899902	8.110682487487793
9	320	repetitive	10.692944526672363	9.742073059082031	10.23176383972168	8.964207649230957
9	321	throat-clearing,	15.48627758026123	14.533828735351562	12.253412246704102	10.931835174560547
9	322	sniffing,	7.985353469848633	7.016304969787598	4.809535026550293	4.8595428466796875
9	323	or	3.949373245239258	2.9567275047302246	3.085228681564331	3.3267500400543213
9	324	grunting	13.270692825317383	9.31100082397461	6.79979944229126	5.643512725830078
9	325	sounds.	5.321551322937012	4.135923385620117	4.933429718017578	4.08388614654541
9	326	Complex	10.741434097290039	13.05286693572998	10.97824764251709	11.54960823059082
9	327	tics	16.267208099365234	12.287164688110352	9.40469741821289	9.509163856506348
9	328	are	2.9802815914154053	2.111755132675171	1.369752287864685	1.89351224899292
9	329	distinct,	9.862247467041016	11.489960670471191	10.643796920776367	9.300641059875488
9	330	coordinated	10.083866119384766	11.04774284362793	10.522222518920898	9.751249313354492
9	331	patterns	8.021843910217285	5.344959735870361	4.301663398742676	3.4397568702697754
9	332	of	1.2981319427490234	0.7183904051780701	0.2460576295852661	0.147821843624115
9	333	movement	9.810136795043945	5.958498477935791	4.453155517578125	4.915810585021973
9	334	that	3.953859567642212	3.8986237049102783	3.5278141498565674	3.1259210109710693
9	335	involve	8.808276176452637	9.75413703918457	7.827064037322998	6.052298069000244
9	336	several	5.401836395263672	6.127997875213623	6.356379508972168	5.860082626342773
9	337	muscle	10.004683494567871	9.234488487243652	8.73504638671875	6.218224048614502
9	338	groups.	7.4220733642578125	2.913154125213623	2.4749197959899902	2.05302095413208
9	339	Complex	10.669134140014648	9.612895965576172	9.450181007385254	8.412365913391113
9	340	motor	9.995656967163086	7.297142028808594	3.648419141769409	3.4385597705841064
9	341	tics	18.47296905517578	5.56443977355957	7.415464401245117	9.883148193359375
9	342	might	6.666656970977783	6.176249980926514	6.423644542694092	5.905063629150391
9	343	include	5.408402442932129	5.419626235961914	5.810370445251465	5.0021772384643555
9	344	facial	10.542879104614258	9.349485397338867	5.284414291381836	5.261446952819824
9	345	grimacing	13.277498245239258	9.671919822692871	9.576419830322266	3.7757863998413086
9	346	combined	12.19390869140625	8.219023704528809	7.405028343200684	7.463282108306885
9	347	with	1.1546210050582886	0.08814743161201477	0.042384061962366104	0.015085633844137192
9	348	a	2.1084108352661133	2.2650671005249023	1.3376641273498535	1.8208131790161133
9	349	head	7.882028102874756	7.760006427764893	8.81104850769043	5.731115341186523
9	350	twist	11.071037292480469	10.554712295532227	9.980236053466797	9.0408935546875
9	351	and	2.1330599784851074	1.8601655960083008	1.6781588792800903	1.827670931816101
9	352	a	3.878800868988037	3.6375954151153564	2.833294630050659	1.50731360912323
9	353	shoulder	10.644341468811035	8.436030387878418	8.399271965026855	5.748531818389893
9	354	shrug.	9.633962631225586	5.337942600250244	6.68483304977417	4.418089866638184
9	355	Other	8.716914176940918	9.50871467590332	9.264963150024414	8.223907470703125
9	356	complex	8.393569946289062	10.69991397857666	11.165716171264648	11.072632789611816
9	357	motor	8.678037643432617	8.240964889526367	6.925755023956299	5.787446975708008
9	358	tics	18.47296905517578	8.428400993347168	6.8712310791015625	8.078816413879395
9	359	may	5.063403129577637	4.441309452056885	4.61055850982666	2.5567731857299805
9	360	actually	6.473660469055176	5.5711259841918945	5.57668399810791	5.636120796203613
9	361	appear	7.656477928161621	7.62359619140625	5.979484558105469	5.94264030456543
9	362	purposeful,	14.749229431152344	14.794755935668945	13.652589797973633	12.00850772857666
9	363	including	6.631969451904297	6.262599468231201	7.187042713165283	7.0287766456604
9	364	sniffing	11.983663558959961	11.759718894958496	11.158737182617188	11.345996856689453
9	365	or	5.256525039672852	3.404658317565918	4.395086765289307	4.016323089599609
9	366	touching	11.245438575744629	4.528475761413574	3.4403414726257324	3.4279613494873047
9	367	objects,	10.781123161315918	8.53239631652832	5.987814903259277	5.857235431671143
9	368	hopping,	16.534866333007812	12.321096420288086	11.945428848266602	11.178926467895508
9	369	jumping,	7.939440727233887	3.038618564605713	3.185288906097412	2.9586329460144043
9	370	bending,	8.031792640686035	7.528438568115234	7.245798110961914	7.703551292419434
9	371	or	3.3030285835266113	3.1177852153778076	3.034313201904297	3.5762529373168945
9	372	twisting.	14.669432640075684	6.036251544952393	3.985445499420166	4.510433197021484
9	373	Complex	10.328788757324219	9.87982177734375	9.291836738586426	10.055279731750488
9	374	vocal	12.90919017791748	10.304046630859375	9.7601900100708	9.639801979064941
9	375	tics	11.477733612060547	7.0454511642456055	5.657434463500977	5.732089519500732
9	376	include	6.715346336364746	6.159780502319336	3.941037178039551	3.701009511947632
9	377	words	7.809300422668457	7.409583568572998	6.577414512634277	6.432209014892578
9	378	or	4.733492851257324	2.9814209938049316	1.9029209613800049	2.6375808715820312
9	379	phrases.	13.336982727050781	4.191714286804199	3.956420660018921	3.7359566688537598
9	380	Perhaps	6.9083991050720215	7.349110126495361	7.2928056716918945	7.976737022399902
9	381	the	1.8036574125289917	1.8219795227050781	1.7530500888824463	1.758591651916504
9	382	most	5.204439640045166	1.9056235551834106	1.3687630891799927	1.3265799283981323
9	383	dramatic	7.528676986694336	6.031990051269531	4.418373107910156	5.043465614318848
9	384	and	3.2923331260681152	2.929297924041748	2.756173610687256	3.293267250061035
9	385	disabling	11.781726837158203	10.233652114868164	10.194717407226562	9.76909065246582
9	386	tics	13.796293258666992	11.597126960754395	9.31590461730957	9.466462135314941
9	387	include	6.715346336364746	7.164089202880859	7.5563273429870605	6.84626579284668
9	388	motor	8.927242279052734	5.007613182067871	6.31984281539917	6.500616550445557
9	389	movements	8.875395774841309	7.8358845710754395	3.3546042442321777	5.200354099273682
9	390	that	3.7182631492614746	3.174063205718994	2.516223907470703	2.096572160720825
9	391	result	8.552362442016602	5.732426643371582	4.555877208709717	4.331175804138184
9	392	in	1.5849653482437134	0.676897406578064	0.3127953112125397	0.4747777283191681
9	393	self-harm	14.455483436584473	11.909219741821289	11.678364753723145	9.725631713867188
9	394	such	7.614707946777344	8.217144966125488	7.269446849822998	6.137994766235352
9	395	as	1.0717523097991943	0.13998672366142273	0.09784218668937683	0.07453365623950958
9	396	punching	14.029351234436035	12.212594032287598	6.944671630859375	7.158453941345215
9	397	oneself	9.181721687316895	7.97804594039917	8.543585777282715	2.527981758117676
9	398	in	2.480132579803467	0.4436769187450409	0.24807745218276978	0.3396119475364685
9	399	the	1.3686838150024414	1.309192180633545	0.047157008200883865	0.023362712934613228
9	400	face,	10.310565948486328	8.566699981689453	7.387786865234375	2.8441162109375
9	401	or	4.491302490234375	4.049872398376465	3.974287748336792	3.711873769760132
9	402	vocal	11.23216438293457	10.231800079345703	9.74449348449707	11.598917007446289
9	403	tics	11.477733612060547	6.50651216506958	6.440788745880127	6.385673522949219
9	404	including	7.339122772216797	6.292047023773193	6.258567810058594	5.848125457763672
9	405	coprolalia,	19.413599014282227	6.47818660736084	6.077840805053711	5.6900224685668945
9	406	which	3.2440743446350098	3.3401894569396973	4.020033836364746	4.126215934753418
9	407	involves	6.847549915313721	4.2760329246521	4.474769592285156	3.4574408531188965
9	408	uttering	13.394065856933594	12.064563751220703	5.016610145568848	5.318006992340088
9	409	swear	8.31867504119873	7.863012790679932	8.200008392333984	5.259574890136719
9	410	words,	7.015552520751953	1.7428643703460693	1.6892286539077759	1.5587249994277954
9	411	or	5.543055534362793	4.069084167480469	3.246427536010742	3.019648313522339
9	412	echolalia,	17.726091384887695	14.92116928100586	14.695332527160645	15.203522682189941
9	413	which	3.441844940185547	3.0432443618774414	2.7923479080200195	2.5205869674682617
9	414	involves	6.847549915313721	4.006938457489014	3.6705124378204346	3.7870335578918457
9	415	repeating	9.970605850219727	8.861881256103516	1.6670695543289185	1.0894911289215088
9	416	the	1.4941027164459229	0.6709856986999512	0.8578425049781799	1.7119455337524414
9	417	words	7.481210231781006	4.676717758178711	7.130958080291748	5.993474006652832
9	418	or	4.733492851257324	5.502616882324219	5.349326133728027	3.721019744873047
9	419	phrases	11.178306579589844	2.231811046600342	2.4675793647766113	1.7162541151046753
9	420	of	3.075808048248291	3.0114877223968506	3.597109794616699	2.518070936203003
9	421	others.	9.388787269592285	8.137953758239746	8.65302562713623	7.390286445617676
9	422	Tics	15.584847450256348	15.252076148986816	13.913064002990723	15.074675559997559
9	423	are	3.0508902072906494	1.0297762155532837	0.9023559093475342	0.9306623339653015
9	424	often	4.7881622314453125	4.109102249145508	3.357645034790039	3.1801605224609375
9	425	worse	8.799432754516602	8.22641658782959	5.580082893371582	5.751872539520264
9	426	with	4.652231216430664	3.9559500217437744	4.738633632659912	3.6597647666931152
9	427	excitement	11.061919212341309	11.032194137573242	11.5271635055542	11.233892440795898
9	428	or	4.169132709503174	4.438749313354492	3.49200177192688	2.7402024269104004
9	429	anxiety	9.82442569732666	5.2504987716674805	4.602456092834473	4.293020725250244
9	430	and	1.3009591102600098	3.1593356132507324	3.5023586750030518	3.144909143447876
9	431	better	7.661884307861328	8.227794647216797	8.42082405090332	9.113606452941895
9	432	during	8.065901756286621	8.381380081176758	9.279287338256836	8.320261001586914
9	433	calm,	14.415545463562012	12.236233711242676	12.117477416992188	9.154928207397461
9	434	focused	6.5327019691467285	8.411920547485352	8.153358459472656	8.94765853881836
9	435	activities.	12.19798469543457	10.334930419921875	6.290034770965576	5.070462703704834
9	436	Certain	8.48957347869873	8.528648376464844	8.338689804077148	7.7776079177856445
9	437	physical	7.889142036437988	5.87092924118042	6.05122709274292	5.075949192047119
9	438	experiences	9.266029357910156	8.315511703491211	8.350906372070312	8.10784912109375
9	439	can	5.392232418060303	4.426820278167725	2.385835647583008	2.587700128555298
9	440	trigger	7.42789888381958	6.115915298461914	4.763982772827148	3.0227866172790527
9	441	or	5.076314926147461	5.696269989013672	4.778443813323975	4.451944351196289
9	442	worsen	13.008747100830078	10.62208366394043	4.353546142578125	4.701221466064453
9	443	tics.	16.378055572509766	12.687920570373535	11.1162748336792	10.899751663208008
9	444	For	4.437775611877441	4.409960746765137	4.12437629699707	4.022441387176514
9	445	example,	1.7280898094177246	1.3295515775680542	0.897749125957489	0.6787137985229492
9	446	tight	12.049221992492676	11.407761573791504	10.869926452636719	9.983870506286621
9	447	collars	9.253437042236328	7.085450649261475	7.837221622467041	6.1494574546813965
9	448	may	5.329503059387207	6.205887317657471	3.034324884414673	2.6536006927490234
9	449	trigger	7.561215877532959	7.978968620300293	6.890805244445801	8.904705047607422
9	450	neck	11.387678146362305	11.91417121887207	7.518283367156982	5.532672882080078
9	451	tics,	16.42600440979004	13.124428749084473	11.965621948242188	9.672676086425781
9	452	or	3.6163198947906494	3.6382839679718018	3.4888789653778076	3.5828230381011963
9	453	hearing	9.117584228515625	8.002461433410645	6.968612194061279	7.399013042449951
9	454	another	8.28857135772705	7.331544876098633	7.16957426071167	7.009377956390381
9	455	person	5.074070930480957	3.363798141479492	1.963366150856018	1.5523674488067627
9	456	sniff	15.37790584564209	14.75064468383789	9.618247985839844	9.36479377746582
9	457	or	5.823574542999268	4.600214004516602	3.534045457839966	2.7332701683044434
9	458	throat-clear	21.931798934936523	15.346719741821289	16.664371490478516	16.18580436706543
9	459	may	8.904925346374512	8.55334758758545	7.370861530303955	5.3289475440979
9	460	trigger	7.561215877532959	8.204191207885742	8.242212295532227	7.3500494956970215
9	461	the	2.1580331325531006	1.9234699010849	2.0579490661621094	2.216573715209961
9	462	production	7.725550651550293	5.271762847900391	4.426057815551758	4.96058464050293
9	463	of	1.203766107559204	0.40444374084472656	0.06618183851242065	0.042614880949258804
9	464	similar	8.082324981689453	8.565857887268066	8.208574295043945	7.8327956199646
9	465	sounds.	11.94349193572998	10.381247520446777	8.76018238067627	8.10990047454834
9	466	Tics	14.979334831237793	14.129801750183105	13.937566757202148	14.58143138885498
9	467	come	7.993868827819824	5.140803337097168	5.470017910003662	6.196305751800537
9	468	and	3.4965381622314453	1.5675281286239624	0.8544796705245972	1.1444916725158691
9	469	go	7.108041763305664	2.563028573989868	0.8133584856987	1.1356091499328613
9	470	over	3.9739322662353516	4.510493278503418	5.377650260925293	4.204468727111816
9	471	time,	5.272567272186279	6.141985893249512	7.930098533630371	4.94867467880249
9	472	varying	9.642160415649414	8.578951835632324	9.50351619720459	9.48330020904541
9	473	in	3.974358558654785	2.9833803176879883	2.3342244625091553	2.697316884994507
9	474	type,	13.14907169342041	6.390719413757324	6.992646217346191	6.410698413848877
9	475	frequency,	8.813101768493652	6.386102199554443	5.595879554748535	4.5482683181762695
9	476	location,	7.768221378326416	4.529514789581299	4.360909461975098	4.231779098510742
9	477	and	2.07547664642334	0.5863197445869446	0.9839175343513489	0.7722315192222595
9	478	severity.	12.44023323059082	10.903844833374023	5.614315986633301	4.8716583251953125
9	479	The	1.956063151359558	2.0146071910858154	1.9875813722610474	1.9731191396713257
9	480	first	4.30012845993042	5.004384994506836	4.942499160766602	4.702651023864746
9	481	symptoms	9.891794204711914	9.085633277893066	6.661376953125	5.481789588928223
9	482	Tourette's	19.445491790771484	17.66927719116211	18.14604949951172	18.792465209960938
9	483	patients	4.5045623779296875	5.4868245124816895	4.601133346557617	2.2569241523742676
9	484	experience	8.981740951538086	5.129408359527588	3.410752058029175	2.233124256134033
9	485	usually	9.289161682128906	10.706092834472656	9.955023765563965	7.887493133544922
9	486	occur	5.845839023590088	5.711672306060791	4.484776973724365	4.288375377655029
9	487	in	1.2760716676712036	1.0136648416519165	1.3161821365356445	1.4720852375030518
9	488	the	1.3686838150024414	1.347501516342163	1.2582083940505981	1.0679996013641357
9	489	head	7.258533477783203	8.236920356750488	7.617761611938477	6.188786506652832
9	490	and	2.132467746734619	2.3264646530151367	1.7151529788970947	1.612497329711914
9	491	neck	10.060060501098633	2.08553147315979	1.3922611474990845	1.5604256391525269
9	492	area,	8.673741340637207	6.216304779052734	5.433764457702637	4.166141510009766
9	493	though	6.370144844055176	6.407969951629639	6.232361793518066	6.181965351104736
9	494	they	3.174098014831543	3.4896087646484375	3.472912549972534	3.183236598968506
9	495	may	4.460361957550049	3.0093793869018555	3.2329607009887695	3.021212100982666
9	496	progress	9.589808464050293	9.373638153076172	9.843457221984863	9.079721450805664
9	497	to	3.172814130783081	0.7408559918403625	0.4673919677734375	1.2620105743408203
9	498	include	6.422148704528809	6.5033159255981445	5.159626483917236	5.390893936157227
9	499	muscles	12.273902893066406	11.654304504394531	10.51924991607666	9.008076667785645
9	500	of	2.787987470626831	1.9277769327163696	2.154662609100342	2.122281551361084
9	501	the	1.4737688302993774	0.6426763534545898	0.44093310832977295	0.33942076563835144
9	502	trunk	9.938460350036621	9.858128547668457	5.146146774291992	4.588434219360352
9	503	and	2.1355955600738525	2.1177940368652344	1.8688921928405762	0.559398889541626
9	504	extremities.	13.994514465332031	10.834245681762695	7.973521709442139	6.58176851272583
9	505	The	1.7833836078643799	1.9206464290618896	1.8874249458312988	1.838625431060791
9	506	symptoms	8.62041187286377	5.593011856079102	4.997968673706055	5.03141975402832
9	507	of	1.4903939962387085	1.158125638961792	1.7703745365142822	1.6392216682434082
9	508	Tourette's	15.95907974243164	9.244368553161621	9.037349700927734	9.175676345825195
9	509	are	4.99931526184082	4.763130187988281	3.9166626930236816	2.2864480018615723
9	510	involuntary,	13.849428176879883	8.766233444213867	8.996088981628418	6.7930169105529785
9	511	but	3.325787305831909	2.621748685836792	2.2634735107421875	2.4135496616363525
9	512	there	4.4121479988098145	4.317057132720947	4.3162336349487305	3.71378231048584
9	513	are	1.650263786315918	1.3935823440551758	1.7453396320343018	1.0187889337539673
9	514	some	5.659778594970703	3.153559446334839	2.2989237308502197	2.6188132762908936
9	515	people	4.365118026733398	4.23662805557251	3.7149853706359863	4.1000165939331055
9	516	who	2.091592311859131	2.949211835861206	0.6525914072990417	0.5538944005966187
9	517	can	4.390031337738037	4.412306785583496	4.500040531158447	3.62821888923645
9	518	sometimes	6.639878273010254	7.8638691902160645	8.243919372558594	7.658437728881836
9	519	suppress,	15.15625	14.205689430236816	14.658258438110352	15.163372039794922
9	520	camouflage,	13.55918025970459	11.139946937561035	11.40041732788086	9.700835227966309
9	521	or	3.944951057434082	1.8818247318267822	0.9447157382965088	0.5591943264007568
9	522	otherwise	5.575538635253906	6.006109237670898	1.8242980241775513	2.751432418823242
9	523	manage	9.734389305114746	8.15287971496582	8.818225860595703	6.51543664932251
9	524	their	2.8014004230499268	2.8332929611206055	2.7031280994415283	2.17465877532959
9	525	tics	15.495342254638672	12.810981750488281	13.421981811523438	14.403868675231934
9	526	in	2.7836270332336426	3.2361176013946533	2.6224617958068848	2.494899272918701
9	527	an	4.992198944091797	4.6041154861450195	3.8346378803253174	3.354311943054199
9	528	effort	5.417037487030029	3.4531302452087402	3.0078084468841553	1.5146132707595825
9	529	to	0.9067085981369019	0.1904161423444748	0.02241450361907482	0.017668195068836212
9	530	minimize	8.029908180236816	5.391753673553467	5.045166492462158	4.758228302001953
9	531	their	3.2602322101593018	4.223053455352783	3.78273344039917	4.197428226470947
9	532	impact	7.356442451477051	3.7676544189453125	3.5374250411987305	3.159541368484497
9	533	on	1.09827721118927	0.3134722411632538	0.29652997851371765	0.2260068655014038
9	534	functioning.	14.996760368347168	11.246763229370117	10.868892669677734	11.072673797607422
9	535	However,	3.807504892349243	3.767129898071289	3.5629642009735107	3.9292569160461426
9	536	people	7.784207344055176	6.759382724761963	6.656888484954834	6.516635417938232
9	537	affected	8.85391902923584	7.515625	6.330170154571533	6.09671688079834
9	538	by	0.7201755046844482	0.20677216351032257	0.1816636174917221	0.1860494315624237
9	539	Tourette's	16.523014068603516	12.573101997375488	12.501506805419922	8.615428924560547
9	540	often	7.8416595458984375	8.522133827209473	8.265157699584961	6.887126445770264
9	541	report	8.760951042175293	7.505542755126953	6.308132171630859	5.40297269821167
9	542	a	3.3907470703125	2.7646570205688477	2.6162664890289307	2.439891815185547
9	543	substantial	7.156631946563721	6.094675064086914	5.73461389541626	6.8588032722473145
9	544	buildup	10.555800437927246	10.048372268676758	9.585363388061523	9.358963012695312
9	545	in	3.112130641937256	2.529658317565918	2.668370485305786	2.8524703979492188
9	546	tension	10.823776245117188	8.131378173828125	7.428995132446289	7.761055946350098
9	547	when	5.950026512145996	5.0578742027282715	4.613343715667725	4.843050003051758
9	548	suppressing	11.24554443359375	10.971860885620117	12.153836250305176	12.347097396850586
9	549	their	5.277784824371338	5.5561323165893555	5.266748428344727	4.393268585205078
9	550	tics	15.495342254638672	12.266326904296875	11.219674110412598	9.782306671142578
9	551	to	4.256436347961426	3.5925018787384033	3.4467835426330566	3.7346529960632324
9	552	the	2.180013418197632	2.3198304176330566	2.1511616706848145	2.189831495285034
9	553	point	6.670546054840088	5.72583532333374	3.4780492782592773	3.6055169105529785
9	554	where	3.9322896003723145	2.056711196899414	1.1957013607025146	1.3698961734771729
9	555	they	3.2747652530670166	3.032435894012451	2.940765142440796	2.5562744140625
9	556	often	6.0889434814453125	6.714103698730469	8.279809951782227	8.175948143005371
9	557	feel	6.365594863891602	5.046640396118164	5.63674259185791	4.230031967163086
9	558	that	2.9818785190582275	2.0789380073547363	2.3028130531311035	3.4464948177337646
9	559	the	2.0494112968444824	2.0811238288879395	2.1551239490509033	2.1623106002807617
9	560	tic	14.23595142364502	13.555569648742676	13.657779693603516	14.167455673217773
9	561	must	9.250775337219238	8.779097557067871	7.406139850616455	5.940695285797119
9	562	be	1.0680124759674072	0.6947012543678284	0.7522178888320923	0.8150396347045898
9	563	expressed.	11.55978775024414	11.232206344604492	9.164438247680664	8.965822219848633
9	564	Tics	14.753570556640625	15.369006156921387	16.023107528686523	4.666840553283691
9	565	in	3.1818268299102783	3.682565212249756	3.8854176998138428	4.160244941711426
9	566	response	6.255665302276611	6.928967475891113	5.388113975524902	5.822381496429443
9	567	to	0.9568682909011841	0.03889066353440285	0.03153066337108612	0.06942688673734665
9	568	an	5.522418022155762	3.584301471710205	3.19443941116333	4.49848747253418
9	569	environmental	7.519689559936523	6.930319786071777	5.020963191986084	4.8809685707092285
9	570	trigger	10.4180269241333	6.809377670288086	6.869904518127441	5.499299049377441
9	571	can	6.526551246643066	4.941428184509277	4.7549285888671875	5.255751609802246
9	572	appear	8.104453086853027	6.482083320617676	8.18140697479248	8.087849617004395
9	573	to	1.2038021087646484	1.8451858758926392	2.0847558975219727	1.8490667343139648
9	574	be	3.0100271701812744	0.6920178532600403	0.6646270751953125	0.7768139839172363
9	575	voluntary	11.637580871582031	10.843335151672363	11.200441360473633	10.581619262695312
9	576	or	4.8211212158203125	2.74592661857605	3.1400790214538574	3.0868587493896484
9	577	purposeful,	14.44816780090332	9.549729347229004	11.526692390441895	10.625239372253418
9	578	but	3.191474437713623	3.12599515914917	2.7765345573425293	2.351992607116699
9	579	are	5.209776401519775	4.936275482177734	4.51133394241333	4.9158101081848145
9	580	not.	8.190692901611328	8.37276554107666	6.46285343170166	7.93668270111084
9	581	Many	6.323281764984131	5.838465213775635	5.693963050842285	5.305654525756836
9	582	people	2.8165087699890137	2.639301300048828	2.627967119216919	2.6734626293182373
9	583	with	3.599623441696167	4.687180519104004	4.532844066619873	4.441873550415039
9	584	Tourette's	14.522004127502441	9.27064323425293	7.999658107757568	7.957083225250244
9	585	experience	10.043831825256348	10.287605285644531	6.443474769592285	3.6556856632232666
9	586	additional	9.069406509399414	10.575960159301758	8.467323303222656	6.736126899719238
9	587	neurobehavioral	12.92339038848877	11.492483139038086	10.045297622680664	9.840402603149414
9	588	problems	5.131069660186768	5.164061546325684	4.099318504333496	4.30808162689209
9	589	that	3.13063383102417	3.5519185066223145	3.2042617797851562	3.0817081928253174
9	590	include	7.145242214202881	6.718111038208008	4.287910461425781	4.0906572341918945
9	591	inattention,	16.114891052246094	14.054195404052734	9.585352897644043	4.658299446105957
9	592	hyperactivity	6.168699741363525	2.9460015296936035	3.2020626068115234	3.575342893600464
9	593	and	1.9745839834213257	0.46389681100845337	0.3328334391117096	0.32212692499160767
9	594	impulsivity.	14.149057388305664	4.205700397491455	2.049372434616089	1.844591736793518
9	595	People	6.5835113525390625	6.386050701141357	6.793792724609375	7.16612434387207
9	596	with	4.353832244873047	0.5870660543441772	0.5988513231277466	0.3742368817329407
9	597	Tourette's	14.522004127502441	8.864689826965332	8.538812637329102	7.698538303375244
9	598	have	6.046875953674316	6.022395133972168	2.839104652404785	2.3446640968322754
9	599	also	4.637343406677246	4.161533355712891	3.928635597229004	5.045535087585449
9	600	reported	5.6083831787109375	4.472149848937988	3.6881604194641113	2.46565580368042
9	601	problems	8.069250106811523	7.977740287780762	7.275388717651367	5.312393665313721
9	602	with	2.0633862018585205	0.7468987703323364	0.5037214756011963	0.4960170090198517
9	603	depression	9.561561584472656	9.032892227172852	8.151298522949219	7.916561603546143
9	604	or	3.530806303024292	3.0309815406799316	2.8913679122924805	2.923060417175293
9	605	anxiety	9.82442569732666	2.1268601417541504	1.8452032804489136	1.7068387269973755
9	606	disorders,	5.749758720397949	3.660879135131836	3.918820381164551	4.121118545532227
9	607	as	3.9394171237945557	3.921830415725708	3.371264934539795	3.2462141513824463
9	608	well	2.871506690979004	0.48684340715408325	0.6561707854270935	0.6950024366378784
9	609	as	0.8789721727371216	0.08448511362075806	0.01429238822311163	0.012337964028120041
9	610	other	6.708698272705078	4.006992340087891	4.146902084350586	3.2085654735565186
9	611	difficulties	9.633100509643555	9.912751197814941	9.029901504516602	8.974780082702637
9	612	Tourette's	21.998329162597656	19.758102416992188	17.189687728881836	17.38872718811035
9	613	syndrome	1.9870612621307373	1.6535331010818481	1.4800742864608765	1.4571341276168823
9	614	may	5.318484783172607	4.171304702758789	3.95121431350708	2.1448965072631836
9	615	or	6.191802501678467	7.905799388885498	6.165651321411133	6.899349212646484
9	616	may	6.4573516845703125	0.023461926728487015	0.03505158796906471	0.006642051972448826
9	617	not	2.285574436187744	0.758382260799408	0.01723187044262886	0.00903057586401701
9	618	directly	6.572147846221924	6.995689392089844	7.877918243408203	7.843636512756348
9	619	cause.	12.862889289855957	12.435338973999023	12.078314781188965	8.503009796142578
9	620	Tourette's	15.463973999023438	14.506173133850098	14.572455406188965	13.737264633178711
9	621	is	3.3563437461853027	2.4638373851776123	2.0453662872314453	2.0861639976501465
9	622	a	2.231854200363159	1.4742062091827393	1.1484283208847046	1.1925451755523682
9	623	diagnosis	9.013537406921387	9.868484497070312	6.404496192932129	6.659455299377441
9	624	doctors	11.840896606445312	13.81297492980957	10.819334030151367	8.577625274658203
9	625	make	6.779719352722168	5.934263229370117	3.798555850982666	3.163431167602539
9	626	after	8.993929862976074	8.273988723754883	6.12285852432251	4.0125627517700195
9	627	verifying	11.284646987915039	11.862524032592773	9.838637351989746	8.329244613647461
9	628	that	2.5095765590667725	1.3806838989257812	1.6038830280303955	1.970745325088501
9	629	the	2.0494112968444824	1.1376298666000366	0.9083053469657898	1.087024450302124
9	630	patient	7.42983341217041	6.7289719581604	7.070516109466553	5.913553714752197
9	631	has	4.806102275848389	3.9252068996429443	2.501584053039551	1.7484906911849976
9	632	had	5.333587646484375	3.8274757862091064	3.599365234375	3.2128360271453857
9	633	both	7.115050315856934	6.56643533706665	5.7691216468811035	6.215876579284668
9	634	motor	8.741398811340332	8.990906715393066	8.910357475280762	8.47479248046875
9	635	and	2.4719738960266113	0.845016598701477	0.3574276268482208	0.3259475827217102
9	636	vocal	11.228348731994629	6.130178451538086	5.22368860244751	4.668478488922119
9	637	tics	11.477733612060547	6.471650123596191	6.310108184814453	6.508444786071777
9	638	for	4.5090742111206055	4.798467636108398	4.685791969299316	4.315077781677246
9	639	at	6.94445276260376	4.091472148895264	3.795241594314575	2.8699352741241455
9	640	least	3.3008813858032227	0.22910545766353607	0.014002669602632523	0.005689897108823061
9	641	one	2.127257823944092	1.6339070796966553	2.176038980484009	2.3344390392303467
9	642	year.	7.060265064239502	7.419286727905273	7.3129730224609375	3.548938512802124
9	643	The	2.1049773693084717	1.9483174085617065	1.9693071842193604	2.020901679992676
9	644	existence	8.025405883789062	9.02217960357666	8.105420112609863	7.887302875518799
9	645	of	0.39359742403030396	0.07125091552734375	0.05821820721030235	0.0587557852268219
9	646	other	6.2993316650390625	5.53585147857666	5.4270405769348145	5.466364860534668
9	647	neurological	10.338094711303711	8.633770942687988	9.570995330810547	8.939870834350586
9	648	or	5.204278469085693	3.990497589111328	4.274607181549072	3.9216036796569824
9	649	psychiatric	10.246047019958496	2.0901739597320557	0.9401923418045044	1.0072320699691772
9	650	conditions	5.242012023925781	4.156982421875	3.15968918800354	2.4065494537353516
9	651	can	4.676761627197266	4.7003607749938965	4.448070526123047	4.984315872192383
9	652	also	3.3462796211242676	3.673255443572998	2.7756686210632324	2.338710308074951
9	653	help	6.360499858856201	4.2559614181518555	4.898997783660889	4.739684104919434
9	654	doctors	9.733073234558105	8.068376541137695	8.404311180114746	7.350760459899902
9	655	establish	9.280986785888672	7.0776166915893555	6.199299335479736	6.248027801513672
9	656	the	1.715623140335083	2.113604784011841	1.7170748710632324	1.8528249263763428
9	657	diagnosis	8.455416679382324	6.094534873962402	2.325961112976074	2.116955280303955
9	658	of	0.967900812625885	0.36605244874954224	0.36018604040145874	0.7320219874382019
9	659	Tourette's	15.95907974243164	10.594626426696777	10.743804931640625	10.604010581970215
9	660	is	3.3563437461853027	3.747744083404541	4.735297203063965	5.449851989746094
9	661	the	2.4716873168945312	3.05232834815979	3.210745334625244	3.3305797576904297
9	662	correct	8.022782325744629	6.063127040863037	6.367776870727539	7.603726387023926
9	663	one.	7.3670549392700195	5.789875030517578	4.581713676452637	5.0081682205200195
9	664	Knowledgeable	13.587800025939941	13.161970138549805	13.448373794555664	13.789668083190918
9	665	clinicians	9.008993148803711	6.467519760131836	5.602077484130859	5.879266738891602
9	666	consulted	11.06571102142334	8.250866889953613	8.519280433654785	8.288846969604492
9	667	by	3.7718544006347656	3.012817144393921	2.5974173545837402	2.8119964599609375
9	668	patients	7.912955284118652	6.113383769989014	3.483415126800537	3.397571563720703
9	669	do	7.18523645401001	8.487211227416992	8.68720817565918	7.309887409210205
9	670	not	1.803044080734253	0.21025310456752777	0.1528344452381134	0.19076594710350037
9	671	often	7.108003616333008	6.836665153503418	6.222647190093994	5.472635269165039
9	672	misdiagnose	14.98042106628418	17.066143035888672	14.259617805480957	12.310222625732422
9	673	common	7.141693115234375	6.844081878662109	7.931451797485352	7.386213302612305
9	674	tics.	16.18536949157715	12.173439979553223	12.389071464538574	12.324941635131836
9	675	However,	4.305670738220215	4.091009616851807	3.7821264266967773	3.94234037399292
9	676	atypical	10.870638847351074	8.28150463104248	7.632752418518066	7.360257148742676
9	677	symptoms	5.171544075012207	4.271574974060059	3.6259734630584717	3.5194568634033203
9	678	or	4.624715328216553	3.6488778591156006	3.196026563644409	4.530441761016846
9	679	atypical	11.79171371459961	7.504134178161621	4.52598762512207	3.7659614086151123
9	680	presentation	8.748239517211914	4.7601470947265625	3.3621666431427	3.1926169395446777
9	681	such	6.677189826965332	5.763927936553955	4.934959888458252	4.478270053863525
9	682	as	1.0717523097991943	0.191640242934227	0.06041737645864487	0.03593476116657257
9	683	onset	12.188451766967773	10.965954780578613	9.74425983428955	7.727907657623291
9	684	of	0.6074232459068298	0.8423727750778198	0.7747923731803894	0.9691572189331055
9	685	symptoms	9.543167114257812	3.7643961906433105	3.290445327758789	3.9682626724243164
9	686	in	2.6886026859283447	2.6129932403564453	2.7239723205566406	3.243053674697876
9	687	adulthood	11.080684661865234	8.439966201782227	8.189962387084961	7.585563659667969
9	688	may	6.008842468261719	4.083624362945557	3.3740200996398926	3.508589506149292
9	689	require	5.973774433135986	5.1983442306518555	5.034516334533691	5.342972755432129
9	690	specialty	9.455188751220703	9.579690933227539	9.820645332336426	10.938729286193848
9	691	expertise	10.130646705627441	5.682290077209473	5.374424934387207	5.353314399719238
9	692	for	3.51338791847229	3.668229103088379	3.03894305229187	2.948586940765381
9	693	diagnosis.	10.780187606811523	8.815279960632324	8.842164039611816	4.775768280029297
9	694	There	4.624430179595947	4.73070764541626	4.7569780349731445	4.460371494293213
9	695	are	1.1163549423217773	1.5218247175216675	1.1538922786712646	1.1076948642730713
9	696	no	4.766110897064209	2.6010284423828125	2.0914220809936523	2.30125093460083
9	697	blood	8.32939624786377	8.431233406066895	8.116301536560059	7.533052444458008
9	698	or	5.333717346191406	3.206510305404663	3.2366793155670166	3.1458492279052734
9	699	laboratory	10.28880786895752	9.768813133239746	10.703461647033691	10.339075088500977
9	700	tests	4.238561630249023	3.1448936462402344	2.0922975540161133	2.345686912536621
9	701	needed	7.745424747467041	7.361213207244873	6.474079132080078	6.364937782287598
9	702	for	2.3711531162261963	1.4129120111465454	1.2853162288665771	1.5407543182373047
9	703	diagnosis.	10.780187606811523	9.047122955322266	5.275063514709473	4.002004623413086
9	704	However,	3.9372401237487793	3.587752342224121	3.4724185466766357	3.8771653175354004
9	705	neuroimaging	11.852347373962402	8.953987121582031	9.297435760498047	9.716805458068848
9	706	studies,	4.161456108093262	5.729621410369873	6.291604042053223	6.503233909606934
9	707	which	3.4379851818084717	3.0108325481414795	2.3224172592163086	2.757582187652588
9	708	include	5.639692306518555	4.304529666900635	5.2556562423706055	4.449348449707031
9	709	magnetic	8.434319496154785	7.616693496704102	7.307239532470703	5.133372783660889
9	710	resonance	2.6892151832580566	1.2749296426773071	1.4412052631378174	0.7148357629776001
9	711	imaging,	3.836130142211914	3.23616886138916	1.5710700750350952	1.594794750213623
9	712	computerized	7.703554630279541	5.728549480438232	5.391042709350586	3.3162894248962402
9	713	tomography,	5.561263084411621	1.2740044593811035	0.8313225507736206	0.74275141954422
9	714	and	2.1725590229034424	1.9938794374465942	1.0279760360717773	0.8964976668357849
9	715	electroencephalograms,	17.090993881225586	13.768841743469238	12.039825439453125	12.388160705566406
9	716	as	4.245658874511719	3.329460620880127	2.6177470684051514	2.5457310676574707
9	717	well	2.871506690979004	0.545773983001709	0.16384504735469818	0.1325475424528122
9	718	as	0.8789721727371216	0.08448511362075806	0.014344584196805954	0.010661404579877853
9	719	certain	8.39906120300293	7.178220272064209	7.247963905334473	7.129490852355957
9	720	lab	11.131872177124023	10.78881549835205	9.986205101013184	10.034500122070312
9	721	tests	5.088385581970215	2.793651580810547	2.1829419136047363	3.0782108306884766
9	722	may	5.043707370758057	4.758660316467285	5.105251312255859	3.072418689727783
9	723	be	1.1618680953979492	0.7333801984786987	1.0756553411483765	0.9035496711730957
9	724	used	4.551863670349121	3.339745283126831	2.2895095348358154	3.385343074798584
9	725	to	1.3424142599105835	0.9321147203445435	0.8444679975509644	0.4937452971935272
9	726	rule	8.324000358581543	7.970103740692139	8.217391967773438	9.203060150146484
9	727	out	3.08321475982666	1.010819673538208	2.4587881565093994	0.4318395256996155
9	728	other	7.503226280212402	3.7913286685943604	2.8732810020446777	3.1918649673461914
9	729	conditions	7.097661018371582	7.881950855255127	5.064074993133545	4.043872833251953
9	730	that	3.3925726413726807	2.445725440979004	1.6131116151809692	1.0036512613296509
9	731	Tourette's	17.4887638092041	16.419252395629883	15.634099006652832	15.460892677307129
9	732	might	8.001333236694336	6.486143589019775	5.568374156951904	4.568213939666748
9	733	be	1.3329665660858154	0.8901015520095825	0.7222998142242432	1.2048600912094116
9	734	confused	7.562291622161865	7.438132286071777	7.556602478027344	7.1458611488342285
9	735	with.	8.069491386413574	6.579141616821289	6.431498050689697	7.430593490600586
9	736	In	3.7801151275634766	3.396207809448242	3.2863221168518066	3.273611545562744
9	737	terms	5.902942657470703	5.125206470489502	5.307989120483398	5.285238265991211
9	738	of	0.622969925403595	0.007870201021432877	0.011455276049673557	0.017095401883125305
9	739	the	1.4737688302993774	1.32393479347229	1.4689970016479492	1.9299362897872925
9	740	role	7.2294392585754395	8.262298583984375	9.007987976074219	7.844902992248535
9	741	of	1.2309075593948364	0.15405498445034027	0.30682265758514404	0.5818961262702942
9	742	genes	8.576569557189941	7.185555458068848	7.773692607879639	7.455952167510986
9	743	in	2.219433307647705	2.4594883918762207	0.9686671495437622	0.7914885878562927
9	744	the	1.3686838150024414	1.3741375207901	1.1093395948410034	1.5022999048233032
9	745	disorder,	12.53091049194336	12.255804061889648	12.112391471862793	11.58316421508789
9	746	evidence	9.004880905151367	8.890151977539062	8.945606231689453	7.85915470123291
9	747	from	3.986222743988037	2.692416191101074	2.541529417037964	2.774892807006836
9	748	twin	11.68592357635498	10.216650009155273	4.568805694580078	4.829255104064941
9	749	and	3.6278679370880127	4.142029285430908	2.035006046295166	1.1031312942504883
9	750	family	8.323396682739258	6.815276145935059	3.3528892993927	1.1898986101150513
9	751	studies	7.840645790100098	7.940396308898926	4.548798084259033	1.5309815406799316
9	752	suggests	6.670810222625732	6.4156718254089355	6.011682510375977	5.274290561676025
9	753	that	0.4882778227329254	0.22114217281341553	0.33429160714149475	0.33642712235450745
9	754	Tourette's	17.4887638092041	13.675724983215332	12.648054122924805	10.617719650268555
9	755	is	3.3563437461853027	2.052675724029541	2.1014866828918457	2.1319775581359863
9	756	an	4.207502841949463	3.1485633850097656	3.013404369354248	3.1716420650482178
9	757	inherited	9.427982330322266	7.712578773498535	2.504795789718628	2.7851037979125977
9	758	disorder.	10.323057174682617	5.4564337730407715	5.777408599853516	4.186692237854004
9	759	Although	4.716219902038574	4.60182523727417	4.6640543937683105	4.4577717781066895
9	760	early	7.447599411010742	7.116090297698975	6.403419494628906	6.4196977615356445
9	761	family	9.476117134094238	9.093147277832031	6.651473045349121	7.456151008605957
9	762	studies	7.840645790100098	6.912207126617432	3.212214469909668	2.003775119781494
9	763	suggested	6.236522197723389	6.230424404144287	4.4963765144348145	1.9959113597869873
9	764	an	4.964827537536621	4.089123725891113	3.188478469848633	2.5582685470581055
9	765	autosomal	9.161089897155762	7.801210880279541	7.474027156829834	1.5251543521881104
9	766	dominant	0.9913252592086792	0.8863381147384644	1.1254868507385254	0.8094246983528137
9	767	mode	5.239141464233398	5.3905110359191895	4.191655158996582	1.465675711631775
9	768	of	1.7186638116836548	0.9522370100021362	0.15224342048168182	0.04177115485072136
9	769	inheritance	11.870219230651855	6.757331848144531	5.929551601409912	1.0407408475875854
9	770	characterized	11.630475044250488	10.158985137939453	7.3369550704956055	7.679699897766113
9	771	the	3.352649450302124	3.3692359924316406	2.9170475006103516	4.269329071044922
9	772	condition,	11.459765434265137	9.278118133544922	9.247291564941406	9.3848295211792
9	773	more	7.163118362426758	7.288084983825684	7.521007061004639	7.240228652954102
9	774	recent	5.352744102478027	5.230430603027344	5.73101282119751	4.570767402648926
9	775	studies	3.6373066902160645	2.9214441776275635	1.570814609527588	1.7189280986785889
9	776	discovered	9.300812721252441	8.079235076904297	8.932083129882812	8.315062522888184
9	777	the	2.4904210567474365	2.8794467449188232	2.5205132961273193	2.5616109371185303
9	778	pattern	8.42818546295166	7.631363391876221	7.2961883544921875	8.52644157409668
9	779	of	1.3274593353271484	0.9746970534324646	1.1138882637023926	0.7225061655044556
9	780	inheritance	11.870219230651855	7.215177059173584	6.917086124420166	7.257192611694336
9	781	was	4.0490522384643555	4.627160549163818	3.623317003250122	3.5600662231445312
9	782	much	6.115839004516602	6.277047157287598	5.967352867126465	7.894138336181641
9	783	more	2.429309368133545	1.643936276435852	1.4272218942642212	1.5024226903915405
9	784	complex.	8.249557495117188	6.759194374084473	6.782346248626709	5.061836242675781
9	785	Although	5.210789203643799	5.6607208251953125	5.63716459274292	5.381255149841309
9	786	there	3.8148608207702637	3.3165388107299805	3.163004159927368	3.094168186187744
9	787	may	4.642501354217529	3.5534744262695312	4.035064220428467	3.7496118545532227
9	788	be	1.1618680953979492	0.29711705446243286	0.2245568037033081	0.16597303748130798
9	789	a	2.8710103034973145	3.0431172847747803	1.5038169622421265	1.9069541692733765
9	790	few	4.649507522583008	5.716745376586914	5.383693695068359	4.07951545715332
9	791	genes	8.418678283691406	8.520711898803711	8.58078384399414	8.297650337219238
9	792	that	3.126352310180664	2.556014060974121	1.9459710121154785	1.008131742477417
9	793	have	5.135519027709961	2.925246477127075	2.3794679641723633	2.5884010791778564
9	794	substantial	8.445783615112305	8.477523803710938	7.407892227172852	7.574347496032715
9	795	effects,	10.384642601013184	7.695751190185547	7.307803153991699	6.114899635314941
9	796	it's	7.336786270141602	8.07756233215332	7.489086151123047	7.093785285949707
9	797	also	5.046999931335449	3.765178680419922	3.779561996459961	3.8176722526550293
9	798	possible	5.184714317321777	3.0338358879089355	2.6816811561584473	2.120826005935669
9	799	that	2.803708791732788	0.9690636396408081	0.961726188659668	0.713474452495575
9	800	many	5.810966968536377	5.910270690917969	6.231634616851807	6.4223785400390625
9	801	genes	7.9667649269104	6.237874984741211	4.874186992645264	4.716123580932617
9	802	with	3.709886312484741	3.5073561668395996	3.9236817359924316	3.4688382148742676
9	803	smaller	7.797654151916504	7.553994178771973	7.236907005310059	7.204520225524902
9	804	effects	8.255295753479004	6.457573413848877	3.416762590408325	2.401080846786499
9	805	and	3.3796629905700684	3.893423557281494	3.6411664485931396	2.9638071060180664
9	806	environmental	8.217036247253418	7.139225959777832	8.524377822875977	9.690993309020996
9	807	factors	3.0624301433563232	2.9575586318969727	3.145594596862793	2.578610897064209
9	808	may	5.016496658325195	4.147711753845215	3.802442789077759	4.216213703155518
9	809	play	5.769183158874512	2.97721791267395	2.646148681640625	2.794800281524658
9	810	a	1.9937331676483154	0.520193874835968	0.42852330207824707	0.4739536643028259
9	811	role	7.3846917152404785	1.5407835245132446	0.536416232585907	0.4362063407897949
9	812	in	0.9240859150886536	0.5056563019752502	0.09244359284639359	0.06879407167434692
9	813	the	1.3686838150024414	1.1184616088867188	1.2339097261428833	1.172396183013916
9	814	development	6.621616840362549	6.33043909072876	2.80133056640625	2.786222457885742
9	815	of	0.8288893699645996	0.1511024385690689	0.13068735599517822	0.10764287412166595
9	816	Tourette's.	18.778553009033203	15.481228828430176	15.59094524383545	14.346607208251953
9	817	Genetic	8.459129333496094	8.14125919342041	7.137763023376465	6.522967338562012
9	818	studies	3.8138225078582764	2.17707896232605	1.8277902603149414	1.6498712301254272
9	819	also	4.968644142150879	4.592343330383301	4.017189025878906	3.727315902709961
9	820	suggest	6.896625518798828	2.311215877532959	1.840958833694458	1.907116174697876
9	821	that	0.5420523285865784	0.5035806894302368	0.22045806050300598	0.40039798617362976
9	822	some	6.171815872192383	5.280406951904297	4.676769733428955	4.822065830230713
9	823	forms	7.49845552444458	6.793223857879639	5.715823650360107	5.733818531036377
9	824	of	1.0129735469818115	0.1399998515844345	0.08570484817028046	0.025986770167946815
9	825	Attention	13.399959564208984	11.50672721862793	11.802011489868164	10.749204635620117
9	826	Deficit	3.2203421592712402	2.3611598014831543	0.39166322350502014	0.1866891086101532
9	827	Hyperactivity	4.4867377281188965	0.5515913963317871	0.23668131232261658	0.2708686888217926
9	828	Disorder	1.395092487335205	0.5874291658401489	0.3926039934158325	0.36282777786254883
9	829	and	2.5157992839813232	2.3703982830047607	2.490455389022827	3.0435190200805664
9	830	Obsessive	15.592429161071777	5.282742500305176	4.983025550842285	5.224898815155029
9	831	Compulsive	0.4009423851966858	0.10978034138679504	0.04982304573059082	0.03847558796405792
9	832	Disorder	2.9408509731292725	0.6047602891921997	0.9291218519210815	0.9117952585220337
9	833	are	5.952610492706299	4.984590530395508	4.88557243347168	4.2582268714904785
9	834	genetically	10.301980972290039	8.358366966247559	8.839018821716309	8.296294212341309
9	835	related	4.2332444190979	3.402573585510254	3.431558847427368	3.381941795349121
9	836	to	0.5535228252410889	0.8801862597465515	0.3966232240200043	0.6986932754516602
9	837	Tourette's,	19.204402923583984	15.030168533325195	13.790117263793945	12.756010055541992
9	838	but	3.7303273677825928	2.7701289653778076	2.4520692825317383	2.3159735202789307
9	839	there	4.4121479988098145	4.014473915100098	3.951509714126587	3.3954620361328125
9	840	is	1.3540716171264648	1.253717303276062	1.4114370346069336	1.4288493394851685
9	841	less	5.934934616088867	6.028716087341309	6.30519962310791	5.876575469970703
9	842	evidence	8.054807662963867	8.162668228149414	4.403967380523682	3.836042881011963
9	843	for	2.761106491088867	1.9631582498550415	1.6553375720977783	1.5429767370224
9	844	a	2.5906777381896973	2.0545125007629395	2.023437023162842	2.0459506511688232
9	845	genetic	9.7244291305542	9.395566940307617	4.745655536651611	4.187435150146484
9	846	relationship	5.687906265258789	5.008492946624756	4.887457847595215	4.0080766677856445
9	847	between	0.8766531348228455	0.7295910120010376	0.9093035459518433	0.7717245221138
9	848	Tourette's	16.705215454101562	12.005967140197754	11.114030838012695	9.86595344543457
9	849	and	3.0129499435424805	1.3732322454452515	1.1368048191070557	1.3425434827804565
9	850	other	5.0223517417907715	3.580004930496216	3.72774076461792	3.3190419673919678
9	851	neurobehavioral	12.482662200927734	11.8281831741333	5.796060085296631	5.012907028198242
9	852	problems	5.131069660186768	5.34127140045166	4.754918098449707	4.935767650604248
9	853	that	3.13063383102417	3.5519185066223145	3.025063991546631	3.0144920349121094
9	854	Tourette's	17.4887638092041	17.406400680541992	15.58202838897705	14.824705123901367
9	855	commonly	10.519227981567383	10.008111000061035	8.766679763793945	8.635072708129883
9	856	co-occurs	16.991762161254883	4.4367218017578125	3.3449864387512207	6.482142448425293
9	857	with.	7.617486000061035	8.218164443969727	9.721746444702148	9.19870662689209
9	858	An	6.431797027587891	5.469056129455566	5.45172119140625	6.291487693786621
9	859	important	4.671494483947754	4.0151214599609375	3.4270076751708984	3.0998892784118652
9	860	role	3.033708095550537	4.539451599121094	5.317352294921875	5.737238883972168
9	861	in	0.9240859150886536	0.252970814704895	1.0514097213745117	1.5266207456588745
9	862	Tourette's	17.4575252532959	15.18093204498291	13.990931510925293	13.407347679138184
9	863	gene	9.657316207885742	11.48336124420166	9.563179969787598	10.100979804992676
9	864	expression	1.3489311933517456	3.888312339782715	2.378584623336792	1.9122161865234375
9	865	is	3.6378040313720703	3.5446484088897705	3.0913686752319336	3.5440800189971924
9	866	played	9.130714416503906	9.65917682647705	10.374247550964355	11.628822326660156
9	867	by	2.897533893585205	1.716456651687622	1.7910760641098022	0.8321324586868286
9	868	the	1.6374341249465942	1.7016205787658691	2.198918581008911	1.2255910634994507
9	869	sex	9.887375831604004	10.097241401672363	9.566259384155273	10.410426139831543
9	870	of	4.34169864654541	2.4028162956237793	1.5678660869598389	2.3342387676239014
9	871	the	1.4737688302993774	0.812088131904602	0.5408709049224854	0.26718220114707947
9	872	person.	11.18923568725586	10.376449584960938	6.501308441162109	7.161012172698975
9	873	In	3.515904664993286	3.1972694396972656	3.0654196739196777	3.0663814544677734
9	874	particular,	4.058396339416504	4.410213470458984	4.71955680847168	4.306487083435059
9	875	males	10.457502365112305	10.230895042419434	9.26186466217041	9.409058570861816
9	876	affected	9.825617790222168	7.921597480773926	7.793036460876465	7.9384989738464355
9	877	by	0.7201755046844482	0.7353728413581848	0.7368025779724121	0.823196530342102
9	878	the	1.6374341249465942	1.2628740072250366	2.340480327606201	2.3176429271698
9	879	gene	8.791259765625	9.579534530639648	8.869466781616211	6.347476959228516
9	880	are	5.94931697845459	6.126471519470215	6.403909206390381	5.21076774597168
9	881	more	4.59915828704834	5.284120559692383	4.956760883331299	4.864458084106445
9	882	likely	3.7398455142974854	1.8862789869308472	1.7049891948699951	1.3849812746047974
9	883	to	0.880936324596405	0.3349933326244354	0.0652938187122345	0.07212014496326447
9	884	have	4.3862786293029785	2.6235737800598145	2.483335256576538	2.4703547954559326
9	885	tics	16.260589599609375	14.558853149414062	12.52306842803955	11.41967487335205
9	886	and	1.5978281497955322	1.414773941040039	1.4060862064361572	1.8391984701156616
9	887	females	10.008185386657715	13.869277954101562	12.574069023132324	12.910089492797852
9	888	who	3.98995041847229	3.6433286666870117	3.4265565872192383	3.8499679565429688
9	889	have	3.0338072776794434	2.3933377265930176	2.2773683071136475	1.6904411315917969
9	890	a	2.0847954750061035	3.1441640853881836	2.637363910675049	2.6081714630126953
9	891	genetic	9.7244291305542	8.4725923538208	6.045640468597412	4.600930213928223
9	892	predisposition	6.118062973022461	3.1864631175994873	1.6997556686401367	0.860993504524231
9	893	are	6.627305507659912	5.082845687866211	5.846158981323242	6.998561382293701
9	894	more	4.59915828704834	3.6287612915039062	3.946664571762085	2.9032325744628906
9	895	likely	3.7398455142974854	1.8862789869308472	0.9002280235290527	1.057727575302124
9	896	to	0.880936324596405	0.3349933326244354	0.0652938187122345	0.03691355884075165
9	897	have	4.3862786293029785	2.6235737800598145	2.483335256576538	2.4703547954559326
9	898	obsessive-compulsive	13.846564292907715	13.54819107055664	11.67956829071045	10.915308952331543
9	899	symptoms.	5.0931596755981445	4.6363630294799805	4.003278732299805	3.2920444011688232
9	900	Much	8.745447158813477	9.1781587600708	8.517553329467773	8.757201194763184
9	901	current	9.55790901184082	6.764395713806152	6.487488746643066	6.970497131347656
9	902	research	5.81162166595459	2.9625439643859863	0.5719856023788452	0.42547282576560974
9	903	is	2.977410316467285	2.7724454402923584	1.7623744010925293	1.346366286277771
9	904	aimed	9.07845687866211	5.2847113609313965	4.106357097625732	3.304851770401001
9	905	at	0.42545777559280396	0.21817845106124878	0.15666092932224274	0.14494557678699493
9	906	better	8.459006309509277	6.659081935882568	6.581268310546875	4.815445899963379
9	907	understanding	4.0145583152771	3.357999324798584	1.3657934665679932	1.1075485944747925
9	908	the	2.3286826610565186	2.951822280883789	1.075513482093811	0.6525839567184448
9	909	genetic	9.795232772827148	5.400881767272949	5.380364894866943	5.012213706970215
9	910	basis	4.741436004638672	2.8855772018432617	1.156637191772461	1.328917145729065
9	911	and	3.594827651977539	3.610931158065796	4.248825550079346	3.855226993560791
9	912	symptomology	16.069215774536133	15.708964347839355	10.828888893127441	9.8300199508667
9	913	of	1.4404122829437256	1.5713874101638794	1.4840248823165894	0.5279165506362915
9	914	Tourette's,	18.42406463623047	11.52641487121582	13.140279769897461	13.216584205627441
9	915	as	4.699560165405273	4.225224494934082	3.43922758102417	2.9751384258270264
9	916	well	2.871506690979004	0.8226406574249268	1.0665289163589478	0.8636448383331299
9	917	as	0.8789721727371216	0.08448511362075806	0.014469131827354431	0.01451365277171135
9	918	its	6.113095283508301	4.6655755043029785	4.806015968322754	6.0912017822265625
9	919	relationship	6.81624698638916	8.088495254516602	5.445263385772705	5.252384662628174
9	920	to	2.9668147563934326	0.7909153699874878	0.6843217611312866	0.7467713356018066
9	921	related	10.894657135009766	9.25695514678955	9.502548217773438	9.166800498962402
9	922	disorders.	10.07172679901123	7.941400527954102	7.822726249694824	5.9918131828308105
9	923	The	2.10433030128479	2.077908515930176	2.161642551422119	2.170355796813965
9	924	hope	9.345537185668945	8.575971603393555	8.751317024230957	8.500765800476074
9	925	is	3.9973435401916504	0.8269516229629517	0.5265599489212036	0.4333077669143677
9	926	that	4.293676376342773	0.7616350054740906	0.4107517898082733	0.25642848014831543
9	927	this	4.557965278625488	4.042606353759766	2.5686328411102295	2.0760231018066406
9	928	research	6.741232872009277	6.616898536682129	6.616467475891113	5.081388473510742
9	929	leads	7.397968769073486	8.585755348205566	7.479710102081299	7.09953498840332
9	930	to	0.30618906021118164	0.5372259616851807	0.49461036920547485	0.2902212142944336
9	931	better	7.488462448120117	5.462491989135742	3.508685350418091	3.778686046600342
9	932	diagnostic	8.312939643859863	8.811591148376465	6.771274566650391	5.512063503265381
9	933	tools	3.3067519664764404	2.687817335128784	2.8913345336914062	4.482906818389893
9	934	and	2.009525775909424	2.3459720611572266	1.6047351360321045	0.9806208610534668
9	935	better	7.661884307861328	8.03521728515625	7.208643913269043	3.1756808757781982
9	936	treatments	9.41615104675293	6.879067897796631	6.75732421875	3.6795883178710938
9	937	for	2.319709539413452	1.1877882480621338	1.1188163757324219	1.0134726762771606
9	938	Tourette's.	18.845012664794922	13.211079597473145	12.614058494567871	13.294696807861328
